id,platform,title,url,transaction_type,house_type,city,quartier,price_raw,price_mad,surface_m2,bedrooms,bathrooms,features,description,main_image,images_count,seller_type,scraped_at
58729651,avito,Terrains à vendre – Marrakech,https://www.avito.ma/fr/route_de_casablanca/terrains_et_fermes/Terrains_à_vendre___Marrakech_58729651.htm,Vente,Terrain,Marrakech,Route de Casablanca,480 000 DH,480000,80,,,,"Découvrez DYAR EL WAHA à Wahat Sidi Brahim, Marrakech, à proximité du Grand Stade. Des terrains pour habitation et commerce sont disponibles, avec des superficies allant de 80 m² à 160 m². avec facilités de paiement. Pour plus d’informations sur les lots disponibles, les prix et les conditions de réservation, contactez-nous.",https://content.avito.ma/classifieds/images/10155703401?t=images,4,Professionnel,2026-09-30
56407300,avito,Terrain 14km Stade Marrakech,https://www.avito.ma/fr/route_de_casablanca/terrains_et_fermes/Terrain_14km_Stade_Marrakech_56407300.htm,Vente,Terrain,Marrakech,Route de Casablanca,500 000 DH,500000,5000,,,,Terrain 14km Stade Marrakech,https://content.avito.ma/classifieds/images/10134438114?t=images,3,Professionnel,2026-09-30
58712790,avito,LOCAL / SHOWROOM PREMIUM SIDI GHANEM MARRAKECH,https://www.avito.ma/fr/zone_industrielle_sidi_ghanem/local/LOCAL___SHOWROOM_PREMIUM_SIDI_GHANEM_MARRAKECH_58712790.htm,Location,Commerce,Marrakech,Zone Industrielle Sidi Ghanem,,,1000,,,,"- 1000 mètre carré très bien situé dans le quartier industriel de Sidi Ghanem (Marrakech)

- Entièrement rénové depuis 2024

- Design et architecture unique à Marrakech

- Parfait pour :

 Showroom pour objets de décoration, articles d'artisanat, mobilier ou Électroménager / Luminaire.

 Disponibilité immédiate.

 Prix et conditions sur demande.",https://content.avito.ma/classifieds/images/10155575280?t=images,6,Particulier,2026-09-30
58269406,avito,Appartement à louer Gueliz,https://www.avito.ma/fr/guéliz/appartements/Appartement_à_louer_Gueliz_58269406.htm,Location,Appartement,Marrakech,Guéliz,400 DH,400,,1,1,"Ascenseur, Meublé","Appartement bien meublé, sécurisé, calme, propre avec ascenseur et wifi.
Photos réelles.",https://content.avito.ma/classifieds/images/10151980170?t=images,4,Professionnel,2026-09-30
58770861,avito,Studio en centre-ville,https://www.avito.ma/fr/guéliz/appartements/Studio_en_centre_ville_58770861.htm,Location,Studio,Marrakech,Guéliz,250 DH,250,,1,,"Ascenseur, Climatisation, Terrasse, Meublé, Cuisine équipée","Je propose à la location un studio meublé de haut standing à Guéliz, Marrakech.
- Ascenseur
- Terrasse
- Cuisine équipée
- Climatisation
- 1 chambre
- Capacité : 4 personnes
Contactez-moi pour toute demande d'information.",https://content.avito.ma/classifieds/images/10155998835?t=images,4,Professionnel,2026-09-30
55577616,avito,Appartement équipé à louer quotidiennement,https://www.avito.ma/fr/centre_ville/appartements/Appartement_équipé_à_louer_quotidiennement_55577616.htm,Location,Appartement,Marrakech,Centre Ville,300 DH,300,,2,,,Réservé aux familles uniquement,https://content.avito.ma/classifieds/images/10134192821?t=images,5,Professionnel,2026-09-30
58738453,avito,Vente Appartement à Marrakech,https://www.avito.ma/fr/hay_targa/appartements/Vente_Appartement_à_Marrakech_58738453.htm,Vente,Appartement,Marrakech,Hay Targa,560 000 DH,560000,54,2,1,"Balcon, Meublé","El Mahdi AIT EL HADJ vous présente à la vente cet agréable appartement entièrement meublé et équipé, idéalement situé au premier étage dans le quartier prisé de Targa.

L'agencement intérieur se compose d'un salon chaleureux, de deux chambres à coucher lumineuses s'ouvrant sur un agréable petit balcon, d'une cuisine fonctionnelle entièrement équipée ainsi que d'une salle de bain soignée.

Proche de toutes les commodités, des écoles et des axes principaux de Targa, cet appartement au charme intimiste constitue une opportunité clef en main parfaite pour toute personne ou famille en quête de confort et de tranquillité au quotidien.

Contactez-nous dès maintenant pour organiser une visite.

El Mahdi AIT EL HADJ",https://content.avito.ma/classifieds/images/10155764930?t=images,8,Professionnel,2026-09-30
58720452,avito,Villa moderne neuve à vendre,https://www.avito.ma/fr/hay_targa/maisons/Villa_moderne_neuve_à_vendre_58720452.htm,Vente,Villa,Marrakech,Hay Targa,6 200 000 DH,6200000,375,5,5,"Climatisation, Piscine, Jardin, Terrasse, Parking / Garage, Cuisine équipée","- MAGNIFIQUE VILLA MODERNE NEUVE À VENDRE - MARRAKECH :

- Je vous propose à la vente une villa moderne de 5 suites parentales avec trois façades d'une superficie de 375 m² jamais habitée. La villa est à 30 minutes de la place Jemaa el-Fna et de la mosquée Koutoubia, et à 20 minutes de l'aéroport Marrakech Ménara et à 20 minutes du centre-ville de Marrakech, au cœur de Marrakech, dans un environnement calme et sécurisé, située à Zhor Targa. Elle se compose de :

• Rez-de-chaussée :

- Salon,
- Cuisine équipée avec accès terrasse,
- 1 suite parentale avec salle de bain et placard,
- Coin salle à manger,
- Toilettes invités,
- Terrasse,
- Piscine,

• À l'étage :

- 4 suites parentales avec salles de bains et dressings, balcons,

- Terrasse,
- Climatisation centralisée,
- Piscine,
- Superficie : 376 m²,
- 3 façades,
- Jardin,
- Parking,
- Jamais habitée,
- Sécurisée,
- Ensoleillée,
- Calme,
- Bon voisinage,

- Statut : Vente,
- Type de bien : Villa,

- Secteur : Zhor Targa,
- Ville : Marrakech,

- Prix : 6 200 000 dh / négociable,

- Pour plus de renseignements ou visite, veuillez nous contacter.",https://content.avito.ma/classifieds/images/10155634615?t=images,13,Professionnel,2026-09-30
56468559,avito,111060-Vente Appt à Marrakech Hivernage de 146 m²,https://www.avito.ma/fr/hivernage/appartements/111060_Vente_Appt_à_Marrakech_Hivernage_de_146_m²_56468559.htm,Vente,Appartement,Marrakech,Hivernage,2 500 000 DH,2500000,146,3,2,,"À vendre, appartement spacieux de 146 m² situé dans le quartier prisé de Hivernage à Marrakech. Ce bien comprend 3 chambres et 2 salles de bain, offrant un cadre de vie confortable. L'appartement se trouve au 1er étage d'un immeuble de 5 étages. Prix : 2 500 000 Dhs. Ne manquez pas cette opportunité d'investir dans un secteur dynamique.",https://content.avito.ma/classifieds/images/10152101598?t=images,6,Professionnel,2026-09-30
58770852,avito,"Excellent appartement à louer quartier Izar, près de Marjane, Marrakech.",https://www.avito.ma/fr/route_de_casablanca/appartements/Excellent_appartement_à_louer_quartier_Izar__près_de_Marjane__Marrakech__58770852.htm,Location,Appartement,Marrakech,Route de Casablanca,3 800 DH,3800,64,2,1,"Ascenseur, Climatisation, Parking / Garage, Meublé, Sécurité / Gardien","Je propose un excellent appartement à louer dans le quartier Izar, près de Marjane, Marrakech.
- Ascenseur disponible
- Entièrement meublé
- Climatisation
- Chauffage
- Concierge
- Sécurisé
- Parking
- Âge de la propriété entre 1 et 5 ans
- Caution d'un mois
- Bonne condition de la propriété
- Disponible immédiatement
- Standard moyen
Pour plus d'informations ou pour visiter l'appartement, contactez-moi.",https://content.avito.ma/classifieds/images/10155999456?t=images,7,Particulier,2026-09-30
58770842,avito,Prix de lancement,https://www.avito.ma/fr/guéliz/appartements/Prix_de_lancement_58770842.htm,Vente,Appartement,Marrakech,Guéliz,590 000 DH,590000,33,1,1,,Guéliz Majorelle,https://content.avito.ma/classifieds/images/10155999822?t=images,1,Particulier,2026-09-30
57747494,avito,Villa 200 m² à vendre à Azouzia Marrakech,https://www.avito.ma/fr/route_de_ouarzazate/villas_et_riads/Villa_200_m²_à_vendre_à_Azouzia_Marrakech_57747494.htm,Vente,Villa,Marrakech,Route de Ouarzazate,2 400 000 DH,2400000,200,4,4,"Jardin, Terrasse, Balcon","Magnifique villa de 200 m² en vente située à Azouzia bâtie sur 2 niveaux bien orientée et ensoleillée dans un quartier familiale sécurisé .
La villa se compose de 4 chambres à coucher dont une parentale avec dressing et salle de bain plus balcon ,3 autres salles de bains , 1 belle cuisine bien équipée qui donne sur un petit jardin , 1 grand salon à l´entrée de la villa , 1 deuxième salon , plus une cour de 40 m² à l´entrée .Plus un hammam beldi opérationnel à la terrasse , 1 buanderie , 1 salle de bain .
Pour plus d´informations veuillez nous contacter
N B , frais d´agence sont 2,5 % du prix de vente .",https://content.avito.ma/classifieds/images/10147430560?t=images,15,Professionnel,2026-09-30
58770831,avito,Appart de particulier - Très propre au centre-ville,https://www.avito.ma/fr/centre_ville/appartements/Appart_de_particulier___Très_propre_au_centre_ville_58770831.htm,Location,Appartement,Marrakech,Centre Ville,300 DH,300,,1,,"Ascenseur, Balcon, Parking / Garage","Appartement de particulier et non pas d’agence immobilière. 

Très propre au centre-ville, avec climatiseur et balcon.

Résidence calme et sécurisée avec ascenseur parking.",https://content.avito.ma/classifieds/images/10155999783?t=images,7,Particulier,2026-09-30
58629430,avito,"Appartement à vendre – Hay Charaf, Marrakech",https://www.avito.ma/fr/hay_charaf/appartements/Appartement_à_vendre___Hay_Charaf__Marrakech_58629430.htm,Vente,Appartement,Marrakech,Hay Charaf,640 000 DH,640000,62,2,1,Ascenseur,"📍 Emplacement : Hay Charaf – Marrakech
🏢 Étage : Troisième
🛗 Sans ascenseur
📐 Superficie : 62 m²
🏘️ Immeuble : Composé de 3 étages
🏠 Deux appartements par étage
💰 Prix : 64 millions de centimes

✨ Appartement adapté pour l'habitation ou l'investissement, situé dans un quartier calme et proche des commodités et services.

📞 Pour plus d'informations ou pour fixer un rendez-vous de visite, veuillez nous contacter.",https://content.avito.ma/classifieds/images/10154979183?t=images,10,Professionnel,2026-09-30
58770790,avito,Studio à Marrakech,https://www.avito.ma/fr/guéliz/appartements/Studio_à_Marrakech_58770790.htm,Location,Studio,Marrakech,Guéliz,250 DH,250,,1,,"Ascenseur, Climatisation, Terrasse, Meublé, Cuisine équipée","Je propose à la location un studio meublé de haut standing à Guéliz, Marrakech.
- Ascenseur
- Terrasse
- Cuisine équipée
- Climatisation
- 1 chambre
- Capacité : 4 personnes
Contactez-moi pour toute demande d'information.",https://content.avito.ma/classifieds/images/10155998854?t=images,4,Professionnel,2026-09-30
58770789,avito,studio bien organisé,https://www.avito.ma/fr/guéliz/appartements/studio_bien_organisé_58770789.htm,Location,Studio,Marrakech,Guéliz,250 DH,250,,1,,"Ascenseur, Climatisation, Terrasse, Meublé, Cuisine équipée","Je propose à la location un studio meublé de haut standing à Guéliz, Marrakech.
- Ascenseur
- Terrasse
- Cuisine équipée
- Climatisation
- 1 chambre
- Capacité : 4 personnes
Contactez-moi pour toute demande d'information.",https://content.avito.ma/classifieds/images/10155998996?t=images,4,Professionnel,2026-09-30
57820089,avito,Appartement à vendre meublé 😍 près de Marjane,https://www.avito.ma/fr/route_de_casablanca/appartements/Appartement_à_vendre_meublé____près_de_Marjane_57820089.htm,Vente,Appartement,Marrakech,Route de Casablanca,540 000 DH,540000,54,2,1,"Ascenseur, Meublé","📍 Lieu : Près de Marjane, route de Casa
📐 Superficie : 54m² (3ème étage)
🏠 Composé de : 2 chambres, salon, cuisine et salle de bain
🏢 Immeuble équipé d'un ascenseur
💰 Prix : 54 millions",https://content.avito.ma/classifieds/images/10155881420?t=images,8,Professionnel,2026-09-30
58770774,avito,Semlaliya haut standing pour les sérieux,https://www.avito.ma/fr/semlalia/appartements/Semlaliya_haut_standing_pour_les_sérieux_58770774.htm,Location,Appartement,Marrakech,Semlalia,9 500 DH,9500,90,2,2,"Ascenseur, Climatisation, Terrasse, Balcon, Parking / Garage, Meublé, Cuisine équipée, Sécurité / Gardien","Je propose un appartement de haut standing à louer à Semlalia, Marrakech, neuf et disponible immédiatement.

- Surface habitable et totale : 90 m²
- Meublé
- Cuisine équipée
- Balcon
- Terrasse
- Ascenseur
- Climatisation
- Chauffage
- Câblage téléphonique
- Parking
- Sécurité
- Concierge
- Âge du bien : 1-5 ans
- Caution : 2 mois
1 mois d'avance 
1 mois frais d'agence 

Pour toute personne sérieuse, contactez-moi pour plus d'informations.",https://content.avito.ma/classifieds/images/10155999238?t=images,8,Particulier,2026-09-30
57183225,avito,Joli appartement au cœur de Guéliz,https://www.avito.ma/fr/guéliz/appartements/Joli_appartement_au_c_ur_de_Guéliz_57183225.htm,Location,Appartement,Marrakech,Guéliz,400 DH,400,,1,,"Ascenseur, Climatisation, Meublé, Cuisine équipée, Sécurité / Gardien","Joli studio meublé à louer au cœur de Guéliz, Marrakech.
- 1 chambre
- Capacité : 1 personne
- Ascenseur
- Climatisation
- Cuisine équipée
- Concierge
- Sécurité
- WIFI
- Télévision
- Serviettes
Contactez-moi si vous êtes intéressé.",https://content.avito.ma/classifieds/images/10141733747?t=images,5,Professionnel,2026-09-30
56350848,avito,Studio pour les vacances,https://www.avito.ma/fr/guéliz/appartements/Studio_pour_les_vacances_56350848.htm,Location,Studio,Marrakech,Guéliz,250 DH,250,,1,,Ascenseur,"Je mets en location un studio de haut standing pour vos vacances à Guéliz, Marrakech.
- Type d'appartement : Studio
- 1 chambre à louer
- Capacité : 4 personnes
- Ascenseur disponible
- Check-in : 12h00, Check-out : 14h00
Pour plus d'informations, contactez-moi par téléphone ou message.",https://content.avito.ma/classifieds/images/10133903747?t=images,15,Professionnel,2026-09-30
58572310,avito,Appartement meublé à louer résidence avec piscine,https://www.avito.ma/fr/ain_mezouar/appartements/Appartement_meublé_à_louer_résidence_avec_piscine_58572310.htm,Location,Appartement,Marrakech,Ain Mezouar,9 500 DH,9500,70,2,2,"Piscine, Balcon, Parking / Garage, Meublé","🏡 Location Longue Durée – Hivernage, Marrakech
À louer, bel appartement 2 chambres situé dans le quartier très recherché de l’Hivernage, à seulement 5 minutes à pied de Carrefour et du Four Seasons.
✨ Caractéristiques :
• 70 m²
• 2 chambres
• Salon spacieux, lumineux et agréable
• Balcon
• 2 WC
• 2ème étage
• Parking
• Accès piscine 🏊‍♀️
• IPTV 📺
💰 Loyer : 9 500 DH / mois
📌 Conditions :
• 1 mois d’avance
• 2 mois de caution
• 2 000 DH de caution pour l’eau et l’électricité
. 1 mois de frais d'agence 
📍 Quartier Hivernage – Marrakech",https://content.avito.ma/classifieds/images/10154496613?t=images,8,Professionnel,2026-09-30
58716519,avito,appartement meublé à louer Marrakech,https://www.avito.ma/fr/guéliz/appartements/appartement_meublé_à_louer_Marrakech_58716519.htm,Location,Appartement,Marrakech,Guéliz,10 500 DH,10500,80,2,2,"Piscine, Parking / Garage, Meublé","À LOUER – BEL APPARTEMENT 2 CHAMBRES
📍 Emplacement : Boulevard Moukawama, derrière la gare ferroviaire.
Appartement composé de :
2 chambres
Salon
2 salles de bain
Résidence sécurisée avec piscine
Place de parking au sous-sol
💰 Loyer : 12 000 DH/mois
🔐 Conditions : 2 mois de caution",https://content.avito.ma/classifieds/images/10155604901?t=images,7,Professionnel,2026-09-30
58770728,avito,Studio à Guéliz,https://www.avito.ma/fr/guéliz/appartements/Studio_à_Guéliz_58770728.htm,Location,Studio,Marrakech,Guéliz,250 DH,250,,1,,"Ascenseur, Climatisation, Terrasse, Meublé, Cuisine équipée","Je propose à la location un studio meublé de haut standing à Guéliz, Marrakech.
- Ascenseur
- Terrasse
- Cuisine équipée
- Climatisation
- 1 chambre
- Capacité : 4 personnes
Contactez-moi pour toute demande d'information.",https://content.avito.ma/classifieds/images/10155997012?t=images,4,Professionnel,2026-09-30
58770727,avito,Studio calme,https://www.avito.ma/fr/guéliz/appartements/Studio_calme_58770727.htm,Location,Studio,Marrakech,Guéliz,250 DH,250,,1,,"Ascenseur, Climatisation, Terrasse, Meublé, Cuisine équipée","Je propose à la location un studio meublé de haut standing à Guéliz, Marrakech.
- Ascenseur
- Terrasse
- Cuisine équipée
- Climatisation
- 1 chambre
- Capacité : 4 personnes
Contactez-moi pour toute demande d'information.",https://content.avito.ma/classifieds/images/10155997144?t=images,4,Professionnel,2026-09-30
58770726,avito,studio très calme,https://www.avito.ma/fr/guéliz/appartements/studio_très_calme_58770726.htm,Location,Studio,Marrakech,Guéliz,250 DH,250,,1,,"Ascenseur, Climatisation, Terrasse, Meublé, Cuisine équipée","Je propose à la location un studio meublé de haut standing à Guéliz, Marrakech.
- Ascenseur
- Terrasse
- Cuisine équipée
- Climatisation
- 1 chambre
- Capacité : 4 personnes
Contactez-moi pour toute demande d'information.",https://content.avito.ma/classifieds/images/10155997231?t=images,4,Professionnel,2026-09-30
58770719,avito,Studio à côté de la gare,https://www.avito.ma/fr/guéliz/appartements/Studio_à_côté_de_la_gare_58770719.htm,Location,Studio,Marrakech,Guéliz,250 DH,250,,1,,"Ascenseur, Climatisation, Terrasse, Meublé, Cuisine équipée","Je propose à la location un studio meublé de haut standing à Guéliz, Marrakech.
- Ascenseur
- Terrasse
- Cuisine équipée
- Climatisation
- 1 chambre
- Capacité : 4 personnes
Contactez-moi pour toute demande d'information.",https://content.avito.ma/classifieds/images/10155996933?t=images,4,Professionnel,2026-09-30
58770718,avito,Studio climatisé,https://www.avito.ma/fr/guéliz/appartements/Studio_climatisé_58770718.htm,Location,Studio,Marrakech,Guéliz,250 DH,250,,1,,"Ascenseur, Climatisation, Terrasse, Meublé, Cuisine équipée","Je propose à la location un studio meublé de haut standing à Guéliz, Marrakech.
- Ascenseur
- Terrasse
- Cuisine équipée
- Climatisation
- 1 chambre
- Capacité : 4 personnes
Contactez-moi pour toute demande d'information.",https://content.avito.ma/classifieds/images/10155996951?t=images,5,Professionnel,2026-09-30
58770717,avito,studio propre,https://www.avito.ma/fr/guéliz/appartements/studio_propre_58770717.htm,Location,Studio,Marrakech,Guéliz,250 DH,250,,1,,"Ascenseur, Climatisation, Terrasse, Meublé, Cuisine équipée","Je propose à la location un studio meublé de haut standing à Guéliz, Marrakech.
- Ascenseur
- Terrasse
- Cuisine équipée
- Climatisation
- 1 chambre
- Capacité : 4 personnes
Contactez-moi pour toute demande d'information.",https://content.avito.ma/classifieds/images/10155996961?t=images,4,Professionnel,2026-09-30
58770715,avito,Studio en centre-ville,https://www.avito.ma/fr/guéliz/appartements/Studio_en_centre_ville_58770715.htm,Location,Studio,Marrakech,Guéliz,250 DH,250,,1,,"Ascenseur, Climatisation, Terrasse, Meublé, Cuisine équipée","Je propose à la location un studio meublé de haut standing à Guéliz, Marrakech.
- Ascenseur
- Terrasse
- Cuisine équipée
- Climatisation
- 1 chambre
- Capacité : 4 personnes
Contactez-moi pour toute demande d'information.",https://content.avito.ma/classifieds/images/10155996991?t=images,4,Professionnel,2026-09-30
56707544,avito,Appartements hot kaliti à kech,https://www.avito.ma/fr/guéliz/appartements/Appartements_hot_kaliti_à_kech_56707544.htm,Location,Appartement,Marrakech,Guéliz,300 DH,300,,1,,Piscine,J'ai des appartements à louer à gueliz Marrakech avec piscine et salle de sport pour les familles,https://content.avito.ma/classifieds/images/10137089902?t=images,6,Professionnel,2026-09-30
56963060,avito,Excellent studio à Marrakech.,https://www.avito.ma/fr/guéliz/appartements/Excellent_studio_à_Marrakech__56963060.htm,Location,Studio,Marrakech,Guéliz,350 DH,350,,1,,Piscine,J'ai des appartements à louer à Gueliz Marrakech avec piscine et salle de sports pour les familles.,https://content.avito.ma/classifieds/images/10139374339?t=images,6,Professionnel,2026-09-30
58080320,avito,Magnifique villa à vendre meublée à Marrakech,https://www.avito.ma/fr/route_de_tahanaoute/villas_et_riads/Magnifique_villa_à_vendre_meublée_à_Marrakech_58080320.htm,Vente,Villa,Marrakech,Route de Tahanaoute,4 500 000 DH,4500000,283,4,4,"Piscine, Jardin, Terrasse, Parking / Garage, Meublé, Sécurité / Gardien","Villa d’exception à vendre dans une résidence sécurisée – Quartier Chrifia

Découvrez cette magnifique villa jumelée située dans une résidence fermée et sécurisée, bâtie sur un terrain d’angle de 283 m² offrant deux façades et une excellente luminosité.
Vendu meublé 

La villa est construite sur 2 niveaux et se compose comme suit :

Rez-de-chaussée 
	• deux salons européen moderne
	• Un espace salle à manger
	• Une toilette de service
	• Un jardin soigneusement aménagé
	• Une piscine privée
	• Un parking pour 2 voitures
Une cuisine ouverte moderne 

Étage :
	• 4 suites, chacune avec sa salle de bain privative
	• Chambres spacieuses et bien ensoleillées

Terrasse :
	• Un salon en plein air
	• Une vue imprenable sur les montagnes

Prix : 4 500 000 DH",https://content.avito.ma/classifieds/images/10150443934?t=images,25,Professionnel,2026-09-30
57104093,avito,Appartement Élégant avec Confort Moderne,https://www.avito.ma/fr/route_de_casablanca/appartements/Appartement_Élégant_avec_Confort_Moderne_57104093.htm,Location,Appartement,Marrakech,Route de Casablanca,550 DH,550,,2,1,Parking / Garage,"Bienvenue dans ce magnifique appartement de 2 chambres, idéal pour vos séjours à Marrakech. Situé à proximité de Marjane, sur la Route de Casa, cet appartement moderne est conçu pour offrir confort et détente. Parfait pour les familles, les groupes d'amis ou les voyageurs d'affaires, il combine le luxe d'un hébergement contemporain avec la commodité d'un emplacement stratégique.

Caractéristiques de l'appartement :

2 chambres spacieuses avec literie de qualité pour des nuits reposantes.
1 salle de bain moderne avec une douche à l'italienne, idéale pour un moment de détente après une journée bien remplie.
Cuisine italienne entièrement équipée (réfrigérateur, plaques de cuisson, four, micro-ondes, cafetière, ustensiles) pour préparer vos repas comme à la maison.
Salon lumineux avec un canapé-lit confortable et une grande télévision de 65 pouces, parfaite pour vos soirées cinéma.
Wi-Fi gratuit haut débit pour rester connecté durant votre séjour.
Machine à laver pour plus de commodité, surtout pour les longs séjours.
Parking privé sécurisé pour garer votre véhicule en toute tranquillité.
Emplacement idéal :
Cet appartement se trouve à quelques minutes à pied de Marjane, un grand centre commercial où vous trouverez tout ce dont vous avez besoin : supermarché, boutiques, restaurants, et bien plus encore. De plus, il est parfaitement situé pour accéder facilement aux principales attractions touristiques, ainsi qu’aux activités culturelles et de loisirs de Marrakech.

Proche de toutes commodités :

Restaurants et cafés
Magasins et supermarchés
Attractions touristiques et activités de loisirs
Réservez dès maintenant et profitez d’un séjour inoubliable à Marrakech, dans un cadre moderne, confortable et parfaitement situé",https://content.avito.ma/classifieds/images/10140872913?t=images,7,Professionnel,2026-09-30
57917947,avito,Location de biens immobiliers pour les vacances,https://www.avito.ma/fr/guéliz/appartements/Location_de_biens_immobiliers_pour_les_vacances_57917947.htm,Location,Appartement,Marrakech,Guéliz,350 DH,350,,1,,,"Location d'appartements. Marrakech Gueliz 
Famille",https://content.avito.ma/classifieds/images/10148980400?t=images,12,Professionnel,2026-09-30
57816224,avito,NOUVEAU PROGRAMME IMMOBILIER HAUT STANDING GUÉLIZ,https://www.avito.ma/fr/guéliz/appartements/NOUVEAU_PROGRAMME_IMMOBILIER_HAUT_STANDING_GUÉLIZ_57816224.htm,Vente,Appartement,Marrakech,Guéliz,,,56,1,1,"Climatisation, Parking / Garage, Meublé, Sécurité / Gardien","Découvrez une adresse d’exception au cœur de Guéliz, dans l’un des quartiers les plus prisés de Marrakech. Ce nouveau programme résidentiel allie parfaitement élégance, confort et modernité, offrant un cadre de vie raffiné répondant aux exigences les plus élevées.

Les appartements et studios, aux superficies comprises entre 48 m² et 89 m², ont été conçus avec une attention particulière portée à l’optimisation des espaces, à la luminosité naturelle et au bien-être quotidien.

Chaque logement bénéficie de prestations haut de gamme et de finitions soignées :

• Climatisation centralisée réversible
• Visiophone
• Stores électriques
• Menuiserie en bois de noyer
• Revêtement en marbre Crema Marfil dans les espaces de vie
• Parquet stratifié dans les chambres
• Salles de bain contemporaines avec meuble vasque, miroir LED et robinetterie de qualité supérieure
• Peinture écologique haut de gamme
• Cuisine moderne entièrement équipée

La résidence fermée et sécurisée offre des équipements exclusifs pour un confort absolu :

• Piscines extérieures aménagées
• Piscines couvertes avec jacuzzi
• Espaces verts paysagers
• Salle de sport entièrement équipée
• Aires de jeux pour enfants
• Parking sécurisé en sous-sol

Idéalement située, cette résidence bénéficie d’un emplacement stratégique à proximité immédiate des commerces, restaurants, établissements scolaires, centres de loisirs et principaux axes de circulation.

Un investissement de qualité et un cadre de vie exceptionnel, où luxe, sérénité et accessibilité se rencontrent au quotidien.

📞 Pour plus d’informations, disponibilités et visite du projet, n’hésitez pas à nous contacter.",https://content.avito.ma/classifieds/images/10148036771?t=images,18,Professionnel,2026-09-30
57140153,avito,Appartement sans intermédiaire à louer,https://www.avito.ma/fr/guéliz/appartements/Appartement_sans_intermédiaire_à_louer_57140153.htm,Location,Appartement,Marrakech,Guéliz,350 DH,350,,1,,,"Location de vacances à Marrakech Gueliz en face de la gare de train de vacances à Marrakech Gueliz en ,",https://content.avito.ma/classifieds/images/10141252323?t=images,6,Professionnel,2026-09-30
53715307,avito,Nouveau projet immobilier à vendre à Marrakech,https://www.avito.ma/fr/guéliz/appartements/Nouveau_projet_immobilier_à_vendre_à_Marrakech_53715307.htm,Vente,Appartement,Marrakech,Guéliz,,,48,1,1,"Climatisation, Piscine, Balcon, Parking / Garage, Double vitrage","Nous vous proposons un nouveau projet immobilier de standing idéalement situé en plein centre de Guéliz, offrant un cadre de vie moderne, confortable et sécurisé.

 La résidence se distingue par ses prestations haut de gamme, comprenant une grande piscine latérale entourée de jardins paysagers, ainsi qu’un espace bien-être au sous-sol avec piscine couverte, jacuzzi et salle de fitness entièrement équipée.

 Elle dispose également d’un grand parking souterrain sur deux niveaux, d’ascenseurs modernes et d’un environnement sécurisé.

 Les appartements, aux superficies comprises entre 48 m² et 118 m², sont disponibles en une, deux ou trois chambres. Chaque logement est intelligemment agencé et comprend :
	• Un salon lumineux
	• Un coin salle à manger
	• Une cuisine ouverte ou indépendante selon le type, équipée avec hotte aspirante, plaque encastrable de cuisson, four électrique, des étagères et placards. 
	• Une ou deux salles de bain
	• Un balcon

 Les finitions sont soignées et incluent :
	• Fenêtres à double vitrage pour une isolation optimale
	• Climatisation centralisée réversible
	• Matériaux de qualité et excellente luminosité

 Ce projet représente une opportunité idéale pour habitation principale ou investissement, à proximité immédiate de toutes les commodités, commerces et axes principaux de la ville.",https://content.avito.ma/classifieds/images/10106428870?t=images,14,Professionnel,2026-09-30
55758398,avito,Très bel appartement,https://www.avito.ma/fr/guéliz/appartements/Très_bel_appartement_55758398.htm,Location,Appartement,Marrakech,Guéliz,400 DH,400,,1,,,Je propose des appartements et les studios de la gare de train pour la nuitée pour les familles uniquement.,https://content.avito.ma/classifieds/images/10128281149?t=images,5,Professionnel,2026-09-30
55956316,avito,Terrain titré 17 km Marrakech,https://www.avito.ma/fr/route_de_fès/terrains_et_fermes/Terrain_titré_17_km_Marrakech_55956316.htm,Vente,Terrain,Marrakech,Route de Fès,620 000 DH,620000,7600,,,,Terrain titré,https://content.avito.ma/classifieds/images/10146965156?t=images,5,Professionnel,2026-09-30
58654086,avito,"Appartement à vendre 120 m² lumineux, Marrakech",https://www.avito.ma/fr/route_de_casablanca/appartements/Appartement_à_vendre_120_m²_lumineux__Marrakech_58654086.htm,Vente,Appartement,Marrakech,Route de Casablanca,1 100 000 DH,1100000,120,2,2,"Ascenseur, Climatisation, Balcon, Parking / Garage, Cuisine équipée","🏠 À vendre — appartement de 120 m² lumineux, Marrakech
📍 Résidence Marjana 1, Route de Casa (Koudiat Laabid)

Toutes les pièces donnent sur l'extérieur, il n'y a pas de pièce aveugle.

- 3e étage + ascenseur
- 🚗 Garage privé fermé au sous-sol
- 2 grandes chambres (1 avec balcon)
- Salon + salle à manger
- Cuisine équipée en bois massif avec balcon
- Salle de bains + WC invités
- Placards intégrés partout, climatisation

📌 Marjane à 3 min à pied · Guéliz 10 min · Medina 15 min · Aéroport 20 min

💰 1 100 000 DH, négociable",https://content.avito.ma/classifieds/images/10155142739?t=images,5,Particulier,2026-09-30
58306450,avito,Appartement à vendre 55 m² à Marrakech,https://www.avito.ma/fr/mabrouka/appartements/Appartement_à_vendre_55_m²_à_Marrakech_58306450.htm,Vente,Appartement,Marrakech,Mabrouka,560 000 DH,560000,55,2,1,"Ascenseur, Balcon","À vendre, bel appartement situé au 2ᵉ étage avec ascenseur, dans une résidence au quartier Mabrouka, Bassatine Gueliz à Marrakech.

Caractéristiques :

2 chambres
Salon spacieux
Salle de bain
Cuisine fonctionnelle
2 balcons :
Un balcon attenant à la cuisine
Un balcon dans la chambre à coucher
Ascenseur
Situé au 2ᵉ étage

Emplacement stratégique :
L'appartement bénéficie d'un excellent emplacement à Bassatine Gueliz, dans le quartier Mabrouka, à proximité de la gare de Marrakech, des commerces, écoles, cafés, transports en commun et de toutes les commodités.

Idéal pour une résidence principale ou un investissement locatif.

Pour plus d'informations ou pour organiser une visite, merci de nous contacter.",https://content.avito.ma/classifieds/images/10152623716?t=images,7,Professionnel,2026-09-30
58770705,avito,Appart de particulier - Très propre au centre-ville,https://www.avito.ma/fr/centre_ville/appartements/Appart_de_particulier___Très_propre_au_centre_ville_58770705.htm,Location,Appartement,Marrakech,Centre Ville,300 DH,300,,1,,"Ascenseur, Balcon, Parking / Garage","Appartement de particulier et non pas d’agence immobilière. 

Très propre au centre-ville, avec climatiseur et balcon.

Résidence calme et sécurisée avec ascenseur parking.",https://content.avito.ma/classifieds/images/10155998528?t=images,7,Particulier,2026-09-30
58756350,avito,Terrain à Fort Potentiel Touristique,https://www.avito.ma/fr/route_de_fès/terrains_et_fermes/____Terrain_à_Fort_Potentiel_Touristique__58756350.htm,Vente,Terrain,Marrakech,Route de Fès,16 000 000 DH,16000000,10136,,,,"Terrain d’exception à Marrakech

Découvrez une opportunité foncière rare avec ce magnifique terrain de 10 136 m², situé en îlot indépendant, entièrement entouré d’une rue piétonne et bénéficiant d’une absence totale de voisin mitoyen.

Le terrain offre 220 mètres de façade et un COS de 30 %, avec une hauteur constructible allant jusqu’à 9 mètres, permettant d’envisager un projet d’envergure dans un cadre privilégié.

Situé dans une zone verte non édificandi, le bien bénéficie d’un environnement ouvert et préservé. Il est entièrement viabilisé : eau, électricité, réseau d’assainissement, éclairage public et voirie à proximité.

L’emplacement, en bordure de trois doubles voies, offre une excellente accessibilité et une forte visibilité, idéale pour un projet touristique, une maison d’hôtes ou un complexe touristique, sous réserve du respect du cahier des charges et des autorisations en vigueur.

Un foncier exceptionnel par sa superficie, son emplacement et son potentiel de développement.",https://content.avito.ma/classifieds/images/10155893572?t=images,1,Professionnel,2026-09-30
58085035,avito,Magnifique Appartement à vendre 54 m² à Marrakech,https://www.avito.ma/fr/route_de_safi/appartements/Magnifique_Appartement_à_vendre_54_m²_à_Marrakech_58085035.htm,Vente,Appartement,Marrakech,Route de Safi,972 000 DH,972000,54,1,1,"Climatisation, Piscine, Parking / Garage, Sécurité / Gardien","Magnifique appartement à vendre – Résidence haut standing

Situé dans une résidence de prestige, cet appartement offre un cadre de vie exceptionnel avec des prestations de qualité : une piscine extérieure opérationnelle, des espaces verts soigneusement entretenus, deux piscines couvertes avec salles de fitness dédiée aux femmes et hommes,
 La résidence dispose également d’un grand parking souterrain et bénéficie d’une sécurité optimale assurée 24h/24 et 7j/7 par des agents et un système de vidéosurveillance.

D’une superficie titrée de 54 m², l’appartement est intelligemment agencé et se compose de :
	• chambre avec placard et climatisation split réversible,
	• Une salle de bain (invités/enfants) équipée (lavabo, toilettes, cabine de douche)
	• Un grand salon lumineux, également équipé de climatisation split réversible
	• Une cuisine ouverte moderne et entièrement équipée (plaque de cuisson encastrable, hotte aspirante, four électrique, rangements et buanderie)

L’appartement est bien aéré, lumineux, offrant un confort de vie optimal.

Idéalement situé, il se trouve à proximité immédiate de toutes les commodités (commerces, transports, services).

Une excellente opportunité pour un investissement ou une résidence principale de qualité.",https://content.avito.ma/classifieds/images/10150489331?t=images,18,Professionnel,2026-09-30
56099138,avito,appartement à louer à Marrakech,https://www.avito.ma/fr/centre_ville/appartements/appartement_à_louer_à_Marrakech_56099138.htm,Location,Appartement,Marrakech,Centre Ville,300 DH,300,,2,,,appartement à louer à Marrakech située au centre ville,https://content.avito.ma/classifieds/images/10132932809?t=images,4,Professionnel,2026-09-30
57941393,avito,Appartement à vendre Targa 3 ch salon,https://www.avito.ma/fr/hay_targa/appartements/Appartement_à_vendre_Targa_3_ch_salon_57941393.htm,Vente,Appartement,Marrakech,Hay Targa,1 120 000 DH,1120000,86,3,2,,Appartement à vendre 3 chambres salon salle de bain 3 chambres salon salle de bain 1er étage 2 terrasses frais d'agence 2.5,https://content.avito.ma/classifieds/images/10149197509?t=images,6,Professionnel,2026-09-30
58768563,avito,204883-Vente Villa à Marrakech Hivernage de 525 m²,https://www.avito.ma/fr/hivernage/villas_et_riads/204883_Vente_Villa_à_Marrakech_Hivernage_de_525_m²_58768563.htm,Vente,Villa,Marrakech,Hivernage,12 300 000 DH,12300000,525,6,6,Terrasse,"À vendre, magnifique villa située dans le quartier prisé de Hivernage à Marrakech. Cette propriété spacieuse de 525 m², avec 450 m² de surface habitable, comprend 6 chambres et 6 salles de bain. Érigée sur 2 niveaux et offrant 2 façades, elle dispose également d'une terrasse de 25 m². Prix : 12 300 000 Dhs. Ne manquez pas cette occasion d'acquérir un bien d'exception.",https://content.avito.ma/classifieds/images/10155984199?t=images,20,Professionnel,2026-09-30
58674534,avito,Appartement à Guéliz,https://www.avito.ma/fr/guéliz/appartements/Appartement_à_Guéliz_58674534.htm,Location,Appartement,Marrakech,Guéliz,250 DH,250,,1,,,"joli appartement au centre-ville et proche de tous les centres commerciaux ,",https://content.avito.ma/classifieds/images/10155298193?t=images,4,Professionnel,2026-09-30
58359292,avito,Maison avec garage à vendre,https://www.avito.ma/fr/hay_izdihar/maisons/Maison_avec_garage_à_vendre_58359292.htm,Vente,Maison,Marrakech,Hay Izdihar,2 650 000 DH,2650000,120,6,5,Parking / Garage,"Je mets en vente une très belle maison à Plus Deux, dans le secteur proche des commodités. Pour plus d'informations, veuillez contacter notre agence.",https://content.avito.ma/classifieds/images/10155896286?t=images,6,Professionnel,2026-09-30
57216492,avito,Appartement à vendre 97 m² à Marrakech Guéliz,https://www.avito.ma/fr/guéliz/appartements/Appartement_à_vendre_97_m²_à_Marrakech_Guéliz_57216492.htm,Vente,Appartement,Marrakech,Guéliz,1 750 000 DH,1750000,97,2,1,"Ascenseur, Piscine, Balcon, Parking / Garage, Sécurité / Gardien, Cheminée","Magnifique appartement à vendre – Guéliz, Marrakech

Découvrez ce magnifique appartement idéalement situé en plein centre de Guéliz, au sein d’une résidence de standing avec piscine, ascenseur et sécurité 24h/24 et 7j/7.

D’une superficie globale titrée de 97 m², l’appartement se compose de 85 m² habitables ainsi que d’une place de parking titrée de 12 m² au sous-sol.

Composition

* Deux chambres avec placards, dont une avec balcon
* Une chambre parentale avec salle de bain privative
* Un grand salon
* Un coin cheminée
* Un espace salle à manger
* Une cuisine indépendante entièrement équipée, avec balcon et vue sur la façade
* Appartement très aéré, lumineux et ensoleillé

L’appartement est propre, bien entretenu et en excellent état, avec de belles finitions : carrelage, menuiserie, serrurerie, peinture et sanitaires soigneusement entretenus.

La résidence

* Piscine
* Ascenseur
* Sécurité 24h/24 et 7j/7
* Agents de surveillance
* Caméras de sécurité
Emplacement privilégié, à proximité immédiate de toutes les commodités, commerces, restaurants, services et moyens de transport.

Un bien idéal aussi bien pour une résidence principale que pour un investissement locatif au cœur de Marrakech.",https://content.avito.ma/classifieds/images/10154499967?t=images,20,Professionnel,2026-09-30
55811861,avito,Appartement avec grand terrasse à Guéliz,https://www.avito.ma/fr/guéliz/appartements/Appartement_avec_grand_terrasse_à_Guéliz_55811861.htm,Vente,Appartement,Marrakech,Guéliz,1 550 000 DH,1550000,84,2,3,"Ascenseur, Climatisation, Piscine, Terrasse, Parking / Garage","Le Groupe EL YAHYAOUI vous propose un superbe appartement neuf de 84 m² à Guéliz Semlalia, idéalement situé à proximité immédiate de toutes les commodités.

Composition :
2 chambres lumineuses, salon spacieux, 2 salles de bains, 2 balcons, cuisine moderne équipée.

Prestations :
marbre de qualité, isolation thermique et phonique, climatisation centralisée.

Résidence haut standing :
piscine, salle de sport, ascenseur, parking souterrain sécurisé.

Livraison immédiate – Prix déclaré à 100 %

Contactez-nous pour une visite.",https://content.avito.ma/classifieds/images/10155800335?t=images,15,Professionnel,2026-09-30
58736726,avito,Villa commerciale en plein Bd. Mohamed VI,https://www.avito.ma/fr/av_mohammed_vi/local/Villa_commerciale_en_plein_Bd__Mohamed_VI_58736726.htm,Vente,Villa,Marrakech,Av Mohammed VI,22 000 000 DH,22000000,1000,,,,"Villa commerciale en plein boulevard Mohamed VI, près du nouveau mall, comprenant les caractéristiques suivantes :
- Destinée pour toute activité commerciale (Restaurant, centre commercial, clinique ...)
- Terrain d'une superficie de 1000 m²
- RDC couvert 450 m² + sky 370 m²
- Sous-sol : 320 m²
- 2 accès : un sur le plein boulevard Mohamed VI et l'autre par la porte de derrière.
Nous restons à votre entière disposition pour toute autre information.",https://content.avito.ma/classifieds/images/10155753255?t=images,1,Professionnel,2026-09-30
57796886,avito,Villa 241 m² à vendre à Abwab Marrakech Marrakech,https://www.avito.ma/fr/les_portes_de_marrakech/villas_et_riads/Villa_241_m²_à_vendre_à_Abwab_Marrakech_Marrakech_57796886.htm,Vente,Villa,Marrakech,Les Portes de Marrakech,3 100 000 DH,3100000,241,4,3,"Piscine, Terrasse","Magnifique villa de 241 m² en vente située à Abwab Marrakech dans une lotissement sécurisée bien ensoleillée bâtie sur 2 étages de 140 m² chacun se compose de 2 salons ,1 séjour , 1 belle cuisine donne sur une coure , 1 piscine , 1 grande salle de bain , l étage contient 4 chambres dont une donne sur une belle terrasse , 1 grande salle de bain ,1 buanderie et une autre toilette se trouvent sur le toit 
N B , frais d agences sont 2,5 % du prix de vente",https://content.avito.ma/classifieds/images/10147844894?t=images,11,Professionnel,2026-09-30
58707861,avito,Bureau de 81 m² à Hay al Andalous,https://www.avito.ma/fr/hay_andalous/bureaux/Bureau_de_81_m²_à_Hay_al_Andalous_58707861.htm,Location,Bureau,Marrakech,Hay Andalous,8 000 DH,8000,81,,1,"Ascenseur, Parking / Garage","L'agence Stone immobilier met à la location un plateau bureau de 81 m² au quartier Andalous pas loin de l'hôpital CHU
Le plateau se trouve au premier étage et fait l'angle d'un immeuble neuf avec ascenseur et parking sous sol
Prix de Location : 8000 Dhs",https://content.avito.ma/classifieds/images/10155542105?t=images,10,Professionnel,2026-09-30
58736953,avito,Villa à vendre superficie de 1200m² Marrakech,https://www.avito.ma/fr/route_de_ouarzazate/villas_et_riads/Villa_à_vendre_superficie_de_1200m²_Marrakech_58736953.htm,Vente,Villa,Marrakech,Route de Ouarzazate,1 200 000 DH,1200000,1200,4,1,,"Villa à vendre d'une superficie de 1200 mètres carrés, à 18 km de Marrakech sur la route de Ouarzazate. Contient un puits très bien, une cuisine et un salon.",https://content.avito.ma/classifieds/images/10155754403?t=images,13,Professionnel,2026-09-30
55975405,avito,CLIMATISÉ À CÔTÉ DE MACDO ROUTE DE CASA JNANE AWARAD,https://www.avito.ma/fr/route_de_casablanca/appartements/CLIMATISÉ_À_CÔTÉ_DE_MACDO_ROUTE_DE_CASA_JNANE_AWARAD_55975405.htm,Location,Appartement,Marrakech,Route de Casablanca,350 DH,350,,2,,Climatisation,Appartement CLIMATISÉ pour location de vacances propre pour familles,https://content.avito.ma/classifieds/images/10144781881?t=images,10,Professionnel,2026-09-30
58770680,avito,Appartement 2 Chambres – 400 DH/Nuit,https://www.avito.ma/fr/guéliz/appartements/Appartement_2_Chambres___400_DH_Nuit_58770680.htm,Location,Appartement,Marrakech,Guéliz,400 DH,400,,2,,"Ascenseur, Climatisation","📍 Situé dans le quartier très recherché de **Mabrouka – Bassatine Guéliz**, cet appartement lumineux et bien ensoleillé vous offre tout le confort nécessaire pour un agréable séjour à Marrakech.

✨ **Caractéristiques :**

* 🛏️ 2 chambres
* ☀️ Appartement bien ensoleillé et lumineux
* ❄️ Climatisation dans le salon et dans la chambre
* 📶 Wi-Fi haut débit
* 📺 Netflix
* 🛋️ Salon confortable
* 🛗 2ᵉ étage avec ascenseur
* 🏠 Résidence agréable
* 📍 Quartier recherché **Mabrouka – Bassatine Guéliz**
* 🛒 Proche des commerces, cafés, restaurants et services

💰 **Prix : 400 DH / nuit**

📲 **Réservation et informations : contactez-nous directement.**

🌴 **Profitez d’un appartement confortable et bien situé pour votre séjour à Marrakech.**",https://content.avito.ma/classifieds/images/10155997005?t=images,8,Particulier,2026-09-30
53243419,avito,Appartement à vendre 78 m² à Marrakech,https://www.avito.ma/fr/guéliz/appartements/Appartement_à_vendre_78_m²_à_Marrakech_53243419.htm,Vente,Appartement,Marrakech,Guéliz,,,78,2,2,"Climatisation, Piscine, Jardin, Parking / Garage, Meublé, Cuisine équipée, Sécurité / Gardien","Promoteur immobilier vous propose des Appartements haut de gamme offrent une expérience de vie exceptionnelle, avec des finitions de qualité supérieure, des matériaux nobles et une attention aux détails sans compromis.
Profitez également de notre magnifique piscine pour vous détendre et vous rafraîchir, ainsi que d'un parking sous-sol sécurisé pour votre voiture. 
Vous pourrez ainsi profiter d'un style de vie pratique et confortable, sans vous soucier du stationnement.
Nos appartements spacieux et lumineux offrent une superficie comprise entre 48 m² et 89 m² mètres carrés, avec des espaces de vie ouverts et une cuisine équipée. Vous pourrez ainsi profiter d'un confort inégalé et d'un style de vie moderne. 

La résidence propose des appartements, et des studios qui répondent à tous les modes de vie contemporains. Les plans ont été conçus avec beaucoup d’attention et chaque espace intérieur cultive un bien-être et un confort qui invitent à de beaux moments de convivialité et de sérénité.
Quand la qualité de construction et le luxe de la finition s’accordent
• Visiophone à l’entrée de votre appartement
• Climatisation centralisée
• Stores électriques
• Cuisine équipée
• Marbre Crema Marfil au sol 60x30 cm dans couloir, cuisine et salon
• Parqué stratifié dans les chambres
• Menuiserie Noyer
• Peinture écologique de la marque Khayal
• Meuble vasque en céramique avec mitigeur, un miroir à Led dans les salles d’eau
• Isolation thermique et phonique
Et si vous profitiez du bien-être sans vous éloigner ?
• Un jardin luxuriant
• Une résidence fermée et sécurisée
• Des grandes piscines centrales 
• Des piscines couvertes avec jacuzzi 
• Des salles de sport qui vous motiveront pour s’entraîner
• Aires de jeux pour le plaisir de vos enfants 
Un Emplacement idéal au gueliz permettra également de profiter de toutes les commodités du centre-ville, des commerces, des restaurants et des écoles renommées .",https://content.avito.ma/classifieds/images/10100764477?t=images,14,Professionnel,2026-09-30
57283800,avito,Villa melkia 400 m² a vendre RT de Fès Marrakech,https://www.avito.ma/fr/route_de_fès/villas_et_riads/Villa_melkia_400_m²_a_vendre_RT_de_Fès_Marrakech_57283800.htm,Vente,Villa,Marrakech,Route de Fès,1 150 000 DH,1150000,400,3,2,"Piscine, Terrasse","Belle villa malkia de 400 m² en vente située sur la route de Fès bâtie sur 2 étages dans un terrain de 400 m² avec piscine pas de Pui
La superficie habitable est de 200 m² en 2 étages, Le rez de chaussée se compose de 1 grand salon, 1 belle cuisine, 1 salle de bain des invitées, l étage contient 3 chambres a coucher avec placards, 1 salle de bain, 1 belle terrasse donne sur la piscine
Pour plus d informations veuillez nous contacter,",https://content.avito.ma/classifieds/images/10154145566?t=images,15,Professionnel,2026-09-30
58218540,avito,Prestigieux appart 2 chs 2ème étage Prestigia,https://www.avito.ma/fr/agdal/appartements/Prestigieux_appart_2_chs_2ème_étage_Prestigia_58218540.htm,Location,Appartement,Marrakech,Agdal,17 000 DH,17000,131,2,,"Jardin, Meublé","Appartement meublé de 131m² rez de jardin Prestigia Ambre à louer par mois.

L'appartement est au 2ème étage.

Pour plus d'information veuillez nous contacter.

Les photos sont réelles.

Valable juste pour les sérieux.",https://content.avito.ma/classifieds/images/10151566727?t=images,11,Professionnel,2026-09-30
58768650,avito,186339-Vente Villa à Marrakech M'Hamid de 10238 m²,https://www.avito.ma/fr/m_hamid/villas_et_riads/186339_Vente_Villa_à_Marrakech_M_Hamid_de_10238_m²_58768650.htm,Vente,Villa,Marrakech,M'Hamid,5 300 000 DH,5300000,10238,5,0,,"À vendre, belle villa située dans le quartier prisé de Saada-Tissir à Marrakech. D'une superficie totale de 10 238 m², cette propriété dispose de 5 chambres et d'un espace habitable de 220 m². Idéale pour une famille, elle offre un cadre de vie paisible et confortable. Prix : 5 300 000 Dhs.",https://content.avito.ma/classifieds/images/10155985265?t=images,20,Professionnel,2026-09-30
56017945,avito,CHIC apart à côté MACDO ROUTE DE CASA,https://www.avito.ma/fr/guéliz/appartements/CHIC_apart_à_côté_MACDO_ROUTE_DE_CASA_56017945.htm,Location,Appartement,Marrakech,Guéliz,350 DH,350,,2,,"Climatisation, Meublé",Appartement propre meublé climatisé proche de toutes les commodités,https://content.avito.ma/classifieds/images/10131486611?t=images,11,Professionnel,2026-09-30
58768578,avito,202475-Autre à louer à 18000DH à Hay Menara,https://www.avito.ma/fr/autre_secteur/villas_et_riads/202475_Autre_à_louer_à_18000DH_à_Hay_Menara_58768578.htm,Location,Riad,Marrakech,Autre Secteur,18 000 DH,18000,204,4,3,,"À louer à Hay Menara, Marrakech, superbe villa de 204 m² avec 4 chambres et 3 salles de bain. Ce bien spacieux, lumineux et bien agencé, est idéal pour une famille. Profitez de ses deux façades et d'un cadre de vie agréable. Loyer mensuel : 18 000 Dhs.",https://content.avito.ma/classifieds/images/10155984362?t=images,12,Professionnel,2026-09-30
57265060,avito,Joli appartement 1 chambre vide à louer,https://www.avito.ma/fr/hay_izdihar/appartements/Joli_appartement_1_chambre_vide_à_louer_57265060.htm,Location,Appartement,Marrakech,Hay Izdihar,4 000 DH,4000,,1,1,"Ascenseur, Terrasse, Cuisine équipée","- JOLI APPARTEMENT 1 CHAMBRE VIDE À LOUER-MARRAKECH :

- Je vous propose à la location longue durée un appartement 1 chambre vide. Au niveau du Rez-de-chaussée , proche de toutes de commodités( shopping, Café , Resturant .....), l’appartement est à 10 minutes de la place de jamaa lafna et la mosquée Koutoubia et à 5 minutes de centre ville-Marrakech , au cœur de Marrakech ,dans un environnement calme,sécurisé ,avec accès ascenseur,situé à Hay Charaf , il se composé de :

- 1 chambre avec placard ,
- cuisine équipée ,
- salon ,
- salle de bain ,
- terrasse ,
- Rez-de-chaussée ,
- sécurisé ,
- Ensoleillé,
- calme, 
- bon voisinage ,
- proche de toutes les commodités ,

- Statut : Location ,
- Type de bien : appartement ,

- Secteur : Hay Charaf ,
- Ville : Marrakech ,

- prix : 4 000 dh/mois,

- pour plus de renseignements ou visite, veuillez nous contacter.",https://content.avito.ma/classifieds/images/10155843829?t=images,11,Professionnel,2026-09-30
58770613,avito,studio avec ascenseur,https://www.avito.ma/fr/guéliz/appartements/studio_avec_ascenseur_58770613.htm,Location,Studio,Marrakech,Guéliz,250 DH,250,,1,,"Ascenseur, Climatisation, Terrasse, Meublé, Cuisine équipée","Je propose à la location un studio meublé de haut standing à Guéliz, Marrakech.
- Ascenseur
- Terrasse
- Cuisine équipée
- Climatisation
- 1 chambre
- Capacité : 4 personnes
Contactez-moi pour toute demande d'information.",https://content.avito.ma/classifieds/images/10155997023?t=images,4,Professionnel,2026-09-30
58770612,avito,Studio bien meublé,https://www.avito.ma/fr/guéliz/appartements/Studio_bien_meublé_58770612.htm,Location,Studio,Marrakech,Guéliz,250 DH,250,,1,,"Ascenseur, Climatisation, Terrasse, Meublé, Cuisine équipée","Je propose à la location un studio meublé de haut standing à Guéliz, Marrakech.
- Ascenseur
- Terrasse
- Cuisine équipée
- Climatisation
- 1 chambre
- Capacité : 4 personnes
Contactez-moi pour toute demande d'information.",https://content.avito.ma/classifieds/images/10155997032?t=images,5,Professionnel,2026-09-30
58770611,avito,Studio à Marrakech,https://www.avito.ma/fr/guéliz/appartements/Studio_à_Marrakech_58770611.htm,Location,Studio,Marrakech,Guéliz,250 DH,250,,1,,"Ascenseur, Climatisation, Terrasse, Meublé, Cuisine équipée","Je propose à la location un studio meublé de haut standing à Guéliz, Marrakech.
- Ascenseur
- Terrasse
- Cuisine équipée
- Climatisation
- 1 chambre
- Capacité : 4 personnes
Contactez-moi pour toute demande d'information.",https://content.avito.ma/classifieds/images/10155997071?t=images,4,Professionnel,2026-09-30
57103760,avito,Luxueux appartement Prestigia,https://www.avito.ma/fr/agdal/appartements/Luxueux_appartement_Prestigia_57103760.htm,Location,Appartement,Marrakech,Agdal,1 100 DH,1100,,2,2,"Jardin, Meublé, Sécurité / Gardien","Bienvenue dans notre somptueux appartement de 2 chambres et 2 salles de bains, situé dans le prestigieux quartier de Prestigia Golf City à Marrakech. Avec son ambiance luxueuse et son emplacement privilégié, cet appartement est parfait pour ceux qui cherchent à vivre une expérience exceptionnelle lors de leur séjour dans cette magnifique ville.

Dès votre arrivée, vous serez émerveillé par le design raffiné de l'appartement, alliant harmonieusement éléments traditionnels marocains et touches modernes. Les espaces de vie sont spacieux, baignés de lumière naturelle et décorés avec goût. Laissez-vous séduire par le confort des meubles haut de gamme et détendez-vous dans le salon élégant, idéal pour des moments de convivialité ou de relaxation.

La cuisine entièrement équipée vous permettra de préparer de délicieux repas, si vous souhaitez vous aventurer dans l'art culinaire marocain. Vous pourrez savourer vos créations dans la salle à manger attenante, où une table élégante offre un cadre idéal pour des dîners mémorables en famille ou entre amis.

Les deux chambres sont des havres de paix, offrant des lits confortables, des draps luxueux et un espace de rangement généreux pour vos effets personnels. Les salles de bains attenantes sont magnifiquement conçues avec des matériaux de qualité supérieure et proposent des équipements modernes. Vous pourrez vous détendre dans un bain relaxant ou prendre une douche revigorante après une longue journée de découverte de la ville.

L'appartement dispose également d'un espace jardin privé où vous pourrez profiter du climat ensoleillé de Marrakech. Imaginez-vous en train de siroter une tasse de thé à la menthe, confortablement installé dans les meubles d'extérieur, entouré de végétation luxuriante.

Prestigia Golf City est un quartier exclusif offrant une sécurité 24h/24 et une atmosphère paisible. Vous aurez accès à de nombreuses commodités haut de gamme, notamment un parcours de golf de renommée internationale, des restaurants raffinés, des spas luxueux et des espaces de détente. De plus, sa situation privilégiée vous permettra de rejoindre facilement les attractions les plus prisées de Marrakech.

Réservez dès maintenant notre luxueux appartement à Prestigia Golf City et offrez-vous un séjour inoubliable à Marrakech. Nous sommes impatients de vous accueillir et de vous faire vivre une expérience exceptionnelle dans cette magnifique ville.",https://content.avito.ma/classifieds/images/10140868541?t=images,18,Professionnel,2026-09-30
58770609,avito,Studio avec wifi,https://www.avito.ma/fr/guéliz/appartements/Studio_avec_wifi_58770609.htm,Location,Studio,Marrakech,Guéliz,250 DH,250,,1,,"Ascenseur, Climatisation, Terrasse, Meublé, Cuisine équipée","Je propose à la location un studio meublé de haut standing à Guéliz, Marrakech.
- Ascenseur
- Terrasse
- Cuisine équipée
- Climatisation
- 1 chambre
- Capacité : 4 personnes
Contactez-moi pour toute demande d'information.",https://content.avito.ma/classifieds/images/10155997083?t=images,4,Professionnel,2026-09-30
58770607,avito,Studio en centre-ville,https://www.avito.ma/fr/guéliz/appartements/Studio_en_centre_ville_58770607.htm,Location,Studio,Marrakech,Guéliz,250 DH,250,,1,,"Ascenseur, Climatisation, Terrasse, Meublé, Cuisine équipée","Je propose à la location un studio meublé de haut standing à Guéliz, Marrakech.
- Ascenseur
- Terrasse
- Cuisine équipée
- Climatisation
- 1 chambre
- Capacité : 4 personnes
Contactez-moi pour toute demande d'information.",https://content.avito.ma/classifieds/images/10155997191?t=images,6,Professionnel,2026-09-30
58770606,avito,Studio bien meublé,https://www.avito.ma/fr/guéliz/appartements/Studio_bien_meublé_58770606.htm,Location,Studio,Marrakech,Guéliz,250 DH,250,,1,,"Ascenseur, Climatisation, Terrasse, Meublé, Cuisine équipée","Je propose à la location un studio meublé de haut standing à Guéliz, Marrakech.
- Ascenseur
- Terrasse
- Cuisine équipée
- Climatisation
- 1 chambre
- Capacité : 4 personnes
Contactez-moi pour toute demande d'information.",https://content.avito.ma/classifieds/images/10155997238?t=images,5,Professionnel,2026-09-30
58686351,avito,Lot de villa en vente résidence rte de casa,https://www.avito.ma/fr/route_de_casablanca/terrains_et_fermes/Lot_de_villa_en_vente_résidence_rte_de_casa_58686351.htm,Vente,Villa,Marrakech,Route de Casablanca,1 600 000 DH,1600000,375,,,,"L'agence Stone immobilier met à la vente un lot de villa de 375 m² 
Le lot fait l'angle, il a deux façades et se trouve dans une résidence sécurisée sur la route de Casa 
Prix de vente : 1600000 Dhs",https://content.avito.ma/classifieds/images/10155392207?t=images,5,Professionnel,2026-09-30
55811696,avito,"Appartement à vendre 83 m² à semlalia, guéliz",https://www.avito.ma/fr/guéliz/appartements/Appartement_à_vendre_83_m²_à_semlalia__guéliz_55811696.htm,Vente,Appartement,Marrakech,Guéliz,1 550 000 DH,1550000,84,2,2,"Ascenseur, Climatisation, Balcon, Parking / Garage, Cuisine équipée","Découvrez cet appartement neuf de 84 m², situé dans la prestigieuse résidence Jnane Nizar, au cœur de Semlalia, Guéliz, Marrakech. Offrant un cadre de vie moderne et confortable, cet appartement est idéal pour les familles ou les professionnels à la recherche d’un logement de qualité.

Caractéristiques de l’appartement :

• 3Pièces : 2 chambres spacieuses, 1 salon lumineux, 2 salles de bains modernes et une cuisine équipée et 2 balcon .

• Finitions haut de gamme : Climatisation centralisée, sols en marbre et double cloisonnement pour une meilleure isolation thermique et acoustique.

Services de la résidence :

• Ascenseur moderne pour un accès facilité.
• Parking souterrain sécurisé pour votre tranquillité.

Cet appartement est à proximité immédiate des écoles, pharmacies, supermarchés et autres commodités, tout en bénéficiant d’un accès rapide aux principaux axes de Marrakech.",https://content.avito.ma/classifieds/images/10155799769?t=images,15,Professionnel,2026-09-30
58736835,avito,Local commercial près de la gare routière,https://www.avito.ma/fr/azzouzia/local/Local_commercial_près_de_la_gare_routière_58736835.htm,Vente,Commerce,Marrakech,Azzouzia,4 560 000 DH,4560000,66,,,,"À deux pas de la gare routière de Marrakech, local commercial de 1er choix avec une superficie de 
- 66 m² RDC 
- 29 m² mezzanine 
- 67 m² sous sol.
N'hésitez pas à nous contacter pour toute autre information.",https://content.avito.ma/classifieds/images/10155753543?t=images,1,Professionnel,2026-09-30
58664525,avito,Terrain de 1HA pour Villa ou Maison D'Hotes,https://www.avito.ma/fr/route_d_ourika/terrains_et_fermes/Terrain_de_1HA_pour_Villa_ou_Maison_D_Hotes_58664525.htm,Vente,Terrain,Marrakech,Route d'Ourika,1 400 000 DH,1400000,10000,,,,Terrain Titré de exactement 1 Hectare ( 10.000 m2 ) à vendre sur la Route de L’Ourika. Lieu prisé et à proximité de plusieurs Maison D’hôtes.,https://content.avito.ma/classifieds/images/10155364159?t=images,5,Particulier,2026-09-30
58736995,avito,La maison à vendre est située à Marrakech à 18 km,https://www.avito.ma/fr/route_de_ouarzazate/maisons/La_maison_à_vendre_est_située_à_Marrakech_à_18_km_58736995.htm,Vente,Maison,Marrakech,Route de Ouarzazate,550 000 DH,550000,65,4,2,,"La maison à vendre est située à l'extérieur de Marrakech, à 18 km de la ville.",https://content.avito.ma/classifieds/images/10155860055?t=images,9,Professionnel,2026-09-30
58670208,avito,Studio meublé dans une résidence fermée,https://www.avito.ma/fr/av_mohammed_vi/appartements/Studio_meublé_dans_une_résidence_fermée_58670208.htm,Location,Studio,Marrakech,Av Mohammed VI,9 000 DH,9000,,1,1,"Terrasse, Meublé, Sécurité / Gardien","Beau studio meublé à louer avec une belle terrasse 
Situé au Rez de chaussée dans une résidence fermée et sécurisée sur le bv Mohamed 6.",https://content.avito.ma/classifieds/images/10155266137?t=images,6,Professionnel,2026-09-30
57883007,avito,Studio à vendre 63 m² à Victor Hugo,https://www.avito.ma/fr/victor_hugo/appartements/Studio_à_vendre_63_m²_à_Victor_Hugo_57883007.htm,Vente,Studio,Marrakech,Victor Hugo,17 900 DH,17900,63,1,1,"Ascenseur, Climatisation, Terrasse, Parking / Garage, Cuisine équipée","Offrez-vous un cadre de vie moderne au cœur de Marrakech avec ce superbe studio sur plan situé dans le nouveau projet premium Vallée de Guéliz 4 signé MyBayt Immobilier.

📍 Emplacement stratégique – Zone Victor Hugo, Guéliz
🏢 Résidence moderne avec finition premium
🌴 Architecture contemporaine & prestations haut de gamme

🔹 Descriptif du bien :
Studio N°08 – 1er étage
Surface habitable : 54 m²
Terrasse privative : 9 m²
Surface totale : 63 m²

🔹 Composition :
Salon lumineux avec accès terrasse
Chambre confortable avec rangement
Kitchenette moderne équipée en trio
Salle de bain contemporaine
Terrasse agréable idéale pour détente

🔹 Prestations premium :
✔ Climatisation centralisée
✔ Cuisine équipée
✔ Ascenseur premium
✔ Parking titré
✔ Marbre et matériaux haut de gamme
✔ Résidence sécurisée avec vidéosurveillance

💰 Prix du m² : 17 900 DH

Un investissement idéal pour habitation principale, résidence secondaire ou investissement locatif au cœur de Guéliz.",https://content.avito.ma/classifieds/images/10151256829?t=images,6,Professionnel,2026-09-30
57854094,avito,Terrain Villa 17km Marrakech,https://www.avito.ma/fr/route_de_casablanca/terrains_et_fermes/Terrain_Villa_17km_Marrakech_57854094.htm,Vente,Terrain,Marrakech,Route de Casablanca,450 000 DH,450000,2500,,,,Terrain Villa,https://content.avito.ma/stores-covers/pl/ad_pl_cat_1080_sell.jpg,1,Professionnel,2026-09-30
56266488,avito,Appartement ensoleillé au Centre Ville,https://www.avito.ma/fr/centre_ville/appartements/Appartement_ensoleillé_au_Centre_Ville_56266488.htm,Location,Appartement,Marrakech,Centre Ville,300 DH,300,,2,,,pour plus d'informations et réservations contactez nous,https://content.avito.ma/classifieds/images/10133100525?t=images,8,Professionnel,2026-09-30
56280298,avito,Super studio pour vos familles,https://www.avito.ma/fr/guéliz/appartements/Super_studio_pour_vos_familles_56280298.htm,Location,Studio,Marrakech,Guéliz,350 DH,350,,2,,,Location de vacances à Marrakech Gueliz à la nuitée. Près de la gare de train de Gueliz à la nuitée.,https://content.avito.ma/classifieds/images/10133229829?t=images,6,Professionnel,2026-09-30
56628012,avito,ATLAS MOUNTAIN VIEW - Villa Premium Finie Type E/E’,https://www.avito.ma/fr/route_d_ourika/villas_et_riads/ATLAS_MOUNTAIN_VIEW___Villa_Premium_Finie_Type_E_E__56628012.htm,Vente,Villa,Marrakech,Route d'Ourika,3 400 000 DH,3400000,300,4,3,"Piscine, Jardin, Terrasse, Parking / Garage, Vue dégagée / Atlas / Golf","ATLAS MOUNTAIN VIEW Résidences & Resort (AMV) Marrakech

Votre Villa Premium Finie Type E/E’  

Ne choisissez plus entre confort et durabilité, Tout y est.

ATLAS MOUNTAIN VIEW Residences & Resort à 7 min du boulevard Mohamed VI, dans un environnement naturel promet un cadre de vie idyllique.  
Chaque détail a été soigneusement pensé pour profiter pleinement des avantages de la modernité dans une atmosphère raffinée tout en admirant les montagnes de l’Atlas à perte de vue.  

Bénéficiez d’un concept unique et un cadre de vie d’exception :  
◆ 9 Résidences indépendantes, fermées et sécurisées reliées par une magnifique « Coulée verte » de 5,7 hectares idéale pour vos promenades.  
◆ Piscine commune de 300m2, aire de jeux et espaces verts au sein de chaque résidence pour un cadre familial idyllique.  
◆ Mobilité douce privilégiée: parking sous terrain, circulation à pied ou en golfette pour préserver votre tranquillité et un environnement sain.  
◆ Des villas premium finies éco-conçues : aux matériaux durables, aux installations exclusives et au design contemporain pour un confort absolu, alliant bien-être et sérénité.  
◆ Services et installations à portée de main : simplifiez-vous la vie grâce aux différents espaces pensés pour votre quiétude au quotidien :  
Équipements & Services : Service de conciergerie, Crèche, École, Kids Club, Centre Commercial....  
Espaces Sportifs : Salles de sports, 10 kms de piste cyclable & parcours de footing sécurisés, Terrains de football, Courts de tennis & Padel, Piscines couvertes, SPA & Hammam...  
Espaces Naturels : Coulée verte, Ferme pédagogique aménagée, Jardins....  
Espaces Culturels : Médiathèque, Bibliothèque, Mosquée, Centre Culturel, Activités & Soutien scolaire...  

Nos villas contemporaines de type E/E’ aux finitions haut de gamme, d’une superficie à partir de 323m2 habitables comprend 4 chambres dont une master room, équipé de confort domotique, jardin privatif entretenu, le rooftop végétalisé, piscine creusée vous offrirons des lieux de vie raffinés et confortables.  
Au sous-sol se trouve un vaste séjour donnant sur une cour anglaise, une cuisine aménagée et équipée d’un four multifonction, d’une hotte et d’une plaque de cuisson, une salle de bain.  
Au rez-de-chaussée se trouve le séjour donnant sur un jardin privatif, wc invités.  
À l’étage 4 chambres dont une master-room, 2 salles de bain, dressing, terrasse.  
Le rooftop aménagé avec vue dégagée sur les montagne de l’Atlas.  

Atlas Mountain View est bien plus qu'un resort, c’est un investissement responsable pour un avenir durable.  
Design Épuré, Cadre Idyllique, Services & Commodités...Tout y est, Laissez-vous tenter...  

Réservez, dès à présent, votre Villa Premium finie, dans un écrin de verdure, avec toutes les commodités à portée de main, à partir 4,1 Mdhs.",https://content.avito.ma/classifieds/images/10136394994?t=images,10,Professionnel,2026-09-30
58770616,avito,Appartement Semlalia,https://www.avito.ma/fr/semlalia/appartements/Appartement_Semlalia_58770616.htm,Vente,Appartement,Marrakech,Semlalia,850 000 DH,850000,47,1,1,,Immeuble neuf,https://content.avito.ma/classifieds/images/10155998178?t=images,1,Particulier,2026-09-30
57947911,avito,Appartement confortable centre ville Gueliz Wifi,https://www.avito.ma/fr/guéliz/appartements/Appartement_confortable_centre_ville_Gueliz_Wifi_57947911.htm,Location,Appartement,Marrakech,Guéliz,400 DH,400,72,1,1,,Appartement bien équipé et confortable au centre-ville de Gueliz,https://content.avito.ma/classifieds/images/10149292665?t=images,3,Professionnel,2026-09-30
55814272,avito,🏡 Studio à vendre – Centre-ville de Marrakech,https://www.avito.ma/fr/guéliz/appartements/___Studio_à_vendre___Centre_ville_de_Marrakech_55814272.htm,Vente,Studio,Marrakech,Guéliz,1 380 000 DH,1380000,69,1,1,Ascenseur,"🏡 Studio à vendre – Centre-ville de Marrakech

📍 Emplacement : à proximité de l’Hôtel Al Kabir, Guéliz
📐 Superficie : 69 m²
🏢 3ᵉ étage
🛗 Résidence avec ascenseur
💰 Prix : 1 380 000 DH

✨ Excellent emplacement au cœur de Marrakech, idéal pour résidence principale, pied-à-terre ou investissement locatif.

📞 Pour plus d’informations ou pour organiser une visite, contactez-nous.",https://content.avito.ma/classifieds/images/10128751628?t=images,7,Professionnel,2026-09-30
58637752,avito,APPARTEMENT lumineux B 55 à gueliz,https://www.avito.ma/fr/guéliz/appartements/APPARTEMENT_lumineux_B_55_à_gueliz_58637752.htm,Location,Appartement,Marrakech,Guéliz,350 DH,350,,1,,"Ascenseur, Piscine","Très bel appartement au centre de Marrakech à Guéliz, uniquement pour les familles, dans une résidence calme et propre avec ascenseur, salle de sport et piscine à Guéliz.",https://content.avito.ma/classifieds/images/10155029153?t=images,9,Professionnel,2026-09-30
56158208,avito,Villa d'un hectare au km 20 route d'Ourika,https://www.avito.ma/fr/route_d_ourika/villas_et_riads/Villa_d_un_hectare_au_km_20_route_d_Ourika_56158208.htm,Location,Villa,Marrakech,Route d'Ourika,3 800 DH,3800,,,,"Piscine, Jardin, Cuisine équipée","L'agence Stone immobilier met à la location vacances une belle et spacieuse villa d'un hectare km 20 sur la route d'Ourika 
La villa est dotée d'une très belle vue sur les montagnes de l'Atlas, elle est composé d'une grande suite et de cinq chambres avec leurs propres salles de bain, Deux grands salons, salle d'eau public, cuisine équipée, très grand jardin avec une piscine et un terrains multi sports",https://content.avito.ma/classifieds/images/10131996842?t=images,12,Professionnel,2026-09-30
58516404,avito,Appartement meublé à louer,https://www.avito.ma/fr/route_de_casablanca/appartements/Appartement_meublé_à_louer_58516404.htm,Location,Appartement,Marrakech,Route de Casablanca,250 DH,250,,2,,"Ascenseur, Climatisation, Balcon, Parking / Garage, Meublé, Cuisine équipée","Je propose à la location un appartement meublé et bien équipé sur la Route de Casablanca à Marrakech.
- Moins de 1 an
- Balcon
- Ascenseur
- Climatisation
- Cuisine équipée
- Parking
- Standing économique
- Disponibilité immédiate
Contactez moi pour plus d'informations.",https://content.avito.ma/classifieds/images/10155824664?t=images,7,Professionnel,2026-09-30
58667519,avito,🏠 Maison commerciale à vendre dans le quartier Sokouma – Marrakech,https://www.avito.ma/fr/socoma/maisons/___Maison_commerciale_à_vendre_dans_le_quartier_Sokouma___Marrakech_58667519.htm,Vente,Maison,Marrakech,Socoma,1 840 000 DH,1840000,120,7,4,,"🏠 Maison commerciale à vendre dans le quartier Sokouma – Marrakech
Belle opportunité d'acquérir une maison à usage commercial, située dans un emplacement stratégique dans le quartier Sokouma de Marrakech, se caractérisant par sa situation à deux rues (angle/équerre), ce qui lui offre deux façades et une bonne exploitation du local commercial.
Détails du bien:
📐 Surface totale: 120 mètres carrés
🏠 La maison dispose de deux façades et donne sur la rue
🏪 Rez-de-chaussée: grand magasin commercial indépendant, en plus d'une partie d'habitation composée de deux chambres, salon, cuisine et salle de bains
🛏️ 1er étage: deux chambres + salon + salons ouverts + salle de bains
🛏️ 2e étage: 3 chambres + séjour + cuisine + salle de bains
🌤️ Toit: une pièce + cuisine + salle de bains + espace vaste pouvant être exploité
✨ Finition bonne, avec carrelage, murs et sols en bon état
📑 Documents
Le bien dispose d'un certificat de propriété et d'un certificat d'enregistrement foncier.
📍 Emplacement
Le bien se situe dans le quartier Sokouma – Marrakech, dans une zone dynamique proche de diverses infrastructures et services, avec un accès facile aux routes principales menant à Essaouira et à Agadir et à différentes zones de Marrakech.
💼 Le bien convient à la fois pour l'habitation et pour l'investissement commercial, notamment grâce au local commercial et aux deux façades.
📞 Pour plus d'informations ou pour fixer une visite",https://content.avito.ma/classifieds/images/10155246641?t=images,30,Professionnel,2026-09-30
57158494,avito,Projet de Villa premium - Route de l'Ourika,https://www.avito.ma/fr/route_d_ourika/villas_et_riads/Projet_de_Villa_premium___Route_de_l_Ourika_57158494.htm,Vente,Villa,Marrakech,Route d'Ourika,4 600 000 DH,4600000,500,4,4,"Piscine, Terrasse, Cheminée","OURIKA VALLEY – Un Domaine Privé & Confidentiel

À seulement 15 minutes de Marrakech, Ourika Valley s’étend sur 15 hectares autour d’un lagon, avec 147 villas de très haut standing et des espaces pensés pour la sérénité :

Circulations piétonnes, allées paysagées & cœur vert
Salle de sport panoramique
2 terrains de padel & 1 terrain multisport
Espace jeux enfants & promenade autour du lagon
Centre commercial intégré

Un cadre de vie apaisé, moderne et naturel, où chaque détail est pensé pour le confort.

VILLA ZIRI — Modernité & Lignes Épurées
À partir de 4.600.000 DHS
Route d’Ourika, Km 12 – Domaine Ourika Valley
Compacte, lumineuse et raffinée, la Villa ZIRI (368 m² habitables) est conçue pour ceux qui cherchent un équilibre parfait entre esthétique et fonctionnalité. Les volumes sont ouverts, les lignes contemporaines, et la lumière y circule librement.

2 suites dont une parentale & 2 chambres supplémentaires
Triple salon avec cheminée, cuisine semi-ouverte
Piscine de 8 m, solarium, chambre du personnel
Grande terrasse de 46 m², domotique et confort haut de gamme
À quelques minutes du centre-ville, Ourika Valley s’étend sur 15 hectares autour d’un lagon paysager, dans un cadre exceptionnel entre montagnes et modernité.

Équipements exclusifs & intégrés en toute discrétion :

• 2 terrains de padel & 1 terrain multisport
• Salle de sport panoramique avec vue sur le lagon & l’Atlas
• Aire de jeux pour enfants & promenade autour du lagon
• Centre commercial intégré
• Circulations piétonnes, allées végétalisées & cœur vert central

Un art de vivre entre luxe, nature et tranquillité, réservé à ceux qui recherchent plus qu’une résidence : une expérience unique.

Paiement échelonné sur 18 mois
Livraison prévue : Fin 2027- Fin 2028",https://content.avito.ma/classifieds/images/10147039768?t=images,20,Professionnel,2026-09-30
58768596,avito,199762-Vente Terrain à Marrakech Douar Laaskar de,https://www.avito.ma/fr/autre_secteur/terrains_et_fermes/199762_Vente_Terrain_à_Marrakech_Douar_Laaskar_de_58768596.htm,Vente,Terrain,Marrakech,Autre Secteur,2 060 000 DH,2060000,36011,,,,"À vendre, terrain de 36 011 m² situé dans le quartier prisé de Douar Laaskar à Marrakech. Idéal pour un projet immobilier, ce bien est proposé au prix de 2 060 000 Dhs. Ne manquez pas cette opportunité d'investir dans un secteur en plein développement.",https://content.avito.ma/classifieds/images/10155984547?t=images,4,Professionnel,2026-09-30
58259741,avito,"À louer, Superbe appartement-Prestigia Golf Argan",https://www.avito.ma/fr/autre_secteur/appartements/À_louer__Superbe_appartement_Prestigia_Golf_Argan_58259741.htm,Location,Appartement,Marrakech,Autre Secteur,11 000 DH,11000,,2,2,"Piscine, Jardin, Terrasse, Meublé, Cuisine équipée","Appartement meublé haut standing à louer
Magnifique appartement meublé de 2 chambres, situé au 1er étage, avec une vue sur le jardin et la grande piscine. Il comprend un salon avec terrasse, une cuisine équipée, 2 salles de bain (dont une dans la chambre parentale) ainsi que 2 balcons, un dans chaque chambre. Un cadre de vie calme, élégant et sécurisé, à proximité de toutes les commodités.",https://content.avito.ma/classifieds/images/10151902305?t=images,8,Particulier,2026-09-30
56620548,avito,ATLAS MOUNTAIN VIEW - Villa Premium Finie Type A/A’,https://www.avito.ma/fr/route_d_ourika/villas_et_riads/ATLAS_MOUNTAIN_VIEW___Villa_Premium_Finie_Type_A_A__56620548.htm,Vente,Villa,Marrakech,Route d'Ourika,3 300 000 DH,3300000,300,4,3,"Piscine, Jardin, Terrasse, Parking / Garage, Vue dégagée / Atlas / Golf","Atlas Mountain View Residences & Resort (AMV) Marrakech

Votre Villa Premium Finie Type A/A’  

Ne choisissez plus entre confort et durabilité, Tout y est.

ATLAS MOUNTAIN VIEW Residences & Resort à 7 min du boulevard Mohamed VI, dans un environnement naturel promettant un cadre de vie idyllique.  
Chaque détail a été soigneusement pensé pour profiter pleinement des avantages de la modernité dans une atmosphère raffinée tout en admirant les montagnes de l’Atlas à perte de vue.  

Bénéficiez d’un concept unique et un cadre de vie d’exception :  
◆ 9 Résidences indépendantes, fermées et sécurisées reliées par une magnifique « Coulée verte » de 5,7 hectares idéale pour vos promenades.  
◆ Piscine commune de 300m2, aire de jeux et espaces verts au sein de chaque résidence pour un cadre familial idyllique.  
◆ Mobilité douce privilégiée: parking sous terrain, circulation à pied ou en golfette pour préserver votre tranquillité et un environnement sain.  
◆ Des villas premium finies éco-conçues : aux matériaux durables, aux installations exclusives et au design contemporain pour un confort absolu, alliant bien-être et sérénité.  
◆ Services et installations à portée de main : simplifiez-vous la vie grâce aux différents espaces pensés pour votre quiétude au quotidien :  
Équipements & Services : Service de conciergerie, Crèche, École, Kids Club, Centre Commercial....  
Espaces Sportifs : Salles de sports, 10 kms de piste cyclable & parcours de footing sécurisés, terrains de football, courts de tennis & padel, piscines couvertes, SPA & Hammam...  
Espaces Naturels : Coulée verte, Ferme pédagogique aménagée, Jardins....  
Espaces Culturels : Médiathèque, bibliothèque, mosquée, centre culturel, activités & soutien scolaire...   

Nos villas contemporaines de type A/A’ aux finitions haut de gamme, d’une superficie à partir de 323m2 habitables comprennent 4 chambres dont une master room, équipée de confort domotique, jardin privatif entretenu, le rooftop végétalisé, piscine creusée vous offriront des lieux de vie raffinés et confortables.  
Au sous-sol se trouve un séjour donnant sur une cour anglaise, une cuisine aménagée et équipée d’un four multifonction, d’une hotte et d’une plaque de cuisson, une chambre de service ou remise, une salle de bain.  
Au rez-de-chaussée se trouve le séjour donnant sur un jardin privatif, wc invités.  
À l’étage 4 chambres dont une master-room, 2 salles de bain, dressing, terrasse.  
Le rooftop aménagé avec vue dégagée sur les montagnes de l’Atlas.  

Atlas Mountain View est bien plus qu'un resort, c’est un investissement responsable pour un avenir durable.  
Design Épuré, Cadre Idyllique, Services & Commodités... Tout y est, Laissez-vous tenter...

Réservez, dès à présent, votre Villa Premium finie, dans un écrin de verdure, avec toutes les commodités de la vie à portée de main, à partir 3,9 Mdhs.",https://content.avito.ma/classifieds/images/10136388561?t=images,9,Professionnel,2026-09-30
56815734,avito,Appartement climatisé près de la gare de train Zara Gueliz,https://www.avito.ma/fr/guéliz/appartements/Appartement_climatisé_près_de_la_gare_de_train_Zara_Gueliz_56815734.htm,Location,Appartement,Marrakech,Guéliz,400 DH,400,704,1,1,"Ascenseur, Climatisation, Balcon, Parking / Garage","Appartement bien équipé, propre, près de McDonald's Gueliz Zara, avec balcon, parking, ascenseur, cuisine américaine, près de tous les commerces, Wi-Fi gratuit",https://content.avito.ma/classifieds/images/10137982889?t=images,3,Professionnel,2026-09-30
58591057,avito,Appartements à louer vide..,https://www.avito.ma/fr/massira_1/appartements/Appartements_à_louer_vide___58591057.htm,Location,Appartement,Marrakech,Massira 1,3 500 DH,3500,70,2,1,,Appartements à louer vide Massira 1,https://content.avito.ma/classifieds/images/10155707312?t=images,7,Professionnel,2026-09-30
58713294,avito,Studio Double à partir de 150 dhs,https://www.avito.ma/fr/bouaakkaz/appartements/Studio_Double_à_partir_de_150_dhs_58713294.htm,Location,Studio,Marrakech,Bouaakkaz,150 DH,150,,3,,,"Studio double (2 lits simples), avec une douche, toilette et un lavabo.
Localisation: Bouaakaz Zerktouni, 10 minutes de l’aéroport de Marrakech.
Prix: À partir de 150 dhs/nuit.",https://content.avito.ma/classifieds/images/10155581841?t=images,3,Particulier,2026-09-30
58611341,avito,Lotissement R1 de 22360 m² début Rte Ouarzazate,https://www.avito.ma/fr/palmeraie/terrains_et_fermes/Lotissement_R1_de_22360_m²_début_Rte_Ouarzazate_58611341.htm,Vente,Terrain,Marrakech,Palmeraie,25 000 000 DH,25000000,22360,,,,"L'agence Stone immobilier met à la vente un terrain de 2H, 23a, 60ca (22360 m²)
le terrain se trouve au début route de Ouarzazate à la palmeraie, très bon emplacement pour résidence ou lotissement moyen standing 
zone lotissement E1 (R+1)
Prix de vente : 25000000",https://content.avito.ma/classifieds/images/10154816116?t=images,3,Professionnel,2026-09-30
58559943,avito,Villa 1000 m² à louer route Ourika Marrakech,https://www.avito.ma/fr/route_d_ourika/villas_et_riads/Villa_1000_m²_à_louer_route_Ourika_Marrakech_58559943.htm,Location,Villa,Marrakech,Route d'Ourika,15 000 DH,15000,1000,4,3,,"Belle villa de 1000 m² en location meublée située sur la route de Sidi Abdalah Ghyat à 13 kilomètres de la médina accès facile à 100 mètres du goudron clôturée avec entrée privée bien orientée possède un espace vert de 800 m²
La villa est plein pied se compose de 4 chambres à coucher dont une parentale , 1 grand salon , 1 séjour , 1 cuisine bien équipée , 2 salle de bains ,
N B , les conditions du loyer sont , 1 mois de loyer ,2 mois caution , 1 mois frais d agence
Pour plus d informations veuillez nous contacter",https://content.avito.ma/classifieds/images/10154386056?t=images,14,Professionnel,2026-09-30
58770545,avito,Location appartement à Es saada,https://www.avito.ma/fr/es_saada/appartements/Location_appartement_à_Es_saada_58770545.htm,Location,Appartement,Marrakech,Es Saada,250 DH,250,63,2,1,Balcon,"Deux chambres à coucher, salle de bain, balcon, cuisine",https://content.avito.ma/classifieds/images/10155994429?t=images,6,Particulier,2026-09-30
58770542,avito,PRESTIGIA T3 Vue piscine,https://www.avito.ma/fr/agdal/appartements/PRESTIGIA_T3_Vue_piscine_58770542.htm,Vente,Appartement,Marrakech,Agdal,2 200 000 DH,2200000,90,2,2,"Ascenseur, Climatisation, Piscine, Terrasse, Parking / Garage, Meublé, Cuisine équipée, Vue dégagée / Atlas / Golf","LEV IMMO vous propose à la vente un bel appartement de 77 m², situé au 2ᵉ étage sans ascenseur, au sein de la résidence Prestigia.

L’appartement se compose de :

* 2 chambres
* 2 salles de bain avec WC
* Cuisine équipée
* Climatisation dans toutes les pièces
* Terrasse avec très belle vue dégagée sur la piscine
* Parking extérieur

La résidence dispose de 2 piscines collectives avec transats.

L’appartement peut être vendu meublé ou vide, selon les besoins de l’acquéreur.

Prix de vente : 2 200 000 MAD
Frais d’agence : 2,5 % HT du prix de vente.

Pour plus d’informations ou pour organiser une visite, contactez LEV IMMO.",https://content.avito.ma/classifieds/images/10155997899?t=images,5,Particulier,2026-09-30
58159086,avito,appartement à vendre Ain mazouar..,https://www.avito.ma/fr/ain_mezouar/appartements/appartement_à_vendre_Ain_mazouar___58159086.htm,Vente,Appartement,Marrakech,Ain Mezouar,520 000 DH,520000,68,2,1,,"Appartements a vendre.

..

,",https://content.avito.ma/classifieds/images/10155644742?t=images,1,Professionnel,2026-09-30
56259699,avito,Appartement à vendre 83 m² à Guéliz Marrakech,https://www.avito.ma/fr/guéliz/appartements/Appartement_à_vendre_83_m²_à_Guéliz_Marrakech_56259699.htm,Vente,Appartement,Marrakech,Guéliz,1 640 000 DH,1640000,83,2,2,"Ascenseur, Climatisation, Piscine, Parking / Garage, Cuisine équipée","Groupe Jnane Nizar vous propose un appartement neuf, prêt à être habité, idéalement situé dans le quartier recherché de Guéliz, dans un cadre de vie privilégié, à proximité immédiate de toutes les commodités essentielles : pharmacies, écoles, supermarchés et bien plus encore. Son emplacement stratégique allie praticité, confort et modernité, parfait pour une résidence principale ou un investissement immobilier.

Détails du bien :

Superficie : 83 m²

Composition : 2 chambres, salon lumineux, 2 salles de bain, 2 balcons

Cuisine équipée : four, plaque de cuisson, hotte

Finitions haut de gamme : marbre élégant, isolation thermique et phonique

Confort : climatisation centralisée, équipements sanitaires modernes

Prestations de la résidence :

Piscine résidentielle

Salle de sport moderne

Ascenseur moderne

Parking souterrain sécurisé

Emplacement stratégique, proche de toutes les commodités

Avantages :

Livraison immédiate

Prix déclaré à 100 %

Contactez-nous pour plus d’informations ou pour organiser une visite.",https://content.avito.ma/classifieds/images/10155799554?t=images,15,Professionnel,2026-09-30
57715624,avito,"Appartement avec 1 balcon, 2ème étage",https://www.avito.ma/fr/autre_secteur/appartements/Appartement_avec_1_balcon__2ème_étage_57715624.htm,Vente,Appartement,Marrakech,Autre Secteur,540 000 DH,540000,56,2,1,Balcon,"Deux chambres, salon, cuisine, salle de bain, balcon
A vendre Mahamid 9
Avec soutien",https://content.avito.ma/classifieds/images/10147174603?t=images,4,Professionnel,2026-09-30
57588961,avito,Appartement meublé à louer Mabrouka..,https://www.avito.ma/fr/mabrouka/appartements/Appartement_meublé_à_louer_Mabrouka___57588961.htm,Location,Appartement,Marrakech,Mabrouka,4 000 DH,4000,75,2,1,Meublé,Appartement meublé à louer Mabrouka..,https://content.avito.ma/classifieds/images/10155702456?t=images,8,Professionnel,2026-09-30
58736796,avito,Terrain autorisé pour école d'enseignement privé,https://www.avito.ma/fr/targa/terrains_et_fermes/Terrain_autorisé_pour_école_d_enseignement_privé_58736796.htm,Vente,Terrain,Marrakech,Targa,5 500 DH,5500,3330,,,,"Terrain autorisé pour une école d'enseignement privé, ayant les caractéristiques suivantes :
- Superficie : 3330 m²
- Consistance : 2 caves et R+2
- Prix : 5500 DH/m².

Nous restons à votre entière disposition pour toute autre information.",https://content.avito.ma/classifieds/images/10155753291?t=images,1,Professionnel,2026-09-30
55279565,avito,Allo vacances chez Adam appartements class.,https://www.avito.ma/fr/guéliz/appartements/Allo_vacances_chez_Adam_appartements_class__55279565.htm,Location,Appartement,Marrakech,Guéliz,300 DH,300,,1,,Piscine,J'ai des appartements à louer à gueliz Marrakech avec piscine et salle de sport pour les familles.,https://content.avito.ma/classifieds/images/10122689849?t=images,5,Professionnel,2026-09-30
56731192,avito,"Beau weekend à Marrakech, appartement à louer.",https://www.avito.ma/fr/guéliz/appartements/Beau_weekend_à_Marrakech__appartement_à_louer__56731192.htm,Location,Appartement,Marrakech,Guéliz,300 DH,300,,1,,Piscine,J'ai des appartements à louer à Guéliz Marrakech avec piscine et salle de sport pour les familles.,https://content.avito.ma/classifieds/images/10137271757?t=images,6,Professionnel,2026-09-30
56232498,avito,Appartement Propre et Calme,https://www.avito.ma/fr/centre_ville/appartements/Appartement_Propre_et_Calme_56232498.htm,Location,Appartement,Marrakech,Centre Ville,400 DH,400,,2,,,"Appartement à louer à la journée disponible à Marrakech, idéalement situé à proximité de toutes les commodités, équipé et comprenant un salon, une cuisine, deux chambres et une salle de bain.",https://content.avito.ma/classifieds/images/10132772150?t=images,5,Professionnel,2026-09-30
58666389,avito,Appartement à louer meublé,https://www.avito.ma/fr/hivernage/appartements/Appartement_à_louer_meublé_58666389.htm,Location,Appartement,Marrakech,Hivernage,10 000 DH,10000,80,2,2,"Ascenseur, Climatisation, Parking / Garage, Meublé","Appartement à louer meublé, 2 chambres, salon, salle de bain, 3e étage avec ascenseur, parking sous-sol 3, climatisation, garonde ateras agence immobilier, les frais de l'agence par mois (10000dh),",https://content.avito.ma/classifieds/images/10155238526?t=images,17,Professionnel,2026-09-30
58770458,avito,Superbe Appartement au Cœur de Guéliz,https://www.avito.ma/fr/guéliz/appartements/Superbe_Appartement_au_C_ur_de_Guéliz_58770458.htm,Location,Appartement,Marrakech,Guéliz,250 DH,250,,2,,"Ascenseur, Climatisation, Piscine, Terrasse, Balcon, Parking / Garage, Meublé, Cuisine équipée, Sécurité / Gardien","Studio haut standing meublé à louer à Guéliz, Marrakech.
- 2 chambres
- Capacité : 4 personnes
- Ascenseur, concierge, balcon, sécurité, terrasse, parking
- WIFI, climatisation, piscine, chauffage, télévision
- Cuisine équipée, machine à laver, fer à repasser
- Serviettes, articles de toilettage, équipements enfants
- Horaire d'arrivée : 13h00, Horaire de départ : 12h00
Pour plus d'informations, contactez-moi.",https://content.avito.ma/classifieds/images/10155995839?t=images,5,Professionnel,2026-09-30
55601358,avito,Terrain Villa 16km Marrakech bonne affaire,https://www.avito.ma/fr/route_de_fès/terrains_et_fermes/Terrain_Villa_16km_Marrakech_bonne_affaire_55601358.htm,Vente,Terrain,Marrakech,Route de Fès,320 000 DH,320000,660,,,,"Terrain Villa 16km Marrakech bonne affaire mlkiya
660m²
Zone touristique",https://content.avito.ma/classifieds/images/10126808397?t=images,3,Professionnel,2026-09-30
58667820,avito,Appartement spacieux à vendre à Targa,https://www.avito.ma/fr/targa/appartements/Appartement_spacieux_à_vendre_à_Targa_58667820.htm,Vente,Appartement,Marrakech,Targa,1 700 000 DH,1700000,97,2,2,"Piscine, Balcon, Cuisine équipée, Sécurité / Gardien","Appartement à vendre – Targa, Marrakech

Belle opportunité à Targa, dans un secteur recherché et idéalement situé à proximité de Carrefour, des écoles et de toutes les commodités.

D’une superficie de 97 m², cet appartement est situé au sein d’une résidence fermée et sécurisée avec piscine, offrant un cadre de vie agréable, calme et pratique.

Son emplacement privilégié permet de profiter facilement des commerces, établissements scolaires, services et autres commodités du quotidien.
Salon spacieux avec balcon
Deux chambres dont une avec placard et balcon 
Cuisine équipée avec buanderie 
Deux salles de bain

Un bien idéal pour une résidence principale ou un investissement locatif.",https://content.avito.ma/classifieds/images/10155246615?t=images,17,Professionnel,2026-09-30
58717334,avito,APPARTEMENT MODERNE MEUBLÉ À LOUER,https://www.avito.ma/fr/semlalia/appartements/APPARTEMENT_MODERNE_MEUBLÉ_À_LOUER_58717334.htm,Location,Appartement,Marrakech,Semlalia,10 000 DH,10000,110,2,2,"Ascenseur, Balcon, Parking / Garage, Meublé","🏡 À LOUER – BEL APPARTEMENT 2 CHAMBRES
📍 110 m² | 4ᵉ étage | Ascenseur
✨ Appartement composé de :
• 2 chambres avec placards encastrés
• Salon lumineux
• Balcon
• Salle de bain avec baignoire
• Salle d’eau invités
• Cuisine entièrement équipée
• Buanderie ouverte
• Parking au sous-sol
💰 Loyer : 10 000 DH/mois
🔐 Caution : 2 mois (possibilité d’un mois selon le profil du locataire)
📅 Paiement mensuel en fin de mois ou possibilité de paiement à l’avance : trimestre, semestre ou année.
💡 Syndic : 250 DH/mois, non inclus.
📞 Pour plus d’informations ou pour organiser une visite, contactez-moi.",https://content.avito.ma/classifieds/images/10155610448?t=images,10,Professionnel,2026-09-30
58770455,avito,Superbe Appartement Neuf au Cœur de Guéliz,https://www.avito.ma/fr/guéliz/appartements/Superbe_Appartement_Neuf_au_C_ur_de_Guéliz_58770455.htm,Location,Appartement,Marrakech,Guéliz,,,,2,,"Ascenseur, Climatisation, Piscine, Terrasse, Balcon, Parking / Garage, Meublé, Cuisine équipée, Sécurité / Gardien","Je propose à la location un studio meublé de haut standing à Guéliz, Marrakech.
- 2 chambres
- Capacité : 4 personnes
- Ascenseur
- Concierge
- Balcon
- Terrasse
- Piscine
- Parking
- WIFI
- Climatisation
- Chauffage
- Télévision
- Cuisine équipée
- Machine à laver
- Fer à repasser
- Serviettes
- Articles de toilettage
- Équipements enfants
- Sécurité
Pour toute réservation ou information complémentaire, veuillez me contacter.",https://content.avito.ma/classifieds/images/10155995895?t=images,5,Professionnel,2026-09-30
58770453,avito,Bel Appartement au Cœur du Gueliz à Louer,https://www.avito.ma/fr/guéliz/appartements/Bel_Appartement_au_C_ur_du_Gueliz_à_Louer_58770453.htm,Location,Appartement,Marrakech,Guéliz,250 DH,250,,2,,"Ascenseur, Climatisation, Piscine, Terrasse, Balcon, Parking / Garage, Meublé, Cuisine équipée, Sécurité / Gardien","Je propose à la location un bel appartement de haut standing au cœur du Gueliz, Marrakech.

- 2 chambres
- Capacité 4 personnes
- Studio
- Meublé
- Cuisine équipée
- Climatisation
- Chauffage
- WIFI
- Télévision
- Machine à laver
- Fer à repasser
- Serviettes
- Articles de toilettage
- Balcon
- Terrasse
- Piscine
- Ascenseur
- Parking
- Concierge
- Sécurité
- Équipements enfants
- Horaire d'arrivée 13:00
- Horaire de départ 12:00

Pour toute information complémentaire ou pour organiser une visite, n'hésitez pas à me contacter.",https://content.avito.ma/classifieds/images/10155995975?t=images,5,Professionnel,2026-09-30
58770452,avito,À Louer Bel Appartement au Cœur du Gueliz,https://www.avito.ma/fr/guéliz/appartements/À_Louer_Bel_Appartement_au_C_ur_du_Gueliz_58770452.htm,Location,Appartement,Marrakech,Guéliz,250 DH,250,,2,,"Ascenseur, Climatisation, Piscine, Terrasse, Balcon, Parking / Garage, Meublé, Cuisine équipée, Sécurité / Gardien","Je propose à la location un studio meublé en haut standing situé à Guéliz, Marrakech.
- 2 chambres
- Capacité 4 personnes
- Ascenseur
- Concierge
- Balcon
- Terrasse
- Piscine
- Climatisation
- Chauffage
- WIFI
- Télévision
- Cuisine équipée
- Machine à laver
- Fer à repasser
- Articles de toilettage
- Serviettes
- Équipements enfants
- Parking
- Sécurité
Pour toute visite ou information complémentaire, contactez-moi.",https://content.avito.ma/classifieds/images/10155995939?t=images,5,Professionnel,2026-09-30
58770451,avito,Appartement Spacieux à Louer au Cœur du Gueliz,https://www.avito.ma/fr/guéliz/appartements/Appartement_Spacieux_à_Louer_au_C_ur_du_Gueliz_58770451.htm,Location,Appartement,Marrakech,Guéliz,250 DH,250,,2,,"Ascenseur, Climatisation, Piscine, Terrasse, Balcon, Parking / Garage, Meublé, Cuisine équipée, Sécurité / Gardien","Je propose à la location un appartement spacieux et meublé au cœur du Gueliz à Marrakech, idéal pour 4 personnes.

- 2 chambres
- Studio
- Haut standing
- Ascenseur
- Concierge
- Balcon
- Terrasse
- Piscine
- Parking
- WIFI
- Climatisation
- Chauffage
- Télévision
- Cuisine équipée
- Machine à laver
- Fer à repasser
- Serviettes
- Articles de toilettage
- Équipements enfants
- Sécurité
- Horaire d'arrivée : 13:00
- Horaire de départ : 12:00

Pour toute réservation ou information complémentaire, contactez-moi par téléphone.",https://content.avito.ma/classifieds/images/10155995982?t=images,5,Professionnel,2026-09-30
58770449,avito,Bel Appartement au Cœur du Gueliz,https://www.avito.ma/fr/guéliz/appartements/Bel_Appartement_au_C_ur_du_Gueliz_58770449.htm,Location,Appartement,Marrakech,Guéliz,250 DH,250,,2,,"Ascenseur, Climatisation, Piscine, Terrasse, Balcon, Parking / Garage, Meublé, Cuisine équipée, Sécurité / Gardien","Je propose un bel appartement de haut standing au cœur du Gueliz, Marrakech.
- Studio
- 2 chambres
- Capacité pour 4 personnes
- Meublé
- Cuisine équipée
- Climatisation et chauffage
- WIFI
- Télévision
- Machine à laver et fer à repasser
- Articles de toilette et serviettes fournis
- Équipements pour enfants
- Balcon, terrasse et piscine
- Ascenseur, parking, conciergerie et sécurité
- Horaire d'arrivée 13h00, horaire de départ 12h00
Contactez-moi pour toute réservation ou information complémentaire.",https://content.avito.ma/classifieds/images/10155996139?t=images,5,Professionnel,2026-09-30
58736846,avito,Appartement haut standing près de gare routière,https://www.avito.ma/fr/azzouzia/appartements/Appartement_haut_standing_près_de_gare_routière_58736846.htm,Vente,Appartement,Marrakech,Azzouzia,1 200 000 DH,1200000,59,1,1,"Terrasse, Parking / Garage","À 2 pas de la gare routière de Marrakech, on trouve un appartement à la vente ayant les caractéristiques suivantes :
- 1er étage
- Superficie : 59 m² dont 8 m² de terrasse
- Consistance : une chambre, une salle de bain, une cuisine et salon
- Prix : 1200000 DH + 50000 DH de parking.
N.B : Photos non conventionnelles.
Pour toute autre information contactez-nous.",https://content.avito.ma/classifieds/images/10155929018?t=images,6,Professionnel,2026-09-30
58770444,avito,Appartement Spacieux au Cœur du Gueliz,https://www.avito.ma/fr/guéliz/appartements/Appartement_Spacieux_au_C_ur_du_Gueliz_58770444.htm,Location,Appartement,Marrakech,Guéliz,250 DH,250,,2,,"Ascenseur, Climatisation, Piscine, Terrasse, Balcon, Parking / Garage, Meublé, Cuisine équipée, Sécurité / Gardien","Je propose un appartement spacieux au cœur du Gueliz à Marrakech, idéal pour 4 personnes.
- 2 chambres
- Studio
- Haut standing
- Ascenseur
- Concierge
- Balcon
- Terrasse
- Sécurité
- WIFI
- Meublé
- Parking
- Machine à laver
- Climatisation
- Piscine
- Chauffage
- Télévision
- Cuisine équipée
- Fer à repasser
- Serviettes
- Articles de toilette
- Equipements enfants
Pour toute information ou réservation, contactez-moi par téléphone.",https://content.avito.ma/classifieds/images/10155996113?t=images,5,Professionnel,2026-09-30
58770443,avito,Bel Appartement Spacieux au Cœur du Gueliz,https://www.avito.ma/fr/guéliz/appartements/Bel_Appartement_Spacieux_au_C_ur_du_Gueliz_58770443.htm,Location,Appartement,Marrakech,Guéliz,,,,2,,"Ascenseur, Climatisation, Piscine, Terrasse, Balcon, Parking / Garage, Meublé, Cuisine équipée, Sécurité / Gardien","Je propose un appartement de haut standing à louer à Guéliz, Marrakech.
- Studio meublé
- Capacité 4 personnes
- 2 chambres
- Ascenseur
- Concierge
- Balcon
- Terrasse
- Piscine
- Parking
- WIFI
- Climatisation
- Chauffage
- Télévision
- Cuisine équipée
- Machine à laver
- Fer à repasser
- Articles de toilette
- Serviettes
- Équipements enfants
- Sécurité
Contactez-moi pour plus d'informations ou pour organiser une visite.",https://content.avito.ma/classifieds/images/10155996202?t=images,5,Professionnel,2026-09-30
58770442,avito,Superbe Appartement Neuf au Cœur de Guéliz,https://www.avito.ma/fr/guéliz/appartements/Superbe_Appartement_Neuf_au_C_ur_de_Guéliz_58770442.htm,Location,Appartement,Marrakech,Guéliz,250 DH,250,,2,,"Ascenseur, Climatisation, Piscine, Terrasse, Balcon, Parking / Garage, Meublé, Cuisine équipée, Sécurité / Gardien","Je propose à la location un studio meublé de haut standing à Guéliz, Marrakech, idéal pour 4 personnes.

- 2 chambres
- Ascenseur
- Concierge
- Balcon
- Terrasse
- Sécurité
- Piscine
- Climatisation
- Chauffage
- WIFI
- Télévision
- Machine à laver
- Cuisine équipée
- Fer à repasser
- Parking

N'hésitez pas à me contacter pour toute information complémentaire ou pour organiser une visite.",https://content.avito.ma/classifieds/images/10155994593?t=images,5,Professionnel,2026-09-30
58770441,avito,Appartement Neuf au Cœur de Guéliz,https://www.avito.ma/fr/guéliz/appartements/Appartement_Neuf_au_C_ur_de_Guéliz_58770441.htm,Location,Appartement,Marrakech,Guéliz,250 DH,250,,2,,"Ascenseur, Climatisation, Piscine, Terrasse, Balcon, Parking / Garage, Meublé, Cuisine équipée, Sécurité / Gardien","Je propose à la location un superbe appartement neuf au cœur de Guéliz, Marrakech.

- 2 chambres
- Capacité d'accueil : 4 personnes
- Studio
- Haut standing
- Ascenseur, Concierge, Balcon, Terrasse, Parking
- Sécurité, WIFI, Piscine
- Climatisation, Chauffage, Télévision
- Cuisine équipée, Machine à laver, Fer à repasser
- Serviettes, Articles de toilette
- Equipements enfants
- Meublé
- Horaire d'arrivée : 13:00
- Horaire de départ : 12:00

Pour plus d'informations, veuillez me contacter.",https://content.avito.ma/classifieds/images/10155994665?t=images,5,Professionnel,2026-09-30
58770439,avito,Superbe Appartement au Cœur de Guéliz,https://www.avito.ma/fr/guéliz/appartements/Superbe_Appartement_au_C_ur_de_Guéliz_58770439.htm,Location,Appartement,Marrakech,Guéliz,250 DH,250,,2,,"Ascenseur, Climatisation, Piscine, Terrasse, Balcon, Parking / Garage, Meublé, Cuisine équipée, Sécurité / Gardien","Je propose à la location un studio meublé de haut standing à Guéliz, Marrakech.
- 2 chambres
- Capacité : 4 personnes
- Équipements : Ascenseur, Concierge, Serviettes, Balcon, Sécurité, Parking, Articles de toilette, Terrasse, WIFI, Machine à laver, Équipements enfants, Climatisation, Piscine, Chauffage, Cuisine équipée, Fer à repasser, Télévision.
Contactez-moi pour plus d'informations.",https://content.avito.ma/classifieds/images/10155994658?t=images,5,Professionnel,2026-09-30
58770438,avito,Appartement Neuf à Louer au Cœur de Guéliz,https://www.avito.ma/fr/guéliz/appartements/Appartement_Neuf_à_Louer_au_C_ur_de_Guéliz_58770438.htm,Location,Appartement,Marrakech,Guéliz,250 DH,250,,2,,"Ascenseur, Climatisation, Piscine, Terrasse, Balcon, Parking / Garage, Meublé, Cuisine équipée, Sécurité / Gardien","Je propose à la location un studio haut standing à Guéliz, Marrakech, idéal pour 4 personnes.
- 2 chambres
- Meublé
- Balcon, Terrasse
- Ascenseur, Parking, Piscine
- Climatisation, Chauffage
- WIFI, Télévision
- Cuisine équipée, Machine à laver, Fer à repasser
- Serviettes, Articles de toilette, Equipements enfants
- Concierge, Sécurité
Contactez-moi pour toute information complémentaire ou pour réserver.",https://content.avito.ma/classifieds/images/10155994705?t=images,4,Professionnel,2026-09-30
58770437,avito,Appartement Neuf au Cœur de Guéliz à Louer,https://www.avito.ma/fr/guéliz/appartements/Appartement_Neuf_au_C_ur_de_Guéliz_à_Louer_58770437.htm,Location,Appartement,Marrakech,Guéliz,250 DH,250,,2,,"Ascenseur, Climatisation, Piscine, Terrasse, Balcon, Parking / Garage, Meublé, Cuisine équipée, Sécurité / Gardien","Je propose à la location un appartement neuf de haut standing au cœur de Guéliz, Marrakech.

- 2 chambres
- Capacité 4 personnes
- Studio
- Ascenseur
- Concierge
- Balcon
- Terrasse
- Parking
- WIFI
- Meublé
- Machine à laver
- Climatisation
- Piscine
- Chauffage
- Télévision
- Cuisine équipée
- Horaire d'arrivée 13:00
- Horaire de départ 12:00

Pour toute réservation ou information complémentaire, contactez-moi.",https://content.avito.ma/classifieds/images/10155994730?t=images,4,Professionnel,2026-09-30
58770436,avito,À Louer Superbe Appartement au Cœur de Guéliz,https://www.avito.ma/fr/guéliz/appartements/À_Louer_Superbe_Appartement_au_C_ur_de_Guéliz_58770436.htm,Location,Appartement,Marrakech,Guéliz,250 DH,250,,2,,"Ascenseur, Climatisation, Piscine, Terrasse, Balcon, Parking / Garage, Meublé, Cuisine équipée, Sécurité / Gardien","Studio meublé de haut standing à louer à Guéliz, Marrakech.
- 2 chambres
- Capacité : 4 personnes
- Ascenseur
- Concierge
- Balcon
- Terrasse
- Piscine
- Parking
- WIFI
- Climatisation
- Chauffage
- Télévision
- Cuisine équipée
- Machine à laver
- Fer à repasser
- Serviettes
- Articles de toilettage
- Equipements enfants
- Sécurité
Pour plus d'informations, contactez moi.",https://content.avito.ma/classifieds/images/10155994789?t=images,5,Professionnel,2026-09-30
58770435,avito,Bel Appartement Spacieux au Cœur du Gueliz,https://www.avito.ma/fr/guéliz/appartements/Bel_Appartement_Spacieux_au_C_ur_du_Gueliz_58770435.htm,Location,Appartement,Marrakech,Guéliz,250 DH,250,,2,,"Ascenseur, Climatisation, Piscine, Terrasse, Balcon, Parking / Garage, Meublé, Cuisine équipée, Sécurité / Gardien","Studio meublé de haut standing à louer à Guéliz, Marrakech.

- 2 chambres
- Capacité : 4 personnes
- Ascenseur
- Concierge
- Balcon
- Terrasse
- Parking
- WIFI
- Machine à laver
- Climatisation
- Piscine
- Chauffage
- Télévision
- Fer à repasser
- Cuisine équipée
- Sécurité

Pour plus d'informations, contactez-moi si vous êtes intéressé.",https://content.avito.ma/classifieds/images/10155994814?t=images,5,Professionnel,2026-09-30
58770432,avito,Appartement Spacieux au Cœur du Gueliz,https://www.avito.ma/fr/guéliz/appartements/Appartement_Spacieux_au_C_ur_du_Gueliz_58770432.htm,Location,Appartement,Marrakech,Guéliz,250 DH,250,,2,,"Ascenseur, Climatisation, Piscine, Terrasse, Balcon, Parking / Garage, Meublé, Cuisine équipée, Sécurité / Gardien","Je propose à la location un studio de haut standing à Guéliz, Marrakech, idéal pour 4 personnes.
- Meublé et équipé
- 2 chambres
- Ascenseur, concierge, sécurité
- Balcon, terrasse, piscine
- Parking, WIFI, climatisation, chauffage
- Cuisine équipée, machine à laver, télévision, fer à repasser
- Articles de toilette, serviettes, équipements enfants inclus
- Horaire de départ 12h00
Contactez-moi pour plus d'informations.",https://content.avito.ma/classifieds/images/10155994827?t=images,5,Professionnel,2026-09-30
58770431,avito,Bel Appartement au Cœur du Gueliz,https://www.avito.ma/fr/guéliz/appartements/Bel_Appartement_au_C_ur_du_Gueliz_58770431.htm,Location,Appartement,Marrakech,Guéliz,250 DH,250,,2,,"Ascenseur, Climatisation, Piscine, Terrasse, Balcon, Parking / Garage, Meublé, Cuisine équipée, Sécurité / Gardien","Studio de haut standing meublé à louer à Guéliz, Marrakech.
- 2 chambres
- Capacité : 4 personnes
- Ascenseur
- Balcon
- Terrasse
- Piscine
- Parking
- Climatisation
- WIFI
- Cuisine équipée
- Télévision
- Machine à laver
- Sèche-linge
- Fer à repasser
- Serviettes
- Articles de toilette
- Chauffage
- Concierge
- Sécurité
Je suis le propriétaire. Pour plus d'informations, contactez-moi.",https://content.avito.ma/classifieds/images/10155994891?t=images,6,Professionnel,2026-09-30
58770425,avito,Appartement avec climatiseur,https://www.avito.ma/fr/guéliz/appartements/Appartement_avec_climatiseur_58770425.htm,Location,Appartement,Marrakech,Guéliz,250 DH,250,,1,,"Ascenseur, Climatisation, Terrasse, Meublé, Cuisine équipée","Je propose à la location un studio meublé de haut standing à Guéliz, Marrakech.
- Ascenseur
- Terrasse
- Cuisine équipée
- Climatisation
- 1 chambre
- Capacité : 4 personnes
Contactez-moi pour toute demande d'information.",https://content.avito.ma/classifieds/images/10155993256?t=images,4,Professionnel,2026-09-30
58770481,avito,Villa contemporaine à vendre route d’ Amizmiz km 5,https://www.avito.ma/fr/guéliz/villas_et_riads/Villa_contemporaine_à_vendre_route_d__Amizmiz_km_5_58770481.htm,Vente,Villa,Marrakech,Guéliz,5 500 000 DH,5500000,1050,4,5,"Piscine, Jardin, Sécurité / Gardien","ILLA CONTEMPORAINE À VENDRE – ROUTE D AMIZMIZ KM 5, derrière le Palais Selman
À vendre, magnifique villa contemporaine située sur la Route d’ Amizmiz, à environ 5 km de Marrakech, au sein d’un lotissement privé composé de seulement 18 villas.
Implantée sur un terrain de 1 050 m², la villa développe une surface habitable d’environ 327 m² et bénéficie d’un environnement calme, résidentiel et sans vis-à-vis.
Elle se compose de 4 suites, chacune disposant de son dressing, salle de bain et toilettes. Une suite située au rez-de-chaussée et trois suites à l’étage.
La villa offre de beaux espaces de vie modernes et lumineux, ouverts sur le jardin et les extérieurs.
À l’extérieur, elle bénéficiera d’un jardin arboré privé et d’une piscine privée de 12 mètres.
Le lotissement prévoit également un service de gardiennage ainsi que l’entretien des parties communes.
La livraison est prévue été 2027.
Prix de vente : 5 500 000 DH
Un bien idéal pour une résidence principale, une maison secondaire ou un investissement locatif haut de gamme à proximité de Marrakech.",https://content.avito.ma/classifieds/images/10155997575?t=images,8,Particulier,2026-09-30
58770423,avito,Appartement à côté de Acima Guéliz,https://www.avito.ma/fr/guéliz/appartements/Appartement_à_côté_de_Acima_Guéliz_58770423.htm,Location,Appartement,Marrakech,Guéliz,250 DH,250,,1,,"Ascenseur, Climatisation, Terrasse, Meublé, Cuisine équipée","Je propose à la location un studio meublé de haut standing à Guéliz, Marrakech.
- Ascenseur
- Terrasse
- Cuisine équipée
- Climatisation
- 1 chambre
- Capacité : 4 personnes
Contactez-moi pour toute demande d'information.",https://content.avito.ma/classifieds/images/10155993286?t=images,5,Professionnel,2026-09-30
58770422,avito,Appartement neuf à louer,https://www.avito.ma/fr/guéliz/appartements/Appartement_neuf_à_louer_58770422.htm,Location,Appartement,Marrakech,Guéliz,250 DH,250,,1,,"Ascenseur, Climatisation, Terrasse, Meublé, Cuisine équipée","Je propose à la location un studio meublé de haut standing à Guéliz, Marrakech.
- Ascenseur
- Terrasse
- Cuisine équipée
- Climatisation
- 1 chambre
- Capacité : 4 personnes
Contactez-moi pour toute demande d'information.",https://content.avito.ma/classifieds/images/10155993363?t=images,4,Professionnel,2026-09-30
58770419,avito,Des appartements à louer,https://www.avito.ma/fr/guéliz/appartements/Des_appartements_à_louer_58770419.htm,Location,Appartement,Marrakech,Guéliz,250 DH,250,,1,,"Ascenseur, Climatisation, Terrasse, Meublé, Cuisine équipée","Je propose à la location un studio meublé de haut standing à Guéliz, Marrakech.
- Ascenseur
- Terrasse
- Cuisine équipée
- Climatisation
- 1 chambre
- Capacité : 4 personnes
Contactez-moi pour toute demande d'information.",https://content.avito.ma/classifieds/images/10155993383?t=images,4,Professionnel,2026-09-30
58770418,avito,Appartement propre avec parking,https://www.avito.ma/fr/guéliz/appartements/Appartement_propre_avec_parking_58770418.htm,Location,Appartement,Marrakech,Guéliz,250 DH,250,,1,,"Ascenseur, Climatisation, Terrasse, Parking / Garage, Meublé, Cuisine équipée","Je propose à la location un studio meublé de haut standing à Guéliz, Marrakech.
- Ascenseur
- Terrasse
- Cuisine équipée
- Climatisation
- 1 chambre
- Capacité : 4 personnes
Contactez-moi pour toute demande d'information.",https://content.avito.ma/classifieds/images/10155993418?t=images,5,Professionnel,2026-09-30
58770417,avito,Appartement à prix raisonnable à Guéliz,https://www.avito.ma/fr/guéliz/appartements/Appartement_à_prix_raisonnable_à_Guéliz_58770417.htm,Location,Appartement,Marrakech,Guéliz,250 DH,250,,1,,"Ascenseur, Climatisation, Terrasse, Meublé, Cuisine équipée","Je propose à la location un studio meublé de haut standing à Guéliz, Marrakech.
- Ascenseur
- Terrasse
- Cuisine équipée
- Climatisation
- 1 chambre
- Capacité : 4 personnes
Contactez-moi pour toute demande d'information.",https://content.avito.ma/classifieds/images/10155993437?t=images,4,Professionnel,2026-09-30
58770416,avito,Appartement calme,https://www.avito.ma/fr/guéliz/appartements/Appartement_calme_58770416.htm,Location,Appartement,Marrakech,Guéliz,250 DH,250,,1,,"Ascenseur, Climatisation, Terrasse, Meublé, Cuisine équipée","Je propose à la location un studio meublé de haut standing à Guéliz, Marrakech.
- Ascenseur
- Terrasse
- Cuisine équipée
- Climatisation
- 1 chambre
- Capacité : 4 personnes
Contactez-moi pour toute demande d'information.",https://content.avito.ma/classifieds/images/10155993482?t=images,5,Professionnel,2026-09-30
58770415,avito,Appartement moderne,https://www.avito.ma/fr/guéliz/appartements/Appartement_moderne_58770415.htm,Location,Appartement,Marrakech,Guéliz,250 DH,250,,1,,"Ascenseur, Climatisation, Terrasse, Meublé, Cuisine équipée","Je propose à la location un studio meublé de haut standing à Guéliz, Marrakech.
- Ascenseur
- Terrasse
- Cuisine équipée
- Climatisation
- 1 chambre
- Capacité : 4 personnes
Contactez-moi pour toute demande d'information.",https://content.avito.ma/classifieds/images/10155993519?t=images,5,Professionnel,2026-09-30
58770413,avito,Appartement proche de Zara Gueliz,https://www.avito.ma/fr/guéliz/appartements/Appartement_proche_de_Zara_Gueliz_58770413.htm,Location,Appartement,Marrakech,Guéliz,250 DH,250,,1,,"Ascenseur, Climatisation, Terrasse, Meublé, Cuisine équipée","Je propose à la location un studio meublé de haut standing à Guéliz, Marrakech.
- Ascenseur
- Terrasse
- Cuisine équipée
- Climatisation
- 1 chambre
- Capacité : 4 personnes
Contactez-moi pour toute demande d'information.",https://content.avito.ma/classifieds/images/10155993537?t=images,5,Professionnel,2026-09-30
58770411,avito,Appartement centre Marrakech,https://www.avito.ma/fr/guéliz/appartements/Appartement_centre_Marrakech_58770411.htm,Location,Appartement,Marrakech,Guéliz,250 DH,250,,1,,"Ascenseur, Climatisation, Terrasse, Meublé, Cuisine équipée","Je propose à la location un studio meublé de haut standing à Guéliz, Marrakech.
- Ascenseur
- Terrasse
- Cuisine équipée
- Climatisation
- 1 chambre
- Capacité : 4 personnes
Contactez-moi pour toute demande d'information.",https://content.avito.ma/classifieds/images/10155993551?t=images,4,Professionnel,2026-09-30
58770467,avito,Appartement luxe piscine terrasse parking Guéliz,https://www.avito.ma/fr/guéliz/appartements/Appartement_luxe_piscine_terrasse_parking_Guéliz_58770467.htm,Location,Appartement,Marrakech,Guéliz,12 000 DH,12000,,3,2,"Piscine, Terrasse, Parking / Garage","Appartement de luxe 3 chambres et un salon 
Résidence avec piscine parking 
Terrasse 
Guéliz proche la gare du train",https://content.avito.ma/classifieds/images/10155996655?t=images,8,Particulier,2026-09-30
58770407,avito,Appartement Spacieux au Cœur du Gueliz à Louer,https://www.avito.ma/fr/guéliz/appartements/Appartement_Spacieux_au_C_ur_du_Gueliz_à_Louer_58770407.htm,Location,Appartement,Marrakech,Guéliz,250 DH,250,,2,,"Ascenseur, Climatisation, Piscine, Terrasse, Balcon, Parking / Garage, Meublé, Cuisine équipée, Sécurité / Gardien","Je propose à la location un appartement spacieux et haut standing au cœur du Gueliz à Marrakech.

- 2 chambres
- Capacité 4 personnes
- Studio
- Ascenseur
- Balcon
- Terrasse
- Piscine
- Parking
- Sécurité
- Concierge
- WIFI
- Climatisation
- Chauffage
- Télévision
- Cuisine équipée
- Machine à laver
- Fer à repasser
- Serviettes
- Articles de toilette
- Equipements enfants
- Meublé
- Horaire d'arrivée : 13:00
- Horaire de départ : 12:00

Contactez moi pour plus d'informations et pour réserver votre séjour.",https://content.avito.ma/classifieds/images/10155996064?t=images,5,Professionnel,2026-09-30
58709820,avito,Appartement meublé,https://www.avito.ma/fr/es_saada/appartements/Appartement_meublé_58709820.htm,Location,Appartement,Marrakech,Es Saada,3 500 DH,3500,60,2,1,"Ascenseur, Meublé",Appartement meublé 2 chambres salon salle de bain 3 étage sans ascenseur Saada proche Marjane route casablanca agence immobilier les frais de l'agence 2500dh,https://content.avito.ma/classifieds/images/10155555123?t=images,4,Professionnel,2026-09-30
56459239,avito,Jolie studio à louer à Khech parfait état.,https://www.avito.ma/fr/guéliz/appartements/Jolie_studio_à_louer_à_Khech_parfait_état__56459239.htm,Location,Studio,Marrakech,Guéliz,300 DH,300,,1,,Piscine,J'ai des appartements à louer à Gueliz Marrakech avec piscine et salle de sport pour les familles.,https://content.avito.ma/classifieds/images/10134914411?t=images,6,Professionnel,2026-09-30
57927142,avito,Appartement Duplex 2 Ch Meublé Piscine rooftop,https://www.avito.ma/fr/victor_hugo/appartements/Appartement_Duplex_2_Ch_Meublé_Piscine_rooftop_57927142.htm,Location,Duplex,Marrakech,Victor Hugo,14 500 DH,14500,,2,3,"Piscine, Parking / Garage, Meublé","Appartement duplex 2 chambres à louer meublé à la longue durée avec piscine sur rooftop 
Situation parfaite (en face du lycée VH)
Emplacement parking sous terrain avec télécommande (en option)
Possibilité fibre internet haut débit
Pas de sous location",https://content.avito.ma/classifieds/images/10149061451?t=images,8,Particulier,2026-09-30
58707683,avito,Plateau 89 m² en plein Bd Yaakoub Mansour Guéliz,https://www.avito.ma/fr/guéliz/bureaux/Plateau_89_m²_en_plein_Bd_Yaakoub_Mansour_Guéliz_58707683.htm,Location,Bureau,Marrakech,Guéliz,16 000 DH,16000,89,,1,Parking / Garage,"L'agence Stone immobilier propose à la location commerciale un plateau bureau de 89 m² en plein boulevard Yaakoub el Mansour à Guéliz.
Le bureau est très bien placé avec deux façades et donne directement sur l'avenue, le bureau se trouve dans un immeuble commercial avec parking sous sol et deux ascenseurs.
Prix de Location : 16000 Dhs",https://content.avito.ma/classifieds/images/10155541020?t=images,7,Professionnel,2026-09-30
53699936,avito,Magasins en vente quartier Andalous,https://www.avito.ma/fr/hay_andalous/local/Magasins_en_vente_quartier_Andalous_53699936.htm,Vente,Commerce,Marrakech,Hay Andalous,825 000 DH,825000,43,,,,"L'agence Stone immobilier met à la vente des magasins au quartier Andalous tout près de l'Hopital universitaire CHU 
les magasins ont des superficies allant de 43 m² à 106 m² (les Mezzanines incluses)
Exemple de Prix :
Magasin de 43 m² (RDC 32 m² plus Mezzanine 11 m²) : 825000 Dhs
Commission de l'agence : 2 %",https://content.avito.ma/classifieds/images/10106247848?t=images,4,Professionnel,2026-09-30
58670923,avito,Studio à louer 64 m² à Marrakech,https://www.avito.ma/fr/guéliz/appartements/Studio_à_louer_64_m²_à_Marrakech_58670923.htm,Location,Studio,Marrakech,Guéliz,6 500 DH,6500,64,1,2,"Ascenseur, Climatisation, Piscine, Jardin, Terrasse, Parking / Garage, Meublé, Cuisine équipée, Sécurité / Gardien","Studio moderne meublé à louer – Jnane Awrad, Marrakech

Nous vous proposons un spacieux studio moderne et entièrement meublé, situé au 2ᵉ étage d’une résidence neuve et élégante à Jnane Awrad, Marrakech, à proximité de McDonald’s.

Disponible pour location mensuelle ou sous location, ce logement bénéficie d’un emplacement stratégique, avec commerces, services, restaurants et moyens de transport à proximité immédiate.

Aménagé et décoré dans un style moderne et soigné, le logement comprend :

* Une chambre à coucher confortable
* Un grand salon lumineux
* Un hall spacieux
* Deux salles de bains
* Une cuisine équipée
* Une grande terrasse attenante à la cuisine
* Climatisation
* Serrure intelligente facilitant et sécurisant les entrées et sorties
* Caméra de surveillance pour renforcer la sécurité

La résidence offre également de belles prestations :

* Piscine commune
* Jardin aménagé au cœur de la résidence
* Ascenseur
* Parking
* Entrée moderne, élégante et sécurisée
* Résidence neuve et bien entretenue

Loyer mensuel : 6 500 DH / mois

Conditions pour la location mensuelle :
2 mois de caution + 1 mois de loyer payé à l’avance.

Un logement idéal pour ceux qui recherchent confort, modernité, sécurité et emplacement stratégique à Marrakech.",https://content.avito.ma/classifieds/images/10155270200?t=images,20,Professionnel,2026-09-30
58717435,avito,TOP STUDIO À LOUER MEUBLÉ / GUÉLIZ,https://www.avito.ma/fr/guéliz/appartements/TOP_STUDIO_À_LOUER_MEUBLÉ___GUÉLIZ_58717435.htm,Location,Studio,Marrakech,Guéliz,9 500 DH,9500,55,1,1,"Piscine, Parking / Garage, Meublé","🏡 À louer – Appartement neuf 1 chambre à Guéliz
📍 Emplacement privilégié au centre de Guéliz, 

✨ Appartement neuf de 55 m², situé au 4ème étage
• 1 chambre
• 2 terrasses
• Piscine sur le rooftop
• Résidence moderne et sécurisée
💰 Loyer : 9 500 DH/mois
✅ Charges de syndic incluses
🚗 Possibilité de stationnement à Plaza à 300 m : 300 DH/mois, ou stationnement devant la résidence.",https://content.avito.ma/classifieds/images/10155611140?t=images,4,Professionnel,2026-09-30
58770408,avito,Appart de particulier - Très propre au centre-ville,https://www.avito.ma/fr/centre_ville/appartements/Appart_de_particulier___Très_propre_au_centre_ville_58770408.htm,Location,Appartement,Marrakech,Centre Ville,300 DH,300,,1,,"Ascenseur, Balcon, Parking / Garage","Appartement de particulier et non pas d’agence immobilière. 

Très propre au centre-ville, avec climatiseur et balcon.

Résidence calme et sécurisée avec ascenseur parking.",https://content.avito.ma/classifieds/images/10155997454?t=images,7,Particulier,2026-09-30
58770387,avito,Magasin Majorelle Guéliz,https://www.avito.ma/fr/guéliz/local/Magasin_Majorelle_Guéliz_58770387.htm,Vente,Commerce,Marrakech,Guéliz,2 620 000 DH,2620000,98,,,,"Magasin
RDc 68
Mezzanine 30",https://content.avito.ma/classifieds/images/10155997239?t=images,1,Particulier,2026-09-30
58007913,avito,🏡 Studio en location de nuitée à Guéliz,https://www.avito.ma/fr/guéliz/appartements/___Studio_en_location_de_nuitée_à_Guéliz_58007913.htm,Location,Studio,Marrakech,Guéliz,600 DH,600,,1,,"Ascenseur, Climatisation, Piscine, Terrasse, Parking / Garage","🛏️ Studio moderne
🏙️ Situé à Guéliz
🏊 Piscine
🛗 Ascenseur
📶 Wifi
❄️ Climatisation
🚗 Parking
🌅 Terrasse
👨‍👩‍👧‍👦 Capacité : 4 personnes

💰 Prix : 600DH / nuitée

✨ Studio confortable et bien équipé, idéal pour un séjour agréable en plein cœur de Guéliz, proche des cafés, restaurants et commerces.",https://content.avito.ma/classifieds/images/10149841296?t=images,8,Professionnel,2026-09-30
58640254,avito,Appartement 87 M² à vendre à Guéliz Marrakech,https://www.avito.ma/fr/guéliz/appartements/Appartement_87_M²_à_vendre_à_Guéliz_Marrakech_58640254.htm,Vente,Appartement,Marrakech,Guéliz,1 400 000 DH,1400000,87,1,1,"Ascenseur, Piscine, Balcon, Parking / Garage","Magnifique appartement de 87 m² en vente situé à Guélize à 5 minutes à pied de Carré Eden au 3 eme étage avec ascenseur dans une résidence de haut standing sécurisée 24/24 avec piscine couverte plus 14 m² au parking sous sol privative, bonne opportunité pour l investissement locative.
L appartement possédé une superficie habitable de 73 m² se compose de 1 chambre à coucher avec balcon et placard, 1 salon avec balcon, 1 belle salle de bain, 1 cuisine ouverte.
Pour plus d informations veuillez nous contacter.
N B, les frais d agence sont 2,5 % du prix de vente.",https://content.avito.ma/classifieds/images/10155050330?t=images,8,Professionnel,2026-09-30
56225700,avito,Appartement à louer quotidiennement,https://www.avito.ma/fr/centre_ville/appartements/Appartement_à_louer_quotidiennement_56225700.htm,Location,Appartement,Marrakech,Centre Ville,300 DH,300,,2,,,"Appartement à louer quotidiennement avec une belle vue et un endroit calme. L'endroit est sûr et nous vous offrons un confort total. Il se compose d'un salon, de deux chambres et d'une salle de bain.",https://content.avito.ma/classifieds/images/10132710127?t=images,5,Professionnel,2026-09-30
58534866,avito,Résidence piscine Studio centre ville Guéliz,https://www.avito.ma/fr/guéliz/appartements/Résidence_piscine_Studio_centre_ville_Guéliz_58534866.htm,Location,Studio,Marrakech,Guéliz,250 DH,250,,1,,"Ascenseur, Piscine, Meublé, Cuisine équipée, Sécurité / Gardien","Découvrez ce studio une nuitée 300dh climatisée et 250dh plus de 2 nuitées avec piscine neuf de haut standing, idéalement situé au centre ville de Guéliz à Marrakech.
- 1 chambre à louer, salon, Sdb
- Capacité : 4 personnes
- Entièrement meublé et équipé , Ascenseur, Cuisine équipée, Sécurité, , Piscine, Machine à laver, Télévision exclusive famille et couple mariée obligatoire présenter acte de mariage",https://content.avito.ma/classifieds/images/10154182934?t=images,12,Professionnel,2026-09-30
56627994,avito,ATLAS MOUNTAIN VIEW - Villa Premium Finie Type C/C’,https://www.avito.ma/fr/route_d_ourika/villas_et_riads/ATLAS_MOUNTAIN_VIEW___Villa_Premium_Finie_Type_C_C__56627994.htm,Vente,Villa,Marrakech,Route d'Ourika,3 100 000 DH,3100000,300,4,2,"Piscine, Jardin, Parking / Garage, Vue dégagée / Atlas / Golf","ATLAS MOUNTAIN VIEW RESIDENCES & RESORT (AMV) Marrakech

Votre Villa Premium Finie Type C/C’  

Ne choisissez plus entre confort et durabilité, Tout y est.

ATLAS MOUNTAIN VIEW Residences & Resort à 7 min du boulevard Mohamed VI, dans un environnement naturel promet un cadre de vie idyllique.  
Chaque détail a été soigneusement pensé pour profiter pleinement des avantages de la modernité dans une atmosphère raffinée tout en admirant les montagnes de l’Atlas à perte de vue.  

Bénéficiez d’un concept unique et un cadre de vie d’exception :  
◆ 9 Résidences indépendantes, fermées et sécurisées reliées par une magnifique « Coulée verte » de 5,7 hectares idéale pour vos promenades.  
◆ Piscine commune de 300m2, aire de jeux et espaces verts au sein de chaque résidence pour un cadre familial idyllique.  
◆ Mobilité douce privilégiée: parking sous terrain, circulation à pied ou en golfette pour préserver votre tranquillité et un environnement sain.  
◆ Des villas premium finies éco-conçues : aux matériaux durables, aux installations exclusives et au design contemporain pour un confort absolu, alliant bien-être et sérénité.  
◆ Services et installations à portée de main : simplifiez-vous la vie grâce aux différents espaces pensés pour votre quiétude au quotidien :  
Équipements & Services : Service de conciergerie, Crèche, École, Kids Club, Centre Commercial....  
Espaces Sportifs : Salles de sports, 10 kms de piste cyclable & parcours de footing sécurisés, Terrains de football, Courts de tennis & Padel, Piscines couvertes, SPA & Hammam...  
Espaces Naturels : Coulée verte, Ferme pédagogique aménagée, Jardins....  
Espaces Culturels : Médiathèque, Bibliothèque, Mosquée, Centre Culturel, Activités & Soutien scolaire...  

Nos villas contemporaines de type C/C’aux finitions haut de gamme, d’une superficie à partir de 218m2 habitables comprend 4 chambres dont une master room, équipée de confort  
domotique, jardin privatif entretenu, le rooftop végétalisé vous offrirons des lieux de vie raffinés et confortables.  
Au rez-de-chaussée se trouve le séjour donnant sur un jardin privatif, cuisine aménagée et équipée d’un four multifonction, d’une hotte et d’une plaque de cuisson. Toilettes invités  
À l’étage 4 chambres dont une master-room, 2 salles de bain, dressing  
Le rooftop aménagé avec vue dégagée sur les montagne de l’Atlas.  

Atlas Mountain View est bien plus qu'un resort, c’est un investissement responsable pour un avenir durable.  
Design Épuré, Cadre Idyllique, Services & Commodités...Tout y est, Laissez-vous tenter...

Réservez, dès à présent, votre Villa Premium finie, dans un écrin de verdure, avec toutes les  
commodités de la vie à portée de main, à partir 3,2 Mdhs.",https://content.avito.ma/classifieds/images/10136390829?t=images,7,Professionnel,2026-09-30
57758375,avito,Appartement meublé à vendre Hay Azdihar,https://www.avito.ma/fr/hay_izdihar/appartements/Appartement_meublé_à_vendre_Hay_Azdihar_57758375.htm,Vente,Appartement,Marrakech,Hay Izdihar,560 000 DH,560000,60,2,1,"Ascenseur, Meublé","Appartement meublé à vendre Hay Azdihar
2 chambres, salon, salle de bain
2ème étage sans ascenseur
Superficie 60 m²
Agence immobilière
Frais d'agence 2,5 %",https://content.avito.ma/classifieds/images/10147518885?t=images,15,Professionnel,2026-09-30
56623435,avito,ATLAS MOUNTAIN VIEW - Villa Premium Finie Type B/B’,https://www.avito.ma/fr/route_d_ourika/villas_et_riads/ATLAS_MOUNTAIN_VIEW___Villa_Premium_Finie_Type_B_B__56623435.htm,Vente,Villa,Marrakech,Route d'Ourika,2 800 000 DH,2800000,300,3,3,"Piscine, Jardin, Terrasse, Parking / Garage, Vue dégagée / Atlas / Golf","ATLAS MOUNTAIN VIEW RESIDENCES & RESORT (AMV) Marrakech

Votre Villa Premium Finie Type B/B’  

Ne choisissez plus entre confort et durabilité, Tout y est.

ATLAS MOUNTAIN VIEW Residences & Resort à 7 min du boulevard Mohamed VI, dans un environnement naturel promet un cadre de vie idyllique.  
Chaque détail a été soigneusement pensé pour profiter pleinement des avantages de la modernité dans une atmosphère raffinée tout en admirant les montagnes de l’Atlas à perte de vue.  

Bénéficiez d’un concept unique et un cadre de vie d’exception :  
◆ 9 Résidences indépendantes, fermées et sécurisées reliées par une magnifique « Coulée verte » de 5,7 hectares idéale pour vos promenades.  
◆ Piscine commune de 300m2, aire de jeux et espaces verts au sein de chaque résidence pour un cadre familial idyllique.  
◆ Mobilité douce privilégiée: parking sous terrain, circulation à pied ou en golfette pour préserver votre tranquillité et un environnement sain.  
◆ Des villas premium finies éco-conçues : aux matériaux durables, aux installations exclusives et au design contemporain pour un confort absolu, alliant bien-être et sérénité.  
◆ Services et installations à portée de main : simplifiez-vous la vie grâce aux différents espaces pensés pour votre quiétude au quotidien :  
Équipements & Services : Service de conciergerie, Crèche, École, Kids Club, Centre Commercial....  
Espaces Sportifs : Salles de sports, 10 kms de piste cyclable & parcours de footing sécurisés, terrains de football, courts de tennis & padel, piscines couvertes, SPA & Hammam...  
Espaces Naturels : Coulée verte, ferme pédagogique aménagée, Jardins....  
Espaces Culturels : Médiathèque, bibliothèque, mosquée, centre culturel, activités & soutien scolaire...  

Nos villas contemporaines de type B/B’ aux finitions haut de gamme, d’une superficie à partir de 260m2 habitables comprend 3 chambres dont une master room, équipée de confort domotique, jardin privatif entretenu, le rooftop végétalisé vous offrirons des lieux de vie raffinés et confortables.  
Au sous-sol se trouve un vaste séjour donnant sur une cour anglaise.  
Au rez-de-chaussée se trouve le séjour donnant sur un jardin privatif, une cuisine ouverte aménagée et équipée d’un four multifonction, d’une hotte et d’une plaque de cuisson, toilettes invités.  
À l’étage 3 chambres dont une master-room, 2 salles de bain, dressing, terrasse  
Le rooftop aménagé avec vue dégagée sur les montagne de l’Atlas.  

Atlas Mountain View est bien plus qu'un resort, c’est un investissement responsable pour un avenir durable.  
Design Épuré, Cadre Idyllique, Services & Commodités...Tout y est, Laissez-vous tenter...  

Réservez, dès à présent, votre Villa Premium finie, dans un écrin de verdure, avec toutes les commodités à portée de main, à partir 2,7 Mdhs.",https://content.avito.ma/classifieds/images/10136351784?t=images,11,Professionnel,2026-09-30
56699742,avito,Appartements de luxe à louer à Kech,https://www.avito.ma/fr/guéliz/appartements/Appartements_de_luxe_à_louer_à_Kech_56699742.htm,Location,Appartement,Marrakech,Guéliz,300 DH,300,,1,,Piscine,J'ai des appartements à louer à Gueliz Marrakech avec piscine et salle de sport pour les familles,https://content.avito.ma/classifieds/images/10136972611?t=images,6,Professionnel,2026-09-30
58014674,avito,Local commercial vue boulevard,https://www.avito.ma/fr/hay_izdihar/local/Local_commercial_vue_boulevard_58014674.htm,Vente,Commerce,Marrakech,Hay Izdihar,1 000 000 DH,1000000,48,,,,"Opportunité rare à saisir dans le quartier Izdihar, à proximité des Écoles Illou, un secteur dynamique bénéficiant d’un bon passage et d’une excellente visibilité.
 Emplacement stratégique avec vue sur boulevard
 Superficie :: 33 m²
 Mezzanine : 15 m²
 Surface exploitable totale : 48 m²
 Façade sur boulevard
 Très bonne visibilité commerciale
Convient à toutes activités commerciales (sauf pharmacie)
 Idéal pour boutique, bureau, agence, salon de services, showroom ou activité professionnelle",https://content.avito.ma/classifieds/images/10149895387?t=images,4,Professionnel,2026-09-30
56603886,avito,Terrain 17 km Marrakech,https://www.avito.ma/fr/route_de_fès/terrains_et_fermes/Terrain_17_km_Marrakech_56603886.htm,Vente,Terrain,Marrakech,Route de Fès,1 200 000 DH,1200000,600,,,,Terrain 17 km Marrakech,https://content.avito.ma/classifieds/images/10136199159?t=images,17,Professionnel,2026-09-30
58674537,avito,Studio bien organisé,https://www.avito.ma/fr/guéliz/appartements/Studio_bien_organisé_58674537.htm,Location,Studio,Marrakech,Guéliz,250 DH,250,,1,,,"joli appartement au centre-ville et proche de tous les centres commerciaux ,",https://content.avito.ma/classifieds/images/10155298217?t=images,5,Professionnel,2026-09-30
56731193,avito,Des appartements à louer pour les familles.,https://www.avito.ma/fr/guéliz/appartements/Des_appartements_à_louer_pour_les_familles__56731193.htm,Location,Appartement,Marrakech,Guéliz,300 DH,300,,1,,Piscine,J'ai des appartements à louer à Gueliz Marrakech avec piscine et salle de sport pour les familles.,https://content.avito.ma/classifieds/images/10137272011?t=images,4,Professionnel,2026-09-30
58770358,avito,DES APPELART A LOUER PAR JOURS,https://www.avito.ma/fr/guéliz/appartements/DES_APPELART_A_LOUER_PAR_JOURS_58770358.htm,Location,Appartement,Marrakech,Guéliz,400 DH,400,,2,,"Ascenseur, Climatisation, Balcon, Parking / Garage, Meublé, Cuisine équipée, Sécurité / Gardien","Appartement à louer par jours à Guéliz, Marrakech, idéal pour un séjour confortable.
- 2 chambres
- Capacité 4 personnes
- Meublé
- Ascenseur
- Balcon
- Climatisation
- Cuisine équipée
- Concierge
- Sécurité
- Parking
- WIFI
- Horaire d'arrivée 14:00
- Horaire de départ 12:30
Pour plus d'informations ou pour réserver, contactez-moi.",https://content.avito.ma/classifieds/images/10155995931?t=images,8,Particulier,2026-09-30
58020448,avito,Appartement 125 m² à vendre à Guéliz Marrakech,https://www.avito.ma/fr/guéliz/appartements/Appartement_125_m²_à_vendre_à_Guéliz_Marrakech_58020448.htm,Vente,Appartement,Marrakech,Guéliz,2 000 000 DH,2000000,125,3,2,"Ascenseur, Terrasse, Parking / Garage","Appartement de 125 m² en vente situé plein centre Guéliz au 1er étage dans une résidence avec ascenseur et parking sous sol sécurisée bien ensoleillé se compose de 3 chambres à coucher dont une parentale avec sa salle de bain , 1 grand salon plus séjour , 1 autre salle de bain , 1 vaste cuisine qui donne sur une terrasse de 15 m² plus une deuxième terrasse couverte.
Pour plus d informations veuillez nous contacter.",https://content.avito.ma/classifieds/images/10149936975?t=images,8,Professionnel,2026-09-30
58448937,avito,Appartement à vendre 57 m² à Mabrouka Marrakech,https://www.avito.ma/fr/mabrouka/appartements/Appartement_à_vendre_57_m²_à_Mabrouka_Marrakech_58448937.htm,Vente,Appartement,Marrakech,Mabrouka,650 000 DH,650000,57,2,1,"Ascenseur, Balcon","Appartement de 57 m² en vente situé sur la route de Safi à 500 mètres du MacDo route de Casablanca dans une résidence sécurisée 24/24 au 3 eme étage avec ascenseur 2 façades bien ensoleillé se compose de 2 chambres à coucher , 1 salon , 1 salle de bain , 1 cuisine avec un beau balcon ,
Pour plus d informations veuillez nous contacter.",https://content.avito.ma/classifieds/images/10153486802?t=images,8,Professionnel,2026-09-30
58723179,avito,Café à Vendre Mhamid 9,https://www.avito.ma/fr/m_hamid/local/Café_à_Vendre_Mhamid_9_58723179.htm,Vente,Commerce,Marrakech,M'Hamid,1 300 000 DH,1300000,58,,,,"Café à vendre situé à M'Hamid, Marrakech, prêt à démarrer.

- Surface totale : 58 m²
- Surface soupente : 58 m²
- Âge du bien : 1-5 ans
- Condition : Bon état
- Disponibilité : Immédiate

Contactez-moi pour plus d'informations.",https://content.avito.ma/classifieds/images/10155658911?t=images,6,Professionnel,2026-09-30
57444642,avito,Appartement à vendre meublé Route de Casa Marrakech,https://www.avito.ma/fr/av_abdelkrim_el_khattabi/appartements/Appartement_à_vendre_meublé_Route_de_Casa_Marrakech_57444642.htm,Vente,Appartement,Marrakech,Av Abdelkrim El Khattabi,1 600 000 DH,1600000,85,2,2,"Ascenseur, Climatisation, Balcon, Parking / Garage, Meublé","Appartement de 85 m² en vente meublé situé sur la route de Casablanca à Abdelkarim Elkhatabi dans une résidence neuve jamais habité au 4 eme étage avec ascenseur ensoleillé se compose de 2 chambres à coucher avec placards ,1 beau salon avec balcon bien ensoleillé ,1 cuisine bien équipée avec buanderie ,1 toilette pour les invitées ,1 belle salle de bain à l italienne ,climatisation centralisée , parterre en marbre ,bien meublé ,plus une place privative de 11 m² au parking sous sol .
N B , L appartement en vente meublée 
Pour plus d informations veuillez nous contacter 
Frais d agence 3 % du prix de vente",https://content.avito.ma/classifieds/images/10144375143?t=images,11,Professionnel,2026-09-30
58770326,avito,Bureau Plaza Marché,https://www.avito.ma/fr/guéliz/bureaux/Bureau_Plaza_Marché_58770326.htm,Vente,Bureau,Marrakech,Guéliz,875 000 DH,875000,50,,1,,Bureau neuf,https://content.avito.ma/classifieds/images/10155996560?t=images,1,Particulier,2026-09-30
58304283,avito,Appartement 104m² à vendre Samlalia Marrakech,https://www.avito.ma/fr/semlalia/appartements/Appartement_104m²_à_vendre_Samlalia_Marrakech_58304283.htm,Vente,Appartement,Marrakech,Semlalia,1 200 000 DH,1200000,104,3,2,"Ascenseur, Balcon","Appartement de 104 m² en vente situé à Samlalia à coté de SUP DE CO au 3 eme étage dans une résidence avec ascenseur sécurisée 24/24 bien ensoleillé près de tous commodités à 3 minutes du centre ville se compose de 3 chambres à coucher avec balcons , 1 salon ,1 séjour , 1 salle de bain plus une toilette séparée , 1 cuisine avec balcon , Pas de vis a vis 
Pour plus d informations veuillez nous contacter",https://content.avito.ma/classifieds/images/10152290537?t=images,12,Professionnel,2026-09-30
58629213,avito,Villa 3000 M² a louer meublée RT Ourika Marrakech,https://www.avito.ma/fr/route_d_ourika/villas_et_riads/Villa_3000_M²_a_louer_meublée_RT_Ourika_Marrakech_58629213.htm,Location,Villa,Marrakech,Route d'Ourika,25 000 DH,25000,3000,3,4,"Piscine, Parking / Garage, Cheminée","Villa meublée en location pour la longue durée située sur la route de l Ourika à 25 kilomètres de Marrakech dans un terrain de 3000 M² plein pied de 260 M² de superficie habitable avec une très belle vue sur les montagnes pas de vis a vis se compose de 1 grand salon avec cheminée qui donne sur la piscine ,1 séjour ,1 très belle cuisine bien équipée plus un local de stockage ,1 belle salle de bain des invitées ,2 chambres a coucher avec sa salle de bain ,plus une grande chambre parentale avec hammam beldi opérationnel et dressing .
La villa possède un parking pour 3 voitures.
Conditions .1mois de loyer plus 3 mois de cautionnement . 1 mois frais d agence
Pour plus d informations veuillez nous contacter",https://content.avito.ma/classifieds/images/10154965893?t=images,13,Professionnel,2026-09-30
58770302,avito,Maison Douar Abdessalam route de Chouiter,https://www.avito.ma/fr/route_de_ouarzazate/maisons/Maison_Douar_Abdessalam_route_de_Chouiter_58770302.htm,Vente,Maison,Marrakech,Route de Ouarzazate,250 000 DH,250000,50,2,0,,"Maison à vendre à Douar Abdessalam, 3 kilomètres avant Chouiter. La maison est à 2 kilomètres de la route principale jusqu'à la porte de la maison, entièrement goudronnée. Les papiers sont en titre de propriété notarié, pas une cession.",https://content.avito.ma/classifieds/images/10155995880?t=images,8,Particulier,2026-09-30
58770272,avito,Appartement location de vacances Guéliz,https://www.avito.ma/fr/guéliz/appartements/Appartement_location_de_vacances_Guéliz_58770272.htm,Location,Appartement,Marrakech,Guéliz,250 DH,250,,2,,,Deux chambres,https://content.avito.ma/classifieds/images/10155995915?t=images,3,Particulier,2026-09-30
58632269,avito,Appartement meublé à louer au mois – Dyar Al Nakhil,https://www.avito.ma/fr/route_de_casablanca/appartements/Appartement_meublé_à_louer_au_mois___Dyar_Al_Nakhil_58632269.htm,Location,Appartement,Marrakech,Route de Casablanca,4 500 DH,4500,52,2,1,"Ascenseur, Meublé, Cuisine équipée","Emplacement : Dyar Al Nakhil – Marrakech
🏢 Étage : Premier avec ascenseur
💰 Prix : 4 500 dirhams / mois

✨ Appartement meublé et équipé, composé de :

🛋️ Un grand salon marocain
🛏️ Deux chambres à coucher
🍳 Cuisine équipée
🚿 Salle de bain
🌿 Espace extérieur aménagé
📺 Télévision
🧺 Lave-linge
❄️ Réfrigérateur
💧 Chauffe-eau

📞 Pour plus d'informations ou pour fixer un rendez-vous de visite, veuillez nous contacter",https://content.avito.ma/classifieds/images/10154978782?t=images,7,Professionnel,2026-09-30
58770249,avito,Superbe Appartement au Cœur de Guéliz à Louer,https://www.avito.ma/fr/guéliz/appartements/Superbe_Appartement_au_C_ur_de_Guéliz_à_Louer_58770249.htm,Location,Appartement,Marrakech,Guéliz,250 DH,250,,2,,"Ascenseur, Piscine, Terrasse, Balcon, Parking / Garage, Meublé, Sécurité / Gardien","Je propose à la location un superbe studio neuf en haut standing, idéalement situé au cœur de Guéliz, Marrakech.
- 2 chambres
- Capacité d'accueil 4 personnes
- Meublé et équipé
- Ascenseur, concierge et sécurité
- Terrasse, balcon et piscine
- Parking et WIFI inclus
Pour plus d'informations, contactez-moi.",https://content.avito.ma/classifieds/images/10155994752?t=images,4,Professionnel,2026-09-30
58770261,avito,Joli Appartement à louer à Victor Hugo,https://www.avito.ma/fr/guéliz/appartements/Joli_Appartement_à_louer_à_Victor_Hugo_58770261.htm,Location,Appartement,Marrakech,Guéliz,9 000 DH,9000,,1,1,"Terrasse, Parking / Garage","APPARTEMENT LA GAZELLE — GUÉLIZ, VICTOR HUGO

Situé au cœur de Guéliz, dans le quartier de Camp El Ghoul, à proximité du lycée français Victor Hugo, l’Appartement La Gazelle offre un cadre moderne, confortable et idéalement situé à Marrakech.

L’appartement peut accueillir jusqu’à 4 personnes et se compose d’une grande chambre, d’un spacieux salon avec Smart TV et Wi-Fi, d’une cuisine entièrement équipée, d’une salle de bain moderne et d’une grande terrasse agréable, idéale pour profiter du soleil de Marrakech.

Une place de parking privée en sous-sol est également disponible, au sein d’une résidence sécurisée.

Son emplacement permet de profiter facilement des principales adresses de Guéliz, notamment Carré Eden, les cafés, restaurants et commerces du centre-ville, tout en restant à proximité des principaux points d’intérêt de Marrakech.

LES ATOUTS

* Grande chambre
* Spacieux salon avec Smart TV
* Wi-Fi
* Cuisine entièrement équipée
* Salle de bain moderne
* Grande terrasse
* Parking privé en sous-sol
* Résidence sécurisée
* Emplacement central à Guéliz

CONDITIONS DE LOCATION

Loyer mensuel : 9000 MAD

* 1 mois de loyer à l’entrée
* 1 mois de caution",https://content.avito.ma/classifieds/images/10155995642?t=images,5,Particulier,2026-09-30
58770253,avito,Côté Plaza Guéliz,https://www.avito.ma/fr/guéliz/bureaux/Côté_Plaza_Guéliz_58770253.htm,Vente,Bureau,Marrakech,Guéliz,1 400 000 DH,1400000,79,,1,,Bureau neuf Guéliz,https://content.avito.ma/classifieds/images/10155995730?t=images,1,Particulier,2026-09-30
58727173,avito,Appartement à louer 54 m² à Marrakech,https://www.avito.ma/fr/route_de_safi/appartements/Appartement_à_louer_54_m²_à_Marrakech_58727173.htm,Location,Appartement,Marrakech,Route de Safi,6 500 DH,6500,54,2,1,"Ascenseur, Climatisation, Terrasse, Meublé, Cuisine équipée, Sécurité / Gardien","Je propose à la location un studio meublé de 54 m² à Marrakech, Route de Safi, disponible immédiatement.
- 54 m² habitables et totale
- Studio
- Bon état
- Âge du bien : 1 à 5 ans
- Moyen standing
- Ascenseur
- Terrasse
- Climatisation
- Cuisine équipée
- Sécurité
- Frais de syndic : 0 Dhs
- Caution : 1 mois
Contactez moi pour plus d'informations.",https://content.avito.ma/classifieds/images/10155656929?t=images,13,Professionnel,2026-09-30
49779711,avito,Propre appart 5 min de gueliz Wi-Fi,https://www.avito.ma/fr/guéliz/appartements/Propre_appart_5_min_de_gueliz_Wi_Fi_49779711.htm,Location,Appartement,Marrakech,Guéliz,250 DH,250,,2,,Parking / Garage,"Je mets en location mon propre appartement meubé  avec WIFI
 bien équipé près de toutes commoditées 5 min de gueliz  avec 2 chambres a coucher ,un salon marocain salle de bain eau chaude ,cuisine ,résidence calme et Sécurisée, parking disponible.",https://content.avito.ma/classifieds/images/10135986341?t=images,7,Professionnel,2026-09-30
58616744,avito,Bel appartement à louer meublé au cœur de Guéliz,https://www.avito.ma/fr/guéliz/appartements/Bel_appartement_à_louer_meublé_au_c_ur_de_Guéliz_58616744.htm,Location,Appartement,Marrakech,Guéliz,15 000 DH,15000,,2,1,Meublé,"Situé en plein cœur du quartier prisé de Guéliz, ce bel appartement vous séduira par son emplacement central et son atmosphère chaleureuse.
Il se compose de deux chambres confortables, idéales pour accueillir une famille ou un couple souhaitant un espace de vie spacieux.
L'appartement comprend une salle de bain moderne, un grand salon lumineux parfait pour profiter des journées ensoleillées ou des soirées en plein air. Un coin salle à manger convivial jouxte le salon, offrant un espace parfait pour partager des repas en famille ou entre amis.
La cuisine est entièrement équipée, prête à satisfaire tous vos besoins culinaires.

Cet appartement allie parfaitement le confort, la praticité et le charme de la vie citadine, à quelques pas des commerces, restaurants et commodités de Guéliz.",https://content.avito.ma/classifieds/images/10154858542?t=images,5,Professionnel,2026-09-30
56381250,avito,STUDIO CLIMATISÉ PRÈS MACDO ROUTE DE SAFI,https://www.avito.ma/fr/hay_izdihar/appartements/STUDIO_CLIMATISÉ_PRÈS_MACDO_ROUTE_DE_SAFI_56381250.htm,Location,Studio,Marrakech,Hay Izdihar,350 DH,350,,2,,"Climatisation, Meublé",Appartement meublé et climatisé à louer à la journée pour familles et couples uniquement,https://content.avito.ma/classifieds/images/10152073439?t=images,11,Professionnel,2026-09-30
58620831,avito,studio très bel,https://www.avito.ma/fr/guéliz/appartements/studio_très_bel_58620831.htm,Location,Studio,Marrakech,Guéliz,250 DH,250,,1,,"Ascenseur, Climatisation, Piscine, Terrasse, Parking / Garage, Meublé, Cuisine équipée, Sécurité / Gardien","Studio meublé de haut standing à louer à Guéliz, Marrakech.
- 1 chambre
- Capacité : 4 personnes
- Ascenseur
- Concierge
- Sécurité
- Terrasse
- Parking
- WIFI
- Machine à laver
- Climatisation
- Piscine
- Télévision
- Cuisine équipée
Pour toute réservation ou information supplémentaire, veuillez me contacter.",https://content.avito.ma/classifieds/images/10154890081?t=images,4,Professionnel,2026-09-30
58638166,avito,Joli appart à Marrakech Guéliz,https://www.avito.ma/fr/guéliz/appartements/Joli_appart_à_Marrakech_Guéliz_58638166.htm,Location,Appartement,Marrakech,Guéliz,250 DH,250,,1,,"Ascenseur, Climatisation, Piscine, Terrasse, Parking / Garage, Meublé, Cuisine équipée, Sécurité / Gardien","Louez ce studio de haut standing situé dans le quartier privilégié de Guéliz à Marrakech. Cet appartement meublé offre un cadre confortable pour 4 personnes.

- 1 chambre
- Capacité 4 personnes
- Terrasse
- Cuisine équipée
- Climatisation et télévision
- Accès piscine
- Parking sécurisé
- Conciergerie et sécurité
- Ascenseur
- Wifi inclus
- Linge de maison serviettes et articles de toilette fournis
- Machine à laver

Pour toute demande de réservation ou information complémentaire, contactez-moi.",https://content.avito.ma/classifieds/images/10155036256?t=images,5,Professionnel,2026-09-30
57134496,avito,Charmante maison titrée option maison d’hôtes,https://www.avito.ma/fr/route_d_ourika/maisons/Charmante_maison_titrée_option_maison_d_hôtes_57134496.htm,Vente,Maison,Marrakech,Route d'Ourika,3 400 000 DH,3400000,1000,4,2,"Piscine, Terrasse, Vue dégagée / Atlas / Golf","À vendre – Maison titrée avec vue imprenable – Route de l’Ourika (34 km de Marrakech).

Charmante maison titrée, sans grands travaux à prévoir, située dans un environnement calme et verdoyant, offrant une vue dégagée et imprenable.
Édifiée sur un terrain de 1000 m², elle se compose de 4 chambres, dont une suite royale avec salle de bain privative et terrasse.
À l’extérieur, vous profiterez d’une piscine, d’un bel espace de verdure et d’un cadre paisible.
Un bien idéal pour une maison d’hôtes ou un café-restaurant de charme.

n’hésitez pas à me contacter pour une éventuelle visite.",https://content.avito.ma/classifieds/images/10141190792?t=images,17,Professionnel,2026-09-30
58685292,avito,Appartement lumineux et moderne à louer meublé,https://www.avito.ma/fr/agdal/appartements/Appartement_lumineux_et_moderne_à_louer_meublé_58685292.htm,Location,Appartement,Marrakech,Agdal,20 000 DH,20000,100,3,2,"Jardin, Meublé, Sécurité / Gardien","Location longue durée - Magnifique Appartement rez-de-jardin meublé – Prestigia Golf City

💰 Loyer : 20 000 DH / mois
📍 Boulevard Mohammed VI, Marrakech
📐 100 m² | 🛏️ 3 chambres | 🛁 2 salles de bain

Superbe appartement meublé en rez-de-jardin situé à Prestigia Golf City, sur le Boulevard Mohammed VI. Un cadre prestigieux offrant confort, sécurité et qualité de vie.

Les atouts du bien :
 • Grand jardin privatif idéal pour profiter de l’extérieur
 • Appartement entièrement équipé et meublé
 • Belle exposition lumineuse
 • Résidence sécurisée haut standing
 • Accès à 3 piscines et au golf
 • Proximité immédiate du centre-ville
conditions de location :
2 mois de caution 
1 mois de loyer 
1 mois frais d'agence",https://content.avito.ma/classifieds/images/10155385284?t=images,7,Professionnel,2026-09-30
58055416,avito,Appartement neuf 70m,https://www.avito.ma/fr/autre_secteur/appartements/Appartement_neuf_70m_58055416.htm,Vente,Appartement,Marrakech,Autre Secteur,570 000 DH,570000,70,2,1,,"2 chambres salon cuisine couloir salle de bain Avec la cour 
a vendre à mhamid 9",https://content.avito.ma/classifieds/images/10150237217?t=images,6,Professionnel,2026-09-30
58744853,avito,Appartement très joli,https://www.avito.ma/fr/guéliz/appartements/Appartement_très_joli_58744853.htm,Location,Appartement,Marrakech,Guéliz,250 DH,250,,1,,"Ascenseur, Climatisation, Piscine, Terrasse, Parking / Garage, Meublé, Cuisine équipée, Sécurité / Gardien","Je propose à la location un studio meublé de haut standing situé dans le quartier de Guéliz à Marrakech.

- 1 chambre
- Capacité : 4 personnes
- Ascenseur
- Sécurité
- Concierge
- Parking
- Terrasse
- Piscine
- WIFI
- Climatisation
- Télévision
- Machine à laver
- Cuisine équipée
- Serviettes
- Articles de toilettage

Pour toute information complémentaire, n'hésitez pas à me contacter.",https://content.avito.ma/classifieds/images/10155810090?t=images,4,Professionnel,2026-09-30
58123235,avito,Vente Villa à Marrakech,https://www.avito.ma/fr/ancienne_médina/villas_et_riads/Vente_Villa_à_Marrakech_58123235.htm,Vente,Villa,Marrakech,Ancienne Médina,1 400 000 DH,1400000,80,5,,Terrasse,"El Mahdi AIT EL HADJ vous propose à la vente une douiria traditionnelle d'une superficie de 80 m², idéalement située dans le quartier très recherché de Sidi Ben Slimane, au cœur de la Médina de Marrakech. 

Ce bien offre une structure solide et de nombreuses possibilités d’aménagement, ce qui en fait une opportunité rare et idéale pour un projet de rénovation complète, que ce soit pour créer une résidence principale de charme, une maison d’hôtes ou pour un investissement locatif à fort rendement.

L'espace intérieur, généreux et modulable, comprend actuellement cinq chambres, deux cuisines ainsi qu'une terrasse qui offre un beau potentiel de valorisation pour profiter de la douceur des journées marrakchies. 

Pour plus d’informations ou pour organiser une visite, contactez-le dès maintenant.

El Mahdi AIT EL HADJ",https://content.avito.ma/classifieds/images/10155654385?t=images,5,Professionnel,2026-09-30
58637064,avito,Villa meublée haut standing à louer Targa,https://www.avito.ma/fr/targa/villas_et_riads/Villa_meublée_haut_standing_à_louer_Targa_58637064.htm,Location,Villa,Marrakech,Targa,32 000 DH,32000,500,5,4,"Climatisation, Piscine, Sécurité / Gardien","Située dans le quartier prisé de Targa à Marrakech, cette magnifique villa meublée d’environ 500 m² habitables offre un cadre de vie élégant, confortable et parfaitement équipé. Elle se compose de cinq chambres, dont une superbe master bedroom avec hammam beldi, ainsi qu’une suite avec salon et salle à manger donnant directement sur la cour. La villa dispose également d’une cuisine entièrement équipée, du chauffage et de la climatisation dans les différentes pièces, ainsi que de cinq télévisions avec IPTV installée. Pour un confort optimal toute l’année, elle bénéficie d’une piscine chauffée ou climatisée. La propriété est également équipée d’un système de vidéosurveillance intelligent garantissant sécurité et tranquillité, ainsi que d’une salle de sport dédiée au bien-être et à la remise en forme. Cette villa offre ainsi un excellent standing et constitue un choix idéal pour une location longue durée à Targa, dans un environnement résidentiel calme et recherché.",https://content.avito.ma/classifieds/images/10155018792?t=images,17,Professionnel,2026-09-30
58548666,avito,Studio avec Grande Terrasse à Gueliz Carré Eden,https://www.avito.ma/fr/guéliz/appartements/Studio_avec_Grande_Terrasse_à_Gueliz_Carré_Eden_58548666.htm,Location,Studio,Marrakech,Guéliz,12 000 DH,12000,135,1,1,"Terrasse, Meublé","Le 25 Immobilier vous propose ce magnifique studio de 135 m², idéalement situé en plein cœur de Guéliz, à proximité immédiate du Carré Eden, dans l’un des secteurs les plus recherchés et dynamiques de Marrakech.

Situé au dernier étage d’une résidence bien entretenue, ce bien bénéficie d’un atout particulièrement rare en centre-ville : une grande terrasse traversante de 75 m², offrant un véritable espace extérieur et une belle ouverture sur l’environnement.

L’appartement est particulièrement lumineux grâce à sa position en dernier étage et à sa configuration traversante. Il se compose d’un bel espace de vie aménagé avec goût, d’un coin nuit confortable, d’une cuisine fonctionnelle et d’une salle de bain.

Entièrement meublé avec un mobilier chic et élégant, ce studio offre une atmosphère raffinée et chaleureuse, prêt à être habité ou exploité immédiatement.

Son emplacement exceptionnel, sa luminosité, son dernier étage et surtout sa grande terrasse de 75 m² en font une opportunité rare à Guéliz.

Idéal pour une résidence principale, un pied-à-terre à Marrakech ou un investissement locatif.

Pour plus d’informations ou organiser une visite, contactez dès maintenant Le 25 Immobilier.",https://content.avito.ma/classifieds/images/10154298859?t=images,9,Professionnel,2026-09-30
53599657,avito,Bel appart T2 à Agdal piscine verdure vue dégagée,https://www.avito.ma/fr/agdal/appartements/Bel_appart_T2_à_Agdal_piscine_verdure_vue_dégagée_53599657.htm,Location,Appartement,Marrakech,Agdal,7 000 DH,7000,65,1,1,"Ascenseur, Climatisation, Piscine, Terrasse, Parking / Garage, Meublé, Sécurité / Gardien, Vue dégagée / Atlas / Golf","Nous mettons en location longue durée un appartement meublé d’une chambre et salon neuf, 60 m2, Au premier étage implanté dans une résidence fermée de haut standing avec grande piscine et salle de fitness accessible toute l'année , situé dans le quartier le plus sophistiqué a Marrakech, la zone touristique Agdal.
Juste à quelques minutes de la place de jamaa el fna, de l’aéroport Marrakech Menara, du centre ville-Marrakech,
calme et sécurité absolu
Surveillance H24
Ascenseur
place au parking sous sol
Disposition des pièces
- salon donnant sur terrasse 
- une chambre avec accès au terrasse
- une cuisine séparée ,
- un salon donnant sur une belle terrasse
- Une salle de bains
- climatisation 
- sans vis-à-vis
- place parking
Le cadre dans cette résidence est agréable. Entretien quotidien des parties communes",https://content.avito.ma/classifieds/images/10155700712?t=images,16,Professionnel,2026-09-30
55297983,avito,Allo appartements bien placé pour les familles.350,https://www.avito.ma/fr/guéliz/appartements/Allo_appartements_bien_placé_pour_les_familles_350_55297983.htm,Location,Appartement,Marrakech,Guéliz,300 DH,300,,1,,Piscine,J'ai des appartements à louer à gueliz Marrakech avec piscine et salle de sport pour les familles.,https://content.avito.ma/classifieds/images/10122899843?t=images,6,Professionnel,2026-09-30
55134786,avito,Villa avec piscine privée et sans vis à vis,https://www.avito.ma/fr/route_d_ourika/villas_et_riads/Villa_avec_piscine_privée_et_sans_vis_à_vis_55134786.htm,Location,Villa,Marrakech,Route d'Ourika,1 450 DH,1450,,4,,"Climatisation, Piscine, Terrasse, Balcon, Parking / Garage, Cuisine équipée, Sécurité / Gardien","Je propose à la location une villa de haut standing avec piscine privée, située sur la Route d'Ourika à Marrakech. Profitez d'un séjour sans vis à vis dans un cadre exceptionnel.
- 4 chambres
- Capacité d'accueil 5 personnes et plus
- Balcon et terrasse
- Entièrement meublée
- Climatisation et chauffage
- Cuisine équipée
- Sécurité
- Parking
- Machine à laver
- Horaire d'arrivée : 15h00
- Horaire de départ : 12h00
Contactez-moi pour toute information complémentaire ou pour réserver votre séjour.",https://content.avito.ma/classifieds/images/10155405590?t=images,19,Professionnel,2026-09-30
58686078,avito,Café équipé en vente à Marrakech,https://www.avito.ma/fr/mabrouka/local/Café_équipé_en_vente_à_Marrakech_58686078.htm,Vente,Commerce,Marrakech,Mabrouka,1 900 000 DH,1900000,60,,,Terrasse,"L'agence Stone immobilier met à la vente fond et murs un café équipé au quartier Mabrouka
Le café a une superficie de 60 m² au Rez de chaussée, 60 m² à la mezzanine plus 40 m² à la terrasse avec aussi la possibilité d'utilisé des espaces extérieur, le café est composé au sol d'un local de stockage, un bar équipé (machine à café, frigo comptoir, frigo, mixeur etc....), une salle climatisée avec deux tv de 65 pouces pour l'intérieur et l'extérieur, à l'étage vous avez une salle d'eau, une salle avec tv 50 pouces, en matériel vous 45 tables et une centaine de chaises  
Prix de vente : 1900000 Dhs",https://content.avito.ma/classifieds/images/10155390403?t=images,9,Professionnel,2026-09-30
58623858,avito,Appartement neuf très calme,https://www.avito.ma/fr/guéliz/appartements/Appartement_neuf_très_calme_58623858.htm,Location,Appartement,Marrakech,Guéliz,250 DH,250,,1,,"Ascenseur, Climatisation, Piscine, Terrasse, Parking / Garage, Meublé, Cuisine équipée, Sécurité / Gardien","Je propose à la location un studio meublé haut standing à Guéliz, Marrakech.
- 1 chambre
- Capacité 4 personnes
- Ascenseur
- Concierge
- Serviettes
- Sécurité
- Terrasse
- Parking
- Articles de toilettage
- WIFI
- Machine à laver
- Climatisation
- Piscine
- Télévision
- Cuisine équipée
Pour plus d'informations, contactez-moi si vous êtes intéressé.",https://content.avito.ma/classifieds/images/10154935410?t=images,6,Professionnel,2026-09-30
57925251,avito,Appartement calme propre centre Gueliz wifi,https://www.avito.ma/fr/guéliz/appartements/Appartement_calme_propre_centre_Gueliz_wifi_57925251.htm,Location,Appartement,Marrakech,Guéliz,400 DH,400,72,1,1,,"Appartement bien équipé au centre ville Gueliz, très calme et confortable.",https://content.avito.ma/classifieds/images/10149045566?t=images,1,Professionnel,2026-09-30
58610893,avito,Terrain pour villa Akenza Golf Resort,https://www.avito.ma/fr/autre_secteur/terrains_et_fermes/Terrain_pour_villa_Akenza_Golf_Resort_58610893.htm,Vente,Terrain,Marrakech,Autre Secteur,4 647 000 DH,4647000,1256,,,"Piscine, Jardin","À VENDRE – TERRAIN 1 256 m²

Très beau terrain de 1 256 m², bénéficiant d’une orientation plein sud, situé au sein d’un lotissement sécurisé et entièrement réceptionné.

* Superficie : 1 256 m²
* Orientation : plein sud
* Possibilité de construire une villa avec sous-sol + rez-de-chaussée + étage (R+1)
* Lotissement sécurisé
* Lotissement réceptionné

Un terrain idéal pour la réalisation d’une belle villa contemporaine avec jardin et piscine.",https://content.avito.ma/classifieds/images/10154812679?t=images,1,Particulier,2026-09-30
58678539,avito,Bel appartement N 1 à Guéliz,https://www.avito.ma/fr/guéliz/appartements/Bel_appartement_N_1_à_Guéliz_58678539.htm,Location,Appartement,Marrakech,Guéliz,350 DH,350,,1,,"Ascenseur, Piscine","Très beaux appartements et studios au centre de Marrakech à Guéliz, uniquement pour les familles dans une résidence calme et propre avec ascenseur, salle de sport et piscine à Guéliz, derrière Marjane Market Guéliz.",https://content.avito.ma/classifieds/images/10155336285?t=images,11,Professionnel,2026-09-30
58770192,avito,Guéliz neuf,https://www.avito.ma/fr/guéliz/appartements/Guéliz_neuf_58770192.htm,Vente,Appartement,Marrakech,Guéliz,1 350 000 DH,1350000,74,2,1,,Appartement neuf,https://content.avito.ma/classifieds/images/10155995121?t=images,2,Particulier,2026-09-30
56941873,avito,Appartement climatisé près de Zara McDo Gueliz Wifi,https://www.avito.ma/fr/guéliz/appartements/Appartement_climatisé_près_de_Zara_McDo_Gueliz_Wifi_56941873.htm,Location,Appartement,Marrakech,Guéliz,400 DH,400,71,1,1,"Ascenseur, Climatisation, Balcon, Parking / Garage",Appartement neuf climatisé propre près de Macdonalds Zara Gueliz avec wifi balcon parking ascenseur endroit calme climatisé près de Care Eden appartement calme propre,https://content.avito.ma/classifieds/images/10139169641?t=images,3,Professionnel,2026-09-30
55210336,avito,Apparte agréable à côté de la place d'armes,https://www.avito.ma/fr/guéliz/appartements/Apparte_agréable_à_côté_de_la_place_d_armes_55210336.htm,Location,Appartement,Marrakech,Guéliz,300 DH,300,,1,,"Piscine, Meublé",Je mets à location de courte durée des appartements meublés avec piscine et salle de sport pour les familles.,https://content.avito.ma/classifieds/images/10121355462?t=images,5,Professionnel,2026-09-30
56607934,avito,Appartements 2 chambres salon bien équipé.,https://www.avito.ma/fr/mabrouka/appartements/Appartements_2_chambres_salon_bien_équipé__56607934.htm,Location,Appartement,Marrakech,Mabrouka,350 DH,350,,2,,,J'ai des appartements à louer à Gueliz Marrakech pour les familles.,https://content.avito.ma/classifieds/images/10136229390?t=images,10,Professionnel,2026-09-30
58571800,avito,Appartement à louer 45 m² à Marrakech,https://www.avito.ma/fr/victor_hugo/appartements/Appartement_à_louer_45_m²_à_Marrakech_58571800.htm,Location,Appartement,Marrakech,Victor Hugo,4 500 DH,4500,45,1,1,Meublé,"🏡 Studio à louer à l’année – Marrakech
📍 Localisation : Route …
✨ Studio vide et non meublé, idéal pour une location annuelle, situé dans un emplacement pratique à proximité de toutes les commodités.
Caractéristiques :
🛏️ Une chambre
🍳 Une cuisine
🚿 Une salle de bain
🪑 Non meublé
📅 Location annuelle
💰 Loyer : 4 500 DH/mois
📋 Conditions de location – Appartement non meublé
1 mois de loyer d’avance
1 mois de caution
1 mois de frais d’agence
💧 2 000 DH de caution pour l’eau et l’électricité
📞 Pour plus d’informations ou pour organiser une visite, n’hésitez pas à nous contacter",https://content.avito.ma/classifieds/images/10154514513?t=images,7,Professionnel,2026-09-30
58770179,avito,Villa Golf Noria,https://www.avito.ma/fr/route_de_tahanaoute/villas_et_riads/Villa_Golf_Noria_58770179.htm,Vente,Villa,Marrakech,Route de Tahanaoute,,,,5,,"Piscine, Jardin","Je vous propose une villa d'exception à louer à Marrakech, idéalement située sur la Route de Tahanaoute.
- Architecture moderne et épurée
- Piscine privée et jardin paysager
- Finitions de haute qualité
- Cadre de vie privilégié à proximité du Golf Noria
Pour toute visite ou information complémentaire, n'hésitez pas à me contacter.",https://content.avito.ma/classifieds/images/10155991582?t=images,8,Particulier,2026-09-30
58770175,avito,Appartement à vendre 80 m² à Marrakech,https://www.avito.ma/fr/ain_mezouar/appartements/Appartement_à_vendre_80_m²_à_Marrakech_58770175.htm,Vente,Appartement,Marrakech,Ain Mezouar,720 000 DH,720000,90,2,2,"Ascenseur, Parking / Garage","A vendre appartement de 80 mètres carrés plus parking de 12 mètres carrés au 4ème étage dans un immeuble avec ascenseur et parking en sous-sol. L'appartement se compose de deux chambres, une chambre parentale avec salle de bain et dressing, une chambre d'enfant, un salon, une cuisine, une salle de bain invités. Pour plus d'informations veuillez me contacter.",https://content.avito.ma/classifieds/images/10155994867?t=images,4,Particulier,2026-09-30
58658702,avito,Villa Semi-Finie titrée - Résidence fermée,https://www.avito.ma/fr/route_d_amezmiz/villas_et_riads/Villa_Semi_Finie_titrée___Résidence_fermée_58658702.htm,Vente,Villa,Marrakech,Route d'Amezmiz,2 590 000 DH,2590000,304,5,3,"Piscine, Jardin, Terrasse, Balcon, Parking / Garage, Sécurité / Gardien","En français :

Localisation :

À Marrakech, au Maroc – ce pays du beau soleil, des dunes de sable et des plages paradisiaques –, cette villa est nichée dans une résidence privée, fermée et sécurisée. Idéalement située sur la route d'Amezmiz (à 300 m de la station Total), elle n'est qu'à 7 minutes en voiture de la place Jemâa El Fna. Proche du boulevard Mohamed 6, de l'aéroport Ménara et des axes principaux, elle séduira aussi bien les amateurs de golf avec les greens du Chrifia CGI et du Noria Golf Club que les sportifs avec plusieurs clubs de padel, le tout à seulement 200 m..

Description :

Je vous propose ma villa semi-finie de 304 m², idéale pour ceux qui souhaitent personnaliser leur espace selon leurs goûts et besoins. Ce projet s’inscrit dans un cadre 100 % touristique, alliant calme, détente et sécurité.

Profitez d’une vue imprenable sur l’Atlas et d’un environnement naturel apaisant, tout en étant à proximité des commodités et des sites emblématiques de Marrakech.

Atouts :

✅ Résidence sécurisée et fermée, accès réservé aux résidents de la résidence.
✅ Haute standing
✅ Proximité des axes principaux
✅ Possibilité de personnalisation totale (villa semi-finie)
✅ Cadre paisible et touristique.
✅ Pièces très lumineuses toute la journée.
✅ Prix négociable dans la limite du raisonnable.
✅ Paiement en espèces accepté.
✅ Possibilité d'être payé sur un partie de la somme en euro sur mon compte EU.
✅ Piscine incluse : Creusement assuré par le promoteur selon votre choix :
* Format L devant ou I derrière la villa.

Composition:

✅ 5 chambres ; une au rez-de-chaussée et 4 à l'étage dont deux suites avec douche privée et dressing.
✅ Surface totale : 304m²
✅ Surface habitable: 237m²
✅ 3 Salles de bain à l'étage et 2 lavabo et WC au rez-de-chaussée.
✅ 2 Salons (Occidental et marocain).
✅ 2 étages.
✅ Age du bien: neuf moins d'un an.
✅ Balcon/Terrasse des deux côtés frontale et arrière.
✅ Garage à l'entré à gauche en face de la cuisine ou pergola à installer, plus places de parking libres devant la Villa.
✅ Jardin.
✅ Piscine (Position au choix).

Localisation Google maps :
Sur demande pour les sérieux.

Pour plus d'informations، merci de me contacter.

بالعربية :

ڤيلا شبه مكتملة

الموقع:

في مراكش، بالمغرب – بلد الشمس الجميلة، والكثبان الرملية، والشواطئ الفردوسية –، تقع هذه الفيلا داخل إقامة خاصة، مغلقة وآمنة. تتموقع بشكل مثالي على طريق أمزميز (على بعد 300 متر من محطة توتال)، ولا تبعد سوى 7 دقائق بالسيارة عن ساحة جامع الفنا. قريبة من شارع محمد السادس، ومطار المنارة، والمحاور الرئيسية، وستجذب عشاق الغولف بملاعب الشريفية CGI ونوريا غولف كلوب، وكذلك الرياضيين بعدة نوادي بادل، وكل ذلك على بعد 200 متر فقط.

الوصف:

أعرض عليكم فيلتي شبه المنجزة بمساحة 304 م²، مثالية لمن يرغبون في تخصيص مساحتهم حسب أذواقهم واحتياجاتهم. يندرج هذا المشروع في إطار سياحي 100%، يجمع بين الهدوء والاسترخاء والأمان.

استمتعوا بإطلالة رائعة على جبال الأطلس وببيئة طبيعية مهدئة، مع القرب من المرافق والمواقع الشهيرة في مراكش.

المزايا:

✅ إقامة آمنة ومغلقة، والدخول محصور بسكان الإقامة.
✅ مستوى راقٍ/عالٍ.
✅ القرب من المحاور الرئيسية.
✅ إمكانية التخصيص الكامل (فيلا شبه منجزة).
✅ محيط هادئ وسياحي.
✅ غرف مشرقة جداً طوال اليوم.
✅ السعر قابل للتفاوض في حدود المعقول.
✅ يُقبل الدفع نقداً.
✅ إمكانية استلام جزء من المبلغ باليورو في حسابي الأوروبي.
✅ مسبح مشمول: يتكفل المطوّر بالحفر حسب اختياركم:
* عند مدخل الڤيلا على اليمين على شكل L أو خلف الڤيلا l.

التكوين:

✅ 5 غرف نوم؛ واحدة في الطابق الأرضي و4 في الطابق العلوي، منها جناحان مع دش خاص وغرفة ملابس.
✅ المساحة الإجمالية: 304 م²
✅ المساحة الصالحة للسكن: 237 م²
✅ 3 حمامات في الطابق العلوي، ومغسلتان ومرحاض في الطابق الأرضي.
✅ صالونان (غربي ومغربي).
✅ طابقان.
✅ عمر العقار: جديد، أقل من سنة.
✅ شرفة من الجهتين الأمامية والخلفية.
✅ مرآب عند المدخل على اليسار مقابل المطبخ، أو تعريشة (برجولا) قابلة للتركيب، إضافة إلى أماكن وقوف سيارات مجانية أمام الفيلا.
✅ حديقة.
✅ مسبح (الموقع حسب الاختيار).

الموقع على خرائط غوغل:
يُرسل عند الطلب للجادين.

لمزيد من المعلومات، يرجى التواصل معي.",https://content.avito.ma/classifieds/images/10155183912?t=images,8,Particulier,2026-09-30
58770132,avito,Bel Appartement Spacieux au Cœur du Gueliz,https://www.avito.ma/fr/guéliz/appartements/Bel_Appartement_Spacieux_au_C_ur_du_Gueliz_58770132.htm,Location,Appartement,Marrakech,Guéliz,250 DH,250,,2,,"Ascenseur, Climatisation, Piscine, Terrasse, Balcon, Parking / Garage, Meublé, Cuisine équipée, Sécurité / Gardien","Studio de haut standing à louer à Guéliz, Marrakech, idéal pour 4 personnes.
- 2 chambres
- Meublé
- Balcon
- Terrasse
- Piscine
- Climatisation
- Chauffage
- WIFI
- Télévision
- Cuisine équipée
- Machine à laver
- Fer à repasser
- Ascenseur
- Parking
- Sécurité
- Concierge
- Articles de toilettage
- Serviettes
- Équipements enfants
Contactez moi pour plus d'informations.",https://content.avito.ma/classifieds/images/10155992592?t=images,6,Professionnel,2026-09-30
58770131,avito,Appartement Spacieux au Cœur du Gueliz,https://www.avito.ma/fr/guéliz/appartements/Appartement_Spacieux_au_C_ur_du_Gueliz_58770131.htm,Location,Appartement,Marrakech,Guéliz,250 DH,250,,2,,"Ascenseur, Climatisation, Piscine, Terrasse, Balcon, Parking / Garage, Meublé, Cuisine équipée, Sécurité / Gardien","Je propose à la location un magnifique studio meublé de haut standing à Guéliz, Marrakech.
- 2 chambres
- Capacité 4 personnes
- Ascenseur
- Concierge
- Balcon
- Terrasse
- Parking
- WIFI
- Climatisation
- Piscine
- Chauffage
- Télévision
- Cuisine équipée
- Machine à laver
- Articles de toilettage
- Serviettes
- Fer à repasser
- Équipements enfants
- Sécurité
Contactez-moi si vous êtes intéressé par cette offre.",https://content.avito.ma/classifieds/images/10155992645?t=images,6,Professionnel,2026-09-30
58770130,avito,Bel Appartement au Cœur du Gueliz,https://www.avito.ma/fr/guéliz/appartements/Bel_Appartement_au_C_ur_du_Gueliz_58770130.htm,Location,Appartement,Marrakech,Guéliz,250 DH,250,,3,,"Ascenseur, Climatisation, Piscine, Terrasse, Balcon, Parking / Garage, Meublé, Cuisine équipée, Sécurité / Gardien","Superbe studio meublé en location à Guéliz, Marrakech, haut standing.
- 3 chambres
- Capacité d'accueil : 4 personnes
- Ascenseur
- Concierge
- Balcon
- Terrasse
- Piscine
- Parking
- WIFI
- Climatisation
- Chauffage
- Télévision
- Cuisine équipée
- Machine à laver
- Fer à repasser
- Serviettes
- Articles de toilettage
- Équipements enfants
- Sécurité
Pour plus d'informations, contactez-moi.",https://content.avito.ma/classifieds/images/10155992661?t=images,5,Professionnel,2026-09-30
58770128,avito,À Louer Bel Appartement au Cœur du Gueliz,https://www.avito.ma/fr/guéliz/appartements/À_Louer_Bel_Appartement_au_C_ur_du_Gueliz_58770128.htm,Location,Appartement,Marrakech,Guéliz,250 DH,250,,3,,"Ascenseur, Climatisation, Piscine, Terrasse, Balcon, Parking / Garage, Meublé, Cuisine équipée, Sécurité / Gardien","Studio de haut standing à louer à Guéliz, Marrakech, avec 3 chambres et capacité de 4 personnes.

- Ascenseur
- Concierge
- Serviettes
- Balcon
- Sécurité
- Terrasse
- Parking
- WIFI
- Meublé
- Machine à laver
- Articles de toilettage
- Équipements enfants
- Climatisation
- Piscine
- Chauffage
- Télévision
- Cuisine équipée
- Fer à repasser

Pour toute information complémentaire, veuillez me contacter.",https://content.avito.ma/classifieds/images/10155992754?t=images,7,Professionnel,2026-09-30
58770127,avito,Appartement Spacieux à Louer au Cœur du Gueliz,https://www.avito.ma/fr/guéliz/appartements/Appartement_Spacieux_à_Louer_au_C_ur_du_Gueliz_58770127.htm,Location,Appartement,Marrakech,Guéliz,250 DH,250,,3,,"Ascenseur, Climatisation, Piscine, Terrasse, Balcon, Parking / Garage, Meublé, Cuisine équipée, Sécurité / Gardien","Studio meublé de haut standing à louer à Guéliz, Marrakech.
- 3 chambres
- Capacité d'accueil : 4 personnes
- Ascenseur
- Balcon
- Terrasse
- Sécurité
- Parking
- Piscine
- Climatisation
- Chauffage
- WIFI
- Télévision
- Cuisine équipée
- Machine à laver
- Fer à repasser
- Articles de toilettage
- Serviettes
- Équipements enfants
- Concierge
Pour plus d'informations, contactez-moi si vous êtes intéressé.",https://content.avito.ma/classifieds/images/10155992758?t=images,7,Professionnel,2026-09-30
58770126,avito,Appartement Spacieux au Cœur du Gueliz à Louer,https://www.avito.ma/fr/guéliz/appartements/Appartement_Spacieux_au_C_ur_du_Gueliz_à_Louer_58770126.htm,Location,Appartement,Marrakech,Guéliz,250 DH,250,,2,,"Ascenseur, Climatisation, Piscine, Terrasse, Balcon, Parking / Garage, Meublé, Cuisine équipée, Sécurité / Gardien","Je propose à la location un studio haut standing à Guéliz, Marrakech, idéal pour 4 personnes.
- Meublé et équipé
- 2 chambres
- Ascenseur
- Concierge
- Balcon
- Terrasse
- Piscine
- Parking
- Climatisation
- WIFI
- Télévision
- Machine à laver
- Cuisine équipée
- Sécurité
- Articles de toilettage
- Serviettes
- Fer à repasser
- Chauffage
- Equipements enfants
Pour plus d'informations ou pour réserver, contactez-moi si vous êtes intéressé.",https://content.avito.ma/classifieds/images/10155992858?t=images,6,Professionnel,2026-09-30
58770124,avito,Superbe Appartement Neuf au Cœur de Guéliz,https://www.avito.ma/fr/guéliz/appartements/Superbe_Appartement_Neuf_au_C_ur_de_Guéliz_58770124.htm,Location,Appartement,Marrakech,Guéliz,250 DH,250,,2,,"Ascenseur, Climatisation, Piscine, Terrasse, Balcon, Parking / Garage, Meublé, Cuisine équipée, Sécurité / Gardien","Je propose à la location un studio meublé de haut standing à Guéliz, Marrakech.

- 2 chambres
- Capacité : 4 personnes
- Ascenseur
- Concierge
- Balcon
- Terrasse
- Piscine
- Parking
- WIFI
- Climatisation
- Chauffage
- Télévision
- Cuisine équipée
- Machine à laver
- Fer à repasser
- Articles de toilettage
- Serviettes
- Équipements enfants
- Sécurité

Pour plus d'informations, contactez-moi si vous êtes intéressé.",https://content.avito.ma/classifieds/images/10155992886?t=images,6,Professionnel,2026-09-30
58770123,avito,Superbe Appartement au Cœur de Guéliz,https://www.avito.ma/fr/guéliz/appartements/Superbe_Appartement_au_C_ur_de_Guéliz_58770123.htm,Location,Appartement,Marrakech,Guéliz,250 DH,250,,2,,"Ascenseur, Climatisation, Piscine, Terrasse, Balcon, Parking / Garage, Meublé, Cuisine équipée, Sécurité / Gardien","Je propose à la location un duplex de haut standing situé à Guéliz, Marrakech.
- 2 chambres
- Capacité 4 personnes
- Meublé
- Ascenseur
- Concierge
- Balcon
- Terrasse
- Piscine
- Parking
- Climatisation
- WIFI
- Télévision
- Cuisine équipée
- Machine à laver
- Fer à repasser
- Chauffage
- Sécurité
- Articles de toilettage
- Serviettes
- Équipements enfants
Pour plus d'informations ou pour une visite, contactez-moi.",https://content.avito.ma/classifieds/images/10155992956?t=images,5,Professionnel,2026-09-30
58765152,avito,Maison Commerciale de 156 m²,https://www.avito.ma/fr/targa/autre_immobilier/Maison_Commerciale_de_156_m²_58765152.htm,Vente,Maison,Marrakech,Targa,3 200 000 DH,3200000,156,,,,"L'agence Stone immobilier met à la vente une maison commerciale de 153 m² RDC plus 2 étages au quartier Azouzia
La maison se compose au RDC de deux magasins 80 m² et 40 m², au premier étage un appartement donnant sur l'avenue de 61 m² avec une cuisine, une salle de bain, un salon et deux chambres, un deuxième appartement de 66 m² donnant sur la cours intérieure avec une cuisine, une salle de bain, un salon, deux chambres et une cours de 16 m² 
Au deuxième étage vous avez un grand appartement de 125 m² avec une cuisine, deux salles de bain, un grand salon et trois chambres 
Prix de vente : 3200000 Dhs",https://content.avito.ma/classifieds/images/10155956055?t=images,17,Professionnel,2026-09-30
58770118,avito,Appartement proche de Carré Eden,https://www.avito.ma/fr/guéliz/appartements/Appartement_proche_de_Carré_Eden_58770118.htm,Location,Appartement,Marrakech,Guéliz,250 DH,250,,1,,"Ascenseur, Climatisation, Terrasse, Meublé, Cuisine équipée","Je propose à la location un studio meublé de haut standing à Guéliz, Marrakech.
- Ascenseur
- Terrasse
- Cuisine équipée
- Climatisation
- 1 chambre
- Capacité : 4 personnes
Contactez-moi pour toute demande d'information.",https://content.avito.ma/classifieds/images/10155992125?t=images,4,Professionnel,2026-09-30
58346966,avito,Studio meublé à louer route de casa,https://www.avito.ma/fr/route_de_casablanca/appartements/Studio_meublé_à_louer_route_de_casa_58346966.htm,Location,Studio,Marrakech,Route de Casablanca,6 000 DH,6000,,1,1,Meublé,"Beau studio meublé à louer 
Situé dans une résidence sécurisée sur la route de Casablanca 
À proximité de Marjane",https://content.avito.ma/classifieds/images/10152648096?t=images,6,Professionnel,2026-09-30
58770116,avito,Superbe Appartement au Cœur de Guéliz à Louer,https://www.avito.ma/fr/guéliz/appartements/Superbe_Appartement_au_C_ur_de_Guéliz_à_Louer_58770116.htm,Location,Appartement,Marrakech,Guéliz,250 DH,250,,2,,"Ascenseur, Climatisation, Piscine, Terrasse, Balcon, Parking / Garage, Meublé, Cuisine équipée, Sécurité / Gardien","Je propose à la location un studio meublé de haut standing situé à Guéliz, Marrakech.
- 2 chambres
- Capacité : 4 personnes
- Ascenseur
- Concierge
- Balcon
- Terrasse
- Piscine
- Parking
- Climatisation
- Chauffage
- WIFI
- Télévision
- Cuisine équipée
- Machine à laver
- Fer à repasser
- Serviettes
- Articles de toilettage
- Équipements enfants
- Sécurité
Pour toute information complémentaire, merci de me contacter.",https://content.avito.ma/classifieds/images/10155991638?t=images,5,Professionnel,2026-09-30
58770115,avito,À Louer Superbe Appartement au Cœur de Guéliz,https://www.avito.ma/fr/guéliz/appartements/À_Louer_Superbe_Appartement_au_C_ur_de_Guéliz_58770115.htm,Location,Appartement,Marrakech,Guéliz,250 DH,250,,2,,"Ascenseur, Climatisation, Piscine, Terrasse, Balcon, Parking / Garage, Meublé, Cuisine équipée, Sécurité / Gardien","Studio meublé de haut standing à louer à Guéliz, Marrakech.
- 2 chambres
- Capacité d'accueil 4 personnes
- Ascenseur, concierge, sécurité
- Balcon, terrasse, piscine
- Parking, climatisation, chauffage
- Cuisine équipée, machine à laver, télévision, WIFI
- Articles de toilettage, serviettes, fer à repasser
- Équipements enfants

Pour toute information complémentaire ou pour organiser une visite, veuillez me contacter.",https://content.avito.ma/classifieds/images/10155991816?t=images,6,Professionnel,2026-09-30
58770114,avito,Appartement Neuf au Cœur de Guéliz à Louer,https://www.avito.ma/fr/guéliz/appartements/Appartement_Neuf_au_C_ur_de_Guéliz_à_Louer_58770114.htm,Location,Appartement,Marrakech,Guéliz,250 DH,250,,2,,"Ascenseur, Climatisation, Piscine, Terrasse, Balcon, Parking / Garage, Meublé, Cuisine équipée, Sécurité / Gardien","Je propose à la location un studio de haut standing à Guéliz, Marrakech.
- 2 chambres pour 4 personnes
- Ascenseur, concierge, parking et sécurité
- Balcon, terrasse et piscine
- WIFI, climatisation, chauffage, télévision, cuisine équipée, machine à laver, fer à repasser
- Serviettes, articles de toilette et équipements enfants inclus
- Meublé
Pour plus d'informations ou pour réserver, contactez-moi.",https://content.avito.ma/classifieds/images/10155992036?t=images,6,Professionnel,2026-09-30
58716443,avito,APPARTEMENT NEUF À LOUER VIDE / RÉSIDENCE AVEC PISCINE,https://www.avito.ma/fr/guéliz/appartements/APPARTEMENT_NEUF_À_LOUER_VIDE___RÉSIDENCE_AVEC_PISCINE_58716443.htm,Location,Appartement,Marrakech,Guéliz,9 000 DH,9000,85,2,2,"Piscine, Parking / Garage","À LOUER – APPARTEMENT VIDE 2 CHAMBRES
📍 Boulevard Moukawama, derrière la gare du train.
Appartement vide situé au 5ème étage, comprenant :
2 chambres
Salon
2 salles de bain
Place de parking
Résidence avec piscine
💰 Loyer : 9 000 DH/mois
🔐 Caution : 2 mois
 1 mois de loyer",https://content.avito.ma/classifieds/images/10155604572?t=images,9,Professionnel,2026-09-30
58770112,avito,Superbe Appartement au Cœur de Guéliz,https://www.avito.ma/fr/guéliz/appartements/Superbe_Appartement_au_C_ur_de_Guéliz_58770112.htm,Location,Appartement,Marrakech,Guéliz,250 DH,250,,2,,"Ascenseur, Climatisation, Piscine, Terrasse, Balcon, Parking / Garage, Meublé, Cuisine équipée, Sécurité / Gardien","Studio haut standing à louer à Guéliz, Marrakech.
- 2 chambres
- Capacité 4 personnes
- Meublé
- Ascenseur
- Concierge
- Balcon
- Terrasse
- Parking
- WIFI
- Piscine
- Climatisation
- Chauffage
- Télévision
- Cuisine équipée
- Machine à laver
- Fer à repasser
- Sécurité
- Serviettes
- Articles de toilettage
- Équipements enfants
Contactez-moi pour plus d'informations ou pour réserver.",https://content.avito.ma/classifieds/images/10155991928?t=images,7,Professionnel,2026-09-30
58770111,avito,Appartement Neuf au Cœur de Guéliz,https://www.avito.ma/fr/guéliz/appartements/Appartement_Neuf_au_C_ur_de_Guéliz_58770111.htm,Location,Appartement,Marrakech,Guéliz,250 DH,250,,2,,"Ascenseur, Climatisation, Piscine, Terrasse, Balcon, Parking / Garage, Meublé, Cuisine équipée, Sécurité / Gardien","Je propose à la location un studio meublé de haut standing à Guéliz, Marrakech.
- 2 chambres
- Capacité d'accueil : 4 personnes
- Ascenseur
- Concierge
- Balcon
- Terrasse
- Piscine
- Parking
- WIFI
- Climatisation
- Chauffage
- Télévision
- Cuisine équipée
- Machine à laver
- Fer à repasser
- Sécurité
- Articles de toilettage
- Serviettes
- Équipements enfants
Pour plus d'informations, contactez-moi.",https://content.avito.ma/classifieds/images/10155992136?t=images,5,Professionnel,2026-09-30
58770110,avito,Superbe Appartement Neuf au Cœur de Guéliz,https://www.avito.ma/fr/guéliz/appartements/Superbe_Appartement_Neuf_au_C_ur_de_Guéliz_58770110.htm,Location,Appartement,Marrakech,Guéliz,250 DH,250,,2,,"Ascenseur, Climatisation, Piscine, Terrasse, Balcon, Parking / Garage, Meublé, Cuisine équipée, Sécurité / Gardien","Studio meublé haut standing à louer à Guéliz, Marrakech.
- 2 chambres
- Capacité 4 personnes
- Ascenseur, Concierge, Sécurité, Piscine
- Balcon, Terrasse
- Parking
- Climatisation, Chauffage
- WIFI, Télévision
- Cuisine équipée, Machine à laver, Fer à repasser
- Articles de toilettage, Serviettes
- Équipements enfants
Pour plus d'informations, contactez-moi.",https://content.avito.ma/classifieds/images/10155992185?t=images,5,Professionnel,2026-09-30
58770109,avito,Bel Appartement Spacieux au Cœur du Gueliz,https://www.avito.ma/fr/guéliz/appartements/Bel_Appartement_Spacieux_au_C_ur_du_Gueliz_58770109.htm,Location,Appartement,Marrakech,Guéliz,250 DH,250,,2,,"Ascenseur, Climatisation, Piscine, Terrasse, Balcon, Parking / Garage, Meublé, Cuisine équipée, Sécurité / Gardien","Je propose à la location un studio meublé de haut standing à Guéliz, Marrakech, idéal pour 4 personnes.
- 2 chambres
- Ascenseur
- Concierge
- Balcon
- Terrasse
- Piscine
- Parking
- WIFI
- Climatisation
- Chauffage
- Télévision
- Cuisine équipée
- Machine à laver
- Fer à repasser
- Articles de toilettage
- Serviettes
- Équipements enfants
- Sécurité
Contactez-moi pour plus d'informations ou pour réserver.",https://content.avito.ma/classifieds/images/10155991699?t=images,5,Professionnel,2026-09-30
58770108,avito,Bel Appartement au Cœur du Gueliz,https://www.avito.ma/fr/guéliz/appartements/Bel_Appartement_au_C_ur_du_Gueliz_58770108.htm,Location,Appartement,Marrakech,Guéliz,250 DH,250,,2,,"Ascenseur, Climatisation, Piscine, Terrasse, Balcon, Parking / Garage, Meublé, Cuisine équipée, Sécurité / Gardien","Je propose à la location un studio meublé de haut standing à Guéliz, Marrakech.
- 2 chambres
- Capacité d'accueil 4 personnes
- Ascenseur
- Concierge
- Balcon
- Terrasse
- Piscine
- Parking
- Sécurité
- WIFI
- Climatisation
- Chauffage
- Télévision
- Cuisine équipée
- Machine à laver
- Fer à repasser
- Articles de toilette
- Serviettes
- Équipements pour enfants
Contactez moi pour toute information complémentaire.",https://content.avito.ma/classifieds/images/10155991413?t=images,6,Professionnel,2026-09-30
58770107,avito,Appartement très calme climatisé,https://www.avito.ma/fr/guéliz/appartements/Appartement_très_calme_climatisé_58770107.htm,Location,Appartement,Marrakech,Guéliz,250 DH,250,,1,,"Ascenseur, Climatisation, Terrasse, Meublé, Cuisine équipée","Je propose à la location un studio meublé de haut standing à Guéliz, Marrakech.
- Ascenseur
- Terrasse
- Cuisine équipée
- Climatisation
- 1 chambre
- Capacité : 4 personnes
Contactez-moi pour toute demande d'information.",https://content.avito.ma/classifieds/images/10155992088?t=images,4,Professionnel,2026-09-30
58770106,avito,Appartement propre à Guéliz,https://www.avito.ma/fr/guéliz/appartements/Appartement_propre_à_Guéliz_58770106.htm,Location,Appartement,Marrakech,Guéliz,250 DH,250,,1,,"Ascenseur, Climatisation, Terrasse, Meublé, Cuisine équipée","Je propose à la location un studio meublé de haut standing à Guéliz, Marrakech.
- Ascenseur
- Terrasse
- Cuisine équipée
- Climatisation
- 1 chambre
- Capacité : 4 personnes
Contactez-moi pour toute demande d'information.",https://content.avito.ma/classifieds/images/10155992042?t=images,5,Professionnel,2026-09-30
58770105,avito,des appart propres,https://www.avito.ma/fr/guéliz/appartements/des_appart_propres_58770105.htm,Location,Appartement,Marrakech,Guéliz,250 DH,250,,1,,"Ascenseur, Climatisation, Terrasse, Meublé, Cuisine équipée","Je propose à la location un studio meublé de haut standing à Guéliz, Marrakech.
- Ascenseur
- Terrasse
- Cuisine équipée
- Climatisation
- 1 chambre
- Capacité : 4 personnes
Contactez-moi pour toute demande d'information.",https://content.avito.ma/classifieds/images/10155992019?t=images,5,Professionnel,2026-09-30
58770104,avito,joli appart avec piscine,https://www.avito.ma/fr/guéliz/appartements/joli_appart_avec_piscine_58770104.htm,Location,Appartement,Marrakech,Guéliz,250 DH,250,,1,,"Ascenseur, Climatisation, Piscine, Terrasse, Meublé, Cuisine équipée","Je propose à la location un studio meublé de haut standing à Guéliz, Marrakech.
- Ascenseur
- Terrasse
- Cuisine équipée
- Climatisation
- 1 chambre
- Capacité : 4 personnes
Contactez-moi pour toute demande d'information.",https://content.avito.ma/classifieds/images/10155991985?t=images,4,Professionnel,2026-09-30
58770099,avito,Appartement en face de la gare,https://www.avito.ma/fr/guéliz/appartements/Appartement_en_face_de_la_gare_58770099.htm,Location,Appartement,Marrakech,Guéliz,250 DH,250,,1,,"Ascenseur, Climatisation, Terrasse, Meublé, Cuisine équipée","Je propose à la location un studio meublé de haut standing à Guéliz, Marrakech.
- Ascenseur
- Terrasse
- Cuisine équipée
- Climatisation
- 1 chambre
- Capacité : 4 personnes
Contactez-moi pour toute demande d'information.",https://content.avito.ma/classifieds/images/10155991961?t=images,4,Professionnel,2026-09-30
58770098,avito,Appartement très calme à louer,https://www.avito.ma/fr/guéliz/appartements/Appartement_très_calme_à_louer_58770098.htm,Location,Appartement,Marrakech,Guéliz,250 DH,250,,1,,"Ascenseur, Climatisation, Terrasse, Meublé, Cuisine équipée","Je propose à la location un studio meublé de haut standing à Guéliz, Marrakech.
- Ascenseur
- Terrasse
- Cuisine équipée
- Climatisation
- 1 chambre
- Capacité : 4 personnes
Contactez-moi pour toute demande d'information.",https://content.avito.ma/classifieds/images/10155991859?t=images,5,Professionnel,2026-09-30
58770096,avito,Appartement haut standing,https://www.avito.ma/fr/guéliz/appartements/Appartement_haut_standing_58770096.htm,Location,Appartement,Marrakech,Guéliz,250 DH,250,,1,,"Ascenseur, Climatisation, Terrasse, Meublé, Cuisine équipée","Je propose à la location un studio meublé de haut standing à Guéliz, Marrakech.
- Ascenseur
- Terrasse
- Cuisine équipée
- Climatisation
- 1 chambre
- Capacité : 4 personnes
Contactez-moi pour toute demande d'information.",https://content.avito.ma/classifieds/images/10155991821?t=images,4,Professionnel,2026-09-30
58770146,avito,Appartement propre Victor Hugo avec parking 250 Dhs la nuit,https://www.avito.ma/fr/victor_hugo/appartements/Appartement_propre_Victor_Hugo_avec_parking_250_Dhs_la_nuit_58770146.htm,Location,Appartement,Marrakech,Victor Hugo,250 DH,250,80,2,1,Parking / Garage,Salon deux chambres enfants,https://content.avito.ma/classifieds/images/10155991182?t=images,6,Particulier,2026-09-30
58257748,avito,Nouveau studio moderne n4 à gueliz Marrakech,https://www.avito.ma/fr/guéliz/appartements/Nouveau_studio_moderne_n4_à_gueliz_Marrakech_58257748.htm,Location,Studio,Marrakech,Guéliz,350 DH,350,,1,,"Ascenseur, Piscine",Très magnifique appartement à gueliz Marrakech dans une résidence calme et propre bien sécurisé 24/24 avec piscine ascenseur salle de sport uniquement pour les familles.,https://content.avito.ma/classifieds/images/10151886831?t=images,14,Professionnel,2026-09-30
58770087,avito,Appartements calmes,https://www.avito.ma/fr/guéliz/appartements/Appartements_calmes_58770087.htm,Location,Appartement,Marrakech,Guéliz,250 DH,250,,1,,"Ascenseur, Climatisation, Terrasse, Meublé, Cuisine équipée","Je propose à la location un studio meublé de haut standing à Guéliz, Marrakech.
- Ascenseur
- Terrasse
- Cuisine équipée
- Climatisation
- 1 chambre
- Capacité : 4 personnes
Contactez-moi pour toute demande d'information.",https://content.avito.ma/classifieds/images/10155990621?t=images,4,Professionnel,2026-09-30
58627587,avito,Appartement meublé à louer Route de Fès,https://www.avito.ma/fr/route_de_fès/appartements/Appartement_meublé_à_louer_Route_de_Fès_58627587.htm,Location,Appartement,Marrakech,Route de Fès,7 500 DH,7500,100,2,1,"Piscine, Jardin, Meublé, Cuisine équipée, Sécurité / Gardien","Nous vous proposons cet appartement meublé à louer pour longue durée en rez-de-jardin situé sur la Route de Fès dans une résidence fermée calme et sécurisée avec piscine collective et espaces de jeux pour enfants.
Il se compose de 2 chambres, un salon moderne donnant sur une belle jardin privée, salle de bain avec baignoire, toilette invités, cuisine équipée.",https://content.avito.ma/classifieds/images/10154961055?t=images,9,Professionnel,2026-09-30
57377434,avito,Studio à Guéliz centre-ville juste Carré Eden,https://www.avito.ma/fr/guéliz/appartements/Studio_à_Guéliz_centre_ville_juste_Carré_Eden_57377434.htm,Location,Studio,Marrakech,Guéliz,300 DH,300,,1,,"Ascenseur, Terrasse","Je propose à la location un studio de haut standing situé au centre-ville de Guéliz, à proximité du Carré Eden.

- 1 chambre
- Capacité : 4 personnes
- Terrasse
- Ascenseur

Pour toute information complémentaire, contactez-moi.",https://content.avito.ma/classifieds/images/10143749410?t=images,13,Professionnel,2026-09-30
58770080,avito,Appartement centre-ville,https://www.avito.ma/fr/guéliz/appartements/Appartement_centre_ville_58770080.htm,Location,Appartement,Marrakech,Guéliz,250 DH,250,,1,,"Ascenseur, Climatisation, Terrasse, Meublé, Cuisine équipée","Je propose à la location un studio meublé de haut standing à Guéliz, Marrakech.
- Ascenseur
- Terrasse
- Cuisine équipée
- Climatisation
- 1 chambre
- Capacité : 4 personnes
Contactez-moi pour toute demande d'information.",https://content.avito.ma/classifieds/images/10155993306?t=images,5,Professionnel,2026-09-30
58770079,avito,Appartement propre avec piscine,https://www.avito.ma/fr/guéliz/appartements/Appartement_propre_avec_piscine_58770079.htm,Location,Appartement,Marrakech,Guéliz,250 DH,250,,1,,"Ascenseur, Climatisation, Piscine, Terrasse, Meublé, Cuisine équipée","Je propose à la location un studio meublé de haut standing à Guéliz, Marrakech.
- Ascenseur
- Terrasse
- Cuisine équipée
- Climatisation
- 1 chambre
- Capacité : 4 personnes
Contactez-moi pour toute demande d'information.",https://content.avito.ma/classifieds/images/10155993330?t=images,5,Professionnel,2026-09-30
58770078,avito,Très joli appartement,https://www.avito.ma/fr/guéliz/appartements/Très_joli_appartement_58770078.htm,Location,Appartement,Marrakech,Guéliz,250 DH,250,,1,,"Ascenseur, Climatisation, Terrasse, Meublé, Cuisine équipée","Je propose à la location un studio meublé de haut standing à Guéliz, Marrakech.
- Ascenseur
- Terrasse
- Cuisine équipée
- Climatisation
- 1 chambre
- Capacité : 4 personnes
Contactez-moi pour toute demande d'information.",https://content.avito.ma/classifieds/images/10155993392?t=images,3,Professionnel,2026-09-30
58770075,avito,Superbe appartement,https://www.avito.ma/fr/guéliz/appartements/Superbe_appartement_58770075.htm,Location,Appartement,Marrakech,Guéliz,250 DH,250,,1,,"Ascenseur, Climatisation, Terrasse, Meublé, Cuisine équipée","Je propose à la location un studio meublé de haut standing à Guéliz, Marrakech.
- Ascenseur
- Terrasse
- Cuisine équipée
- Climatisation
- 1 chambre
- Capacité : 4 personnes
Contactez-moi pour toute demande d'information.",https://content.avito.ma/classifieds/images/10155992144?t=images,3,Professionnel,2026-09-30
55662008,avito,Studio pour vacances juste la carra,https://www.avito.ma/fr/guéliz/appartements/Studio_pour_vacances_juste_la_carra_55662008.htm,Location,Studio,Marrakech,Guéliz,300 DH,300,,1,,,"Studio idéal pour vos vacances situé à Guéliz, Marrakech.
- 1 chambre à louer
- Heure d'arrivée : 14h00
- Heure de départ : 12h00
- Capacité : 1 personne
- Standing : Economique
N'hésitez pas à me contacter par téléphone ou message pour plus d'informations.",https://content.avito.ma/classifieds/images/10127197410?t=images,5,Professionnel,2026-09-30
58770074,avito,Appartement avec balcon,https://www.avito.ma/fr/guéliz/appartements/Appartement_avec_balcon_58770074.htm,Location,Appartement,Marrakech,Guéliz,250 DH,250,,1,,"Ascenseur, Climatisation, Terrasse, Balcon, Meublé, Cuisine équipée","Je propose à la location un studio meublé de haut standing à Guéliz, Marrakech.
- Ascenseur
- Terrasse
- Cuisine équipée
- Climatisation
- 1 chambre
- Capacité : 4 personnes
Contactez-moi pour toute demande d'information.",https://content.avito.ma/classifieds/images/10155992103?t=images,5,Professionnel,2026-09-30
58770073,avito,Appartement meublé avec wifi,https://www.avito.ma/fr/guéliz/appartements/Appartement_meublé_avec_wifi_58770073.htm,Location,Appartement,Marrakech,Guéliz,250 DH,250,,1,,"Ascenseur, Climatisation, Terrasse, Meublé, Cuisine équipée","Je propose à la location un studio meublé de haut standing à Guéliz, Marrakech.
- Ascenseur
- Terrasse
- Cuisine équipée
- Climatisation
- 1 chambre
- Capacité : 4 personnes
Contactez-moi pour toute demande d'information.",https://content.avito.ma/classifieds/images/10155992066?t=images,5,Professionnel,2026-09-30
56445760,avito,Appartement 1 chambre salon cuisine salle salon,https://www.avito.ma/fr/guéliz/appartements/Appartement_1_chambre_salon_cuisine_salle_salon_56445760.htm,Location,Appartement,Marrakech,Guéliz,350 DH,350,,1,,,Location de vacances à Marrakech Gueliz la nuitée Près de la gare de train Gueliz à,https://content.avito.ma/classifieds/images/10134805172?t=images,11,Professionnel,2026-09-30
58770081,avito,Appartement à JNANE AWARAD à côté de MACDO RTE SAFI,https://www.avito.ma/fr/hay_izdihar/appartements/Appartement_à_JNANE_AWARAD_à_côté_de_MACDO_RTE_SAFI_58770081.htm,Vente,Appartement,Marrakech,Hay Izdihar,680 000 DH,680000,57,2,2,Meublé,"Appartement à vendre avec MEUBLES à JNANE AWARAD à côté de MACDONALDS RTE DE SAFI

IDÉAL POUR HABITATION COMME POUR INVESTISSEMENT LOCATION LONG ET COURTE DURÉE 
BON EMPLACEMENT ,",https://content.avito.ma/classifieds/images/10155994396?t=images,9,Professionnel,2026-09-30
58746442,avito,Appartement à côté de Acima,https://www.avito.ma/fr/guéliz/appartements/Appartement_à_côté_de_Acima_58746442.htm,Location,Appartement,Marrakech,Guéliz,250 DH,250,,1,,"Ascenseur, Climatisation, Piscine, Terrasse, Parking / Garage, Meublé, Cuisine équipée, Sécurité / Gardien","Je propose à la location un studio meublé de haut standing à Guéliz, Marrakech.
- 1 chambre
- Capacité 4 personnes
- Ascenseur
- Terrasse
- Climatisation
- Cuisine équipée
- Concierge
- Sécurité
- Parking
- WIFI
- Machine à laver
- Piscine
- Télévision
- Serviettes",https://content.avito.ma/classifieds/images/10155821176?t=images,4,Professionnel,2026-09-30
58755961,avito,À VENDRE – Appartement économique à Tamansourt,https://www.avito.ma/fr/autre_secteur/appartements/À_VENDRE___Appartement_économique_à_Tamansourt_58755961.htm,Vente,Appartement,Marrakech,Autre Secteur,360 000 DH,360000,50,2,1,,"À VENDRE – Appartement économique à Tamansourt, Marrakech

Découvrez cet appartement situé au 2ᵉ étage, idéal pour une famille ou un investissement immobilier.

Caractéristiques :

* Superficie : 50 m²
* 2ᵉ étage
* 2 chambres
* Salon
* Cuisine
* Salle de bain

Emplacement : Tamansourt, Marrakech.

Un bien économique, idéal pour un premier achat ou un investissement locatif.

Pour plus d’informations ou organiser une visite, contactez BERRADI SIGNATURE.",https://content.avito.ma/classifieds/images/10155891557?t=images,9,Professionnel,2026-09-30
