id,platform,title,url,transaction_type,house_type,city,quartier,price_raw,price_mad,surface_m2,bedrooms,bathrooms,features,description,main_image,images_count,seller_type,scraped_at
1046,bosworth,Unique Luxury Berber Hotel For Sale Marrakech,https://bosworthpropertymarrakech.com/property/unique-luxury-berber-hotel-for-sale-marrakech/1046/,Vente,Maison d'Hôtes,Marrakech,Marrakech,€2.600.000,28080000,7200.0,25,25,"Cheminée, Construction Stage: Resale, Furnished: Fully Furnished, Hammam, Jacuzzi, Patio, Piscine, Terrasse panoramique, Titre Foncier","Unique Luxury Berber Hotel For Sale Marrakech. An amazing property, mixing fabulous traditional materials with modern comfort. Absolutely beautiful hotel with 25 suites and en suite bedrooms. Two big swimming pools. A multitude of romantic and discreet courtyards, high towers and open spaces. Two restaurants. Wonderful spa with massage room, beautician, jacuzzi and traditional hammam. Vast and bright yoga studio, fully equipped. Just 25km from Marrakech city centre and located in a berber village. Easy access. 7200m2 of freehold title deed. Fully authorised hotel. Successful track record. With an asking price of only 2.95m Euros this is a stand out opportunity. Call me now on +212658025028 or mail contact@bosworthpropertymarrakech.com and I will arrange a private viewing for you. I look forward to hearing from you!

What a fabulous opportunity this is. An iconic hotel just 25km from Marrakech city centre. Set above a small traditional Berber village. Breathtaking views over the High Atlas Mountains and the Haouz plain. Gorgeous architecture throughout. And modern comfort too.
25 suites and en suite rooms, most of which have fireplaces and all of which have beautiful natural light. Some have private terraces. They are set in and around a multitude of wonderful courtyards.
The hotel facilities are top notch. Two big swimming pools. A full spa with massage rooms, beautician, jacuzzi and hammam. Two restaurants – one indoor and one outdoor. Professional kitchen. Beautifully maintained gardens.
The buildings are generally an alliance of rammed earth and tadelakt, with wood beamed ceilings. It’s easy to maintain and is totally in sync with the local environment and building traditions. There are solar panels for hot water, and deep wells on site. The mix of the traditional and the modern is particularly successful.
This is a fabulous value investment indeed and an opportunity for a real change of life. Call me now on +212658025028 or mail contact@bosworthpropertymarrakech.com and I will arrange a private tour of this Unique Luxury Berber Hotel For Sale Marrakech. Thank you!",https://bosworth9149.eu1.qobrix.com/api/v2/files/download/media/public/huge/d1da201b-0663-487b-9662-151e7d9124c5,19,Professionnel (Bosworth Property),2026-09-30
1049,bosworth,Dream Country Villa Marrakech,https://bosworthpropertymarrakech.com/property/dream-country-villa-marrakech/1049/,Vente,Villa,Marrakech,Route de l'Ourika,,,13000.0,5,6,"Accès voiture / Parking, Cheminée, Climatisation, Construction Stage: Completed, Construction Type: Concrete, Hammam, House Type: Mansion Villa, Jacuzzi, Titre Foncier","Dream Country Villa For Sale Marrakech in a private compound just 19km from the heart of Marrakech. Five enormous suites, each with a pool and a jacuzzi, one of which is fully self-contained with kitchen and private access. The entirety is walled, with security cameras, and an alarm system. Steel entrance gates with gatekeepers lodge. Fully air conditioned. Sold with high quality modern furnishings and embellished with extraordinary pink marble throughout. The Villa has a massive 1400 square metres (over 15,000 square feet) of usable space. Enormous entertaining space, gym, cinema, parking. Located just off the desirable Ourika Road in a quiet location. 1.3 hectares – 3.2 acres – of landscaped garden. Guide price 4.3 million euros Freehold. Call Mark now on 00212655446749 or email contact@bosworthpropertymarrakech.com

The property is approached by a short access road through rural countryside. Access is via substantial steel gates, with a gatekeepers lodge adjacent. The property is completely secluded and private.
A driveway skirts the edge of the garden and leads to a turning circle in front of the main entrance.
You enter directly into the reception and entertaining space, immediately impressed by views across the main pool to the distant High Atlas snowcaps. This vast space is loosely subdivided into a seating area with fireplace, a dining area, and a more private seating area, also with a fireplace.
A corridor runs away from the reception area, giving access to four of the five bedroom suites and the kitchen.
The kitchen is accessed via a serving area and is large, fully fitted and with high quality appliances including no less than four fridge freezers. The kitchen as a separate access to the exterior and to a shaded parking area sufficient for four or five vehicles. Nearby is the large gym area, with views of the garden.
There is a lower ground floor which gives access to the Spa, which has a Scandinavian style sauna, a massage room, and a traditional Moroccan hammam. Also on this level is the cinema.
The bedroom suites stretch away in a line, giving each suite private garden access and it’s own jacuzzi. The final suite includes a spacious living area and a monumental bathroom with a bath carved from a solid block of marble.
To access the final, master suite it’s necessary to leave the main villa. Access is either by the pool and garden, or by a separate screened driveway. The Master suite has it’s own private pool and jacuzzi, of course, and the living area, bedroom, and bathroom all have extraordinary views across the garden to the High Atlas mountains. There is a small private kitchen area.
This extraordinary property would undoubtedly be suitable for a very wide range of uses. It would provide a sumptuous home for a high net worth individual, or could be exploited for commercial purposes in Marrakech’s strong all year round short let market.
Dream Country Villa For Sale Marrakech in a private compound just 19km from the heart of Marrakech. Five enormous suites, each with a pool and a jacuzzi, one fully self-contained with kitchen and private access. The entirety walled, security cameras, and an alarm system. Steel entrance doors with Gatekeepers Lodge. Fully air conditioned. Sold with high quality modern furnishings and embellished with extraordinary pink marble throughout. The Villas has a massive 1400 square metres (over 15,000 square feet) of usable space. Enormous entertaining space, gym, cinema, parking. Located just off the desirable Ourika Road in a quiet location. 1.3 hectares – 3.2 acres – of landscaped garden. Guide price 4.3 million euros Freehold. Call us now on 00212655446749 or email contact@bosworthpropertymarrakech.com",https://bosworth9149.eu1.qobrix.com/api/v2/files/download/media/public/huge/69d70b17-35ac-4355-b35d-9e8cf3c6cd4b,15,Professionnel (Bosworth Property),2026-09-30
1050,bosworth,Sensational Country Hotel For Sale Marrakech,https://bosworthpropertymarrakech.com/property/sensational-country-hotel-for-sale-marrakech/1050/,Vente,Maison d'Hôtes,Marrakech,Route de l'Ourika,€2.200.000,23760000,20000.0,15,16,"Accès voiture / Parking, Air Condition, Climatisation, Construction Stage: Resale, Furnished: Fully Furnished, Mountain View, Patio, Piscine, Reception, Terrasse panoramique","Sensational Country Hotel For Sale Marrakech. Ideal for professional hoteliers, those seeking an investment – or just a complete change of life. Beautifully woven around an ancient olive grove (the area has been settled since before AD683 according to local legend), the property is based around a substantial courtyard house – the Riad – with additional buildings hidden amongst the trees in the grounds. Call us now on 00212658025028 or mail mark@bosworthpropertymarrakech.com

The pool with the High Atlas visible in the distance
The property is currently running as a successful business, but there is potential for further expansion. Permission has been granted for an additional sixteen rooms in a previously undeveloped area of the olive grove.
At present the property comprises a walled olive grove, with impressive entrance gates. The old Riad has been substantially renovated and extended to provide luxurious guest accommodation on the ground and first floors. There is a beautiful swimming pool overlooked by extensive terraces. A separate building houses the reception area and office. Behind the pool is a large restaurant building, with a commercial kitchen behind and a first floor elevated terrace giving stunning views of the Atlas snow caps on a clear day.
To the west of the property are the modern suites, built with impressively high ceilings; all the rooms have en suite bathrooms, all are air conditioned. The suites have separate salons, some with seating that can be made up into extra beds if required. All of the rooms are decorated in traditional Moroccan decor, with plenty of individual touches.
In additional to the rooms there are two extravagantly beautiful tents – the Honeymoon Tent and the Royal Tent. These are straight from a One Thousand and One Nights fantasy and offer a complete contrast to conventional hotel rooms – despite which they have air conditioning and en suite bathrooms!
Beyond the hotel grounds is an untouched area of ancient olives. This has permission approved for the construction of an additional sixteen suites in single storey bungalows; we have architects plans available for prospective purchasers.
More than ever, you need to visit this property to fully appreciate all it has to offer. There is staff accommodation, extensive parking, a deep well, and so much more.
Sensational Country Hotel For Sale Marrakech. Ideal for professional hoteliers, those seeking an investment – or just a complete change of life. Beautifully woven around an ancient olive grove (the area has been settled since before AD683 according to local legend), the property is based around a substantial courtyard house – the Riad – with additional buildings hidden among the trees in the grounds. Call us  now on 00212658025028 or mail contact@bosworthpropertymarrakech.com",https://bosworth9149.eu1.qobrix.com/api/v2/files/download/media/public/huge/8d23d847-9e5c-4123-9799-5836f3ffb666,19,Professionnel (Bosworth Property),2026-09-30
1055,bosworth,Amazing Pied a Terre Essaouira Riad For Sale,https://bosworthpropertymarrakech.com/property/amazing-pied-a-terre-essaouira-riad-for-sale/1055/,Vente,Riad,Essaouira,Essaouira,€295.000,3186000,77.0,3,3,"Cheminée, Patio, Terrasse panoramique","Amazing Essaouira Riad For Sale. In the heart of charming Essaouira Medina, this lovely Riad has 3.5 en-suite bedrooms and two fabulous terraces. Steps away from the souks and a short walk to the beach, it’s a perfect holiday home and ideal for short term rental on Airbnb while you’re away. At only €310,000 this is an unmissable opportunity to invest in a Riad by the sea! Call us now to arrange a private viewing – +212658025028 / +212662752467 or email contact@bosworthpropertymarrakech.com.

This white-washed Riad with its sand-stone archways and neutral colour palette feels just as seaside holiday home should – it’s cool, peaceful, and incredibly relaxing. It had Maison d’hôtes status before with great occupancy rates. Perfectly renovated, everything is in top condition. A traditional courtyard fountain sits at the centre of what is essentially a four-sided open plan living room – beautifully furnished, with earthy Moroccan tiling connecting the spaces throughout:
If the ground floor of this zen Riad is designed for sitting and relaxing, the first floor is for sleeping. Four gorgeous en-suites, including one child’s room, sit around the cursive. The white-washed theme continues, complemented by lovely tadelakt bathrooms:
All four en-suites are in perfect condition and great spaces to cool down after a day at the beach. Two of the suites receive extra natural light from exterior windows – an unusual feature in the traditional Moroccan Riad.
Once you’ve washed the sand from your toes in one of the lovely en-suites, it’s up to the terrace for a cold drink. The kitchen is modern, bright, and perfectly equipped:
The kitchen opens onto a great open-plan living and dining space with its beachy tones and fireplace for winter. Check the YouTube video for a full view of the dining area!
Of course for most of the year in Essaouira the climate is perfect for dining al fresco. And this lovely Riad has plenty of outdoor space! Here’s the first terrace, pictured from above:
Upstairs on the top terrace is a vast sunbathing space, with views over the Medina rooftops to the sea.
This Amazing Essaouira Riad For Sale is a wonderful holiday home and short term rental property on the Moroccan coast. Fabulously restored, perfectly located in the heart of Essaouira Medina, it’s a great value investment at only 310,000 Euros. Don’t hesitate to get in touch and arrange your private viewing – call us now on +212658025028 / or email contact@bosworthpropertymarrakech.com / We look forward to hearing from you!",https://bosworth9149.eu1.qobrix.com/api/v2/files/download/media/public/huge/b159d790-af32-4eaf-aa96-cdef104a48a8,12,Professionnel (Bosworth Property),2026-09-30
1077,bosworth,Authentic Moroccan Riad For Sale Marrakech,https://bosworthpropertymarrakech.com/property/authentic-moroccan-riad-for-sale-marrakech/1077/,Vente,Riad,Marrakech,Marrakech,€330.000,3564000,184.0,5,1,,"Authentic Moroccan Riad For Sale Marrakech. Discover an exceptional renovation opportunity in Marrakech’s vibrant El Moukef area. This generous 300m² property, priced at just €330,000, offers  very good value and an incredible potential for transformation into a boutique guesthouse. With ample space, the riad can be reimagined to include 6 or even 7 en suite rooms, perfect for creating a charming and profitable hospitality venture. Located in an accessible and up-and-coming neighborhood, this riad is a fantastic investment for those looking to blend modern comfort with authentic Moroccan charm. Don’t miss out on this rare opportunity to own and renovate a piece of Marrakech’s rich heritage. WhatsApp Abdulqadir now on +212 6 6262 2886 or mail contact@bosworthpropertymarrakech.com to arrange your viewing.",https://bosworth9149.eu1.qobrix.com/api/v2/files/download/media/public/huge/ee901c87-adee-4856-a271-b521662a3130,1,Professionnel (Bosworth Property),2026-09-30
1087,bosworth,Fabulous Luxury Gueliz Apartment For Sale Marrakech,https://bosworthpropertymarrakech.com/property/fabulous-luxury-gueliz-apartment-for-sale-marrakech/1087/,Vente,Appartement,Marrakech,Gueliz,,,175.0,,,"Accès voiture / Parking, Terrasse panoramique","Fabulous Luxury Gueliz Apartment For Sale Marrakech. In a superb building with just 12 apartments and a 24 hour concierge service. This 175m2 fourth floor apartment comes with a dedicated underground parking space. There are two spacious en suite bedrooms. There are also two excellent balcony terraces offering indoor/outdoor living. It’s in a great location, set just back from the main road and lying between Majorelle Gardens and the Mohamed V Boulevard – ultra convenient for shops and restaurants whilst benefiting from a calm and quiet environment. This exceptional apartment would make a fabulous pied-à-terre for you here in sunny Marrakech. Sold unfurnished at only 350’000 euros it is very good value. WhatsApp me now on +212 6 5802 5028 or mail contact@bosworthpropertymarrakech.com to arrange a private viewing.
Full listing here: https://bosworthpropertymarrakech.com/listings/fabulous-gueliz-apartment-for-sale-marrakech/",https://bosworth9149.eu1.qobrix.com/api/v2/files/download/media/public/huge/426ca1b2-3d07-4993-a7d2-b9e0373f51f9,11,Professionnel (Bosworth Property),2026-09-30
1088,bosworth,20 Hectares AVNA Oumnass Land For Sale Marrakech,https://bosworthpropertymarrakech.com/property/20-hectares-avna-oumnass-land-for-sale-marrakech/1088/,Vente,Terrain,Marrakech,Route d'Amizmiz,€2.600.000,28080000,19900.0,,,,"20 Hectares AVNA Oumnass Land For Sale Marrakech. Just 20 minutes from Marrakech Airport and strategically located on a hilltop, this plot benefits from a full title deed and the holy grail of building land – AVNA (Attestation de Vocation Non Agricole) – meaning it is definitively zoned as urban land! The views are simply stunning. The whole of the High Atlas mountain chain deploys to the South. And to the West, the Agafay Desert completes an amazing vista. The plot lies just 600m from the Marrakech to Amizmiz Road and is easily accessible. So whether this is for the development of a hotel/resort or for the development of individual villas, it is just perfect. The more creative amongst you will possibly think of an eco-friendly Glamping project or other light footprint projects. With abundant water supplied by two wells and mains electricity already on site, this is low hanging fruit. WhatsApp me now on +212 6 5802 5028 or mail contact@bosworthpropertymarrakech.com to arrange a visit!
Full listing here: https://bosworthpropertymarrakech.com/listings/20-hectares-avna-oumnass-land-for-sale-marrakech/",https://bosworth9149.eu1.qobrix.com/api/v2/files/download/media/public/huge/8e929123-e601-4fc8-80ce-868351399050,1,Professionnel (Bosworth Property),2026-09-30
1089,bosworth,7 Bedroom Luxury Amelkis Villa For Sale Marrakech,https://bosworthpropertymarrakech.com/property/7-bedroom-luxury-amelkis-villa-for-sale-marrakech/1089/,Vente,Villa,Marrakech,Amelkis,€2.600.000,28080000,1450.0,7,10,"Accès voiture / Parking, Cheminée, Garden Area: 3,000m², Titre Foncier","7 Bedroom Luxury Amelkis Villa For Sale Marrakech. Giving right onto the golf course. 1450m2 of freehold title. A further 3000m2 of garden is accessible, making this one of the biggest properties in the EMAAR Amelkis golf development, the best in Marrakech. Professional kitchen. Staff quarters. Full spa and sports room. Underground parking for 8 cars. Brand new Schindler lift. Excellent views all around. There is a sitting room and a dining room with a transversal fireplace. There is also a Moroccan salon. The villa is finished to the highest quality throughout. Perfect as your Marrakech home and with a huge earning potential on the short term rental market. AT just 2.6m euros it is a very attractive proposition. WhatsApp me now on +212 6 5802 5028 or mail contact@bosworthpropertymarrakech.com to arrange a private viewing!
Full listing here: https://bosworthpropertymarrakech.com/listings/7-bedroom-luxury-amelkis-villa-for-sale-marrakech/",https://bosworth9149.eu1.qobrix.com/api/v2/files/download/media/public/huge/0db855ca-660c-419e-9459-47403739c8aa,16,Professionnel (Bosworth Property),2026-09-30
1090,bosworth,Bargain Massira 2 Apartment For Sale Marrakech,https://bosworthpropertymarrakech.com/property/bargain-massira-2-apartment-for-sale-marrakech/1090/,Vente,Appartement,Marrakech,Marrakech,€65.000,702000,75.0,2,1,,"Bargain Massira 2 Apartment For Sale Marrakech. Are you looking for a great value pied-à-terre or short term rental investment in Marrakech? At only 65’000 euros, this recently renovated 70m2 apartment in Massira 2 could be the one for you. Two bedrooms, a bathroom, a Moroccan salon and a good kitchen. Close to all amenities and public transport. At only 65’000 euros fully furnished it is a bargain. Exclusive with Bosworth Property Marrakech. Call Abdulqadir now on +2126 6262 2886 or mail contact@bosworthpropertymarrakech.com to arrange a private viewing.
Full listing here:
https://bosworthpropertymarrakech.com/listings/bargain-massira-2-apartment-for-sale-marrakech/",https://bosworth9149.eu1.qobrix.com/api/v2/files/download/media/public/huge/5458a9b3-fca6-46aa-b8bb-024770ac876b,10,Professionnel (Bosworth Property),2026-09-30
1092,bosworth,Titled Land for Sale Essaouira region,https://bosworthpropertymarrakech.com/property/titled-land-for-sale-essaouira-region/1092/,Vente,Terrain,Essaouira,Essaouira,€66.000,712800,5200.0,,,"Land Type: Agricultural, Titre Foncier","Titled Land for Sale Essaouira region. 5200m², just 30km from Essaouira in Had Draa. Freehold title. No AVNA, so only available to Moroccans and Tunisiens. Great development opportunity to build a nice villa with big garden. It could also be transformed into an olive orchard or little animal farm. Call Pommelien on +212 661 960119 or mail contact@bosworthpropertymarrakech.com for more information.",https://bosworth9149.eu1.qobrix.com/api/v2/files/download/media/public/huge/19625085-d0e0-4894-8cd3-a4ed2e86ec82,1,Professionnel (Bosworth Property),2026-09-30
1093,bosworth,Essaouira Olive Farm For Sale Essaouira,https://bosworthpropertymarrakech.com/property/essaouira-olive-farm-for-sale-essaouira/1093/,Vente,Ferme,Essaouira,Essaouira,€500.000,5400000,90000.0,,,Titre Foncier,"Essaouira Olive Farm For Sale Essaouira. Over 9 hectares, just 25km from Essaouira. Freehold title. No AVNA, so only available to Moroccans and Tunisiens. Astonishing opportunity for you to acquire a big plot with massive tourist potential. Build an eco lodge here! There is a modest villa on the property as it stands. Invest here and make a destination! Loads of water. Amazing environment. Go for it! Call Colin on +212 658-025028 or mail contact@bosworthpropertymarrakech.com to arrange your viewing.",https://bosworth9149.eu1.qobrix.com/api/v2/files/download/media/public/huge/fe661dc6-1f59-47e3-8552-bd2920dff7b3,24,Professionnel (Bosworth Property),2026-09-30
1101,bosworth,Strategic Palmeraie Building Land For Sale Marrakech,https://bosworthpropertymarrakech.com/property/strategic-palmeraie-building-land-for-sale-marrakech/1101/,Vente,Terrain,Marrakech,Palmeraie,€900.000,9720000,10410.0,,,Titre Foncier,"Strategic Palmeraie Building Land For Sale Marrakech. Just 600m from Marrakech Medina with two facades. The land is easily visible from the busy main Medina to Casablanca road, yet in the Palm Grove, making it a very strategic location. With freehold title and a surface area of 10’410m2, this could be the perfect space for you to develop a boutique hotel or maybe a restaurant. In fact it is such a good location that your project will fit here. Paddel club? Commercial development? At just 900’000 euros it is excellent value indeed. WhatsApp me now on +212658025028 or mail contact@bosworthpropertymarrakech.com for further information and to organise a visit. I look forward to hearing from you!

Just a few minutes walk from the Medina and a short drive into the city center, yet wonderfully located in the Palm Grove, this is an ideal commercial investment.
There is both electricity and water already at the plot, making your planning easy. This area is zoned for touristic development as well as commercial and residential. Close to the Club Med Palmeraie resort.",https://bosworth9149.eu1.qobrix.com/api/v2/files/download/media/public/huge/27b50558-c38f-4336-822c-079b5cecf0bc,2,Professionnel (Bosworth Property),2026-09-30
1102,bosworth,Amazing Ourika Road Luxury Villa For Sale Marrakech,https://bosworthpropertymarrakech.com/property/amazing-ourika-road-luxury-villa-for-sale-marrakech/1102/,Vente,Villa,Marrakech,Route de l'Ourika,€1.250.000,13500000,2155.0,4,5,"Bassin, Cuisine équipée, Piscine, Titre Foncier","Amazing Ourika Road Luxury Villa For Sale Marrakech. On a small development of just 4 luxury villas. Ideally located just off the Ourika Road, ten minutes from the Mohammed 6 Boulevard in Marrakech city. Luxury villas on over 2000m2 freehold plots. Superb quality throughout the 400m2 floor plan. 4 en suite bedrooms. Vast reception area. Big and modern kitchen with all appliances. Staff quarters. Sunlit swimming pool. Carport. Gated security. Absolutely top notch. From just 1.25m euros this could be your Marrakech dream home. And it would also bring a great rental return when you’re not here. WhatsApp me now on +212 6 5802 5028 or mail contact@bosworthpropertymarrakech.com to arrange your private viewing. Developments of this kind are very rare and much sought after. Don’t miss out!

In a top location just an easy 10 minute drive south of Marrakech, this little development is top class. 24/7 security. And with all modern conveniences, including fiber optic internet. There are solar panels for hot water. We have three villas available – from 2075m2 to 2155m2 freehold plots. All have over 460m2 built area.
There is a carport for two vehicles. And staff accommodation. The kitchen is spacious and very well equipped with Whirlpool quality machines and appliances. The reception space is bright and transparent, giving onto the beautiful pool area and gardens.
There are four excellent en suite bedrooms, all giving onto the gardens. Finishings are top quality in natural stone and noble woods. These are super comfortable villas and would make a fabulous countryside home for you. And of course they would rent easily on the short term market.",https://bosworth9149.eu1.qobrix.com/api/v2/files/download/media/public/huge/15e43caf-5bc1-41d7-abb4-73a58d87cdbf,14,Professionnel (Bosworth Property),2026-09-30
1105,bosworth,Stunning Luxury Ourika Road Villa For Sale Marrakech,https://bosworthpropertymarrakech.com/property/stunning-luxury-ourika-road-villa-for-sale-marrakech/1105/,Vente,Villa,Marrakech,Route de l'Ourika,,,10000.0,9,12,"Accès voiture / Parking, Jacuzzi, Piscine, Titre Foncier","Stunning Luxury Ourika Road Villa For Sale Marrakech. Set in a full hectare of exuberant gardens. Fabulous architecture including a massive and iconic glass cupola in the main villa. 9 en suite bedrooms across two beautiful villas. Full spa. Staff quarters. On site parking. Tarmacked road right to the property. Wonderful swimming pool. Heated Jacuzzi. Bar area and reception areas. And all within an easy ten minute drive from Marrakech city. This quality of villa is rarely on the market and we are delighted to represent the sellers. Perfect as your Marrakech hideaway. WhatsApp me now on +212 6 5802 5028 or mail contact@bosworthpropertymarakech.com to arrange your private viewing. We look forward to hearing from you soon!

Just a ten minute drive from Marrakech city center, yet in a quiet country location, this stunning villa has everything. Set on 10’000m2 of freehold land and comprising two main buildings, pool, spa, staff quarters etc, it is an iconic Marrakech property with 20 years of history.
There are currently 9 en suite bedrooms in the property and it is a private residence. The atrium in the main villa is a thing of beauty, with it’s vast glass cupola covering an astonishing reception space.
Interestingly, the property is zoned for development and the current owners have only built on half of the plot. So it would be possible to build a further three villas and sell them on, if that is your plan.
As it is, with vast and lush gardens, the villa is a magnificent property and would make a stand out family home.",https://bosworth9149.eu1.qobrix.com/api/v2/files/download/media/public/huge/189bc643-1d33-4bd1-bea7-0fce7926f02b,5,Professionnel (Bosworth Property),2026-09-30
1111,bosworth,Love Ourika Road Villa For Sale Marrakech,https://bosworthpropertymarrakech.com/property/love-ourika-road-villa-for-sale-marrakech/1111/,Vente,Villa,Marrakech,Route de l'Ourika,€700.000,7560000,1000.0,4,5,"Accès voiture / Parking, Cuisine équipée, Jacuzzi, Terrasse panoramique","Love Ourika Road Villa For Sale Marrakech. This is beautiful. Close to the city, yet surrounded by nature. A four en suite luxury villa with a huge pool and all modern conveniences. Top quality finishings. Superb views. Wow! There is no AVNA as of today, yet at just 700’000 euros it is an amazing purchase. WhatsApp me now on +212 6 5802 5028 or mail contact@bosworthpropertymarrakech.com. We would love to show you this villa!

A quick 25 minute drive from Marrakech city and you find yourself in the beautiful country side on the Ourika Road. This villa is located 4min drive off the main road in a very peaceful area. The surrounding area by agricultural land and olive trees. It is a complete new built, and was finished just recently.
Once you enter the property, there is a covered parking space and a lovely front garden. In the corner there is a water well which is 150 meters deep. The garden wraps around the whole villa, creating a really nice indoor / outdoor ambiance. The total surface of the property is 974m². The villa itself is 200m².
On the groundfloor, there are two big bedrooms with large slidings windows that open up straight into the garden, Each room in this villa has a private dressing. The kitchen is spacious and modern with all new appliances. Furthermore, there is a large salon with dining area that is beautiful and bright. The villa is sold furnished and has top quality finishes.
The garden is of a perfect size, with space to relax and enjoy. The pool is an absolute eye catcher! It has some nice features including water fountains and a jacuzzi. It is 13m by 5m and has a total surface of over 88m2. It’s an amazing! Perfect for holidays. There is also a nice little pergola, an outdoor shower and a technical room for the pool. Lots of space for sunbeds too.
On the first floor, there are two more rooms. Each room has their own private balcony. In addition, there is a big living room with large balcony and views on the mountains. This space could potentially be converted into a fifth large suite.
Finally, there is a big rooftop terrace with views on the High Atlas mountains. You could add some plants, a nice lounge or a pergola to enjoy those beautfil sunsets. All the outdoor light fixtures are supplied by solar energy. Lots of potential!
What a beautfil villa! Located just off the Ourika road, it has everything you need as a vaction home. Four big bedrooms, a modern kitchen, two beautiful salons, a rooftop terrace, and an amazing pool! No VNA yet but sold furnished, top quality finishes and a beautiful garden. Great investment at 700’000 euros. Mail contact@bosworthpropertymarrakech.com or call Colin +212 658-025028 to arrange a private viewing!",https://bosworth9149.eu1.qobrix.com/api/v2/files/download/media/public/huge/a63d1b94-df83-4530-b8d4-482b7a261899,23,Professionnel (Bosworth Property),2026-09-30
1120,bosworth,Luxury Riad Hotel For Sale Marrakech,https://bosworthpropertymarrakech.com/property/luxury-riad-hotel-for-sale-marrakech/1120/,Vente,Maison d'Hôtes,Marrakech,Rahba Kedima,€3.200.000,34560000,830.0,23,26,"Patio, Terrasse panoramique","Luxury Riad Hotel For Sale Marrakech Medina. 23 en suite rooms across three beautiful and conjoined Riads. 830m2 footprint and over 1500m2 of living space – not to mention the terraces. Multiple courtyards. Two pools, one of which is heated. Some excellent historic features. Unique design elements. In pristine condition throughout. Very well located near the Spice Market. Highly successful going concern, sold furnished and key in hand. There are also another 11 rooms available for lease! That makes a whopping 34 rooms if you wish – it’s a fabulous opporunity to acquire a luxury boutique hotel operation in the heart of Marrakech Medina. Restaurant. Spa. Heated pool. Vast terraces with fabulous views over the Medina and the High Atlas Mountains. It has scope. It has class. Provable revenue of 2m euros annually. And with an asking price of only 3.2m Euros it is exceptional value. Call me now on +212658025028 or mail colin@bosworthpropertymarrakech.com and I will arrange a private viewing for you. I look forward to hearing from you!

This Luxury Riad Hotel For Sale Marrakech is a well known and highly successful business. With beautiful architecture and all modern amenities including restaurant, indoor heated pool, multiple courtyards and spa. Excellent terraces with stunning views.
Nestled in a little street not far from the Spice Market, the Ben Youssef Madrassa and the Marrakech Museum, this beautiful boutique hotel has never been on the market before. It has a long and successful track record. With 23 suites and en suite bedrooms – as well as another 11 rooms under lease – it has the critical mass to earn you serious ROI. All relevant paperwork is available for presentation to you during your visit.
Photos can’t do justice to this beautiful boutique hotel. Call me now on +212658025028 or mail colin@bosworthpropertymarrakech.com and I will arrange a private viewing for you. We can meet with the owner and discuss the details of the property and business and see if there is adequation with your investment project. I look forward to hearing from you!",https://bosworth9149.eu1.qobrix.com/api/v2/files/download/media/public/huge/216f0a19-fbdb-4c35-935f-e2893f81a18b,20,Professionnel (Bosworth Property),2026-09-30
1141,bosworth,Fabulous Design Riad For Sale Essaouira,https://bosworthpropertymarrakech.com/property/fabulous-design-riad-for-sale-essaouira/1141/,Vente,Riad,Essaouira,Essaouira,€700.000,7560000,113.0,6,6,"Air Condition, Cheminée, Hammam, Patio, Terrasse panoramique, Titre Foncier","Fabulous Design Riad For Sale Essaouira. What an amazing space! This Riad is at once a commercial space, a guesthouse and a residence! 113m2 freehold footprint in a fabulous Medina location. Art gallery, 5 en suite guesthouse, 2 en suite apartment. Great sea views. Wow! This will sell quickly at just 700’000 euros. WhatsApp Pommelien now on +212 661-960119 or mail contact@bosworthpropertymarrakech.com to arrange your private showing. Don’t miss out!

This Riad is located in a quiet street in the beautiful medina of Essaouira, close to restaurants, cafés, the beach and a few steps from the old city ramparts. The location is ideal for both a private residence and a commercial project.
The ground floor currently hosts a beautiful art gallery. The design is unique and there are different spaces and cozy corners, a kitchen and two toilets. Besides being an ideal space for an art gallery, it could work perfectly as a literary cafe, a restaurant, a workshops space, and more. This space just has incredible potential. There are three entry doors to the property, allowing for the Maison d’hotes and art gallery to be operated seperately.
The first floor hosts the Maison d’Hotes part. There are five rooms in total, including two large suits and three mezzanine style bedrooms. There is a seperate toilet and kitchen, and a beautiful salon and indoor courtyard with fireplace. The space is wonderfully designed. Although it currently does not operate as a guesthouse, they have obtained the licence in 2023 to operate it as such.
On the terrace level you walk into a lovely rooftop garden. It’s peaceful and green, you can only hear the seagulls and the ocean waves.
This part of the property is currently used as the owner’s private residence. There is wonderful spacious open living room with heigh ceilings, a rotating fire place and an open kitchen.
On the second level of the private residence are two more bedrooms, one bathroom and another little seating area which has direct access to the terraces.
There are different doors and stairways that connect the individual rooms to the terraces. In addition, there is a hammam which is fully operational and such a nice added value!
On the high terraces, there is so much space for wine, dine and enjoy the views on the beautiful medina and Atlantic Ocean. It is absolutely wonderful and peaceful out here with incredible views on Essaouira.
This titled property has so much to offer. This is where your imagination and creativity can really come to life! The (commercial) possibilities are really endless. It is an incredible investment opportuniy at €700,000. WhatsApp Pommelien now on +212 661-960119 for more information or mail contact@bosworthpropertymarrakech.com to arrange your private viewing.",https://bosworth9149.eu1.qobrix.com/api/v2/files/download/media/public/huge/fdf72042-868e-4e61-a289-b4ae0d5c7ec9,27,Professionnel (Bosworth Property),2026-09-30
1142,bosworth,Titled Land For Sale Essaouira Province,https://bosworthpropertymarrakech.com/property/titled-land-for-sale-essaouira-province/1142/,Vente,Terrain,Essaouira,Essaouira,€90.000,972000,9600.0,,,"Piscine, Titre Foncier","Titled Land For Sale Essaouira Province. Freehold title. Almost 1 ha. No AVNA, so only available to Moroccans (or dual citizens) and Tunisiens. Great development opportunity for a little farm or holiday home with big garden. Call Colin on +212 658-025028 or mail contact@bosworthpropertymarrakech.com for more information.

The land has a generous total footprint of 9600m². There is a semi finished 120m² house that you can further design to your taste. It has the potential to be a lovely holiday home and it could generate income for you, of course. There is lots of space to design an amazing garden and big swimming pool. Just perfect in this lovely region.
It is located in a beautiful and peaceful region, surrounded by agricultural plots. The nearest village is less than 3 km away.  The coastal town of Essaouira is only a 50km drive through beautiful landscapes.
The land comes with the added advantage of existing 13 olive trees and the potential to plant more. You could also plant pomegranate and carob trees or other fruit trees and create a small farm. It is located in an agricultural area so plenty of options to explore. There is ample space to exploit. You will need to invest in a water well but otherwise the land has wonderful potential. It also lends itself to host animals, perhaps a little chicken farm.
The land is almost 1 hectares big and leaves you with a blank canvas for your own development ideas.
This Titled Land For Sale Essaouira Province is only available with Bosworth Property Marrakech. Call Colin now on +212 658-025028 or mail contact@bosworthpropertymarrakech.com for more information and if you want to arrange a viewing. Don’t miss out!",https://bosworth9149.eu1.qobrix.com/api/v2/files/download/media/public/huge/ad1adce1-cd34-4caa-a5ba-f5680d0ad94e,11,Professionnel (Bosworth Property),2026-09-30
1144,bosworth,Prime Plaza Commercial Space For Sale Marrakech,https://bosworthpropertymarrakech.com/property/prime-plaza-commercial-space-for-sale-marrakech/1144/,Vente,Commerce,Marrakech,Gueliz,€385.000,4158000,137.0,,,"Accès voiture / Parking, Furnished: Unfurnished, Office Type: Standard Office","Prime Plaza Commercial Space For Sale Marrakech. This 137m² office in the prestigious Marrakech Plaza Business Centre offers a modern, high-end setting in the vibrant Gueliz district. Located near leading businesses, amenities, services, and transport links, it’s ideal for businesses seeking visibility and a strategic location. The business centre houses a diverse mix of corporate, legal, consulting, travel, and architectural firms, making it a prime location for business professionals. Whether you’re looking to establish a flagship office, or relocate an existing successful business, this prime location ensures maximum exposure and accessibility. Priced at €385,000 (4 million MAD), this is a rare investment opportunity. Don’t miss out! Contact Abdulqadir via WhatsApp at +212 6 62 62 28 86 or email contact@bosworthpropertymarrakech.com for a private viewing.

Marrakech Plaza is a prestigious mixed-use development where luxury living, modern offices, and retail spaces come together seamlessly. Moreover, it features high-end residences, well-equipped offices, and underground parking, creating an ideal setting for businesses and residents alike.
At the heart of the complex is an open-air shopping mall, attracting around 5 million visitors annually, creating a vibrant commercial hub. Additionally, with its prime location and lively atmosphere, Marrakech Plaza is a top destination for work, leisure, and upscale urban living.
Tucked away in the city’s most prestigious business district, this commercial office space is located on the first floor of an architecturally modern building.
Firstly, the reception area creates a professional first impression, offering a stylish and comfortable space for guests. Additionally, a reception desk, and elegant décor enhance its welcoming atmosphere. Finally, an archive room and a guest toilet are conveniently located near the entrance.
Secondly, this spacious and flexible workspace fosters productivity and collaboration, allowing teams to work efficiently. Moreover, the layout maximises natural light and airflow, ensuring a comfortable atmosphere. Whether arranged for desks, shared workstations, or breakout areas, it supports teamwork while maintaining individual focus.
Thirdly, the private manager’s/director’s office provides a quiet and executive setting, perfect for focused work and confidential meetings. Additionally, its thoughtful design offers ample space, creating a refined and comfortable work environment. Large windows bring in natural light, while high-quality finishes and smart storage solutions enhance both aesthetics and functionality.
Finally, the meeting room offers a versatile and professional space designed for productive discussions and collaborative work. As a result, it’s sleek design and soundproofing invites collaboration, encouraging seamless interaction and engagement between employees.
What a location for your future Marrakech operation! 137m2 of prime real estate in the fabulous Plaza development. In the heart of downtown. Ultra modern. Top convenient. Super prestigious. At only €385,000 this is a great investment. WhatsApp Abdulqadir NOW on +212 6 6262 2886 or mail contact@bosworthpropertymarrakech.com and we will show it to you. Don’t miss it!",https://bosworth9149.eu1.qobrix.com/api/v2/files/download/media/public/huge/baf100d5-1d0c-43b3-9e74-328f67ca5465,15,Professionnel (Bosworth Property),2026-09-30
1149,bosworth,New Development Off Plan Villas For Sale Marrakech,https://bosworthpropertymarrakech.com/property/new-development-off-plan-villas-for-sale-marrakech/1149/,Vente,Villa,Marrakech,Route de l'Ourika,€830.000,8964000,1340.0,5,6,"Accès voiture / Parking, House Type: Mansion Villa","New Development Off Plan Villas For Sale Marrakech. Perfectly located at KM 9 off the Ourika Road south of Marrakech city. Just a comfortable 10 minute drive from Boulevard Mohammed 6 in downtown Marrakech. Superb views of the High Atlas Mountains. This luxury development will have just 26 villas and they are already selling fast. Plots from 1340m2 to over 2100m2. Prices start at 830’000 euros and end at 1.25m euros, so get in while you can! The experienced developer can make some changes to plans to accommodate tweaks you might want to make. WhatsApp me now on +212 6 5802 5028 or mail contact@bosworthpropertymarrakech.com to arrange a visit and a chance to reserve one of these beautiful villas.

This fabulous development is selling fast. And it’s easy to see shy. In an excellent location just 10KM from the city center and with the highest quality of build and finishing, these luxury villas are perfect – whether as your Marrakech home in the sun or as a rental investment. There will be only 26 villas in this exclusive domain.
These sleek and stylish properties can have 4 or 5 bedrooms, depending on the plot size. They will be one level, except for the show villa which also has a lower ground floor. Beautiful pool with Bali stone finish. All all modern conveniences. Car port for 2 vehicles and on road parking too.
We highly recommend this luxury development to you. There is a property here for most budgets and the exclusive nature of the project makes it highly desirable. WhatsApp me now on +212 6 5802 5028 or mail contact@bosworthpropertymarrakech.com to arrange a visit and make a reservation!",https://bosworth9149.eu1.qobrix.com/api/v2/files/download/media/public/huge/8e9a3a3c-5540-4677-8910-b89c88c5cf0b,15,Professionnel (Bosworth Property),2026-09-30
1160,bosworth,Outrageously Beautiful Luxury Villa For Sale Marrakech,https://bosworthpropertymarrakech.com/property/outrageously-beautiful-luxury-villa-for-sale-marrakech/1160/,Vente,Villa,Marrakech,Marrakech,€8.500.000,91800000,20000.0,9,11,"Hammam, House Type: Mansion Villa, Patio, Piscine","Outrageously Beautiful Luxury Villa For Sale Marrakech. Set in wonderful gardens of two hectares and just 8 kilometers from Marrakech city, this architectural beauty echoes the Alhambra and other masterworks. Completed only 10 years ago, it is in excellent condition throughout. The main villa has vast reception areas, including a monumental courtyard with high columns. There are five spacious and luxurious suites. On the lower ground floor is a stunning spa, with huge heated pool, hammam, sauna and massage rooms. You will also find a bar and discotheque. In the gardens are two guest lodges, each with a further two suites and private gardens. There is a swimming pool and pool house. There is abundant water in the wells and an irrigation system. This unique private palace could be your home from home in sunny Marrakech. And it would obviously be a stand out luxury offering for short term rental. WhatsApp me now on +212 6 5802 5028 or mail contact@bosworthpropertymarrakech.com to arrange a viewing of this superlative luxury villa.

Ideally located in a quiet area of the eastern Palm Grove, just 15 minutes from the city center, this most amazing of villas echoes the great Moroccan architecture of the 16th century. Vast spaces with vaulting columns and intricate plaster work, married with intimacy and quality of materials. Natural stone, cedar wood, zouack hand painted paneling.
The gardens are exquisite. From the formal bougainvillea garden to the rambling hedge tunnels and bamboo forest. There is both space and intimacy. This is one of the best gardens in all Marrakech.
If you are looking for a statement villa in a top area, and you can afford it, you really should view this astonishing property. Never before on the market, we are delighted to be the sole agents of this breathtaking luxury villa. WhatsApp Colin now on +212 6 5802 5028 or mail contact@bosworthpropertymarrakech.com to arrange your private showing. All enquiries treated in the strictest confidence.",https://bosworth9149.eu1.qobrix.com/api/v2/files/download/media/public/huge/ec49b158-0092-4d34-ad99-f7e84da0d45d,10,Professionnel (Bosworth Property),2026-09-30
1170,bosworth,Central Gueliz 82m2 Apartment For Sale Marrakech,https://bosworthpropertymarrakech.com/property/central-gueliz-82m2-apartment-for-sale-marrakech/1170/,Vente,Appartement,Marrakech,Gueliz,€150.000,1620000,82.0,2,2,"Accès voiture / Parking, Climatisation, Floor Number: 2, Titre Foncier","Central Gueliz 82m2 Apartment For Sale Marrakech. Ideally located on the second floor of a charming building in downtown Marrakech, this lovely 2 bedroom and 2 bathroom apartment is perfect as your Marrakech pied-à-terre. Air conditioning throughout. At only 150’000 euros it is a very good opportunity. WhatsApp Call Nadia +212 663-424625 for a private viewing or email contact@bosworthpropertymarrakech.com.This will sell fast so don’t miss out!

Located in the heart of Gueliz, this lovely apartment is a 2 min walk away from the Carre Eden Shopping Center. Everything you need is just around the corner: a cinema, a gym, wonderful cafés, amazing restaurants and boutiques… In addition to car access and parking just outside of the building.
As you enter the apartment, you walk straight into the living room. It has a salon, dining area and an open kitchen. The apartment was renovated in 2010 and is sold fully furnished.
The apartment has nice Moroccan artisanal details thanks to the zellige tiling on the walls and floor. It’s colourful and cosy, and makes for a perfect pied a terre. The apartment has big windows on both sides, making it nice and airy. It has a 67m² Titled footprint.
There are two bedrooms and two bathrooms, with lots of cupboard space and natural light. Both bedrooms have air conditioners.
This apartment is ideal for someone who loves to be in Gueliz center. It is very comfortable and sold as seen.
What a charming apartment in central Gueliz. You can move right in! This makes for a great investment at €150,000. Call Nadia +212 663-424625 for a private viewing or email contact@bosworthpropertymarrakech.com .",https://bosworth9149.eu1.qobrix.com/api/v2/files/download/media/public/huge/a13ff845-3056-4aa4-b272-8bc3e5a54628,18,Professionnel (Bosworth Property),2026-09-30
1172,bosworth,Laksour Riad For Sale Marrakech,https://bosworthpropertymarrakech.com/property/laksour-riad-for-sale-marrakech/1172/,Vente,Riad,Marrakech,Ksour,€550.000,5940000,193.0,6,,"Patio, Terrasse panoramique","Laksour Riad For Sale Marrakech. Fabulous location just a stone’s throw from the world-famous Riad El Fenn and close to all the Medina attractions. 193m2 footprint to renovate,Melkia . This big and beautiful Riad could accommodate at least six luxury suites. It has a charming patio courtyard with mature orange trees as well as a wide and sunny terrace for development. It is a brilliant investment opportunity at just 550’000 euros. If you’re looking to develop a boutique guesthouse in a top location, or maybe looking to create your own unique home from home, then this could be the one for you. WhatsApp me now on +212 6 5802 5028 or mail contact@bosworthpropertymarrakech.com to arrange a viewing. We look forward to hearing from you!

In a superb Laksour location, one of the best in Marrakech, this beautiful Riad to renovate ticks so many boxes. It has size and it has history. You could easily get 6 and maybe 7 suites into this exceptional location.
There is a wonderful patio courtyard with mature citrus trees. Set off the patio are multiple rooms. From these you could make 2 and maybe 3 suites. There is also a sizeable kitchen.
On the first floor the structure is in place for a further 3 or 4 suites, depending on your plan. Distribution is comfortable around the four sided coursive.
The Riad is in excellent condition. It obviously needs an upgrade. This size of footprint in Laksour is now very hard to come by. WhatsApp me now on +212 6 58025028 or mail contact@bosworthpropertymarrakech.com to arrange a private viewing. We look forward to hearing from you!",https://bosworth9149.eu1.qobrix.com/api/v2/files/download/media/public/huge/ac138879-0f18-4d32-a8ec-47933f574d94,11,Professionnel (Bosworth Property),2026-09-30
1173,bosworth,Supreme Luxury Villa For Sale Marrakech,https://bosworthpropertymarrakech.com/property/supreme-luxury-villa-for-sale-marrakech/1173/,Vente,Villa,Marrakech,Marrakech,€5.000.000,54000000,24700.0,6,9,"Hammam, Piscine, Terrasse panoramique, Titre Foncier","Supreme Luxury Villa For Sale Marrakech. An exceptional property set on 24’700 m2 of freehold with AVNA. Superbly located off the Ouazarzate Road close to the Oberoi Hotel and the American School of Marrakech. The main villa boasts a fabulous indoor pool as well as a vast outdoor pool. The reception space is sublime. There is a full professional kitchen. As well as the main villa with it’s four luxury suites there is a separate guest villa, also with it’s own pool, reception, kitchen and a further two luxury suites. The gardens are vast, mature and lush. The property boasts a full gym and spa as well as quarters for staff. There is a generous car port. Easily accessible off the Ouazarzate Road, this beautiful property is in absolutely top condition and you could move in tomorrow. At the price of 5m euros this Villa is top of the range. WhatsApp me now on +212 6 5802 5028 or mail contact@bosworthpropertymarrakech.com to arrange your private viewing. We look forward to hearing from you.

In a discreet, quiet and secure location just 20 minutes from the bustling city center, this outstanding property is perfect as your Marrakech hideaway. The main villa is a wonderful family space, with it’s heated indoor swimming pool, professional kitchen, 4 luxury suites (including an 80m2 Master with a private 100m2 terrace) and beautiful reception.
The guest villa is a smaller version of the main villa. It too has a private pool, kitchen, reception area and 2 luxury suites. It is set away from the main villa, ensuring privacy for all.
The spa building has a fully equipped gym, a full loo and shower room, a hammam and a massage room, all set around a central atrium with it’s fountain.
The gardens are breathtaking. There is a full irrigation system ensuring ecological watering. You will find many romantic spaces as well as a formal orchard and sweeping lawns. The spaces are immaculately maintained.
This Supreme Luxury Villa For Sale Marrakech would be perfect for a high net worth individual as a private and discreet retreat. It would also be very successful as a concierge run private let. WhatsApp me now on +212 6 502 5028 or mail contact@bosworthpropertymarrakech.com and we will arrange for you to view this beautiful property.",https://bosworth9149.eu1.qobrix.com/api/v2/files/download/media/public/huge/6903b6c2-59a5-484c-98ea-96705f3a325a,17,Professionnel (Bosworth Property),2026-09-30
1174,bosworth,Cute Luxury Villas For Sale Marrakech,https://bosworthpropertymarrakech.com/property/cute-luxury-villas-for-sale-marrakech/1174/,Vente,Villa,Marrakech,Route de l'Ourika,€590.000,6372000,936.0,4,5,"Cheminée, Cuisine équipée, Piscine, Terrasse panoramique","Cute Luxury Villas For Sale Marrakech. In a secure gated community just 20 minutes drive south of Marrakech city center. There are just four of these lovely properties still available as six have already been sold. Plot sizes range from 733m2 to 936m2 and prices are from 590’000 euros to 620’000 euros. Really excellent value. The villas have lower ground floor staff accommodation. There are four en suite bedrooms, swimming pool, fitted kitchen … and superb views of the High Atlas Mountains. 24 hour security. Easily accessible off the Ourika Road close to the Zeraba canal. These luxury villas are much sought after. Don’t miss out. WhatsApp me now on +212 6 5802 5028 or mail contact@bosworthpropertymarrakech.com to arrange a viewing. We look forward to hearing from you!

Superbly located with easy on road access just 10km from Marrakech city, these villas make an excellent investment – either as your Marrakech residence or as a rental investment. With mountain views and nestled in the natural environment, these properties are selling fast. The villas are sold unfurnished.
The ground floor has a vast reception area complete with it’s fireplace. A fitted American kitchen gives straight onto the dining area. Outside the reception space, a wide and shady terrace makes your poolside experience super comfortable. The garden is planted with lawn, bushes and an ancient olive tree.
The ground floor is completed by a visitors cloak room and two guest rooms with their en suite bathrooms. Downstairs are two staff rooms, the laundry room and a loo and shower. The staff quarters are served by their own external staircase.
The first floor has a further en suite bedroom with direct access to the terrace, and the vast master suite with it’s fireplace, walk-in dressing room, spacious bathroom and also with direct access to the terrace.
We are very happy to be able to offer these villas. They are going to sell fast. So WhatsApp me now on +212 6 5802 5028 or mail contact@bosworthpropertymarrakech.com to arrange a viewing. We look forward to hearing from you!",https://bosworth9149.eu1.qobrix.com/api/v2/files/download/media/public/huge/3710c999-6be2-4aa2-b3bb-0623b64a15e3,15,Professionnel (Bosworth Property),2026-09-30
1182,bosworth,Classic Luxury Riad For Sale Marrakech,https://bosworthpropertymarrakech.com/property/classic-luxury-riad-for-sale-marrakech/1182/,Vente,Riad,Marrakech,Bab Taghzout,€750.000,8100000,231.0,5,6,"Accès voiture / Parking, Bassin, Cheminée, Cuisine équipée, Patio, Terrasse panoramique, Titre Foncier","Classic Luxury Riad For Sale Marrakech. Wow! Four sided private Riad with classic colonnades and vast internal spaces. A huge 231m2 footprint with freehold title deed in the heart of Marrakech Medina. With taxi access to the door! Currently American owned. 5 en suite bedrooms. Modern kitchen. Plunge pools. Terraces with wide sunning areas, pergolas and excellent Medina views. Whether as your Marrakech home or as an investment for short term rental, this ticks all the boxes. It’s got history and charm. It’s got size. It’s got location. At just 750’000 euros this is a stand out deal. Don’t hesitate! WhatsApp me no on +212 6 5802 5028 or mail contact@bosworthpropertymarrakech.com to arrange your private showing. We look forward to introducing this amazing property to you!

Located in the Bab Taghzout area of Marrakech Medina, with car access and parking at the door, this spacious and beautiful Riad is an absolute stunner. Properties like this are exceptionally rare on the market. We are delighted to be the sole agents.
The entrance leads you past the modern kitchen and through the chicane into the wonderful courtyard. Here you will find a good plunge pool, an amazing Bhou sitting room and the first two en suite bedrooms. There is also a laundry room and guest cloakroom on the ground floor.
The first floor is served by two comfortable staircases, leading to the three further bedrooms and the classical Moroccan salon with it’s 4m high cedar wood ceiling and huge open fireplace.
Some of the bedrooms are stunning. Vast and naturally lighted. And all have excellent bathrooms. There is a sense of serenity and opulence in this historical Maison de Maître. This was a nobleman’s residence and it’s quality shines through at every turn. The wide coursives and the high ceilings are a clue. The fabulous first floor salon nails it.
The four sided terraces offer sunshine and shade, as well as wonderful views over the Medina roofscape, taking in the stunning Sidi Bel Abess religious complex.
This is a rare and beautiful Riad. At just 750’000 euros it will surely find a buyer quickly. Don’t wait! WhatsApp me now on +212 6 5802 5028 or mail contact@bosworthpropertymarrakech.com and let me take you to see it.",https://bosworth9149.eu1.qobrix.com/api/v2/files/download/media/public/huge/bcc1813e-31b1-4b50-ad4d-1d649b289abc,16,Professionnel (Bosworth Property),2026-09-30
1185,bosworth,Luxury Victor Hugo Apartment For Sale Marrakech,https://bosworthpropertymarrakech.com/property/luxury-victor-hugo-apartment-for-sale-marrakech/1185/,Vente,Appartement,Marrakech,Marrakech,€630.000,6804000,350.0,3,3,"Accès voiture / Parking, Cuisine équipée, Terrasse panoramique","Luxury Victor Hugo Apartment For Sale Marrakech. Fabulously located right next to the Victor Hugo school in downtown Marrakech, this luxury apartment has a total surface area of 350m2. It also has 2 underground parking spaces. Three bedrooms and three bathrooms. A wonderful modern kitchen. And there is a terrace with 80m2. Wow. Yours for just 630’000 euros. Call Colin on or mail contact@bosworthpropertymarrakech.com.",https://bosworth9149.eu1.qobrix.com/api/v2/files/download/media/public/huge/ed8af688-b579-4b35-a1f8-4a33012066e8,8,Professionnel (Bosworth Property),2026-09-30
1188,bosworth,Superb Luxury Country Villa For Sale Marrakech,https://bosworthpropertymarrakech.com/property/superb-luxury-country-villa-for-sale-marrakech/1188/,Vente,Villa,Marrakech,Marrakech,€900.000,9720000,260000.0,5,6,"Piscine, Titre Foncier","Marrakech, Aghmat 42250 , Morocco

Superb Luxury Country Villa For Sale Marrakech. This stunning property, set on 2.6 hectares of land, is just 35 minutes from Marrakech city center, not far from Aghmat. In addition to its beautifully landscaped gardens and large swimming pool, there is a productive saffron farm! The villa comprises 5 lovely bedrooms, including a gorgeous master suite with panoramic views of the countryside and Atlas mountains. While the property is fully titled, it does not have AVNA, so is only available to Moroccans, Tunisians and Senegalese nationals. At just €900’000 it is an amazing deal. Call Colin now on +212658025028 , or mail contact@bosworthpropertymarrakech.com.",https://bosworth9149.eu1.qobrix.com/api/v2/files/download/media/public/huge/1e800e82-9d75-4262-8d5b-39ebd07c1ea5,18,Professionnel (Bosworth Property),2026-09-30
1198,bosworth,Iconic Bill Willis Luxury Villa For Sale Marrakech Palmeraie,https://bosworthpropertymarrakech.com/property/iconic-bill-willis-luxury-villa-for-sale-marrakech-palmeraie/1198/,Vente,Villa,Marrakech,Palmeraie,,,10000.0,4,6,"Cheminée, Piscine, Terrasse panoramique","Iconic Bill Willis Luxury Villa For Sale Marrakech Palmeraie. Set in one hectare of mature gardens in the perfect location. Unique and desirable residence. Four suites, including a stunning master with it’s vast private terrace. There is a big swimming pool. The reception lounge, giving onto the gardens, is a design classic. This Villa was conceived, designed and built by the legendary Bill Willis – one of his finest projects. It uses lots of natural stone, unique tiling and swathes of sensual tadelakt. There are many monumental fireplaces and other signature elements throughout the property, including a central cupola. If you are looking for a statement Villa within easy reach of Marrakech city centre then this is the one for you. It is seeped in Marrakech history and offers comfort, calm and accessibility. Call me for further information on +212658025028 or mail colin@bosworthpropertymarrakech.com – I look forward to hearing from you!

This is a remarkable property. Remarkable for it’s history. Remarkable for it’s location. And remarkable as a living space. It is an intimate and comfortable family home, close to the city centre . The architecture is sublime.
The house flows naturally with easy distribution. On the ground floor are the sitting rooms, offices, kitchens and reception salon. On the first floor, accessed by a monumental staircase under a cupola, are the two apartments. The children’s apartment has two spacious en suite bedrooms and a sitting room. The parent’s apartment has the master suite with a vast dressing room. There are multiple private terraces off the apartments.",https://bosworth9149.eu1.qobrix.com/api/v2/files/download/media/public/huge/68bc4134-e0b1-4cb5-b5d6-784df2caabf2,13,Professionnel (Bosworth Property),2026-09-30
1211,bosworth,Excellent Riad To Renovate Marrakech,https://bosworthpropertymarrakech.com/property/excellent-riad-to-renovate-marrakech/1211/,Vente,Riad,Marrakech,Bab Doukkala,€360.000,3888000,140.0,5,3,,"Excellent Riad To Renovate Marrakech Medina. Right on the main Bab Doukalla high street. 140m2 footprint. Includes a street level shop! Only 50m from a car park. Easy access to the Medina attractions and to Gueliz new town. It’s the perfect location for your development, whether as a guesthouse or as a concept store and lifestyle centre. And with an asking price of only 360’000 Euros  it is a very exciting opportunity. Call me now on +212658025028 or mail contact@bosworthpropertymarrakech.com – I look forward to hearing from you!",https://bosworth9149.eu1.qobrix.com/api/v2/files/download/media/public/huge/79e51de6-2dcb-4405-acf3-df3dbe000993,9,Professionnel (Bosworth Property),2026-09-30
1214,bosworth,Luxury Country Villa For Sale Marrakech,https://bosworthpropertymarrakech.com/property/luxury-country-villa-for-sale-marrakech/1214/,Vente,Villa,Marrakech,Marrakech,€3.600.000,38880000,31200.0,5,7,"Cuisine équipée, Hammam, House Type: Mansion Villa, Terrasse panoramique, Titre Foncier","Luxury Country Villa For Sale Marrakech. Set in gardens of over 3 hectares of freehold, planted with ancient olive trees and palms, this luxury country retreat is just 11km from Marrakech city centre. It has five gorgeous en suite bedrooms, including a vast master suite. And it comes fabulously equipped with it’s tennis court, home cinema, hammam, staff quarters and managers lodge. The pool is heated by a photovoltaic array and a heat pump, so all year round swimming is available. Located in the heart of nature, yet so close to the city, this impeccably finished luxury villa has space, light, abundant bird life and total discretion. There are two wells supplying excellent water. It could be your Marrakech getaway and of course it could be rented to a HNW clientele on a short term basis when you’re not using it. There are two excellent staff rooms as well as a comfortable managers lodge. It is very well priced at just 3.6m euros. Call me now on +212 6 5802 5028 or mail contact@bosworthpropertymarrakech.com to arrange your private viewing.

The gravel drive leads you through the beautiful gardens and to a 10 vehicle car park. Once inside the villa you have amazing perspectives through onto the gardens and the pool. The interior design is wonderful and bright. The sitting room merges effortlessly into the terrace and the lawns beyond. There is both an inside dining room and a covered outside dining area. On the ground floor you will also find the modern and very equipped kitchen as well as four beautiful en suite bedrooms – each with a private terrace giving straight onto the gardens.
Downstairs you will find the home cinema, the hammam, the wine cellar and a cloakroom. With an entirely independent entrance, the lower level also holds two staff bedrooms, a staff dining area, the technical area and the laundry – all discreetly placed.
On the first floor is the fabulous master suite. It has a private terrace affording wonderful views of the gardens and the High Atlas Mountains beyond.",https://bosworth9149.eu1.qobrix.com/api/v2/files/download/media/public/huge/421a118a-5ce6-4cac-936c-b8a070df337f,15,Professionnel (Bosworth Property),2026-09-30
1230,bosworth,Huge Historic Guesthouse Riad For Sale Marrakech Top Location,https://bosworthpropertymarrakech.com/property/huge-historic-guesthouse-riad-for-sale-marrakech-top-location/1230/,Location,Maison d'Hôtes,Marrakech,Mouassine,€1.750.000,18900000,460.0,9,8,"Accès voiture / Parking, Cuisine équipée, Hammam, Patio, Terrasse panoramique, Titre Foncier","Huge Historic Guesthouse Riad For Sale Marrakech Top Location. With a vast 460m2 freehold title footprint on the Laksour and Mouassine border, just 3 minutes walk from the sensuous Jemaa El Fna Square, this historic Riad dates back to the 17th Century. There are two patio courtyards, one of which hosts a good pool. The main courtyard is stunning, with echoes of the Saadien architecture which can be found in buildings like Dar Cherifa. The Douiria is totally fabulous with all it’s original ceilings and doors. An absolute pearl. This type of property, with it’s location, size and history is vanishingly rare on the market. And it could be yours for just 1,75m euros. We are delighted to be the exclusive agents for this beautiful Riad. Call me on +212 6 5802 5028 or mail contact@bosworthpropertymarrakech.com to arrange your private viewing.

,This stunning Riad is ideally located at the city ramparts, with parking just a few meters from the door. The entrance into the large patio courtyard is impressive thanks to its big volume and historic features. This property consists of three adjacent Riads that have been assembled to make one vast guesthouse.
On the ground floor, there is a professional kitchen, a cozy dining room, one big salon, a reception area and a separate office space for staff. There is also a wonderful bar, a guest bathroom and more cozy seating areas, including two  beautiful traditional boos. We also find two large ensuite bedrooms on the ground floor with heigh ceilings and quality finishes.
On the first floor, there are 7 wonderful rooms. The rooms are separated through different hallways and are very comfortable, spacious and equipped with AC and have plenty of storage space. The Riad is very successful and is sold as a going concern. It has all necessary guesthouse licenses, including an alcohol license which is quite rare.
Most rooms have a private balcony looking out over the lush courtyards. In addition, there are two rooms that share a private patio courtyard with fountain.
What’s more, via the main courtyard there is a separate entrance to a fully operational and luxurious spa downstairs. It has a sauna, two spacious massage rooms and a traditional hammam. In addition, there is a little piece of land for sale just next to the Riad ideal if you would like to add more rooms, expand the Spa or develop an independent restaurant.
The sunny terraces offer amply space for dining, relaxing and sunbathing. It has a little bar and salon to enjoy those sunny days and beautiful Marrakech sunsets. The best part however is the large heated pool, ideally located on this wonderful rooftop. Finally, there is a spacious laundry room and fully equipped kitchen on side of the terrace to ensure smooth operations for the staff.",https://bosworth9149.eu1.qobrix.com/api/v2/files/download/media/public/huge/da44fd2d-50a5-4fa1-9923-83c233eba652,7,Professionnel (Bosworth Property),2026-09-30
1231,bosworth,Beautiful and Big Luxury Guesthouse For Sale Marrakech,https://bosworthpropertymarrakech.com/property/beautiful-and-big-luxury-guesthouse-for-sale-marrakech/1231/,Vente,Maison d'Hôtes,Marrakech,Médina,€1.800.000,19440000,454.0,9,10,"Accès voiture / Parking, Cuisine équipée, Hammam, Patio, Terrasse panoramique","Beautiful and Big Luxury Guesthouse For Sale Marrakech. With a 454m2 footprint, three patio courtyards, 9 suites and a full spa with sauna and hammam, as well as a heated roof pool, this historical Riad is a real beauty. It is easily accessible with taxi drop-off just 30 metres from the front door. Sold as a successful going concern. There are multiple salons, a stylish dining room and a bar. Some of the historical features, such as the zouack ceilings and plaster work are outstanding. This is an amazing traditional Riad. The asking price is just 1.8m euros. Call Colin now on +212 6 5802 5028 or mail contact@bosworthpropertymarrakech.com to arrange your private viewing.

This stunning Riad is ideally located at the city ramparts, with parking just a few meters from the door. The entrance into the large patio courtyard is impressive thanks to its big volume and historic features. This property consists of three adjacent Riads that have been assembled to make one vast guesthouse.
On the ground floor, there is a professional kitchen, a cozy dining room, one big salon, a reception area and a separate office space for staff. There is also a wonderful bar, a guest bathroom and more cozy seating areas, including two  beautiful traditional boos. We also find two large ensuite bedrooms on the ground floor with heigh ceilings and quality finishes.
On the first floor, there are 7 wonderful rooms. The rooms are separated through different hallways and are very comfortable, spacious and equipped with AC and have plenty of storage space. The Riad is very successful and is sold as a going concern. It has all necessary guesthouse licenses, including an alcohol license which is quite rare.
Most rooms have a private balcony looking out over the lush courtyards. In addition, there are two rooms that share a private patio courtyard with fountain.
What’s more, via the main courtyard there is a separate entrance to a fully operational and luxurious spa downstairs. It has a sauna, two spacious massage rooms and a traditional hammam. In addition, there is a little piece of land for sale just next to the Riad ideal if you would like to add more rooms, expand the Spa or develop an independent restaurant.
The sunny terraces offer amply space for dining, relaxing and sunbathing. It has a little bar and salon to enjoy those sunny days and beautiful Marrakech sunsets. The best part however is the large heated pool, ideally located on this wonderful rooftop. Finally, there is a spacious laundry room and fully equipped kitchen on side of the terrace to ensure smooth operations for the staff.",https://bosworth9149.eu1.qobrix.com/api/v2/files/download/media/public/huge/5c3b58f2-f3fd-49ca-b363-dea01d6f5595,20,Professionnel (Bosworth Property),2026-09-30
1233,bosworth,Excellent Luxury Villa For Sale Marrakech Palmeraie,https://bosworthpropertymarrakech.com/property/excellent-luxury-villa-for-sale-marrakech-palmeraie/1233/,Vente,Villa,Marrakech,Palmeraie,€4.500.000,48600000,10100.0,8,12,"Hammam, House Type: Mansion Villa, Patio, Terrasse panoramique","Excellent Luxury Villa For Sale Marrakech Palmeraie. 1 hectare of mature gardens. 8 lovely suites. In the perfect location right by the Barcelo Hotel – accessible yet quiet. Lovely pool. Stunning glass fronted sitting room. Internal courtyard with fountain. Very good terraces. Great back of house with staff quarters and kitchens. Vast external reception room with it’s own kitchen. Spa with hammam and sauna! Car port for 4 vehicles.The property is finished to the highest international standard, with lots of imported marble and the use of noble woods throughout. The art collection is stunning. With an asking price of only 4.500.000 m euros this is a fabulous investment opportunity. Call me now on +212658025028 or mail contact@bosworthpropertymarrakech.com and I will arrange a private viewing for you. Thank you!

In the most perfect Palm Grove location, this Luxury Villa For Sale Marrakech will seduce you with the quality of work, the amazing art collection and the fabulous gardens. It is your perfect Marrakech home – for your holidays, your receptions and your parties. As well as the main house there is a superb reception salon with it’s own kitchen. It’s a beautiful environment.
8 wonderful suites. All modern conveniences. This is Marrakech luxury at it’s best. Exquisite marble. Cedar wood. Hand painted ceilings … welcome to a world of rafinement and exoticism.
There is an excellent Spa with Hammam, Sauna and massage room. There is also a vast and beautiful external reception salon for entertaining. In fact, this is a fabulous villa for receiving friends and guests.",https://bosworth9149.eu1.qobrix.com/api/v2/files/download/media/public/huge/b9307a35-dd9b-432f-9ea4-55a94c16cfd6,23,Professionnel (Bosworth Property),2026-09-30
1234,bosworth,Fabulous Luxury Villa For Sale Marrakech Palmeraie,https://bosworthpropertymarrakech.com/property/fabulous-luxury-villa-for-sale-marrakech-palmeraie/1234/,Vente,Villa,Marrakech,Palmeraie,€3.950.000,42660000,10000.0,10,15,"Hammam, House Type: Mansion Villa, Titre Foncier","Fabulous Luxury Villa For Sale Marrakech Palmeraie. Perfect location next to Palais Rhoul. Freehold title deed. 1 hectare of luxuriant gardens . 1640m2 footprint of buildings. Pools. Fountains. The main house comprises multiple sitting rooms. 6 suites. Spa with hammam. Superb underground nightclub/lounge. Kitchens. Staff quarters with four bedrooms. The finishing is absolutely top class throughout – imported marble, noble woods – and fully automated with the latest domotic technology. The Villa is a veritable treasure trove of excellent antiques, persian carpets and original paintings – all on the themes of hunting and music. The furniture is wonderful. There is also an independent bungalow with a further 2 suites. There is a club luxury tent for your receptions. And even a small yet well equipped gym for your workouts. The carport takes five vehicles. This prestigious property is very good value at 3.95m euros. Call me now on +212658025028 or mail contact@bosworthpropertymarrakech.com and I will arrange a private viewing for you.

Located in an excellent area of the Palmeraie, this is a top quality luxury villa. Accessible yet quiet. Just 10 minutes from the city centre yet calm and relaxing.
The villa itself has andalousian influences and mauresque touches. It is finished to the highest quality throughout. Marble, noble woods, state of the art electronics. And it contains the most excellent art collection – antiques from eleven different countries, original artwork from famous Moroccan painters, top quality textiles, Bugatti furniture …
Perfectly equipped with multiple kitchens, staff quarters and back of house, this is the place to entertain in style. The underground lounge, with it’s bar and nightclub is complemented by the exterior club lounge, again with bar and integrated sound system.
Perfectly equipped with multiple kitchens, staff quarters and back of house, this is the place to entertain in style. The underground lounge, with it’s bar and nightclub is complemented by the exterior club lounge, again with bar and integrated sound system.",https://bosworth9149.eu1.qobrix.com/api/v2/files/download/media/public/huge/8e150a36-e58d-4d55-979d-0afd85e1d52b,30,Professionnel (Bosworth Property),2026-09-30
1238,bosworth,Amazing Art Deco Villa For Sale Marrakech,https://bosworthpropertymarrakech.com/property/amazing-art-deco-villa-for-sale-marrakech/1238/,Vente,Villa,Marrakech,Marrakech,€2.900.000,31320000,1000.0,4,5,"Accès voiture / Parking, Cheminée, Cuisine équipée, Hammam, House Type: Mansion Villa, Patio, Terrasse panoramique","Amazing Art Deco Villa For Sale Marrakech offering sumptuous accommodation and beautifully set in elegant and professionally landscaped gardens of 1.2 hectares (nearly 3 acres). Photographs don’t fully convey the impressive proportions of the house – the main Salon ceiling is around 4 metres high. Exceptional quality and finishes are evident throughout, and particularly in the furnishings, designed by Olga Polizzi, and linens by Frette. The house has clearly been designed with a very luxurious lifestyle in mind; there is extensive staff accommodation and the domestic areas of the house are designed to handle entertaining on a grand scale. Set within a private community set around an award winning golf course, this exceptional home is offered at 2.9 million euros. Call us  now on 00212655446749 or email contact@bosworthpropertymarrakech.com

Private roads on the community give access to the property, which is walled, gated and completely secluded. A paved driveway leads down to a shaded parking area and double garage a short walk from the main entrance.
The main entrance is approached via a strictly symmetrical courtyard with a water feature, flanked by orange trees; a flight of steps lead up to the glazed entrance doors, protected by a portico, leading to a lobby overlooking the main reception salon.
You are immediately struck by the rich marble floors and custom designed Art Deco lighting. The Salon opens directly onto a wide terrace overlooking the gardens – so important in Marrakech were so much of the year can be lived outside.
To either side of the Salon, double sliding doors give access to the formal dining room and a second, more intimate reception room, both opening onto the garden terrace.
From the dining room a door leads to the domestic offices – a large and well equipped kitchen, separate pantry, and the back door, which allows access to the staff accommodation, laundry and storeroom.
Each of the four bedroom suites has direct access onto the gardens, each has an en suite bathroom and a dressing room. The master suite is, of course, particularly impressive, with a vast bathroom and centre bath.
Above the main building is a huge roof terrace with plenty of shade. A dumb waiter eases service for the staff and there’s even a fireplace, should you choose to delight your guests on a winter’s night. Distant views of the High Atlas mountains complete the atmosphere.
The house is centrally position in lush, professionally designed gardens offering privacy and interesting walks. The Pool House is a large building offering a range of potential uses – perhaps as a self contained apartment. Currently it has a Yoga studio, steam room and traditional hammam.
Amazing Art Deco Villa For Sale Marrakech offering sumptuous accommodation and beautifully set in elegant and professionally landscaped gardens of 1.2 hectares (nearly 3 acres). Photographs don’t fully convey the impressive proportions of the house – the main Salon ceiling is around 4 metres high.
Exceptional quality and finishes are evident throughout, and particularly in the furnishings, designed by Olga Polizzi, and linens by Frette. The house has clearly been designed with a very luxurious lifestyle in mind; there is extensive staff accommodation and the domestic areas of the house are designed to handle entertaining on a grand scale.",https://bosworth9149.eu1.qobrix.com/api/v2/files/download/media/public/huge/b749a078-7027-4846-be2e-d477c8b94cef,14,Professionnel (Bosworth Property),2026-09-30
1255,bosworth,Luxury Villa For Sale Marrakech,https://bosworthpropertymarrakech.com/property/luxury-villa-for-sale-marrakech/1255/,Vente,Villa,Marrakech,Marrakech,€2.800.000,30240000,15000.0,,,"Cheminée, Hammam, House Type: Mansion Villa, Piscine, Terrasse panoramique","Luxury Villa For Sale Marrakech. Just 10km from the city centre. Easily accessible on the Ouazarzate Road, close to the American School, with gated security. 1.5 hectares footprint. Over 1600 m2 of built surface. 700m2 of terraces. 5 generous en suite rooms and an independent apartment. Fantastic gardens with 200 year old olives and mature 16m high palm trees. 300m2 swimming pool. Luxury spa with indoor pool, hammam and sauna. Luxuriant environment and manicured lawns. Top quality finishings throughout – marble, stone, tadelakt, steel and glass – in a coherent and stylish architecture. The property is sold fully furnisehed and equipped. Now at the reduced price o only 2’800’000 euros, this little piece of heaven represents a very good investment opportunity. Call me now on+212658025028 or mail contact@bosworthpropertymarrakech.com

With 5 en suite rooms and a huge master suite of over 50m2, the Villa has everything to charm and impress your guests. A vast spa area, complete with hammam, sauna and heated indoor swimming pool with counter current.
There are two big sitting rooms. The main sitting room has two fireplaces and glass walls leading out towards the main pool. There is a billiard table too. There is a home cinema area on the ground floor. The whole is decorated with refinement and good taste.",https://bosworth9149.eu1.qobrix.com/api/v2/files/download/media/public/huge/f7198384-a110-4171-b654-36b21f229dee,26,Professionnel (Bosworth Property),2026-09-30
1260,bosworth,4.8 Hectares For Sale Marrakech Royal Golf,https://bosworthpropertymarrakech.com/property/4-8-hectares-for-sale-marrakech-royal-golf/1260/,Vente,Terrain,Marrakech,Royal Golf,€5.200.000,56160000,48210.0,,,,"4.8 Hectares For Sale Marrakech Royal Golf. This is a superb investment opportunity in the perfect location, just 2km from Marrakech city center. The main plot borders the Royal Golf and is just across the road from the entrance to the Amelkis Golf Resort. The second plot is just behind the famous Villa des Golfs and has it’s own drive. Plots three and four are both close by. As it all lies within the urban zone you can build here without needing AVNA – a great advantage. As of now, one title deed covers all four plots. The owners are willing to split them for individual sale if required. With an asking price of just 110 euros per m2, this is your opportunity to build your luxury villa in the most highly desirable location. Call Colin on + 212 6 5802 5028 or mail contact@bosworthpropertymarrakech.com to arrange a site viewing.

This must be the most highly desriable location currently available in Marrakech for a luxury villa development. And with plots of varying sizes it will fit all budgets. The big plot could be for a number of villas, while the smaller plots are each for an individual luxury property.
The environment here is extraordinary, with the mature gardens of the golf course right beside you. There is plenty of water in this area, too, so it could be landscaped and planted as a green space.
Located just behind the Villa des Golfs and with it’s own driveway giving direct access from the road, Plot 2 is an outstanding proposition.
The other two plots are located just a couple of hundred meters from the Villa des Golfs.
Plot 1 is 29’150 m2
Plot 2 is 6’726 m2
Plot 3 is 8’464 m2
Plot 4 is 3’681 m2
Total is 48’021 m2",https://bosworth9149.eu1.qobrix.com/api/v2/files/download/media/public/huge/24e886e8-473b-4051-bd0d-95227ccea5f7,3,Professionnel (Bosworth Property),2026-09-30
1266,bosworth,Sidi Youssef Ben Ali Riad to Renovate,https://bosworthpropertymarrakech.com/property/sidi-youssef-ben-ali-riad-to-renovate/1266/,Vente,Riad,Marrakech,Médina,€450.000,4860000,235.0,15,3,"Accès voiture / Parking, Bassin, Patio, Terrasse panoramique, Titre Foncier","Sidi Youssef Ben Ali Riad to Renovate Marrakech. Located just outside the historic Medina of Marrakech, this charming property has a footprint of 235m2. Freehold title. It is in good condition and ripe to be converted, either into your family home here in the Red City or into a boutique hotel. The Riad has impressive volumes and great potential as a guesthouse project. With an asking price of just 450’000 euros it is excellent value. Call us now to arrange a private viewing!

This charming Riad is located in a very accessible street, with parking just 50m away from the door. Through the entrance door, you walk into a gorgeous traditional courtyard with a water fountain in the middle. Thanks to its 235m² footprint and the large space in the courtyard, you can easily imagine adding a beautiful plunge pool and transforming the space into a luxurious boutique guesthouse.
In addition to the 15 multi functional rooms and 2 large salons, there are also 3 kitchens and bathrooms. The volumes of the rooms in the Riad are impressive and you could easily get six good en suite bedrooms, as well as loads of public space. You find beautiful details of Moroccan craftsmanship all over the Riad such as traditional zelige tiles and handcarved plaster work.
Furthermore, the Riad has a ground floor plus two levels. The amount of natural light radiating through the property is really remarkable.  In addition, there is a high terrace which could be renovated completely in order to create a large open rooftop to enjoy Marrakech sunsets.",https://bosworth9149.eu1.qobrix.com/api/v2/files/download/media/public/huge/6006096b-ce4d-441b-8619-1ee41c4bf515,9,Professionnel (Bosworth Property),2026-09-30
1268,bosworth,Berber Organic Farm with 430 olive trees For Sale Marrakech,https://bosworthpropertymarrakech.com/property/berber-organic-farm-with-430-olive-trees-for-sale-marrakech/1268/,Vente,Ferme,Marrakech,Marrakech,€400.000,4320000,38515.0,,,Titre Foncier,"Berber Organic Farm with 430 olive trees For Sale Marrakech this pretty farm sits close to the beginning of the Atlas Mountains about 45 minutes from Marrakech. Accessed by a short dirt track, the farm has a modest rammed earth cottage, a rammed earth outbuilding and a modern pump house with a state of the art solar array, lifting water from a 60 metre deep well into an irrigation basin. The trees are watered by drip irrigation – a system that is easily automated. There are wonderful views of the mountains and the property would be suitable as a productive agricultural investment, or, subject to the usual permissions, conversion to a tourist project.

The main crop is olives, but there are several pomegranate and citrus trees too. The land area is 38515 square metres – nearly 4 hectares, or 9.5 acres.
We are offering the property for sale with full freehold title with an asking price of 400000 euros. There is a connection to the public electricity supply in addition to the solar panels.",https://bosworth9149.eu1.qobrix.com/api/v2/files/download/media/public/huge/9b00a223-f1b0-4359-8e64-37c964221ccb,3,Professionnel (Bosworth Property),2026-09-30
1273,bosworth,Oasis Villa Hotel 5 bedrooms and Pool For Sale Marrakech,https://bosworthpropertymarrakech.com/property/oasis-villa-hotel-5-bedrooms-and-pool-for-sale-marrakech/1273/,Vente,Maison d'Hôtes,Marrakech,Marrakech,€1.350.000,14580000,450.0,5,6,"Accès voiture / Parking, Cheminée, Cuisine équipée, House Type: Guesthouse, Patio, Piscine, Terrasse panoramique","Oasis Villa Hotel 5 bedrooms and Pool For Sale Marrakech. A simply beautifully designed and built isolated villa set in a walled garden of around 1 hectare with a further 3 hectares – all with AVNA permission – available by separate negotiation. The building is currently providing very elegant living space but has permission for use as a commercial hotel with 5 large en suite bedrooms, huge open plan living and entertaining space, and an infinity pool with clear views across open desert to an oasis with the High Atlas visible in the distance on a clear day.

Two towers flank an impressive double steel gate that gives vehicular access to the grounds and ample parking. The towers are not merely decorative – there is accommodation for a guardian on the ground floor and the upper floors contain an ample, 6000 litre water reserve.
The gardens have been carefully planted with a selection of specimen trees, cacti and palms, and have a drip irrigation system fed by a deep well. Despite the remote location the property has a mains electricity connection. The gardens – and the further 3 hectares of land available by separate negotiation – are protected by traditional rammed earth walls. There are spectacular views across almost all the property towards the palm oasis.
Entrance to the villa itself is via a second set of double steel doors, opening from the entrance hall into a spacious, open plan reception and dining area with high ceilings with a domed central section. The large windows emphasis the wonderful light and beautiful view – but quadruple glazing means the interior stays comfortable even on hot days.
For cooler winter nights there’s a fireplace, and sliding doors give access to the terrace; a narrow water conduit divides the terrace and feeds the swimming pool. For a real taste of the dolce vita there’s a steel fire pit and local stone boulders giving surprisingly comfortable seating to admire the night sky or one of Marrakech’s famous sunsets; the lights of the city are visible on the horizon at night.
A well designed and fitted kitchen opens onto a walled courtyard with a screened area for bins and gas bottles; there’s staff accommodation off this courtyard which has separate access from the exterior.
A corridor running the length of the building gives access to 4 large bedrooms, each with an en suite bath or shower room, all tastefully finished in natural tadelekt. The master suite has a bathroom that opens out onto the terrace too.
A minimalist staircase leads to an upper floor, where a suite has been cleverly designed to encompass a number of different uses; this space could be a studio flat, 2 separate bedrooms or a large and spacious suite with the best views in the building. Sliding doors give access onto the roof terrace, and it’s worth noting that the construction of further rooms on the upper floor was provisioned for during the design process. The current building has 450 square metres of habitable space – this could rise to around 700 square metres if the upper floor was extended.
It is difficult to obtain the necessary permissions to construct in such a remote and beautiful area, so this represents a very unusual opportunity. Despite the peace and tranquility, Marrakech is just twenty minutes away by car. The property clearly has potential to generate a healthy income and would be ideal for those seeking a complete change of life.
A further 3 hectares of building land are available by separate negotiation.",https://bosworth9149.eu1.qobrix.com/api/v2/files/download/media/public/huge/c00f528e-d808-4b11-8cec-3592fb1baff4,12,Professionnel (Bosworth Property),2026-09-30
1276,bosworth,New 8 Bedroom 8 Bathroom Villa with Pool For Sale Marrakech,https://bosworthpropertymarrakech.com/property/new-8-bedroom-8-bathroom-villa-with-pool-for-sale-marrakech/1276/,Vente,Villa,Marrakech,Route de Fes,€550.000,5940000,2200.0,8,9,"Accès voiture / Parking, Cuisine équipée, House Type: Mansion Villa, Terrasse panoramique, Titre Foncier","New 8 Bedroom 8 Bathroom Villa with Pool For Sale Marrakech. This is a huge, just finished new build villa off the Route de Fes 15km from the centre of Marrakech. The house is quietly situated on a minor road and off a short gravel track. The property would be ideal for rental use, either as an auberge or as a whole house let. Please note that although the house is held on a freehold title, it is in an agricultural zone which currently restricts potential owners to those with Moroccan, Tunisian or Senegalese nationality. Please call us on 00212655446749 or email contact@bosworthpropertymarrakech for more details

The gardens are walled and gates give access to the drive and parking area. There’s a large pool and the land area extends to around 2000 square metres.
The ground floor has a large entrance hall with a pleasant, open plan staircase rising to the first floor, a huge reception room overlooking the garden and pool, a downstairs cloakroom, and a large fitted kitchen.
There are four double bedrooms, all with en suite shower rooms, on the ground floor, with a further four double bedrooms on the first floor, again all with en suite shower rooms. Also on the first floor is a machine room that has all the controls for the solar panels.
The First floor has a vast terrace overlooking the pool with sensational views of the High Atlas mountains in season.
New 8 Bedroom 8 Bathroom Villa with Pool For Sale Marrakech. This is a huge, just finished new build villa off the Route de Fes 15km from the centre of Marrakech. The house is quietly situated on a minor road and off a short gravel track. The property would be ideal for rental use, either as an auberge or as a whole house let. Please note that due although the house is held on a freehold title, it is in an agricultural zone which restricts potential owners to those with Moroccan, Tunisian or Senegalese nationality. Please call us on 00212655446749 or email contact@bosworthpropertymarrakech for more details",https://bosworth9149.eu1.qobrix.com/api/v2/files/download/media/public/huge/080b50bc-c9de-4979-bf8f-b505ea0ddaa6,8,Professionnel (Bosworth Property),2026-09-30
1278,bosworth,Commercial Garage business For Sale Marrakech Sidi Ghanem,https://bosworthpropertymarrakech.com/property/commercial-garage-business-for-sale-marrakech-sidi-ghanem/1278/,Vente,Commerce,Marrakech,Marrakech,€110.000,1188000,,,,,"Commercial Garage business For Sale Marrakech Sidi Ghanem. 300 square metres footprint of ground floor commercial space fronting the main Marrakech to Safi road, clean and well equipped with a two post lift, office space, parts counter, store and WC. The business is for sale with an asking price of 110,000 euros and a rent of 100 euros a month thereafter.

Commercial Garage business For Sale Marrakech Sidi Ghanem. 300 square metres footprint of ground floor commercial space fronting the main Marrakech to Safi road, clean and well equipped with a two post lift, office space, parts counter, store and WC. The business is for sale with an asking price of 110,000 euros and a rent of 100 euros a month thereafter.
The business has been in the same hands for many years and has a loyal following as a Land Rover specialist. This would be an excellent opportunity for a specialist to establish themselves in Morocco, one of the world’s best 4×4 off-road playgrounds and home to several off road rally and raid events each year.
There are front and rear entrances with very easy access. The workshop extends right through the building, widening in the centre. There is a lockable office at the front of the building with windows overlooking the street (currently closed with metal shutters). Vehicular access is via double steel doors front and rear.
Commercial Garage business For Sale Marrakech Sidi Ghanem. 300 square metres  footprint of ground floor commercial space fronting the main Marrakech to Safi road, clean and well equipped with a two post lift, office space, parts counter, store and WC. The business is for sale with an asking price of 110,000 euros and a rent of 100 euros a month thereafter. For more information call us now on 00212655446749 or email contact@bosworthpropertymarrakech.com",https://bosworth9149.eu1.qobrix.com/api/v2/files/download/media/public/huge/320adcae-8bd3-4c53-99f3-4cd4d5879586,2,Professionnel (Bosworth Property),2026-09-30
1282,bosworth,Modern Office Space For Sale Near Casablanca,https://bosworthpropertymarrakech.com/property/modern-office-space-for-sale-near-casablanca/1282/,Vente,Riad,Marrakech,Marrakech,€225.000,2430000,198.0,,,,"Modern Office Space For Sale Near Casablanca. An easy commute from both Casablanca and Rabat, this bright, spacious, 198m2 office space in beautiful beach-side Bouznika offers everything you need for a successful and comfortable working environment. Two floors of open-plan offices with lots of bright natural light, plus a welcoming reception area, 3 private offices, bathroom and kitchen facilities, and a large server room. All furniture and brand new IT equipment is available for sale separately. With cafes, shops, and pharmacies nearby, as well as the beach, it’s a convenient and attractive base for your team. Available now for 225,000 Euros! Call Colin now on or write to +212658025028 contact@bosworthpropertymarrakech.com for more information.",https://bosworth9149.eu1.qobrix.com/api/v2/files/download/media/public/huge/4ded8297-d689-4cc8-a072-461f4bdfa087,7,Professionnel (Bosworth Property),2026-09-30
1284,bosworth,Dimitri's - the oldest restaurant in Morocco is for sale!,https://bosworthpropertymarrakech.com/property/dimitris-the-oldest-restaurant-in-morocco-is-for-sale/1284/,Vente,Maison d'Hôtes,Marrakech,Marrakech,,,,,,"Patio, Terrasse panoramique","Dimitri’s – the oldest restaurant in Morocco is for sale! A never to be repeated opportunity to buy a piece of history; the renowned Dimitri’s restaurant in Ouarzazate, established 1928, is for sale, at 550,000 euros. This is an incredible opportunity to change your life, take on a new vocation – and mix with the stars! Exclusive with Bosworth Property Marrakech. Call Mark now on 00212 655 446 749 or email mark@bosworthpropertymarrakech.com

Chez Dimitri, established in 1928, occupies the heart of Ouarzazate, home to Morocco’s booming film industry. In fact, the town of Ouarzazate grew up around the iconic restaurant, started by Dimitrios Katrakazos, who landed in Casablanca aged 14 determined to make his fortune.
The restaurant is the original rammed earth structure built by the Foreign Legion who were stationed in what is now the governor’s offices on the low hill opposite the restaurant. There’s an enormous amount of history here, deeply embedded in Ouarzazate and particularly in the film industry – with an unrivaled guest list and piles of memorabilia.
As an example, these are just a few of the stars who’ve dined at Chez Dimitri – Anthony Quinn, Peter O’Toole, Charlie Chaplin, Orson Welles, Alec Guiness, Jean-Paul Belmondo, Monica Bellucci, Omar Sharif, Jane Fonda, Steve McQueen… the list goes on beyond Hollywood to include Winston Churchill, Hilary Clinton, Yves St Laurent – and even the painter Jacques Majorelle – most famous today for his eponymous gardens in Marrakech.
But what we are selling here is the restaurant building itself. A single storey, substantially built rammed earth or pisé structure, surrounding a small open courtyard, extending to around xxx square metres and with a frontage and terrace directly to Ouarzazate’s Avenue Mohamed V.
An open terrace fronts Ouarzazate’s main thoroughfare. Double doors lead into the spacious restaurant, which still incorporates part of the original bar; a door with a keyhole arch leads to a private dining room, with a central passage leads to the central patio, kitchens, toilets and a service entrance.
Most of the surrounding, more recent buildings reach three storeys in height, meaning that as a development site alone there is considerable extra potential for the site. It’s worth considering the historic Bagatelle Restaurant in Marrakech, which was redeveloped from an old single storey building into a mixed development, with the restaurant occupying the ground floor of a building several stories in height.
This gives potential to develop the site into a hotel restaurant with rooms above and a basement below, although doing so would lose the historical value of the existing building. Investors should note that the Dimitri supermarket, on the opposite site of the Avenue Mohamed V, is also available.",https://bosworth9149.eu1.qobrix.com/api/v2/files/download/media/public/huge/ed23274d-ccd1-4c9b-bee0-696b9580a543,6,Professionnel (Bosworth Property),2026-09-30
1286,bosworth,Luxury City Center Villa For Sale Marrakech,https://bosworthpropertymarrakech.com/property/luxury-city-center-villa-for-sale-marrakech/1286/,Vente,Villa,Marrakech,Agdal,€2.530.000,27324000,2094.0,4,6,"Accès voiture / Parking, House Type: Mansion Villa, Piscine","Luxury City Center Villa For Sale Marrakech. Located away from a main road and less than 3km from Marrakech Medina, this luxury Villa is absolutely top notch. Full of imported marble and noble woods and top of the range equipment. The whole property is domotically controlled using Akuvox technology, first in class. There are multiple salons, 4 gorgeous suites, home cinema, a lift, a family kitchen and a full professional kitchen as well. Staff quarters are discreetly located. The property derives over 90% of it’s power from photovoltaic panels on the roof. The gardens, with manicured lawns and mature trees, hold a wonderful swimming pool and pool house with bar and loos. The Villa is a thing of beauty and excellent value at 2.53m euros. Call me now on +212 6 5802 5028 or mail contact@bosworthpropertymarrakech.com to arrange a private viewing. Thank you!

If you are looking for a state of the art Luxury Villa within five minutes of Marrakech city center then this is the one for you. Every detail has been treated with respect. It is perfect as your home and ideal for entertaining.
There are four beautiful suites, all with excellent wardrobes and bathrooms. They all give onto either to wrap around balconies or the garden.
The family kitchen, with it’s top of the range equipment is wonderful. And on the lower level is located a vast and truly professional kitchen for when you have guests.
The gardens are discreet and manicured. The pool is fabulous and has a super little pool house with seating, a bar and two visitors loos. There is covered parking for four cars.
Don’t hesitate. This exceptional villa will sell. Call me on +212 6 5802 5028 or mail contact@bosworthpropertymarrakech.com to arrange a private viewing. I look forward to hearing from you soon!",https://bosworth9149.eu1.qobrix.com/api/v2/files/download/media/public/huge/3ea0037f-370a-4902-ba19-a931001ca98e,16,Professionnel (Bosworth Property),2026-09-30
1294,bosworth,4.9 Hectares with Villa Close to Marrakech City Centre,https://bosworthpropertymarrakech.com/property/4-9-hectares-with-villa-close-to-marrakech-city-centre/1294/,Vente,Villa,Marrakech,Marrakech,€2.700.000,29160000,49000.0,,,"Land Type: Building Land, Piscine, Titre Foncier","4.9 Hectares with Villa Close to Marrakech City Centre. What an amazing opportunity. EXCLUSIVE with us and truly exceptional. Over 49’000m2 of freehold title deed, including a very good villa, authorised wells, connected to mains electricty and water. This is fabulous. A mature olive grove with hundreds of trees. Many dependencies, including staff quarters, external lounges, stables (which need rebuilding), tennis court, and a large swimming pool. Whether this is the site of your future luxury villa, or a tourist development, it ticks all the boxes. CLOSE to Marrakech city – just 10km, in the Sidi Brahim development zone. BIG with nearly 5 hectares and a building coefficient of 20% – that is exceptional. BEAUTIFUL with its mature gardens and plentiful water. This is a remarkable development opportunity for only €2,700,000. Call now on +212658025028 or mail contact@bosworthpropertymarakech.com.

Wow. What an exciting investment opportunity. Located within the urban development zone, only 10km from central Marrakech, this stunning 49,000m2 freehold titled plot has so much potential –  whether for the development of a hospitality/tourism business, or as luxury private residence. In fact, with a building coefficient of 20%, there’s probably space for both!
Well-irrigated and maintained, a mature olive grove of 100+ trees and verdant gardens surround the existing structures, which include a principal 4-bedroom 300m2 villa, a smaller 2-bedroom 70m2 villa with a cellar, 2 semi-permanent Berber-style entertainment tents, and disused stables.
The main villa is in excellent condition, and well-designed so as to offer residents or guests wonderful views over the surrounding land from one of its several sitting rooms with floor-to-ceiling glass windows:
The kitchen has an incredible amount of storage space and modern fittings:
It serves this fabulous dining room with adjoining lounges:
There are four very comfortable en-suite bedrooms, as well as a further two in the smaller dependent villa. Each is light, bright, and in great condition:
Of course, it’s the land this villa sits on that is the real source of excitement. With a building coefficient of 20%, there’s potential to develop 10,000m2 of property here if you wish. Alternatively, maintain the large mature olive grove as it is and develop this into a luxury rural retreat.
Currently, two large caidale tents furnished for daytime or evening entertainment sit next to the large swimming pool:
The possibilities are endless! 4.9 hectares with villa close to Marrakech City Centre – plots this size, so close to Marrakech that it falls within the urban development zone, almost never become available on the market. And it’s exclusive with Bosworth Property Marrakech! This is an unmissable opportunity to realise your real estate development dreams in a perfect location – contact us now to discuss your ideas, tour the site, and receive further details: +212658025028 or by mail to contact@bosworthpropertymarakech.com. Thank you.",https://bosworth9149.eu1.qobrix.com/api/v2/files/download/media/public/huge/66ef943a-564a-4a18-9da8-6b460ae13fbc,20,Professionnel (Bosworth Property),2026-09-30
1295,bosworth,5 Hectares of Amazing Land with Villa For Sale Marrakech,https://bosworthpropertymarrakech.com/property/5-hectares-of-amazing-land-with-villa-for-sale-marrakech/1295/,Vente,Villa,Marrakech,Marrakech,€1.000.000,10800000,50000.0,6,6,"Piscine, Terrasse panoramique, Titre Foncier","5 Hectares of Amazing Land with Villa For Sale Marrakech. Stunning location only 20km from central Marrakech, this fabulous terrain boasts a vast villa with 6 en-suite bedrooms, a huge swimming pool, stables, a smaller secondary villa with staff quarters, a 4,000 square metre bio garden, mature olive trees, and a deep well and irrigation system. It has a Provisional VNA, meaning you are free to build on the plot as you wish! This is a fabulous investment opportunity with so much scope and potential. This vast terrain could be yours for just €1 million. Call me now on +212658025028 or mail contact@bosworthpropertymarrakech.com /  to arrange a private tour of this rural retreat.

Only 30 minutes from Marrakech city centre this stunning 5 hectare terrain with Provisional VNA is a truly unique investment opportunity. Occupying a vast, beautiful space with uninterrupted views of the surrounding countryside, mountain ranges, and, of course, Marrakech itself, this is a very special rural retreat with plenty of space to play with.
The principal building on this stunning freehold titled terrain is a large villa of over 1,000 sq metres. With 6 en-suite bedrooms, beautiful roof terraces, and a vast central dining room, this is a very luxurious property indeed.
Four en-suite bedrooms lie on the ground floor, and a further two upstairs. All are spacious and well-lit, with lovely views over the gardens.
Two large terraces wrap around the primary villa, offering spectacular entertaining space:
Despite the property’s somewhat parched appearance, there is an extensive independent irrigation system and deep well – with proper management a fabulous garden would flourish alongside the existing olive grove and vegetable garden.
There is also a deep, 19-metre long swimming pool on the property, currently shaded by a rustic pergola:
With two additional, smaller villas complementing the principal property, there is plenty of space here for staff to serve a private residence. Alternatively, it would make a very exclusive rural guesthouse or hotel. The options are endless; and with definitive VNA status already secured, this vast space is a really unique investment opportunity in the Moroccan countryside. If you’re looking for 5 Hectares of Amazing Land with Villa For Sale Marrakech, you will not find better value for money in a location so close to the city! Call us now on +212658025028 / or mail contact@bosworthpropertymarrakech.com /  to discuss your investment plans and arrange a private tour!",https://bosworth9149.eu1.qobrix.com/api/v2/files/download/media/public/huge/49bd44df-bfe3-4e63-95c9-0f909dd7029b,15,Professionnel (Bosworth Property),2026-09-30
1297,bosworth,Charming Residential Riad For Sale Marrakech,https://bosworthpropertymarrakech.com/property/charming-residential-riad-for-sale-marrakech/1297/,Vente,Riad,Marrakech,Médina,€175.000,1890000,110.0,3,3,"Patio, Terrasse panoramique","Charming Residential Riad For Sale Marrakech. It’s right on the ancient Almoravid ramparts of the old Medina in Bab Aghmat, with great views to the High Atlas Mountains. It is a quirky and unique property and would be perfect as your Marrakech pied a terre and would obviously work as a short term rental investment too. The entrance hall leads into a bright patio courtyard with a mature pepper tree. You will notice the thick red brick walls on the ground floor providing cool in the summer. There are three bedrooms, a kitchen, a dining room and a sitting room. The lush terrace gives good views to the south. With an asking price of just 175’000 euros (£150’000 U$183’000) this is your opportunity! Call me now on +212658025028 or mail contact@bosworthpropertymarrakech.com and I will arrange a viewing for you. Thank you!

At the end of a quiet street and with taxi access to within 50m, this lovely little property is full of old world charm. For instance, as you enter the Riad you will have to duck under a low arch before arriving in the patio courtyard. It is a typical old Riad, with rooms set around the courtyard. Yet it is also modern with it’s glass doors letting the light flood in.
On the ground floor is the kitchen, a sitting room, a dining room and one bedroom, as well as the visitors loo.
On the first floor there is a lovely salon and the two further bedrooms. And the terrace is accessed by a spiral staircase.
On the terrace you can literally touch the ancient ramparts of Marrakech Medina. It’s a fabulous location – one for lovers of the old city. There is a great community spirit in this quarter, far from the hustle and bustle of the tourist souks.
If you’re looking for a charming pied a terre in a traditional quarter of Marrakech Medina then this is the one for you. It is excellent value. Call me now on +212658025028 or mail contact@bosworthpropertymarrakech.com and we can go to view it. I look forward to hearing from you!",https://bosworth9149.eu1.qobrix.com/api/v2/files/download/media/public/huge/3830c1d1-d4fd-42fe-abf8-9d46bb7c91fc,17,Professionnel (Bosworth Property),2026-09-30
1302,bosworth,Stunning Palmeraie Land For Sale Marrakech,https://bosworthpropertymarrakech.com/property/stunning-palmeraie-land-for-sale-marrakech/1302/,Vente,Terrain,Marrakech,Palmeraie,€1,,167500.0,,,Land Type: Plot,"Stunning Palmeraie Land For Sale Marrakech. A truly unique investment opportunity. Absolutely the best location. Nearly 17 hectares of superb palm grove, with many mature date palms. There is a good road right to the gate of the walled property. This is within the urban zone and it has been zoned for development in SD2 – meaning that it could either take luxury villas on 1 hectare plots, or smaller units on 1000m2 plots. It would also, of course, be a truly fabulous private domain. Price upon request. Call me now on +212658025028 or mail colin@bosworthpropertymarrakech.com for further details and to arrange a private viewing. I look forward to hearing form you.

This land has prestigious neighbours, including the Emir of Qatar. It is a statement property, totally unique on the market. We are delighted to be able to present this land for the first time. There really is nothing else of this stature on the market in the Palmeraie.
With easy access and just 10 minutes from the city, it ticks a lot of boxes. It has superb mature palms, is flat and easy to develop and to landscape. It has fabulous views, taking in the heart of the Palmeraie and the High Atlas Mountains. It has the best possible zone offering you flexibility for your project.
If you are looking for that unique Palmeraie plot for your development – whether for your private residence or to build high end villas for sale – this is the one for you. Call me now on +212658025028 or mail colin@bosworthpropertymarrakech.com and I will take you for a private viewing. It’s an outstanding opportunity!",https://bosworth9149.eu1.qobrix.com/api/v2/files/download/media/public/huge/5ae6b21f-d1b2-4b11-8360-514336ef1817,20,Professionnel (Bosworth Property),2026-09-30
1307,bosworth,Tourist Complex For Sale Marrakech KM50,https://bosworthpropertymarrakech.com/property/tourist-complex-for-sale-marrakech-km50/1307/,Vente,Maison d'Hôtes,Marrakech,Route d'Amizmiz,,,,16,20,"Cheminée, Piscine, Terrasse panoramique, Titre Foncier","Tourist Complex For Sale Marrakech KM50. Authorised guesthouse. On 3 hectares of land with freehold title deed. Easy access on the main Amizmiz Road past the Lalla Takerkoust dam and lake. 16 en suite bedrooms. Superb swimming pool and pool bar. Restaurant. Great views of the High Atlas Mountains and the Agafay Desert. Set away from the main guesthouse is a great nightclub with bar. This is for the investor who wants an immediate and impressive cash return. The price is available via WhatsApp on +212658025028 or by mail to colin@bosworthpropertymarrakech.com – I look forward to hearing from you!

With easy access on the main Amizmiz Road, just 50km (30 miles) from Marrakech airport, this complex is being sold as a going concern. With two impressive bars, a nightclub and swimming pool the earning potential is massive.
The main guesthouse has 6 en suite bedrooms and two luxury tented suites. There are two sitting rooms, kitchens and a high terrace boasting wonderful views. There are fireplaces for the winter and airconditioning throughout for the summer.
The gardens are lovely, with lots of palms and olive trees. The attractive swimming pool with it’s poolhouse and bar, attracts people for the day pass offering.
The nightclub, set back from the main guesthouse, also has 8 en suite bedrooms and good terraces.
It’s pretty easy to see the earning potential of this complex. It is close to Marrakech city and even closer to the tourist area at Lalla Takerkoust, where you can go jetskiing. There are quads available and camel rides can be arranged.
It is available at a VERY good price. Further information is available via WhatsApp on +212658025028 or by mail at colin@bosworthpropertymarrakech.com – I look forward to hearing from you soon. Thank you!",https://bosworth9149.eu1.qobrix.com/api/v2/files/download/media/public/huge/8eb23538-34c5-484f-a9c7-363f4591a65b,12,Professionnel (Bosworth Property),2026-09-30
1330,bosworth,Fabulous Central Gueliz Apartment For Sale Marrakech,https://bosworthpropertymarrakech.com/property/fabulous-central-gueliz-apartment-for-sale-marrakech/1330/,Vente,Appartement,Marrakech,Gueliz,€225.000,2430000,99.0,2,2,"Accès voiture / Parking, Apartment Type: Standard Apartment, Floor Number: 1, Terrasse panoramique, Titre Foncier","Fabulous Central Gueliz Apartment For Sale Marrakech. Ideally located between the railway station and the Plaza mall in central Gueliz, downtown Marrakech, this 2 bedroom and 2 bathroom luxury first floor apartment has 99m2 footprint and it’s own underground parking space. Wonderful terrace area. Top quality throughout. 24 hour security. Elevator. Central AC. At just 260’000 euros it is perfect as your downtown pied-a-terre and would be a huge success on AirBnB. Call Pommelien on +212 6 61960119 or mail contact@bosworthpropertymarrakech.com to arrange a showing!

This appartment is ideally located in down town Gueliz. It’s a 3min walk to the train station and 1min to the wonderful Harti Park.  Some of Marrakech’s best restaurants, bars and boutiques are just around the corner. It’s a perfect pied a terre and would rent really well on AirBnB!
The appartment has a cozy living room with balcony. There is central AC throughout the entire space. The appartment is sold fully furnished and the design materials are top quality.
The kitchen is spacious and equiped with great appliances. It’s nice and airy, and connected to a lovely terrace. The terrace has an outdoor shower and lots of space to relax and entertain.
The appartment is Titled and located on the first floor. It has its own assigned underground parking space. The building is only 5 years old. It has 24/7 security and daily maintenance of the common spaces. Syndic fees are about €600 annually.
Call Abdulqadir at +212 662-622886 or send an inquiry at contact@bosworthpropertymarrakech.com.",https://bosworth9149.eu1.qobrix.com/api/v2/files/download/media/public/huge/f4f6b12f-c062-425c-8244-8d713fa4f05f,16,Professionnel (Bosworth Property),2026-09-30
1331,bosworth,Cute Casablanca Road Apartment For Sale Marrakech,https://bosworthpropertymarrakech.com/property/cute-casablanca-road-apartment-for-sale-marrakech/1331/,Vente,Appartement,Marrakech,Gueliz,€133.000,1436400,98.0,2,1,"Accès voiture / Parking, Cuisine équipée, Floor Number: 5, Terrasse panoramique","Cute Casablanca Road Apartment For Sale Marrakech. This lovely 98m2 apartment on the 5th floor of a brand new building has 2 comfortable bedrooms, a spacious salon, modern kitchen and spacious terrace. It also has it’s own underground parking space. Very well located just 5 minutes walk from the Marjane supermarket. Bright and in top condition. And only €133’000. That’s a great investment. WhatsApp us now on +212 6 5802 5028 or mail contact@bosworthpropertymarrakech.com to arrange a showing!

Located just off the Boulevard Abdelkrim Al Khattabi, this apartment is very accessible. 5min from Gueliz and 15min from the medina. The apartment is located on the 5th floor of a brand new building with elevator. It has a 98m² footprint and has an assigned underground parking space. There are about 30 apartments in the building.
The salon is spacious and bright. There is lots of natural light coming in from the large terrace. The apartment will be sold furnished with the exception of some personal items.
The kitchen is modern and fully equiped. It has direct access to a balcony which is very practical. There is nice flow of air in the appartment thanks to big windows on both sides.
There are two bedrooms and one comfortable bathroom. The master bedroom has nice built in closets and AC. More importantly, it has big sliding doors connecting direclty to the terrace.
The terrace is spacious and has a 25m² footprint and a fitted pergola. There are beautiful sunsets behind the hills that surround the North of Gueliz. There is lots of space for plants, a loung area and maybe even summer bar. It has great potential.
Call Abdulqadir at +212 662-622886 or send us an email at contact@bosworthpropertymarrakech.com.",https://bosworth9149.eu1.qobrix.com/api/v2/files/download/media/public/huge/de4c065b-f768-4f22-bafb-29879fd290b6,17,Professionnel (Bosworth Property),2026-09-30
1333,bosworth,Iconic Kasbah Douiria For Sale Marrakech,https://bosworthpropertymarrakech.com/property/iconic-kasbah-douiria-for-sale-marrakech/1333/,Vente,Douiria,Marrakech,Kasbah,€320.000,3456000,46.0,2,2,"Accès voiture / Parking, Bassin, Cheminée, Terrasse panoramique, Titre Foncier","Iconic Kasbah Douiria For Sale Marrakech. In a truly fabulous location at the foot of the Moulay Yazid Mosque in the royal Kasbah quarter. Car access to the door. 2 cute bedrooms and 2 bathrooms. Sitting room with fireplace. The kitchen has brand new appliances. Lovely sunny terraces, including a little plunge pool … and breathtaking views! This charming and unique property is perfect as your Marrakech pied-à-terre and would be a surefire success as a short term rental. Sold unfurnished. At just 320’000 euros it is stand out value. WhatsApp me now on +212 6 5802 5028 or mail contact@bosworthpropertymarrakech.com to arrange a showing. Don’t miss out! This will sell fast.

With car access to the door, yet quiet and peaceful, this Douiria is utterly charming. It has a freehold footprint of just 46m2, yet deploys as you go up the levels, offering over 160m2 of living space. The ground floor has the first bedroom with it’s little sitting room and bathroom.
The first floor has the second bedroom with it’s bathroom. The little kitchen has a new hob and fridge. There is a generous salon with it’s cosy fireplace for those chilly Marrakech evenings.
The sunny terrace boasts a truly amazing view ofés the Mosque minaret and the hustle and bustle below. Up here you will find a little tub for chilling in the sunshine. There is plenty of space to install a barbecue and sunbeds.",https://bosworth9149.eu1.qobrix.com/api/v2/files/download/media/public/huge/414b9da1-df6f-4195-a102-d88b0a04ecab,8,Professionnel (Bosworth Property),2026-09-30
1334,bosworth,Luxury Prestigia Villa For Sale Marrakech,https://bosworthpropertymarrakech.com/property/luxury-prestigia-villa-for-sale-marrakech/1334/,Vente,Villa,Marrakech,Marrakech,€1.650.000,17820000,700.0,5,6,"Accès voiture / Parking, Cheminée, House Type: Mansion Villa, Piscine","Luxury Prestigia Villa For Sale Marrakech. Wonderfully located in Argan Golf Resort and built on a generous 1200m2 plot, this luxury villa boasts 5 superb suites, vast reception areas and a beautiful garden with it’s Bali stone swimming pool. It has stunning views over the golf course and to the High Atlas mountains in the South. Perfect as your Marrakech residence. And of course this could rented out as luxury holiday accommodation too. With an asking price of 1.9m euros it is good value in a much sought after secure residence. WhatsApp +212 6 5802 5028 or mail contact@bosworthpropertymarrakech.com to arrange a private showing. We look forward to hearing from you!

Located in the beautiful Argan Golf resort, this contemporary is built on a substantial 1200m² plot. While 700m² of the land is under full ownership, an additional 500m² is offered under “jouissance.” This provides you the exclusive and long-term right of occupancy of the villa’s garden. There is an electric gate with a private parking spot as you enter the villa, as well as a seperate gate near the main door.
The living room is flooded with natural light thanks to the big windows. The floors are high quality marble, and there is a dark marble fireplace. The real eye catcher is the American walnut staircase, designed and custom made for the villa. The glass railings are 16mm thick, which makes them very safe and solid.
There is an Ixina kitchen, fully equiped with high quality appliances from Siemens. It is very functional and well designed with custom made cupboards. There is a door leading directly outside, perfect for staff and for when you are hosting events. There is a seperate guest toilet with double sinks. Even in this room, the finishes and materials are of high quality.
On the first floor, we have  a beautiful hall way with lots of natural light. There is a little bridge crossing offering views on the entry hall and living room. It’s a perect space to display beautiful artwork. There are 4 bedrooms on this floor, each with their own bath room. Each room has a 40m² footprint, except for the master bedroom which is the double the size. All rooms benefit from the central AC and custom made wooden built in closets.
The master bedroom is 80m², has its own marble fireplace and a generous dressing room. The bathroom has a double sized shower. It has a big balcony and magnificent unobstructed views on the High Atlas mountains and golf resort. Spectacular! The villa has a total 680m² habitable space and was built with double walls. This ensures great isolationa and energy suffiency.",https://bosworth9149.eu1.qobrix.com/api/v2/files/download/media/public/huge/188e2f6c-62cf-448e-88cf-8f398eff0746,38,Professionnel (Bosworth Property),2026-09-30
1335,bosworth,Truly Stunning Classic Riad For Sale Marrakech,https://bosworthpropertymarrakech.com/property/truly-stunning-classic-riad-for-sale-marrakech/1335/,Vente,Riad,Marrakech,Médina,€820.000,8856000,150.0,3,4,"Cheminée, Climatisation, Patio, Terrasse panoramique, Titre Foncier","Truly Stunning Classic Riad For Sale Marrakech. This quality of Riad comes rarely to the market. You will have to be decisive. Great location in Derb El Qadi, close to the Spice Market and all the attractions. Freehold title. In perfect condition and sold fully furnished, key in hand. 3 beautiful suites – including 2 on the first floor which are out of this world. A perfect marriage of historical authenticity and modern comfort. This is currently a family home and would also work as a high-end luxury exclusive rental. The patio is divine, with it luxuriant vegetation and big pool. The terraces are spectacular, affording views over the whole Medina and the High Atlas Mountains. At just 820’000 euros this is an investment that will earn capital growth and rental income, if desired. WhatsApp me now on +212 6 5802 5028 or mail contact@bosworthpropertymarrakech.com to arrange your private showing. This will go quickly. Don’t miss out!

This property is simply WOW. Top location. Top quality. Real history. Excellent condition. Beautifully furnished and ready to go. It is a classic four-sided Riad with a gorgeous patio courtyard boasting a classical bhou, a deep pool and effervescent vegetation. And rambling, romantic, sunny terraces affording views over the whole city.
The kitchen has all new appliances and gives onto a generous dining room. There is fibre optic WiFi. The property is fully air conditioned. And each room has a fireplace. There is fabulous natural light throughout and the atmosphere is opulent. A truly remarkable, statement Riad.",https://bosworth9149.eu1.qobrix.com/api/v2/files/download/media/public/huge/d4e56f6d-21a6-4e3b-9e13-7d2ae7b17039,16,Professionnel (Bosworth Property),2026-09-30
1337,bosworth,Dar El Bacha Renovation Riad For Sale Marrakech,https://bosworthpropertymarrakech.com/property/dar-el-bacha-renovation-riad-for-sale-marrakech/1337/,Vente,Riad,Marrakech,Dar El Bacha,€380.000,4104000,140.0,4,2,"Accès voiture / Parking, Patio, Terrasse panoramique","In a great Dar El Bacha location, this Riad has a generous 140m2 footprint, currently with Melkia status. You could renovate this and make it a guesthouse or a residence. Just €380`000. That's very good value for this location. WhatsApp me on +212658025028 or mail contact@bosworthpropertymarrakech.com to arrange a showing!

Tucked away in a peaceful street within the prestigious Dar El Bacha district, this traditional riad offers a fantastic opportunity to create something truly special. With its generous 140m2 footprint and Melkia status, it’s ideal for conversion into a charming guesthouse, a stylish residence, or even a boutique Airbnb riad.
Currently in need of renovation, the property boasts a classic layout with plenty of character waiting to be restored. On the ground floor, you’ll find a welcoming entrance leading into a covered patio courtyard - the heart of the home. Adjacent lies an open salon (Bhou), a large Moroccan-style salon, a kitchen, and an additional room currently used as a second salon.
Upstairs, the first floor features a spacious landing area, one bedroom, and a smaller adjacent room that could easily be converted into an en-suite bathroom. Opposite, there's a long 7-meter bedroom accompanied by a separate kitchen and bathroom - perfect for a large suite and a versatile room for your needs.
The top floor does not currently offer access to the terrace level, but you can imagine creating sun-drenched lounging and dining areas under the shaded pergola, or even adding extra living spaces in order to enjoy the panoramic views over the roofscapes of the Marrakech Medina.
Despite needing renovation, this riad is full of potential and offers a rare combination of size, prime location, and flexibility at just €380,000 - exceptional value in one of Marrakech’s most sought-after neighborhoods.
Just a short walk from the souks, restaurants, taxi and parking , yet tucked away on a quiet, authentic derb, this property promises both convenience and charm. Whether you're looking to build your dream home or invest in a high-yield rental property, this Dar El Bacha riad is not to be missed.
WhatsApp Colin on +212658025028 or email contact@bosworthpropertymarrakech.com to arrange a visit today!",https://bosworth9149.eu1.qobrix.com/api/v2/files/download/media/public/huge/2b97e7ce-a5b6-4dc8-9256-516c3f9c9fef,15,Professionnel (Bosworth Property),2026-09-30
1343,bosworth,Superb Riad For Sale In Riad Zeitoun,https://bosworthpropertymarrakech.com/property/superb-riad-for-sale-in-riad-zeitoun/1343/,Vente,Riad,Marrakech,Médina,€1.100.000,11880000,200.0,4,6,"Cuisine équipée, Patio, Piscine, Terrasse panoramique","This stunning Riad, just 200m from the legendary Jemaa El Fna square, yet in a quiet alley, is a modern design classic. Four luxury suites. Amazing patio courtyard. 2 kitchens. All modern conveniences. Fabulous terraces. The design is amazing. Authorised guesthouse being sold key in hand as seen. At just 1.1m euros this is a fabulous investment opportunity. Expect at least 10% ROI. Get it while you can. WhatsApp Colin on +212 6 5802 5028 or mail contact@bosworthpropertymarrakech.com to set up your private viewing. You will love this.

Very attractive riad for sale. Price 1,100,000 EUR. 6 living areas, 6 private bathrooms, 200 m². 4 rooms. Good condition. Swimming pool.
This riad is offered for sale in Riad Zitoun, Marrakech. Fitted kitchen. Balcony.
Nearby: retailers and department store in less than 50 meters, school and secondary school and pharmacy in 50 meters, cafes and restaurants in 100 meters, supermarket in 200 meters, bookshop in 300 meters, station and public transport in 450 meters, hospitals in 650 meters, taxi service in 1.6 kilometer.",https://bosworth9149.eu1.qobrix.com/api/v2/files/download/media/public/huge/99793182-b5c4-44c4-8081-854799bf891b,10,Professionnel (Bosworth Property),2026-09-30
1346,bosworth,Bargain Masmoudi Targa Villa For Sale Marrakech,https://bosworthpropertymarrakech.com/property/bargain-masmoudi-targa-villa-for-sale-marrakech/1346/,Vente,Villa,Marrakech,Targa,€480.000,5184000,387.0,6,4,"Air Condition, Cheminée, Construction Stage: Completed, Construction Year: 2003, Cuisine équipée, Fireplace, Floor Number: 3, Furnished: Optionally Furnished, Home Office, House Type: Mansion Villa, Piscine, Secure Door, Storage Space, Terrasse panoramique, Titre Foncier","387m2 freehold title in the best Targa location, just 10 minutes from downtown Marrakech. 6 bedrooms. A fabulous family home and/or rental investment. At just €480'000 it is low hanging fruit. WhatsApp me now on 00212 6 58025028 or mail contact@bosworthpropertymarrakech.com to arrange an immediate showing!

This charming and spacious family villa is located in the sought-after Targa Masmoudi neighbourhood - just 10 minutes from the vibrant centre of Gueliz and under 20 minutes from the historic heart of Marrakech, Jemaa El-Fnaa. With a built area of 387m2 across three levels, this home offers style, space, and real versatility.
As you step through the gate, you’re welcomed by a beautiful date palm from Errachidia, planted 22 years ago when the villa was built. It still bears fruit, adding a personal and authentic touch to the landscaped garden.
On the ground floor of the villa, a bright entryway leads into a generous double lounge, featuring a formal Moroccan salon ideal for entertaining guests and a cosy TV area with a working fireplace that opens directly onto the garden. There’s also a guest toilet and a well-sized bedroom with an en suite bathroom on this level. Throughout, the quality of the finishes and the warmth of the materials are evident, making the space feel both refined and inviting.
Upstairs, the first floor hosts four well-appointed bedrooms. These include a guest room with seating area, built-in storage and own bathroom. The second is a light-filled twin room with its own balcony and desktop space, a third room is currently used as a study. The bathroom in the hallway is shared by these two rooms. The standout is the spacious parental suite, complete with a private balcony, en suite with bathtub, and walk-in dressing area - offering a peaceful retreat within the home.
The rooftop terrace enjoys open views over the peaceful, well-kept neighbourhood. It’s already equipped with a solar panel, a satellite dish, and a laundry area, with plenty of space left to develop further outdoor amenities.
The basement level is a highlight in itself. It features a fully equipped kitchen, a dining area, a traditional Moroccan salon, a TV room, a bedroom, and a comfortable modern bathroom - making it a self-contained living unit with direct access to the garden and terrace. Whether used for guests, extended family, or as an independent rental, this level adds immense value and flexibility.
Built by the current owner - an engineer - this villa is solidly constructed with anti-seismic foundations and double walls for both thermal and acoustic insulation. It withstood the recent earthquake in Marrakech without any damage, a testament to its robust design and build quality.
While there is no pool currently, the garden allows for a private swimming pool to be added, allowing you to customise the outdoor space to your taste.
Offered unfurnished, with the option to purchase select furniture, this villa is ideal as a primary residence or a luxury Moroccan-style investment. With its six bedrooms, multiple living areas, garden space, and potential for income from the independent basement unit, it’s a rare opportunity in a prime residential location.
Offered at just €480,000, do not miss out on this elegant 6-Bedroom Villa in Targa Masmoudi. Contact Abdulqadir today on +212 6 62 62 28 86 to arrange your private viewing.",https://bosworth9149.eu1.qobrix.com/api/v2/files/download/media/public/huge/a78dbacc-35a5-44cc-9fee-63c81c7992fc,42,Professionnel (Bosworth Property),2026-09-30
1351,bosworth,Prime Plaza Office Space For Sale Marrakech,https://bosworthpropertymarrakech.com/property/prime-plaza-office-space-for-sale-marrakech/1351/,Vente,Riad,Marrakech,Gueliz,€470.000,5076000,186.0,,,"Accès voiture / Parking, Air Condition, Concierge Reception, Covered Parking: 1, Floor Number: 2, Titre Foncier","This 186m2 freehold office space is fabulously located in the Plaza development in central Gueliz, downtown Marrakech. It comes with a dedicated underground parking space. The building has a concierge service and modern lifts. In excellent condition throughout. At just 470'000 euros it is a fabulous investment. WhatsApp me now on +212 6 5802 5028 or mail contact@bosworthpropertymarrakech.com to arrange a visit!

If you're looking for a prestigious flagship office space in the top Marrakech location, this Prime Plaza Office Space For Sale Marrakech is the one for you. In a beautiful and well maintained building, with front desk, concierge and new lifts, it is ideal for your business. 186m2 of freehold title. The internal space is easily modifiable to suit your precise needs. It currently holds a reception area, conference room, three offices and the directors private office. As it is a corner property it is flooded with natural light. Top! WhatsApp me on +212 6 5802 5028 or mail contact@bosworthpropertymarrakech.com and we will arrange for you to visit.",https://bosworth9149.eu1.qobrix.com/api/v2/files/download/media/public/huge/35257db6-e286-4ff9-916d-87a1162c1cae,8,Professionnel (Bosworth Property),2026-09-30
1353,bosworth,Fabulous Central Medina Riad For Sale Marrakech,https://bosworthpropertymarrakech.com/property/fabulous-central-medina-riad-for-sale-marrakech/1353/,Vente,Riad,Marrakech,Ben Youssef,€450.000,4860000,89.0,4,5,"Accès voiture / Parking, Bassin, Cheminée, Climatisation, Cuisine équipée, Patio, Terrasse panoramique","What a beauty! Just 100m from the Ben Youssef Madrassa, the most visited Marrakech Medina attraction, this 4 en suite bedroom Riad is charming. It's brand new, melding the traditional with the modern. A generous 89m2 footprint over four levels gives an astonishing 300m2 of living space. The patio has a superb pool. The kitchen is brand new and opens onto the dining room and salon.  A second salon, with it's fireplace, can be found on the first floor, along with two en suites. The first terrace level harbours the other two en suites. And above it all, a high terrace with panoramic views to the Koutoubia and the High Atlas Mountains. Stunning.  At just E450K this is a stand out investment. Don't miss out! WhatsApp me now on +212658025028 or mail contact@bosworthpropertymarrakech.com to arrange a private showing!

With car access to the door and just 100m from the world famous Ben Youssef Madrassa, this charming Riad has everything. A gorgeous and bright patio courtyard with a lovely plunge pool. A modern fully equipped kitchen and bar. Dining room and sitting room. Visitors cloakroom. And four beautiful and light filled bedrooms, all air conditioned and with bathrooms. There are two terrace levels, the first with a shower and the second with stunning views all over Marrakech Medina and beyond.
Whether this is to be your holiday home in Marrakech, or as a rental investment, maybe a combination of both, it is a fabulous opportunity. This will sell fast. Be decisive! WhatsApp me now on +212 6 58025028 or mail contact@bosworthpropertymarrakech.com and we will arrange your private showing. Yes!",https://bosworth9149.eu1.qobrix.com/api/v2/files/download/media/public/huge/826392e5-7620-4d68-b18a-5304c80a7a66,14,Professionnel (Bosworth Property),2026-09-30
1355,bosworth,Charming Countryside Villa For Sale Marrakech,https://bosworthpropertymarrakech.com/property/charming-countryside-villa-for-sale-marrakech/1355/,Vente,Villa,Marrakech,Route de Fes,€629.000,6793200,904.0,4,5,"Accès voiture / Parking, House Type: Mansion Villa, Piscine, Titre Foncier","Charming Countryside Villa For Sale Marrakech. Set on 904m2 of freehold land, with definitive VNA. Very good location off the Fes Road just 15km from Marrakech city.  The villa is mostly finished. 4 beauitful suites, big kitchen and reception space. The mature garden holds a big swimming pool and a guardian's lodge. There is on site parking for five cars. It is very good value at just 629'000 euros. WhatsApp me now on +212 6 5802 5028 or mail contact@bosworthpropertymarrakech.com to view this superb opportunity.

Ideal as your country home and with huge potential as a rental investment, this villa is ideally located in Ben Sassi, just 15KM from Marrakech. It needs windows and doors to be fitted, as well as the kitchen and bathrooms - maybe another 60'000 euros to finish. It has definitive VNA, which is a major plus.
WhatsApp me now on+ 212 6 5802 5028 or mail contact@bosworthpropertymarrakech.com and we will arrange for you to visit this beautiful property.",https://bosworth9149.eu1.qobrix.com/api/v2/files/download/media/public/huge/b2b6035a-1fe8-44ee-b987-740138cf5b59,9,Professionnel (Bosworth Property),2026-09-30
1356,bosworth,Luxury Fes Road Villa For Sale Marrakech,https://bosworthpropertymarrakech.com/property/luxury-fes-road-villa-for-sale-marrakech/1356/,Vente,Villa,Marrakech,Route de Fes,€2.250.000,24300000,10000.0,8,10,"Accès voiture / Parking, House Type: Detached House, Jacuzzi, Piscine, Titre Foncier","Set on 1 hectare of prime freehold titled land at KM11 on the Fes Road. this luxury property features two excellent villas. The first has 5 suites and the second has 3, including a fully indpendent apartment. The mature gardens hold a good swimming pool, a spa with indoor pool, jacuzzi and sauna, and parking for eight vehicles. It is easily accessible, just 20 minutes drive from Marrakech Medina.

This is a dreamy property in a top location. It has brilliant flexibility through it's two villas, so could be both a home and a rental investment. There is abundant water from the well for irrigation and a vast photovoltaic array providing electricity during daylight hours. With an asking price of just 2.25m euros it is a stand out opportunity to acquire your Marrakech home in the countryside. Don't miss out! WhatsApp me now on +212 6 5802 5028 or mail contact@bosworthpropertymarrakech.com to arrange a private showing.",https://bosworth9149.eu1.qobrix.com/api/v2/files/download/media/public/huge/a511c1ad-af46-4188-a312-06ef0e0ae1b8,14,Professionnel (Bosworth Property),2026-09-30
1357,bosworth,Renovated Medina-Edge Home For Sale Marrakech,https://bosworthpropertymarrakech.com/property/renovated-medina-edge-home-for-sale-marrakech/1357/,Vente,Riad,Marrakech,Médina,€220.000,2376000,50.0,3,3,"Accès voiture / Parking, Terrasse panoramique","Enjoy a guided tour of this Renovated Medina-Edge Home For Sale Marrakech:

Just outside the old Medina walls, this beautifully renovated home offers stylish living in a quiet, historic setting. Gated community. Pool. Shops. Parking. Perfect investment.
When you enter this home, you can tell the design has been inspired by the historic Riads in Marrakech. There is a gorgeous skylight illuminating the entire property.
On the groundfloor, there is an open kitchen, a guest bathroom, a dining area and a spacious salon. The property has been entirely renovated a few years ago, including electricity and plumbing. It is also beautifully furnished and has lovely finishes with bejmat tiles and tadelakt walls.
There are three bright and spacious bedrooms spread over the three levels of the home. Each room has its private bathroom, AC and plenty of storage space. It makes a perfect investment for short term rentals, and it's currently doing very well with great occupancy rates.
In addition, there are two terrace levels perfect for relaxing and watching the beautiufl sunsets. You could add more plants and a lounge set or even a little summer bar.
It is ideally located in Al Qariya As siyahiya, just a short 5min from the medina. The residence has a great communal pool, little cafes, 24/7 security and parking. Perfect for short term rental or as your pied a tierre in Marrakech.
This is just a perfect investment. Call us at +212 658-025028 now or
email to arrange your visit.",https://bosworth9149.eu1.qobrix.com/api/v2/files/download/media/public/huge/2040413e-c927-475a-8358-b6a9fe1ccdd0,5,Professionnel (Bosworth Property),2026-09-30
1371,bosworth,Super Cute Kasbah Renovation Riad For Sale Marrakech,https://bosworthpropertymarrakech.com/property/super-cute-kasbah-renovation-riad-for-sale-marrakech/1371/,Vente,Riad,Marrakech,Kasbah,€380.000,4104000,150.0,5,5,Patio,"Super Cute Kasbah Renovation Riad For Sale Marrakech. Excellently located in the Royal Kasbah district of Marrakech Medina, this charming little Riad has a footprint of 149m2, plenty for you to make into your Marrakech home or as a guesthouse. Currently, the first floor is only partially developped. With an asking price of just 380'000 euros this could be the ideal project for you. WhatsApp me now on +212 6 5802 5028 or mail contact@bosworthpropertymarrakech.com to arrange a private showing!

Nestled at the end of a quiet alleyway, yet close to all the Kasbah attractions, this Riad to Renovate is a blank canvas offering endless possibilities. There is currently a lovely patio courtyard with mature trees. This property requires substantial renovation yet it has size - nearly 150m2 footprint. It is super well located and it has charm. With an asking price of only 380'000 euros it represents excellent value. WhatsApp me now on +212 6 5802 5028 or mail contact@bosworthpropertymarrakech.com to arrange your showing. We look forward to hearing from you!",https://bosworth9149.eu1.qobrix.com/api/v2/files/download/media/public/huge/85394a11-75fb-47c8-bbfb-8f076a0fe174,11,Professionnel (Bosworth Property),2026-09-30
1372,bosworth,Sea View Hotel For Sale Essaouira Sidi Kaouki,https://bosworthpropertymarrakech.com/property/sea-view-hotel-for-sale-essaouira-sidi-kaouki/1372/,Vente,Maison d'Hôtes,Essaouira,Essaouira,€900.000,9720000,700.0,8,7,"Cheminée, Floor Number: 3, Furnished: Fully Furnished, Hammam, Terrasse panoramique, Titre Foncier","Enjoy a guided tour of this Sea View Hotel For Sale Essaouira Sidi Kaouki below:

Sea View Hotel For Sale Essaouira Sidi Kaouki. An amazing hotel residence, right by the beach in Sidi Kaouki, a fabulous beach town just south of Essaouira. 7 excellent appartements, giving 9 rooms. 700m2 freehold title footprint. A successful going concern. The location is absolutely fabulous. All is in great condition and is being sold as a going concern at just 900’000 euros. Get it while you can!
Ideally located 20 minutes from Essaouira, this is surfers paradise. The Hotel Residence has been built with beautiful stones and has views on the ocean from the terrace.
On the groundfloor, there is a reception, kitchen, bathroom and a wonderful living room which is also used as a dining area. It has a lovely fireplace and direct access to the outdoor terrace.
Outside, we have an amazing pool, a little bar and BBQ area and it's calm and peaceful. There is a 9m deep water well and large technical area for staff members.
There are three apartments on the ground floor and four apartments on the first floor. Each apartment has a large living room, kitchen and a comfortable bedroom and bathroom. We find lovely local materials throughout the property: tadelakt on the walls, bejmat floors and stone walls.
The Hotel is sold fully furnished and offers the perfect space for a yoga, surf or wellness retreat. The terrace has an amazing large room to host yoga classes, seminars, and more. This property has so much potential!
In addition, there is a large basement which you could transform into a luxury spa and hammam. The opportunities are endless !
If you are looking for an amazing investment on the Moroccan coast, 15min from the Essaouira airport, this is it!
Call us now +212 658-025028.",https://bosworth9149.eu1.qobrix.com/api/v2/files/download/media/public/huge/0c3a165d-afbb-4e61-8da8-0511c9a4986b,19,Professionnel (Bosworth Property),2026-09-30
1373,bosworth,Fabulous 10 Room Guesthouse Riad For Sale Marrakech,https://bosworthpropertymarrakech.com/property/fabulous-10-room-guesthouse-riad-for-sale-marrakech/1373/,Vente,Maison d'Hôtes,Marrakech,Berimma,€975.000,10530000,150.0,10,12,"Accès voiture / Parking, Hammam, Terrasse panoramique","With car parking right at the door. this admirably located 10 room Guesthouse Riad is fully authorised and operational. It has a full spa, with hammam and 2 massage rooms. Wide terraces with excellent views. Everything is in excellent condition. Being sold in key in hand for just 975'000 euros. That is fabulous value. WhatsApp me now on + 212 6 5802 5028 or mail contact@bosworthpropertymarrakech.com to arrange a showing!

Recently built and in top condition throughout, this charming authentic Riad Guesthouse is excellently located in the Berimma district of Marrakech Medina, just across the road from the Royal Palace. With 10 comfortable and spacious en suite bedrooms, a full spa and a professional kitchen, it provides handsome and immediate returns. If you are looking to invest in a successful Riad business for les than 1m euros, then this is the one for you! WhatsApp me now on +212 6 5802 5028 or fill in the contact form to arrange your private showing. You will love it!",https://bosworth9149.eu1.qobrix.com/api/v2/files/download/media/public/huge/d855f2af-29cd-4b40-84b2-30d7da915fef,16,Professionnel (Bosworth Property),2026-09-30
1374,bosworth,Superb Design Riad For Sale Marrakech,https://bosworthpropertymarrakech.com/property/superb-design-riad-for-sale-marrakech/1374/,Vente,Riad,Marrakech,Médina,€600.000,6480000,127.0,3,4,"Cuisine équipée, Hammam, Terrasse panoramique, Titre Foncier","With just three beautiful en suite bedrooms and a genrous footprint of 127m2, this luxury Riad boasts elegance, superb interior design and a top location. In top condition throughout and fully titled. There are magnificent views from the terraces, taking in the Royal Palace, the High Atlas Mountains, Koutoubia Mosque and all the Medina. Stand out value at just 600'000 euros! WhatsApp me now on +212 6 5802 5028 or fill in the contact form on this page to arrange your private showing.

This superb Riad melds the old with the new. There are some excellent historical features, including old beans and Zouack hand painted ceilings. And there is an incredible modern kitchen to the highest specs. There is space and comfort in this elegant family property. Being sold fully furnished. There are 2 terrace levels and there is a cute hammam on the first one. The high terrace offers 360 degree views - quite remarkable. This is perfect as your Medina pied-à-terre, and of course it would do really well as a short term rental investment. Don't miss out! WhatsApp me now on +212 6 5802 5028 or fill in the contact form on this page. Let's go and see it!",https://bosworth9149.eu1.qobrix.com/api/v2/files/download/media/public/huge/c59f1e0e-70aa-4be0-89e8-8511ef57d18e,14,Professionnel (Bosworth Property),2026-09-30
1375,bosworth,Gorgeous Melkia Douiria For Sale Marrakech,https://bosworthpropertymarrakech.com/property/gorgeous-melkia-douiria-for-sale-marrakech/1375/,Vente,Douiria,Marrakech,Bab Taghzout,€275.000,2970000,136.0,2,2,"Bassin, Cheminée, Cuisine équipée, Terrasse panoramique","Well located close to the Bab Taghzout district of the old Medina, this charming little Douiria has two bedrooms, a modern fitted kitchen, an elegant sitting room and excellent terraces. There is even a plunge pool on the roof! It is perfect as a pied-à-terre in the heart of the Medina. And it is already a successful short term rental property. There is some superb internal design - notice the funky fireplace in the salon. And with excellent views of the roofscape it is very good value. With an asking price of 275'000 euros (and maybe some wiggle room) this could pay for tiself in just 3 years. WhatsApp me now on +212 6 5802 5028 or fill in the contact form on this page to arrange a showing. Don't let this one get away!

With taxi access to within 30m of the door, this newly renovated Douiria is a perfect buy to rent opportunity. Clean Melkia with just two owners. There are some wonderful design elements - the rooftop pool, the cosy salon, the bedrooms with their original deco. Sold key in hand, fully furnished. Whilst the fottprint is small at just 16m2, the property deploys outwards as you go up the floors. The second floor and terrace are both about 60m2 each. If you're looking for an immediate return on investment, you've come to the right place! WhatsApp me now on +212 6 5802 5028 or use the contact form on this page for a quick reply and the chance to arrange your private showing. Get it while you can!",https://bosworth9149.eu1.qobrix.com/api/v2/files/download/media/public/huge/b77168c8-d24c-4fab-9f4b-4a636fd117d8,11,Professionnel (Bosworth Property),2026-09-30
1380,bosworth,Massive Potential Titled Renovation Riad For Sale Marrakech,https://bosworthpropertymarrakech.com/property/massive-potential-titled-renovation-riad-for-sale-marrakech/1380/,Vente,Riad,Marrakech,Médina,€465.000,5022000,168.0,5,6,"Patio, Titre Foncier","168m2 freehold title right next to the famous Dar Zellige in the happening Sidi Ben Slimane district of Marrakech Medina. This renovation project is stunning value and has everything you need to create your home from home or to develop a Riad Guesthouse. Four sided Riad offering a vast and bright courtyard. Excellent value at just465'000 euros. WhatsApp me now on +212 6 5802 5028 or mail contact@bosworthpropertymarrakech.com to arrange your private showing. Get it while you can!

Exclusive! Right next to Dar Zellige and just 50m from the outrageously beautiful Riad Dyor, this amazing 168m2 freehold property to renovate is destined for great things. Offering at least 5 en suite bedrooms. Bright and spacious patio courtyard that would take a great pool and trees. Zenitude guaranteed. At only 465'000 euros it is a bargain. WhatsApp me now on +212 6 5802 5028 or use the contact form on this page to arrange your private showing. It all makes sense!",https://bosworth9149.eu1.qobrix.com/api/v2/files/download/media/public/huge/b714edf5-7c3c-4e01-aa05-9e99374583e8,10,Professionnel (Bosworth Property),2026-09-30
1387,bosworth,Zitoun Renovation Riad For Sale Marrakech,https://bosworthpropertymarrakech.com/property/zitoun-renovation-riad-for-sale-marrakech/1387/,Vente,Riad,Marrakech,Bahia,€460.000,4968000,170.0,5,,"Bassin, Terrasse panoramique, Titre Foncier","In the perfect location just 50m from the Dar Si Said Museum, and just 5 minutes walk to the Bahia Palace and the iconic Jemaa El Fna square, this impressive property boasts a 170m2 freehold footprint. It has a restaurant licence. For me it's a perfect doer-upper for your home from home or your guesthouse project. At just 460'000 euros it is a stand-out deal. WhatsApp me now on +212 6 5802 5028 or fill in the contact form on this page to arrange your private viewing. Don't miss out on this one!

Nestled at the end of a quiet alleyway with no through traffic, yet SO accessible in Riad Zitoun Jdid, this is a real beauty. Until recently this was a successful restaurant. It could, of course, continue to be a restaurant - it has a great rooftop. For me, its destiny is more a private home. You could have four or five superb suites in this property. It has space and light. Superb views from the terraces. Imagine your Riad with a plunge pool and palm fronds blowing in the cooling breeze. At just 460'000 euros this is a stand out deal in this top Medina location. WhatsApp me now on +212 6 5802 5028 or mail contact@bosworthpropertymarrakech to arrange your private showing. You will love it!",https://bosworth9149.eu1.qobrix.com/api/v2/files/download/media/public/huge/e2f573fe-1d0c-4ffb-9fb8-3f8a1a918318,10,Professionnel (Bosworth Property),2026-09-30
1389,bosworth,Stunning Traditional Riad For Sale Marrakech,https://bosworthpropertymarrakech.com/property/stunning-traditional-riad-for-sale-marrakech/1389/,Vente,Riad,Marrakech,Bab Aylan,€600.000,6480000,150.0,4,6,"Hammam, Patio, Terrasse panoramique, Titre Foncier","With a generous 150m2 freehold title footprint, and 4 beautiful en suite bedrooms, hammam, pool and sunny terraces, this amazing Riad could be your Marrakech Medina home from home and is currently active as a short term rental property. It is in excellent condition throughout. Well located just off the street markets in the exciting Bab Aylen district, it has everything you have been looking for - great architecture, quality finishings, size and location. At just 600'000 euros it is stand-out value. WhatsApp me now on +212 6 5802 5028 or fill in the contact form on this page to arrange a private showing of this remarkable Riad. Don't let this one get away!

In a quiet alleyway just 30m from the bustling street markets of the thriving Bab Aylen district, this beautiful Riad boasts 4 gorgeous en suite bedrooms. The architecture is sublime. The property is spacious, with a superb patio courtyard and pool. There is a hammam all in tadelakt. And a second little pool on the sunny terrace. Currently operating as a short term rental property it would also be perfect as your home from home in sunny Marrakech Medina. This quality of Riad is now extremely rare. Don't miss out. WhatsApp me now on +212 6 5802 5028 or fill in the contact form to arrange your visit to this Stunning Traditional Riad For Sale Marrakech. We look forward to hearing from you!",https://bosworth9149.eu1.qobrix.com/api/v2/files/download/media/public/huge/60876ac4-dd98-4596-b45d-339b6ad5e7cb,14,Professionnel (Bosworth Property),2026-09-30
1390,bosworth,Outstanding Amelkis Golf Front Villa For Sale Marrakech,https://bosworthpropertymarrakech.com/property/outstanding-amelkis-golf-front-villa-for-sale-marrakech/1390/,Vente,Villa,Marrakech,Amelkis,,,1380.0,5,7,"Covered Parking: 2, Furnished: Fully Furnished, Hammam, House Type: Mansion Villa, Kitchen Type: Separated, Maids Room, Piscine, Private Swimming Pool, Smart Home","A stunning luxury villa in the best possible Amelkis location, just 15 minutes from downtown Marrakech. Top quality throughout. Spacious suites. Gorgeous gardens with swimming pool and full golf course views. Home cinema. Full gym. Full spa with hammam and masaage room. Staff quarters. Car port. Just astounding. One of the best villas currently on the Marrakech market. WhatsApp me now on +212 6 5802 5028 or fill in the contact form on this page for all information.

If you're looking for a statement villa, either as your home or as a top-end luxury rental investment, this is the one for you. Right on the golf course in the exceptional Amelkis 3 development, with 24/7 security and just a short drive to Marrakech Medina, this property is stunning. Fabulous architecture, top quality fittings and finishings throughout. It has a great vibe and is a stand out opportunity. WhatsApp me now on +212 6 5802 5028 or fill in the contact form on this page for the price. Yes!",https://bosworth9149.eu1.qobrix.com/api/v2/files/download/media/public/huge/5392685a-bfe7-4fab-ac0a-0440ca85e308,22,Professionnel (Bosworth Property),2026-09-30
1392,bosworth,Ourika Valley Guesthouse Villa For Sale Marrakech,https://bosworthpropertymarrakech.com/property/ourika-valley-guesthouse-villa-for-sale-marrakech/1392/,Vente,Maison d'Hôtes,Marrakech,Route de l'Ourika,€350.000,3780000,900.0,10,12,"Air Condition, Fireplace, House Type: Mansion Villa, Mountain View, Private Swimming Pool, Terrasse panoramique, Titre Foncier","Just one hour's easy drive from Marrakech airport, this 900m2 freehold property, with guesthouse licence,  boasts 10 bedrooms including 2 massive suites. Gardens, pool, fabulous terraces. WOW! No AVNA so only available to Moroccans/Tunisians/Senegalese. A truly outrageous opportunity at less than 350'000 Euros. Don't miss out. WhatsApp me now on +212 6 5802 5028 or use the contact form on this page to arrange your private showing!

Without AVNA, this is nonetheless an amazing opportunity. A 10 room authorised guesthouse at the entrance to the Ourika Valley! Excellent views. This has massive potential - imagine what business you could do here! It's certainly worth your while taking a look. You will love it! WhatsApp me now on +212 6 5802 5028 or use the contact form on this page to set up your private showing. MRE? Don't miss this one!",https://bosworth9149.eu1.qobrix.com/api/v2/files/download/media/public/huge/a5c7f2c9-1775-483e-bdb8-3fbc59e64a86,13,Professionnel (Bosworth Property),2026-09-30
1401,bosworth,Superb Gueliz Investment Apartment For Sale Marrakech,https://bosworthpropertymarrakech.com/property/superb-gueliz-investment-apartment-for-sale-marrakech/1401/,Vente,Appartement,Marrakech,Gueliz,€170.000,1836000,86.0,2,1,"Accès voiture / Parking, Cuisine équipée, Elevator, Titre Foncier","In a fabulous location next to the Catholic Church in Central gueliz, this 86m2 freehold apartment has two bedrooms, spacious sitting room, dining room, modern kitchen and excellent bathroom. It is in a very good residence with 24/7 security and parking at the door. Perfect as your pied-a-terre. And a fabulous investment for short term rental. Exclusive with us at only €170'000. Get it while you can! WhatsApp 00212 6 58025028 or mail contact@bosworthpropertymarrakech.com

This is a great investment property in the very heart of Gueliz, Marrakech new town. Ideally located close to the church and surrounded by restaurants and shops, this 2 bedroom apartment, in a new building and with 24/7 security is low hanging fruit as a high yield short term rental purchase. At the excellent price of just 170'000 euros it guarantees that you can hit the ground running for immediate returns. It would also make an excellent holiday apartment for you and your family! WhatsApp me now on +212 6 5802 5028 or fill in the contact form on this page to arrange your showing. We look forward to hearing from you!",https://bosworth9149.eu1.qobrix.com/api/v2/files/download/media/public/huge/815bb75f-30d9-44c8-9d42-ced5abc2de9d,8,Professionnel (Bosworth Property),2026-09-30
1404,bosworth,Wonderful Sidi Mimoun Riad For Sale Marrakech,https://bosworthpropertymarrakech.com/property/wonderful-sidi-mimoun-riad-for-sale-marrakech/1404/,Vente,Riad,Marrakech,Sidi Mimoun,€530.000,5724000,123.0,5,3,"Bassin, Construction Type: Concrete, Cuisine équipée, Patio, Terrasse panoramique, Titre Foncier","Freehold title footprint of 123m2 in possibly the most perfect Medina location. Sweeping views of the Koutoubia Mosque. Currently five bedrooms and you might want to add bathrooms. In excellent condition and a bargain at just 530'000 euros. Call Abdulgadir now on +212 662622886 or mail contact@bosworthpropertymarrakech.com to arrange a showing. Don't miss out!

Built in 2016 by a German-Moroccan family, this riad is distinguished by its modern, durable construction and strong foundations, a rare advantage in the Medina. With a 123m² freehold footprint and a little more than 400m² of living space, the property combines traditional Moroccan style with the confidence of recent, high-quality workmanship.
Nestled in the highly-sought after district of Sidi Mimoun, directly beside the Royal Palace gardens and the world-famous Mamounia Hotel, this residence offers both comfort and investment potential. Priced at €530,000, it is perfectly suited as a family retreat, a chic pied-à-terre, or a lucrative short-term rental property.
A gracious entrance welcomes you into a spacious hallway, setting the tone of quality and elegance. The design ensures an immediate sense of openness and flow towards the central patio.
At the heart of the home is a bright, airy patio. By opening the roof, even more natural light and serenity could flow into the riad, enhancing this central space as a calming focal point that seamlessly connects every part of the house.
The salon is massive and is enhanced by decorative ceilings and traditional detailing. Spacious yet intimate, it is ideal for both family living and entertaining, capturing the essence of Moroccan hospitality.
The property features a modern, fully equipped kitchen, built to international standards. Its layout and finishes combine practicality with style, making it suitable for daily use or catering to guests.
Currently arranged with five comfortable bedrooms (including one main bedroom with its own large ensuite), the riad provides flexibility to meet different needs. There is scope to reconfigure and create additional bathrooms, making it highly suitable for a family residence or an Airbnb-style Riad.
The roof terrace is the jewel of this property, offering panoramic views of the Koutoubia Mosque, the Mamounia gardens, and the Atlas Mountains. With ample space for shaded pergola lounges, an outdoor dining area, or even a plunge pool, the terrace holds exceptional potential for transformation into a breathtaking rooftop retreat.
This riad offers exceptional versatility. As a family home, it is spacious, comfortable, and located in one of the most secure and desirable quarters of the Medina.
As a pied-à-terre, it provides a stylish retreat in the heart of Marrakech, with direct access to cultural landmarks and world-class hospitality.
As an investment property, it is perfectly suited for the short-term rental market, with an enviable location and rooftop views that will captivate visitors if transformed appropriately.
The Sidi Mimoun district is one of Marrakech’s most sought-after addresses. It's a quiet, secure and privileged area of the Medina. Tucked away, this private residence combines peace, security, and exclusivity with unbeatable proximity to Jemaa El Fna, and the vibrant souks. It is a location prized by both residents and investors seeking long-term value.
This property is a rare opportunity to secure a modern, structurally sound riad in an unbeatable Medina location. Whether you wish to enjoy it as a permanent home or transform it into a high-yield rental investment, the potential is limitless. Contact Abdulqadir today at +212 6 62 62 28 86 or email us at contact@bosworthpropertymarrakech.com.",https://bosworth9149.eu1.qobrix.com/api/v2/files/download/media/public/huge/b0939175-4c5c-4f85-bde9-f6ff96565387,15,Professionnel (Bosworth Property),2026-09-30
1408,bosworth,Cosy Medina Riad For Sale Marrakech,https://bosworthpropertymarrakech.com/property/cosy-medina-riad-for-sale-marrakech/1408/,Vente,Riad,Marrakech,Kaat Benahid,€290.000,3132000,48.0,1,2,"Air Condition, Fireplace, Furnished: Fully Furnished, Terrasse panoramique","A fabulous little Riad in a great central Medina location. Right next to the famous Dar K Riad and just 2 minutes walk to the Madrassa and the bustling soukd, yet quiet and calm. Just perfect as your home from home and a superb buy to rent investment. This Riad has been beautifully restored in the classical fashion. It is bright and cosy and comfortable. The country style kitchen is super cute. The bedroom is charming and the bathroom is stunning. The sunny terrace is discreet and comfortable. This little beauty is very affordable at just 290'000 euros, so don't miss out! WhatsApp me now on +212 6 58025028 or use the contact form on this page to arrange your private viewing.

In a quiet alleyway with no through traffic, yet right in the heart of Marrakech Medina, this beautiful property is calling your name. Perfectly restored and in excellent condition throughout, it offers romance, serenity and elegance. It is perfect as a little home from home and could be combined with short term rental to more than pay it's way. These beauties are now vanishingly rare. Contact me via WhatsApp now on +212 6 58025028 or mail contact@bosworthpropertymarrakech.com and we will take you to see it.",https://bosworth9149.eu1.qobrix.com/api/v2/files/download/media/public/huge/14be9229-fc76-483a-8c06-1110d647101b,15,Professionnel (Bosworth Property),2026-09-30
1412,bosworth,Seven Ensuite Bab Aylen Guesthouse Riad For Sale Marrakech,https://bosworthpropertymarrakech.com/property/seven-ensuite-bab-aylen-guesthouse-riad-for-sale-marrakech/1412/,Vente,Maison d'Hôtes,Marrakech,Bab Aylan,€950.000,10260000,149.0,7,9,"Bassin, Patio, Terrasse panoramique","In an accessible and calm location, just off the bustling street markets of the wonderful and authentic Bab Aylen high street, this seven bedroom authorised Guesthouse is low hanging fruit. Spectacular architecture, top quality facilities, including a full Spa. The patio courtyard boasts a superb plunge pool. The terraces offer spectacular 360 degree views, taking in the full High Atlas range to the south. A superb investment opportunity at just 950'000 euros. Get it while you can! WhatsApp me now on +212 6 5802 5028 or mail contact@bosworthpropertymarrakech.com to arrange your private showing. You will love it!

This is an exceptional opportunity to acquire a successful, key-in-hand boutique hotel in one of the last traditional quarters of Marrakech Medina. There is a fabulous, bustling vibe in this accessible and beautiful part of the old city. Taxi drop off is just 150m from the door. It has everything a quality guesthouse should have - charm, location, amenities (including fiber optic WiFi), full spa, pool ... wow! This is the prefect place to hit the ground running. WhatsApp me now on +212658025028 or fill in the contact form on this page to arrange your private showing. This will go fast, so go for it!",https://bosworth9149.eu1.qobrix.com/api/v2/files/download/media/public/huge/045f7f34-8abc-4022-99f6-e05ff3313eed,12,Professionnel (Bosworth Property),2026-09-30
1413,bosworth,Assouel Concept Riad For Sale Marrakech,https://bosworthpropertymarrakech.com/property/assouel-concept-riad-for-sale-marrakech/1413/,Vente,Riad,Marrakech,Assouel,€380.000,4104000,201.0,8,8,"Accès voiture / Parking, Terrasse panoramique, Titre Foncier","With a fabulous 201m2 freehold title footprint, and incorporating 4 shops, 4 apartments and high terraces, this is an amazing opportunity to develop a restaurant/fashion/concept store in a very accessible and tourist friendly Medina location. The main shop on the ground floor is vast - about 150m2 and has a 45m2 cellar as a bonus. The buildings have ground, first, second floors AND high terraces - all with car to the door. If you're looking to develop a concept in Marrakech Medina then this has to be the one for you. WhatsApp me now on +212 6 5802 5028 or mail contact@bosworthpropertymarrakech.com to arrange a showing. This will go quickly!

A spectacular opportunity in the heart of Marrakech Medina! It's so very rare to discover this quality of freehold property at this price. And the potential is truly exciting. Massive frontage onto the main road with plenty of tourist footfall. Car access to the door. Ground floor plus two storeys, a little cellar, possibility to create a stunning rooftop. Wow! At 350'000 euros this is a stand out deal. WhatsApp me now on +212 6 58025028 or use the contact form on this page to request your private showing. Yes!",https://bosworth9149.eu1.qobrix.com/api/v2/files/download/media/public/huge/f2ac6fea-368b-4a98-811d-d2b9b28d2716,10,Professionnel (Bosworth Property),2026-09-30
1415,bosworth,Two Central Gueliz Apartments For Sale Marrakech,https://bosworthpropertymarrakech.com/property/two-central-gueliz-apartments-for-sale-marrakech/1415/,Vente,Appartement,Marrakech,Gueliz,€320.000,3456000,159.0,4,2,"Apartment Type: Penthouse, Cuisine équipée, Furnished: Partially Furnished","In a fabulous downtown Marrakech location, just 3 minutes walk from the Carre Eden shopping mall, these two independent apartments are pure AirBnB gold. They are both about 80m2, being sold together as one title deed. Fifth floor of a good building surrounded by boutiques, shops and restaurants. Absolutely top. Each apartment, directling neighbouring each other, has two bedrooms, modern kitchen, aircon throughout. Being sold together at just 320'000 euros, this is a stand out investment opporunity. Don't miss out! WhatsApp me now on +212 6 58025028 or mail contact@bosworthpropertymarrakech.com to arrange your private showing.

These are brand new. As you can see in the video, a few finishing touches will be applied - fridges, mattresses etc. You can take these on, do your own deco and raise the value significantly. These will absolutely fly on the short term rental market - location, quality, size. They have what it takes. If you're looking for buy to rent property in downtown Marrakech then these have to interest you. WhatsApp me now on +212 6 5802 5028 or use the contact form on this page to arrange your private showing. Now is the time!",https://bosworth9149.eu1.qobrix.com/api/v2/files/download/media/public/huge/26f91c43-f8e6-495f-be1a-5e6a0c0ad95a,10,Professionnel (Bosworth Property),2026-09-30
1416,bosworth,Amazing Luxury Mouassine Riad For Sale Marrakech,https://bosworthpropertymarrakech.com/property/amazing-luxury-mouassine-riad-for-sale-marrakech/1416/,Vente,Riad,Marrakech,Mouassine,€1.200.000,12960000,140.0,5,7,Terrasse panoramique,"In an absolutely fabulous Derb Snane location in Mouassine, just 5 minutes easy walk to Jemaa El Fna square and yet quiet and secluded, this Amazing Luxury Mouassine Riad For Sale Marrakech ticks all the boxes. Two big pools. 5 gorgeous suites. Two kitchens. Fabulous views from the terraces. Wow. Being sold key in hand. If you're looking to purchase a Riad in a top location, in top condition and beautifully appointed, then this is the one for you. At 1.2m euros you would expect an ROI of circa 15% on your investment. WhatsApp me now on +212 6 5802 5028 or mail contact@bosworthpropertymarrakech.com to arrange a private showing. This will go fast!

This is exceptional. A fabulous Mouassine location and a fabulous Riad. Two fabulous pools. Two wonderful kitchens. Everything is top of the range and key in hand. 5 wonderful bedrooms. Excellent public spaces. This is short term rental heaven, just ready for you to earn from the first day. WhatsApp me now on +212 6 5802 5028 or use the contact form on this page to arrange your private showing. You will love this!",https://bosworth9149.eu1.qobrix.com/api/v2/files/download/media/public/huge/74c5a842-24a4-4961-982f-f5d440ad4206,15,Professionnel (Bosworth Property),2026-09-30
1417,bosworth,Stand Out Luxury Amelkis Villa For Sale Marrakech,https://bosworthpropertymarrakech.com/property/stand-out-luxury-amelkis-villa-for-sale-marrakech/1417/,Vente,Villa,Marrakech,Amelkis,€2.400.000,25920000,1320.0,5,8,"Covered Area: 1,320m², Furnished: Fully Furnished, House Type: Mansion Villa, Piscine, Titre Foncier, Uncovered Area: 1,320m²","In the best Amelkis 3 location. front of golf and with fabulous views. this Luxury Villa was designed by a top architect and built by master craftsmen. It is superb - from the brickwork facades to the solid wood doors, amazing attention has been paid to detail. WIth a generous 1320m2 freehold plot and sweeping vistas over the golf course, it is one of the finest Amelkis properties to hit the market. 5 beauitful suites. Vast reception areas. Staff quarters. Big swimming pool. It has everything. At just 2.4m euros it is exceptional value in this muh sought-after secure residence. Don't hesitate. WhatsApp me now on +212 6 5802 5028 or mail contact@bosworthpropertymarrakech.com to arrange your private showing!

This is a superlative property in a prime Amelkis location. The wonderful garden and swimming pool give directly onto the fairway of the golf course. The architecture is sublime, with some top notch finishings. Notice the curved glass bay windows. Natural stone everywhere. Everything is new, including the plumbing, electrics, kitchen ... simply superb. At just 2.4m euros this is excellent value in Amelkis. WhatsApp me now on +212 6 5802 5028 or use the contact form on this page to arrange your personal showing of this exceptional opportunity.",https://bosworth9149.eu1.qobrix.com/api/v2/files/download/media/public/huge/8dbfdde7-01d9-4374-84fb-93622f7de450,13,Professionnel (Bosworth Property),2026-09-30
1421,bosworth,Superb Rental Investment Riad For Sale Marrakech,https://bosworthpropertymarrakech.com/property/superb-rental-investment-riad-for-sale-marrakech/1421/,Vente,Riad,Marrakech,Ben Youssef,€375.000,4050000,63.0,3,4,"Cuisine équipée, Jacuzzi, Terrasse panoramique, Titre Foncier","In the rapidly improving and up and coming Mokeff district of Marrakech Medina, this super cute 3 en suite Riad is being sold key in hand. A cosy 63m2 freehold title footprint and ground floor plus two levels AND a high terrace, giving over 200m2 of living space. This Riad is currently super busy on AirBnB and earning a good income. Notice the minimalist design, the ground floor jacuzzi, the modern kitchen. With a secure carpark just 120m away and taxi drop off just 75m away, this Riad is very accessible. Close to the Photography Museum, the Ben Youssef Madrassa and all the attractions, it is a fabulous deal at just 375'000 euros. Perfect as your pied-à-terre and a high earner when you're not using it. WhatsApp me now on +212 6 5802 5028 or use the contact form on this page to arrange your private showing. I expect this to go quickly, so don't miss out!

Very well located in a quiet alley just off the Mokeff market, with it's hustle and bustle, this is a very attractive property indeed. Accessible. In great condition. Freehold title. 3 cute en suite bedrooms. It is very well equipped, with solar panels for hot water, WiFi, Jacuzzi, high viewing terrace, modern kitchen. This is the perfect ""hybrid"" Riad - your foothold in Marrakech as a holiday home AND a good earner when you're not here. WhatsApp me now on +212 6 5802 5028 or use the contact form on this page to arrange a showing. You can also mail contact@bosworthpropertymarrakech.com . We look forward to hearing from you!",https://bosworth9149.eu1.qobrix.com/api/v2/files/download/media/public/huge/a2da0711-8d14-4c3f-9dab-35e3bb35e0b6,11,Professionnel (Bosworth Property),2026-09-30
1423,bosworth,Spacious 6 Bedroom Villa with Pool & Garden For Sale Marrakech,https://bosworthpropertymarrakech.com/property/spacious-6-bedroom-villa-with-pool-garden-for-sale-marrakech/1423/,Vente,Villa,Marrakech,Targa,€395.000,4266000,449.0,6,4,"Accès voiture / Parking, Covered Parking: 1, Furnished: Unfurnished, House Type: Mansion Villa, Terrasse panoramique","Enjoy a guided tour of this Spacious 6 Bedroom Villa with Pool & Garden For Sale Marrakech here below:

Located in a residential neighborhood in Targa, this spacious villa makes a great family or holiday home. It offers comfort, space, and modern living. The total footprint is 449m², of which 150m² is constructed.
At the entrance of the villa, there is a covered parking space and a seperate entrance to the lower level of the villa. Through the main door, you walk into a large and spacious living room. The space is bright and could serva as a salon and dining room. In addition, there is one bedroom, a bathroom and a small seperate salon that could serve as a storage room, or perhaps a library.
The large kitchen is located in the lower level of the home. It has a seperate space attached to it which could be used as a children's play room or for storage. It also has direct access to the garden and pool. Across from the kitchen is a salon, as well as a bedroom and seperate bathroom. The best part however is the traditional hamam! Such an added luxury to this home.
The first floor has 4 bedrooms, three of which have private balconies. The masterbedroom has its own ensuite. There is a large terrace with a small summer kitchen. This could make an incredible rooftop garden or additional dining area. The potential is there !
Finally, the garden has a large pool with a terrace. Perfect to enjoy the beautiful Marrakech summers. It is peaceful and quiet with lovely citrus, olive and fig trees.
This villa combines modern convenience with Moroccan charm, situated in a peaceful and secure neighborhood just minutes from central Marrakech. It offers a great investment at €395,000. For more information, please send an email to contact@bosworthpropertymarrakech.com or contact Colin at: +212 658-025028 to arrange your private viewing!",https://bosworth9149.eu1.qobrix.com/api/v2/files/download/media/public/huge/ad17307e-3cb2-4406-80b3-c1c98e6291fe,20,Professionnel (Bosworth Property),2026-09-30
1424,bosworth,Kasbah Medina Renovation Riad For Sale Marrakech,https://bosworthpropertymarrakech.com/property/kasbah-medina-renovation-riad-for-sale-marrakech/1424/,Vente,Riad,Marrakech,Kasbah,€325.000,3510000,148.0,4,2,"Patio, Terrasse panoramique","Enjoy a guided tour of this Kasbah Medina Renovation Riad For Sale Marrakech here below:

Located in the Kasbah Royal district, this renovation riad offers fantastic potential for a pied-à-terre or rental project in one of Marrakech’s most authentic areas. It currently has Melkia status.
A traditional hallway leads you into the heart of the home: a big and bright courtyard framed by thick medina walls. On the groundfloor, we have a traditional Moroccan salon, a spacious kitchen, two smaller rooms, and a storage area. Envision a redesign that could comfortably create one beautiful primary suite alongside an elegant salon.
The first floor hosts three existing rooms (two of which were originally one large space) and a small bathroom. This level would be ideal to be converted into comfortable guest rooms or into your private living quarters.
Moving directly from the first floor to the terrace level, there is a little summer kitchen, bathroom and two more spacious rooms.  These rooms present a flexible design choice: they could be used for additional guest rooms or removed entirely to create a spectacular outdoor seating and entertaining area.
The best part is the high rooftop terrace offering stunning views on the Royal Palaca's palm trees, High Atlas mountains and iconic Koutoubiya Mosque.
This renovation project is a blank canvas, perfect for an investor or owner with a creative vision. It has amazing potential.
Offered at $325,000 euros, this riad represents great value for its size and prime location. Send us an email at contact@bosworthpropertymarrakech.com for more information or to arrange a private viewing.",https://bosworth9149.eu1.qobrix.com/api/v2/files/download/media/public/huge/d58c872a-c38f-4987-9f10-fba852993bd4,15,Professionnel (Bosworth Property),2026-09-30
1425,bosworth,Cool Brand New Riad For Sale Marrakech,https://bosworthpropertymarrakech.com/property/cool-brand-new-riad-for-sale-marrakech/1425/,Vente,Riad,Marrakech,Ben Youssef,€550.000,5940000,119.0,4,5,"Accès voiture / Parking, Patio, Terrasse panoramique, Titre Foncier","This fabulous Riad has just been renovated and has all new plumbing, electrics and installations. There are just en suite 4 bedrooms, all superbly appointed. This Riad was developed as a family home so attention to detail is everywhere. The patio courtyard is wonderful with it's big and deep pool. The kitchen is brand new with top quality machines. There is a chraming sitting room and a spacious dining room. The sunny terraces are very well equipped, with a full kitchen, sundeck and shady pergola. At just 550'000 euros this could be your home from home. It would also work really well as a short term rental investment in Marrakech Medina. WhatsApp me now on +212 6 58025028 or use the contact form on this page to arrange your private showing.

This beautiful is admirably located just off the Arset El Mellak street market. There is parking at the door of the property! Just 5 minutes easy walk to the Ben Youssef Madrassa. Fabulous!
It is a great fusion of the traditional and modern Marrakech architectural styles, providing great atmospherics and super comfort. It is decorated with care and is being sold as you see it - key in hand. The generous 119m2 freehold title footprint gives nearly 300m2 of living space. It as two salons so you could add a fifth bedroom if desired.
The Riad is bright and beautiful. WhatsApp me now on +212 6 5802 5028 or mail contact@bosworthpropertymarrakech.com to arrange your private showing of this wonderful Riad!",https://bosworth9149.eu1.qobrix.com/api/v2/files/download/media/public/huge/4945e98d-ceb9-4519-b917-f08c613a1088,24,Professionnel (Bosworth Property),2026-09-30
1428,bosworth,Spice Market Concept Riad For Sale Marrakech,https://bosworthpropertymarrakech.com/property/spice-market-concept-riad-for-sale-marrakech/1428/,Vente,Riad,Marrakech,Médina,€650.000,7020000,140.0,,,Terrasse panoramique,"This Spice Market Concept Riad For Sale Marrakech is in a truly fabulous location. Right in the heart of the Medina souks. It has a generous 140m2 footprint. Currently a successful gallery and antique emporium, it simply jumps out as the perfect place for your concept store/restaurant/bar. It looks cluttered ... because it is! Overflowing with amazing objets d'art, fine wool rugs and antiques. The collection is for sale apart. At just 650'000 euros this is an outstanding deal in this location. Don't hesitate. WhatsApp me now on +212658025028 or mail contact@bosworthpropertymarrakech.com to arrange your private showing. You will love it!

You know that feeling when you walk into a place and you just feel it's future? This happened to me walking into this astounding property just off the Spice Market. It is quite simply the perfect space for a concept Riad and rooftop. They are extremely rare on the market and I know many of you have been looking for some time. Don't miss out on this beauty.
The very high quality inventory is being sold separately and details are available on request.
The property benefits from a clean Requisition with the Land Registry and you can purchase with security. I look forward to your WhatsApp on +212 6 5802 5028 or you can use the contact form on this page to arrange a private showing. Now is the time!",https://bosworth9149.eu1.qobrix.com/api/v2/files/download/media/public/huge/6550ac21-c18e-4051-977b-f56bf5988ec0,11,Professionnel (Bosworth Property),2026-09-30
1430,bosworth,Classic Assouel Riad For Sale Marrakech,https://bosworthpropertymarrakech.com/property/classic-assouel-riad-for-sale-marrakech/1430/,Vente,Riad,Marrakech,Assouel,€550.000,5940000,143.0,4,5,"Accès voiture / Parking, Bassin, Cuisine équipée, Patio, Terrasse panoramique, Titre Foncier","Enjoy a guided tour of this Classic Assouel Riad For Sale Marrakech below:

Tucked away in a quiet Derb in Assouel, this beautiful titled Riad has a 143m² footprint. The wonderful patio offers an oasis of peace with a nice zellig plunge pool to cool off during summer.
The groundfloor has a modern kitchen, which opens up to a lovely dining room. It is connected to a cozy salon with functioning fire place. Furthermore, there is one ensuite bedroom as well as a guest batrhoom and built in closest in the hall way for storage.
On the first floor, there  are three lovely ensuite bedrooms. Each room has wonderful high ceilings, AC and built in closest for extra comfort. The Riad has wonderful authentic Moroccan touches such as the zelige details on the walls, the bejmat tiles on the floors and the beautifully crafted wooden doors and windows.
This private Riad is sold fully furnished and is currently rented on AirBnB. It offers a key in hand project, or you could make it into your own dreamy pied a terre. Car access and parking are only a 2min walk away.
The terrace is four-sided with lots of space for sun beds, a lounge and a dining area with BBQ. What's more, there's a traditional hamam and massage room. Finally, there is a little second rooftop which you could transform into the perfect sunset spot.
This 143m² Titled Riad with 4 ensuite bedrooms, a big patio, lovely plunge pool and wonderful terrace, has it all! At €550,000 it is a great investment for short term rentals or as your own pied a terre. Call Pommelien now on +212 661-960119 or send an email to contact@bosworthpropertymarrakech.com to organise a private viewing!",https://bosworth9149.eu1.qobrix.com/api/v2/files/download/media/public/huge/7af624f2-aa3a-4b1e-8857-c0fb1a3074a7,7,Professionnel (Bosworth Property),2026-09-30
1431,bosworth,Medina Edge Residence Riad For Sale Marrakech,https://bosworthpropertymarrakech.com/property/medina-edge-residence-riad-for-sale-marrakech/1431/,Vente,Riad,Marrakech,Médina,€246.000,2656800,50.0,3,3,"Accès voiture / Parking, Terrasse panoramique","Enjoy a guided tour of this Alqaria Assiyahia Riad For Sale Marrakech here below:

Just outside the old Medina walls, this beautifully renovated Riad style home offers modern comfort with a Moroccan touch. It is part of a gated community with pool, shops and parking. A perfect investment.
When you enter this home, you can tell the design has been inspired by the historic Riads in Marrakech. There is a big skylight illuminating the entire property. On the groundfloor, there is an open kitchen, a guest bathroom, a dining area and a spacious salon.
The property has been entirely renovated, including electricity and plumbing. It is also sold fully furnished and has lovely finishes with bejmat tiles and tadelakt walls. There are three bright and spacious bedrooms spread over the three levels of the home. Each room has its private bathroom, AC and plenty of storage space.
It makes a perfect investment for short term rentals. In addition, there is a nice terrace with BBQ, perfect for relaxing and watching the beautiful sunsets.
It is ideally located in Al Qariya As siyahiya, just a short 5min from the medina. The residence has a great communal pool, little cafes, 24/7 security and parking. Perfect for short term rental or as your holiday home in Marrakech.
This is just a perfect investment. Call Pommelien at +212 661-960119 now or email to arrange your visit.",https://bosworth9149.eu1.qobrix.com/api/v2/files/download/media/public/huge/82ab1b9b-929a-4cbd-b819-8c4951a930fe,16,Professionnel (Bosworth Property),2026-09-30
1432,bosworth,Ourika Road Villa For Sale Marrakech,https://bosworthpropertymarrakech.com/property/ourika-road-villa-for-sale-marrakech/1432/,Vente,Villa,Marrakech,Route de l'Ourika,€350.000,3780000,500.0,4,3,"Cuisine équipée, Furnished: Fully Furnished, Hammam, House Type: Mansion Villa, Piscine, Titre Foncier","This super practical villa is your perfect buy to rent investment property! 500m2 freehold title plot. There is no AVNA so this property is available only to citizens of Morocco, Senegal and Tunisia. Right net to the Aqua Fun Club water park on the Ourika Road just 15km from downtown Marrakech. 4 bedrooms and 3 bathrooms. Garden with swimming pool. Hammam. Modern kitchen. Being sold as seen for just 350'000 euros. WhatsApp me now on +212 6 5802 5028 or mail contact@bosworthpropertymarrakech.com to arrange your private showing!

This Villa was finished in 2024 and is in brand new condition. It is perfectly located just off the Ourika Road south of Marrakech. Four spacious bedrooms. New American style open kitchen. There is even a hammam in marble and tadelakt. It boasts fabulous views of the High Atlas Mountains and is an easy 20 minute drive to downtown Marrakech. It has a lovely garden with it's swimming pool and barbecue area. Excellent fixtures and finishing throughout. It is being sold fully furnished and turn key. Within easy walking distance of the Aqua Fun Club water park. Perfect as a buy to rent investment. At just 350'000 euros it is a standout deal, allowing you to start earning immediately.
WhatsApp me now on +212 6 5802 5028 or use the contact form on this page to arrange a private showing. Don't miss out!",https://bosworth9149.eu1.qobrix.com/api/v2/files/download/media/public/huge/1f47d202-2a0a-4d68-b44b-0040e968c429,13,Professionnel (Bosworth Property),2026-09-30
1437,bosworth,Luxury M6 Apartment For Sale Marrakech,https://bosworthpropertymarrakech.com/property/luxury-m6-apartment-for-sale-marrakech/1437/,Vente,Appartement,Marrakech,Gueliz,€320.000,3456000,176.0,3,3,"Accès voiture / Parking, Cheminée, Covered Area: 176m², Covered Parking: 1, Cuisine équipée, Floor Number: 1, Kitchen Type: Separated, Parking: 1, Patio, Terrasse panoramique, Titre Foncier","What a location and what an apartment! First floor. On the Mohammed 6 Boulevard towards Victor Hugo, close to restaurants and shops, with a dedicated underground parking space, 24 hour security, good lift, this 176m2 freehold apartment has it all. 3 generous bedrooms and 3 bathrooms. A superb reception lounge with it's fireplace. A modern fully equipped kitchen. And a courtyard that is crying out for development. Perfect as your Marrakech home from home. This is a family building and short term rental is not permitted. Long term rental is allowed. It is being sold furnished and is excellent value at just 320'000 euros. That's less than 2000 euros per m2 - exceptional for this location and this quality. Don't miss it. WhatsApp me now on +212 6 5802 5028 or use the contact form on this page to arrange your private showing of this Luxury M6 Apartment For Sale Marrakech. We look forward to hearing from you!

This sublime apartment is so well located. There is a Japanese restaurant next door. A drinks store and a specialist cheese shop across the road. The railway station is just 500m away. It is the perfect apartment in downtown Marrakech.Three good bedrooms and three good bathrooms. There is a lovely terrace with mountain views. The underground car park makes city living so much easier.  Being sold furnished, this key in hand apartment is fabulous value at just 320'000 euros. Don't miss out. WhatsApp +212 6 5802 5028 or mail contact@bosworthpropertymarrakech.com to arrange your private showing. We look forward to hearing from you!",https://bosworth9149.eu1.qobrix.com/api/v2/files/download/media/public/huge/0404b9ed-3fd7-48c6-b129-bda313034c70,10,Professionnel (Bosworth Property),2026-09-30
1439,bosworth,15 Room Jemaa El Fna Luxury Hotel For Sale Marrakech,https://bosworthpropertymarrakech.com/property/15-room-jemaa-el-fna-luxury-hotel-for-sale-marrakech/1439/,Vente,Maison d'Hôtes,Marrakech,Médina,€3.990.000,43092000,350.0,15,18,"Hammam, Titre Foncier","Simply unique. 350m2 freehold title footprint just behind the Iconic Cafe de France in Jemaa El Fna Marrakech Medina. 15 suites. Full spa with hammam and massage rooms. Restaurant and bar. Wow! Exclusive with Bosworth Property Marrakech. If you're looking for a money making machine and you have 4m euros to invest, this will make you easily 10% a year. Maybe more. WhatsApp me now on +212 6 5802 5028 and I will arrange a private showing for you.

This is one of the most successful Riad hotels in Marrakech. The owners are selling in order to construct a big hotel in downtown Marrakech. This Riad, with it's 15 suites, full spa, restaurant and all conveniences, right next to the iconic Jemaa El Fna main square, is a fabulous investment opportunity. Are you tired of the 2 or 3% you're earning on your investment in Europe right now? This will bring you at least 10%. Don't wait. WhatsApp me now on +212 6 5802 5028 or use the contact form on this page to arrange your private showing of this 15 Room Jemaa El Fna Luxury Hotel For Sale Marrakech. You will love it!",https://bosworth9149.eu1.qobrix.com/api/v2/files/download/media/public/huge/62867ff0-73a0-4eca-823a-cfdc80592e5a,9,Professionnel (Bosworth Property),2026-09-30
1440,bosworth,Superb Historical Riad For Sale Marrakech Exclusive,https://bosworthpropertymarrakech.com/property/superb-historical-riad-for-sale-marrakech-exclusive/1440/,Vente,Riad,Marrakech,Ben Youssef,€470.000,5076000,100.0,4,2,"Patio, Terrasse panoramique, Titre Foncier","In a quiet street in the tourist friendly Kaat Ben Nahid quarter, close to Riad Star, the Foundouk restaurant, The Museum of Moroccan Elegance, the Storytelling Café and many more attractions, and just 4 minutes easy stroll to the Ben Youssef Madrassa and the great souks, this historic Riad is an amazing opportunity. It has been in the same hands since 2001 and the owners are selling reluctantly due to family committments. 100m2 of freehold footprint gives over 200m2 of quality living space. 4 bedrooms and 2 bathrooms. 2 sitting rooms. A beautiful and harmonious Riad. The views from the high terrace are breathtaking. Koutuobia and Jemaa El Fna, Ben Youssef, Dar El Bacha - an amazing panorama of Marrakech Medina and the High Atlas Mountains beyond. Simply fabulous. At only 470'000 euros this could be your family holiday home in a great Medina location. And of course on short term rental platforms this could easily earn you 10% net per year. Don't miss this one. WhatsApp me now on +212 6 5802 5028 or use the contact form on this page to arrange your private showing of this Superb Historical Riad For Sale Marrakech. Yes!

If you are looking for an historical Riad in a top area, with freehold title and in good condition - look no further. This beautiful property is the one for you. I have known the Riad for many years as the seller is a good friend. He has owned the Riad since 2001 and is reluctantly letting it go as he moves onto other projects. 4 comfortable bedrooms. Wonderful patio courtyard. This has a homely feel, something increasingly rare in Marrakech. If you want a family holiday home, maybe combined with some passive rental income, this is perfect. At just 470’000 euros it is excellent value. WhatsApp me on +212 6 58025028 or mail contact@bosworthpropertymarrakech.com - we are here for you.",https://bosworth9149.eu1.qobrix.com/api/v2/files/download/media/public/huge/555e1c62-0f6a-4de8-b5ed-56a1ef77d786,12,Professionnel (Bosworth Property),2026-09-30
1441,bosworth,Fabulous 10 En Suite Guesthouse Riad For Sale Marrakech,https://bosworthpropertymarrakech.com/property/fabulous-10-en-suite-guesthouse-riad-for-sale-marrakech/1441/,Vente,Maison d'Hôtes,Marrakech,Bab Taghzout,€1.500.000,16200000,268.0,10,11,"Patio, Titre Foncier","Fabulous 10 En Suite Guesthouse Riad For Sale Marrakech. Excellent location right next to the famous Villa Nomade hotel in Bab Taghzout. A huge 268m2 freehold title footprint. The patio courtyard is amazing with it's pool and plants. You have to see this to understand the earning potential. Expect at least 10% ROI. WhatsApp me now on +212 6 58025028 or mail contact@bosworthpropertymarrakech.com to arrange a private showing. This is great value!

In a quiet alley, just 20m from the world famous Villa Nomade hotel in Bab Taghzout, Marrakech Medina, this perfect Riad is brand new and ready to launch.Brand new plumbing, electrics .... you are buying a key in hand guesthouse. Fully furnished. It's big and it's beautiful. At Just 1.5m euros this is an excellent opportunity. Don't let it get away. WhatsApp me now on +212 6 5802 5028 or use the contact form on this page to arrange your private showing. This will sell quickly, so go for it now.",https://bosworth9149.eu1.qobrix.com/api/v2/files/download/media/public/huge/9262fe8e-3b53-49d9-935b-6b5f77858b70,15,Professionnel (Bosworth Property),2026-09-30
1443,bosworth,Atlas Mountain Luxury Villa For Sale Marrakech,https://bosworthpropertymarrakech.com/property/atlas-mountain-luxury-villa-for-sale-marrakech/1443/,Vente,Villa,Marrakech,Marrakech,€425.000,4590000,300.0,3,4,"Air Condition, Cheminée, Common Swimming Pool, Covered Area: 300m², Cuisine équipée, Fireplace, Furnished: Fully Furnished, House Type: Detached House, Mountain View, Private Swimming Pool, Secure Door, Terrasse panoramique","What a fabulous place this is. 99 year Leasehold. 1400m2 plot with a 3 en suite villa, beautiful gardens and dreamy mountain views all around. In the heart of nature on a 5 hectare domaine. There are just 13 villas. And there is a superb clubhouse with a vast infinity pool, restaurant etc.  Stunning! And at maybe just €425'000 it is perfect as your Atlas Mountains holiday home and short term rental investment. WhatsApp me now on 00212 6 58025028 or mail contact@bosworthpropertymarrakech.com to arrange your private showing!

If you are looking for a place near Marrakech that offers serenity, security, fabulous views and quality, this is the one for you. In a simply stunning natural environment, just 3 minutes off the main Taroudant Road, this private domaine is Heaven on Earth. For Just 425'000 euros you get a modern, fully equipped and furnished villa on a secure residence. You also get 7% of all the public spaces - gardens, vast communal pool, guesthouse/clubhouse.
The villa has three very well appointed and comfortable en suite bedrooms. A big modern kitchen, fully equipped. A wonderful reception area with fireplace and WOW views over the mountains. From the terrace, very well equipped with a shady pergola and sun deck, you have a 360° panorama of the most stunning Atlas Mountains. Simply unique.
The domaine is about 5 hectares and includes lush and manicured gardens. Access is off the main road, down a dusty track through a pine forest, affording privacy and nature.
On the domaine is a Clubhouse/Guesthouse which is nearly ready to roll. This will be rented to a tenant, providing you with 7% of the rental revenue, offsetting maintenance costs etc.
With a guaranteed 99 year lease, and all papers in order, this must be high on your list of desirable Marrakech properties.
WhatsApp me now on +212 6 5802 5028 or mail contact@bosworthpropertymarrakech.com to arrange your private showing. You will love it!",https://bosworth9149.eu1.qobrix.com/api/v2/files/download/media/public/huge/bcb415ca-0163-4d65-a95f-960938acab70,12,Professionnel (Bosworth Property),2026-09-30
1445,bosworth,Fabulous Hilltop Luxury Villa For Sale Marrakech,https://bosworthpropertymarrakech.com/property/fabulous-hilltop-luxury-villa-for-sale-marrakech/1445/,Vente,Villa,Marrakech,Marrakech,€1.950.000,21060000,21020.0,5,7,"Air Condition, Cheminée, Furnished: Fully Furnished, Heating Type: Autonomous Heating System, Home Office, House Type: Mansion Villa, Kitchen Type: Separated, Maids Room, Mountain View, Private Swimming Pool, Secure Door, Separate Laundry Room, Titre Foncier","Fabulous Hilltop Luxury Villa For Sale Marrakech. Set on over 2 hectares of freehold hilltop land and with definitive AVNA, this stunning property boasts views over the whole of the High Atlas Mountain chain. Located just outside the market village of Tameslohte, just 30 minutes drive from downtown Marrakech and 25 minutes from the airport. It has five excellent en suite bedrooms, two of which have private balconies. There are no less than 3 reception areas - a super comfortable sitting room, a spacious dining room and a first floor sitting room with it's monumental fireplace. There are ample staff quarters, a guardian's lodge and an Atelier/showroom. The villa also has a bright and spacious office. At just 1.95m Euros, this is a stand out deal. WhatsApp me now on +212 5802 5028 or use the contact form on this page to arrange your private showing. It is an exceptional property.

This has to be one of the most desirable properties to come to market in a long time. Fabulous hilltop location, with freehold title and AVNA - meaning that it can be purchased by foreigners as well as Moroccans.
The plot has a huge 21'020m2 foot print. There is a deep well and a photovoltaic array with battery storage. There is a back-up generator too. You can live off-grid here if you wish.
It's sort of perfect as your Marrakech residence. And would make a superb investment property if you decide to go that way. Events, retreats ... the possibilities are endless.
I love this property. The views are breathtaking. Country life in style and just 30 minutes from the Mohammed VI Avenue in downtown Marrakech.
This property is exceptional value at 1.95m Euros. Get it while you can! WhatsApp me now on +212 6 5802 5028 or use the contact form on this page to arrange your private showing; Yes!",https://bosworth9149.eu1.qobrix.com/api/v2/files/download/media/public/huge/24c58b9b-bb67-4ddd-8dd8-61a34ff25ffd,15,Professionnel (Bosworth Property),2026-09-30
1446,bosworth,Stunning Traditional Riad For Sale Marrakech,https://bosworthpropertymarrakech.com/property/stunning-traditional-riad-for-sale-marrakech/1446/,Vente,Riad,Marrakech,Médina,€1.300.000,14040000,248.0,5,6,"Bassin, Patio, Terrasse panoramique","In a fabulous Riad Zitoune location in Marrakech Medina, just 5 minutes walk from the iconic Jemaa El Fna main square.  Stunning Traditional Riad For Sale Marrakech. It is full of original features - notice the spectacular chicaned entrance, the ornate historic Bhou, the spacious courtyard, the wonderful quality throughout. 5 superb suites served by no less than 3 staircases, offering intimacy and ease of distrubution. There is original hand carved plaster work and cedar wood panelling. Quite exceptional and extremely rare. There is a little plunge pool on the sunny terrace. And the high platform offers 360 degree views over all Marrakech and the High Atlas beyond. This property is EXCLUSIVE with Bosworth Property Marrakech at the excellent price of 1.3m Euros. Don't miss out. These opportunities are extremely rare. WhatsApp me now on +212 6 5802 5028 or mail contact@bosworthpropertymarrakech.com to arrange your private showing of this exceptional Historic Riad.

If you are looking for history and location in Marrakech, look no further. 248m2 footprint, giving over 600m2 of living space. The Riad has so many original features. The wonderful 19th Century Bhou. The original Waha O Gayza ceilings. The traditional chicaned entrance with it's Zouack enameled ceilings. Quite extraordinary to find all this in one beautiful Riad. And nestled just off Riad Zitoune - a fabulous address. At 1.3m Euros this is an exceptional opportunity for you to acquire prime Medina real estate - either as you home from home or as an investment. WhatsApp me now on +212 6 5802 5028 or use the contact form on this page to arrange your private showing of this beautiful property. Don't hesitate!",https://bosworth9149.eu1.qobrix.com/api/v2/files/download/media/public/huge/fa790521-7056-489d-ae91-d64213cf2c79,12,Professionnel (Bosworth Property),2026-09-30
1450,bosworth,11 Room Targa Rental Villa For Sale Marrakech,https://bosworthpropertymarrakech.com/property/11-room-targa-rental-villa-for-sale-marrakech/1450/,Vente,Villa,Marrakech,Targa,€950.000,10260000,630.0,11,12,"Accès voiture / Parking, Air Condition, Alarm, Climatisation, Common Swimming Pool, Furnished: Fully Furnished, House Type: Detached House, Kitchen Type: Separated, Maids Room, Mountain View, Secure Door, Terrasse panoramique, Titre Foncier","11 Room Targa Rental Villa For Sale Marrakech. This is a great investment opportunity. In a quiet location in the best Targa location, just 10 minutes from the Mohammed V Avenue in downtown Marrakech, this superb villa boasts no less than 11 rooms. It has a great pool and lots of outdoor space, complimented by multiple balconies and terraces. The reception salon is big and welcoming. The dining room spreads out onto the sunny terrace, offering a great indoor/outdoor experience. The whole property is air conditioned and has super fast fibre optic WiFi. It is being sold turnkey with everything you see in the video below. Don't miss out! This is very good business. WhatsApp me now on +212 6 5802 5028 or mail contact@bosworthpropertymarrakech.com to set up your private showing of this superb investment opportunity.

Targa is such a beautiful area of Marrakech; Super accessible and calm. Perfect for your stay in sunny Marrakech. This private Villa, currently operating as a rental property, has freehold title and is being sold as seen, turnkey. Parking at the door.
From here, Marrakech is at your feet. Easy trips into town for sightseeing, shopping and nightlife. Take a day in the Medina to experience the history of this ancient place.
With 11 rooms and all modern facilities, this Villa offers you a unique opportunity to earn immediate returns and to watch your asset's capital value appreciate quickly.
At just 950'000 euros it's a fabulous deal. WhatsApp me now on +212 6 5802 5028 or use the contact form on this page to arrange your private showing. You will be amazed!",https://bosworth9149.eu1.qobrix.com/api/v2/files/download/media/public/huge/114b0ef2-0063-4d74-9290-0a8e7c03c785,14,Professionnel (Bosworth Property),2026-09-30
1452,bosworth,Stunning Stand Alone Luxury Villa For Sale Marrakech,https://bosworthpropertymarrakech.com/property/stunning-stand-alone-luxury-villa-for-sale-marrakech/1452/,Vente,Villa,Marrakech,Royal Golf,POA,,18000.0,8,11,"Covered Area: 18,000m², Covered Parking: 3, Cuisine équipée, Elevator, Fireplace, Furnished: Fully Furnished, House Type: Mansion Villa, Maids Room, Mountain View, Private Swimming Pool, Secure Door, Separate Laundry Room, Titre Foncier","Stunning Stand Alone Luxury Villa For Sale Marrakech, set on 18'000m2 of freehold. Close to the Royal Golf, an easy 10 minutes drive from the city. This Villa has everything - it's own Padel court, stables with three pure Arabian horses, a 25x6m heated pool and fully equipped pool house. There is a lift and all the finishings are to the highest possible standard. This Villa was built to order by Al Dolaimi Concept, the leading bespoke luxury villa developer in Morocco.  It also offers an independent bungalow with a further two en suite bedrooms. Staff quarters. Superb fitted kitchen. Home cinema, full spa and sports room. Quite simply, this is one of the finest Villas in Marrakech. This exclusive property is only available from Bosworth Property Marrakech and we can provide you with the asking price and all relevant information. Please address your enquiries by message to my WhatsApp number +212 6 5802 5028 or to contact@bosworthpropertymarrakech.com

Wow! This is sumptuous and beautiful. Property of this quality is very hard to come by in Morocco. Perfect as your luxury getaway in the sun. And it would also work as a luxury rental property with a good concierge service.
The building is brand new and comes with all the usual guarantees. The manicured gardens are wonderful, offering both space and intimacy.
WhatsApp me now on +212 6 5802 5028 or mail contact@bosworthpropertymarrakech.com for the price and all relevant information. We look forward to hearing from you!",https://bosworth9149.eu1.qobrix.com/api/v2/files/download/media/public/huge/1c81e7e4-a212-4f36-a086-901735975c89,20,Professionnel (Bosworth Property),2026-09-30
1453,bosworth,Fabulous Luxury Amelkis Villa For Sale Marrakech,https://bosworthpropertymarrakech.com/property/fabulous-luxury-amelkis-villa-for-sale-marrakech/1453/,Vente,Villa,Marrakech,Amelkis,€1.400.000,15120000,1000.0,5,6,"Air Condition, Alarm, Cuisine équipée, Fireplace, Furnished: Fully Furnished, House Type: Mansion Villa, Kitchen Type: Separated, Maids Room, Mountain View, Piscine, Private Swimming Pool, Secure Door, Separate Laundry Room, Terrasse panoramique, Titre Foncier","This beautifully designed and wonderfully finished villa in the prestigious Amelkis golf resort, sits on a 1000m2 freehold plot. It boasts 5 gorgeous suites, including an excellent master with two dressings. The garden holds a big pool with Bali stone finish. There is a modern kitchen with AEG appliances. On the lower ground level are staff quarters, a second kitchen and a laundry. At just €1.4m we expect this to sell quickly. WhatsApp Colin on 00212 6 58025028 or mail contact@bosworthpropertymarrakech.com to arrange a showing NOW!

This Fabulous Luxury Amelkis Villa For Sale Marrakech represents stunning value. Similar properties have sold for much more. SUperb garden with big swimming pool. Excellent terraces. Fully equipped and key in hand. At just 1.4m Euros this could be your home from home and, of course, would be a big success on short term rental platforms. It's superbly finished and ready to go. Call me now! WhatsApp +212 6 5802 5028 or mail contact@bosworthpropertymarrakech.com and we will take you to see it.",https://bosworth9149.eu1.qobrix.com/api/v2/files/download/media/public/huge/627583f3-87eb-493d-a6e6-d1c5ffeb9ee6,15,Professionnel (Bosworth Property),2026-09-30
1455,bosworth,Spectacular 4 Bedroom Dar El Bacha Douiria For Sale Marrakech,https://bosworthpropertymarrakech.com/property/spectacular-4-bedroom-dar-el-bacha-douiria-for-sale-marrakech/1455/,Vente,Douiria,Marrakech,Dar El Bacha,€595.000,6426000,50.0,4,,"Air Condition, Cuisine équipée, Fireplace, House Type: Mansion Villa, Mountain View, Secure Door, Separate Laundry Room, Terrasse panoramique","This Spectacular 4 Bedroom Dar El Bacha Douiria For Sale Marrakech is a thing of beauty. Either as your home from home or as a short term rental investment - or both - it really ticks all the boxes. Fabulous location in Dar El Bacha. 4 bedrooms. Excellent finishings throughout, including travertine stone floors and stairs. Super transparent interior design whilst respecting Moroccan tradition, giving loads of natural light with a cosy vibe. 150m2 of living space, including the beautiful terrace. Highly desirable and yours for only 595'000 Euros. WhatsApp me now on +212 6 5802 5028 or mail contact@bosworthpropertymarrakech.com to arrange your private showing of this beautiful opportunity.

At the end of a quiet alley, just 50m from a taxi drop off, this beautiful property is close to all the attractions - Dar El Bacha Museum and the Bacha Coffee Shop are just 3 minutes easy stroll.
It is a fabulous blend of Moroccan modernity and is in pristine condition. Interestingly, it deploys over 4 levels. The ground floor holds the sitting and dining room, a fully equipped modern kitchen and a visitors cloakroom. The first floor has two excellent en suite bedrooms. The second floor has two further bedrooms with a shared bathroom. And the sunny terrace affords good views over the Medina and to the High Atlas Mountains to the south. It is perfect as your home in the sun and would be an absolute winner on short term rental platforms. Don't miss out! WhatsApp me now on +212 6 5802 5028 or mail contact@bosworthpropertymarrakech.com to arrange a showing.",https://bosworth9149.eu1.qobrix.com/api/v2/files/download/media/public/huge/9b9d64fe-b1cd-4107-9d59-2cb4610d8b56,14,Professionnel (Bosworth Property),2026-09-30
1457,bosworth,Top Notch Luxury Villa For Sale Marrakech,https://bosworthpropertymarrakech.com/property/top-notch-luxury-villa-for-sale-marrakech/1457/,Vente,Villa,Marrakech,Marrakech,€1.150.000,12420000,1200.0,5,7,"Accès voiture / Parking, Air Condition, Covered Parking: 2, Fireplace, Furnished: Unfurnished, House Type: Detached House, Kitchen Type: Separated, Maids Room, Mountain View, Private Swimming Pool, Secure Door, Separate Laundry Room, Terrasse panoramique","This Top Notch Luxury Villa For Sale Marrakech is ideally located just 10 minutes easy drive from downtown. On a 4 hectare plot and with only 16 luxury villas, this is a fabulous development, with 24/7 security and at home parking. Big plot sizes range from 1200m2 to 1800m2, giving great gardens, all with big private pools. Excellent Bosch kitchens. Lashings of natural stone throughout. Marrakech lifestyle at it's finest. Prices range from 1.15m euros to 1.4m euros. There are just 9 villas still available so you should act NOW to secure your dream Villa close to Marrakech city center. WhatsApp me now on +212 6 5802 5028 or mail contact@bosworthpropertymarrakech.com to arrange your private showing. These will go quickly, so don't miss out!

Without doubt one of the absolute best luxury developments south of Marrakech city. An easy 10 minute drive - I did it on my red Vespa. It's close to the Selman Hotel and numerous water parks and restaurants. Excellent! The pool is 20m long and I can see myself by it with a cool drink at sunset. There  is also a wide sunny terrace up top with simply gorgeous views of the High Atlas Mountains. This development will of course sell out quickly. Message me now on WhatsApp +212 6 5802 5028 or use the contact form on this page to arrange your private showing!",https://bosworth9149.eu1.qobrix.com/api/v2/files/download/media/public/huge/9fc04396-e4bb-4ecc-9e47-68b47153afa3,16,Professionnel (Bosworth Property),2026-09-30
1458,bosworth,Top Location Super Cute Villa For Sale Marrakech,https://bosworthpropertymarrakech.com/property/top-location-super-cute-villa-for-sale-marrakech/1458/,Location,Villa,Marrakech,Route d'Amizmiz,€790.000,8532000,1012.0,4,5,"Accès voiture / Parking, Air Condition, Cuisine équipée, Fireplace, House Type: Mansion Villa, Kitchen Type: Separated, Mountain View, Private Swimming Pool, Secure Door, Titre Foncier","Just 10 minutes drive from downtown Marrakech and with the finishing touches now being applied, this Villa is perfect as your home from home and/or as a rental investment. Set on over 1000m2 of freehold and with 4 spacious suites, the home also boasts a big pool, wonderful reception areas and a brand new modern kitchen. There is a car port and landscaped gardens. Fabulous mountain views. With an asking price of 790'000 euros (and maybe some wiggle room) this is great value. Message me on WhatsApp +212 6 5802 5028 or mail contact@bosworthpropertymarrakech.com to arrange your showing.

This charming little development in a highly desirable location just off the Amizmiz Road, a mere ten minute drive from downtown Marrakech, holds just 14 villas. 12 have already been sold, so this is your last chance to purchase here. Deliverable in 30 days. Spectacular views of the High Atlas Mountains to the south. 24 hour security, generous plot of over 1000m2, private pool and wonderful reception area, dining area and modern kitchen. 4 excellent en suite bedrooms and off road parking. These are excellent value at 790'000 euros. Perfect as your home in the sun and very profitable as a rental investment. Don't miss out! WhatsApp me on +212 6 5802 5028 or use the contact form on this page to arrange your private showing.",https://bosworth9149.eu1.qobrix.com/api/v2/files/download/media/public/huge/61fa27b6-b860-499e-a20f-16798ca3b3a3,10,Professionnel (Bosworth Property),2026-09-30
1463,bosworth,Truly Outstanding Historical Riad For Sale Marrakech,https://bosworthpropertymarrakech.com/property/truly-outstanding-historical-riad-for-sale-marrakech/1463/,Vente,Riad,Marrakech,Ben Youssef,€595.000,6426000,216.0,4,5,"Air Condition, Titre Foncier","Truly Outstanding Historical Riad For Sale Marrakech.  216m2 freehold footprint, giving nearly 500m2 of living space. This is true Marrakech history. Certainly the home of a Nobleman attached to the nearby Ben Youssef Coranic School. 4 beautiful en suite bedrooms, including one of the finest original Douirias I have ever seen. Spectacular. The original plasterwork, the Zouack ceilings, the Khoka doors - this is fabulous and almost impossible to find today. If you love Marrakech Medina history then this is for you.  At just €595'000 this will sell quickly. WhatsApp me now on 00212 6 58025028 or mail contact@bosworthpropertymarrakech.com to arrange your private showing.

This quality of property rarely becomes available in Marrakech Medina. It is cared for and cherished. This Truly Outstanding Historical Riad For Marrakech is quite exceptional. From its location in a noble alleyway close to the Ben Youssef Madrassa - the spiritual heart of ancient Marrakech - to the exquisite 17th Century original features, it is superlative. The generous 216m2 footprint gives lots of light and space. And the respectful use of modern amenities in an old and architecturally flamboyant structure gives comfort amidst the charm. This is one of my personal favourites in all my years of visiting Riads in Marrakech Medina. At just 595'000 euros it is a bargain and I highly recommend it. WhatsApp me now on +212 6 5802 5028 or use the contact form on this page to arrange your private visit to this wonderful property. It will sell quickly.",https://bosworth9149.eu1.qobrix.com/api/v2/files/download/media/public/huge/46bf7fea-882a-4a49-af81-7dea351ce17a,17,Professionnel (Bosworth Property),2026-09-30
1464,bosworth,Spacious Central Gueliz Apartment For Sale,https://bosworthpropertymarrakech.com/property/spacious-central-gueliz-apartment-for-sale/1464/,Vente,Appartement,Marrakech,Gueliz,€155.000,1674000,106.0,2,2,"Accès voiture / Parking, Apartment Type: Standard Apartment, Elevator, Furnished: Fully Furnished, Kitchen Type: Separated, Parking: 1, Secure Door, Titre Foncier","In a fabulous central Gueliz location, surrounded by wonderful restaurants and just 500m from the Carre Eden shopping mall, this spacious and comfortable 2 bedroom and 2 bathroom apartment is a bargain at just 155'000 euros. 106m2 freehold title in an excellent building with 24/7 security and comes with a dedicated underground car park. Perfect as your holiday home in downtown Marrakech and sure to earn well on short term rental platforms. WhatsApp me now on +212 6 5802 5028 or mail contact@bosworthpropertymarrakech.com to arrange a showing. You will love it!

This elegant two-bedroom apartment is ideally located in central Gueliz, offering a rare combination of prime positioning and walking-distance access to key amenities and services.
Situated in immediate proximity to the renowned Italian restaurant La Trattoria, less than 500 metres from Carré Eden Shopping Centre, and just 10 minutes from the Medina, the apartment enjoys one of the most sought-after residential addresses in Marrakech.
The property spans 106 sqm and features a bright double Moroccan salon, filled with natural light and perfectly suited for both everyday living and entertaining.
A modern, fully equipped European kitchen complements the traditional Moroccan living space, creating a refined yet highly practical layout. A balcony with a dedicated laundry area adds everyday convenience.
Both bedrooms are generously proportioned, offering excellent storage and abundant natural light. The master suite benefits from its own bathroom and a particularly spacious, airy feel.
A key differentiator is the apartment’s guaranteed unobstructed view over La Trattoria, with no future construction permitted to block it, an increasingly rare and valuable feature in central Marrakech.
The property includes a dedicated 19 sqm secure basement parking space. The spot is held under a rare, long-term 50-year lease agreement (valid until 2062), providing long-term security and peace of mind in the heart of Gueliz.
Sold fully furnished, this apartment is ideal as a personal city residence, a high-performing Airbnb investment, or a low-maintenance pied-à-terre.
Competitively priced at €155,000, this represents a rare opportunity in a location where quality properties move quickly.
Private viewings by appointment only.
WhatsApp +212 6 5802 5028 or use the contact form on this page to arrange your private showing of this Spacious Central Gueliz Apartment for sale in Marrakech.",https://bosworth9149.eu1.qobrix.com/api/v2/files/download/media/public/huge/dfe0cce7-6b17-4783-af01-49cfaacdf842,9,Professionnel (Bosworth Property),2026-09-30
1467,bosworth,Fabulous Zitoune Riad For Sale Marrakech,https://bosworthpropertymarrakech.com/property/fabulous-zitoune-riad-for-sale-marrakech/1467/,Vente,Riad,Marrakech,Médina,€380.000,4104000,62.0,3,4,"Bassin, Patio, Terrasse panoramique, Titre Foncier","In a top Riad Zitoune Lkdim location, just 5 minutes easy stroll to Jemaa El Fna, this Fabulous Zitoune Riad For Sale Marrakech boasts a 62m2 freehold title footprint and is built on four levels - gound floor, first and second floors and terrace - offering 180m2 of living space. There are three good en suite bedrooms and one little single en suite. The patio has a cute plunge pool and there is a decent kitchen. It is absolutely perfect as your Medina pied-à-terre and is already operating on AirBnB. At just 380'000 euros it is top value in this location. Don't miss out! WhatsApp me now on +212 6 5802 5028 or use the contact form on this page to arrange your private showing. If you're looking for an affordable property close the the main square which will earn you good money when you're not using it, this is the one for you.

Wow! Just a short stroll from the iconic Jemaa El Fna main square and close to all the Medina attractions, this beautiful Riad is ready to roll. At this price it must be considered low hanging fruit. There are three and half en suite bedrooms - the ground floor en suite bedroom is currently set up as a sitting room. Despite the cloudy conditions when we shot this property, you can see what a good view it has. The plunge pool is super cute and the whole Riad is in good condition. Don't hesitate! Top location. Ready to go. Great price. WhatsApp me now on +212 6 5802 5028 or use the contact form on this page to get to see this beauty. I look forward to hearing from you!",https://bosworth9149.eu1.qobrix.com/api/v2/files/download/media/public/huge/6f3b5170-a0fe-4cde-bb13-1199076425d4,13,Professionnel (Bosworth Property),2026-09-30
1468,bosworth,Gorgeous Stand Alone Country Villa For Sale Marrakech,https://bosworthpropertymarrakech.com/property/gorgeous-stand-alone-country-villa-for-sale-marrakech/1468/,Vente,Villa,Marrakech,Médina,€1.300.000,14040000,13980.0,4,5,"Cuisine équipée, Fireplace, Garden Area: 13,980m², Home Office, House Type: Detached House, Kitchen Type: Separated, Maids Room, Mountain View, Private Swimming Pool, Separate Laundry Room, Terrasse panoramique, Titre Foncier","With definitive AVNA and set on 1.4 hectares of freehold title, this beautiful villa boasts world calls views of the High Atlas Mountains. Located in a little village just 35 minutes drive from Marrakech Medina, it is simply perfect as your home in the countryside. Four lovely bedrooms. A modern fully equipped kitchen. Mature gardens with a big pool. Staff quarters. The house is fully independent, with it's own well and a full photovoltaic array. Part of the land could be used to build a bungalow, or maybe a little farm. The property is dreamy and is superbly priced at just 1.3m euros. Get this while you can. WhatsApp me now on +212 6 5802 5028 or mail contact@bosworthpropertymarrakech.com to arrange your private showing. You will love this!

Simply outstanding. And at this price a real bargain. 1.4 hectares of freehold title with definitive AVNA just 35 minutes from Marrakech city. The most amazing views. Wonderful gardens. Perfectly equipped luxury stand alone villa.
I love the peace and the nature. The property is surrounded by orchards and olive groves - real country vibes in an accessible location.
The house itself is beautifully engineered. Built by the German owners and using many imported features, it is in wonderful condition. The master suite, with it's private terrace affording unparalleled views of the High Atlas Mountains, it is dreamy and romantic.
If you're looking for a stand alone villa in a great location, you will not find better than this in the price range. It is charming and spacious. Highly recommended. Please use the contact form on this page or WhatsApp me on +212 6 5802 5028 to arrange your private showing. This will sell quickly, so don't hesitate!",https://bosworth9149.eu1.qobrix.com/api/v2/files/download/media/public/huge/53744bbb-7082-455b-9c68-90d871eff76d,16,Professionnel (Bosworth Property),2026-09-30
1469,bosworth,Luxury Agdal City Center Villa For Sale Marrakech,https://bosworthpropertymarrakech.com/property/luxury-agdal-city-center-villa-for-sale-marrakech/1469/,Vente,Villa,Marrakech,Agdal,€1.320.000,14256000,543.0,4,7,"Air Condition, Alarm, Cheminée, Climatisation, Covered Parking: 1, Elevator, Fireplace, Furnished: Fully Furnished, House Type: Mansion Villa, Kitchen Type: Separated, Private Swimming Pool, Secure Door, Separate Laundry Room, Smart Home, Terrasse panoramique","This is fabulous. In the perfect Agdal location, just minutes from the Boulevard M6 and downtown Marrakech. Uber luxury city center living.Pool. Private cinema and bar. 4 gorgeous suites. Staff quarters.  As your downtown pied-à-terre and as a rental investment this is top of the range. And the price of just 1.32m euros is extremely reasonable. This will sell. Enjoy the tour and WhatsApp me on + 212 6 5802 5028 or mail contact@bosworthpropertymarrakech.com and we will show you this amazing Villa.

Located in the highly sought-after Agdal district, just moments from the vibrant Boulevard Mohamed VI, this ultra-modern smart villa epitomises contemporary urban living in Marrakech, with top-quality finishes and state-of-the-art technology throughout.
Set on a 543 sqm plot with a total built area of 550 sqm, this private residence offers impressive volumes and represents a rare opportunity to acquire a turnkey luxury asset in one of Marrakech’s most strategic residential locations, close to the airport, the Medina, and downtown.
The heart of the home is a spectacular double-salon reception area featuring a triple-height ceiling and floor-to-ceiling glass, flooding the villa with natural light. The formal dining area opens directly onto the pool, creating seamless indoor-outdoor living. An informal family lounge is equipped with an integrated designer marble fireplace and TV, ideal for relaxed evenings.
The ground floor also includes double guest toilets, full home automation, and an integrated lift serving all levels. The entire property is fully domotic, offering effortless luxury living at the touch of a button.
The reception spaces flow naturally into a minimalist, high-specification kitchen, designed as a functional yet elegant space for the chef of the house. A standout feature is the custom laser-cut Marrakech window screens, inspired by traditional ""moucharabieh"" design, which provide natural light, privacy, and distinctive character.
In Agdal, where space is at a premium, every square centimeter of the exterior has been thoughtfully optimised. A stone-finished lap pool with a double designer waterfall creates a truly private, walled oasis. The property comes with a covered carport and access to the kitchen and basement level from the outside.
The lower ground floor is a true showstopper, featuring a professional-grade private cinema room, a stylish bar area, and a dedicated cigar lounge, ideal for entertaining on warm Marrakech evenings. Accessible via the internal lift, this level serves as the ultimate entertainment hub or sophisticated ""man cave"".
The cinema room is fully air-conditioned, sound-insulated, and equipped with custom lighting and exceptionally plush seating, offering a world-class viewing experience. This level also includes a guest toilet, laundry room, service area for a housekeeper, and an en-suite bedroom suitable for staff accommodation or an additional guest suite.
The upper floor is dedicated to private living quarters and features three exceptional en-suite bedrooms. Each is a master suite in its own right, finished with wide-plank flooring, integrated LED lighting, bespoke wood wardrobes, and luxurious en-suite bathrooms, walk-in Italian showers with stone-effect tiling, and premium fixtures.
The principal master suite includes a walk-in dressing room, double vanities in the bathroom, and a private terrace, showcasing thoughtful design and high-quality craftsmanship.
The roof terrace offers a blank canvas for personalisation, ideal for shaded pergolas, sun loungers, a small kitchenette, barbecue and entertainment areas, all with stunning views of the snow-capped Atlas Mountains.
Whether you are seeking a luxurious primary residence, a downtown pied-à-terre, or a high-yield rental investment, this smart villa stands out in the heart of Agdal’s prime residential pocket, benefiting from a secure environment and immediate access to Marrakech’s best shopping and dining.
Offered as a turnkey luxury asset at a competitive price of €1.32 million, this exclusive property is listed with Bosworth Property Marrakech. To arrange your private viewing of this Luxury Agdal City Center Villa for Sale in Marrakech, contact Abdulqadir via WhatsApp on +212 6 62 62 28 86 or by email at abdulqadir@bosworthpropertymarrakech.com.
Don’t miss this exceptional opportunity.",https://bosworth9149.eu1.qobrix.com/api/v2/files/download/media/public/huge/2a78293f-bb88-43a9-8106-779189bdd276,36,Professionnel (Bosworth Property),2026-09-30
1473,bosworth,Bahia Palace 3 Bedroom Riad For Sale Marrakech,https://bosworthpropertymarrakech.com/property/bahia-palace-3-bedroom-riad-for-sale-marrakech/1473/,Vente,Palais,Marrakech,Place des Ferblantiers,€395.000,4266000,75.0,3,4,Terrasse panoramique,"Bahia Palace 3 Bedroom Riad For Sale Marrakech. 75m2 footprint with 3 en suite bedrooms, a sitting room and superb terraces with excellent views over the Bahia Palace and all the way to the High Atlas Mountains in the south. Being sold turnkey. Perfect as your pied-à-terre here in the heart of Marrakech Medina and a great buy-to-rent investment opportunity. Don't hesitate! Get this while you can. With an asking price of just 395'000 euros this is great value. WhatsApp me now on +212 6 5802 5028 or mail contact@bosworthpropertymarrakech.com to arrange your private showing. I look forward to hearing from you!

Wow! With views over the Koutoubia Mosque, the Bahia Palace and the High Atlas Mountains, this is really something special. It is perfect as your home from home. And it is a top quality buy to rent option. Maybe both! I love the location. The interior design is super cool. And the price is very attractive! If you like this Riad then you should move quickly, because it will sell. WhatsApp me now on +212 6 5802 5028 or use the Contact Form on this page to arrange your private showing. You can also mail us on contact@bosworthpropertymarrakech.com - we look forward to hearing from you soon.",https://bosworth9149.eu1.qobrix.com/api/v2/files/download/media/public/huge/298230be-5db6-4aeb-9f7c-612f0b1542c8,12,Professionnel (Bosworth Property),2026-09-30
1474,bosworth,Luxury Fes Road Villa For Sale Marrakech,https://bosworthpropertymarrakech.com/property/luxury-fes-road-villa-for-sale-marrakech/1474/,Vente,Villa,Marrakech,Route de Fes,€2.750.000,29700000,2500.0,6,,"Air Condition, Alarm, Fireplace, Hammam, House Type: Mansion Villa, Maids Room, Mountain View, Private Swimming Pool, Secure Door, Separate Laundry Room, Smart Home, Titre Foncier","Luxury Fes Road Villa For Sale Marrakech. Perfect location just 10 minutes from Marrakech Medina. 2500m2 of freehold land with the most gorgeous 6 suite luxury villa. There is a beautiful pool and gardens. Six gorgeous suites. Sauna and hammam. Sports room. The reception areas are amazing, with indoor-outdoor living at its finest. The quality of finishing is absolutely top and the villa is brand new. Staff quarters. The kitchen is state of the art. The environment is exceptional, surrounded by olive groves and citrus farms. Quite extraordinary. Whether this is for you to live in or as an investment property, it is right up there with the best value real estate in Marrakech. Just 2.75m euros makes this yours. WhatsApp me now on +212 6 5802 5028 or use the contact form on this page to arrange your private showing of this beautiful property.

I love this villa. It is human sized yet has everything you could hope for. State of the art finishing throughout, including world class electrics and plumbing - the villa is completely domotic. It includes a sports room, sauna and hammam. The property is nestled in the middle of olive groves and orange plantations with abundant birdlife all around. The volcanic stone cladding is simply sensational. The kitchen is absolutely WOW. And the feel of the Villa is of pure luxury. If you're looking for a top class investment close to Marrakech city center and the American School of Marrakesh, then you have found the right place. WhatsApp me now on +212 6 5802 5028 or use the contact for on this page to arrange your private showing of this exceptional Villa. I look forward to hearing from you soon!",https://bosworth9149.eu1.qobrix.com/api/v2/files/download/media/public/huge/359c4a1b-0450-4e38-86d1-3e69fe259a4b,19,Professionnel (Bosworth Property),2026-09-30
1475,bosworth,A+ Palmeraie Building Land For Sale Marrakech,https://bosworthpropertymarrakech.com/property/a-palmeraie-building-land-for-sale-marrakech/1475/,Vente,Terrain,Marrakech,Palmeraie,€6.500.000,70200000,37500.0,,,"Land Type: Building Land, Titre Foncier","A+ Palmeraie Building Land For Sale Marrakech. Without doubt the best Marrakech Palm Grove plot I have ever see. 37'500m2 of freehold title. Just 5 minutes drive from Marrakech Medina. Very close to the Club Med Palmeraie. Road access. Electricity and water already on site. Zoned for luxury villa or multi villa development. A truly unique opportunity and at 6.5m euros it is excellent value.  WhatsApp me now on +212 6 5802 5028 or mail contact@bosworthpropertymarrakech.com to arrange a tour.

Simply the best available plot in Marrakech Palmeraie. Freehold title and zoned for a luxury villa OR 8 villas per hectare.. If you are looking for THE statement location and the perfect natural environment for your luxury residence then this has to be it. You can also build up to 8 luxury villas per hectare if you are looking for an investment. Wow! WhatsApp me now on +212 6 5802 5028 or use the contact for on this page to arrange your private showing. Don't miss this one!",https://bosworth9149.eu1.qobrix.com/api/v2/files/download/media/public/huge/d2c41bdc-2f84-4d52-a002-beff2e17b9d2,6,Professionnel (Bosworth Property),2026-09-30
1476,bosworth,Brand New Central Gueliz Apartment For Sale Marrakech,https://bosworthpropertymarrakech.com/property/brand-new-central-gueliz-apartment-for-sale-marrakech/1476/,Vente,Appartement,Marrakech,Gueliz,€200.000,2160000,100.0,1,2,"Accès voiture / Parking, Covered Parking: 1, Elevator, Floor Number: 0, Kitchen Type: Open Plan, Parking: 0, Secure Door, Terrasse panoramique, Titre Foncier","Brand New Central Gueliz Apartment For Sale Marrakech. 100m2 of freehold title in an optimal location in central Gueliz. Just 5 minutes walk from Carre Eden shopping mall. Underground parking space. 24/7 security. Ground floor apartment with mezzanine. One vast bedroom with en suite. Modern Bosch equipped open plan kitchen. Terrace for indoor-outdoor living. Fabulous value for this location at just 200'000 euros. WhatsApp me now on +2126 58025028 or use the contact form on this page to arrange your private showing. Wonderful as your pied-à-terre and even better as your short term rental investment!

At less than 2000 euros per m2 this is fabulous value. Central Gueliz, right in the heart of the new city. 5 minutes easy walk to Carre Eden shopping mall. Restaurants and boutiques all around. Yet quiet and peaceful. The perfect Gueliz address. Underground car park and 24/7 security in this superb building. Ground floor. Perfect for AirBnB. Don't miss this opportunity. WhatsApp me now on +212 6 5802 5028 or use the contact form on this page to arrange your private showing of this excellent apartment.",https://bosworth9149.eu1.qobrix.com/api/v2/files/download/media/public/huge/5ac57dd8-9f2c-43de-a371-9395e40dfb3d,10,Professionnel (Bosworth Property),2026-09-30
1477,bosworth,Superb Hivernage Apartment For Sale Marrakech,https://bosworthpropertymarrakech.com/property/superb-hivernage-apartment-for-sale-marrakech/1477/,Vente,Appartement,Marrakech,Hivernage,€180.000,1944000,71.0,1,2,"Accès voiture / Parking, Apartment Type: Standard Apartment, Climatisation, Common Swimming Pool, Elevator, Floor Type: Marble, Furnished: Optionally Furnished, Kitchen Type: Open Plan, Parking: 1, Piscine","Superb Hivernage Apartment For Sale Marrakech. In a prime location next to Menara Mall and walking distance from the fabulous Morocco Mall, this 71m2 apartment is perfect as your pied-à-terre and pure AirBnB gold! One bedroom. Two bathrooms. Underground parking space! Exclusive with Bosworth Property Marrakech at the excellent price of just 180'000 euros. WhatsApp me now on +212 6 5802 5028 or mail contact@bosworthpropertymarrakech.com to arrange your private showing. Do it now!

This superb apartment places you in the absolute heart of the action, just steps from the iconic Menara Mall, world-class restaurants, luxury boutiques, and some of Marrakech's finest hotels.
Offering a generous 71 m² of living space, the apartment blends modern comfort with elegant Moroccan architectural touches.
As you enter, you're welcomed by a sleek, dark-wood open-plan kitchen, fully fitted with integrated fridge, oven, hob, and washing machine. Compact yet perfectly designed, it has everything you need.
The main living area is bright and airy, featuring recessed ceiling lighting, full air conditioning, refined archways with Moroccan detailing, and marble floors accented with traditional zellij tiles.
Uniquely for a one-bedroom apartment, the layout includes both a guest toilet and a private en-suite bathroom in the master bedroom, finished with authentic zellij tilework and a high-end contemporary shower.
The primary bedroom is generously sized and comfortably appointed with floor-to-ceiling built-in wardrobes and air conditioning.
This superb Hivernage apartment is offered with the option to be sold furnished or unfurnished. By providing this flexibility, the seller caters to both local buyers with their own belongings and international investors or digital nomads seeking a turnkey, ready-to-live space.
This spacious one-bedroom property also benefits from an underground parking space and access to the communal swimming pool within this well-maintained residential complex.
The building is Airbnb-friendly, making it an excellent investment opportunity, or an ideal home-away-from-home for a single buyer or couple seeking a prime downtown Hivernage address.
This property is exclusive with Bosworth Property Marrakech and is offered at the excellent price of €180,000. WhatsApp Abdulqadir on +212 6 62 62 28 86 or email contact@bosworthpropertymarrakech.com to arrange your private viewing.",https://bosworth9149.eu1.qobrix.com/api/v2/files/download/media/public/huge/12cb285d-5029-407b-a139-eab525e190fa,29,Professionnel (Bosworth Property),2026-09-30
1478,bosworth,Top Level Ourika Road Villa For Sale Marrakech,https://bosworthpropertymarrakech.com/property/top-level-ourika-road-villa-for-sale-marrakech/1478/,Vente,Villa,Marrakech,Route de l'Ourika,€690.000,7452000,750.0,4,5,"Cheminée, House Type: Mansion Villa, Kitchen Type: Open Plan, Piscine","Top Level Ourika Road Villa For Sale Marrakech. Being sold off plan with a super serious developer. 750m2 plots with luxury villas - all are 4 en suite bedrooms and gorgeous. Fabulous architecture. Great spaces. And in an unbelievable environment. Stunning views of the High Atlas Mountains. Yet Just 15 minutes from downtown Marrakech. Just a 15% deposit reserves one of these amazing villas. Don't hesitate! WhatsApp me now on +212 6 5802 5028 or use the contact form on this page and we will provide you with all information. We look forward to hearing from you!

Fabulous architecture - resolutely Moroccan yet super sleek and modern. These off plan villas are amazing value. In the perfect environment, with panoramic views of the High Atlas Mountains, yet only 15 minutes from downtown Marrakech. 4 spacious suites. Generous reception areas with fireplace and bay windows. Big swimming pool and garden. Carport, staff quarters and excellent kitchens. This has to be the best development in this price range in the whole Marrakech region. WhatsApp me now on +212 6 5802 5028 or use the contact form on this page to arrange your private showing.",https://bosworth9149.eu1.qobrix.com/api/v2/files/download/media/public/huge/b0068366-efa0-4fb4-8f04-045dc7c37f8d,10,Professionnel (Bosworth Property),2026-09-30
1479,bosworth,2.8 Hectares Titled Land And Villa For Sale Marrakech,https://bosworthpropertymarrakech.com/property/2-8-hectares-titled-land-and-villa-for-sale-marrakech/1479/,Vente,Villa,Marrakech,Route de l'Ourika,€780.000,8424000,28000.0,,,"Hammam, Piscine, Terrasse panoramique, Titre Foncier, Town Planning Zone: Agricultural","Enjoy a full guided tour of 2.8 Hectares Titled Land And Villa For Sale Marrakech here:

2.8 Hectares Titled Land And Villa For Sale Marrakech.
Freehold title. 2,8 ha. No AVNA, so only available to Moroccans (or dual citizens) and Tunisiens. This Titled land is located on Route Ourika KM23 near Aghmat. Just 40 minutes drive from downtown Marrakech it offers serenity, privacy and a wonderful natural environment.
The land has a semi-finished villa and it is allowed to have a built structure of 600m2. It also has a big 12x4m swimming pool, a 40m deep water well. In addition, there is a little hammam and there are about 350 olive trees on the property.
From the rooftop terrace, the views on the High Atlas mountains are absolutely stunning. This property offers an amazing opportunity to build a gorgeous farm house for vacation, holiday rentals, intimate retreats and more!
Call Pommelien now on +212 661 960119 or mail contact@bosworthpropertymarrakech.com for more information and if you want to arrange a viewing. Don’t miss out!",https://bosworth9149.eu1.qobrix.com/api/v2/files/download/media/public/huge/760af94b-4b67-40b2-a3a2-fc4a510e794e,16,Professionnel (Bosworth Property),2026-09-30
1481,bosworth,Top Location Charming Riad For Sale Marrakech,https://bosworthpropertymarrakech.com/property/top-location-charming-riad-for-sale-marrakech/1481/,Location,Riad,Marrakech,Médina,€298.000,3218400,89.0,2,2,"Accès voiture / Parking, Patio, Terrasse panoramique, Titre Foncier","Top Location Charming Riad For Sale Marrakech. It is full of history and is frankly beautiful. The spacious patio courtyard with it's orange and mandarine trees provides cool shade. The sunny terraces afford excellent views. The internal architecture is classical and superb. It needs a bit of TLC, yet at this price it must be high on your list as your pied-à-terre and as a short term rental investment. Secure 24/7 parking is just 60m form the door. We're just 3 minutes walk from Riad Zitoune Jdid and all the attractions. It is exceptional value at just 298'000 euros. Don't miss out! WhatsApp me now on +212 6 5802 5028 or use the contact form on this page to arrange your private showing. You will love this!

EXCLUSIVE with Bosworth Property Marrakech. This beautiful Riad ticks a lot of boxes - freehold title, great location, beautiful architecture and excellent value investment. The Riad could be lived in now. With a little upgrade it would be an absolute stunner. Get this while it is still available. WhatsApp me now on +212 6 5802 5028 or use the contact form on this page to arrange your private showing. Yes!",https://bosworth9149.eu1.qobrix.com/api/v2/files/download/media/public/huge/2cccbcb4-2adb-4260-8357-e905ed38ed96,9,Professionnel (Bosworth Property),2026-09-30
1484,bosworth,Unique Mouassine Douiria For Sale Marrakech,https://bosworthpropertymarrakech.com/property/unique-mouassine-douiria-for-sale-marrakech/1484/,Vente,Douiria,Marrakech,Mouassine,€395.000,4266000,42.0,,,Terrasse panoramique,"Enjoy a guided tour of this Unique Mouassine Douiria For Sale Marrakech below:

Located in one of the best and central areas in the medina, this little Douiria in Mouassine is perfect for shor term rental. It has a 42m² footprint and has been fully renovated.
There is a total of three bedrooms and three bathrooms, spread over three floors. It's very cosy and colourful. There are two doors from the street to access the Douiria, ideal if you wish to keep the ground floor for private use only. There are two kitchens so you can either rent out the Douiria as a whole or keep the groundfloor living space seperate.
On the terrace, we have some amazing views looking over the iconic Koutoubity mosque and High Atlas mountains. The location is incredible, quiet yet a few steps away from the Jema el Fna square, Jardin Secret. rooftop bars and restaurants... It is currently being rented on AirBnB and ideal for someone looking for a short term rental or Pied a Terre in the heart of the medina.
Contact Colin on +212 6 5802 5028 or mail contact@bosworthpropertymarrakech.com to arrange your private showing!",https://bosworth9149.eu1.qobrix.com/api/v2/files/download/media/public/huge/d57c5e39-7d56-4817-92ca-c747aa564de0,21,Professionnel (Bosworth Property),2026-09-30
1487,bosworth,Wonderful Boccara Riad For Sale Marrakech,https://bosworthpropertymarrakech.com/property/wonderful-boccara-riad-for-sale-marrakech/1487/,Vente,Riad,Marrakech,Berimma,€449.000,4849200,103.0,3,4,"Accès voiture / Parking, Bassin, Cheminée, Patio, Terrasse panoramique","Wow! This is a special Riad in a great location. And at a very reasonable investment point. I love the ambience, created by the celebrated architect Charles Boccara. It is intimate yet effusive. Charmingly Moroccan yet resolutely liveable. All in all a simply beautiful place, whether for your home and/or as a rental investment. Don't miss out on this one!

Located strategically in Berima, this Charming Riad is just wonderful. It has car access practically to your door, and yet is very peaceful and quiet.
It has a 103m2 footprint with 3 lovely bedrooms. The Riad has been designed by the renowned architect Charles Boccara. There are so many wonderful design details, mixed with traditional materials such as the incredible Zaouak wall. The Riad is flooded with natural light and is very calm.
On the groundfloor, there is a cozy salon with fireplace, an elegant dining room and a fully renovated kitchen. The patio has enough space for a plunge pool.
There are two beautiful ensuite bedrooms on the first floor, as well as a lovely little boo. The Riad will be sold partially furnished and is currently rented on AirBnB.
The final bedroom is located on the sunny terrace. The high terrace has some wonderful views on the High Atlas mountains and Royal Palace.",https://bosworth9149.eu1.qobrix.com/api/v2/files/download/media/public/huge/4209dce7-fba6-45f9-9cd8-73d142d88a81,19,Professionnel (Bosworth Property),2026-09-30
1489,bosworth,Super Cute Sidi Ayoub Riad For Sale Marrakech,https://bosworthpropertymarrakech.com/property/super-cute-sidi-ayoub-riad-for-sale-marrakech/1489/,Vente,Riad,Marrakech,Sidi Ayoub,€480.000,5184000,65.0,4,5,"Accès voiture / Parking, Bassin, Patio, Terrasse panoramique","Just a 65m2 footprint yet built up over 3 floors, this gorgeous Sidi Ayoub Riad is charming and well located. Car access to within 60m of the door. Brand new renovation. 4 comfortable en suite bedrooms. Patio courtyard with plunge pool. Excellent terraces with panoramic views. A steal at just 480'000 euros. WhatsApp me now on +212 6 5802 5028 or use the contact form on this page to arrange your private showing. Go for it!

This is a really cosy Riad in a very good location. It is as new, having just been renovated. There are some coll Moroccan features, blended with modern convenience. It makes total sense as a buy to rent opportunity, and would actually make a superb home from home for your family. With an asking price of only 480'000 euros it is very good value for this location. WhatsApp me now on +212 6 5802 5028 or use the contact form to arrange your private showing. Yes!",https://bosworth9149.eu1.qobrix.com/api/v2/files/download/media/public/huge/7378e9f1-045a-4a80-a74f-b0905fedac8f,11,Professionnel (Bosworth Property),2026-09-30
1490,bosworth,Stunning Private Kasbah Riad For Sale Marrakech,https://bosworthpropertymarrakech.com/property/stunning-private-kasbah-riad-for-sale-marrakech/1490/,Vente,Riad,Marrakech,Kasbah,€899.000,9709200,163.0,2,4,Terrasse panoramique,"This Stunning Private Kasbah Riad For Sale Marrakech is in a fabulous location in the Royal Kasbah district of Marrakech Medina. Minimalist and elegant, it oozes class and refinement. Beautifully furnished and decorated it is the prefect Medina home from home and would work very well as an up market rental investment. Just 2 excellent suites, yet is designed to have 4 suites. Two of these are currently be used as sitting rooms. The kitchen is spacious and verw well equipped. The terraces are absolutely wonderful with views all over the Medina and the Koutoubia Mosque and all the way to the High Atlas in the south. WIth an asking price of 899'000 euros this will quickly find someone to love it. WhatsApp me now on +212 6 5802 5028 or use the contact form on this page to arrange your private showing.

I love this Riad. It is bright and spacious and feels like home. The sober, minimalist interior design allows you to dream. The perfect Marrakech Medina abode.
The main sitting room and dining room blends effortlessly into the country style kitchen. There is loads of glass bringing natural light into the living spaces. A second cosy and intimate sitting room could be converted into a third bedroom suite.
The master suite on the first floor is breathtaking. It has one of the most spectacular bathrooms I have ever seen in the Medina - spacious and with a hug Tadelakt tub. The first terrace level has yet another sitting room - again designed to be easily converted in a fourth suite. And the wide expanses of the main terrace area are just superb. The high terrace has spectacular views for miles around, taking in the Koutoubia, Royal Palace and the High Atlas Mountains.  Don't hesitate. WhatsApp me now on +212 6 5802 5028 or use the contact form to arrange your private showing.",https://bosworth9149.eu1.qobrix.com/api/v2/files/download/media/public/huge/28102adb-d661-40bb-ba9c-fbef07fe1d8b,15,Professionnel (Bosworth Property),2026-09-30
1492,bosworth,8 Room Guesthouse Riad For Sale Marrakech,https://bosworthpropertymarrakech.com/property/8-room-guesthouse-riad-for-sale-marrakech/1492/,Vente,Maison d'Hôtes,Marrakech,Sidi Ayoub,€850.000,9180000,146.0,8,9,Patio,"In a great Sidi Ayoub location, just 12 minutes easy walk to Jemaa El Fna. Super well equipped and finished to a very high standard, with lots of marble and natural stone. This is a brand new Riad and it comes with a builder's guarantee! It is an authorised Guesthouse, and has a cute spa as well as a lovely pool in the patio courtyard. This property is designed to make you an excellent return on investment. The sellers will rent it back from you immediately, if you wish, making you an immediate 15% ROI. That is exceptional business and you should jump on this. WhatsApp me now on +212 6 5802 5028 or use the enquiry form on this page to arrange your private showing! Enjoy our short film of this beautiful property ...

In a quiet alley, just 100m from taxi drop off, this beautiful new Riad Guesthouse is low hanging fruit. 8 en suites. Pool. Spa. Everything up and running. You can buy and immediately get 10'000 euros rent per month from your investment. It's a no brainer! WhatsApp me now on +212 6 5802 5028 or use the Enquiry form on this page to arrange your private showing.",https://bosworth9149.eu1.qobrix.com/api/v2/files/download/media/public/huge/95958806-3ad1-4faa-82d9-9b97a35c8c6d,12,Professionnel (Bosworth Property),2026-09-30
1493,bosworth,Luxury Palmeraie Villa For Sale Marrakech,https://bosworthpropertymarrakech.com/property/luxury-palmeraie-villa-for-sale-marrakech/1493/,Vente,Villa,Marrakech,Palmeraie,€850.000,9180000,890.0,4,5,"Air Condition, Common Swimming Pool, Fireplace, Garden Area: 890m², House Type: Mansion Villa, Mountain View, Private Swimming Pool, Secure Door, Separate Laundry Room, Terrasse panoramique, Titre Foncier","This is simply perfect as your Marrakech home. On a manageable plot of 890m2 with freehold title in possibly the best Residence I have ever visited. 4 lovely ensuite bedrooms, generous reception areas, beautiful garden with fruit trees and bio herbs, an excellent pool, and breathtaking views from the terraces. It's in a top Palmeraie location, just 15 minutes from downtown Marrakech. Wow. And at just 850'000 euros it is an absolute steal. Don't miss this one. WhatsApp me now on +212 6 5802 5028 or use the enquiry form on this page to arrange your private showing! Enjoy our video tour of this exceptional property ...

Not only do you get the villa for this excellent price, you also get use of the communal pool, games room, well equipped gym ... and a sauna! That's top notch. You will not find a better Marrakech investment than this. WhatsApp me now on +212 6 5802 5028 or use the enquiry form to arrange your private showing. This is amazing and you will love it!",https://bosworth9149.eu1.qobrix.com/api/v2/files/download/media/public/huge/859e6e8b-06e3-44a5-913a-7591d16a7250,15,Professionnel (Bosworth Property),2026-09-30
1497,bosworth,Central Gueliz Riad For Sale Marrakech,https://bosworthpropertymarrakech.com/property/central-gueliz-riad-for-sale-marrakech/1497/,Vente,Riad,Marrakech,Gueliz,€600.000,6480000,164.0,10,,Titre Foncier,"With a prime location in Rue de Yougoslavie this city center Riad has a 164m2 freehold title footprint. It is zoned for Ground floor +3 levels, meaning you could get over 700m2 of usable space. Boutique Hotel? Restaurant? Concept store? What a fabulous opportunity! And at only 600'000 euros it is the stand out deal of the year in central Gueliz. Grab this while you can. WhatsApp me on +212 6 5802 5028 or use the contact form on this page to arrange your private showing. I expect this to go fast.

Fabulous craftmanship and elegant design. Carved plaster and cedar wood. This could be a Marrakech Medina palace. Yet it's in the heart of the new city - Gueliz. What an opportunity! Your vision will make this into a show stopper. A surefire commercial success. With ground floor plus 3 storeys this gives real punch. And at the super competitive price of just 600'000 euros it is possible below market value. Don't miss this. WhatsApp me now on +212 6 5802 5028 or use the contact form on this page before it's too late. I look forward to hearing from you soon!",https://bosworth9149.eu1.qobrix.com/api/v2/files/download/media/public/huge/6889520b-3b0b-451c-b58f-fa59d538ed2b,11,Professionnel (Bosworth Property),2026-09-30
1498,bosworth,Jardins de l'Atlas Luxury Villa For Sale Marrakech,https://bosworthpropertymarrakech.com/property/jardins-de-latlas-luxury-villa-for-sale-marrakech/1498/,Vente,Villa,Marrakech,Marrakech,€875.000,9450000,400.0,4,6,"Alarm, Fireplace, Furnished: Fully Furnished, Hammam, House Type: Mansion Villa, Maids Room, Mountain View, Piscine, Private Swimming Pool, Secure Door, Separate Laundry Room, Smart Home, Titre Foncier","Fabulously located just 15 minutes outside Marrakech on a domaine comprising a golf course, tennis club, wake-board center and beach club, this Luxury Villa is perfect either as your family home or as a rental investment. On a freehold plot of 400m2 and boasting 4 excellent suites, swimming pool, hammam and spa, home cinema and amazing views of the mountains. At just €875'000 it is very good value.  WhatsApp me now on 00212 6 58025028 or use the Contact form on this page to arrange your private showing!

One of the best developments in the Marrakech area, with an 18 hole golf course, a tennis club and a wake-board pool, not to mention a day club and bar and a restaurant, this villa offers you a full resort experience just 15 minutes from downtown Marrakech. The villa itself is beautiful. There are tons of natural stone. Top quality finishings. A lovely swimming pool. A spa and a home cinema. The views of the domain and of the High Atlas Mountains are breathtaking. Simply outstanding. You won't find a better villa in this price range. WhatsApp me now on +212 6 5802 5028 or fill in the enquiry form on this page to arrange a showing. You will love it!",https://bosworth9149.eu1.qobrix.com/api/v2/files/download/media/public/huge/01141fca-db8d-4385-ae7f-4fde93b3cd40,17,Professionnel (Bosworth Property),2026-09-30
1499,bosworth,Riad Laarous Concept Store For Sale Marrakech,https://bosworthpropertymarrakech.com/property/riad-laarous-concept-store-for-sale-marrakech/1499/,Vente,Riad,Marrakech,Riad Laarous,€220.000,2376000,70.0,1,1,"Accès voiture / Parking, Electricity, Terrasse panoramique, Water","Premium location in Riad Laarous for this property. Titling in progress. Requisition status expected imminently, with the process already well advanced. 70m2 footprint giving 210m2 of usable space. Ideal investment for a restaurant or concept store. And fabulous value at just €220'000. WhatsApp me now on 00212 6 58025028 or mail contact@bosworthpropertymarrakech.com to arrange your private showing!

You can't get a better commercial opportunity than this in Marrakech Medina right now. Just off the Riad Laarous square, at the entrance to the great souks, with car access to within 20m of the door. Simply perfect as your restaurant/concept store in the best possible Medina location. 70m2 on the ground floor, 70m2 on the first floor and 70m2 of fabulous rooftop just ripe for development. Wow! 210m2 for the excellent price of just 220'000 euros. A fabulous deal and we are happy to represent this property. WhatsApp me now on +212 6 5802 5028 or use the enquiry form on this page to arrange your private showing. Don't miss out!",https://bosworth9149.eu1.qobrix.com/api/v2/files/download/media/public/huge/28372abf-7523-437c-8468-b28123f8e5aa,8,Professionnel (Bosworth Property),2026-09-30
1500,bosworth,Wonderful Central Gueliz Apartment For Sale Marrakech,https://bosworthpropertymarrakech.com/property/wonderful-central-gueliz-apartment-for-sale-marrakech/1500/,Vente,Appartement,Marrakech,Gueliz,€185.000,1998000,89.0,2,1,"Accès voiture / Parking, Climatisation, Covered Area: 89m², Covered Parking: 1, Cuisine équipée, Elevator, Fireplace, Floor Number: 3, Furnished: Fully Furnished, Parking: 1, Pets Allowed, Secure Door, Terrasse panoramique, Titre Foncier","Wonderful Central Gueliz Apartment For Sale Marrakech.  89m2 freehold in a superb downtown location. 3rd floor. 2 bedrooms amd 1 bathroom. Sunny terrace. Underground parking. 24/7 security. Elevator. Right in heart of Gueliz less than 400m from Plaza and 700m from Carre Eden. And all for the excellent price of just €185'000. WhatsApp me now on 00212 6 58025028 or mail contact@bosworthpropertymarrakech.com to arrange your private showing.

You can't go wrong with this AirBnB investment. Much sought after Central Gueliz location in a really good residence. 2 bed and 1 bath apartment with modern kitchen, panoramic balcony and underground parking.
Natural stone flooring. Air Conditioning throughout. 24/7 security. You could move in tomorrow.
WhatsApp me now on +212 6 5802 5028 or use the contact form on this page to arrange your viewing of this superb investment opportunity. Don't miss out!",https://bosworth9149.eu1.qobrix.com/api/v2/files/download/media/public/huge/407a8965-094e-46af-bc4a-63d22f884bc1,10,Professionnel (Bosworth Property),2026-09-30
1506,bosworth,Gorgeous Medina Town House For Sale Marrakech,https://bosworthpropertymarrakech.com/property/gorgeous-medina-town-house-for-sale-marrakech/1506/,Vente,Maison,Marrakech,Berimma,€295.000,3186000,33.0,2,2,"Accès voiture / Parking, Cuisine équipée, Terrasse panoramique, Titre Foncier","This gorgeous Medina town houose for sale Marrakech is in a prime location just across from the Royal Palace in Berimma. Freehold title! Two bedrooms and two bathrooms. It has a superb modern kitchen and a very cute terrace area with views over the Palace gardens and all the way to the High Atlas Mountains in the south. Everything is new - the plumbing and electricty, all the appliances and bathrooms. It is perfect as your Marrakech pied-à-terre and would work superbly on AirBnB. With an asking price of just 295'000 euros this will surely sell fast. WhatsApp me now on +212 6 5802 5028 or use the contact form on this page to arrange your private showing. Don't miss out!

With secure parking just 20m from the property and in an excellent location just 200m from the Place des Ferblantiers, the Baadi Palace and all the Medina attractions, this superbly designed town house is a hugely attractive investment opportunity. It would be an excellent Marrakech holiday home for you and would provide really attractive returns as a short term rental. It is brand new and EXCLUSIVE to Bosworth Property Marrakech. Come to the sunshine! Invest in Marrakech.  WhatsApp me now on +212 6 5802 5028 or fill in the Enquiry form to arrange your private visit to this beautiful property. We look forward to hearing from you soon!",https://bosworth9149.eu1.qobrix.com/api/v2/files/download/media/public/huge/c454ed68-6e36-4cd2-8a6a-23d961b57e09,11,Professionnel (Bosworth Property),2026-09-30
1507,bosworth,Ben Salah Jewel Riad For Sale Marrakech,https://bosworthpropertymarrakech.com/property/ben-salah-jewel-riad-for-sale-marrakech/1507/,Vente,Riad,Marrakech,Médina,€495.000,5346000,114.0,3,4,"Air Condition, Bassin, Cheminée, Climatisation, Cuisine équipée, Electricity, Patio, Terrasse panoramique, Titre Foncier, Water","This Ben Salah Jewel Riad For Sale Marrakech is an absolute beauty. With a generous 114m2 of freehold title footprint, you get over 300m2 of living space. The architecture and design are outstanding. It is bright and super cute. The three en suite bedrooms are each comfortable and benefitting from moads of natural light. The courtyard is wonderful - overhung by a majectic Bougainvillia in full bloom. The plunge pool is deep and inviting on those warm Marrakech days. Modern kitchen. Spacious dining room. Excellent salon on the first floor with club chairs, a working fireplace and a flat screen TV. The property is air conditioned throughout. Spacious terraces offer a shady pergola for dining, a superb sun deck ... and a high viewing platform. Wow! With an asking price of just 495'000 euros we expect this to go quickly. Don't hesitate. WhatsApp me now on +212 6 5802 5028 or use the Enquiry form on this page to arrange your private showing.

This is the sweet spot for investment. Perfect as your holiday home and a great ROI on short term rental. Not only is the Riad beautiful but it will bring you top income. 3 beautiful en suite bedrooms, a fabulous 1st floor salon, terraces with views. Wow! This key in hand property is perfectly positioned to bring you income AND a pied-à-terre in Marrakech Medina. WhatsApp me now on +212 6 5802 5028 or use the Enquiry form on this page to set up your private showing. You will love this.",https://bosworth9149.eu1.qobrix.com/api/v2/files/download/media/public/huge/56f12eb8-d75c-4fcd-a23d-fc29903cd4fe,21,Professionnel (Bosworth Property),2026-09-30
1509,bosworth,Exceptional Bab Doukalla Guesthouse Riad For Sale Marrakech,https://bosworthpropertymarrakech.com/property/exceptional-bab-doukalla-guesthouse-riad-for-sale-marrakech/1509/,Vente,Maison d'Hôtes,Marrakech,Bab Doukkala,€850.000,9180000,174.0,6,8,"Air Condition, Bassin, Electricity, Patio, Titre Foncier, Water","Exceptional Bab Doukalla Guesthouse Riad For Sale Marrakech. On a very generous 174m2 freehold title footprint, this authorised guesthouse deploys over 400m2 of living space. A beautiful patio courtyard, with a deep plunge pool, boasting superb colonnaded architecture. It is harmonious and spacious. Just 6 beautiful en suite bedrooms. A fabulous kitchen with it's central island - perfect for organising cooking classes. The salon is wonderful and has a main area, a fireside nook and a TV lounge. The ground floor also hosts one en suite bedroom and a visitors cloakroom. What a fabulous opportunity! EXCLUSIVE with Bosworth Property Marrakech. Being sold key-in-hand for the excellent price of just 850'000 euros. Don't miss out! WhatsApp me now on +212 6 5802 5028 or use the Enquiry form on this page to arrange your private showing. Don't miss out!

In a quiet alley just 50m from the Gza Road in Bab Doukalla, Marrakech Medina, this is an excellent location. Taxi drop off is just 50m from the door. All the attractions are within easy walking distance - Dar El Bacha, Jemaa El Fna, Majorelle Gardens and the Yves Saint Laurent Museum.
The property is in excellent condition throughout. Basically the Riad is as new. The seller has used this as a passion project - never really pushed for occupancy. Yet all the papers are squeaky clean and it's ready to roll. If you're looking to hit the ground running in Marrakech Medina at a reasonable price, then this is the Riad for you. WhatsApp me now on +212 6 5802 5028 or mail contact@bosworthpropertymarrakech.com to arrange your private showing. You will love it!",https://bosworth9149.eu1.qobrix.com/api/v2/files/download/media/public/huge/f3f5d8c0-cd7f-4d5d-abbe-6572a689f52a,18,Professionnel (Bosworth Property),2026-09-30
1514,bosworth,Stunning 9 Room Central Medina Riad For Sale Marrakech,https://bosworthpropertymarrakech.com/property/stunning-9-room-central-medina-riad-for-sale-marrakech/1514/,Vente,Riad,Marrakech,Bab Taghzout,€1.600.000,17280000,267.0,9,12,"Accès voiture / Parking, Patio, Piscine, Titre Foncier","Stunning 9 room Central Medina Riad For Sale Marrakech. Fabulous Bab Taghzout location with car access to the door. 265m2 freehold footprint, giving well over 500m2 of living space.  The Riad has never operated, so you get a clean sheet. Ready to go! The patio courtyard is simply gorgeous and boasts a fantastic swimming pool. Brand new renovation, so everything is guaranteed. Being sold key in hand for just 1.6m Euros. That's a fabulous deal. WhatsApp me now on +212 6 5802 5028 or mail contact@bosworthpropertymarrakech.com to arrange your private showing of this amazing Riad.

If you're looking for a big and beautiful historic Riad in Marrakech Medina, look no further. 9 gorgeous suites. Fabulous courtyard with a deep pool. Amazing location with parking at the door! Just renovated so everything is brand new. Wow! The asking price of 1.6m euros is super accessible for a Riad of this quality. WhatsApp me now on +212 6 5802 5028 or use the Enquiry form on this page to arrange your private showing of this beautiful property. Don't hesitate. We look forward to hearing from you soon!",https://bosworth9149.eu1.qobrix.com/api/v2/files/download/media/public/huge/06683bbe-2880-4098-86d2-c12326194f25,21,Professionnel (Bosworth Property),2026-09-30
1515,bosworth,Prestige Luxury Golf Villa For Sale Marrakech,https://bosworthpropertymarrakech.com/property/prestige-luxury-golf-villa-for-sale-marrakech/1515/,Vente,Villa,Marrakech,Marrakech,€990.000,10692000,468.0,5,6,"Air Condition, Alarm, Covered Area: 468m², Fireplace, Furnished: Fully Furnished, House Type: Mansion Villa, Maids Room, Private Swimming Pool, Secure Door, Smart Home","Prestige Luxury Golf Villa For Sale Marrakech. Right on the 17th tee of the Tony Jacklin designed golf course in the excellent Argan Golf Resort, just minutes from downtown Marrakech. This luxury villa will seduce you with its indoor-outdoor living. And with the quality of the building. It's superb! Five lovely bedrooms. A beautiful garden with pool, right on the golf course. Two kitchens. Great reception areas. Exclusive with Bosworth Property Marrakech and yours for the excellent price of just 990'000 Euros. WhatsApp me now on +212 6 5802 5028 or mail contact@bosworthpropertymarrakech.com to arrange your private showing of this luxury villa Marrakech. We look forward to hearing from you!

Whether you're looking for your dream holiday home in sunny Marrakech or maybe looking to invest in a high ROI property, this is a stunner. Fabulously located and perfectly presented. 5 bedrooms, 2 kitchens and wonderful indoor-outdoor living. At less than 1m Euros this is a fabulous deal. WhatsApp me now on +212 6 5802 5028 or use the Enquiry form on this page to arrange your private showing. You will love it!",https://bosworth9149.eu1.qobrix.com/api/v2/files/download/media/public/huge/828b1dfc-2f31-47cd-b34c-d35d38a6dca3,18,Professionnel (Bosworth Property),2026-09-30
1516,bosworth,Prime Location Medina Riad For Sale Marrakech,https://bosworthpropertymarrakech.com/property/prime-location-medina-riad-for-sale-marrakech/1516/,Location,Riad,Marrakech,Dar El Bacha,€500.000,5400000,108.0,4,,Terrasse panoramique,"Prime Location Medina Riad For Sale Marrakech. 108m2 footprint on a street that sees thousands of people every day. Just off Dar El Bacha and right in front of the Sidi Abdelaziz religious centre. Absolutely fabulous location for your commercial premises - restaurant, concept store etc. You can open a shopfront onto this high footfall street. Wow! Ground floor, first floor and terrace give you over 220m2 of usable space in the beating heart of the Medina. At just 500'000 euros this is a not-to-miss oppurtunity. WhatsApp me now on +212 6 5802 5028 or use the contact form on this page to arrang your private showing. You will love it!

A Riad with simply massive potential. Imagine opening your business in this location. You are guaranteed thousands of people walking past every day. The location is the best you will find in Marrakech Medina. The property currently has Requisition status and will get it's title shortly. Don't miss this opportunity. It is perfect for your Medina project. WhatsApp me now on +212 6 5802 5028 or fill in the enquiry form on this page to arrange your private visit. We look forward to hearing from you!",https://bosworth9149.eu1.qobrix.com/api/v2/files/download/media/public/huge/a1b419e9-6b14-4990-88fd-714003a174bd,12,Professionnel (Bosworth Property),2026-09-30
1517,bosworth,Architect's Luxury Villa For Sale Marrakech,https://bosworthpropertymarrakech.com/property/architects-luxury-villa-for-sale-marrakech/1517/,Vente,Villa,Marrakech,Route d'Amizmiz,€1.750.000,18900000,1730.0,4,7,"Air Condition, Covered Parking: 4, Elevator, Fireplace, Hammam, House Type: Mansion Villa, Maids Room, Private Swimming Pool, Separate Laundry Room, Smart Home, Titre Foncier","Architect's Luxury Villa For Sale Marrakech. On a freehold plot of over 1700m2 and in a spectacular natural environment, this luxury villa is finished to the highest standards throughout. It is on a small development of just 10 villas and benefits from 24/7 security. Just 10 minutes from the Mohammed VI Boulevard in downtown Marrakech, the location is perfect. There are four superb suites and a tremendous reception area giving straight on to the pool area. The lower ground floor is basically a blank canvas - currently there is a huge kitchen, an en suite bedroom, two empty rooms and a big underground car park. The views from the first floor suites are fantastic. The property is surrounded by flowering trees and beautiful nature. This stunning property could be yours for 1.75m euros and it is very good value. WhatsApp me now on +212 6 5802 5028 or use the form on this page to arrange your private showing. You will love it!

This property boasts a new lift, a hammam/sauna, a fabulous open plan kitchen as well as staff quarters. The design is beautiful, with lots of red brick and natural stone finishes. It is superbly located off the Amizmiz Road - quiet yet super accessible. It is a truly superb development. The gardens are superb. And the natural environment all around is outstanding. Mature trees, abundant bird life and serenity. This is a stand out property and is highly recommended. WhatsApp me now on +212 6 58025028 or use the Enquiry form on this page to book your private showing of this Architect's Luxury Villa For Sale Marrakech. Don't miss out. Do it now!",https://bosworth9149.eu1.qobrix.com/api/v2/files/download/media/public/huge/cb637649-7cb8-4e0e-987a-ab7accba8b1b,18,Professionnel (Bosworth Property),2026-09-30
1518,bosworth,100m2 Gueliz Apartment For Sale Marrakech,https://bosworthpropertymarrakech.com/property/100m2-gueliz-apartment-for-sale-marrakech/1518/,Vente,Appartement,Marrakech,Gueliz,€175.000,1890000,100.0,2,,"Accès voiture / Parking, Common Swimming Pool, Covered Area: 100m², Covered Parking: 1, Elevator, Floor Number: 2, Furnished: Fully Furnished, Patio, Secure Door","100m2 Gueliz Apartment For Sale Marrakech. Close to the railway station and central downtown. Second floor of a nice building with a large pool. The buiding has 24/7 security and a good lift, as well as a dedicated underground parking space. Two bedrooms and two bathrooms. The kitchen is spacious and bright. There are two balconies affording views into the courtyard and the pool area. With an asking price of just 175'000 euros this is excellent value. WhatsApp me now on +212 6 5802 5028 or use the Enquiry form on this page to arrange your private showing!

This is a very good location and a very cute apartment. It could possibly do with a bit of TLC yet is in excellent condition. Perfect as your Marrakech home from home and it would get you fabulous returns as a short term rental investment. WhatsApp me now on +212 6 5802 5028 or fill in the Enquiry form and we will arrange for you to see this apartment. Don't miss out!",https://bosworth9149.eu1.qobrix.com/api/v2/files/download/media/public/huge/5dc2e8e7-3be5-4e6b-ae26-d42395791a74,11,Professionnel (Bosworth Property),2026-09-30
1519,bosworth,Fabulous Medina Commercial Space Riad For Sale Marrakech,https://bosworthpropertymarrakech.com/property/fabulous-medina-commercial-space-riad-for-sale-marrakech/1519/,Vente,Commerce,Marrakech,Bahia,€300.000,3240000,63.0,1,1,"Electricity, Terrasse panoramique, Titre Foncier, Water","In a superb location just off Riad Zitoune Jdid with plenty of footfall, this property is currently configured as a shop. It has a ground floor, first floor and sunny terrace. It's perfect for your concept, restaurant/cafe. And it has freehold title! With an asking price of just 300'000 euros this is low hanging fruit. WhatsApp me now on +212 6 5802 5028 or use the Enquire form on this page to reserve your private showing. This will go fast!

In the upmarket Derb Bahia, just two minutes from the Bahia Palace and an easy stroll down Riad Zitoune Jdid to the iconic Jemaa El Fna Square, this recently renovated commercial space is a blank canvas. It is just waiting for you to bring your concept. With freehold title it is a 100% secure pruchase. You will love the location and the human scale of the building. And the price is super accessible at just 300'000 euros. WhatsApp me now on +212 6 5802 5028 or fill in the Enquiry form and we will be straight in touch with you to arrange your private showing!",https://bosworth9149.eu1.qobrix.com/api/v2/files/download/media/public/huge/0c6f5f04-c9b8-4799-9fe2-ad892a0ea03e,6,Professionnel (Bosworth Property),2026-09-30
1520,bosworth,Prime Fes Road Building Land For Sale Marrakech,https://bosworthpropertymarrakech.com/property/prime-fes-road-building-land-for-sale-marrakech/1520/,Vente,Terrain,Marrakech,Route de Fes,€620.000,6696000,9900.0,,,"Mountain View, Titre Foncier","Prime Fes Road Building Land For Sale Marrakech. Zoned for development in SD1. Great location just 20 minutes from downtown Marrakech. This could be for your luxury villa! Or it could be split in various private villas for resale. 9900m2 of freehold title. All amenities are immediately adjacent and there is even a deep well on the property. With an asking price of just 620'000 euros this is a tremendous opportunity. WhatsApp me now on +212 6 5802 5028 or fill in the form on this page to arrnage your on site visit. We look forward to hearing from you!

Just off the main Fes Road, between the Bab Atlas roundabout and Souk Sebt, this plot is fabulous. As you can see, it has luxury villas for neighbours and is close to the Palais d'O and many luxury resorts. It's a good shape, is fully titled and can be built.At just 620'000 euros it is the stand out opportunity in this sector. WhatsApp me now on +212 6 5802 5028 or use the Enquiry form on this page to arrange your showing. Don't miss out on this one!",https://bosworth9149.eu1.qobrix.com/api/v2/files/download/media/public/huge/125b8206-00bb-4074-8539-a89d9093ff50,5,Professionnel (Bosworth Property),2026-09-30
1521,bosworth,Fabulous Spice Market Riad For Sale Marrakech,https://bosworthpropertymarrakech.com/property/fabulous-spice-market-riad-for-sale-marrakech/1521/,Vente,Riad,Marrakech,Médina,€1.270.000,13716000,175.0,6,8,"Air Condition, Bassin, Electricity, Patio, Terrasse panoramique, Water","In a superb Spice Market location in the heart of Marrakech Medina, this beautiful 6 bedroom Riad Guesthouse has it all. Wonderful architecture, patio courtyard with a big pool, full spa and terraces with amazing Koutoubia views. This is a successful business and is being sold key in hand. At just 1.27m euros it is excellent value. WhatsApp me now on +212 6 5802 5028 or use the Enquire form on this page to arrange your private showing. You will love it!

This beauitful and wonderfully located Riad Guesthouse is a successful running business. In a quiet alleyway just off the Spice Market it has an excellent track record and you can hit the ground running in Marrakech Medina.
The chicaned entrance takes you past the kitchen and into the bright and spacious patio courtyard. There is a retractable glass roof, remote controlled, allowing you to control the internal climate year round. On the ground floor is a charming salon, two en suite bedrooms, a heated plunge pool, reception and a visitors cloakroom.
The first floor has the further four en suite bedrooms.
The terrace is superbly equipped with summer kitchen and pergola, full spa and loads of space for sunning. And above it all is a super high platform boasting views of the Koutoubia Mosque and all the Medina. Wow!
With an asking price of just 1.27m euros this is excellent value. WhatsApp me now on +212 6 5802 5028 or use the Enquire form on this page to arrange your private showing.",https://bosworth9149.eu1.qobrix.com/api/v2/files/download/media/public/huge/f354b105-15d5-4c95-bb81-f8ba742deb03,15,Professionnel (Bosworth Property),2026-09-30
1523,bosworth,Bargain Top Location Building Land For Sale Marrakech,https://bosworthpropertymarrakech.com/property/bargain-top-location-building-land-for-sale-marrakech/1523/,Location,Terrain,Marrakech,Royal Golf,€620.000,6696000,9643.0,,,"Land Type: Building Land, Titre Foncier","With 9643m2 of freehold and in the Urban Zone this plot is being sold for just 620'000. That's an amazing bargain.  Just behind the Royal Golf and Amelkis, only 10 minutes from Marrakech Medina, the location is optimal. Zoned for YOUR luxury villa. Wow! WhatsApp me now on 00212 6 58025028 or mail contact@bosworthpropertymarrakech.com to arrange your private showing.  This will sell quickly.

This square plot, wonderfully located near to the Royal Golf, is being sold at a knock down price. It is in the urban zone and you can build your villa here! Just 10 minutes from Marrakech Medina. Wow! At just 620'000 euros this is a steal. Bite my hand off! WhatsApp me now on +212 6 5802 5028 or use the Enquire Form on this page to arrange you private showing. It's a true bargain!",https://bosworth9149.eu1.qobrix.com/api/v2/files/download/media/public/huge/b7df02e8-3fdd-4e00-929f-d5bad9966ae2,5,Professionnel (Bosworth Property),2026-09-30
1524,bosworth,Affordable 2-bed Apartment Near Mosque Al Anouar For Sale Marrakech,https://bosworthpropertymarrakech.com/property/affordable-2-bed-apartment-near-mosque-al-anouar-for-sale-marrakech/1524/,Vente,Appartement,Marrakech,Bab Doukkala,€90.000,972000,82.0,2,1,"Accès voiture / Parking, Apartment Type: Standard Apartment, Terrasse panoramique","Located just off Mosque Al Anouar on Boulevard Allal Al Fassi, this 82m² apartment is at just €90,000. That's a great price for a city centre apartment! The property features 2 bedrooms, a shared bathroom, a large Moroccan salon, a practical kitchen, and a superb outdoor terrace. Offered exclusively by Bosworth Property Marrakech. WhatsApp +212 6 62 62 28 86 or email contact@bosworthpropertymarrakech.com to arrange your private showing!

Located just off Mosque Al Anouar on Boulevard Allal Al Fassi, this 82m² apartment is offered at only 950,000 MAD (approximately €90,000, excluding acquisition costs and agency commission). Situated on the third floor, the apartment offers a practical and comfortable layout comprising a large traditional Moroccan salon, a functional kitchen, two bedrooms, a shared bathroom, and a generous outdoor terrace that significantly extends the living space.
The current owners have carried out improvement works throughout the apartment, creating a home that can be enjoyed immediately without the need for major renovation. A particular highlight of the property is the spacious terrace, a versatile outdoor area ideal for dining, entertaining guests, relaxing with family, or simply enjoying Marrakech's pleasant climate throughout much of the year.
Location is another key advantage. The property is situated approximately five minutes from the Yves Saint Laurent Museum and Majorelle Garden, seven minutes from Bab Doukkala and the historic Medina, and around ten minutes from central Gueliz. Conveniently positioned close to schools, shops, cafés, restaurants, and public transport links, it enjoys excellent access to everyday amenities.
The apartment will particularly appeal to first-time buyers, small families, retirees, or anyone seeking an affordable and comfortable home in an established local neighbourhood rather than a speculative investment property.
While the residence forms part of Marrakech's older housing stock and does not have a lift, it is a quiet and established residential complex with on-site parking and excellent access to the city's principal amenities.
An additional advantage is that the residence does not currently operate with a formal syndic, resulting in no monthly syndic fees. According to the seller, there are currently no known residence-level restrictions on short-term rentals, subject to verification by the purchaser's notary during the acquisition process.
Properties offering this combination of space, outdoor living, location, and affordability are becoming increasingly difficult to find in Marrakech, particularly at this price point.
This affordable apartment is offered exclusively through Bosworth Property Marrakech. WhatsApp Abdulqadir on +212 6 62 62 28 86 or email contact@bosworthpropertymarrakech.com to arrange your private showing.",https://bosworth9149.eu1.qobrix.com/api/v2/files/download/media/public/huge/44c1185e-0fd9-4b0b-97b1-0ea9e687f6f1,16,Professionnel (Bosworth Property),2026-09-30
1525,bosworth,Bargain Jemma El Fna Riad For Sale Marrakech,https://bosworthpropertymarrakech.com/property/bargain-jemma-el-fna-riad-for-sale-marrakech/1525/,Vente,Riad,Marrakech,Médina,€430.000,4644000,176.0,4,5,"Air Condition, Electricity, Patio, Titre Foncier, Water","Wow! 176m2 titled footprint, deploying over 380m2 of living space, in the heart of the souks, less than 5 minutes walk from the iconic Jemaa El Fna Square. It needs work, as you can see in the film, yet with an asking price of just 435'000 euros it is a standout deal. Don't miss this opportunity. WhatsApp me now on +212 6 5802 5028 or mail contact@bosworthpropertymarrakech.com to arrange your private showing!

In the beating heart of Marrakech Medina souks, an easy 5 minute stroll to the splendorous Jemaa El Fna big square, this property has freehold title and a big 176m2 footprint. That gives you nearly 400m2 of living space! It currently has four en suite bedrooms and you could easily get a fifth in here if your plan is to make a boutique Guesthouse. The wide and bright patio courtyard will take a big pool.
The Riad needs some work, even though an English family are comfortable living here now. An uplift could double the value of this superb Riad in a stunning location.
With n asking price of just 430'000 euros this will fly off the shelf. WhatsApp me now on +212 6 5802 5028 or use the Enquiry form on this page to arrange your private showing of this beautiful property! Don't miss out!",https://bosworth9149.eu1.qobrix.com/api/v2/files/download/media/public/huge/f7971e90-4428-4b2f-8d80-6488cb083f15,13,Professionnel (Bosworth Property),2026-09-30
1526,bosworth,Gorgeous Villa For Sale Marrakech,https://bosworthpropertymarrakech.com/property/gorgeous-villa-for-sale-marrakech/1526/,Vente,Villa,Marrakech,Route de Fes,€550.000,5940000,350.0,2,,"Covered Parking: 1, Furnished: Optionally Furnished, House Type: Mansion Villa, Terrasse panoramique, Titre Foncier","In a superb gated community just 7KM from downtown Marrakech this beautiful villa sits on a freehold plot of about 350m2. It has a lovely private pool. And the residence has a big public pool. The Villa has great views of the Atlas Mountains. Two well appointed en suite bedrooms. There is a thrid room, currently used as staff quarters, which could make a third en suite bedroom on the terrace level. It is superb value, either as your pied-a-terre or as a buy to let property. At just 550'000 euros this will sell quickly. WhatsApp me now on +212 6 5802 5028 or use the Enquire form on this page to arrange your private of this gorgeous villa.

This is really lovely. If you're looking for an affordable villa in a well maintained residence within 15 minutes drive of downtown Marrakech, then this is the one for you. Perfect as a family home or holiday home or buy to let investment. In excellent condition throughout. Being sold unfurnished. It is charming and well built. Notice the Travertine floors. It represents Marrakech indoor/outdoor living at it's best. At just 550'000 euros it is excellent value. WhatsApp me now on +212 6 5802 5028 or use the Enquire form on this page to arrange your private showing. Don't miss out!",https://bosworth9149.eu1.qobrix.com/api/v2/files/download/media/public/huge/2f197758-502b-4a50-a2da-982b7cace266,13,Professionnel (Bosworth Property),2026-09-30
1527,bosworth,Gorgeous Bab Taghzout Riad For Sale Marrakech,https://bosworthpropertymarrakech.com/property/gorgeous-bab-taghzout-riad-for-sale-marrakech/1527/,Vente,Riad,Marrakech,Bab Taghzout,€525.000,5670000,117.0,4,5,"Accès voiture / Parking, Air Condition, Bassin, Electricity, Patio, Terrasse panoramique, Titre Foncier, Water","In a very accessible Bab Taghzout location in central Marrakech Medina, and with a generous 117m2 freehold title footprint, this 4 en suite Riad is not only gorgeous but has stunning views. At just 525'000 euros it is a very smart investment. WhatsApp me now on +212 6 5802 5028 or use the Enquiry form on this page to arrange your private showing. Perfect for AirBnB. Don't miss out!

At the end of a quiet alleyway just 70m from parking, this Gorgeous Bab Taghzout Riad For Sale Marrakech has everything - accessibility, beautiful architecture, wonderful decoration and interior design. All in excellent condition. It is already a highly successful short term rental property, so you can just walk in and get to work. It would also make a most fabulous Medina pied-a-terre for you and your family. The charming patio has a good plunge pool and gives onto the kitchen and excellent public spaces.
There are three good en suites on the first floor. And the fourth room, with it's private staircase and private balcony, is on the second floor.
The sunny terraces are wonderful. The high terrace has some of the best views imaginable!
With an asking price of just 525'000 euros this is low hanging fruit. WhatsApp me now on +212 6 5802 5028 or use the Enquiry form on this page to arrange your showing. You will love it!",https://bosworth9149.eu1.qobrix.com/api/v2/files/download/media/public/huge/cd9a5a86-2f97-489f-9e99-6be3c6dac631,16,Professionnel (Bosworth Property),2026-09-30
1528,bosworth,Stylish 2-bed Apartment in Agdal For Sale Marrakech,https://bosworthpropertymarrakech.com/property/stylish-2-bed-apartment-in-agdal-for-sale-marrakech/1528/,Vente,Appartement,Marrakech,Agdal,€250.000,2700000,64.0,2,1,"Accès voiture / Parking, Apartment Type: Standard Apartment, Cheminée, Climatisation, Common Swimming Pool, Covered Area: 18m², Covered Parking: 1, Covered Verandas: 11m², Elevator, Fireplace, Floor Type: Tiles, Furnished: Fully Furnished, Kitchen Type: Separated, No. of Floors in building: 3, Patio, Piscine, Renovation Year: 2026, Secure Door, Storage Space, Terrasse panoramique, Titre Foncier, Uncovered Verandas: 10m²","Located on Boulevard Mohammed VI in Agdal, this beautifully renovated 103m² apartment offers 2 bedrooms, multiple outdoor living spaces, elegant bohemian minimalist interiors, and access to one of Marrakech's most established gated residences. With resort-style amenities, mature landscaped gardens, and a top-floor position, this property offers an attractive blend of lifestyle, convenience, and long-term value. This unit would certainly fly on Airbnb too! Offered at just €250,000, including an underground parking space. Contact Bosworth Property Marrakech today on WhatsApp +212 6 62 62 28 86 or email contact@bosworthpropertymarrakech.com to arrange your private viewing.

Located on Boulevard Mohammed VI, just ten minutes from Marrakech Menara Airport, a 5-minute drive from Al Mazar Mall, and within easy reach of the modern conveniences of Hivernage, Gueliz and the ancient Medina.
Set within one of Agdal's most established and sought-after gated residences, this beautifully renovated 2-bedroom apartment (1 bathroom + 1 guest cloakroom) offers an increasingly rare combination of privacy, outdoor living, architectural character, and long-term value in one of Marrakech's most desirable residential districts.
Occupying a top-floor position, the apartment extends 103m² of living space and benefits from a dual-aspect layout that fills the interiors with natural light throughout the day. Thoughtfully redesigned in a refined bohemian minimalist style, the property has been finished to a high standard and is offered in turnkey condition, ready for immediate occupation or rental use.
The principal living area opens directly onto a spacious terrace, creating a seamless connection between indoor and outdoor living. A traditional zellige fireplace adds warmth and character, while high-quality wood-effect ceramic flooring brings a clean contemporary aesthetic throughout the apartment.
One of the property's standout features is its exceptional outdoor space. With two terraces and two private balconies, every principal room enjoys direct access to the outdoors, creating a lifestyle perfectly suited to Marrakech's year-round climate.
Whether it's a morning coffee, an evening aperitif, or simply enjoying the Marrakech climate, the outdoor spaces become a natural extension of the apartment itself.
The apartment offers two well-proportioned bedrooms positioned at opposite ends of the property, providing a level of privacy rarely found in apartments of this size. Both bedrooms feature built-in wardrobes, central air conditioning, and access to private outdoor areas.
The fully integrated kitchen has been completed with quartz worktops, quality cabinetry, and premium finishes, while the bathrooms and guest cloakroom showcase large-format marble-effect ceramic surfaces, brushed gold fittings, and meticulous attention to detail throughout.
Beyond the apartment itself, residents enjoy access to one of Agdal's most attractive residential environments. Mature olive gardens, a resort-style lagoon swimming pool, concierge services, a well-equipped gym, underground parking, and 24-hour security combine to create a peaceful and highly desirable living environment - all for just 600 MAD in syndic fees per month (7,200 MAD/yearly).
What truly distinguishes this residence is its architectural identity. As Agdal continues to evolve, authentic Arabo-Andalouse developments of this calibre are becoming increasingly scarce. Defined by timeless design, mature landscaping, and an established residential setting and quality amenities, this residence has become an enduring reference point (anchor) within the district. Unlike many contemporary projects, it has a character and authenticity that cannot easily be recreated, helping preserve both its desirability and long-term value.
From an investment perspective, the timing is particularly compelling. Continued infrastructure improvements along Boulevard Mohammed VI, the forthcoming Morocco Mall, significant investment linked to the 2030 FIFA World Cup, and Marrakech's growing international profile continue to reinforce Agdal's position as one of the city's most attractive residential districts.
As demand grows and opportunities to acquire turnkey properties within established Arabo-Andalouse residences become increasingly limited, assets of this nature are expected to remain highly sought after.
Offered at €250,000, including the furniture and a titled underground parking space, this apartment represents a rare opportunity to acquire a fully renovated turnkey property within one of Agdal's most established residential communities.
Arrange Your Private Viewing:
Whether you are seeking a Marrakech residence, a lock-up-and-leave holiday home, or a strategically positioned investment property, this apartment offers a combination of lifestyle, character, and value that is becoming increasingly difficult to find.
To receive the floor plans, 3D virtual tour, additional photographs, or to arrange your private viewing, contact Abdulqadir Hussein at Bosworth Property Marrakech today.
📞 WhatsApp: +212 6 62 62 28 86
📧 Email: abdulqadir@bosworthpropertymarrakech.com
Contact us today and discover why properties of this quality within Agdal's most established Arabo-Andalouse residences rarely remain available for long.",https://bosworth9149.eu1.qobrix.com/api/v2/files/download/media/public/huge/14c02136-a055-4021-b0e0-56058c54ad83,23,Professionnel (Bosworth Property),2026-09-30
1529,bosworth,Excellent Bab Doukalla Investment Riad For Sale Marrakech,https://bosworthpropertymarrakech.com/property/excellent-bab-doukalla-investment-riad-for-sale-marrakech/1529/,Vente,Riad,Marrakech,Bab Doukkala,€345.000,3726000,70.0,3,4,"Accès voiture / Parking, Air Condition, Electricity, Jacuzzi, Patio, Terrasse panoramique, Titre Foncier, Water","In a top Bab Doukalla location, next to BCK Art Riad, and just 100m from taxi drop off and parking, this Riad has a generous 70m2 freehold title footprint, giving over 220m2 of living space. Three en suite bedrooms. Open plan sitting room and dining room. It has a bright patio courtyard and a jacuzzi on the first terrace level. The high terrace, with nearly 40m2, has good views and is just perfect for your sundowners. The Riad has just been renovated and everything is new - ready for you to bring your furnishing and deco and make this into a fabulous home. Perfect for short term rental. With an asking price of just 345'000 euros this is bound to sell quickly. WhatsApp me NOW on +212 6 58025028 or mail contact@bosworthpropertymarrakech.com to arrange your private viewing. Don't miss out!

This is a blank canvas. Just renovated and in perfect condition it offers you the possibility to take on the interior decoration. This is an amazing holiday home and would work super well on short term rental platforms. It's in a great location in Bab Doukalla - close to all the Medina attractions and just a short walk to the Yves Saint Laurent gardens and the new city in Gueliz. Highly recommended at the excellent value price of just 375'000 euros. WhatsApp me now on +212 6 5802 5028 or use the Enquiry form on this page to arrange your private showing. You will love it!",https://bosworth9149.eu1.qobrix.com/api/v2/files/download/media/public/huge/59b60443-1b9c-4df6-9cf4-50bfe3df8016,12,Professionnel (Bosworth Property),2026-09-30
1530,bosworth,Boutique Zitoune Riad For Sale Marrakech,https://bosworthpropertymarrakech.com/property/boutique-zitoune-riad-for-sale-marrakech/1530/,Vente,Riad,Marrakech,Médina,€520.000,5616000,75.0,4,5,Titre Foncier,"Fabulous Riad Zitoune Lkdim location amd set on 75m2 of freehold footprint, this 4 en suite Riad For Sale Marrakech deploys over 4 levels. Fabulous interior design and in top condition throughout. Ideal as your pied a terre and as a short term rental investment. Excellent value at just €520'000. WhatsApp me now on 00212 6 58025028 or fill in the Enquiry form on this page to arrange your private showing!

The location is perfect, just 5 minutes walk from the iconic Jemaa El Fna square. The property is fully turn key - you can walk in and start work. Or leave your bags and begin to enjoy from the first day! Everything is new - electrics, plumbing, machines ... so you get a hassle free property in an amazing location at a great price. WhatsApp me now on +212 6 5802 5028 or fill in the short Enquiry form on this page and we will arrange your private showing of this stunning Boutique Zitoune Riad For Sale Marrakech. You will love it!",https://bosworth9149.eu1.qobrix.com/api/v2/files/download/media/public/huge/e80d2a72-b47d-4223-af0e-e514cb247e85,14,Professionnel (Bosworth Property),2026-09-30
1531,bosworth,Dreamy Luxury Villa For Sale Marrakech,https://bosworthpropertymarrakech.com/property/dreamy-luxury-villa-for-sale-marrakech/1531/,Vente,Villa,Marrakech,Médina,€1.050.000,11340000,1080.0,4,5,"Air Condition, Fireplace, Furnished: Unfurnished, House Type: Mansion Villa, Kitchen Type: Open Plan, Maids Room, Mountain View, Private Swimming Pool, Secure Door, Separate Laundry Room, Titre Foncier","This Dreamy Luxury Villa For Sale Marrakech is set on over 1000m2 of freehold title in a much sought after residence just outside the city. Designed by the famous architect Charles Boccara! Only 10 minutes from the American School and 20 minutes from the Medina. There is 24/7 security and the residence is super well maintained. The villa boasts a superb mature garden with palms and trees, superbly landscaped. There is a vast reception for entertaining and three beautiful suites, with lashings of natural light. A fourth bedromm is in an annexe near the pool. The pool is superb. In fact the whole property speaks to luxury and refinement. At just 1.05m Euros this could be your Marrakech residence. And of course it would command a highly weekly rate on short term rental portals. WhatsApp me now on +212 6 5802 5028 or mail contact@bosworthpropertymarrakech.com to arrange your private showing. You will love this!

Boccara villas are very rarely on the market and this is a real beauty. It melds traditional Moroccan architecture with modern comfort seamlessly. It is a prestige property. Set on over a thousand square metres of freehold and nestled in a secure residence less than 20 minutes from Marrakech Medina, it is simply perfect as your Marrakech getaway. Being sold unfurnished at just 1'050'000 euros it is a steal. Don't miss out! WhatsApp me now on +212 6 5802 5028 or use the Enquiry form on this page to arrange your private showing. This is special!",https://bosworth9149.eu1.qobrix.com/api/v2/files/download/media/public/huge/769d5053-f459-4ee7-8f1c-d75b5b1a48f2,14,Professionnel (Bosworth Property),2026-09-30
1533,bosworth,Classic Wilbaux Riad For Sale Marrakech,https://bosworthpropertymarrakech.com/property/classic-wilbaux-riad-for-sale-marrakech/1533/,Vente,Riad,Marrakech,Kennaria,€875.000,9450000,180.0,5,4,"Bassin, Climatisation, Patio, Terrasse panoramique, Titre Foncier","Beautifully restored by the famous architect Quentin Wilbaux, this classic Riad has a 180m2 freehold footprint in Kennaria, a much sought after location close to Jemaa El Fna. This quality of property rarely comes to market. Five bedrooms, including three with en suite bathrooms. The wide and bright patio courtyard has superb internal facades and collonaded coursives. And the four sided terrace boats a superb rooftop plunge pool. This is simply perfect, and at just 875'000 euros it is stunning value. Don't hesitate! WhatsApp me now on +212 6 5802 5028 or use the Enquiry form on this page to arrange your private showing. You will love it!

Admirably located in the excellent Derb El Arsaa, Kennaria, just 5 minutes walk from the iconic Jemaa El Fna main square, this classic Wilbaux restoration is a thing of rare beauty. The original 18th century architecture has been respected, including the old khoka doors and the wrought iron window grills. It is like stepping back in time. Yet the Riad also has all modern amenities - two plunge pools, including a spectacular rooftop pool, air conditioning, WiFi and everything you need for your lifestyle. It would be perfect as your Marrakech residence and would also be a highly successful exclusive rental investment.
At just 875'000 euros it is a standout deal. WhatsApp me now on +212 6 5802 5028 or use the Enquiry form to arrange your private showing!",https://bosworth9149.eu1.qobrix.com/api/v2/files/download/media/public/huge/edaa0d85-5405-4c61-87d3-91c3158e1eb0,18,Professionnel (Bosworth Property),2026-09-30
1534,bosworth,Top Quality 5 En Suite Riad For Sale Marrakech,https://bosworthpropertymarrakech.com/property/top-quality-5-en-suite-riad-for-sale-marrakech/1534/,Vente,Riad,Marrakech,Bab Taghzout,€835.000,9018000,133.0,5,7,"Air Condition, Bassin, Cuisine équipée, Electricity, Patio, Terrasse panoramique, Titre Foncier, Water","With a generous 133m2 freehold footprint and over 300m2 of living space, this beautiful Riad is finished to the highest standards. 5 en suite bedrooms - and a 6th currently being used as a gym/yoga space. Spacious modern kitchen. Rooftop pool. Terraces with excellent views. Really accessible with taxi drop off at 40m. This stand out Riad is wonderful value at €835'000. WhatsApp me now on 00212 6 58025028 or fill in the Enquiry form on this page to arrange your private showing.

This beautiful Riad marries history and modernity in a stunning architectural space. Everything is top quality - from the modern kitchen on the ground floor to the marble rooftop plunge pool. 5 super well equipped en suite bedrooms. A full gym/yoga space which could easily be a 6th en suite bedroom. Spacious dining/living room. Harmonic patio courtyard, with it's retractable glass roof. And uber equipped terraces with summer kitchen, pergola, plunge pool, shower and amazing views all the way to the iconic Koutoubia Mosque. At 835'000 euros this is a fabulous investment prospect. WhatsApp me now on +212 6 5802 5028 or fill in the Enquiry Form to arrange your private showing of this Top Quality 5 En Suite Riad For Sale Marrakech. Yes!",https://bosworth9149.eu1.qobrix.com/api/v2/files/download/media/public/huge/343a870f-5e71-46e3-94cf-2fecf5c0a2cd,15,Professionnel (Bosworth Property),2026-09-30
1535,bosworth,Artists House For Sale Marrakech Medina,https://bosworthpropertymarrakech.com/property/artists-house-for-sale-marrakech-medina/1535/,Vente,Maison,Marrakech,Berimma,€295.000,3186000,67.0,4,2,"Accès voiture / Parking, Air Condition, Climatisation, Electricity, Water","Artists House For Sale Marrakech Medina. This unique property, on 67m2 of Requisition footprint, has 4 comfortable bedrooms and two excellent bathrooms. A fabulous buy-to-let opportunity. It is quirky, different and utterly charming. Loads of natural light and a superb living area upstairs. Air conditioned throughout. Parking at the door of this Berimma townhouse! With an asking price of just 295'000 euros it will go fast. WhatsApp me now on +212 6 5802 5028 or fill in the Enquiry form on this page to arrange your private showing!

Every now and then you come across something different, something enchanting. This quirky and beautiful property is one of those moments. Playful, animated, superbly located and very affordable. With four bedrooms, parking at the door and all modern conveniences ... it ticks lots of boxes. This could be your Marrakech pied-a-terre and/or a superb rental investment with high returns. Being sold with Requisition status and fully furnished it is superb value at just 295'000 euros. Don't miss out! WhatsApp me now on +212 6 58025028 or fill in the Enquiry form on this page to arrange your private showing. This Artists House For Sale Marrakech Medina will quickly find someone who loves it.",https://bosworth9149.eu1.qobrix.com/api/v2/files/download/media/public/huge/5ce7f7a3-056f-4282-be38-8a2e41315b17,11,Professionnel (Bosworth Property),2026-09-30
1536,bosworth,Cute Central Medina 3 Bed Riad For Sale Marrakech,https://bosworthpropertymarrakech.com/property/cute-central-medina-3-bed-riad-for-sale-marrakech/1536/,Vente,Riad,Marrakech,Médina,€410.000,4428000,65.0,3,4,"Air Condition, Bassin, Electricity, Terrasse panoramique, Titre Foncier, Water","In a fabulous location right next to the famous Le Jardin Restaurant just off Sidi Abdelaziz, this little Riad has a freehold title footprint of 65m2, affording you over 200m2 of living space. 3 lovely and spacious en suite bedrooms, a generous living and dining area and a ground floor plunge pool. There are superb terraces, including a super high 25m2 terrace with excellent views. Being sold fully furnished and including the art collection. Whether as your Marrakech pied-a-terre and/or as a short term rental investment, this is wonderful value with an asking price of 410'000 euros. WhatsApp message me now on +212 6 5802 5028 or fill in the short Enquiry form on this page to arrange your private showing. Get it while you can!

This charming and very well located little Riad would be perfect as your home from home, and it could generate excellent income for you when you're not using it. 3 comfortable en suites. Lovely plunge pool. Sunny terraces with good views. It has a bit of everything that Marrkaech has to offer. And it is superb value with an asking price of 410'000 euros. You should visit this quickly before it's sold. WhatsApp message me now on +212 6 5802 5028 or use the Enquiry form on this page to arrange your private showing. You will love it!",https://bosworth9149.eu1.qobrix.com/api/v2/files/download/media/public/huge/79a003d4-9552-4256-8398-a2aa737acb74,12,Professionnel (Bosworth Property),2026-09-30
1538,bosworth,Characterful Guesthouse Riad For Sale Marrakech,https://bosworthpropertymarrakech.com/property/characterful-guesthouse-riad-for-sale-marrakech/1538/,Vente,Maison d'Hôtes,Marrakech,Médina,€650.000,7020000,165.0,5,6,"Air Condition, Electricity, Patio, Terrasse panoramique, Titre Foncier, Water","This late 19th Century Riad is totally charming. 5 beautiful en suite bedrooms, beautiful internal architecture, great terraces and panoramic views. With a generous 167m2 freehold title footprint and full Guesthouse licence it is low hanging fruit. Very well located near the famous Dar Zellige restaurant in Sidi Ben Slimane and having Riad Dyor and Riad Kheiriddine as neighbours. At the excellent price of just 650'000 euros this will surely sell quickly. Message me on WhatsApp +212 6 5802 5028 or fill in the Enquiry form on this page to arrange your private showing of this Characterful Guesthouse Riad For Sale Marrakech. This is stand out value!

If you are looking for a character Historic Riad Guesthouse in Marrakech Medina at an affordable price ... look no further. This is the one for you! Excellent location close to Dar Zellige in Sidi Ben Slimane. A generous 167m2 freehold title footprint. 5 well appointed en suite bedrooms. Charming patio and internal architecture. Sunny terraces and high platform with great views. At just 650'000 euros this will sell fast. Don't miss out! Message me now on WhatsApp +212 6 5802 5028 or fill in the form on this page to arrange your showing. You will love it!",https://bosworth9149.eu1.qobrix.com/api/v2/files/download/media/public/huge/f5f684be-9c5d-4b0e-8184-ff0f5453b251,13,Professionnel (Bosworth Property),2026-09-30
1540,bosworth,Standout Sidi Mimoun Riad For Sale Marrakech,https://bosworthpropertymarrakech.com/property/standout-sidi-mimoun-riad-for-sale-marrakech/1540/,Vente,Riad,Marrakech,Sidi Mimoun,€535.000,5778000,80.0,3,4,"Patio, Terrasse panoramique","Standout Sidi Mimoun Riad >For Sale Marrakech. What a location! Views over the Royal Palace, the Mamounia Hotel and the iconic Koutuobia Mosque. Wow! And the Riad is fabulous. A beautiful ground floor with a design salon, open plan kitchen and patio. There are three full en suite bedrooms and a fourth which is currently used as an office yet which is also fully ensuite. Amazing terraces with rooftop pool and spectacular views. This is Sidi Mimoun,  possibly the most sought after location in Marrakech Medina! This is a bargain at just 535'000 euros. WhatsApp message me now on +212 6 5802 5028 or use the Enquiry form on this page to set up your private showing of this stunning property. You will fall in love!

The views from the top terrace are stunning, taking in the Koutoubia Mosque, Mamounia Hotel and the Sidi Mimoun Royal Palace. The location is simply prime. A beautiful property, whether as your home from home and/or as a short term rental investment. It's beautiful and it is key in hand. Just bring your bags and you're in.
WhatsApp message me now on +212 6 5802 5028 or fill in the easy form on this page to arrange your private showing of this remarkable and fabulously located Riad For Sale Marrakech!",https://bosworth9149.eu1.qobrix.com/api/v2/files/download/media/public/huge/b1ce035f-6263-4987-9ecb-1fdfc1fe9d9c,17,Professionnel (Bosworth Property),2026-09-30
1541,bosworth,Kasbah Guesthouse Riad For Sale Marrakech,https://bosworthpropertymarrakech.com/property/kasbah-guesthouse-riad-for-sale-marrakech/1541/,Vente,Maison d'Hôtes,Marrakech,Kasbah,€650.000,7020000,117.0,6,7,"Air Condition, Bassin, Electricity, Patio, Terrasse panoramique, Water","Superbly located in the excellent Kasbah district of Marrakech Medina and with taxi drop-off at the door, this 6 en suite Guesthouse Riad For Sale has 117m2 footprint and full title deeds and full authorisation. It is being sold key in hand and represents a fabulous investment opportunity at just 650'000 Euros. There is a charming little patio courtyard with its plunge pool - all covered with a retractable glass roof meaning you can control your internal climate year round.  Lovely sunny terrace with views over the Royal Palace. Amazing! WhatsApp message me now on +212 6 5802 5028 or use the Enquiry form on this page to arrange your private showing. I look forward to hearing from you!

The Kasbah is one of the best Medina districts. There some wonderful monuments and a sense of zenitude throughout. Access is super easy - and in fact your taxi can drop you at the door to this lovely Riad, a big plus.
This is your opportunity to hit the ground running in Marrakech hospitality. There are loads of future bookings in this Kasbah Guesthouse Riad For Sale Marrakech. The property is in excellent condition and is super easy to maintain. With 6 en suite bedrooms it packs a big punch.
Don't miss out on this one - the asking price is very reasonable and you can start work tomorrow! Guaranteed revenue stream and a stable business.
WhatsApp message me now on +212 6 5802 5028 or fill in the Enquiry form on this page and we will ensure you quickly get to visit this Riad. Don't miss out!",https://bosworth9149.eu1.qobrix.com/api/v2/files/download/media/public/huge/604bb41c-a47b-41f7-9c35-6ba61d723fa9,15,Professionnel (Bosworth Property),2026-09-30
1542,bosworth,Amelkis 3 Golf Resort Villa For Sale Marrakech,https://bosworthpropertymarrakech.com/property/amelkis-3-golf-resort-villa-for-sale-marrakech/1542/,Vente,Villa,Marrakech,Amelkis,€920.000,9936000,400.0,4,6,"Accès voiture / Parking, Cheminée, Covered Area: 400m², Furnished: Unfurnished, House Type: Mansion Villa, Kitchen Type: Open Plan, Piscine, Titre Foncier","Amelkis is a secure and beautiful EMAAR development, possibly the most successful in Marrakech. It is securely gated and hosts a number of golf courses, meaning loads of green space and tranquility. Just 10 minutes easy drive from Marrakech it is considered to be a very sought after investment destination. This 400m2 freehold plot hosts a superb brand new villa. Lovely gardens with mature olive trees and palms as well as a good swimming pool. 4 excellent en suite bedrooms, wonderful reception areas and the best of indoor/ouotdoor living. It is perfect as your family home and/or as a short term rental investment. It would provide excellent returns. With an asking price of just 920'000 euros it represents excellent value in Amelkis. WhatsApp message me now on +212 6 5802 5028 or fill in the Enquiry Form on this page to arrange your private showing. I look forward to hearing from you!

This brand new ans superbly finished luxury villa in Amelkis is perfect as your family home and would also be a superb investment property for short term rental. Top location in one of the most sought after areas of Marrakech and with very good neighbours. The villa has superb architecture, mature olive trees and a great private pool. The main reception area has a two sided ethanol fireplace for those cosy winter evenings. And a great open plan kitchen. Being sold as seen and unfurnished. There is a private car park and loads of on street parking for your guests. At just 920'000 euros this a great opportunity. Get it while you can! WhatsApp message me now on +212 6 5802 5028 or mail contact@bosworthpropertymarrakech.com to arrange your private showing! Don't miss out!",https://bosworth9149.eu1.qobrix.com/api/v2/files/download/media/public/huge/a971435f-9475-45de-944a-3594fa30d9fd,12,Professionnel (Bosworth Property),2026-09-30
1543,bosworth,Cute Diour Saboune Riad For Sale Marrakech,https://bosworthpropertymarrakech.com/property/cute-diour-saboune-riad-for-sale-marrakech/1543/,Vente,Riad,Marrakech,Ben Youssef,€320.000,3456000,47.0,3,4,"Accès voiture / Parking, Air Condition, Electricity, Patio, Terrasse panoramique, Water","In a great Diour Saboune location. with easy car access and close to all the Medina attractions, this Cute Diour Saboune Riad For Sale Marrkaech is both affordable and a superb investment opportunity. A lovely little patio courtyard, 3 charming bedrooms and wonderful terraces with good views. It needs a bit of TLC yet you could move in right away. Perfect as your home from home and would be a high earner on short term rental platforms. Exclusive with Bosworth Property Marrakech at the excellent price of just 320'000 euros. WhatsApp message me now on +212 6 5802 5028 or use the Enquiry form on this page to arrange your private showing. Low hanging fruit. Grab it!

This little beauty could do with a little uplift - paint and surfaces. Yet it is a fabulous opportunity in a top location. It's got a great feel to it. The terraces ar wonderful, with good views of the Ben Youssef Mosque. It would make a fabulous home from home for you and your family. And on AirBnB it would earn you good income year round. Don't miss out! Riads at this price are now really hard to find. WhatsApp me now on +212 6 5802 5028 or use the Enquiry Form to arrange your private showing. We look forward to hearing from you soon!",https://bosworth9149.eu1.qobrix.com/api/v2/files/download/media/public/huge/cf34bfa8-84ca-49a5-9936-2286fe628873,11,Professionnel (Bosworth Property),2026-09-30
1544,bosworth,Amazing Bargain Daoudiate Villa For Sale Marrakech,https://bosworthpropertymarrakech.com/property/amazing-bargain-daoudiate-villa-for-sale-marrakech/1544/,Vente,Villa,Marrakech,Médina,€600.000,6480000,576.0,6,6,"Air Condition, Covered Area: 576m², Cuisine équipée, Fireplace, Furnished: Unfurnished, House Type: Mansion Villa, Mountain View, Pets Allowed, Private Swimming Pool, Secure Door, Storage Space, Terrasse panoramique, Titre Foncier","Something very different. 576m2 of freehold, just 500m from the Medina. This huge villa has wonderful potential - it could be your Marrakech home or maybe a boutique Guesthouse. It would even work as a commercial space. The vast ground floor reception is very Moroccan, with lots of coloured glass, zellige and carved plasterwork. The terraces are huge and could be developped into something really special. The garden hosts a deep pool and mature palm trees. At just 600'000 euros this is a standout bargain. WhatsApp message me on +212 6 5802 5028 or fill in the Enquiry form on this page to arrange your private showing.

With ground floor, lower ground floor, first floor and huge terraces, this Villa offers an amazing development opportunity in a very good location just outside Marrakech Medina. It includes a little dependence currently being used as a ladies clothing shop. The property is in very good condition, yet could do with a complete makeover, adding bathrooms and a modern kitchen. It is a fabulous opportunity at just 600'000 euros. Don't miss out on this one!",https://bosworth9149.eu1.qobrix.com/api/v2/files/download/media/public/huge/9f4d3ed8-f98a-4328-802c-1ceb45e46d29,13,Professionnel (Bosworth Property),2026-09-30
1545,bosworth,Charming Spice Market Riad For Sale Marrakech,https://bosworthpropertymarrakech.com/property/charming-spice-market-riad-for-sale-marrakech/1545/,Vente,Riad,Marrakech,Ben Youssef,€325.000,3510000,101.0,3,3,"Air Condition, Climatisation, Cuisine équipée, Electricity, Patio, Terrasse panoramique, Titre Foncier, Water","In a fabulous Spice Market location this charming Riad boasts classical internal facades, a bright and spacious patio courtyard, a modern kitchen and sunny terraces. It is perfect as your home from home and would do really well on short term rental platforms. Recently renovated, it has air conditioning in all the bedrooms. There is a retractable roof cover. This is a stand out investment at just 325'000 euros and will quickly find someone to love it. Message me now on WhatsApp +212 6 5802 5028 or use the enquiry form to arrange your private showing. We look forward to hearing from you!

This is a stunning location just a minutes walk from the celebrated Spice Market square, with all the animation of Marrakech Medina at your door. Just 3 minutes easy stroll to the Ben Youssef Madrasa and Marrakech Museum. The area is full of restaurants and rooftops in a very tourist friendly part of the Medina.
The Riad is a beauty. A generous 101m2 freehold footprint, giving over 200m2 of livable space. Just 3 bedrooms, each tastefully decorated and well appointed. It is perfect as a buy to let investment, and it would of course make a gorgeous holiday home in the very heart of Marrakech.
Don' hesitate or this opportunity will be gone. AT just 325'000 euros it is excellent value. WhatsApp me now on + 212 6 5802 5028 or fill in the enquiry form on this page and we will show you this Charming Spice Market Riad For Sale Marrakech.",https://bosworth9149.eu1.qobrix.com/api/v2/files/download/media/public/huge/05db756c-799c-451b-9f85-3d841d545ffd,15,Professionnel (Bosworth Property),2026-09-30
1546,bosworth,Fabulous Ferblantiers Apartment For Sale Marrakech,https://bosworthpropertymarrakech.com/property/fabulous-ferblantiers-apartment-for-sale-marrakech/1546/,Vente,Appartement,Marrakech,Place des Ferblantiers,€95.000,1026000,50.0,1,1,"Covered Area: 50m², Floor Number: 1, Furnished: Unfurnished, Kitchen Type: Separated, Pets Allowed, Secure Door","What a location! Right on the Place des Ferblantiers square in Marrakech Medina. This is super cute. 1 bedroom. 1 bathroom. Dining and living room. A little kitchen. The apartment has Melkia status with just one foreign owner since 2018, so it is super safe to purchase. This is currently a gallery - if you like the stock you could negotiate separately. Being sold unfurnished. Imagine this as you Marrakech pied-a-terre! And as a buy to let investment you would get excellent returns. With an asking price of just 95'000 euros this is a standout opportunity. Don't miss out! WhatsApp message me now on +212 6 5802 5028 or use the contact form on this page to arrange your immediate and private showing!

This is a little dream. A+ location, right in the middle of the Ferblantiers Square in Marrakech Medina. A one bedroom apartment made for romance. Being sold unfurnished. Perfect as your home from home and offering superlative returns as a short term rental investment. Safe Melkia status, with just one foreign owner. About 50m2. This is surely going to find someone to love it in the very near term. Don't wait! WhatsApp message me now on +212 6 5802 5028 or fill in the enquiry form on this page and we will arrange your private showing. This is just across from our offices!",https://bosworth9149.eu1.qobrix.com/api/v2/files/download/media/public/huge/8b4e1082-0298-4748-866f-9ec41a5e567c,15,Professionnel (Bosworth Property),2026-09-30
1547,bosworth,Cool Arset Berdai Riad For Sale Marrakech,https://bosworthpropertymarrakech.com/property/cool-arset-berdai-riad-for-sale-marrakech/1547/,Vente,Riad,Marrakech,Médina,€395.000,4266000,62.0,3,4,"Air Condition, Bassin, Cuisine équipée, Electricity, Patio, Terrasse panoramique, Titre Foncier, Water","This gorgeous Riad is replete with fabulous interior design features. It is superbly located in a leafy street in the excellent Arset Berdai neighbourhood of Marrakech Medina. 62m2 of freehold title footprint, giving over 200m2 of living space. 3 charming en suite bedrooms. A bright and spacious patio courtyard with a big plunge pool. There is an electric roof over the whole patio giving you total internal climate control. The modern open plan kitchen is more than adequate and the public spaces are classically cool. The terraces are sunny are super well equipped and there is a high terrace affording sweeping views over the Medina. At just 395'000 euros this is a great investment opportunity. WhatsApp message me now on +212 6 5802 5028 or use the Enquiry form on this page to arrange your private showing!

It is rare to discover such beauty in such a wonderful environment. I love this district, Arset Berdai. The streets are tree lined and shady. The area is friendly and welcoming. And it's close to all the Medina attractions while being quiet and calm. This particular Riad is just perfect as your home from home. 3 lovely en suite bedrooms and a modern kitchen. The pool is generous. The terraces are superb. At only 395'000 euros it truly is low hanging fruit ... and I invite you get it while you can. You will love it! WhatsApp me on +212 6 5802 5028 or use the Enquiry form on this page to arrange your showing. I would love to take you to see this!",https://bosworth9149.eu1.qobrix.com/api/v2/files/download/media/public/huge/b57303a2-f718-42bf-a074-7c31e7c66794,14,Professionnel (Bosworth Property),2026-09-30
1548,bosworth,Spectacular Arset Berdai Riad For Sale Marrakech,https://bosworthpropertymarrakech.com/property/spectacular-arset-berdai-riad-for-sale-marrakech/1548/,Vente,Riad,Marrakech,Médina,€845.000,9126000,140.0,5,7,"Bassin, Cuisine équipée, Patio, Terrasse panoramique, Titre Foncier","With a generous 140m2 freehold title footprint in the excellent Arset Berdai district of Marrakech Medina, this 5 en suite Riad is being sold as you see it. Spectacular interior design and decoration. The bright patio courtyard holds a superb plunge pool. You will find a spacious salon and dining room, as well as a fully equipped modern kitchen. The colonnaded internal facades are gorgeous. And the four sided terraces are very well equipped with summer kitchen, shower and cloakroom as well as loads of areas for sunning and chilling. At just 845'000 euros this represents an excellent investment in one of the best parts of Marrakech Medina. Message me on WhatsApp +212 6 5802 5028 or fill in the Enquiry form on this page to arrange your private showing. You will love it!

This is a truly beautiful Riad. It melds an authentic North African vibe with all modern comfort you could require. It is superbly designed and the deco is simply perfect - lots of natural local materials and superb stone. The pool is wonderful - it is deep and welcoming. The patio benefits from a full electric roof giving you internal climate control year round. It would be a fabulous holiday home for you and your family, as well as being a superb rental investment. Don't miss out! WhatsApp me now on +212 6 5802 5028 or fill in the Enquiry form on this page and we will arrange for your private showing.",https://bosworth9149.eu1.qobrix.com/api/v2/files/download/media/public/huge/cd685eeb-82ff-4487-b692-c844b72b9a83,15,Professionnel (Bosworth Property),2026-09-30
1549,bosworth,Top Location Laarous Riad For Sale Marrakech,https://bosworthpropertymarrakech.com/property/top-location-laarous-riad-for-sale-marrakech/1549/,Location,Riad,Marrakech,Riad Laarous,€495.000,5346000,120.0,4,4,"Accès voiture / Parking, Bassin, Cuisine équipée, Hammam, Patio, Terrasse panoramique, Titre Foncier","In a beautiful alleyway just off the Riad Laarous main square, this beautiful 4 bedroom Riad has a generous 120m2 freehold title footprint. Deploying over 3 levels, it offers more than 300m2 of livable space. Renovated this year it has all new plumbing and electrics and is in as new condition. The patio courtyard is superb, with two mature citrus trees and a superb plunge pool. There is a very comfortable sitting room and a modern fully equipped kitchen. Perfect as your Marrakech getaway and of course an excellent buy to let investment. With an asking price of 479'000 euros, you should arrange your private showing. Message me on WhatsApp +212 6 58025028 or fill in the Enquiry form on this page and we will organise for you. Don't miss this one!

I lived 25m from this property for many years and I know the street very well. The neighbours are adorable and the street is truly excellent. You have everything just outside - parking, restaurants, souks - yet the street itself is quiet and calm. Highly recommended.
The Riad itself has just been renovated. All new electrics and plumbing, giving you peace of mind for the coming years. The patio courtyard is wonderful - I love the plunge pool under the mature citrus trees. There's a comfortable salon and a cute modern kitchen. The two ground floor bedrooms share a Jack and Jill bathroom, ideal for a family. The two suites on the first floor each have full bathrooms and are spacious and bright.
The terraces are superbly equipped. Anyone for a hammam? And the shower area, discreet and clean, is right next to it. There is loads of space for sunning and for dining - an excellent pergola, complete with barbecue area makes the rooftop a fabulous fun zone.
With an asking price of just 495'000 euros this surely ticks your boxes. Don't hesitate. WhatsApp message me now on +212 6 5802 5028 or use the Enquiry form on this page to arrange your private showing. You will love the location and you will adore the Riad.
Top Location Laarous Riad For Sale Marrakech.",https://bosworth9149.eu1.qobrix.com/api/v2/files/download/media/public/huge/38d18d8c-5876-4076-a453-09d9430b707d,17,Professionnel (Bosworth Property),2026-09-30
1550,bosworth,Kennaria Melkia Riad For Sale Marrakech,https://bosworthpropertymarrakech.com/property/kennaria-melkia-riad-for-sale-marrakech/1550/,Vente,Riad,Marrakech,Kennaria,€295.000,3186000,101.0,,,"Electricity, Water","In a fabulous location just 300m from Jemaa El Fna, this 101m2 property is currently a ground floor shell. It probably needs taking down and rebuilding. It has Melkia status and the sellers agree to move it to Requisition before a sale. The potential in this location is huge - either as a commercial venture or as a 4/5 bedroom Riad. With an asking price of just 295'000 euros it makes a lot of sense. Message me on Whatsapp +212 6 5802 5028 or use the enquiry form on this page to arrange a visit.

You are basically getting the plot and the plans if you wish. It is projected to be a 5 en suite Riad. However, you might want to take this down and start again - up to you. It is good value at 295'000 euros in this fabulous location. WhatsApp me now on +212 6 5802 5028 or fill in the enquiry form to arrange your private showing. This could be the start of something amazing!",https://bosworth9149.eu1.qobrix.com/api/v2/files/download/media/public/huge/8ebda731-86a5-43c7-b993-6ee1bff1b8fb,5,Professionnel (Bosworth Property),2026-09-30
1551,bosworth,Superb Historic Kasbah Riad For Sale Marrakech,https://bosworthpropertymarrakech.com/property/superb-historic-kasbah-riad-for-sale-marrakech/1551/,Vente,Riad,Marrakech,Kasbah,€795.000,8586000,171.0,5,6,"Air Condition, Bassin, Cheminée, Cuisine équipée, Electricity, Patio, Terrasse panoramique, Titre Foncier, Water","In the best possible Kasbah location, a quiet alley right next to the souks and all the attractions. It boasts a 171m2 freehold title footprint and is a fully authorised guesthouse. 5 beautiful en suite bedrooms. The patio courtyard is wonderful, with a big plunge pool and gorgeous internal architecture. The sense of space and light is quite remarkable. There is a modern kitchen and a comfortable sitting and dining room, with fireplace. The terraces are excellent, affording views over the Moulay Yazid and Koutoubia Mosques, as well as the High Atlas Mountains to the south. The Riad is in excellent condition throughout. Being sold as a key in hand succesful operation. And with an asking price of just 795'000 euros this could be the one for you. Message me on WhatsApp now on +212 6 5802 5028 or fill in the short form on this page to arrange your private showing. You will fall in love!

Simply the perfect location in the Royal Kasbah district. This successful Guesthouse has many unique features - in fact it is so successful that we could only see a couple of the rooms during our shoot due to high occupancy. You can visit all when you arrange a visit with us. It is big and bright with an amazing patio courtyard - a really zen ambience, chilled and relaxed. There is fabulous volume, with high ceilings and wide coursives lending space, light and a sense of belonging. This is a personal favourite - the excellent location, the historical character, the volumes and the internal architecture are all quite remarkable. With an asking price of just 795'000 euros this will sell quickly. Don't miss out! WhatsApp message me now on +212 6 58025028 or fill in the short form on this page to arrange your private showing. Superb Historic Kasbah Riad For Sale Marrakech",https://bosworth9149.eu1.qobrix.com/api/v2/files/download/media/public/huge/a2186920-bb51-48d7-8abe-1146c49152e4,10,Professionnel (Bosworth Property),2026-09-30
1552,bosworth,Cute 60m2 Central Gueliz Apartment For Sale Marrakech,https://bosworthpropertymarrakech.com/property/cute-60m2-central-gueliz-apartment-for-sale-marrakech/1552/,Vente,Appartement,Marrakech,Gueliz,€118.000,1274400,60.0,2,1,"Covered Area: 60m², Elevator, Floor Number: 2, Furnished: Fully Furnished, Kitchen Type: Open Plan, Secure Door, Storage Space","This Cute 60m2 Central Gueliz Apartment For Sale Marrakech is the perfect rental investment. Just 2 minutes walk from Marrakech railway station and in a fabulous district full of restaurants and shops. It has two comfortable bedrooms with built-in storage and a spacious bathroom. The sitting room is really pleasant and there is a little kitchen too. On the second floor of a good building with a lift. With an asking price of 130'000 euros this makes a lot of sense. WhatsApp me now on +212 6 5802 5028 or fill in the Enquiry form on this page to arrange your showing!

Being sold key in ha,d, this cute little apartment makes a lot of economic sense. Just renovated and fully equipped, you could start renting this tomorrow. And the location is super tourist friendly - close to the railway station and all the attractions of the new city. And it's just a 15 walk to the Old Medina! At 118'000 euros this is excellent value. Don't miss out! WhatsApp me now on +212 6 5802 5028 or fill in the form and we will organise your showing. Go for it!",https://bosworth9149.eu1.qobrix.com/api/v2/files/download/media/public/huge/307f9dd7-1617-4e27-920a-aaf967cb4227,10,Professionnel (Bosworth Property),2026-09-30
1553,bosworth,Superb 70m2 Semlalia Apartment For Sale Marrakech,https://bosworthpropertymarrakech.com/property/superb-70m2-semlalia-apartment-for-sale-marrakech/1553/,Vente,Appartement,Marrakech,Gueliz,€108.000,1166400,70.0,2,1,"Accès voiture / Parking, Covered Area: 70m², Covered Parking: 1, Elevator, Floor Number: 2, Furnished: Fully Furnished, Kitchen Type: Separated, Pets Allowed, Secure Door","Superb 70m2 Semlalia Apartment For Sale Marrakech. Great location just across the road from the Science Faculty. Second floor with a good lift and security. 2 spacious and bright bedrooms. Good bathroom. Charming sitting room with falt screen TV. The kitchen is lovely and has a little balcony. Underground parking space available! Great value at just 130'000 euros. Message me on WhatsApp or fill in the short form on this page to arraive your private showing!

Semlalia is a top city centre location and this apartment is in a fabulous location. Near to the restaurants and supermarkets and just five minutes from Gueliz and the Majorelle Garden. Perfect as your pied-à-terre and an excellent short term rental investment. Being sold key in hand and ready to go! It is very good value at just 108'000 euros. If you're looking for a rental investment that will provide you with good returns immediately then look no further. WhatsApp me now on +212 6 5802 5028 or fill in the short form on this page to arrange your showing.",https://bosworth9149.eu1.qobrix.com/api/v2/files/download/media/public/huge/277c0573-26c9-4549-8c7d-32a3f4ea3c7f,12,Professionnel (Bosworth Property),2026-09-30
1554,bosworth,New Laarous Riad For Sale Marrakech,https://bosworthpropertymarrakech.com/property/new-laarous-riad-for-sale-marrakech/1554/,Vente,Riad,Marrakech,Riad Laarous,€495.000,5346000,50.0,4,5,"Air Condition, Electricity, Terrasse panoramique, Water","New Laarous Riad For Sale Marrakech Medina. In the excellent Derb Sidi Bouamar (the street where I lived for a number of years, incidentally), this brand new 4 en suite Riad is the perfect investment. The car park is just 200m away and the Riad is close to all the great souks and Medina attractions, yet quiet and homely. Being sold turnkey and ready to go! I love the little pool on the rooftop and the excellent views. All the electrics and plumbing are brand new. At just 495'000 euros this will provide you with excellent income for years to come, and you could use it as your holiday home in beautiful Marrakech! WhatsApp me now on +212 6 5802 5028 or fill in the short Enquiry form on this page to arrange your private showing. You will love it!

This is just the perfect investment property in Marrakech Medina - great location, totally turnkey and ready to earn you money immediately. It would also work, of course, as your pied-à-terre in the Red City. Four superbly appointed en suite bedrooms. Great terraces, including a charming little foot pool, excellent decor throughout. With an asking price of 495'000 euros it makes a lot of sense. Don't miss out! WhatsApp me now on +212 6 5802 5028 or take 30 seconds to fill in the little form on this page. We will arrange a private showing for you. And you will love it!",https://bosworth9149.eu1.qobrix.com/api/v2/files/download/media/public/huge/7034c713-b0ca-46c5-85fc-73559c9c6935,17,Professionnel (Bosworth Property),2026-09-30
1555,bosworth,Riad Laarous Douiria For Sale Marrakech,https://bosworthpropertymarrakech.com/property/riad-laarous-douiria-for-sale-marrakech/1555/,Vente,Douiria,Marrakech,Riad Laarous,€295.000,3186000,37.0,2,3,"Air Condition, Bassin, Cuisine équipée, Electricity, Terrasse panoramique, Water","In a fabulous Riad Laarous location this super cute Douiria has a Requisition footprint of just 37m2, yet contains 2 lovely en suite bedrooms, a charming ground floor with modern kitchen, full domotics (aircon, lighting, security cameras) and a spacious sitting and dining area. Being sold key in hand, fully furnished and ready to go. There is a beautiful sunny terrace (on which a little plunge pool could be installed) and the possibility to use the high viewing platform. This is the perfect short term rental investment. At just 295'000 euros it is exceptional value. WhatsApp me now on +212 6 5802 5028 or fill in the short contact form on this page to arrange your private showing!

What a gem of a property. In the fabulous Sidi Bouamar area of Riad Laarous, my favourite quarter of the old Medina. This is a high quality renovation and is the perfect short term rental investment. It is affordable and it will provide you with a great return on investment. It would also be a fabulous little holiday home for you! With an asking price of just 295'000 euros it is low hanging fruit and will sell quickly. Don't wait! WhatsApp me now on +212 6 5802 5028 or fill in the short form on this page to arrange your private showing. You will love it!",https://bosworth9149.eu1.qobrix.com/api/v2/files/download/media/public/huge/95ff5ec8-c068-49bd-acac-c56eec4259db,12,Professionnel (Bosworth Property),2026-09-30
1556,bosworth,Sleek Laarous Riad For Sale Marrakech,https://bosworthpropertymarrakech.com/property/sleek-laarous-riad-for-sale-marrakech/1556/,Vente,Riad,Marrakech,Riad Laarous,€495.000,5346000,100.0,3,4,"Accès voiture / Parking, Bassin, Cheminée, Cuisine équipée, Solarium, Terrasse panoramique, Titre Foncier","In a fabulous Riad Laarous location, with taxi drop off at just 30m and secure parking at just 100m, this beautiful and sleek Riad would be perfect as your home from home in a great Marrakech Medina district. Freehold title. Key in hand property being sold as you see it. This is exceptional value at just 495'000 euros. Don't miss out! WhatsApp me now on +212 6 5802 5028 or use the contact form on this page to arrange your private showing. This could be the one for you!

This is a fabulous opportunity. A fabulous location and a turnkey Riad for you to enjoy. Fully furnished and ready for you. Taxi drop off is only 30m from the door. And your car will be safe in the secure parking just 100m away - I parked my car there for a number of years and it's excellent.
The Riad is spacious. The ground floor has a fabulous design - cosy sitting room with fireplace, comfortable dining room, open plan and well equipped kitchen. Top quality and in as new condition throughout.
The first floor has three lovely en suite bedrooms, including a beautiful family room for 4 people.
And the terraces are superb. There's a big plunge pool, another dining area, and a solarium for your sunbeds and parasols. Amazing.
To visit this beauty please message me on WhatsApp +212 6 5802 5028 or fill in the short form on this page. We will take you to see it and you will love it!",https://bosworth9149.eu1.qobrix.com/api/v2/files/download/media/public/huge/280ee8be-1b5a-483b-803e-d71339d3a83f,14,Professionnel (Bosworth Property),2026-09-30
1557,bosworth,Beautiful Kasbah Riad For Sale Marrakech,https://bosworthpropertymarrakech.com/property/beautiful-kasbah-riad-for-sale-marrakech/1557/,Vente,Riad,Marrakech,Kasbah,€670.000,7236000,108.0,4,5,"Accès voiture / Parking, Air Condition, Cheminée, Cuisine équipée, Electricity, Hammam, Patio, Terrasse panoramique, Titre Foncier, Water","In the Royal Kasbah district of Marrakech Medina, with car access to the door, this 4 en suite Riad is a thing of beauty. 108m2 freehold title footprint, giving 250m2 living space. Rooftop pool. Hammam. Amazing bright and beautiful patio courtyard. Modern kitchen. Dining room. Salon with wood burning fireplace. Wow! Being sold key in hand for 670'000 euros. Your opportunity to hit the ground running in a top Medina location. WhatsApp me now on +212 6 5802 5028 or fill in the short form on this page to arrange your private showing. You will love this!

This exceptional Riad has what you are looking for. Car access yet a quiet street. In perfect condition and fully turnkey - you could move in tomorrow. Maybe as your home in the sun and of course as a short term rental investment. Fully retractable glass roof gives you total internal climate control. The roof pool is super inviting. 4 beautiful en suite bedrooms. Fabulous views over the Medina and the High Atlas Mountains to the south. Did you notice the hammam?
At 670'000 euros this is a standout opportunity. Maybe as your Marrakech hideout and certainly as an investment property for short term rental. WhatsApp me now on +212 6 5802 5028 or fill in the short enquiry form on this page to arrange your private showing of this Beautiful Kasbah Riad For Sale Marrakech. You will love it!",https://bosworth9149.eu1.qobrix.com/api/v2/files/download/media/public/huge/854e5ba0-6d88-4146-ba01-05c695be4f6a,18,Professionnel (Bosworth Property),2026-09-30
1558,bosworth,Lovely Bab Doukalla Riad For Sale Marrakech,https://bosworthpropertymarrakech.com/property/lovely-bab-doukalla-riad-for-sale-marrakech/1558/,Vente,Riad,Marrakech,Bab Doukkala,€395.000,4266000,62.0,3,4,"Accès voiture / Parking, Air Condition, Bassin, Electricity, Patio, Terrasse panoramique, Water","This is lovely. 3 en suite bedrooms in a very good Bab Doukalla location in Marrakech Medina. Just 300m from parking. A short 10 minute walk to downtown Gueliz new town. And surrounded by fabulous street markets and the vibrancy of the Medina. The Riad has just been completely renovated - new plumbing, new electrics and all new surfaces. Just add your aircon units and a couple of showers and then furnish to your taste. Perfect as your Marrakech pied-à-terre and a fabulous rental investment. At just 395'000 euros this is a great opportunity. Don't miss out! WhatsApp me now on +212 6 58O2 5028 or fill in the short form on this page to arrange your private showing. We look forward to hearing from you!

In a quiet street yet close to the fabulous Bab Doukalla street markets and just 10 minutes walk from Plaza in downtown Gueliz, this newly renovated Riad is excellent value. It has a bright and charming patio courtyard and is very well designed. Three comfortable en suite bedrooms with easy distribution. The sunny terrace is well equipped with a summer kitchen and a shower. The terrace has been designed to take a little plunge pool which would add wow factor. This would work well as your pied-à-terre in Marrakech Medina and it would be an excellent short term rental investment. To view this Lovely Bab Doukalla Riad For Sale Marrakech just WhatsApp me on +212 6 5802 5028 or fill in the little form on this page and we will arrange it for you!",https://bosworth9149.eu1.qobrix.com/api/v2/files/download/media/public/huge/b67dcb77-1088-41c6-a117-1aa16a9227c8,15,Professionnel (Bosworth Property),2026-09-30
1559,bosworth,Superb 9-Bedroom Townhouse Villa in Semlalia For Sale Marrakech,https://bosworthpropertymarrakech.com/property/superb-9-bedroom-townhouse-villa-in-semlalia-for-sale-marrakech/1559/,Vente,Villa,Marrakech,Gueliz,€580.000,6264000,373.0,9,5,"Accès voiture / Parking, Furnished: Optionally Furnished, Hammam, House Type: Terraced House, Piscine, Terrasse panoramique","Located in Semlalia, around 10 minutes from Gueliz and 15 minutes from the Medina, this newly refurbished villa offers excellent space for family living, a Marrakech base or potentially a holiday rental/Airbnb. Set on a 373m² plot with approximately 250m² of living space, it offers 9 bedrooms, 5 bathrooms, a traditional Moroccan hammam, outdoor portable swimming pool, garage, roof terrace and private terraces. The villa has been extensively refurbished with new electrics and plumbing, marble flooring, fibre internet, integrated speakers, CCTV, video intercom and modern security systems. The owners originally expected to spend much more time here, but their circumstances in the UK changed. As a result, the basement and separate outdoor building remain unrenovated, giving the next owner scope to create additional accommodation, a gym, kitchen, storage or other useful space. The property is sold unfurnished, with the possibility of including the furniture by agreement. With an asking price of €580,000, it represents good value in a calm and secure Marrakech neighbourhood. For more information or to arrange a private viewing, contact Abdulqadir on WhatsApp +212 6 62 62 28 86 or email contact@bosworthpropertymarrakech.com. We look forward to hearing from you!

Wonderfully located in Semlalia, around 10 minutes from Gueliz and 15 minutes from the Medina, this newly refurbished townhouse villa offers a remarkable amount of space in a calm and established Marrakech neighbourhood.
Set on a 373m² plot with approximately 250m² of living space, the property extends over several levels and offers nine bedrooms, generous family accommodation, a traditional Moroccan hammam, garage, extensive terraces and a private garden.
It would make an excellent permanent family residence or Marrakech base, particularly for buyers wanting to remain close to Gueliz, the university district and the city centre. Given the number of bedrooms and flexible accommodation, there may also be potential for use as a holiday home or short-term rental property, subject to the relevant permissions and operating requirements.
The main entrance opens into the principal living area of the house.
There is a traditional Moroccan salon, a separate TV and entertainment area, guest WC and a dedicated dining space.
The dining area has also been prepared so that a future owner could potentially create a large open-plan American-style kitchen here. The necessary ductwork has already been installed, leaving the option open without requiring major preparatory work.
This floor provides the main social and family living space of the villa.
The principal family sleeping accommodation is located on the first floor, with four bedrooms.
The parental suite includes its own ensuite bathroom, dressing area and private balcony.
The remaining three bedrooms share a bathroom accessed from the hallway.
This level works particularly well as a self-contained family quarter, keeping the principal bedrooms separate from the entertaining areas below.
At the top of the house is a large roof terrace, providing considerable outdoor space and plenty of scope for seating, dining or creating a relaxed rooftop area.
There is also a WC, hammam, and a separate ninth bedroom on this level with its own private terrace, ideal for guests, an older child, office or more independent accommodation.
The basement is substantial and currently contains four bedrooms, a bathroom and a kitchen.
The internal staircase connecting it with the upper part of the villa has been closed off, although it could be reopened should the next owner prefer the property to function as one fully connected residence.
The owners originally expected to spend considerably more time in Marrakech and intended to continue developing this part of the house. Their circumstances in the UK subsequently changed, and the basement therefore left unrenovated.
For a future owner, this leaves an unusually flexible area that could be refurbished as additional family accommodation, guest rooms, staff quarters, workspace or another use appropriate to their needs.
The villa has a private outdoor space with an outdoor portable swimming pool, rather than a permanent built-in pool.
There is also a separate outdoor building, which, like the basement, has not yet been renovated. It provides further scope for use as a gym, summer kitchen, storage, workshop or other ancillary space.
A garage provides private parking, while access to the property is via a private road shared with the neighbouring house.
Much of the main villa has recently undergone extensive refurbishment, including:
- New electrical installation
- New plumbing
- Marble flooring
- Fibre internet
- Integrated speaker system
- CCTV with mobile access
- Video intercom with mobile access
- Tablets positioned throughout the property
- Sensor-operated bathroom lighting and ventilation
- External security lighting
The result is a house which combines traditional Marrakech elements, including the Moroccan salon and hammam, with considerably more modern infrastructure.
What makes this property particularly interesting is the sheer amount of accommodation it offers within Semlalia.
With nine bedrooms across several levels, separate living areas, basement accommodation, large terraces and further undeveloped space, the house could evolve considerably depending on the requirements of its next owner.
For a large family, it offers the possibility of creating a comfortable permanent Marrakech residence with room for children, guests and extended family.
For an international owner, it could equally serve as a substantial Marrakech base with plenty of room for visiting friends and family.
And for someone looking at the property's commercial potential, the bedroom count and internal configuration may offer interesting possibilities for holiday accommodation, subject to the necessary licences and approvals.
The property is offered for sale at an excellent asking price of €580,000. It is sold unfurnished, although the existing furniture may be included by separate agreement.
For more information or to arrange a private viewing, contact Abdulqadir on WhatsApp +212 6 62 62 28 86 or email contact@bosworthpropertymarrakech.com.
We look forward to hearing from you.",https://bosworth9149.eu1.qobrix.com/api/v2/files/download/media/public/huge/daa66bb7-f725-440a-9b97-8e6c78eae65f,41,Professionnel (Bosworth Property),2026-09-30
1560,bosworth,Charming Kasbah Douiria For Sale Marrakech,https://bosworthpropertymarrakech.com/property/charming-kasbah-douiria-for-sale-marrakech/1560/,Vente,Douiria,Marrakech,Kasbah,€365.000,3942000,43.0,3,4,"Air Condition, Bassin, Electricity, Terrasse panoramique, Titre Foncier, Water","This Charming Kasbah Douiria For Sale Marrakech is located not far from Bab Ksiba, a top location. 43m2 titled footprint gives you nearly 120m of livable space. 3 en suite bedrooms. Sitting room and dining room as well as a cute kitchen. There is a very good plunge pool on the first terrace level and there is a high viewing platform with views all over Marrakech Medina and the High Atlas Mountains to the south. Excellent value at 365'000 euros. Perfect short term rental investment and would also make a lovely home from home. WhatsApp me now on +212 6 5802 5028 or mail contact@bosworthpropertymarrakech.com to arrange your private visit to this charming Douiria!

This little Kasbah Douiria has a bit of everything you're looking for. 3 cosy en suite bedrooms. A lovely ground floor and good sunny terraces with a plunge pool. The views from the top terrace are superb! You can see the Koutoubia Mosque minaret and the whole of Marrakech Medina roofscape. It works really well on short term rental platforms. So whether you're looking for a buy to let investment, or your own pied-à-terre in a top Kasbah location, this is of interest. WhatsApp me on +212 6 5802 5028 or fill on the little form on this page and we will arrange your private showing. Don't hesitate!",https://bosworth9149.eu1.qobrix.com/api/v2/files/download/media/public/huge/7deb3041-7c59-44cf-ad0f-1f321137572f,12,Professionnel (Bosworth Property),2026-09-30
1562,bosworth,New Kasbah Riad For Sale Marrakech,https://bosworthpropertymarrakech.com/property/new-kasbah-riad-for-sale-marrakech/1562/,Vente,Riad,Marrakech,Kasbah,€430.000,4644000,86.0,3,4,"Accès voiture / Parking, Patio, Terrasse panoramique","This new Kasbah Riad for sale Marrakech is superbly located. Nestled in a quiet street close to the Royal Palace and with excellent views, it has easyaccess to the street markets and souks and all the Medina attractions. 86m2 footprint and three generous en suite bedrooms. The ground floor is bright with it's patio courtyard, sitting room and dining room and open plan American style kitchen. The three bedrooms are on the first floor. The bedrooms all have windows which is quite rare in Marrakech. And the terraces ... wow! Loads of greenery - again very rare in the Medina - and excellent views of the Royal Palace roofscape and gardens. Special. With an asking price of just 430'000 euros this will sell. WhatsApp me now on +212 6 5802 5028 or use the form on this page to arrange your private showing. Don't miss this one!

This is a great opportunity in a top location. This could be your home from home. And of course you could rent it while you're not using it, providing good income. Car access is just 30m from the front door. The Riad is being sold partially furnished, allowing you to bring you ideas and your design elements into play. It is superb value at just 430'000 euros and I highly recommend it to you. WhatsApp me now on +212 6 5802 5028 or mail contact@bosworthpropertymarrakech.com to arrange you visit to this New Kasbah Riad For Sale Marrakech. We look forward to hearing from you!",https://bosworth9149.eu1.qobrix.com/api/v2/files/download/media/public/huge/9272848c-7349-4128-a977-c26d8eda5b39,12,Professionnel (Bosworth Property),2026-09-30
1564,bosworth,Historic Bab Doukalla Hotel Riad For Sale Marrakech,https://bosworthpropertymarrakech.com/property/historic-bab-doukalla-hotel-riad-for-sale-marrakech/1564/,Vente,Maison d'Hôtes,Marrakech,Bab Doukkala,€1.850.000,19980000,327.0,15,17,"Patio, Terrasse panoramique, Titre Foncier","Historic Bab Doukalla Hotel Riad For Sale Marrakech. 327m2 of freehold titles in a simply perfect Bab Doukalla location - in a quiet alleyway yet just yards from the main street markets and souks. Super easy access. And what a Riad! 15 suites. Two courtyards and all in excellent condition. Lashings of public space, including sitting room, bar and open bhou. The terraces are sunny and very well equipped. This is a beauty. And at just 1.85m Euros it is priced to sell. Message me on WhatsApp now on +212 6 5802 5028 or fill in the short form on this page and we will organise a private showing for you!

This is very special. The internal architecture is absolutely gorgeous. The main patio, with its colonnaded coursives and multiple historic features is truly beautiful. 15 luxury suites, each tastefully curated. The property is being sold as a going concern, fully furnished and including the wonderful art collection.
There is a serenity and comfort in this wonderful old Riad. You feel it as soon as you walk in.
Salon, bar, shady seating areas, fabulous terraces. It has it all.
If you're looking for a statement Riad as a running business in a fabulous Medina location then you will fall in love with this one. It has history and grandeur.
With an asking price of just 1.85m euros I would expect this to attract a lot of attention. It is chic luxury in a top Medina location.
WhatsApp me now on +212 6 5802 5028 or mail contact@bosworthpropertymarrakech.com to arrange your private showing.",https://bosworth9149.eu1.qobrix.com/api/v2/files/download/media/public/huge/ce8ab2c2-58bf-4ed7-abb6-7c36c78dc40f,18,Professionnel (Bosworth Property),2026-09-30
1565,bosworth,Jewel Kasbah Douiria For Sale Marrakech,https://bosworthpropertymarrakech.com/property/jewel-kasbah-douiria-for-sale-marrakech/1565/,Vente,Douiria,Marrakech,Kasbah,€465.000,5022000,80.0,4,5,"Air Condition, Electricity, Patio, Terrasse panoramique, Titre Foncier, Water","In a superb Kasbah location in Marrakech Medina, with panoramic views over the whole Medina and the High Atlas Mountains, this beautiful property has an 80m2 freehold title deed. Perfect as your pied-à-terre in the Red City and would also provide high returns on short term rental platforms. 4 excellent en suite bedrooms and terraces with some of the best views in Marrakech. All in absolutely top condition. Get this while you can! At just 495'000 euros it makes a lot of sense. WhatsApp me now on +212 6 5802 5028 or fill in the form on this page to arrange your private showing. We look forward to hearing form you!

This beautiful Douiria is in as new condition. It is in a quiet street close to all the attractions - the Saadien Dynasty tombs, the iconic Jemaa El Fna main square and the Koutoubia Mosque. Freehold title deed of 80m2 footprint. Very accessible yet calm. The patio has a spectacular Zellige wall and is bright and spacious. There are four superb en suite bedrooms, including two family suites. It is built up over four levels so it packs a very big punch. The views from the high terraces are truly outstanding. From the High Atlas Mountains in the south all across Marrakech Medina, taking in the Moulay Yazid and Koutoubia Mosques and the Medina roofscape. Currently annexed to a neighbouring Riad yet being sold as a stand alone property. At just 465'000 euros this is a high earning investment, and would also make a fabulous home in the sun. WhatsApp me now on +212 6 5802 5028 or mail contact@bosworthpropertymarrakech.com and we will organise your private showing.",https://bosworth9149.eu1.qobrix.com/api/v2/files/download/media/public/huge/377525c1-0275-4c6f-bffb-5cd5e4a5681e,11,Professionnel (Bosworth Property),2026-09-30
1566,bosworth,Royal Kasbah Riad For Sale Marrakech,https://bosworthpropertymarrakech.com/property/royal-kasbah-riad-for-sale-marrakech/1566/,Vente,Riad,Marrakech,Kasbah,€449.000,4849200,70.0,4,5,"Accès voiture / Parking, Air Condition, Bassin, Electricity, Patio, Terrasse panoramique, Titre Foncier, Water","In a top Kasbah location with car access to the door and wonderful views, this property boasts a 70m2 freehold title footprint, giving over 160m2 of livable space. 4 en suite bedrooms. Lovely patio courtyard with a deep pool. The kitchen is modern and well equipped. And the terraces! We're right next to the Royal Palace gardens so there is lashings of greenery ... and the view to the south takes in the High Atlas Mountains, snow capped on a winters day. With a really competitive price of just 449'000 euros, and being sold as seen, this key in hand Riad would be your perfect home from home, and as a short term rental investment it would produce excellent returns. WhatsApp me now on +212 6 5802 5028 or mail contact@bosworthpropertymarrakech.com to arrange your private showing!

This charming little Riad is in an exceptional location, close to the Royal Palace and with car access to the door. There are some great features - the plunge pool, the carved tadelakt walls, the glass roof (so you can control your internal climate year round) - and it is being sold as seen in the film. It's perfect as a family holiday home. And it would bring high returns on short term rental platforms when you're not using it. I love the views! The mature trees of the Royal Gardens bring serenity and colour, the High Atlas Mountains behind the palm trees bring splendour. At 449'000 euros this is a great deal. WhatsApp me now on +212 6 5802 5028 or fill in the short form on this page to arrange your private showing of this Royal Kasbah Riad For Sale Marrakech!",https://bosworth9149.eu1.qobrix.com/api/v2/files/download/media/public/huge/4a136877-814e-485d-8179-5f457698404a,13,Professionnel (Bosworth Property),2026-09-30
1567,bosworth,Luxury Kasbah Riad For Sale Marrakech,https://bosworthpropertymarrakech.com/property/luxury-kasbah-riad-for-sale-marrakech/1567/,Vente,Riad,Marrakech,Kasbah,€650.000,7020000,123.0,4,5,"Accès voiture / Parking, Air Condition, Electricity, Patio, Terrasse panoramique, Titre Foncier, Water","This is gorgeous! With car access to the door and a generous 123m2 freehold title footprint. this could be your home from home. And it would provide excellent returns when you're not using it. Great location. Four en suite bedrooms. Lovely patio courtyard with a mature citrus tree. Wonderful rooftop pool. Excellent views over the Royal Palace and the High Atlas Mountains to the south. The decor is super cool and everything is in as new condition. Being sold as seen at the excellent price of just 650'000 euros. Message me on WhatsApp now on +212 6 5802 5028 or mail contact@bosworthpropertymarrakech.com to arrange your private showing. You will love it!

In a top Kasbah location just off the amazing street markets in Derb Demnat, this Luxury Kasbah Riad For Sale Marrakech will make you want to move to Marrakech. Four superb en suite bedrooms. Two kitchens. A charming patio courtyard with a mature citrus tree. A big rooftop pool with day bed. And a high terrace with great views and year round sun. Whether as your home from home and/or as an investment property, this ticks all the boxes. Being sold fully furnished and turn key. At just 650'000 euros it makes financial sense and offers you the perfect wintering destination just 3 hours from London. WhatsApp me now on +212 6 5802 5028 or fill in the short form on this page to arrange your private showing. This will seduce you.",https://bosworth9149.eu1.qobrix.com/api/v2/files/download/media/public/huge/1fee2a67-b516-4990-ac68-3f1a9fadf116,14,Professionnel (Bosworth Property),2026-09-30
1568,bosworth,Top Quality Majorelle Apartment For Sale Marrakech,https://bosworthpropertymarrakech.com/property/top-quality-majorelle-apartment-for-sale-marrakech/1568/,Vente,Appartement,Marrakech,Gueliz,€190.000,2052000,104.0,2,2,"Climatisation, Covered Parking: 1, Cuisine équipée, Elevator, Floor Number: 4, Furnished: Fully Furnished, Kitchen Type: Open Plan, Secure Door, Storage Space, Terrasse panoramique, Titre Foncier","This is a great location next to the Majorelle Gardens where Yves Saint-Laurent designed many of his fabulous outfits. 104m2 of freehold title including the terraces, and with an additional dedicated car park underground. 2 bedrooms and 2 bathrooms. 4th floor with a very good lift. Perfect as your Marrakech getaway and sure to work really well on short term rental platforms. At just 190'000 euros it is very well priced. WhatsApp me NOW on +212 6 5802 5028 or mail contact@bosworthpropertymarrakech.com to arrange your private showing!

Absolutely fabulous location next to Majorelle Gardens and easy walking distance to both downtown Gueliz AND Marrakech Medina. It's perfect as your home in the sun and is a high ROI investment on short term rental platforms. Two very good bedrooms, both with direct access to the wrap around terraces and bathed in natural light. Two good bathrooms. Air conditioning throughout, of course. A very good modern kitchen with as new appliances. Seating area with flat screen TV. Smart door locks. It's a beauty! At just 190'000 euros this is the sweet spot. Don't miss out. WhatsApp me now on +212 6 5802 5028 or fill in the short form on this page to arrange your private showing!",https://bosworth9149.eu1.qobrix.com/api/v2/files/download/media/public/huge/ff956be7-24c7-48f8-882f-3130e16a8927,11,Professionnel (Bosworth Property),2026-09-30
1569,bosworth,Jemaa El Fnaa Investment Opportunity for Sale in Marrakech,https://bosworthpropertymarrakech.com/property/jemaa-el-fnaa-investment-opportunity-for-sale-in-marrakech/1569/,Vente,Riad,Marrakech,Médina,€1.900.000,20520000,355.0,25,10,"Hammam, Terrasse panoramique, Titre Foncier","355m2 of freehold title footprint right next to Jemaa El Fnaa! This location is super prime. Massive footfall and super accessible. It is currently a 25 room hostel and includes 3 street front shops, a hammam and a café. It is in fairly shoddy condition and needs a complete overhaul, yet at less than 2m euros it is a truly fabulous investment. There are multiple owners here, so you will need top quality advice and professional accompaniment to get this through. WhatsApp me now on +212 6 5802 5028 or mail contact@bosworthpropertymarrakech.com to arrange your private showing. If you're serious about Marrakech Medina then you won't want to miss this opportunity!

This is all about location. Right next to Jemaa El Fnaa, with heavy footfall and good views over the big square and the Koutoubia Mosque. Superb terraces, just perfect for a commercial rooftop. It obviously needs a complete renovation as it currently a hostel, with attached shops and a little cafe. Upgraded, this becomes the hottest location in Marrakech Medina bar none. A stunning opportunity for a serious investor. Here you could establish a top of the range Riad. Or maybe a restaurant with vast rooftop. Maybe a commercial center? The possibilities are yours to create. At just 1.9m euros it is the deal of the year. We are here to guide you through this purchase and make sure everything works for you. WhatsApp me now on +212 6 5802 5028 or fill in the form on this page and we will arrange your private showing. Yes!",https://bosworth9149.eu1.qobrix.com/api/v2/files/download/media/public/huge/a6f1c1df-09d5-4d59-9322-c3b30e16e082,8,Professionnel (Bosworth Property),2026-09-30
