id,title,url,transaction_type,house_type,city,quartier,price_raw,price_numeric,surface_raw,surface_m2,rooms,bedrooms,bathrooms,features,description,main_image,images_count,scraped_date
8395550,Vente d'un bel appartement à la Palmeraie. Confort et Charme,https://www.mubawab.ma/fr/pa/8395550/vente-d-un-bel-appartement-%C3%A0-la-palmeraie-confort-et-charme,Vente,Appartement,Marrakech,Palmeraie,Prix à consulter,,80m²,80,3 Pièces,2 Chambres,2 Salles de bains,"Jardin, Ascenseur, Piscine, Concierge, Chambre rangement, Salon européen, Cheminée, Climatisation, Double vitrage, Cuisine équipée, Réfrigérateur, Four, Machine à laver, Micro-ondes","Ce superbe appartement situé à Marrakech, dans le quartier prisé de la palmeraie, offre une opportunité exceptionnelle pour ceux qui souhaitent vivre dans un cadre à la fois moderne et luxueux. D'une superficie de 80 m², ce bien affiche une conception soignée avec deux chambres spacieuses et deux salles de bains élégamment aménagées. La pièce à vivre principale impressionne par son espace ouvert et lumineux, agrémenté d’une cheminée qui ajoute...",https://www.mubawab-media.com/ad/8/395/550F/h/photo_0_83004825.avif,13,2026-09-30
8411957,Sublime villa de standing à vendre au Circuit Palmeraie,https://www.mubawab.ma/fr/a/8411957/sublime-villa-de-standing-%C3%A0-vendre-au-circuit-palmeraie,Vente,Villa,Marrakech,Palmeraie,Prix à consulter,,2665m²,2665,6 Pièces,4 Chambres,4 Salles de bains,"Jardin, Piscine, Entre-seul, Cuisine équipée","Édifiée sur un terrain bien orienté de 2 665 m², cette villa offre un très bel espace de vie sur trois niveaux qui comprend : sous-sol, rez-de-chaussée et un étage. Elle se compose aussi d’un beau et grand jardin avec une piscine. La villa est située dans la résidence Les Jardins de la Palmeraie, à quelques minutes seulement du Palm Golf Marrakech Palmeraie. Vous serez conquis par cette propriété verdoyante. N’hésitez pas à nous contacter !",https://www.mubawab-media.com/ad/8/411/957F/h/image12.jpeg_83178485.avif,11,2026-09-30
8396464,Superbe 3P à Saisir à la Palmeraie,https://www.mubawab.ma/fr/pa/8396464/superbe-3p-%C3%A0-saisir-%C3%A0-la-palmeraie,Vente,Appartement,Marrakech,Palmeraie,Prix à consulter,,75m²,75,3 Pièces,2 Chambres,2 Salles de bains,"Jardin, Terrasse, Piscine, Concierge, Salon européen, Cheminée, Climatisation, Double vitrage, Cuisine équipée, Réfrigérateur, Four, Machine à laver","Découvrez ce magnifique appartement à vendre situé dans le quartier prisé de la Palmeraie à Marrakech. Étalé sur une surface de 75 m², ce bien offre deux chambres spacieuses et deux salles de bains, idéal pour un cadre de vie confortable. Le bâtiment, fraîchement finalisé, garantit une qualité de construction optimale. L'environnement extérieur de la propriété est particulièrement attrayant. Vous y trouverez un jardin verdoyant et bien entrete...",https://www.mubawab-media.com/ad/8/396/464F/h/photo_0_83014387.avif,1,2026-09-30
8106475,Magnifique Villa en front de golf Palmeraie,https://www.mubawab.ma/fr/a/8106475/magnifique-villa-en-front-de-golf-palmeraie,Vente,Villa,Marrakech,Palmeraie,Prix à consulter,,800m²,800,10 Pièces,7 Chambres,8 Salles de bains,"Jardin, Terrasse, Garage, Vue sur les montagnes, Piscine, Concierge, Chambre rangement, Meublé, Entre-seul, Salon Marocain, Salon européen, Antenne parabolique, Cheminée, Climatisation, Sécurité, Double vitrage, Cuisine équipée, Réfrigérateur, Four, Machine à laver, Micro-ondes","Chestertons Maroc vous propose cette somptueuse villa au style beldi chic, nichée en première ligne de golf dans la prestigieuse Palmeraie de Marrakech. Érigée sur un terrain généreux de 1000 m², la propriété offre environ 600 m² de surface construite, alliant luxe, confort et authenticité marocaine. Caractéristiques principales : • 7 suites spacieuses, chacune dotée de sa salle de bain privative et d’un dressing. • Deux cuisines : une cuisi...",https://www.mubawab-media.com/ad/8/106/475F/h/Picture-85569813-3_79909590.avif,30,2026-09-30
8352036,Achat de terrain à Ennakhil Palmeraie. Surface de 500 m²,https://www.mubawab.ma/fr/a/8352036/achat-de-terrain-%C3%A0-ennakhil-palmeraie-surface-de-500-m%C2%B2,Vente,Terrain,Marrakech,Palmeraie,Prix à consulter,,500m²,500,,,,,"Voici une description détaillée d'un terrain à vendre situé dans le quartier prisé de la Palmeraie à Marrakech, dans la région de Marrakech-Safi. Situé dans le quartier d'Ennakhil, ce terrain bénéficie d'une localisation prestigieuse au cœur de Marrakech, une ville célèbre pour sa culture riche et son ambiance vibrante. Avec une superficie généreuse de 500 m², ce terrain offre de nombreuses possibilités pour le développement de projets résiden...",https://www.mubawab-media.com/ad/8/352/036F/h/photo_0_82486173.avif,1,2026-09-30
8419317,Marrakech I Palmeraie,https://www.mubawab.ma/fr/a/8419317/marrakech-i-palmeraie,Vente,Villa,Marrakech,Palmeraie,Prix à consulter,,950m²,950,6 Pièces,6 Chambres,6 Salles de bains,"Jardin, Terrasse, Garage, Piscine, Concierge, Meublé","Située dans l'un des secteurs les plus recherchés de la Palmeraie, cette propriété développe près de 1 000 m² habitables au cœur d'un domaine paysager d'un hectare. Elle se distingue par ses volumes généreux, sa luminosité et ses espaces de réception largement ouverts sur les jardins, les terrasses et la piscine. L'ensemble offre un cadre particulièrement agréable, préservé des regards et entouré de végétation. La villa principale comprend quatr...",https://www.mubawab-media.com/ad/8/419/317F/h/1_83261574.avif,22,2026-09-30
8327383,"Terrain Pour Hotel de 5,8 ha à la Palmeraie Marrakech",https://www.mubawab.ma/fr/a/8327383/terrain-pour-hotel-de-5-8-ha-%C3%A0-la-palmeraie-marrakech,Vente,Terrain,Marrakech,Palmeraie,Prix à consulter,,58000m²,58000,,,,,"Découvrez ce vaste terrain de 5,8 hectares idéalement situé dans la célèbre zone touristique de la Palmeraie à Marrakech. Ce terrain offre un immense potentiel pour vos projet hotelier de prestige. Bénéficiez d’un environnement calme, verdoyant et très recherché tout en restant proche de toutes les commodités de la ville ocre. La parcelle se distingue par sa localisation stratégique, offrant une vue dégagée et un ensoleillement optimal tout au...",https://www.mubawab-media.com/ad/8/327/383F/h/c3a5af82a467fd4a4817f6ca1de7be19_4b5147f3cd_1280-big_82220566.avif,2,2026-09-30
8287949,Maison d'hôte Moderne Chic Bab Atlas Marrakech,https://www.mubawab.ma/fr/a/8287949/maison-d-h%C3%B4te-moderne-chic-bab-atlas-marrakech,Vente,Maison,Marrakech,Palmeraie,Prix à consulter,,1500m²,1500,13 Pièces,10 Chambres,12 Salles de bains,"Jardin, Terrasse, Garage, Vue sur les montagnes, Piscine, Concierge, Chambre rangement, Meublé, Salon européen, Cheminée, Climatisation, Chauffage central, Double vitrage, Cuisine équipée, Réfrigérateur, Four, Machine à laver, Micro-ondes","Agence immobilière à Marrakech, Chestertons, expert en immobilier de luxe à Marrakech, vous propose de découvrir cette magnifique propriété située à Bab Atlas extension de La Palmeraie de Marrakech, située à seulement 15/20 mn du centre-ville. Cette élégante propriété, nichée au coeur d’un magnifique parc paysagé de 1 ha, agrémentée d’une grande piscine, allie tradition et modernité ou chaque espace est pensé pour profiter de la quiétude ou ad...",https://www.mubawab-media.com/ad/8/287/949F/h/f87ee63e95a414f7f15732270798b132_1796eac660_1536-big_81800704.avif,32,2026-09-30
8410107,Terrain en vente à Ennakhil Palmeraie. Surface de 300000 m²,https://www.mubawab.ma/fr/a/8410107/terrain-en-vente-%C3%A0-ennakhil-palmeraie-surface-de-300000-m%C2%B2,Vente,Terrain,Marrakech,Palmeraie,Prix à consulter,,300000m²,300000,,,,,"Cette propriété est un vaste terrain de 300,000 m² situé dans le quartier prisé d'Ennakhil (Palmeraie), à Marrakech, dans la région de Marrakech-Safi. Le terrain se distingue par sa grande superficie, idéale pour des projets de développement variés. Nichée dans une zone non encore habitée mais fraîchement réformée, cette parcelle offre un cadre paisible avec des vues dégagées sur les environs typiques de la Palmeraie. Ennakhil (Palmeraie) est re...",https://www.mubawab-media.com/ad/8/410/107F/h/photo_0_83159097.avif,1,2026-09-30
8299636,Terrain titré route de casa 14 000 m²,https://www.mubawab.ma/fr/a/8299636/terrain-titr%C3%A9-route-de-casa-14-000-m%C2%B2,Vente,Villa,Marrakech,Palmeraie,Prix à consulter,,14000m²,14000,,,,,"Terrain titre pour lotissement de villas ou hôtel avec vue sur la palmeraie et les montagnes de l atlas Direct propriétaire surface totale de 14 000 m2 Terrain à découvrir Très bonne rentabilité , Marrakech",https://www.mubawab-media.com/ad/8/299/636F/h/photo_00_81929263.avif,7,2026-09-30
8147905,Terrain Investissements Palmeraie Marrakech,https://www.mubawab.ma/fr/a/8147905/terrain-investissements-palmeraie-marrakech,Vente,Terrain,Marrakech,Palmeraie,Prix à consulter,,16600m²,16600,,,,,"À Vendre – Terrain de 16 600 m² en Pleine Palmeraie de Marrakech Projet Touristique / Hôtel R3 Possible Situé en plein cœur de la Palmeraie de Marrakech, ce terrain exceptionnel de 16 600 m² offre un emplacement stratégique dans l’un des secteurs les plus prisés de la ville ocre. Caractéristiques principales : • Superficie : 16 600 m² • Prix : 1 700 DH/m² • Titre foncier disponible • Accès facile, proche des axes principaux et des complexe...",https://www.mubawab-media.com/ad/8/147/905F/h/2e1efe48-40ac-47c8-85fd-22d28fc5334a_80327124.avif,1,2026-09-30
8343995,Terrains titrés à ne pas rater la palmeraie,https://www.mubawab.ma/fr/a/8343995/terrains-titr%C3%A9s-%C3%A0-ne-pas-rater-la-palmeraie,Vente,Villa,Marrakech,Palmeraie,Prix à consulter,,507m²,507,,,,,"Terrains à vendre à la Palmeraie Nous vous proposons à la vente des terrains titrés et viabilisés, idéalement situé à la Palmeraie. Superficie : 507m² 392 m² 360m² 250 m² 400m² Prix : 5 000 DH/m² Ces terrain représente une excellente opportunité pour un projet de villa dans un cadre calme et recherché. Pour plus d’informations ou pour organiser une visite, n’hésitez...",https://www.mubawab-media.com/ad/8/343/995F/h/WhatsApp%20Image%202026-05-04%20at%2016.12.35_82396789.avif,1,2026-09-30
8290885,Vente Terrain approximité golf amelkis palmeraie Marrakech,https://www.mubawab.ma/fr/a/8290885/vente-terrain-approximit%C3%A9-golf-amelkis-palmeraie-marrakech,Vente,Terrain,Marrakech,Palmeraie,Prix à consulter,,1040m²,1040,,,,,"Nous vous proposons un terrain titré idéalement situé dans un lotissement résidentiel de grand standing, à quelques minutes des prestigieux quartiers d’Amelkis et de ses golfs. Emplacement privilégié Situé dans un lotissement sécurisé et paisible, ce terrain bénéficie d’un emplacement stratégique à proximité des commodités, des écoles internationales, des parcours de golf et des axes routiers principaux. Caractéristiques du terrain • Superfici...",https://www.mubawab-media.com/ad/8/290/885F/h/photo_00_81831535.avif,8,2026-09-30
8294990,Très jolie Villa située dans la Palmeraie de Marrakech,https://www.mubawab.ma/fr/a/8294990/tr%C3%A8s-jolie-villa-situ%C3%A9e-dans-la-palmeraie-de-marrakech,Vente,Villa,Marrakech,Palmeraie,Prix à consulter,,1000m²,1000,7 Pièces,6 Chambres,,"Jardin, Terrasse, Piscine, Cheminée, Climatisation, Sécurité, Cuisine équipée","Très jolie Villa située dans la Palmeraie de Marrakech à 20 minutes du centre ville de Marrakech Superficie du terrain : 1 Ha cadastré Superficie habitable : 1.000 m2 Elle se compose de : 6 Grandes chambres confortables, lumineuses, joliment décorées, chacune avec salle de bain privative, placards, climatisation réversible 1 Grand salon avec télévision, cheminée, grande baie vitrée donnant sur la terrasse 1 Salle à manger intérieure po...",https://www.mubawab-media.com/ad/8/294/990F/h/67863e8c913e7dc6a_81876268.avif,32,2026-09-30
8295091,Superbe Villa contemporaine face aux montagnes de l'Atlas,https://www.mubawab.ma/fr/a/8295091/superbe-villa-contemporaine-face-aux-montagnes-de-l-atlas,Vente,Villa,Marrakech,Palmeraie,Prix à consulter,,950m²,950,8 Pièces,5 Chambres,,"Jardin, Terrasse, Garage, Piscine, Cheminée, Climatisation, Chauffage central, Sécurité, Cuisine équipée","Superbe Villa contemporaine face aux montagnes de l'Atlas située au sein de la Palmeraie Superficie habitable : 950 m² Superficie terrain : 12 000 m² Elle se compose de : Salon cheminée avec home cinéma Bibliothèque Salle à manger Cuisine entièrement équipée 5 Suites chacune avec salle de bain, dressing, lit king size, climatisation réversible Divers : Piscine de 35 mètres Jardin arboré Transats piscine Salon extérieur Salle à manger extérieur...",https://www.mubawab-media.com/ad/8/295/091F/h/653bdbffbfa944299_81878493.avif,16,2026-09-30
8361801,Terrain d’Exception à la Palmeraie,https://www.mubawab.ma/fr/a/8361801/terrain-d%E2%80%99exception-%C3%A0-la-palmeraie,Vente,Villa,Marrakech,Palmeraie,Prix à consulter,,1978m²,1978,,,,,"Terrain d’Exception à la Palmeraie Au cœur de la prestigieuse Palmeraie, découvrez ce terrain d’exception offrant un cadre calme, verdoyant et très recherché. Superficie : 1 978 m² Prix : 3 500 DH/m² Ce terrain bénéficie d’un emplacement privilégié, idéal pour la réalisation d’une villa de standing ou pour un investissement immobilier de qualité dans l’un des secteurs les plus prisés de Marrakech. Une opportunité rare à saisir. Pour plus d’i...",https://www.mubawab-media.com/ad/8/361/801F/h/WhatsApp%20Image%202026-06-09%20at%2011.51.06_82591890.avif,1,2026-09-30
8385237,"Terran à vendre Circuit de la Palmeraie, Marrakech",https://www.mubawab.ma/fr/a/8385237/terran-%C3%A0-vendre-circuit-de-la-palmeraie-marrakech,Vente,Villa,Marrakech,Palmeraie,Prix à consulter,,16000m²,16000,,,,,"À vendre : magnifique terrain titré situé en plein Circuit de la Palmeraie de Marrakech, dans un secteur résidentiel haut de gamme, recherché pour son calme et son environnement d’exception. Caractéristiques : • Terrain titré • COS : 0,07 • Emplacement premium • Accès facile • Idéal pour la réalisation d’une villa de prestige ou d’un projet immobilier de standing Une opportunité rare d’investir dans l’un des quartiers les plus prisés",https://www.mubawab-media.com/ad/8/385/237F/h/photo_0_82890198.avif,1,2026-09-30
8295907,Magnifique Palais de style Morocco Andalou sous forme de Ria...,https://www.mubawab.ma/fr/a/8295907/magnifique-palais-de-style-morocco-andalou-sous-forme-de-riad-de-tr%C3%A8s-haut-standing-au-parc-habilement-entretenu,Vente,Riad,Marrakech,Palmeraie,Prix à consulter,,1650m²,1650,16 Pièces,8 Chambres,,"Jardin, Terrasse, Garage, Piscine, Entre-seul, Cheminée, Climatisation, Sécurité, Cuisine équipée","Magnifique Palais de style Morocco- Andalou sous forme de Riad de très haut standing au parc habilement entretenu à la Palmeraie Superficie du terrain : 1 hectare Superficie habitable : 1650 m2 Il se compose de : Bâtisse principale : RDC 1 Hall d’entrée 4 Chambres spacieuses et lumineuses chacune avec salle de bain (baignoire jacuzzi), toilettes séparés, TV et cheminée 1 Salle à manger pour 12 convives 5 Salons de différentes assises et thémat...",https://www.mubawab-media.com/ad/8/295/907F/h/60f5c55668c0c8b16_81887776.avif,14,2026-09-30
8294856,Belle Villa de style Hispano mauresque,https://www.mubawab.ma/fr/a/8294856/belle-villa-de-style-hispano-mauresque,Vente,Villa,Marrakech,Palmeraie,Prix à consulter,,950m²,950,9 Pièces,6 Chambres,,"Jardin, Terrasse, Garage, Piscine, Entre-seul, Cheminée, Climatisation, Chauffage central, Sécurité, Cuisine équipée","Belle Villa de style Hispano-mauresque située à la Palmeraie à 20 minutes du centre-ville. Superficie du terrain : 1 hectare Surface habitable : 950 m2 Elle se compose de : 1 Grand séjour somptueux de 200 m2 Plusieurs salons avec une cheminée dans le salon central 1 Salle à manger 5 Grandes chambres au RDC avec salle de bain, placards, télévision, climatisation réversible 1 Suite parentale à l’étage avec salle de bain, grand dressing, télévision...",https://www.mubawab-media.com/ad/8/294/856F/h/6929d81ff011119ca_81874042.avif,32,2026-09-30
8275982,Terrain de Villa 360 m²,https://www.mubawab.ma/fr/a/8275982/terrain-de-villa-360-m%C2%B2,Vente,Villa,Marrakech,Palmeraie,Prix à consulter,,361m²,361,,,,,"Terrain de 360 m² à vendre au sein du projet Villa Rosa, situé dans la Palmeraie, à seulement 15 minutes du centre-ville. Environnement calme, entouré de palmiers, avec vue sur les montagnes de l’Atlas. Idéal pour la construction d’une villa de standing",https://www.mubawab-media.com/ad/8/275/982F/h/photo_0_81671187.avif,7,2026-09-30
8343921,Terrain titré a ne pas rater la palmeraie,https://www.mubawab.ma/fr/a/8343921/terrain-titr%C3%A9-a-ne-pas-rater-la-palmeraie,Vente,Villa,Marrakech,Palmeraie,Prix à consulter,,400m²,400,,,,,"Terrain à vendre à la Palmeraie Nous vous proposons à la vente un terrain titré et viabilisé, idéalement situé à la Palmeraie. Superficie : 400 m² Prix : 5 000 DH/m² Ce terrain représente une excellente opportunité pour un projet de villa dans un cadre calme et recherché. Pour plus d’informations ou pour organiser une visite, n’hésitez pas à nous contacter",https://www.mubawab-media.com/ad/8/343/921F/h/WhatsApp%20Image%202026-05-04%20at%2016.12.35_82396033.avif,1,2026-09-30
8332487,Beau terrain à la vente à Ennakhil Palmeraie. Surface de 75...,https://www.mubawab.ma/fr/a/8332487/beau-terrain-%C3%A0-la-vente-%C3%A0-ennakhil-palmeraie-surface-de-75000-m%C2%B2,Vente,Terrain,Marrakech,Palmeraie,Prix à consulter,,75000m²,75000,,,,,"Très bon choix pour ce terrain à vendre. Superficie 75000 m². Terrain à découvrir à Ennakhil (Palmeraie), Marrakech",https://www.mubawab-media.com/ad/8/332/487F/h/photo_0_82273856.avif,2,2026-09-30
8320957,"À vendre – Terrains à La Palmeraie, Marrakech",https://www.mubawab.ma/fr/a/8320957/%C3%A0-vendre-%E2%80%93-terrains-%C3%A0-la-palmeraie-marrakech,Vente,Villa,Marrakech,Palmeraie,Prix à consulter,,10000m²,10000,,,,,"Idéal pour villa individuelle. Emplacement calme, résidentiel et très recherché, à quelques minutes du centre-ville. Opportunité d’investissement avec fort potentiel. Pour plus d’informations, contactez-nous en privé",https://www.mubawab-media.com/ad/8/320/957F/h/Bleu%20blanc%20dor%C3%A9%20Moderne%20%C3%A9l%C3%A9gant%20Ev%C3%A8nement%20de%20vente%20immobili%C3%A8re%20Post%20Instagram%20%2827%29_82149935.avif,1,2026-09-30
8204978,Propriété exceptionnelle au cœur de la Palmeraie,https://www.mubawab.ma/fr/a/8204978/propri%C3%A9t%C3%A9-exceptionnelle-au-c%C5%93ur-de-la-palmeraie,Vente,Terrain,Marrakech,Palmeraie,Prix à consulter,,3000m²,3000,,,,,"Propriété exceptionnelle au cœur de la Palmeraie Vaneau MAROC vous propose à la vente dans la Palmeraie - Triangle d’or sur un terrain de un hectare, palais de presque 3 000 m2 sur 3 niveaux. Hall d’entrée menant à un grand salon, une salle à manger, une salle de jeux et un bar. Conçu avec des matériaux haut de gamme (bois de cèdre sculpté, zellige, marbre). 10 suites de luxe avec piscines chauffées, 2 tentes impériales avec piscine privée, 4 lod...",https://www.mubawab-media.com/ad/8/204/978F/h/080a11dc129b0a89fa70c6d9bd78e967_80910918.avif,33,2026-09-30
8273264,Somptueuse propriété dans la Palmeraie,https://www.mubawab.ma/fr/a/8273264/somptueuse-propri%C3%A9t%C3%A9-dans-la-palmeraie,Vente,Villa,Marrakech,Palmeraie,Prix à consulter,,2000m²,2000,15 Pièces,5 Chambres,5 Salles de bains,"Jardin, Terrasse, Vue sur les montagnes, Piscine, Meublé, Entre-seul, Salon Marocain, Salon européen, Double vitrage","Exclusivité. Marrakech - Au cœur du Triangle d'Or de la Palmeraie, villa de 2000 m2 sur un parc arboré de plus de 2 hectares avec piscine et bassins d’eau. 1 entrée cathédrale et 1 entrée de service. Au rez-de-chaussée: double réception, salon marocain, salon japonais avec salle à manger, bar anglais, salon TV. Décoration raffinée, matériaux d'exception et prestations haut de gamme. 4 suites luxueuses avec chacune une terrasse privée et un acc...",https://www.mubawab-media.com/ad/8/273/264F/h/Z82_8123-HDR-1_81643395.avif,17,2026-09-30
8226830,Superbe appartement à vendre à Ennakhil Palmeraie. Surface d...,https://www.mubawab.ma/fr/a/8226830/superbe-appartement-%C3%A0-vendre-%C3%A0-ennakhil-palmeraie-surface-de-63-m%C2%B2-service-de-concierge-et-climatisation,Vente,Appartement,Marrakech,Palmeraie,Prix à consulter,,63m²,63,4 Pièces,4 Chambres,1 Salle de bain,"Jardin, Garage, Ascenseur, Concierge, Façade extérieure, Salon Marocain, Antenne parabolique, Climatisation, Sécurité, Cuisine équipée","Faites une belle affaire en achetant cet appartement. 4 pièces, 1 salle de bains, superficie 63 m². 4 chambres à coucher. Moins de 5 ans. Cet appartement est en vente à Ennakhil (Palmeraie). Confort et tradition avec un beau salon marocain. Le bien dispose également d'une antenne parabolique et la résidence est sécurisée. Appréciez le confort de la climatisation. La résidence dispose également d'un service de concierge. Contactez-nous pour...",https://www.mubawab-media.com/ad/8/226/830F/h/IMG-20250926-WA0006_81142161.avif,12,2026-09-30
8172917,Terrain à vendre – 3 400 m² – Palmeraie Marrakech,https://www.mubawab.ma/fr/a/8172917/terrain-%C3%A0-vendre-%E2%80%93-3-400-m%C2%B2-%E2%80%93-palmeraie-marrakech,Vente,Terrain,Marrakech,Palmeraie,Prix à consulter,,3400m²,3400,,,,,"Terrain à vendre – 3 400 m² – Palmeraie Marrakech À saisir ! Superbe terrain de 3 400 m² situé dans la prestigieuse Palmeraie. Autorisation de construire déjà obtenue Prix très avantageux Parfait pour projet résidentiel ou investissement. Emplacement calme, accessible et recherché.",https://www.mubawab-media.com/ad/8/172/917F/h/WhatsApp%20Image%202025-07-03%20at%2012.12.44_80590635.avif,1,2026-09-30
8424982,Location saisonnière à Ennakhil Palmeraie. 2 chambres. Lave...,https://www.mubawab.ma/fr/a/8424982/location-saisonni%C3%A8re-%C3%A0-ennakhil-palmeraie-2-chambres-lave-linge,Location Vacances,Appartement,Marrakech,Palmeraie,400 DH,400,72m²,72,4 Pièces,2 Chambres,1 Salle de bain,"Jardin, Salon européen, Climatisation, Sécurité, Cuisine équipée, Réfrigérateur, Four, TV, Machine à laver, Internet","Bienvenue dans notre petit pavillon idéalement situé au cœur d’un quartier vivant et pratique, où tout est à portée de main. Vous trouverez de nombreux commerces, cafés, restaurants et services à proximité, vous permettant de profiter pleinement de votre séjour sans avoir besoin de vous déplacer loin. Emplacement facilement accessible grâce à plusieurs moyens de transport, que ce soit en taxi, en voiture ou en transports en commun. L’appartement...",https://www.mubawab-media.com/ad/8/424/982F/h/photo_0_83324023.avif,16,2026-09-30
8266716,Marrakech les jardins de palmeraie appartement rez de jardin...,https://www.mubawab.ma/fr/a/8266716/marrakech-les-jardins-de-palmeraie-appartement-rez-de-jardin-3ch-2-sdb-3-terrasse-golf-piscine-s%C3%A9curit%C3%A9h24,Location Vacances,Appartement,Marrakech,Palmeraie,1 200 DH,1200,135m²,135,5 Pièces,3 Chambres,2 Salles de bains,"Jardin, Terrasse, Garage, Vue sur les montagnes, Piscine, Concierge, Salon Marocain, Salon européen, Climatisation, Chauffage central, Sécurité, Cuisine équipée, Réfrigérateur, Four, TV, Machine à laver, Micro-ondes, Animaux domestiques autorisés",Les jardins de la palmeraie marrakech Ensemble résidentiel exceptionnel de 20 ga avec jardins piscine golf supermarché boulangerie café restaurant service de sécurité privé 24h/24 Particulier loue appartement de 135m2 en rez-de-jardin se composant de 3 chambres king size dont 2 avec terrasse avec vue dégagée sur jardins et palmiers- 2sdb - Terrase de 25m2 sur salon avec jardins pour déjeuner en extérieur cuisine avec chambre de service - enti...,https://www.mubawab-media.com/ad/8/266/716F/h/photo_0_81574636.avif,32,2026-09-30
8394934,Jolie appartement meublé à louer,https://www.mubawab.ma/fr/a/8394934/jolie-appartement-meubl%C3%A9-%C3%A0-louer,Location,Appartement,Marrakech,Palmeraie,1 500 DH,1500,170m²,170,4 Pièces,2 Chambres,2 Salles de bains,"Jardin, Terrasse, Garage, Vue sur les montagnes, Piscine, Concierge, Chambre rangement, Meublé, Façade extérieure, Salon Marocain, Salon européen, Antenne parabolique, Cheminée, Climatisation, Chauffage central, Sécurité, Double vitrage, Porte blindée, Cuisine équipée, Réfrigérateur, Four, TV, Machine à laver, Micro-ondes, Animaux domestiques autorisés","Jolie appartement Élégance & Sérénité à la Palmeraie de Marrakech Découvrez cette magnifique appartement de 2 chambres et un grand salon avec une belle terrasse située au cœur de la prestigieuse Palmeraie, un véritable havre de paix à seulement quelques minutes du centre de Marrakech. Nichée dans un environnement calme et sécurisé Pour faire la réservation ou plus d'informations merci de me contacter",https://www.mubawab-media.com/ad/8/394/934F/h/728527815_27103920105939456_2391043498257345006_n_82997930.avif,11,2026-09-30
7965369,Villa haut de gamme idéal pour groupes et famille,https://www.mubawab.ma/fr/a/7965369/villa-haut-de-gamme-id%C3%A9al-pour-groupes-et-famille,Location,Villa,Marrakech,Palmeraie,1 500 DH,1500,1100m²,1100,13 Pièces,11 Chambres,11 Salles de bains,"Jardin, Terrasse, Piscine, Concierge, Meublé, Salon Marocain, Salon européen, Antenne parabolique, Cheminée, Climatisation, Sécurité, Cuisine équipée, Réfrigérateur, Four, TV, Machine à laver, Micro-ondes, Internet, Animaux domestiques autorisés","Profitez d'une expérience unique à l'entrée du Palmeraie de Marrakech en réservant votre séjour ici. Doté de 11 suites uniques confortable pour 22 / 25 personnes, la villa dispose d'un grand jardin idéal pour les petits événements* entre familles ou amis(es), deux grandes piscines dont l'une chauffée sur demande*, d'un SPA* et Hammam*, ainsi que d'une salle de sport. Une expérience luxueuse qui vous fera séduira. Alliant tradition et...",https://www.mubawab-media.com/ad/7/965/369F/h/RBRExtMatin%20041_78516157.avif,6,2026-09-30
8383843,Appartement en location meublé,https://www.mubawab.ma/fr/a/8383843/appartement-en-location-meubl%C3%A9,Location,Appartement,Marrakech,Palmeraie,6 000 DH,6000,100m²,100,3 Pièces,2 Chambres,1 Salle de bain,"Jardin, Terrasse, Garage, Ascenseur, Piscine, Concierge, Meublé, Façade extérieure, Salon européen, Antenne parabolique, Cheminée, Climatisation, Sécurité, Cuisine équipée, Réfrigérateur, Four, TV, Machine à laver, Micro-ondes","Cet appartement à louer, situé dans le quartier prisé de la Palmeraie à Marrakech, offre un cadre de vie exceptionnel entre modernité et confort. il se trouve au troisième étage d'un immeuble équipé d'un ascenseur et d'un service de conciergerie. L'appartement est orienté plein sud, permettant une luminosité naturelle tout au long de la journée. Les sols en carrelage renforcent l'ambiance moderne et facile d'entretien de l'espace. Le bien dispos...",https://www.mubawab-media.com/ad/8/383/843F/h/photo_0_82874897.avif,7,2026-09-30
8044153,Appartement sur Marrakech,https://www.mubawab.ma/fr/a/8044153/appartement-sur-marrakech,Location,Appartement,Marrakech,Palmeraie,6 000 DH,6000,78m²,78,3 Pièces,2 Chambres,1 Salle de bain,"Jardin, Terrasse, Garage, Piscine, Meublé, Salon Marocain, Sécurité, Cuisine équipée, Réfrigérateur, Four, TV, Animaux domestiques autorisés","Appartement meublé – Résidence Premium, Marrakech (Palmeraie) Loyer : 630 / mois Superficie : 78 m² – Meublé Résidence calme, sécurisée avec piscine et espace sportif Situé dans une superbe résidence privée, surveillée et parfaitement entretenue, cet appartement meublé de 78 m² offre un cadre de vie paisible, confortable et agréable. La résidence dispose d’un parking, d’une piscine ainsi que d’un petit espace sportif, le tout dans une petite c...",https://www.mubawab-media.com/ad/8/044/153F/h/IMG_9535_79298694.avif,9,2026-09-30
8247016,Appartement Élégant à Louer à la Palmeraie,https://www.mubawab.ma/fr/a/8247016/appartement-%C3%A9l%C3%A9gant-%C3%A0-louer-%C3%A0-la-palmeraie,Location,Appartement,Marrakech,Palmeraie,6 500 DH,6500,70m²,70,4 Pièces,1 Ch.,2 Salles de bains,"Jardin, Terrasse, Garage, Ascenseur, Piscine, Concierge, Meublé, Façade extérieure, Salon Marocain, Salon européen, Antenne parabolique, Cheminée, Climatisation, Sécurité, Double vitrage, Porte blindée, Cuisine équipée, Réfrigérateur, Four, TV, Machine à laver, Micro-ondes, Internet","Découvrez ce magnifique appartement meublé à louer, d’une superficie de 70 m², situé au 1er étage dans le prestigieux quartier de la Palmeraie. Il se trouve au sein d’une résidence fermée et sécurisée dotée de barrières, parking, piscines, et terrains de sport, offrant un cadre de vie agréable et paisible. L’appartement se compose de : – Une chambre avec salle de bain intégrée (baignoire) – Un salon spacieux avec salle à manger – Une cuisine am...",https://www.mubawab-media.com/ad/8/247/016F/h/WhatsApp%20Image%202025-11-04%20%C3%A0%2020.45.28_4448945b_81355807.avif,14,2026-09-30
8407689,"Appartement Rez de jardin – Palmeraie, Marrakech",https://www.mubawab.ma/fr/a/8407689/appartement-rez-de-jardin-%E2%80%93-palmeraie-marrakech,Location,Appartement,Marrakech,Palmeraie,7 000 DH,7000,94m²,94,3 Pièces,2 Chambres,1 Salle de bain,"Jardin, Terrasse, Garage, Piscine, Concierge, Salon européen, Antenne parabolique, Cheminée, Climatisation, Chauffage central, Sécurité, Double vitrage, Porte blindée, Cuisine équipée","l'agence MRI vous propose un bel appartement à louer, de 94 m² situé en rez-de-jardin, au sein d’une résidence fermée, sécurisée et bien entretenue dans le quartier prisé de la Palmeraie à Marrakech. L’appartement se compose de : Un salon lumineux et agréable Deux chambres Une cuisine équipée Une salle de bain Une toilette indépendante Une petite terrasse privative, idéale pour profiter d’un espace extérieur au calme La résidence bénéficie d’un...",https://www.mubawab-media.com/ad/8/407/689F/h/WhatsApp_Image_2026-09-01_at_13.10.43__2__83144257.avif,11,2026-09-21
8211096,Superbe appartement 2ch Salon à louer Résidence avec piscine...,https://www.mubawab.ma/fr/a/8211096/superbe-appartement-2ch-salon-%C3%A0-louer-r%C3%A9sidence-avec-piscine-marrakech-palmeraie,Location,Appartement,Marrakech,Palmeraie,7 000 DH,7000,80m²,80,3 Pièces,2 Chambres,1 Salle de bain,"Jardin, Terrasse, Garage, Ascenseur, Piscine, Concierge, Meublé, Salon Marocain, Antenne parabolique, Cheminée, Climatisation, Chauffage central, Sécurité, Double vitrage, Porte blindée, Cuisine équipée, Réfrigérateur, Four, TV, Machine à laver, Micro-ondes, Internet","Appartement à louer idéalement placé. Prix 7.000 DH. 3 pièces dont 2 chambres, 1 salle de bains, 80 m². 2ème étage. Moins de 5 ans. Revêtement: Carrelage. Entièrement meublé. Cet appartement est à louer à Ennakhil (Palmeraie). Résidence parfaitement équipée avec ascenseur et parking. Vous profiterez également d'une belle terrasse. Confort et sécurité avec service de conciergerie, piscine et cheminée. Conditions 2. Mois de caution. 1 mois de loy...",https://www.mubawab-media.com/ad/8/211/096F/h/photo_0_82427121.avif,13,2026-09-21
8415754,Location / bel appartement à la palmeraie,https://www.mubawab.ma/fr/a/8415754/location-bel-appartement-%C3%A0-la-palmeraie,Location,Appartement,Marrakech,Palmeraie,7 000 DH,7000,90m²,90,3 Pièces,2 Chambres,2 Salles de bains,"Jardin, Terrasse, Piscine, Cheminée, Climatisation, Sécurité, Cuisine équipée, Réfrigérateur, Four, Machine à laver","À louer, appartement 3 pièces situé au 1er étage d'un immeuble de 1 étage dans le secteur prisé de la Palmeraie à Marrakech, Maroc. Ce logement calme comprend 2 chambres, une cuisine indépendante, aménagée et équipée, ainsi que 2 salles de bain. Vous apprécierez la cheminée pour des moments chaleureux. L'appartement dispose d'une terrasse, d'un stationnement extérieur et bénéficie d'une piscine pour votre détente. Le standing est bon et il n'y...",https://www.mubawab-media.com/ad/8/415/754F/h/cf19d2c2-73f2-4f92-83cd-807bd9a2594d_83221675.avif,11,2026-09-30
8349540,Charmant Appartement à Louer à La Palmeraie,https://www.mubawab.ma/fr/a/8349540/charmant-appartement-%C3%A0-louer-%C3%A0-la-palmeraie,Location,Appartement,Marrakech,Palmeraie,7 000 DH,7000,72m²,72,5 Pièces,1 Ch.,2 Salles de bains,"Jardin, Terrasse, Garage, Ascenseur, Piscine, Concierge, Chambre rangement, Meublé, Façade extérieure, Salon Marocain, Salon européen, Antenne parabolique, Cheminée, Climatisation, Sécurité, Double vitrage, Porte blindée, Cuisine équipée, Réfrigérateur, Four, TV, Machine à laver, Micro-ondes, Internet","Découvrez ce magnifique appartement meublé à louer, d’une superficie de 70 m², situé au 1er étage dans le prestigieux quartier de la Palmeraie. Il se trouve au sein d’une résidence fermée et sécurisée dotée de barrières, parking, piscines, et terrains de sport, offrant un cadre de vie agréable et paisible. L’appartement se compose de : – Une chambre avec salle de bain intégrée (baignoire) – Un salon spacieux avec salle à manger – Une cuisine am...",https://www.mubawab-media.com/ad/8/349/540F/h/photo_0_82459469.avif,13,2026-09-30
8326554,Terrain à la vente à Ennakhil Palmeraie. Surface de 107 m²,https://www.mubawab.ma/fr/a/8326554/terrain-%C3%A0-la-vente-%C3%A0-ennakhil-palmeraie-surface-de-107-m%C2%B2,Vente,Terrain,Marrakech,Palmeraie,7 800 DH,7800,107m²,107,,,,,"Nombreuses possibilités pour ce terrain à la vente. Prix 7 800 DH. Superficie de 107 m². Ce terrain est en vente à Ennakhil (Palmeraie), Marrakech",https://www.mubawab-media.com/ad/8/326/554F/h/IMG_3492_82211378.avif,2,2026-09-30
8413948,Appartement meublé cosy 86m2 Palmeraie,https://www.mubawab.ma/fr/a/8413948/appartement-meubl%C3%A9-cosy-86m2-palmeraie,Location,Appartement,Marrakech,Palmeraie,7 800 DH,7800,86m²,86,3 Pièces,2 Chambres,1 Salle de bain,"Garage, Ascenseur, Piscine, Concierge, Meublé, Salon européen, Climatisation, Sécurité, Cuisine équipée, Réfrigérateur, Four, TV, Machine à laver, Micro-ondes","Situé dans une résidence sécurisée, verdoyante avec 5 piscines et salle de sport, cet appartement de 86 m² offre une vie citadine avec tout le confort nécessaire. L'appartement est entièrement meublé avec goût. La résidence est hautement sécurisée et se trouve à proximité de toutes les commodités. Au 3ème étage avec ascenseur et place au parking sous-sol. Loyer : 7800 dh (syndic 400dh/mois à ma charge). 1 mois de caution",https://www.mubawab-media.com/ad/8/413/948F/h/77624_83201983.avif,7,2026-09-30
8374704,Palmeraie: appartement 2 chambres avec terrasse,https://www.mubawab.ma/fr/a/8374704/palmeraie-appartement-2-chambres-avec-terrasse,Location,Appartement,Marrakech,Palmeraie,8 000 DH,8000,84m²,84,3 Pièces,2 Chambres,1 Salle de bain,"Terrasse, Piscine, Concierge, Chambre rangement, Meublé, Façade extérieure, Salon européen, Antenne parabolique, Cheminée, Climatisation, Chauffage central, Sécurité, Cuisine équipée, Réfrigérateur, Four, Machine à laver","Dans une belle résidence avec piscine, cet appartement dispose d'un salon avec une belle terrasse sans vis à vis, une cuisine équipée, salle de bain, 2 chambres avec chacune une terrasse . Appartement en bon état général, rénové, au calme. Résidence sécurisée 24/24. Centre commercial de la Palmeraie à 2 km, centre ville de Marrakech 15 minutes en voiture;. Loyer : 8000 Dh charges de syndic incluses",https://www.mubawab-media.com/ad/8/374/704F/h/photo_10_82772447.avif,14,2026-09-30
8281181,Appartement meublé moderne à louer – Palmeraie,https://www.mubawab.ma/fr/a/8281181/appartement-meubl%C3%A9-moderne-%C3%A0-louer-%E2%80%93-palmeraie,Location,Appartement,Marrakech,Palmeraie,8 000 DH,8000,90m²,90,3 Pièces,2 Chambres,1 Salle de bain,"Jardin, Terrasse, Garage, Piscine, Meublé, Salon européen, Cheminée, Cuisine équipée, Four","Bel appartement meublé et moderne situé à la Palmeraie, au 3ème étage dans d’une résidence calme et sécurisée avec 5 piscines. Il se compose de : 2 chambres 1 salle de bain Un salon avec cheminée et salle à manger Une belle terrasse Une place de parking titrée Appartement lumineux, bien agencé et prêt à habiter. Loyer : 8 000 DHS / mois. Merci de nous contacter pour la visite",https://www.mubawab-media.com/ad/8/281/181F/h/WhatsApp%20Image%202026-01-05%20at%2023.55.52%20%283%29_81733667.avif,21,2026-09-30
8397137,À louer – Bel appartement meublé à la Palmeraie,https://www.mubawab.ma/fr/a/8397137/%C3%A0-louer-%E2%80%93-bel-appartement-meubl%C3%A9-%C3%A0-la-palmeraie,Location,Appartement,Marrakech,Palmeraie,8 000 DH,8000,85m²,85,5 Pièces,2 Chambres,1 Salle de bain,"Jardin, Terrasse, Garage, Ascenseur, Vue sur les montagnes, Piscine, Concierge, Chambre rangement, Meublé, Façade extérieure, Salon Marocain, Salon européen, Antenne parabolique, Cheminée, Climatisation, Sécurité, Double vitrage, Porte blindée, Cuisine équipée, Réfrigérateur, Four, TV, Machine à laver, Micro-ondes, Internet, Animaux domestiques autorisés","InMarrakechImmo.com vous propose à la location longue durée ce joli appartement meublé de 85 m², situé au 2ᵉ étage dans une résidence fermée et sécurisée à la Palmeraie. L’appartement se compose de : Un spacieux salon avec un agréable balcon Deux chambres Une salle de bain Une cuisine américaine entièrement équipée Une grande terrasse sur le toit La résidence dispose également de piscines, d’un parking et d’un accès sécurisé avec barrières. ...",https://www.mubawab-media.com/ad/8/397/137F/h/40b7e79f-ec61-45ec-b518-29179f83f647_83021133.avif,16,2026-09-30
8414653,Appartement à la location longue durée meublé à la palmeraie,https://www.mubawab.ma/fr/a/8414653/appartement-%C3%A0-la-location-longue-dur%C3%A9e-meubl%C3%A9-%C3%A0-la-palmeraie,Location,Appartement,Marrakech,Palmeraie,8 500 DH,8500,110m²,110,3 Pièces,2 Chambres,1 Salle de bain,"Terrasse, Garage, Piscine, Meublé, Salon européen, Antenne parabolique, Cheminée, Climatisation, Sécurité, Double vitrage, Porte blindée, Cuisine équipée, Réfrigérateur, Four, TV, Machine à laver, Micro-ondes",Au cœur de la palmeraie Residence avec piscine collective Votre agence immobilière LYZ MARRAKECH SERVICES vous propose à la location longue durée un bel appartement à l’étage D’une superficie de 110 m2 avec grande terrasse Composé de : – un grand salon lumineux avec accès à une terrasse – 2 chambres à coucher avec placard – Salle de bain avec baignoire – douche toilette séparée côté cuisine – Cuisine séparée équipée Le tout est complété d’une bel...,https://www.mubawab-media.com/ad/8/414/653F/h/photo_0_83209774.avif,13,2026-09-30
8405214,"Appartement meublé de 95 m² à la Palmeraie – 2 chambres, ter...",https://www.mubawab.ma/fr/a/8405214/appartement-meubl%C3%A9-de-95-m%C2%B2-%C3%A0-la-palmeraie-%E2%80%93-2-chambres-terrasse-piscine-et-parking-souterrain,Location,Appartement,Marrakech,Palmeraie,9 000 DH,9000,95m²,95,3 Pièces,2 Chambres,1 Salle de bain,"Jardin, Terrasse, Garage, Ascenseur, Piscine, Concierge, Meublé, Façade extérieure, Salon européen, Antenne parabolique, Climatisation, Sécurité, Double vitrage, Cuisine équipée, Réfrigérateur, Four, TV, Machine à laver, Micro-ondes","L’Immobilier Sans Frontières vous propose à la location cet appartement meublé de 95 m² situé à la Palmeraie, Marrakech. Il comprend deux chambres, un salon européen, un séjour, une cuisine équipée, une salle de bains ainsi qu’une terrasse. Le logement se trouve dans une résidence sécurisée disposant d’une piscine et d’un parking souterrain. Composition : 2 chambres – Salon européen – Séjour – Cuisine équipée – 1 salle de bains – Terrasse Équip...",https://www.mubawab-media.com/ad/8/405/214F/h/0%20image%20a%20la%20une%20Photo%20_83105951.avif,15,2026-09-30
8316830,"Appartement à Louer de 100.0 m² à Marrakech, Palmeraie",https://www.mubawab.ma/fr/a/8316830/appartement-%C3%A0-louer-de-100-0-m%C2%B2-%C3%A0-marrakech-palmeraie,Location,Appartement,Marrakech,Palmeraie,9 000 DH,9000,100m²,100,4 Pièces,2 Chambres,2 Salles de bains,"Jardin, Garage, Ascenseur, Meublé, Climatisation, Chauffage central","Nouvelle annonce de Location d'un appartement à Marrakesh, dans le quartier Daoudiat. Cette propriété spacieuse offre une surface de 100.0m² au 1 étage Ce bien lumineux est idéal. Prix attractif de 9000 Dhs",https://www.mubawab-media.com/ad/8/316/830F/h/image_844059172_82108735.avif,13,2026-09-30
8331023,Appartement à louer idéalement placé à la palmeraie,https://www.mubawab.ma/fr/a/8331023/appartement-%C3%A0-louer-id%C3%A9alement-plac%C3%A9-%C3%A0-la-palmeraie,Location,Appartement,Marrakech,Palmeraie,9 000 DH,9000,100m²,100,3 Pièces,2 Chambres,2 Salles de bains,"Terrasse, Garage, Vue sur les montagnes, Piscine, Concierge, Chambre rangement, Meublé, Façade extérieure, Salon européen, Antenne parabolique, Cheminée, Climatisation, Chauffage central, Sécurité, Double vitrage, Porte blindée, Cuisine équipée, Réfrigérateur, Four, TV, Machine à laver, Micro-ondes, Internet, Animaux domestiques autorisés","Appartement à louer idéalement placé. Prix 9 000 DH. 2 chambres à coucher, 2 salles de bains, 100 m². 3 pièces. Bon état / habitable. Type de sol: Marbre. Bien meublé. Cet appartement est proposé à la location à Ennakhil (Palmeraie). Profitez du confort de la cheminée et de la climatisation. La résidence dispose également d'une piscine, Climatisation…. Vue imprenable sur les montagnes. Soyez le premier à visiter cet appartement à louer à Marra...",https://www.mubawab-media.com/ad/8/331/023F/h/photo_0_82365148.avif,14,2026-09-30
8329273,Appartement 2 chambres Rdj Palmeraie,https://www.mubawab.ma/fr/a/8329273/appartement-2-chambres-rdj-palmeraie,Location,Appartement,Marrakech,Palmeraie,9 000 DH,9000,110m²,110,5 Pièces,2 Chambres,1 Salle de bain,"Jardin, Terrasse, Piscine, Cheminée, Climatisation","L’agence Esprit Immo vous propose à la location longue durée un agréable appartement situé à Palmeraie Village 3, un joli complexe résidentiel sécurisé, entretenu, offrant de vastes espaces verts, une grande piscine collective, ainsi qu’un cadre calme et verdoyant à seulement quelques minutes du centre de Marrakech. Superficie habitable : 114 m² (hors terrasse) L’appartement se compose de : - Un couloir d’entrée - Un salon lumineux avec...",https://www.mubawab-media.com/ad/8/329/273F/h/1000485553_82497106.avif,11,2026-09-30
8418447,A louer appartement 2 ch palmeraie,https://www.mubawab.ma/fr/a/8418447/a-louer-appartement-2-ch-palmeraie,Location,Appartement,Marrakech,Palmeraie,9 500 DH,9500,110m²,110,2 Pièces,2 Chambres,,"Jardin, Terrasse, Garage, Piscine, Chambre rangement, Meublé, Salon Marocain, Climatisation, Cuisine équipée","Appartement meublé à louer - Ennakhil (Palmeraie), Marrakech Découvrez cet appartement meublé de 110 m², idéalement situé au 1er étage d'une résidence fermée et gardée à Ennakhil. Ce bien se compose d'une vaste pièce de vie incluant un salon marocain traditionnel et un espace repas aménagé. L'appartement dispose d'une cuisine équipée fonctionnelle, de deux chambres confortables, d'une chambre de service ainsi que d'un débarras pour un rangement...",https://www.mubawab-media.com/ad/8/418/447F/h/thumb_159193_property_xlarge_83251913.avif,14,2026-09-30
8307199,Opportunité à saisir. Appartement F3 Premium Meublé Résidenc...,https://www.mubawab.ma/fr/a/8307199/opportunit%C3%A9-%C3%A0-saisir-appartement-f3-premium-meubl%C3%A9-r%C3%A9sidence-de-luxe-avec-piscine-jardin,Location,Appartement,Marrakech,Palmeraie,9 500 DH,9500,86m²,86,3 Pièces,2 Chambres,2 Salles de bains,"Jardin, Terrasse, Garage, Ascenseur, Piscine, Concierge, Meublé, Façade extérieure, Salon européen, Antenne parabolique, Climatisation, Sécurité, Double vitrage, Porte blindée, Cuisine équipée, Réfrigérateur, Four, TV, Machine à laver, Micro-ondes, Internet","L’agence Marrakech Global Invest vous propose un très bel appartement meublé situé à la Palmeraie Sud de Marrakech, au sein d’une résidence fermée avec jardins entretenus, piscine collective et parking souterrain. D’une superficie de 86 m², cet appartement offre un salon moderne et lumineux, équipé d’une table à manger élégante, d’un mobilier de qualité, d’une TV et d’un climatiseur. Il comprend également deux chambres, chacune dotée d’un plac...",https://www.mubawab-media.com/ad/8/307/199F/h/photo_0_82923779.avif,14,2026-09-30
8229915,Magnifique Rez de Jardin à la Palmeraie,https://www.mubawab.ma/fr/a/8229915/magnifique-rez-de-jardin-%C3%A0-la-palmeraie,Location,Appartement,Marrakech,Palmeraie,10 000 DH,10000,92m²,92,3 Pièces,2 Chambres,1 Salle de bain,"Jardin, Terrasse, Garage, Piscine, Concierge, Meublé, Façade extérieure, Salon Marocain, Salon européen, Cheminée, Climatisation, Sécurité, Double vitrage, Four","Chestertons Maroc vous propose ce magnifique Res de jardin de 2 chambres, salon, cuisine et sa belle terrasse attenante a un jardin privatif de 60M2. Cet appartement est ideal pour une résidence secondaire tout en générant des revenus locatifs. La résidence comprends une grand piscine, un club house et plusieurs espaces végétaux et espaces de jeu pour enfants",https://www.mubawab-media.com/ad/8/229/915F/h/Picture-82496162-1_81179387.avif,16,2026-09-21
8399227,Appartement meublé avec rooftop à louer dans la palmeraie,https://www.mubawab.ma/fr/a/8399227/appartement-meubl%C3%A9-avec-rooftop-%C3%A0-louer-dans-la-palmeraie,Location,Appartement,Marrakech,Palmeraie,10 000 DH,10000,180m²,180,3 Pièces,2 Chambres,2 Salles de bains,"Terrasse, Garage, Piscine, Concierge, Meublé, Salon Marocain, Antenne parabolique, Climatisation, Chauffage central, Sécurité, Cuisine équipée, Réfrigérateur, Four, TV, Machine à laver","Appartement meublé de charme à louer dans la Palmeraie, ce magnifique Appartement meublé situé au cœur de la prestigieuse Palmeraie de Marrakech, au sein d’une résidence de standing offrant un cadre de vie exceptionnel, calme et verdoyant. Décoré dans un style marocain raffiné, cet appartement séduit par son atmosphère chaleureuse et élégante. Il se compose d’un chic salon, d’une salle à manger, d’une cuisine semi-américaine entièrement équipée...",https://www.mubawab-media.com/ad/8/399/227F/h/Gemini_Generated_Image_vrxofcvrxofcvrxo_83044179.avif,16,2026-09-21
8354365,Rez de jardin meublé à la Palmeraie avec piscine,https://www.mubawab.ma/fr/a/8354365/rez-de-jardin-meubl%C3%A9-%C3%A0-la-palmeraie-avec-piscine,Location,Appartement,Marrakech,Palmeraie,10 000 DH,10000,190m²,190,1 Pièce,2 Chambres,2 Salles de bains,"Jardin, Terrasse, Garage, Piscine, Concierge, Chambre rangement, Meublé, Façade extérieure, Salon Marocain, Salon européen, Antenne parabolique, Climatisation, Chauffage central, Sécurité, Double vitrage, Porte blindée, Cuisine équipée, Réfrigérateur, Four, TV, Machine à laver, Micro-ondes, Internet, Animaux domestiques autorisés","Bonjour, nous proposons un joli grand appartement au rez-de-jardin avec jardin dans la Palmeraie. L'appartement se compose de deux chambres et d'un salon bien meublé entièrement équipé dans une résidence avec piscine et jardin à louer à long terme au prix de 12 000 dirhams. 0662-431377 Bonjour, nous proposons un joli grand appartement au rez-de-jardin composé de deux chambres et d'un salon bien meublé dans une résidence sécurisée avec deux pisc...",https://www.mubawab-media.com/ad/8/354/365F/h/IMG-20260519-WA0716_82510557.avif,31,2026-09-30
8394280,LOCATION – Appartement 2 chambres 100 m² – Palmeraie,https://www.mubawab.ma/fr/a/8394280/location-%E2%80%93-appartement-2-chambres-100-m%C2%B2-%E2%80%93-palmeraie,Location,Appartement,Marrakech,Palmeraie,10 000 DH,10000,100m²,100,2 Pièces,2 Chambres,1 Salle de bain,"Terrasse, Meublé, Sécurité","LOCATION – Appartement 2 chambres 100 m² – Palmeraie Situé au cœur de la Palmeraie, cet appartement de 100 m² offre un cadre de vie paisible au sein d'une résidence calme, sécurisée et verdoyante. Il bénéficie d'une grande terrasse, idéale pour profiter de l'extérieur dans un environnement résidentiel recherché. Caractéristiques : • Superficie : 100 m² • 2 chambres • 1 salle de bain • 1 toilette invités • Grand salon lumineux • Cuisine • Grande t...",https://www.mubawab-media.com/ad/8/394/280F/h/thumb_153338_property_large_82991079.avif,17,2026-09-30
8370282,Superbe appart 2ch à louer Palmeraie,https://www.mubawab.ma/fr/a/8370282/superbe-appart-2ch-%C3%A0-louer-palmeraie,Location,Appartement,Marrakech,Palmeraie,10 000 DH,10000,122m²,122,2 Pièces,2 Chambres,2 Salles de bains,"Jardin, Terrasse, Piscine, Concierge, Meublé, Salon européen, Cheminée, Climatisation, Chauffage central, Sécurité, Cuisine équipée, Réfrigérateur, Four, TV","Bel appartement au 1er étage proposé à la location longue durée meublé, situé à la Palmeraie dans une résidence sécurisée avec jardins et piscines collectives. L'appartement comprend: un séjour avec cheminée ouvert sur une grande terrasse avec vue sur lac et piscine, une cuisine américaine équipée, deux chambres avec placards, une salle de bain, une salle de douche avec toilettes. Surface 122 m² dont 46 m² de terrasse. Les frais de syndic sont in...",https://www.mubawab-media.com/ad/8/370/282F/h/91e10bbc-fa89-4032-8cff-1bf66d262b50_82723840.avif,17,2026-09-30
7715349,Appart meublé 110m2 à louer palmeraie Marrakech,https://www.mubawab.ma/fr/a/7715349/appart-meubl%C3%A9-110m2-%C3%A0-louer-palmeraie-marrakech,Location,Appartement,Marrakech,Palmeraie,10 000 DH,10000,110m²,110,3 Pièces,2 Chambres,1 Salle de bain,"Jardin, Terrasse, Vue sur les montagnes, Piscine, Meublé, Salon européen, Antenne parabolique, Climatisation, Sécurité, Double vitrage, Cuisine équipée, Réfrigérateur, Four, TV, Machine à laver, Micro-ondes",Annonce immobilière : Titre : Appartement meublé à louer à long terme au jardin de la palmeraie Marrakech Description : - Superficie : 110 m2 - Chambres : 2 chambres à coucher spacieuses - Salle de bain : 1 salle de bain avec baignoire - Salon : Grand salon avec coin salle à manger pour des moments de détente - Cuisine : Cuisine équipée pour préparer de délicieux repas - Terrasse : Grande terrasse offrant une vue panoramique - Commo...,https://www.mubawab-media.com/ad/7/715/349F/h/B48EA3CD-2E77-4827-B820-258C419928BE_49075825.avif,9,2026-09-30
8361052,Appartement meublé en location longue durée dans une résiden...,https://www.mubawab.ma/fr/a/8361052/appartement-meubl%C3%A9-en-location-longue-dur%C3%A9e-dans-une-r%C3%A9sidence-avec-2-piscines-terrain-de-foot-et-de-basket-%E2%80%93-confort-emplacement-id%C3%A9al-marrakech-atlas-golf-resort%EF%B8%8F-route-de-f%C3%A8s-km5-20-min-du-centre-%EF%B8%8F-2-chambres-2-salle-de-bains-roof-top,Location,Appartement,Marrakech,Palmeraie,10 500 DH,10500,157m²,157,2 Pièces,2 Chambres,2 Salles de bains,"Terrasse, Garage, Vue sur les montagnes, Piscine, Meublé, Salon européen, Sécurité, Double vitrage, Cuisine équipée, Internet","Découvrez cet élégant appartement à louer, situé dans le quartier prisé Ennakhil-(Palmeraie) proche amelkis à Marrakech, d’une superficie de 157 m² au total. Ce bien, bien conservé et habitable, offre une vue imprenable sur les montagnes et dispose d'une orientation sud, favorisant une luminosité naturelle tout au long de la journée. Vous y découvrirez deux chambres accueillantes et deux salles de bains modernes, idéales pour le confort quotidien...",https://www.mubawab-media.com/ad/8/361/052F/h/photo_0_82720380.avif,20,2026-09-30
8069720,Appartement 2 chambres Palmeraie,https://www.mubawab.ma/fr/a/8069720/appartement-2-chambres-palmeraie,Location,Appartement,Marrakech,Palmeraie,11 000 DH,11000,130m²,130,6 Pièces,2 Chambres,1 Salle de bain,"Jardin, Terrasse, Garage, Piscine, Climatisation, Four, Machine à laver","L'agence Esprit-immo vous propose à la location Longue durée : Dans le circuit de la palmeraie, une résidence avec espaces verts et une grande piscine à proximité de l'appartement. Dans un immeuble de 2 étages seulement. Au 1er étage sans ascenseur, c'est le seul appartement à l'étage. Superficie Globale : 130m Un grand double salon Une terrasse accessible du salon sans vis-à-vis. Une salle d'eau réception Une cuisine...",https://www.mubawab-media.com/ad/8/069/720F/h/1000243073_79552727.avif,18,2026-09-30
8302409,PALMERAIE T3 meublé vue piscine,https://www.mubawab.ma/fr/a/8302409/palmeraie-t3-meubl%C3%A9-vue-piscine,Location,Appartement,Marrakech,Palmeraie,12 000 DH,12000,100m²,100,3 Pièces,2 Chambres,1 Salle de bain,"Jardin, Garage, Ascenseur, Piscine, Concierge, Chambre rangement, Meublé, Salon européen, Climatisation, Chauffage central, Sécurité, Cuisine équipée, Réfrigérateur, Four, TV, Machine à laver, Micro-ondes","Les tailleurs de l’immobilier vous présentent À la location longue durée, un superbe appartement situé à La Palmeraie, dans une résidence haut standing avec piscine, sécurité 24h/24 et parking. Caractéristiques : • Superficie : 100 m² • 2 chambres confortables • Salon spacieux et lumineux • Cuisine entièrement équipée • Appartement entièrement meublé avec goût • Résidence calme et sécurisée Loyer : 14 000 MAD / mois Caution...",https://www.mubawab-media.com/ad/8/302/409F/h/WhatsApp%20Image%202026-02-04%20at%2002.26.247_81960194.avif,8,2026-09-30
8381625,En location Appartement Meublé – Route de Casa,https://www.mubawab.ma/fr/a/8381625/en-location-appartement-meubl%C3%A9-%E2%80%93-route-de-casa,Location,Appartement,Marrakech,Palmeraie,12 000 DH,12000,100m²,100,3 Pièces,2 Chambres,1 Salle de bain,"Terrasse, Garage, Ascenseur, Concierge, Meublé, Salon Marocain, Salon européen, Climatisation, Sécurité, Cuisine équipée, Réfrigérateur, Four, TV","Réf : 038R/026 Appartement T4 meublé à louer – 100 m² – 5ᵉ étage avec ascenseur À louer, magnifique appartement T4 meublé d'une superficie de 100 m², situé au 5ᵉ et dernier étage d'une résidence sécurisée avec gardien, ascenseur et parking en sous-sol. L'appartement est lumineux, entièrement climatisé et traversant. Il offre une vue dégagée sur une palmeraie ainsi que sur les montagnes de l'Atlas. Composition 2 chambres Un salon...",https://www.mubawab-media.com/ad/8/381/625F/h/WhatsApp%20Image%202026-07-13%20at%2012.55.57%20%2819%29_82850772.avif,27,2026-09-30
8284084,"Appartement à Louer de 142.0 m² à Marrakech, Palmeraie",https://www.mubawab.ma/fr/a/8284084/appartement-%C3%A0-louer-de-142-0-m%C2%B2-%C3%A0-marrakech-palmeraie,Location,Appartement,Marrakech,Palmeraie,12 000 DH,12000,142m²,142,6 Pièces,3 Chambres,4 Salles de bains,"Jardin, Garage, Meublé, Chauffage central","À louer, magnifique appartement de 130 m² situé au premier étage dans le quartier prisé de la Palmeraie à Marrakech. Ce bien comprend 3 chambres, 2 salles de bain et offre un cadre de vie agréable. Disponible au prix de 12 000 Dhs. Ne manquez pas cette opportunité !",https://www.mubawab-media.com/ad/8/284/084F/h/image_489103241_81760664.avif,7,2026-09-30
8298606,"Appartement à louer à Palmeraie, Marrakech — Jardin privé –...",https://www.mubawab.ma/fr/a/8298606/appartement-%C3%A0-louer-%C3%A0-palmeraie-marrakech-%E2%80%94-jardin-priv%C3%A9-%E2%80%93-piscine-collective-%E2%80%93-111-m%C2%B2,Location,Appartement,Marrakech,Palmeraie,13 000 DH,13000,111m²,111,3 Pièces,2 Chambres,2 Salles de bains,"Jardin, Terrasse, Garage, Ascenseur, Vue sur les montagnes, Piscine, Concierge, Meublé, Façade extérieure, Salon européen, Antenne parabolique, Climatisation, Chauffage central, Sécurité, Double vitrage, Porte blindée, Cuisine équipée, Réfrigérateur, Four, TV, Machine à laver, Micro-ondes, Internet, Animaux domestiques autorisés","L’Immobilier Sans Frontières vous propose à la location cet appartement meublé situé au rez-de-chaussée à la Palmeraie, Marrakech, dans une résidence calme, sécurisée et bien entretenue. D’une superficie de 111 m², il bénéficie d’un accès jardin et d’une terrasse. L’agencement et les prestations sont détaillés ci-dessous. Cet appartement se compose de : Salon européen - Séjour - Toilettes invités - Cuisine équipée - Buanderie - Deux chambres...",https://www.mubawab-media.com/ad/8/298/606F/h/0%20image%20a%20la%20une%20_81918663.avif,32,2026-09-21
8341929,Appartement en location à Ennakhil Palmeraie. 2 chambres ag...,https://www.mubawab.ma/fr/a/8341929/appartement-en-location-%C3%A0-ennakhil-palmeraie-2-chambres-agr%C3%A9ables,Location,Appartement,Marrakech,Palmeraie,13 000 DH,13000,130m²,130,5 Pièces,2 Chambres,2 Salles de bains,"Terrasse, Sécurité","Appartement à louer – Palmeraie, Marrakech Superbe appartement de 113 m² situé dans le quartier prisé de la Palmeraie , idéal pour un cadre de vie calme et agréable. Caractéristiques : * 2 chambres spacieuses ️ * 2 salles de bain modernes * Salon lumineux ️ * Belle terrasse * Résidence sécurisée Prix : 13 000 DH / mois (location longue durée) Conditions : * 2 mois de caution * 1 mois de loyer * 1 mois de frais d’agence Emplacement r...",https://www.mubawab-media.com/ad/8/341/929F/h/photo_0_82374100.avif,17,2026-09-30
8300793,Magnifique duplex 3 ch au cœur de la Palmeraie,https://www.mubawab.ma/fr/a/8300793/magnifique-duplex-3-ch-au-c%C5%93ur-de-la-palmeraie,Location,Duplex,Marrakech,Palmeraie,14 000 DH,14000,220m²,220,5 Pièces,3 Chambres,2 Salles de bains,"Jardin, Vue sur les montagnes, Piscine, Concierge, Meublé, Salon Marocain, Salon européen, Sécurité","Nous proposons à la location longue durée un duplex lumineux situé au dernier étage d’une résidence sécurisée avec espaces verts et piscine collective, au cœur de la Palmeraie, Marrakech. Le duplex comprend : • Une grande réception • Une cuisine spacieuse • Trois chambres • Deux salles de bain Conditions : • 2 mois de caution • 1 mois de loyer • 1 mois de frais d’agence Pour plus d’informations veuillez nous contacter",https://www.mubawab-media.com/ad/8/300/793F/h/WhatsApp%20Image%202026-02-10%20at%2012.25.12%20%281%29_81940607.avif,31,2026-09-30
8385542,Palmeraie Magnifique 2 chambres rénové avec jardin,https://www.mubawab.ma/fr/a/8385542/palmeraie-magnifique-2-chambres-r%C3%A9nov%C3%A9-avec-jardin,Location,Appartement,Marrakech,Palmeraie,15 000 DH,15000,115m²,115,3 Pièces,2 Chambres,2 Salles de bains,"Jardin, Terrasse, Piscine, Concierge, Chambre rangement, Meublé, Façade extérieure, Salon européen, Antenne parabolique, Cheminée, Climatisation, Chauffage central, Sécurité, Cuisine équipée, Réfrigérateur, Four, TV, Machine à laver, Micro-ondes, Internet","Dans une résidence d'exception comprenant un parc de 45 hectares, 2 piscines ouvertes toute l'année, sécurité 24/24, cet appartement entièrement rénové par un architecte dispose de 2 chambres avec chacune sa salle de bain et wc, une grande pièce de vie avec salon, salle à manger et cuisine ouverte. A l'extérieur un très beau jardin. Emplacement au calme , exposition Sud et Ouest. Rénovation complète de style contemporain. Loué entièrement meubl...",https://www.mubawab-media.com/ad/8/385/542F/h/photo_20_82893358.avif,18,2026-09-30
7547383,Luxueux appartement meublé à louer aux jardins de la palmera...,https://www.mubawab.ma/fr/a/7547383/luxueux-appartement-meubl%C3%A9-%C3%A0-louer-aux-jardins-de-la-palmeraie,Location,Appartement,Marrakech,Palmeraie,15 000 DH,15000,118m²,118,5 Pièces,3 Chambres,2 Salles de bains,"Jardin, Terrasse, Garage, Ascenseur, Vue sur les montagnes, Piscine, Concierge, Chambre rangement, Meublé, Façade extérieure, Salon Marocain, Salon européen, Antenne parabolique, Climatisation, Chauffage central, Sécurité, Double vitrage, Porte blindée, Cuisine équipée, Réfrigérateur, Four, TV, Machine à laver, Micro-ondes, Internet, Animaux domestiques autorisés","Situé au sein de la prestigieuse résidence Les Jardins de la Palmeraie, cet élégant appartement de 118 m², au 2ᵉ étage, bénéficie d'une excellente exposition avec 3 façades, offrant une luminosité exceptionnelle tout au long de la journée. Entièrement meublé avec goût, il se trouve dans une résidence calme, sécurisée et parfaitement entretenue, idéale pour un cadre de vie paisible. Composition : 1 suite parentale avec dressing et salle de bain pr...",https://www.mubawab-media.com/ad/7/547/383F/h/WhatsApp%20Image%202021-06-08%20at%2015.43.34%20%284%29_35263552.avif,24,2026-09-30
8138895,PALMERAIE: Duplex 220 m2 3 Chs dernier étage,https://www.mubawab.ma/fr/a/8138895/palmeraie-duplex-220-m2-3-chs-dernier-%C3%A9tage,Location,Duplex,Marrakech,Palmeraie,15 000 DH,15000,220m²,220,5 Pièces,3 Chambres,2 Salles de bains,"Terrasse, Garage, Piscine, Concierge, Chambre rangement, Climatisation, Sécurité, Cuisine équipée, Réfrigérateur","Dans une résidence de standing, cet appartement de 220 mé en duplex dispose Au premier niveau : d'un très grand salon doublé, une salle à manger, une véranda, cuisine équipée, cabinet de toilette invité. A l'étage : 3 chambres dont une suite parentale, et 2 salles de bains, 2 terrasses. Appartement repeint à neuf, climatisation individuelle neuves, parfait état. Pas de vis à vis, calme et vue dégagée. Résidence sécurisée avec piscine, comme...",https://www.mubawab-media.com/ad/8/138/895F/h/photo_3_80237633.avif,28,2026-09-30
8319544,Magnifique appartement meublé en location,https://www.mubawab.ma/fr/a/8319544/magnifique-appartement-meubl%C3%A9-en-location,Location,Appartement,Marrakech,Palmeraie,15 000 DH,15000,140m²,140,5 Pièces,3 Chambres,2 Salles de bains,"Jardin, Terrasse, Garage, Piscine, Concierge, Meublé, Façade extérieure, Salon Marocain, Salon européen, Antenne parabolique, Climatisation, Chauffage central, Sécurité, Double vitrage, Porte blindée, Cuisine équipée, Four, Internet, Animaux domestiques autorisés","Votre Agence Immobilière SERGHINI IMMO vous propose à la location longue durée Un APPARTEMENT meublé au 1ere étage a la palmeraie à 140m² de superficie , qui se compose de: *03 chambres *02 salles de bain *Une Cuisine équipée fermée *01 Salon * 02 terrasses *Piscine et jardin de la résidence *Une place de parking Le prix de location : 15 000dh inclus charge syndic Condition: 2 mois de caution 01 mois de loyer 01 mois de...",https://www.mubawab-media.com/ad/8/319/544F/h/ac73bdee-02a4-4b1c-90c7-8d5e28123dee_82136536.avif,22,2026-09-30
8393979,"A louer Marrakech, la palmeraie",https://www.mubawab.ma/fr/a/8393979/a-louer-marrakech-la-palmeraie,Location,Appartement,Marrakech,Palmeraie,15 000 DH,15000,130m²,130,3 Pièces,3 Chambres,2 Salles de bains,,"Appartement a louer à la palmeraie 2 , marrakech caractéristique : superficie 130 metre carre ""3 chambre prix : 15000 DH pour plus d'information contacter nous au numéro",https://www.mubawab-media.com/ad/8/393/979F/h/WhatsApp%20Image%202026-08-04%20at%2014.24.21KJ_82987840.avif,9,2026-09-30
8417485,Duplex neuf 175 m² avec terrasse et piscine – Palmeraie Gate...,https://www.mubawab.ma/fr/a/8417485/duplex-neuf-175-m%C2%B2-avec-terrasse-et-piscine-%E2%80%93-palmeraie-gates,Location,Duplex,Marrakech,Palmeraie,15 500 DH,15500,175m²,175,4 Pièces,3 Chambres,2 Salles de bains,"Terrasse, Garage, Ascenseur, Piscine, Concierge, Meublé, Façade extérieure, Salon Marocain, Salon européen, Antenne parabolique, Cheminée, Climatisation, Chauffage central, Sécurité, Double vitrage, Porte blindée, Cuisine équipée, Réfrigérateur, Four, TV, Machine à laver, Micro-ondes, Internet, Animaux domestiques autorisés","Century 21 - Agence 7132 Real Estate vous propose à la location ce spacieux duplex de 175 m² habitables. Il se situe en rez-de-chaussée de Palmeraie Gates, une résidence neuve, moderne et sécurisée. La résidence offre un accès sécurisé avec gardien 24h/24 et 7j/7, une piscine collective et une place de parking titrée. Au rez-de-chaussée, vous trouverez une entrée et un WC invités avec lave-mains. La cuisine est aménagée et entièrement équipée...",https://www.mubawab-media.com/ad/8/417/485F/h/photo_0_83241451.avif,18,2026-09-30
8406615,À louer — Duplex meublé 213 m² Palmeraie,https://www.mubawab.ma/fr/a/8406615/%C3%A0-louer-%E2%80%94-duplex-meubl%C3%A9-213-m%C2%B2-palmeraie,Location,Duplex,Marrakech,Palmeraie,15 500 DH,15500,213m²,213,4 Pièces,3 Chambres,2 Salles de bains,"Garage, Piscine, Meublé, Climatisation, Sécurité, Cuisine équipée","À louer — duplex meublé et vacant d’environ 213 m² dans une résidence fermée et gardée de la Palmeraie. • 3 chambres • 2 salons principaux séparés • À l’entrée de la cuisine, un espace d’appoint avec canapé en L et table; cet espace ne fait pas partie des deux salons principaux • Cuisine équipée • Buanderie avec douche de service • Salle de bains privative avec baignoire pour la chambre principale • Deuxième salle de bains avec baignoire pour le...",https://www.mubawab-media.com/ad/8/406/615F/h/01-salon-corner_83122504.avif,13,2026-09-30
8370113,Charmante villa au calme,https://www.mubawab.ma/fr/a/8370113/charmante-villa-au-calme,Location,Villa,Marrakech,Palmeraie,16 000 DH,16000,180m²,180,4 Pièces,2 Chambres,2 Salles de bains,"Jardin, Terrasse, Vue sur les montagnes, Piscine, Concierge, Cheminée, Climatisation, Sécurité, Four, Animaux domestiques autorisés","Située à la Palmeraie route de casablanca, cette villa bénéficie d’un emplacement privilégié au sein d’une résidence sécurisée offrant un cadre de vie agréable, calme et verdoyant. Édifiée sur un terrain de 300 m² avec une surface habitable d’environ 180 m², cette villa est proposée non meublée, laissant à ses futurs occupants la liberté d’aménager les espaces selon leurs goûts et leurs besoins. Un rez-de-chaussée fonctionnel et convivial Le r...",https://www.mubawab-media.com/ad/8/370/113F/h/river-palm-2-chambres_00004_82721631.avif,17,2026-09-30
8413028,Location duplex 3 chbres palmeraie,https://www.mubawab.ma/fr/a/8413028/location-duplex-3-chbres-palmeraie,Location,Duplex,Marrakech,Palmeraie,16 000 DH,16000,213m²,213,5 Pièces,3 Chambres,2 Salles de bains,"Jardin, Terrasse, Garage, Vue sur les montagnes, Concierge, Chambre rangement, Meublé, Salon européen, Cheminée, Climatisation, Double vitrage, Cuisine équipée, Réfrigérateur, Four, TV, Machine à laver","A LOUER - DUPLEX 3 CH - PALMERAIE Découvrez ce duplex meublé de 213 m² situé dans le secteur prisé de la Palmeraie à Marrakech. Ce bien spacieux se compose de deux salons principaux, complétés par un espace d'appoint convivial attenant à la cuisine, équipé d'un canapé en L. L'agencement comprend trois chambres, dont une suite parentale avec salle de bains privative et baignoire. Une seconde salle de bains avec baignoire dessert les deux autres...",https://www.mubawab-media.com/ad/8/413/028F/h/thumb_159199_property_large_83191236.avif,11,2026-09-30
8287340,Villa plain pied meublée avec piscine privée,https://www.mubawab.ma/fr/a/8287340/villa-plain-pied-meubl%C3%A9e-avec-piscine-priv%C3%A9e,Location,Villa,Marrakech,Palmeraie,16 000 DH,16000,250m²,250,3 Pièces,2 Chambres,2 Salles de bains,"Jardin, Piscine, Concierge, Meublé, Salon Marocain, Sécurité, Cuisine équipée","Nous mettons à la location longue durée une magnifique villa meublée, située au sein d’une belle résidence à la Palmeraie, sur la route de Casablanca. La villa dispose d’une piscine privée et d’un jardin orienté plein sud. La villa se compose de : • Une grande réception avec salon marocain • Une salle à manger • Une cuisine équipée • Une chambre parentale avec salle de bain • Une chambre d’amis • Une salle de bain À l’étage :...",https://www.mubawab-media.com/ad/8/287/340F/h/WhatsApp%20Image%202026-01-16%20at%2013.08.15%20%281%29_81794389.avif,22,2026-09-30
8315654,Villa familiale avec terrasse et piscine,https://www.mubawab.ma/fr/a/8315654/villa-familiale-avec-terrasse-et-piscine,Location,Villa,Marrakech,Palmeraie,16 000 DH,16000,250m²,250,5 Pièces,3 Chambres,3 Salles de bains,"Jardin, Terrasse, Piscine, Concierge, Salon Marocain, Salon européen, Cheminée, Climatisation, Sécurité, Double vitrage, Four, Internet, Animaux domestiques autorisés","Villa non meublée de 250 m² située dans une résidence sécurisée dans la Palmeraie, offrant un cadre de vie calme et agréable, avec une exposition plein sud assurant un très bon ensoleillement. Le rez-de-chaussée se compose d’un salon avec cheminée, d’une cuisine, d’une chambre, ainsi que d’une suite avec sa salle de bain. À l’étage, la villa propose une suite parentale avec salle de bain et une grande terrasse. L’extérieur comprend une t...",https://www.mubawab-media.com/ad/8/315/654F/h/WhatsApp%20Image%202026-03-10%20at%2016.38.57%20%281%29_82096879.avif,13,2026-09-30
8389821,Superbe villa palmeraie ***-****** DHS,https://www.mubawab.ma/fr/a/8389821/superbe-villa-palmeraie-18-000-dhs,Location,Villa,Marrakech,Palmeraie,18 000 DH,18000,150m²,150,4 Pièces,3 Chambres,2 Salles de bains,"Jardin, Terrasse, Garage, Vue sur les montagnes, Piscine, Chambre rangement, Façade extérieure, Salon Marocain, Cheminée, Climatisation, Chauffage central, Double vitrage, Cuisine équipée, Animaux domestiques autorisés","Découvrez cette magnifique villa, entièrement rénovée, offrant un cadre de vie paisible et sans aucun vis-à-vis. Elle se compose de : * Un vaste double salon avec cheminée. * Une cuisine fonctionnelle. * 3 chambres à l’étage, dont une belle suite parentale avec salle de bain privative et dressing. * Une piscine privative. * Un rooftop aménagé avec espace barbecue, idéal pour profiter des beaux jours. Cette villa allie confort, intimité et pres...",https://www.mubawab-media.com/ad/8/389/821F/h/217796d9-054d-4198-851b-419c66962a8c_82940022.avif,14,2026-09-30
8326569,Villa Premium Domaine Premium,https://www.mubawab.ma/fr/a/8326569/villa-premium-domaine-premium,Location,Villa,Marrakech,Palmeraie,18 000 DH,18000,1221m²,1221,10 Pièces,5 Chambres,5 Salles de bains,"Jardin, Terrasse, Garage, Ascenseur, Vue sur les montagnes, Piscine, Concierge, Chambre rangement, Meublé, Entre-seul, Salon européen, Cheminée, Climatisation, Chauffage central, Sécurité, Cuisine équipée, Réfrigérateur, Four, TV, Machine à laver, Micro-ondes, Internet","VILLA D’EXCEPTION À LOUER – PALMERAIE DE MARRAKECH Au cœur de l’un des domaines privés les plus prestigieux et les plus sécurisés de la Palmeraie de Marrakech, cette propriété d’exception offre un art de vivre rare, où luxe, discrétion et sérénité se conjuguent à la perfection. Édifiée sur un magnifique terrain paysager de 3 411 m², la villa développe plus de 1 220 m² habitables et a été pensée pour répondre aux attentes d’une clientèle exigean...",https://www.mubawab-media.com/ad/8/326/569F/h/WhatsApp%20Image%202026-06-12%20at%2016.18.55%20%281%29_82655887.avif,20,2026-09-30
8337727,Villa a Louer vide dans un domaine avec piscine,https://www.mubawab.ma/fr/a/8337727/villa-a-louer-vide-dans-un-domaine-avec-piscine,Location,Villa,Marrakech,Palmeraie,22 000 DH,22000,200m²,200,4 Pièces,3 Chambres,3 Salles de bains,"Jardin, Terrasse, Garage, Piscine, Concierge, Salon européen, Antenne parabolique, Cheminée, Climatisation, Double vitrage, Cuisine équipée, Four, Internet, Animaux domestiques autorisés","Description : Votre agence immobilière HB-immo sur Marrakech à le plaisir de vous proposer à la Palmeraie dans une résidence avec piscine une villa A LOUER VIDE au finitions soignées à seulement quelques minutes du centre-ville. La villa dispose d’espaces bien agencés et lumineux. La villa comprend au Rdc salon avec coin cheminée avec terrasse et le jardin, cuisine moderne et fonctionnelle avec une cour de service, comprend également une chambre...",https://www.mubawab-media.com/ad/8/337/727F/h/c_82590488.avif,18,2026-09-30
8286944,Villa neuve vide 200m² 3ch,https://www.mubawab.ma/fr/a/8286944/villa-neuve-vide-200m%C2%B2-3ch,Location,Villa,Marrakech,Palmeraie,22 000 DH,22000,200m²,200,5 Pièces,3 Chambres,3 Salles de bains,"Jardin, Terrasse, Garage, Vue sur les montagnes, Piscine, Concierge, Salon européen, Cheminée, Climatisation, Sécurité, Double vitrage, Cuisine équipée, Four, Micro-ondes","Dernières villas à la location longue durée à meubler selon vos gouts ! Découvrez un havre de paix au cœur de la Palmeraie Au sein d'une résidence sécurisée neuve avec belle piscine centrale et offrant un cadre de vie privilégié où confort et sérénité se conjuguent harmonieusement. Chaque villa, conçue avec une attention particulière aux détails, se compose de : 3 suites luxueuses, chacune agrémentée d'une salle de bain privative et d'un dres...",https://www.mubawab-media.com/ad/8/286/944F/h/DSC_9622-HDR_82465478.avif,24,2026-09-30
8315803,Villa Vide de trois chambres A BAB ATLAS,https://www.mubawab.ma/fr/a/8315803/villa-vide-de-trois-chambres-a-bab-atlas,Location,Villa,Marrakech,Palmeraie,22 000 DH,22000,280m²,280,4 Pièces,3 Chambres,3 Salles de bains,"Jardin, Terrasse, Garage, Vue sur les montagnes, Piscine, Concierge, Salon européen, Antenne parabolique, Cheminée, Climatisation, Sécurité, Double vitrage, Cuisine équipée, Four, Internet, Animaux domestiques autorisés","Description : Votre agence immobilière InMarrakech à le plaisir de vous proposer à la Palmeraie dans une résidence avec piscine une villa A LOUER VIDE au finitions soignées à seulement quelques minutes du centre-ville. La villa dispose d’espaces bien agencés et lumineux. La villa comprend au Rdc salon avec coin cheminée avec terrasse et le jardin, cuisine moderne et fonctionnelle avec une cour de service, comprend également une chambre avec sal...",https://www.mubawab-media.com/ad/8/315/803F/h/c_82694914.avif,18,2026-09-30
8421277,Villa à louer,https://www.mubawab.ma/fr/a/8421277/villa-%C3%A0-louer,Location,Villa,Marrakech,Palmeraie,22 000 DH,22000,,,4 Pièces,3 Chambres,3 Salles de bains,"Piscine, Cheminée, Climatisation, Sécurité, Cuisine équipée","VILLA À LOUER VIDE – PALMERAIE, MARRAKECH À louer, belle villa non meublée située dans un environnement résidentiel recherché de la Palmeraie. 3 chambres Salon spacieux Espaces extérieurs Résidence sécurisée Villa non meublée Loyer : 22 000 DH / mois Palmeraie, Marrakech",https://www.mubawab-media.com/ad/8/421/277F/h/WhatsApp_Image_2026-09-22_at_21.27.45__2__83283205.avif,26,2026-09-30
8365073,Villa 3 chambres avec piscine palmeraie,https://www.mubawab.ma/fr/a/8365073/villa-3-chambres-avec-piscine-palmeraie,Location,Villa,Marrakech,Palmeraie,22 000 DH,22000,480m²,480,5 Pièces,3 Chambres,2 Salles de bains,"Jardin, Terrasse, Garage, Vue sur les montagnes, Piscine, Concierge, Entre-seul, Salon Marocain, Salon européen, Antenne parabolique, Cheminée, Climatisation, Chauffage central, Sécurité, Cuisine équipée, Réfrigérateur, Four, Machine à laver, Animaux domestiques autorisés",L'agence Votr'Concept immo met en location longue durée uniquement une belle villa non meublée située au sein d'un complexe résidentiel à l'entrée de la palmeraie route de casablanca. La villa est composée de : Au rez-de-chaussée : Un salon-séjour avec cheminée donnant sur un jardin et piscine privatifs Une cuisine équipée Une toilette invités Deux chambres avec chacune ses placards dont une avec sa terrasse donnant sur le jardin Une salle...,https://www.mubawab-media.com/ad/8/365/073F/h/photo_00_82665556.avif,19,2026-09-30
8336608,Villa neuve 1ère occupation Non meublée,https://www.mubawab.ma/fr/a/8336608/villa-neuve-1%C3%A8re-occupation-non-meubl%C3%A9e,Location,Villa,Marrakech,Palmeraie,22 000 DH,22000,200m²,200,4 Pièces,3 Chambres,3 Salles de bains,"Jardin, Terrasse, Garage, Vue sur les montagnes, Piscine, Salon européen, Cheminée, Climatisation, Chauffage central, Sécurité, Double vitrage, Cuisine équipée, Réfrigérateur, Four, Micro-ondes, Animaux domestiques autorisés","Située dans le secteur exclusif de Bab Atlas, cette villa contemporaine offre un cadre de vie privilégié au cœur de la Palmeraie. Alliant architecture moderne et détails artisanaux, elle s'intègre parfaitement dans une résidence sécurisée réputée pour son calme et sa magnifique piscine plage de 40 mètres de long. AGENCEMENT Au rez-de-chaussée : • Salon spacieux avec coin cheminée ouvrant sur la terrasse et le jardin privé. • Cuisine moderne ave...",https://www.mubawab-media.com/ad/8/336/608F/h/0_0010_82316038.avif,16,2026-09-30
8353902,Superbe villa moderne neuve sur résidence sécurisée,https://www.mubawab.ma/fr/a/8353902/superbe-villa-moderne-neuve-sur-r%C3%A9sidence-s%C3%A9curis%C3%A9e,Location,Villa,Marrakech,Palmeraie,22 000 DH,22000,200m²,200,5 Pièces,3 Chambres,4 Salles de bains,"Jardin, Piscine, Concierge, Cheminée, Sécurité","Nous mettons à la location longue durée une magnifique villa moderne non meublée, d’une superficie de 400 m² de terrain, située à la Palmeraie, dans une belle résidence sécurisée avec grande piscine collective, espaces verts et trois places de stationnement. La villa dispose d’un magnifique jardin ensoleillé et se compose de : Au rez-de-chaussée : * Une grande réception avec coin cheminée * Une grande cuisine * Une suite avec placard e...",https://www.mubawab-media.com/ad/8/353/902F/h/WhatsApp%20Image%202026-06-01%20at%2016.20.18_82545928.avif,17,2026-09-30
8424534,Maison de luxe à louer à Amelkis. 4 chambres. Meublée,https://www.mubawab.ma/fr/a/8424534/maison-de-luxe-%C3%A0-louer-%C3%A0-amelkis-4-chambres-meubl%C3%A9e,Location,Villa,Marrakech,Palmeraie,23 000 DH,23000,360m²,360,4 Pièces,4 Chambres,4 Salles de bains,"Jardin, Terrasse, Garage, Piscine, Chambre rangement, Meublé, Salon européen, Antenne parabolique, Cheminée, Climatisation, Chauffage central, Sécurité, Double vitrage, Porte blindée, Cuisine équipée, Réfrigérateur, Four, TV, Machine à laver, Micro-ondes, Internet, Animaux domestiques autorisés","Cette villa luxueuse à louer est située dans la zone de la Palmeraie à Marrakech, spécifiquement dans le quartier d'Amelkis. La villa présente un design moderne et a entre 5 et 10 ans. Avec quatre salles de bains et quatre chambres, la villa offre un espace spacieux et confortable adapté aux besoins des familles. Les multiples commodités incluent la climatisation et le chauffage, garantissant le confort tout au long de l'année. La villa dispose...",https://www.mubawab-media.com/ad/8/424/534F/h/photo_0_83318884.avif,19,2026-09-30
8424408,Villa à louer,https://www.mubawab.ma/fr/a/8424408/villa-%C3%A0-louer,Vente,Villa,Marrakech,Palmeraie,25 000 DH,25000,,,6 Pièces,5 Chambres,5 Salles de bains,"Jardin, Piscine, Meublé, Cuisine équipée","VILLA MEUBLÉE À LOUER – PALMERAIE, MARRAKECH Villa entièrement meublée située dans le secteur recherché de la Palmeraie. Villa meublée Jardin privatif Piscine Jardinier inclus Pisciniste inclus Loyer : 25 000 DH / mois",https://www.mubawab-media.com/ad/8/424/408F/h/WhatsApp_Image_2026-09-28_at_17.13.53__3__83317454.avif,7,2026-09-30
8405087,"Appartement à Louer de 383.0 m² à Marrakech, Palmeraie",https://www.mubawab.ma/fr/a/8405087/appartement-%C3%A0-louer-de-383-0-m%C2%B2-%C3%A0-marrakech-palmeraie,Location,Duplex,Marrakech,Palmeraie,25 000 DH,25000,383m²,383,5 Pièces,3 Chambres,4 Salles de bains,"Jardin, Terrasse, Garage, Meublé, Climatisation","À louer, magnifique duplex situé dans le quartier prisé de la Palmeraie à Marrakech. D'une superficie de 383 m², cet appartement dispose de 3 chambres, 2 salles de bain et offre un espace de vie confortable de 160 m². Profitez également d'un jardin de 300 m² et de terrasses totalisant 30 m². Loyer mensuel : 25 000 Dhs. Une opportunité à ne pas manquer !",https://www.mubawab-media.com/ad/8/405/087F/h/image_504153581_83110493.avif,21,2026-09-30
8373559,Duplex meublé Type 4 de 362m² avec jardin privatif,https://www.mubawab.ma/fr/a/8373559/duplex-meubl%C3%A9-type-4-de-362m%C2%B2-avec-jardin-privatif,Location,Duplex,Marrakech,Palmeraie,25 000 DH,25000,362m²,362,5 Pièces,3 Chambres,3 Salles de bains,"Jardin, Terrasse, Chambre rangement, Meublé, Façade extérieure, Salon Marocain, Salon européen, Cheminée, Climatisation, Sécurité, Cuisine équipée, Réfrigérateur, Four, TV, Machine à laver, Micro-ondes","À louer Superbe appartement en duplex avec jardin privé La Palmeraie Dans résidences sécurisées de La Palmeraie, découvrez ce magnifique appartement en duplex, alliant élégance, confort et prestations de qualité. Entièrement meublé avec goût, ce bien se compose de trois chambres spacieuses, d'un vaste salon lumineux, et d'un jardin privé verdoyant, véritable havre de paix. L'ensemble du mobilier est de très belle facture, avec une décoration...",https://www.mubawab-media.com/ad/8/373/559F/h/7300600a_82759282.avif,19,2026-09-30
8279380,Belle villa a louer meuble a bab atlas,https://www.mubawab.ma/fr/a/8279380/belle-villa-a-louer-meuble-a-bab-atlas,Location,Villa,Marrakech,Palmeraie,27 000 DH,27000,280m²,280,4 Pièces,3 Chambres,3 Salles de bains,"Jardin, Terrasse, Garage, Piscine, Concierge, Meublé, Salon européen, Antenne parabolique, Cheminée, Climatisation, Double vitrage, Cuisine équipée, Réfrigérateur, Four, TV, Machine à laver, Micro-ondes, Internet, Animaux domestiques autorisés","Description : Votre agence immobilière à la Palmeraie dans une résidence avec piscine une villa A LOUER MEUBLE au finitions soignées à seulement quelques minutes du centre-ville. La villa dispose d’espaces bien agencés et lumineux. La villa comprend au Rdc salon avec coin cheminée avec terrasse et le jardin, cuisine moderne et fonctionnelle avec une cour de service, comprend également une chambre avec salle d’eau toilette réception. À l’étage...",https://www.mubawab-media.com/ad/8/279/380F/h/IMG_7419_81848754.avif,26,2026-09-30
8257763,Villa 3 ch à louer vide Palmeraie Bab Atlas,https://www.mubawab.ma/fr/a/8257763/villa-3-ch-%C3%A0-louer-vide-palmeraie-bab-atlas,Location,Villa,Marrakech,Palmeraie,27 000 DH,27000,200m²,200,3 Pièces,3 Chambres,3 Salles de bains,"Jardin, Terrasse, Garage, Piscine, Concierge, Salon européen, Cheminée, Climatisation, Sécurité, Cuisine équipée","Sublime villa à louer longue durée meublée située à Bab Atlas à la Palmeraie dans une résidence sécurisée avec piscine collective. La villa est composée d'un double séjour avec cheminée donnant accés à la terrasse, une belle cuisine équipée avec cour anglaise, trois chambres à coucher avec salles de douche privatives et terrasses, parking. Les frais de syndic sont inclus dans le loyer",https://www.mubawab-media.com/ad/8/257/763F/h/be964d14-f86b-46e9-82de-212855e512a4_81464782.avif,19,2026-09-30
8259401,Superbe villa vide 3 ch à louer Bab Atlas,https://www.mubawab.ma/fr/a/8259401/superbe-villa-vide-3-ch-%C3%A0-louer-bab-atlas,Location,Villa,Marrakech,Palmeraie,27 000 DH,27000,300m²,300,3 Pièces,3 Chambres,3 Salles de bains,"Jardin, Terrasse, Garage, Piscine, Concierge, Salon européen, Cheminée, Climatisation, Chauffage central, Sécurité, Double vitrage, Porte blindée, Cuisine équipée","Loyer non négociable. Villa contemporaine à louer longue durée meublée située à Bab Atlas à la Palmeraie dans une résidence sécurisée avec piscine collective. La villa est composée d'un double séjour avec cheminée donnant accés à la terrasse, une belle cuisine équipée avec cour anglaise et chambre de service avec salle de bain, trois chambres à coucher avec salles de douche privatives et terrasses, parking. Les frais de syndic sont inclus dans l...",https://www.mubawab-media.com/ad/8/259/401F/h/8fdea06b094a48eaae1ce8c3726e4f01_81481624.avif,13,2026-09-30
8336619,Villa neuve 1ère occupation Non meublée,https://www.mubawab.ma/fr/a/8336619/villa-neuve-1%C3%A8re-occupation-non-meubl%C3%A9e,Location,Villa,Marrakech,Palmeraie,28 000 DH,28000,300m²,300,4 Pièces,3 Chambres,3 Salles de bains,"Jardin, Terrasse, Garage, Vue sur les montagnes, Piscine, Salon européen, Cheminée, Climatisation, Chauffage central, Sécurité, Double vitrage, Cuisine équipée, Four","Située dans le secteur exclusif de Bab Atlas, cette villa contemporaine offre un cadre de vie privilégié au cœur de la Palmeraie. Alliant architecture moderne et détails artisanaux, elle s'intègre parfaitement dans une résidence sécurisée réputée pour son calme et sa magnifique piscine plage de 40 mètres de long. AGENCEMENT Au rez-de-chaussée : • Salon spacieux avec coin cheminée ouvrant sur la terrasse et le jardin privé. • Cuisine moderne ave...",https://www.mubawab-media.com/ad/8/336/619F/h/0_0036_82316152.avif,18,2026-09-30
8406431,"Riad meublé moderne à louer – Palmeraie, Marrakech",https://www.mubawab.ma/fr/a/8406431/riad-meubl%C3%A9-moderne-%C3%A0-louer-%E2%80%93-palmeraie-marrakech,Location,Riad,Marrakech,Palmeraie,28 000 DH,28000,160m²,160,5 Pièces,2 Chambres,4 Salles de bains,"Jardin, Terrasse, Garage, Concierge, Meublé, Entre-seul, Salon européen, Antenne parabolique, Cheminée, Climatisation, Chauffage central, Sécurité, Cuisine équipée, Réfrigérateur, Four, TV, Machine à laver, Micro-ondes, Internet, Animaux domestiques autorisés","Riad meublé moderne à louer – Palmeraie, Marrakech Situé dans le quartier prisé de la Palmeraie à Marrakech, ce magnifique riad meublé offre un cadre de vie exceptionnel, alliant charme traditionnel et confort moderne. Édifié sur un terrain de 300 m², le riad dispose d’une surface habitable de 160 m² et bénéficie d’une belle orientation sud, offrant une luminosité agréable tout au long de la journée. La propriété comprend 2 chambres confortables...",https://www.mubawab-media.com/ad/8/406/431F/h/photo_00_83120255.avif,21,2026-09-30
8417844,Belle villa meublé dans un domaine avec piscine,https://www.mubawab.ma/fr/a/8417844/belle-villa-meubl%C3%A9-dans-un-domaine-avec-piscine,Location,Villa,Marrakech,Palmeraie,30 000 DH,30000,280m²,280,4 Pièces,3 Chambres,3 Salles de bains,"Jardin, Terrasse, Garage, Piscine, Concierge, Meublé, Salon européen, Antenne parabolique, Cheminée, Climatisation, Double vitrage, Cuisine équipée, Réfrigérateur, Four, TV, Machine à laver, Micro-ondes, Internet","Description : Votre agence immobilière InMarrakech à le plaisir de vous proposer à la Palmeraie dans une résidence avec piscine une villa A LOUER VIDE au finitions soignées à seulement quelques minutes du centre-ville. La villa dispose d’espaces bien agencés et lumineux. La villa comprend au Rdc salon avec coin cheminée avec terrasse et le jardin, cuisine moderne et fonctionnelle avec une cour de service, comprend également une chambre avec sall...",https://www.mubawab-media.com/ad/8/417/844F/h/IMG_7416_83245052.avif,27,2026-09-30
8394688,Beau riad en location à Ennakhil Palmeraie. 4 grandes pièces...,https://www.mubawab.ma/fr/a/8394688/beau-riad-en-location-%C3%A0-ennakhil-palmeraie-4-grandes-pi%C3%A8ces-meubl%C3%A9,Location,Riad,Marrakech,Palmeraie,30 000 DH,30000,280m²,280,4 Pièces,2 Chambres,2 Salles de bains,"Jardin, Terrasse, Garage, Vue sur les montagnes, Concierge, Chambre rangement, Meublé, Salon Marocain, Salon européen, Antenne parabolique, Cheminée, Climatisation, Chauffage central, Porte blindée, Cuisine équipée, Réfrigérateur, Four, TV, Machine à laver, Micro-ondes, Internet, Animaux domestiques autorisés","Située dans le quartier prisé d'Ennakhil (Palmeraie) à Marrakech, cette magnifique propriété de style riad offre une expérience de vie unique et luxueuse. Avec une surface de 280 m² et un terrain de 180 m², le riad combine harmonieux éléments traditionnels et confort moderne. La maison dispose de deux chambres spacieuses et de deux salles de bains élégamment aménagées. L'orientation sud assure un ensoleillement optimal tout au long de la journée...",https://www.mubawab-media.com/ad/8/394/688F/h/photo_0_82995318.avif,25,2026-09-30
8246206,Belles villa à louer à Marrakech,https://www.mubawab.ma/fr/a/8246206/belles-villa-%C3%A0-louer-%C3%A0-marrakech,Vente,Villa,Marrakech,Palmeraie,35 000 DH,35000,400m²,400,5 Pièces,4 Chambres,3 Salles de bains,"Terrasse, Ascenseur, Vue sur les montagnes, Piscine, Concierge, Meublé, Façade extérieure, Salon Marocain, Antenne parabolique, Climatisation, Chauffage central, Sécurité, Porte blindée, Cuisine équipée, Réfrigérateur, Four, Machine à laver, Micro-ondes",très joules villa à louer sur Marrakech dans un quartier très calme Interierman meublé Une couisen bien équipée 4 chambres à coucher 3 salles de bains très jolie piscine la villa se trouve dans un résidence sécurisée et fermé Pas loin de hôtel ibis Palmeraie et école iraqui Prix : 35 000dh par mois Pour plus d’information,https://www.mubawab-media.com/ad/8/246/206F/h/photo_0_82123438.avif,26,2026-09-30
8324391,Villa palmeraie,https://www.mubawab.ma/fr/a/8324391/villa-palmeraie,Location,Villa,Marrakech,Palmeraie,36 000 DH,36000,450m²,450,7 Pièces,4 Chambres,4 Salles de bains,"Jardin, Terrasse, Garage, Piscine, Meublé, Entre-seul, Salon Marocain, Salon européen, Antenne parabolique, Climatisation, Chauffage central, Sécurité, Double vitrage, Porte blindée, Cuisine équipée, Réfrigérateur, Four, TV, Machine à laver, Micro-ondes, Internet, Animaux domestiques autorisés","Découvrez cette superbe villa d’exception, nichée sur un terrain de 700 m², avec 450 m² de surface habitable. Offrant 4 chambres spacieuses, une piscine privée, un garage, un jardin luxuriant, et une verdure apaisante, elle est idéalement située, à deux pas de toutes les commodités. Une opportunité rare à saisir. Pour plus de détails ou pour organiser une visite",https://www.mubawab-media.com/ad/8/324/391F/h/WhatsApp%20Image%202026-03-31%20at%2018.27.12%20%284%29_82185675.avif,15,2026-09-30
8247459,Sublime Villa Meublée à Louer à Bab Atlas,https://www.mubawab.ma/fr/a/8247459/sublime-villa-meubl%C3%A9e-%C3%A0-louer-%C3%A0-bab-atlas,Location,Villa,Marrakech,Palmeraie,41 500 DH,41500,450m²,450,5 Pièces,4 Chambres,5 Salles de bains,"Jardin, Terrasse, Garage, Vue sur les montagnes, Piscine, Meublé, Salon européen, Antenne parabolique, Cheminée, Climatisation, Chauffage central, Cuisine équipée, Réfrigérateur, Four, TV, Machine à laver, Internet, Animaux domestiques autorisés","Offrez-vous un cadre de vie exceptionnel dans cette somptueuse villa plain pied meublée, nichée à Bab Atlas (palmeraie), alliant élégance, tranquillité et sécurité absolue. Des espaces de vie raffinés et spacieux : • Pièces de réception : Un grand salon lumineux avec cheminées, un séjour et une salle à manger distincte et baie vitrée donnant sur jardin et piscine. • Cuisine : Entièrement équipée pour les amateurs de gastronomie. • Nuitées : 4 bel...",https://www.mubawab-media.com/ad/8/247/459F/h/WhatsApp%20Image%202026-07-18%20at%2014.47.35%20%282%29_83077133.avif,32,2026-09-30
7612329,À la palmeraie excellente villa moderne de 4 suites vide san...,https://www.mubawab.ma/fr/a/7612329/%C3%A0-la-palmeraie-excellente-villa-moderne-de-4-suites-vide-sans-vis-%C3%A0-vis-en-location-%C3%A0-l%E2%80%99ann%C3%A9e,Location,Villa,Marrakech,Palmeraie,42 000 DH,42000,1600m²,1600,5 Pièces,4 Chambres,4 Salles de bains,"Jardin, Terrasse, Garage, Piscine, Concierge, Meublé, Salon européen, Antenne parabolique, Cheminée, Climatisation, Chauffage central, Sécurité, Double vitrage, Porte blindée, Cuisine équipée, Réfrigérateur, Four, TV, Machine à laver, Micro-ondes, Internet, Animaux domestiques autorisés","Sublime villa contemporaine vide en location longue durée de 4 chambres et 4 salles de bains avec une grande piscine privative dans un domaine résidentiel sécurisée à Bab Atlas ( palmeraie Marrakech ). La villa est sur un terrain de 1600 m2 se compose comme suit : 4 suites dont la parentale est avec cheminée dressing, un grand salon cheminée vue sur la piscine, salle à manger, salon européen et une cuisine très bien équipée isolée qui a l’acc...",https://www.mubawab-media.com/ad/7/612/329F/h/photo_0_82555049.avif,17,2026-09-30
8155103,Villa de Plain Pied,https://www.mubawab.ma/fr/a/8155103/villa-de-plain-pied,Location,Villa,Marrakech,Palmeraie,42 000 DH,42000,300m²,300,6 Pièces,4 Chambres,4 Salles de bains,"Jardin, Garage, Piscine, Meublé, Salon Marocain, Salon européen, Climatisation, Sécurité, Double vitrage, Cuisine équipée, Réfrigérateur, Four, TV, Machine à laver, Micro-ondes, Internet, Animaux domestiques autorisés","FOCH Real Estate a le plaisir de vous proposer cette villa de plain-pied à louer en longue durée, idéalement située dans le prestigieux quartier de la Palmeraie, à Bab Atlas. Implantée sur un beau terrain paysagé, cette propriété sans vis-à-vis offre une superficie habitable de 300 m², alliant confort, intimité et praticité. L’intérieur se compose d’un double salon lumineux avec coin salle à manger, d’une cuisine fermée entièrement équipée...",https://www.mubawab-media.com/ad/8/155/103F/h/photo_0_80409013.avif,17,2026-09-30
8401880,Belle villa a louer vide a la palmeraie,https://www.mubawab.ma/fr/a/8401880/belle-villa-a-louer-vide-a-la-palmeraie,Location,Villa,Marrakech,Palmeraie,42 000 DH,42000,1662m²,1662,5 Pièces,4 Chambres,4 Salles de bains,"Jardin, Garage, Piscine, Cuisine équipée","Villa vide d’une superficie d’environ 400m² habitable et d’une surface de terrain de 1664m² • 4 chambres à coucher (02 suites au rez-de-chaussée et 02 suites à l'étage) • 4 Salles de bain • 1 salon et séjour • 1 toilette visiteur • 1 cuisine équipée • Terrasses, parking, piscine et jardin…. villa non meublée avec cuisine équipée. • caution deux mois • un mois de loyer encaissable",https://www.mubawab-media.com/ad/8/401/880F/h/820ab041-044b-457f-9a16-4b399688b7b41_83070948.avif,12,2026-09-30
8396960,"Villa d’exception à louer, palmeraie marrakech",https://www.mubawab.ma/fr/a/8396960/villa-d%E2%80%99exception-%C3%A0-louer-palmeraie-marrakech,Location,Villa,Marrakech,Palmeraie,42 000 DH,42000,400m²,400,6 Pièces,4 Chambres,5 Salles de bains,"Jardin, Terrasse, Garage, Vue sur les montagnes, Piscine, Concierge, Entre-seul, Climatisation, Chauffage central, Sécurité, Double vitrage, Porte blindée, Cuisine équipée","Résidence prestigieuse Calme absolu Sécurité optimale Située au cœur de la Palmeraie de Marrakech, au sein de l’une des résidences les plus prestigieuses et les plus prisées du secteur, cette élégante villa non meublée bénéficie d’un environnement exceptionnel, à la fois calme, sécurisé et intimiste. La résidence offre un cadre de vie particulièrement recherché, avec une tranquillité totale et un niveau de sécurité optimal, tout en restan...",https://www.mubawab-media.com/ad/8/396/960F/h/WhatsApp%20Image%202026-08-10%20at%2011.58.11_83019271.avif,19,2026-09-30
8407556,Villa haut standing à louer à Amelkis meublée,https://www.mubawab.ma/fr/a/8407556/villa-haut-standing-%C3%A0-louer-%C3%A0-amelkis-meubl%C3%A9e,Location,Villa,Marrakech,Palmeraie,45 000 DH,45000,400m²,400,6 Pièces,4 Chambres,5 Salles de bains,"Jardin, Terrasse, Garage, Vue sur les montagnes, Piscine, Concierge, Chambre rangement, Meublé, Entre-seul, Salon Marocain, Salon européen, Antenne parabolique, Cheminée, Climatisation, Sécurité, Double vitrage, Porte blindée, Cuisine équipée, Réfrigérateur, Four, TV, Machine à laver, Internet","Nichée au cœur du prestigieux quartier de Ennakhil (Palmeraie) à Marrakech, cette somptueuse villa incarne l'élégance moderne et le confort absolu. Avec une superficie habitable de 400 m² et un terrain s'étendant sur 570 m², la propriété offre une promesse d'intimité et de luxe. D'une architecture contemporaine, cette villa n'a jamais été habitée et rayonne d'une fraîcheur comme neuve, enrichie par des réformes minutieusement exécutées. Elle d...",https://www.mubawab-media.com/ad/8/407/556F/h/IMG_3164_83133872.avif,9,2026-09-21
8420265,A louer villa 3 chambres la palmeraie,https://www.mubawab.ma/fr/a/8420265/a-louer-villa-3-chambres-la-palmeraie,Location,Villa,Marrakech,Palmeraie,45 000 DH,45000,1830m²,1830,3 Pièces,3 Chambres,,"Piscine, Meublé","Villa d'exception à louer – La Palmeraie, Marrakech Découvrez cette demeure prestigieuse située au cœur de la Palmeraie, offrant une surface habitable généreuse de 573 m² sur un terrain paysager de 1 830 m². Cette propriété, proposée entièrement meublée, allie confort moderne et élégance pour une expérience résidentielle exclusive. Raffinement & volumes La villa se distingue par ses espaces de vie spacieux et une conception pensée pour le confo...",https://www.mubawab-media.com/ad/8/420/265F/h/thumb_164306_property_xlarge_83271817.avif,18,2026-09-30
8299854,Villa ultra luxueuse au cœur de la Palmeraie,https://www.mubawab.ma/fr/a/8299854/villa-ultra-luxueuse-au-c%C5%93ur-de-la-palmeraie,Location,Villa,Marrakech,Palmeraie,45 000 DH,45000,550m²,550,8 Pièces,5 Chambres,5 Salles de bains,"Jardin, Piscine, Chambre rangement, Meublé, Entre-seul, Salon Marocain, Salon européen, Cheminée, Cuisine équipée","Nous mettons à la location longue durée une somptueuse villa édifiée sur un terrain de 2 500 M2, offrant une superficie habitable de 550 M2, idéalement située au cœur de la prestigieuse Palmeraie de Marrakech. La villa bénéficie d’un vaste jardin paysagé et arboré de palmiers, ainsi que d’une magnifique piscine exposée plein sud, garantissant un ensoleillement optimal. Composition : Au rez-de-chaussée : • Une spacieuse réception compre...",https://www.mubawab-media.com/ad/8/299/854F/h/WhatsApp%20Image%202026-02-09%20at%2009.18.51%20%282%29_81931242.avif,28,2026-09-30
8337059,"Villa 6 chambres avec piscine chauffée, Palmeraie",https://www.mubawab.ma/fr/a/8337059/villa-6-chambres-avec-piscine-chauff%C3%A9e-palmeraie,Location,Villa,Marrakech,Palmeraie,45 000 DH,45000,,,7 Pièces,6 Chambres,3 Salles de bains,"Jardin, Garage, Vue sur les montagnes, Piscine, Chambre rangement, Meublé, Salon Marocain, Salon européen, Climatisation, Cuisine équipée","Située au cœur de la Palmeraie de Marrakech, cette villa en location longue durée offre un cadre de vie privilégié alliant calme, espace et confort, dans l’un des secteurs les plus recherchés de la ville. Édifiée sur un terrain de 2 500 m², la propriété bénéficie de beaux volumes extérieurs et d’un environnement verdoyant, idéal pour profiter pleinement de Marrakech en toute sérénité. Caractéristiques : • Terrain : 2 500 m² • 6 chambre...",https://www.mubawab-media.com/ad/8/337/059F/h/8_82321012.avif,10,2026-09-30
8401881,A louer meublée belle villa a la palmeraie,https://www.mubawab.ma/fr/a/8401881/a-louer-meubl%C3%A9e-belle-villa-a-la-palmeraie,Location,Villa,Marrakech,Palmeraie,50 000 DH,50000,1664m²,1664,5 Pièces,4 Chambres,4 Salles de bains,"Jardin, Garage, Piscine, Cuisine équipée","• Villa meublee d’une superficie d’environ 400m² habitable et d’une surface de terrain de 1664m² • 4 chambres à coucher (02 suites au rez-de-chaussée et 02 suites à l'étage) • 4 Salles de bain • 1 salon et séjour • 1 toilette visiteur • 1 cuisine équipée • Terrasses, parking, piscine et jardin…. villa non meublée avec cuisine équipée. • caution deux mois • un mois de loyer encaissable",https://www.mubawab-media.com/ad/8/401/881F/h/5f5d1d7d-d912-4ae6-b5bd-f55989c721f7_83070958.avif,12,2026-09-30
7379906,BON AFFAIRE Restaurant semi fini à louer Bab Atlas,https://www.mubawab.ma/fr/a/7379906/bon-affaire-restaurant-semi-fini-%C3%A0-louer-bab-atlas,Location,Terrain,Marrakech,Palmeraie,50 000 DH,50000,2000m²,2000,,,1 Salle de bain,,"Ce restaurant semi-fini à Bab Atlas, dans la Palmeraie, bénéficie en effet d'un emplacement privilégié. Avec un terrain de 2000 m² et une surface construite de 370 m² par étage, l'endroit offre un potentiel considérable pour aménager un espace unique pour la restauration. L'option de location longue durée avec un contrat de 3/6/9 permet une certaine stabilité pour un exploitant tout en offrant de la flexibilité sur le moyen terme",https://www.mubawab-media.com/ad/7/379/906F/h/9f7f8e9c-3378-4c27-b4eb-a09489b4008e_19104809.avif,7,2026-09-30
8366158,Villa a louer à la palmeraie 3 chambres,https://www.mubawab.ma/fr/a/8366158/villa-a-louer-%C3%A0-la-palmeraie-3-chambres,Location,Villa,Marrakech,Palmeraie,50 000 DH,50000,400m²,400,8 Pièces,3 Chambres,5 Salles de bains,"Piscine, Meublé, Entre-seul, Salon européen, Cheminée, Climatisation, Sécurité, Cuisine équipée, Réfrigérateur, Four, TV, Machine à laver, Micro-ondes, Internet","Villa exceptionnelle à louer dans la Palmeraie de Marrakech, entièrement rénovée en 2025, offrant un cadre de vie rare alliant élégance, calme et nature. Implantée sur un terrain de plus de 2 000 m², entourée de palmiers et de verdure, cette propriété séduit par son architecture, ses volumes généreux et sa décoration unique réalisée avec beaucoup de goût, créant une atmosphère chaleureuse et raffinée. Caractéristiques du bien • Surface terrain...",https://www.mubawab-media.com/ad/8/366/158F/h/031742_173944654865710_82680101.avif,16,2026-09-30
8319140,"Villa d’exception rénovée, La Palmeraie, Marrakech",https://www.mubawab.ma/fr/a/8319140/villa-d%E2%80%99exception-r%C3%A9nov%C3%A9e-la-palmeraie-marrakech,Location,Villa,Marrakech,Palmeraie,50 000 DH,50000,,,4 Pièces,3 Chambres,5 Salles de bains,"Jardin, Garage, Piscine, Chambre rangement, Meublé, Salon Marocain, Salon européen, Climatisation, Sécurité, Cuisine équipée","Située au cœur de la Palmeraie de Marrakech, cette villa entièrement rénovée en 2025 offre un cadre de vie exceptionnel, alliant calme, élégance et confort, dans un environnement verdoyant et privilégié. Édifiée sur un terrain de plus de 2 000 m², la propriété est entourée de palmiers et bénéficie d’une atmosphère paisible, idéale pour profiter pleinement de Marrakech tout en restant à proximité du centre-ville. Caractéristiques : • Te...",https://www.mubawab-media.com/ad/8/319/140F/h/1_82132784.avif,12,2026-09-30
8299289,"Villa d’exception à louer, Marrakech",https://www.mubawab.ma/fr/a/8299289/villa-d%E2%80%99exception-%C3%A0-louer-marrakech,Location,Villa,Marrakech,Palmeraie,50 000 DH,50000,450m²,450,5 Pièces,4 Chambres,4 Salles de bains,"Jardin, Terrasse, Garage, Vue sur les montagnes, Piscine, Chambre rangement, Entre-seul, Salon européen, Antenne parabolique, Cheminée, Climatisation, Chauffage central, Sécurité, Double vitrage, Cuisine équipée, Réfrigérateur, Four, Machine à laver, Micro-ondes","Située au cœur de la prestigieuse Palmeraie, cette villa de caractère conjugue avec élégance une architecture contemporaine et des touches traditionnelles, dans un cadre verdoyant et apaisant. Implantée sur un terrain paysagé de 2 500 m², elle développe une surface habitable de 450 m² et offre de vastes espaces baignés de lumière. Dès l’entrée, le hall impressionne par sa hauteur sous plafond de 7 mètres et sa transparence qui met en valeur le...",https://www.mubawab-media.com/ad/8/299/289F/h/IMG_4470_81925810.avif,22,2026-09-30
7644235,Terrain en vente à BAB ATLAS PALMERAIE,https://www.mubawab.ma/fr/a/7644235/terrain-en-vente-%C3%A0-bab-atlas-palmeraie,Vente,Terrain,Marrakech,Palmeraie,50 500 DH,50500,358m²,358,,,,,"A vendre Terrain de 358 m2 situé à BAB ATLAS PALMERAIE avec une vue imprenable sur les montagnes de l’Atlas. SANS VNA ! Terrain Titré Prix de vente Imbattable ! : 50.500 (frais d'agence inclus ) Faites confiance au premier réseau immobilier au Maroc et dans le monde. Avec Century 21, bénéficiez d'un accompagnement sur-mesure pour concrétiser votre projet en toute sérénité Organiser une visite !!! REF: VTBA3008 L.V",https://www.mubawab-media.com/ad/7/644/235F/h/photo_0_82268630.avif,6,2026-09-30
8381500,"A louer Villa vide à La Palmeraie, Marrakech",https://www.mubawab.ma/fr/a/8381500/a-louer-villa-vide-%C3%A0-la-palmeraie-marrakech,Location,Villa,Marrakech,Palmeraie,55 000 DH,55000,480m²,480,8 Pièces,5 Chambres,5 Salles de bains,"Jardin, Terrasse, Garage, Vue sur les montagnes, Piscine, Concierge, Chambre rangement, Entre-seul, Salon Marocain, Salon européen, Antenne parabolique, Cheminée, Climatisation, Chauffage central, Sécurité, Double vitrage, Porte blindée, Cuisine équipée, Four, Animaux domestiques autorisés","Turnkey vous propose une magnifique villa vide à la location longue durée, idéalement située au cœur de la Palmeraie, dans un environnement calme, verdoyant et sécurisé. Édifiée sur un terrain de 4 000 m², cette propriété offre de beaux espaces de vie et un cadre de vie exceptionnel. Caractéristiques : * 5 chambres spacieuses avec placards * Suite parentale avec dressing * Climatisation dans toutes les chambres * Cuisine entièrement...",https://www.mubawab-media.com/ad/8/381/500F/h/WhatsApp_Image_2026-09-07_at_11.44.46__1__83170176.avif,23,2026-09-30
8340909,Location villa de luxe à Ennakhil Palmeraie. 5 belles chamb...,https://www.mubawab.ma/fr/a/8340909/location-villa-de-luxe-%C3%A0-ennakhil-palmeraie-5-belles-chambres,Location,Villa,Marrakech,Palmeraie,55 000 DH,55000,4000m²,4000,5 Pièces,5 Chambres,5 Salles de bains,"Piscine, Meublé, Salon Marocain, Salon européen, Cheminée, Climatisation, Sécurité, Cuisine équipée","Louez cette somptueuse villa. Prix 70 000 DH. 5 chambres, 5 salles de bains, 4000 m². 5 pièces. Moins de 10 ans. Type de sol: Marbre. Venez découvrir cette villa de luxe à Ennakhil (Palmeraie). Profitez du confort de la cheminée et de la climatisation. La résidence dispose également d'une piscine. Confort et tradition avec un beau salon marocain. La résidence est sécurisée. Soyez le premier à visiter cette villa en vente à Marrakech. Cuisine bi...",https://www.mubawab-media.com/ad/8/340/909F/h/photo_00_82362445.avif,2,2026-09-30
8302902,Maison de famille à la Location longue durée uniquement pas...,https://www.mubawab.ma/fr/a/8302902/maison-de-famille-%C3%A0-la-location-longue-dur%C3%A9e-uniquement-pas-de-sous-location-%C3%A0-la-palmeraie-4-suites-enti%C3%A8rement-meubl%C3%A9,Location,Villa,Marrakech,Palmeraie,55 000 DH,55000,460m²,460,7 Pièces,4 Chambres,5 Salles de bains,"Jardin, Terrasse, Garage, Piscine, Meublé, Salon Marocain, Salon européen, Cheminée, Climatisation, Cuisine équipée","Agence Worldwide transaction propose pour cette villa à louer en longue durée uniquement ( pas de sous location ) Prix 55000 Dhs par mois 7 pièces, 5 salles de bains privatives, 460 m². 4 chambres à coucher. Bon état / habitable. Propriété entièrement meublée. Cette magnifique villa est en location a la palmeraie idéal pour une famille Résidence parfaitement équipée avec Vous profiterez également d'un jardin et d'une belle terrasse. Nombreux...",https://www.mubawab-media.com/ad/8/302/902F/h/photo_0_81962401.avif,29,2026-09-30
8345303,Ultimate Luxury,https://www.mubawab.ma/fr/a/8345303/ultimate-luxury,Location,Villa,Marrakech,Palmeraie,58 000 DH,58000,500m²,500,11 Pièces,6 Chambres,4 Salles de bains,"Jardin, Piscine, Chambre rangement, Meublé, Salon Marocain, Salon européen, Antenne parabolique, Cheminée, Climatisation, Chauffage central, Sécurité, Porte blindée, Cuisine équipée, Réfrigérateur, Four, TV, Machine à laver, Micro-ondes, Internet, Animaux domestiques autorisés","Ultra-Luxury Private Villa in Marrakech Palmeraie – A Dream Oasis with Pool, Jacuzzi & Pure Serenity Escape to an exclusive sanctuary in the heart of the legendary Palmeraie of Marrakech. This exceptional private villa redefines luxury living, offering an unforgettable experience of elegance, comfort, and privacy. Step into a world of sophistication where every detail has been designed to impress. A stunning private swimming pool surroun...",https://www.mubawab-media.com/ad/8/345/303F/h/36960301-fded-496c-be2d-d99cca4c3820_82411335.avif,3,2026-09-30
8415321,Magnifique villa meublée à louer à Marrakech,https://www.mubawab.ma/fr/a/8415321/magnifique-villa-meubl%C3%A9e-%C3%A0-louer-%C3%A0-marrakech,Location,Villa,Marrakech,Palmeraie,60 000 DH,60000,500m²,500,9 Pièces,5 Chambres,5 Salles de bains,"Jardin, Piscine, Concierge, Meublé, Salon Marocain, Salon européen, Cheminée, Climatisation, Sécurité, Cuisine équipée, Réfrigérateur, Four, TV, Machine à laver",MAHA PREMIUM a le plaisir de proposer à la location : Une magnifique villa meublée au Jardins d'atlas à Palmeraie Marrakech Route d'Ourika Villa de haut standing situé dans l’un des quartiers les plus prisés de la ville. Cette propriété spacieuse dispose d'une piscine et d'un beau jardin. Caractéristiques et Spécifications Clés : * Surface du terrain : 500 m² de terrain sur 3 niveaux * Avantages : Bénéficie d'un bel ensoleillement. Descripti...,https://www.mubawab-media.com/ad/8/415/321F/h/20260604_164855_83216757.avif,22,2026-09-30
8371845,Une magnifique villa meublée à louer,https://www.mubawab.ma/fr/a/8371845/une-magnifique-villa-meubl%C3%A9e-%C3%A0-louer,Location,Villa,Marrakech,Palmeraie,100 000 DH,100000,800m²,800,10 Pièces,6 Chambres,6 Salles de bains,"Jardin, Terrasse, Garage, Piscine, Cheminée, Climatisation, Chauffage central, Sécurité, Double vitrage, Porte blindée, Cuisine équipée, Réfrigérateur, Four, TV, Machine à laver, Micro-ondes",Winners vous propose une magnifique villa au quartier Amelkis palmeraie à la location. Elle est idéale pour un usage habitation ou pour l'exploitation. Pour toutes informations n'hésitez pas à nous contacter. Honoraires agence: 1 mois de loyer,https://www.mubawab-media.com/ad/8/371/845F/h/1000711189_82741094.avif,31,2026-09-30
8225811,Secteur palmeraie très bel appartement 2 chambres,https://www.mubawab.ma/fr/a/8225811/secteur-palmeraie-tr%C3%A8s-bel-appartement-2-chambres,Vente,Appartement,Marrakech,Palmeraie,135 000 DH,135000,80m²,80,4 Pièces,2 Chambres,2 Salles de bains,"Terrasse, Garage, Piscine, Meublé, Sécurité","À VENDRE – Bel appartement meublé 80 m² avec terrasses et piscine – Proche Palmeraie Dans une belle résidence sécurisée avec piscine, découvrez cet appartement de 80 m² habitables, situé au 1er étage, offrant une agréable vue sur la piscine. Il se compose de : • Un salon lumineux • Une salle à manger donnant sur une terrasse de 7 m² • Une cuisine aménagée et entièrement équipée • Deux chambres, chacune avec accès à une terrasse de 5 m² • D...",https://www.mubawab-media.com/ad/8/225/811F/h/IMG_2176_81131896.avif,14,2026-09-30
8403152,Appartement en vente à Ennakhil Palmeraie. Superficie 115 m²...,https://www.mubawab.ma/fr/a/8403152/appartement-en-vente-%C3%A0-ennakhil-palmeraie-superficie-115-m%C2%B2-bien-meubl%C3%A9,Vente,Appartement,Marrakech,Palmeraie,255 000 DH,255000,115m²,115,3 Pièces,2 Chambres,2 Salles de bains,"Jardin, Terrasse, Garage, Piscine, Meublé, Salon européen, Climatisation, Sécurité, Cuisine équipée, Réfrigérateur, Four, Machine à laver, Micro-ondes","À VENDRE – APPARTEMENT RÉNOVÉ LES JARDINS DE LA PALMERAIE 2 Marrakech – Résidence sécurisée et recherchée Au sein de la résidence Les Jardins de la Palmeraie 2, découvrez cet élégant appartement de 115 m², dont 34 m² de terrasse, entièrement rénové et aménagé avec soin. Le bien offre une distribution fonctionnelle et des prestations de qualité : - Un vaste séjour lumineux ouvrant sur la terrasse - Une cuisine neuve entièrement équipée - Deux...",https://www.mubawab-media.com/ad/8/403/152F/h/photo_00_83084349.avif,14,2026-09-30
8035194,Appartement Plein Soleil 260.000 euros net vend,https://www.mubawab.ma/fr/a/8035194/appartement-plein-soleil-260-000-euros-net-vend,Vente,Appartement,Marrakech,Palmeraie,260 000 DH,260000,144m²,144,6 Pièces,3 Chambres,2 Salles de bains,"Jardin, Terrasse, Garage, Vue sur les montagnes, Piscine, Meublé, Salon européen, Climatisation, Sécurité, Cuisine équipée, Réfrigérateur, Four, Machine à laver, Micro-ondes","DANS LA PALMERAIE de MARRAKECH. Très bel appartement dans une résidence golfique, près du centre. Pour 6 personnes. Il se compose de ; 3 chambres, 1 grand salon, en cuir, 1 Téléviseur 4 K de chez LG dernière génération, télécommande magique (recherche Google vocal, 1salle à manger 6 personnes, 2 salles de bain, une cuisine entièrement équipée, 1 Toilette visiteur, 3 terrasses avec vue sur le parc, les montagnes de l’Atlas, un salon de jardin, pr...",https://www.mubawab-media.com/ad/8/035/194F/h/369eaa7b-a021-4fc8-93bc-f900264b9fc2_79210286.avif,23,2026-09-30
8139761,Vente duplex de 126m² au sol à la palmeraie,https://www.mubawab.ma/fr/a/8139761/vente-duplex-de-126m%C2%B2-au-sol-%C3%A0-la-palmeraie,Vente,Duplex,Marrakech,Palmeraie,270 000 DH,270000,201m²,201,4 Pièces,2 Chambres,2 Salles de bains,Jardin,"ATLAS TOUAREG vous propose un duplex de 126m² au sol et 201m² habitable avec 2 chambres et jardin, situé dans un quartier la palmeraie, c’est un quartier chic et calme à côté des villas, des hôtels et des terrains tennis et Golf. Le duplex composé de : RDC : Entrée avec WC, salon, cuisine, jardin. Etage : chambre avec SDB, chambre ensemble avec SDB, WC. • Surface habitable : 201m² (surface au sol : 126m²). • Prix de vente : 270 000 Euro",https://www.mubawab-media.com/ad/8/139/761F/h/WhatsApp%20Image%202023-05-27%20at%2013.35.46%20%282%29_80247201.avif,11,2026-09-30
8356007,Villa de haut standing à vendre à Amelkis. 5 chambres,https://www.mubawab.ma/fr/pa/8356007/villa-de-haut-standing-%C3%A0-vendre-%C3%A0-amelkis-5-chambres,Vente,Villa,Marrakech,Palmeraie,290 000 DH,290000,384m²,384,8 Pièces,5 Chambres,6 Salles de bains,"Jardin, Terrasse, Garage, Vue sur les montagnes, Piscine, Entre-seul, Salon Marocain, Salon européen, Cheminée, Chauffage central, Cuisine équipée","COLLECTION PRIVÉE — ATLAS GOLF RESORT, MARRAKECH 3 villas de standing semi-finies à personnaliser LE PROJET : YIC — Yemma Ingénierie & Conseil présente une collection exclusive de 3 villas de standing au sein de l’Atlas Golf Resort, Tranche 6, Km 5 Route de Fès, Palmeraie de Marrakech. LES 3 VILLAS : VILLA ALHAMBRA — Lot 220 Terrain : 401 m² Construit : 423 m² * Sous-sol complet 130 m² + RDC 127 m² + Étage 149 m² * 5 chambres dont 4 suit...",https://www.mubawab-media.com/ad/8/356/007F/h/WhatsApp%20Image%202026-03-27%20at%2016.52.37%20%283%29_82164911_82528934.avif,30,2026-09-30
8322301,Somptueuse villa à vendre à Amelkis,https://www.mubawab.ma/fr/pa/8322301/somptueuse-villa-%C3%A0-vendre-%C3%A0-amelkis,Vente,Villa,Marrakech,Palmeraie,290 000 DH,290000,381m²,381,8 Pièces,5 Chambres,6 Salles de bains,"Jardin, Terrasse, Piscine, Entre-seul, Chauffage central, Cuisine équipée, Four","COLLECTION PRIVÉE — ATLAS GOLF RESORT, MARRAKECH 3 villas de standing semi-finies à personnaliser LE PROJET : YIC — Yemma Ingénierie & Conseil présente une collection exclusive de 3 villas de standing au sein de l'Atlas Golf Resort, Tranche 6, Km 5 Route de Fès, Palmeraie de Marrakech. LES 3 VILLAS : VILLA ALHAMBRA — Lot 220 • Terrain : 401 m² Construit : 423 m² • Sous-sol complet 130 m² + RDC 127 m² + Étage 149 m² • 5 chambres dont 4 suites...",https://www.mubawab-media.com/ad/8/322/301F/h/WhatsApp%20Image%202026-03-27%20at%2016.52.37%20%282%29_82193979.avif,26,2026-09-30
8374378,Riad à la vente à Ennakhil Palmeraie. Surface totale 74 m²...,https://www.mubawab.ma/fr/a/8374378/riad-%C3%A0-la-vente-%C3%A0-ennakhil-palmeraie-surface-totale-74-m%C2%B2-salon-typique-marocain-r%C3%A9sidence-s%C3%A9curis%C3%A9e,Vente,Riad,Marrakech,Palmeraie,290 000 DH,290000,74m²,74,5 Pièces,3 Chambres,3 Salles de bains,"Terrasse, Vue sur les montagnes, Piscine, Concierge, Salon Marocain, Sécurité, Cuisine équipée","RIAD À VENDRE – MARRAKECH Un riad de charme, déjà en exploitation, idéal pour un investissement locatif rentable ou une résidence de caractère. Caractéristiques : * 74 m² au sol * 222 m² habitables * 3 chambres, chacune avec sa salle de bain privative * Cuisine ouverte sur un agréable patio * Piscine * Terrasse avec fontaine, offrant la possibilité d’installer un jacuzzi et un espace barbecue * Magnifique sur-terrasse avec vue dégagée sur la m...",https://www.mubawab-media.com/ad/8/374/378F/h/photo_00_82768245.avif,19,2026-09-30
8150675,Palmeraie Terrain de 3400m² pour villa,https://www.mubawab.ma/fr/a/8150675/palmeraie-terrain-de-3400m%C2%B2-pour-villa,Vente,Villa,Marrakech,Palmeraie,305 000 DH,305000,3400m²,3400,,,,,"***Palmeraie Terrain de 3400m² pour villa*** L'agence immobilière Vaneau Maroc vous propose à la vente ce terrain à deux pas de l'hôtel 'Ksar Char Bagh' situé une zone de protection de site totale, constituée par des espaces naturels qu'il convient de protéger en raison de la qualité des paysages et du caractère des Éléments naturels qui les composent. Toute construction y est interdite. Toutefois, de petites constructions basses de 3 m de haute...",https://www.mubawab-media.com/ad/8/150/675F/h/89a5b41c285676c37bd288529237bc49_80353986.avif,2,2026-09-30
8323439,Splendide villa à vendre à Amelkis,https://www.mubawab.ma/fr/pa/8323439/splendide-villa-%C3%A0-vendre-%C3%A0-amelkis,Vente,Villa,Marrakech,Palmeraie,310 000 DH,310000,423m²,423,6 Pièces,5 Chambres,6 Salles de bains,"Jardin, Terrasse, Piscine, Entre-seul, Chauffage central, Cuisine équipée","COLLECTION PRIVÉE — ATLAS GOLF RESORT, MARRAKECH 3 villas de standing semi-finies à personnaliser LE PROJET : YIC — Yemma Ingénierie & Conseil présente une collection exclusive de 3 villas de standing au sein de l’Atlas Golf Resort, Tranche 6, Km 5 Route de Fès, Palmeraie de Marrakech. LES 3 VILLAS : VILLA ALHAMBRA — Lot 220 Terrain : 401 m² Construit : 423 m² * Sous-sol complet 130 m² + RDC 127 m² + Étage 149 m² * 5 chambres dont 4 suit...",https://www.mubawab-media.com/ad/8/323/439F/h/WhatsApp%20Image%202026-03-27%20at%2016.52.37%20%283%29_82164911_82175000.avif,29,2026-09-30
8327116,Villa de luxe à vendre à Amelkis. Surface totale 423 m²,https://www.mubawab.ma/fr/pa/8327116/villa-de-luxe-%C3%A0-vendre-%C3%A0-amelkis-surface-totale-423-m%C2%B2,Vente,Villa,Marrakech,Palmeraie,310 000 DH,310000,423m²,423,8 Pièces,5 Chambres,6 Salles de bains,"Jardin, Terrasse, Garage, Vue sur les montagnes, Piscine, Chambre rangement, Entre-seul, Salon Marocain, Salon européen, Antenne parabolique, Chauffage central, Cuisine équipée","COLLECTION PRIVÉE — ATLAS GOLF RESORT, MARRAKECH 3 villas de standing semi-finies à personnaliser LE PROJET : YIC — Yemma Ingénierie & Conseil présente une collection exclusive de 3 villas de standing au sein de l’Atlas Golf Resort, Tranche 6, Km 5 Route de Fès, Palmeraie de Marrakech. LES 3 VILLAS : VILLA ALHAMBRA — Lot 220 Terrain : 401 m² Construit : 423 m² * Sous-sol complet 130 m² + RDC 127 m² + Étage 149 m² * 5 chambres dont 4 suit...",https://www.mubawab-media.com/ad/8/327/116F/h/WhatsApp%20Image%202026-03-27%20at%2016.52.37%20%281%29_82164912_82217535.avif,29,2026-09-30
8356003,Maison de haut standing à vendre à Amelkis. 5 belles chambre...,https://www.mubawab.ma/fr/pa/8356003/maison-de-haut-standing-%C3%A0-vendre-%C3%A0-amelkis-5-belles-chambres,Vente,Villa,Marrakech,Palmeraie,310 000 DH,310000,425m²,425,8 Pièces,5 Chambres,6 Salles de bains,,"COLLECTION PRIVÉE — ATLAS GOLF RESORT, MARRAKECH 3 villas de standing semi-finies à personnaliser LE PROJET : YIC — Yemma Ingénierie & Conseil présente une collection exclusive de 3 villas de standing au sein de l’Atlas Golf Resort, Tranche 6, Km 5 Route de Fès, Palmeraie de Marrakech. LES 3 VILLAS : VILLA ALHAMBRA — Lot 220 Terrain : 401 m² Construit : 423 m² * Sous-sol complet 130 m² + RDC 127 m² + Étage 149 m² * 5 chambres dont 4 suit...",https://www.mubawab-media.com/ad/8/356/003F/h/WhatsApp%20Image%202026-03-27%20at%2016.52.37_82164914_82528897.avif,29,2026-09-30
8322299,Magnifique villa à vendre à Amelkis. 5 belles chambres,https://www.mubawab.ma/fr/pa/8322299/magnifique-villa-%C3%A0-vendre-%C3%A0-amelkis-5-belles-chambres,Vente,Villa,Marrakech,Palmeraie,310 000 DH,310000,423m²,423,8 Pièces,5 Chambres,6 Salles de bains,,"COLLECTION PRIVÉE — ATLAS GOLF RESORT, MARRAKECH 3 villas de standing semi-finies à personnaliser LE PROJET : YIC — Yemma Ingénierie & Conseil présente une collection exclusive de 3 villas de standing au sein de l'Atlas Golf Resort, Tranche 6, Km 5 Route de Fès, Palmeraie de Marrakech. LES 3 VILLAS : VILLA ALHAMBRA — Lot 220 • Terrain : 401 m² Construit : 423 m² • Sous-sol complet 130 m² + RDC 127 m² + Étage 149 m² • 5 chambres dont 4 suites...",https://www.mubawab-media.com/ad/8/322/299F/h/WhatsApp%20Image%202026-03-27%20at%2016.52.37%20%283%29_82193980.avif,26,2026-09-30
8378421,Grand appartement en duplex de trois chambres à la Palmeraie,https://www.mubawab.ma/fr/a/8378421/grand-appartement-en-duplex-de-trois-chambres-%C3%A0-la-palmeraie,Vente,Duplex,Marrakech,Palmeraie,320 000 DH,320000,218m²,218,6 Pièces,3 Chambres,2 Salles de bains,"Jardin, Terrasse, Chambre rangement, Chauffage central, Sécurité, Double vitrage, Cuisine équipée","L'agence immobilière Vaneau Maroc vous propose à la vente ce charmant appartement-villa en duplex à rénover Idéalement situé dans un quartier calme et agréable. L'appartement se compose de 3 chambres spacieuses et de 2 salles de bains. Un double salon avec de grandes baies vitrées donnant sur le jardin, créant une atmosphère chaleureuse et lumineuse. Une cuisine où l'espace ne manque pas, agrémentée d'un cellier pratique et d'un espace pour l...",https://www.mubawab-media.com/ad/8/378/421F/h/4deeabd69c5a1c1f7a0e9f6cf639d309_67f8b1d403_1920-big_82816034.avif,33,2026-09-30
8322300,Magnifique villa à vendre à Amelkis. 5 belles chambres,https://www.mubawab.ma/fr/pa/8322300/magnifique-villa-%C3%A0-vendre-%C3%A0-amelkis-5-belles-chambres,Vente,Villa,Marrakech,Palmeraie,330 000 DH,330000,453m²,453,6 Pièces,5 Chambres,6 Salles de bains,,"COLLECTION PRIVÉE — ATLAS GOLF RESORT, MARRAKECH 3 villas de standing semi-finies à personnaliser LE PROJET : YIC — Yemma Ingénierie & Conseil présente une collection exclusive de 3 villas de standing au sein de l'Atlas Golf Resort, Tranche 6, Km 5 Route de Fès, Palmeraie de Marrakech. LES 3 VILLAS : VILLA ALHAMBRA — Lot 220 • Terrain : 401 m² Construit : 423 m² • Sous-sol complet 130 m² + RDC 127 m² + Étage 149 m² • 5 chambres dont 4 suites...",https://www.mubawab-media.com/ad/8/322/300F/h/WhatsApp%20Image%202026-03-27%20at%2016.52.37%20%282%29_82193406.avif,26,2026-09-30
8392012,Appartement rénové avec vaste terrasse Palmeraie,https://www.mubawab.ma/fr/a/8392012/appartement-r%C3%A9nov%C3%A9-avec-vaste-terrasse-palmeraie,Vente,Appartement,Marrakech,Palmeraie,350 000 DH,350000,130m²,130,3 Pièces,2 Chambres,2 Salles de bains,"Terrasse, Piscine, Meublé, Façade extérieure, Salon européen, Cheminée, Climatisation, Sécurité, Cuisine équipée, Réfrigérateur, Four, Machine à laver, Micro-ondes","ATLASIMMOBILIER vous propose, au sein d’une prestigieuse résidence sécurisée de la Palmeraie de Marrakech, ce superbe appartement entièrement rénové de 130 m², situé au premier étage. Caractéristiques principales : - Surface habitable de 130 m² - Vaste terrasse panoramique sans vis-à-vis - Séjour lumineux aux volumes généreux - Deux chambres - Deux salles de bains - Deux toilettes - Rénovation complète - Deux grandes piscines commune...",https://www.mubawab-media.com/ad/8/392/012F/h/marrakech-appartement-grande-terrasse-couverte-palmeraie_83118247.avif,17,2026-09-30
8378403,Superbe duplex à vendre dans le cœur de la Palmeraie,https://www.mubawab.ma/fr/a/8378403/superbe-duplex-%C3%A0-vendre-dans-le-c%C5%93ur-de-la-palmeraie,Vente,Duplex,Marrakech,Palmeraie,380 000 DH,380000,380m²,380,7 Pièces,3 Chambres,3 Salles de bains,"Jardin, Terrasse, Meublé, Sécurité, Cuisine équipée","MARRAKECH – PALMERAIE Superbe Duplex de Prestige – 380 m² – Entièrement Meublé Au cœur de la prestigieuse Palmeraie de Marrakech, découvrez ce magnifique duplex d’environ 380 m², niché au sein d’une résidence sécurisée de standing avec plusieurs grandes piscines et un environnement calme et privilégié. Bénéficiant d’une position en angle, ce bien offre une intimité exceptionnelle, sans aucun vis-à-vis, ainsi qu’un agréable jardin privatif acce...",https://www.mubawab-media.com/ad/8/378/403F/h/photo_00_82815758.avif,3,2026-09-30
8324704,Appartement cœur de la Palmeraie,https://www.mubawab.ma/fr/a/8324704/appartement-c%C5%93ur-de-la-palmeraie,Vente,Appartement,Marrakech,Palmeraie,380 000 DH,380000,115m²,115,4 Pièces,3 Chambres,1 Salle de bain,"Jardin, Terrasse, Garage, Piscine, Sécurité, Cuisine équipée","Appartement cœur de la Palmeraie vous propose à la vente ce bel appartement de 4 pièces en Rez de jardin situé au cœur de la Palmeraie, dans une résidence sécurisée et verdoyante. D’une superficie généreuse, il se compose d’un séjour lumineux, d’une cuisine équipée, de trois chambres dont une suite parentale, ainsi que de deux salles de bains. La terrasse offre une agréable vue sur les jardins de la résidence et ses espaces communs parfaitement...",https://www.mubawab-media.com/ad/8/324/704F/h/c62ffea8d5823acf5aa19b7def0976dd_82190920.avif,29,2026-09-30
8240730,Terrain de 200 m2 titré à construire à bab aylan,https://www.mubawab.ma/fr/a/8240730/terrain-de-200-m2-titr%C3%A9-%C3%A0-construire-%C3%A0-bab-aylan,Vente,Riad,Marrakech,Palmeraie,400 000 DH,400000,200m²,200,1 Pièce,1 Ch.,1 Salle de bain,Garage,Je met en vente mon terrain de 200 m2 titré situé à Bab Aylan Médina-Est à 15 minutes à pied de la place Jemma El Fnà et à 5 minutes en voiture de la Palmeraie et du Golf d'Amelkis. Le riad dispose d'un accès voiture à 300m d'un grand parking gardé à l'entrée du quartier. Les fondations ont été réalisées. Possibilité d'obtenir un permis de construire pour maison d'hôtes avec 7 à 10 chambres,https://www.mubawab-media.com/ad/8/240/730F/h/WhatsApp%20Image%202025-10-24%20at%2015.41.11_81290287.avif,2,2026-09-30
8413000,Villa de haut standing à vendre à Ennakhil Palmeraie. 4 bell...,https://www.mubawab.ma/fr/a/8413000/villa-de-haut-standing-%C3%A0-vendre-%C3%A0-ennakhil-palmeraie-4-belles-chambres-bien-meubl%C3%A9,Vente,Villa,Marrakech,Palmeraie,420 000 DH,420000,380m²,380,13 Pièces,4 Chambres,5 Salles de bains,"Vue sur les montagnes, Piscine, Chambre rangement, Meublé, Salon européen, Climatisation, Sécurité, Cuisine équipée, Réfrigérateur, Four, Micro-ondes","Cette propriété exceptionnelle , au cœur de la Palmeraie de Marrakech, se présente comme une villa luxueuse, construite il y a seulement 3 ans. S'étendant sur une vaste parcelle de 1500 m², la villa offre une surface habitable généreuse de 280 m². Dès l'entrée, on est accueilli par des sols en marbre qui confèrent une sensation de grandeur et de sophistication. Les espaces de vie sont lumineux et spacieux, notamment le salon européen qui est par...",https://www.mubawab-media.com/ad/8/413/000F/h/b55b81d6-55a4-4252-ad2c-221025a3b2b4_83190950.avif,21,2026-09-30
8256466,Villa d’exception 3 Suites & Piscine Privée VNA,https://www.mubawab.ma/fr/a/8256466/villa-d%E2%80%99exception-3-suites-piscine-priv%C3%A9e-vna,Vente,Villa,Marrakech,Palmeraie,490 000 DH,490000,338m²,338,5 Pièces,3 Chambres,3 Salles de bains,"Terrasse, Piscine, Concierge, Chambre rangement, Meublé, Salon européen, Antenne parabolique, Cheminée, Climatisation, Sécurité, Double vitrage, Cuisine équipée, Réfrigérateur, Four, Machine à laver, Micro-ondes","Derrière les portes d’un domaine sécurisé et confidentiel de la Palmeraie, cette villa entièrement rénovée dévoile une atmosphère rare — faite de lumière et d’élégance discrète. Au centre, un patio intime abrite une piscine privée sans vis-à-vis. Le murmure de l’eau accompagne les journées ensoleillées, tandis que les espaces intérieurs s’ouvrent naturellement vers l’extérieur dans une parfaite harmonie. Le salon, baigné de lumière, s’anime...",https://www.mubawab-media.com/ad/8/256/466F/h/DSC_7116%20copy_81452188.avif,19,2026-09-30
8393487,Palmeraie Villa Riad 3chambres piscine,https://www.mubawab.ma/fr/a/8393487/palmeraie-villa-riad-3chambres-piscine,Vente,Riad,Marrakech,Palmeraie,490 000 DH,490000,338m²,338,5 Pièces,3 Chambres,3 Salles de bains,"Terrasse, Garage, Piscine, Meublé, Salon européen, Cheminée, Climatisation, Cuisine équipée, Réfrigérateur, Four, Machine à laver, Micro-ondes","Au cœur de la Palmeraie, au sein d'une résidence privée sécurisée avec conciergerie, cette élégante villa-riad de trois suites offre un concept rare : le confort d'une villa associé au charme authentique d'un riad marocain. Organisée autour d'un magnifique patio avec piscine privée, véritable cœur de la maison, elle bénéficie d'une belle luminosité et d'une parfaite intimité. Les espaces de vie comprennent un vaste salon avec cheminée, un salon b...",https://www.mubawab-media.com/ad/8/393/487F/h/Picture-87252101-1-watermark_82980479.avif,19,2026-09-30
8314370,Villa contemporaine vue sur l'atlas Palmerie,https://www.mubawab.ma/fr/a/8314370/villa-contemporaine-vue-sur-l-atlas-palmerie,Vente,Villa,Marrakech,Palmeraie,500 000 DH,500000,250m²,250,5 Pièces,3 Chambres,3 Salles de bains,"Jardin, Terrasse, Piscine, Cheminée, Sécurité, Cuisine équipée","Située au cœur de la prestigieuse Palmeraie de Marrakech, à seulement quelques minutes du centre de Marrakech, cette élégante villa contemporaine entièrement rénovée offre un cadre de vie paisible au sein d’une résidence sécurisée et verdoyante. D’une surface habitable d’environ 250 m², la propriété s’ouvre sur un agréable jardin-terrasse d’environ 150 m² agrémenté d’une grande piscine privée (10 m x 3,5 m), idéale pour profiter pleinement du cl...",https://www.mubawab-media.com/ad/8/314/370F/h/Image02_82083369.avif,30,2026-09-30
8410021,Appartement RDC 300 m² Circuit de la Palmeraie Jardin privat...,https://www.mubawab.ma/fr/a/8410021/appartement-rdc-300-m%C2%B2-circuit-de-la-palmeraie-jardin-privatif-,Vente,Villa,Marrakech,Palmeraie,700 000 DH,700000,300m²,300,5 Pièces,3 Chambres,4 Salles de bains,"Jardin, Terrasse, Garage, Vue sur mer, Piscine, Concierge, Meublé, Salon Marocain, Salon européen, Antenne parabolique, Cheminée, Climatisation, Chauffage central, Sécurité, Double vitrage, Porte blindée, Cuisine équipée, Réfrigérateur, Four, Machine à laver, Micro-ondes","A la vente superbe appartement dans une résidence haut de gamme ( Off Market à visiter) Points forts • Volumes rares pour un appartement à Marrakech • Rez-de-chaussée avec jardin privatif : les avantages d’une villa, sans les contraintes d’entretien • Une salle de bain par chambre : configuration idéale pour recevoir ou pour la location saisonnière • Emplacement recherché sur le circuit de la Palmeraie, à quelques minutes du Rotana • Charg...",https://www.mubawab-media.com/ad/8/410/021F/h/photo_00_83158212.avif,11,2026-09-30
8287684,Terrain à acheter à Ennakhil Palmeraie. Surface de 102 m²,https://www.mubawab.ma/fr/a/8287684/terrain-%C3%A0-acheter-%C3%A0-ennakhil-palmeraie-surface-de-102-m%C2%B2,Vente,Terrain,Marrakech,Palmeraie,750 000 DH,750000,102m²,102,,,,,"Belle affaire pour ce terrain à vendre. Prix 750 000 DH. Superficie 102 m². Ce terrain est proposé à la vente à Ennakhil (Palmeraie), Marrakech",https://www.mubawab-media.com/ad/8/287/684F/h/photo_0_81797877.avif,3,2026-09-30
8356318,Villa Deluxe Premium 4 suites & piscine privée VNA,https://www.mubawab.ma/fr/a/8356318/villa-deluxe-premium-4-suites-piscine-priv%C3%A9e-vna,Vente,Villa,Marrakech,Palmeraie,830 000 DH,830000,570m²,570,6 Pièces,4 Chambres,4 Salles de bains,"Jardin, Terrasse, Piscine, Concierge, Chambre rangement, Meublé, Salon Marocain, Salon européen, Cheminée, Climatisation, Sécurité, Cuisine équipée, Réfrigérateur, Four, Machine à laver, Micro-ondes","Villa Deluxe Premium, Palmeraie Ouest, à 8 km seulement du centre-ville Depuis 16 ans, la Résidence Dar Lamia s'est construite une réputation dans la Palmeraie Ouest de Marrakech : une résidence touristique et hôtelière avec spa, sécurisée jour et nuit, où plusieurs villas privées habitées à l'année cohabitent avec les prestations d'une maison d'hôtes de charme. Cette villa de 579 m² se compose de quatre suites généreuses, chacune pensée pour l...",https://www.mubawab-media.com/ad/8/356/318F/h/DSC_8235_82532323.avif,23,2026-09-30
8376759,"Villa spacieuse avec piscine, Palmeraie",https://www.mubawab.ma/fr/a/8376759/villa-spacieuse-avec-piscine-palmeraie,Vente,Villa,Marrakech,Palmeraie,850 000 DH,850000,190m²,190,5 Pièces,4 Chambres,2 Salles de bains,"Jardin, Terrasse, Piscine, Sécurité, Cuisine équipée","Située dans une résidence fermée et sécurisée au cœur de la Palmeraie, cette magnifique villa bénéficie d’un emplacement privilégié, en face de l’Hôtel du Golf, dans un environnement calme et résidentiel. Édifiée sur un terrain de 1 400 m², elle offre une surface habitable d’environ 190 m², avec piscine privée et jardin paysager. Caractéristiques : • Terrain : 1 400 m² • Surface habitable : 190 m² • Piscine privée (4x8 m) ...",https://www.mubawab-media.com/ad/8/376/759F/h/6_82797507.avif,12,2026-09-30
8242537,Green View Resort: appartement 1 chambre de 36 m² à Marrakec...,https://www.mubawab.ma/fr/pa/8242537/green-view-resort-appartement-1-chambre-de-36-m%C2%B2-%C3%A0-marrakech,Vente,Appartement,Marrakech,Palmeraie,864 000 DH,864000,36m²,36,2 Pièces,1 Ch.,1 Salle de bain,"Garage, Ascenseur, Piscine, Concierge, Climatisation, Chauffage central, Sécurité, Double vitrage, Cuisine équipée, Four","GREEN VIEW RESORT, aux portes de la Palmeraie, Marrakech. Appartement de 36 m², 1 chambre, 1 salle de bains, 2 pièces, avec place de parking. Prix : 864 000 DH, soit 24 000 DH le m². Plan de paiement : 50 % à la réservation, 25 % à la fin du gros œuvre, 25 % à la remise des clés. Fonds sécurisés sur un compte séquestre ouvert à la Caisse de Dépôt et de Gestion : vous ne virez jamais directement au promoteur. Livraison prévue en décembre...",https://www.mubawab-media.com/ad/8/242/537F/h/greenview_06_p20_83198826.avif,10,2026-09-30
8028413,Strategic Palmeraie Building Land Sale Marrakech,https://www.mubawab.ma/fr/a/8028413/strategic-palmeraie-building-land-sale-marrakech,Vente,Autre,Marrakech,Palmeraie,900 000 DH,900000,10410m²,10410,,,,,"Strategic Palmeraie Building Land For Sale Marrakech. Just 600m from Marrakech Medina with two facades. The land is easily visible from the busy main Medina to Casablanca road, yet in the Palm Grove, making it a very strategic location. With freehold title and a surface area of 10’410m2, this could be the perfect space for you to develop a boutique hotel or maybe a restaurant. In fact it is such a good location that your project will fit here. Pa...",https://www.mubawab-media.com/ad/8/028/413F/h/bosworthpropertymarrakech-2-of-16_79143336.avif,6,2026-09-30
8242540,"Green View Resort: appartement 1 chambre de 40 m², Route de...",https://www.mubawab.ma/fr/pa/8242540/green-view-resort-appartement-1-chambre-de-40-m%C2%B2-route-de-casablanca,Vente,Appartement,Marrakech,Palmeraie,960 000 DH,960000,40m²,40,2 Pièces,1 Ch.,1 Salle de bain,"Garage, Ascenseur, Piscine, Climatisation, Chauffage central, Sécurité, Double vitrage, Cuisine équipée, Four","GREEN VIEW RESORT, aux portes de la Palmeraie, Marrakech. Appartement de 40 m², 1 chambre, 1 salle de bains, 2 pièces, avec place de parking. Prix : 960 000 DH, soit 24 000 DH le m². Plan de paiement : 50 % à la réservation, 25 % à la fin du gros œuvre, 25 % à la remise des clés. Fonds sécurisés sur un compte séquestre ouvert à la Caisse de Dépôt et de Gestion : vous ne virez jamais directement au promoteur. Livraison prévue en décembre...",https://www.mubawab-media.com/ad/8/242/540F/h/greenview_06_p20_83198863.avif,10,2026-09-30
8334791,Terrain titre 12000 m²,https://www.mubawab.ma/fr/a/8334791/terrain-titre-12000-m%C2%B2,Vente,Terrain,Marrakech,Palmeraie,980 000 DH,980000,12000m²,12000,,,,,Votre agence Espace Home Immobilier vous propose ce terrain titre et constructible proche Hotel Barcelo Palmeraie. Un permis de construire a été accepté et un sous sol de 1000 m² a déjà été realisé. Venez découvrir ce terrain dans un cadre magnifique pour votre projet de construction. Pour tout complément d'information,https://www.mubawab-media.com/ad/8/334/791F/h/VUE%20TERRAIN_82297805.avif,1,2026-09-30
8359860,Terrain SD1 à vendre – Palmeraie,https://www.mubawab.ma/fr/a/8359860/terrain-sd1-%C3%A0-vendre-%E2%80%93-palmeraie,Vente,Villa,Marrakech,Palmeraie,1 000 000 DH,1000000,10410m²,10410,,,,,"Terrain SD1 à vendre – Palmeraie Situé au cœur de la prestigieuse Palmeraie de Marrakech, ce terrain titré d'une superficie de 10 410 m² bénéficie d'un emplacement privilégié dans un environnement résidentiel exclusif, entouré de villas de standing et de vastes espaces verdoyants. Classé en zone SD1, ce foncier offre un excellent potentiel pour la réalisation d'une propriété de prestige répondant aux normes urbanistiques en vigueur dans la Palm...",https://www.mubawab-media.com/ad/8/359/860F/h/c3c05b11-fe2b-42d7-a253-a9a99b0ee441_82571221.avif,1,2026-09-30
8347598,Appartement avec terrasse à la palmeraie,https://www.mubawab.ma/fr/a/8347598/appartement-avec-terrasse-%C3%A0-la-palmeraie,Vente,Appartement,Marrakech,Palmeraie,1 020 000 DH,1020000,83m²,83,3 Pièces,1 Ch.,1 Salle de bain,"Terrasse, Piscine, Sécurité, Cuisine équipée","À vendre, appartement dans une résidence sécurisée avec piscine d'une surface de 53 m² et 30m² de terrasse situé au rez-de-chaussée dans le secteur prisé de la Palmeraie . Idéal pour une résidence secondaire, cet appartement est composé d'une chambre, une sdb, un salon, une cuisine équipée et une grande terrasse dans un environnement calme et verdoyant",https://www.mubawab-media.com/ad/8/347/598F/h/WhatsApp%20Image%202026-05-06%20at%2014.18.09%20%281%29_82435128.avif,11,2026-09-30
8223399,Résidences Privée & Exclusive R3,https://www.mubawab.ma/fr/a/8223399/r%C3%A9sidences-priv%C3%A9e-exclusive-r3,Vente,Autre,Marrakech,Palmeraie,1 026 000 DH,1026000,54m²,54,2 Pièces,1 Ch.,1 Salle de bain,"Terrasse, Garage, Ascenseur, Vue sur les montagnes, Piscine, Concierge, Salon européen, Climatisation, Sécurité, Double vitrage, Cuisine équipée, Four","Présentation générale du projet Le projet est un programme immobilier conçu pour un usage résidentiel et locatif. Il intègre des services destinés à faciliter l’exploitation des biens, notamment dans le cadre de la location meublée et de la gestion en conciergerie. Localisation Le projet est situé à environ 11 minutes du centre-ville, sur un axe principal. Il se trouve à proximité de la Palmeraie et du quartier Majorelle. Cette localisation perme...",https://www.mubawab-media.com/ad/8/223/399F/h/WhatsApp%20Image%202026-01-12%20at%2020.09.37_81798354.avif,6,2026-09-30
8242541,"Appartement 1 chambre de 44 m² à Green View Resort, Marrakec...",https://www.mubawab.ma/fr/pa/8242541/appartement-1-chambre-de-44-m%C2%B2-%C3%A0-green-view-resort-marrakech,Vente,Appartement,Marrakech,Palmeraie,1 056 000 DH,1056000,44m²,44,2 Pièces,1 Ch.,1 Salle de bain,"Garage, Ascenseur, Piscine, Concierge, Climatisation, Chauffage central, Sécurité, Double vitrage, Cuisine équipée, Four","GREEN VIEW RESORT, aux portes de la Palmeraie, Marrakech. Appartement de 44 m², 1 chambre, 1 salle de bains, 2 pièces, avec place de parking. Prix : 1 056 000 DH, soit 24 000 DH le m². Plan de paiement : 50 % à la réservation, 25 % à la fin du gros œuvre, 25 % à la remise des clés. Fonds sécurisés sur un compte séquestre ouvert à la Caisse de Dépôt et de Gestion : vous ne virez jamais directement au promoteur. Livraison prévue en décembr...",https://www.mubawab-media.com/ad/8/242/541F/h/greenview_06_p20_83198883.avif,10,2026-09-30
8124229,Beau terrain à la vente à Ennakhil Palmeraie. Superficie 322...,https://www.mubawab.ma/fr/a/8124229/beau-terrain-%C3%A0-la-vente-%C3%A0-ennakhil-palmeraie-superficie-322-m%C2%B2,Vente,Terrain,Marrakech,Palmeraie,1 060 000 DH,1060000,322m²,322,,,,,"Belle affaire pour ce terrain à vendre. Superficie 322 m². Ce terrain est proposé à la vente à Ouahat Sidi Brahim (Palmeraie), Marrakech. Prix de vente : 1 060 000 Dhs Commission agence: 2,5 % HT N’hésitez pas à nous contacter pour plus d’informations",https://www.mubawab-media.com/ad/8/124/229F/h/photo_0_80089294.avif,1,2026-09-30
8362819,Appartement avec piscine Vue palmeraie,https://www.mubawab.ma/fr/a/8362819/appartement-avec-piscine-vue-palmeraie,Vente,Appartement,Marrakech,Palmeraie,1 100 000 DH,1100000,83m²,83,3 Pièces,2 Chambres,1 Salle de bain,"Terrasse, Ascenseur, Vue sur les montagnes, Piscine, Concierge, Chambre rangement, Meublé, Salon Marocain, Salon européen, Antenne parabolique, Climatisation, Sécurité, Double vitrage, Cuisine équipée, Réfrigérateur, Four, Machine à laver, Micro-ondes","Situé sur la route de Fez, près du Mac Do, dans un environnement calme et verdoyant, ce magnifique appartement meublé vous séduira par sa vue dégagée sur la Palmeraie de Marrakech et son cadre de vie privilégié. Proche de la médina (bab lakhmis), de nombreux commerces sont à proximité. Un véritable havre de paix au coeur de Marrakech, offrant confort, luminosité et un panorama unique sur la palmeraie. L'appartement se situe au 3ème et dernier éta...",https://www.mubawab-media.com/ad/8/362/819F/h/IMG-20260610-WA0004_82603172.avif,19,2026-09-30
8322811,Investissez à Sport City: terrain de 139 m² à fort potentiel,https://www.mubawab.ma/fr/a/8322811/investissez-%C3%A0-sport-city-terrain-de-139-m%C2%B2-%C3%A0-fort-potentiel,Vente,Terrain,Marrakech,Palmeraie,1 100 000 DH,1100000,139m²,139,,,,,"Achetez votre terrain. Prix 1 100 000 DH. Surface du bien : 139 m². Terrain à découvrir à Ennakhil (Palmeraie), Marrakech",https://www.mubawab-media.com/ad/8/322/811F/h/photo_0_82169056.avif,6,2026-09-30
8242542,"Green View Resort: 46 m², 1 chambre, aux portes de la Palmer...",https://www.mubawab.ma/fr/pa/8242542/green-view-resort-46-m%C2%B2-1-chambre-aux-portes-de-la-palmeraie,Vente,Appartement,Marrakech,Palmeraie,1 104 000 DH,1104000,46m²,46,2 Pièces,1 Ch.,1 Salle de bain,"Garage, Ascenseur, Piscine, Concierge, Climatisation, Chauffage central, Sécurité, Double vitrage, Cuisine équipée, Four","GREEN VIEW RESORT, aux portes de la Palmeraie, Marrakech. Appartement de 46 m², 1 chambre, 1 salle de bains, 2 pièces, avec place de parking. Prix : 1 104 000 DH, soit 24 000 DH le m². Plan de paiement : 50 % à la réservation, 25 % à la fin du gros œuvre, 25 % à la remise des clés. Fonds sécurisés sur un compte séquestre ouvert à la Caisse de Dépôt et de Gestion : vous ne virez jamais directement au promoteur. Livraison prévue en décembr...",https://www.mubawab-media.com/ad/8/242/542F/h/greenview_06_p20_83198891.avif,10,2026-09-30
8242623,Green View Resort: appartement 1 chambre de 47 m² à Marrakec...,https://www.mubawab.ma/fr/pa/8242623/green-view-resort-appartement-1-chambre-de-47-m%C2%B2-%C3%A0-marrakech,Vente,Appartement,Marrakech,Palmeraie,1 128 000 DH,1128000,47m²,47,2 Pièces,1 Ch.,1 Salle de bain,"Garage, Ascenseur, Piscine, Concierge, Climatisation, Chauffage central, Sécurité, Double vitrage, Cuisine équipée, Four","GREEN VIEW RESORT, aux portes de la Palmeraie, Marrakech. Appartement de 47 m², 1 chambre, 1 salle de bains, 2 pièces, avec place de parking. Prix : 1 128 000 DH, soit 24 000 DH le m². Plan de paiement : 50 % à la réservation, 25 % à la fin du gros œuvre, 25 % à la remise des clés. Fonds sécurisés sur un compte séquestre ouvert à la Caisse de Dépôt et de Gestion : vous ne virez jamais directement au promoteur. Livraison prévue en décembr...",https://www.mubawab-media.com/ad/8/242/623F/h/greenview_06_p20_83198916.avif,10,2026-09-30
7869023,Bel Appartement À Vendre À La Palmeraie,https://www.mubawab.ma/fr/a/7869023/bel-appartement-%C3%A0-vendre-%C3%A0-la-palmeraie,Vente,Appartement,Marrakech,Palmeraie,1 150 000 DH,1150000,70m²,70,5 Pièces,1 Ch.,2 Salles de bains,"Jardin, Terrasse, Garage, Ascenseur, Vue sur les montagnes, Piscine, Concierge, Meublé, Façade extérieure, Salon Marocain, Salon européen, Antenne parabolique, Cheminée, Climatisation, Sécurité, Double vitrage, Porte blindée, Cuisine équipée, Réfrigérateur, Four, Machine à laver, Micro-ondes","inmarrakechimmo.com propose un appartement meublé à vendre , d’une superficie de 70 m² situé au premier étage dans le quartier de la Palmeraie. L’appartement se trouve dans une résidence fermée et sécurisée avec barrières, parking, piscines et des terrains de sport. l’appartement il se compose : – Une chambre avec salle de bain intégrée (avec baignoire) – Un salon spacieux avec salle à manger – Une cuisine américaine – Une toilette sép...",https://www.mubawab-media.com/ad/7/869/023F/h/WhatsApp%20Image%202024-02-21%20%C3%A0%2016.35.10_8c878e26_68480330.avif,12,2026-09-30
8242624,"Appartement 1 chambre de 48 m², résidence Green View Resort...",https://www.mubawab.ma/fr/pa/8242624/appartement-1-chambre-de-48-m%C2%B2-r%C3%A9sidence-green-view-resort-marrakech,Vente,Appartement,Marrakech,Palmeraie,1 152 000 DH,1152000,48m²,48,2 Pièces,1 Ch.,1 Salle de bain,"Garage, Ascenseur, Piscine, Concierge, Climatisation, Chauffage central, Sécurité, Double vitrage, Cuisine équipée, Four","GREEN VIEW RESORT, aux portes de la Palmeraie, Marrakech. Appartement de 48 m², 1 chambre, 1 salle de bains, 2 pièces, avec place de parking. Prix : 1 152 000 DH, soit 24 000 DH le m². Plan de paiement : 50 % à la réservation, 25 % à la fin du gros œuvre, 25 % à la remise des clés. Fonds sécurisés sur un compte séquestre ouvert à la Caisse de Dépôt et de Gestion : vous ne virez jamais directement au promoteur. Livraison prévue en décembr...",https://www.mubawab-media.com/ad/8/242/624F/h/greenview_06_p20_83198924.avif,10,2026-09-30
8242625,"Green View Resort: 50 m² avec 1 chambre, Route de Casablanca",https://www.mubawab.ma/fr/pa/8242625/green-view-resort-50-m%C2%B2-avec-1-chambre-route-de-casablanca,Vente,Appartement,Marrakech,Palmeraie,1 200 000 DH,1200000,50m²,50,2 Pièces,1 Ch.,1 Salle de bain,"Garage, Ascenseur, Piscine, Concierge, Climatisation, Chauffage central, Sécurité, Double vitrage, Cuisine équipée, Four","GREEN VIEW RESORT, aux portes de la Palmeraie, Marrakech. Appartement de 50 m², 1 chambre, 1 salle de bains, 2 pièces, avec place de parking. Prix : 1 200 000 DH, soit 24 000 DH le m². Plan de paiement : 50 % à la réservation, 25 % à la fin du gros œuvre, 25 % à la remise des clés. Fonds sécurisés sur un compte séquestre ouvert à la Caisse de Dépôt et de Gestion : vous ne virez jamais directement au promoteur. Livraison prévue en décembr...",https://www.mubawab-media.com/ad/8/242/625F/h/greenview_06_p20_83198945.avif,10,2026-09-30
8368994,Vente bel APT meublé ac piscine à la palmeraie,https://www.mubawab.ma/fr/a/8368994/vente-bel-apt-meubl%C3%A9-ac-piscine-%C3%A0-la-palmeraie,Vente,Appartement,Marrakech,Palmeraie,1 200 000 DH,1200000,85m²,85,3 Pièces,2 Chambres,1 Salle de bain,"Jardin, Terrasse, Ascenseur, Piscine, Concierge, Meublé, Façade extérieure, Salon Marocain, Antenne parabolique, Climatisation, Sécurité, Double vitrage, Cuisine équipée, Réfrigérateur, Four, Machine à laver, Micro-ondes","Ref:033S/026 Appartement meublé avec piscine Vue palmeraie Situé sur la route de Fez, près du Mac Do, dans un environnement calme et verdoyant, ce magnifique appartement meublé vous séduira par sa vue dégagée sur la Palmeraie de Marrakech et son cadre de vie privilégié. Proche de la médina (bab lakhmis), de nombreux commerces sont à proximité. Un véritable havre de paix au coeur de Marrakech, offrant confort, luminosité et un panorama unique sur...",https://www.mubawab-media.com/ad/8/368/994F/h/374099_82710027.avif,15,2026-09-30
8343171,Villa rÃnovÃe au cÅ“ur de la Palmeraie,https://www.mubawab.ma/fr/a/8343171/villa-r%C3%A3nov%C3%A3e-au-c%C3%A5%E2%80%9Cur-de-la-palmeraie,Vente,Villa,Marrakech,Palmeraie,1 200 000 DH,1200000,400m²,400,6 Pièces,4 Chambres,1 Salle de bain,"Jardin, Terrasse, Piscine, Sécurité","****Villa rénovée au cœur de la Palmeraie*** Vaneau MAROC vous propose à la vente une belle villa de charme située au cœur de la Palmeraie de Marrakech au sein d’une résidence sécurisée prisée, cette propriété édifiée sur un terrain arboré de 2700 m² développe 400 m² habitables et offre de beaux volumes de réception, elle se compose d’un salon lumineux, de 4 chambres avec 5 salles de bains, ainsi que de plusieurs terrasses au 1er étage avec un ja...",https://www.mubawab-media.com/ad/8/343/171F/h/a956a34f9d00efa893cee6861dc70bed_82387983.avif,21,2026-09-30
8242626,"Appartement 1 chambre de 51 m² à Green View Resort, Marrakec...",https://www.mubawab.ma/fr/pa/8242626/appartement-1-chambre-de-51-m%C2%B2-%C3%A0-green-view-resort-marrakech,Vente,Appartement,Marrakech,Palmeraie,1 224 000 DH,1224000,51m²,51,2 Pièces,1 Ch.,1 Salle de bain,"Garage, Ascenseur, Piscine, Concierge, Climatisation, Chauffage central, Sécurité, Double vitrage, Cuisine équipée, Four","GREEN VIEW RESORT, aux portes de la Palmeraie, Marrakech. Appartement de 51 m², 1 chambre, 1 salle de bains, 2 pièces, avec place de parking. Prix : 1 224 000 DH, soit 24 000 DH le m². Plan de paiement : 50 % à la réservation, 25 % à la fin du gros œuvre, 25 % à la remise des clés. Fonds sécurisés sur un compte séquestre ouvert à la Caisse de Dépôt et de Gestion : vous ne virez jamais directement au promoteur. Livraison prévue en décembr...",https://www.mubawab-media.com/ad/8/242/626F/h/greenview_06_p20_83198970.avif,10,2026-09-30
8368510,Villa privée sur le Circuit de la Palmeraie,https://www.mubawab.ma/fr/a/8368510/villa-priv%C3%A9e-sur-le-circuit-de-la-palmeraie,Vente,Villa,Marrakech,Palmeraie,1 250 000 DH,1250000,450m²,450,6 Pièces,5 Chambres,5 Salles de bains,"Jardin, Terrasse, Piscine, Chambre rangement, Meublé, Salon européen, Antenne parabolique, Cheminée, Climatisation, Sécurité, Cuisine équipée, Réfrigérateur, Four, Machine à laver, Micro-ondes","ATLASIMMOBILIER vous propose cette villa située au sein du prestigieux Circuit de la Palmeraie, dans une résidence privée très appréciée de Marrakech. Cette propriété individuelle partiellement meublée offre un cadre de vie privilégié, alliant élégance, intimité et qualité de vie dans l’un des secteurs les plus recherchés de la ville. Un intérieur spacieux et raffiné La villa développe environ 450 m² habitables et bénéficie de généreux espaces...",https://www.mubawab-media.com/ad/8/368/510F/h/marrakech-palmeraie-facade-villa-prestige-piscine-privee_82704111.avif,23,2026-09-30
8369417,Appartement à vendre à la palmeraie résidence avec piscine,https://www.mubawab.ma/fr/a/8369417/appartement-%C3%A0-vendre-%C3%A0-la-palmeraie-r%C3%A9sidence-avec-piscine,Vente,Appartement,Marrakech,Palmeraie,1 250 000 DH,1250000,70m²,70,2 Pièces,1 Ch.,2 Salles de bains,"Jardin, Terrasse, Garage, Ascenseur, Piscine, Concierge, Meublé, Façade extérieure, Salon européen, Antenne parabolique, Climatisation, Chauffage central, Sécurité, Cuisine équipée, Réfrigérateur, Four, Machine à laver, Micro-ondes","Cet appartement à vendre est situé dans le prestigieux quartier de la Palmeraie, sur la Route de Casablanca à Marrakech. Offrant une superficie généreuse de 70 m², ce bien séduit par son environnement verdoyant et ses équipements de qualité. Le complexe propose de magnifiques espaces extérieurs, incluant des piscines adaptées aux familles, des toboggans aquatiques et des espaces de jeux pour enfants, parfaits pour se détendre et s'amuser. Un jard...",https://www.mubawab-media.com/ad/8/369/417F/h/photo_0_82714261.avif,13,2026-09-30
8347798,Marrakech I Palmeraie,https://www.mubawab.ma/fr/a/8347798/marrakech-i-palmeraie,Vente,Villa,Marrakech,Palmeraie,1 250 000 DH,1250000,350m²,350,4 Pièces,4 Chambres,4 Salles de bains,"Jardin, Terrasse, Garage, Piscine, Meublé, Climatisation, Sécurité, Cuisine équipée, Réfrigérateur, Four, Micro-ondes","À seulement quelques minutes du centre-ville de Marrakech, au sein d'un domaine privé sécurisé au cœur de la Palmeraie, charmante villa d'inspiration orientale de 350 m² habitables, édifiée sur un magnifique terrain arboré de 2.700 m². La propriété se compose, au rez-de-chaussée, d'une agréable réception ouverte sur le jardin et la piscine, prolongée par une belle terrasse couverte, d'une salle à manger, d'une cuisine entièrement équipée ainsi q...",https://www.mubawab-media.com/ad/8/347/798F/h/1_82440563.avif,17,2026-09-30
8361321,Appartement à Palmeraie avec Piscine,https://www.mubawab.ma/fr/a/8361321/appartement-%C3%A0-palmeraie-avec-piscine,Vente,Appartement,Marrakech,Palmeraie,1 250 000 DH,1250000,47m²,47,2 Pièces,1 Ch.,1 Salle de bain,"Terrasse, Garage, Ascenseur, Piscine, Concierge, Climatisation, Sécurité, Double vitrage, Cuisine équipée","Appartements de prestige à vendre à la Palmeraie de Marrakech — résidence avec services hôteliers Vous présente une opportunité d'exception au cœur de la Palmeraie de Marrakech, l'adresse la plus exclusive de la ville. Cette résidence haut de gamme propose des appartements contemporains alliant raffinement architectural, luminosité naturelle et vues imprenables sur les palmiers centenaires et les sommets de l'Atlas. Des appartements d'excep...",https://www.mubawab-media.com/ad/8/361/321F/h/PHOTO-2026-06-08-13-45-07%202_82587021.avif,21,2026-09-30
8324708,Villa Palmeraie dans résidence sécurisée,https://www.mubawab.ma/fr/a/8324708/villa-palmeraie-dans-r%C3%A9sidence-s%C3%A9curis%C3%A9e,Vente,Villa,Marrakech,Palmeraie,1 250 000 DH,1250000,330m²,330,7 Pièces,5 Chambres,4 Salles de bains,"Jardin, Terrasse, Piscine, Sécurité","Villa Palmeraie dans résidence sécurisée Vaneau MAROC vous propose à la vente une belle villa de charme située au cœur de la Palmeraie de Marrakech au sein d’une résidence sécurisée prisée, cette propriété édifiée sur un terrain arboré de 1174 m² développe 300 m² habitables et offre de beaux volumes de réception, elle se compose d’un salon lumineux, de 5 chambres avec 4 salles de bains, ainsi que de plusieurs terrasses permettant de profiter ple...",https://www.mubawab-media.com/ad/8/324/708F/h/0ffefe8df5987abeff5390b777bd7a16_82191010.avif,32,2026-09-30
8345545,Top affaire vente lots à la palmeraie titrés Livrables de su...,https://www.mubawab.ma/fr/a/8345545/top-affaire-vente-lots-%C3%A0-la-palmeraie-titr%C3%A9s-livrables-de-suite,Vente,Villa,Marrakech,Palmeraie,1 280 000 DH,1280000,250m²,250,,,,,"Opportunité rare d’investissement dans le secteur prisé de la Palmeraie. Nous vous proposons plusieurs lots de terrain titrés, idéalement situés, parfaits pour la construction de villas ou projets résidentiels haut de gamme. Proximité golf super marché hôtels restaurants Superficie à partir de 250 m² a 300 m Lots livrables immédiatement Titres fonciers disponibles Environnement calme, sécurisé et verdoyant Accès facile et proximité des com...",https://www.mubawab-media.com/ad/8/345/545F/h/IMG_0415_82677772.avif,1,2026-09-30
8368799,Sompteuse villa nichée au coeur de la Palmeraie,https://www.mubawab.ma/fr/a/8368799/sompteuse-villa-nich%C3%A9e-au-coeur-de-la-palmeraie,Vente,Villa,Marrakech,Palmeraie,1 300 000 DH,1300000,650m²,650,8 Pièces,6 Chambres,5 Salles de bains,"Jardin, Garage, Vue sur les montagnes, Piscine, Concierge, Meublé, Cheminée, Chauffage central, Sécurité, Double vitrage, Cuisine équipée","VANEAU Maroc, vous propose une somptueuse villa nichée au cœur de la palmeraie, d'une superficie habitable de 650m2, composée de 5 suites, chacune dotée de sa propre salle de bains, deux suites sont en rez-de-chaussée, et les trois autres se trouvent à l'étage. Un vaste salon composé d'une partie contemporaine agrémentée d'une cheminée, et d'une autre partie aux accents marocains. La cuisine spacieuse, équipée d'un îlot central, offre des insta...",https://www.mubawab-media.com/ad/8/368/799F/h/40879e039a2e7cd5102e8a2e1817493f_82707468.avif,33,2026-09-30
8214403,Villa à vendre type riad dans la palmeraie marrakech,https://www.mubawab.ma/fr/a/8214403/villa-%C3%A0-vendre-type-riad-dans-la-palmeraie-marrakech,Vente,Riad,Marrakech,Palmeraie,1 305 000 DH,1305000,650m²,650,,5 Chambres,5 Salles de bains,"Jardin, Piscine, Sécurité","VILLA À VENDRE TYPE RIAD DANS LA PALMERAIE MARRAKECH Villa à vendre type Riad dans la Palmeraie Marrakech. Vous propose la vente de cette villa de type Riad, idéalement nichée au cœur de la Palmeraie. Édifiée sur un terrain d'un hectare, la propriété s'étend sur une superficie totale de 650 m², répartie entre le rez-de-chaussée et l'étage. Elle comprend cinq chambres, chacune pourvue de sa propre salle de bain, ainsi que deux chambres dédiées a...",https://www.mubawab-media.com/ad/8/214/403F/h/2894409f14d7ff2bbe086fb2eab0349c_81009824.avif,33,2026-09-30
8348045,Lots de terrains pour villa à Dar Dmana Palmeraie à partir d...,https://www.mubawab.ma/fr/a/8348045/lots-de-terrains-pour-villa-%C3%A0-dar-dmana-palmeraie-%C3%A0-partir-de-250m2,Vente,Villa,Marrakech,Palmeraie,1 350 000 DH,1350000,250m²,250,,,,,"Des terrains pour villas à vendre Dar Dmana – Palmeraie, Marrakech Offrez-vous un cadre de vie exceptionnel au cœur de la Palmeraie de Marrakech. Des lots de terrain à partir de 250 m², idéals pour construire la villa de vos rêves dans un environnement calme, verdoyant et privilégié. Cadre calme et paisible Environnement verdoyant Accès facile et emplacement privilégié Idéal pour résidence principale ou investissement Pour plus d’informations...",https://www.mubawab-media.com/ad/8/348/045F/h/photo_10_82443304.avif,1,2026-09-30
8242627,Green View Resort: appartement 2 chambres de 62 m² à Marrake...,https://www.mubawab.ma/fr/pa/8242627/green-view-resort-appartement-2-chambres-de-62-m%C2%B2-%C3%A0-marrakech,Vente,Appartement,Marrakech,Palmeraie,1 364 000 DH,1364000,62m²,62,3 Pièces,2 Chambres,1 Salle de bain,"Garage, Ascenseur, Piscine, Concierge, Climatisation, Chauffage central, Sécurité, Double vitrage, Cuisine équipée, Four","GREEN VIEW RESORT, aux portes de la Palmeraie, Marrakech. Appartement de 62 m², 2 chambres, 1 salle de bains, 3 pièces, avec place de parking. Prix : 1 364 000 DH, soit 22 000 DH le m². Plan de paiement : 50 % à la réservation, 25 % à la fin du gros œuvre, 25 % à la remise des clés. Fonds sécurisés sur un compte séquestre ouvert à la Caisse de Dépôt et de Gestion : vous ne virez jamais directement au promoteur. Livraison prévue en décemb...",https://www.mubawab-media.com/ad/8/242/627F/h/greenview_06_p20_83198988.avif,10,2026-09-30
8369047,Beau terrain à la vente à Ennakhil Palmeraie. Surface totale...,https://www.mubawab.ma/fr/a/8369047/beau-terrain-%C3%A0-la-vente-%C3%A0-ennakhil-palmeraie-surface-totale-2000-m%C2%B2,Vente,Terrain,Marrakech,Palmeraie,1 400 000 DH,1400000,2000m²,2000,,,,,"Je mets en vente mon terrain situé dans le prestigieux quartier de la Palmeraie à Marrakech, plus précisément dans le quartier d'Ennakhil. Le terrain s'étend sur une superficie généreuse de 2000 mètres carrés, offrant un espace considérable pour la construction d'une résidence luxueuse ou d'un projet immobilier. 15km de la médina Le quartier de la Palmeraie est reconnu pour son cadre paisible, contrastant avec l'effervescence du centre-ville de...",https://www.mubawab-media.com/ad/8/369/047F/h/photo_0_82710600.avif,1,2026-09-30
8308809,"Appartement à Vendre de 86.0 m² à Marrakech, Palmeraie",https://www.mubawab.ma/fr/a/8308809/appartement-%C3%A0-vendre-de-86-0-m%C2%B2-%C3%A0-marrakech-palmeraie,Vente,Appartement,Marrakech,Palmeraie,1 400 000 DH,1400000,86m²,86,2 Pièces,1 Ch.,2 Salles de bains,"Jardin, Garage, Climatisation","Nouvelle annonce de Vente d'un appartement à Marrakech, dans le quartier Palmeraie . Cette propriété spacieuse offre une surface de 86.0m² Ce bien lumineux est idéal. Prix attractif de 1400000 Dhs",https://www.mubawab-media.com/ad/8/308/809F/h/image_933592905_82022402.avif,12,2026-09-30
8357209,Appartement F2 avec jardin à la palmeraie,https://www.mubawab.ma/fr/a/8357209/appartement-f2-avec-jardin-%C3%A0-la-palmeraie,Vente,Appartement,Marrakech,Palmeraie,1 450 000 DH,1450000,70m²,70,2 Pièces,1 Ch.,1 Salle de bain,"Jardin, Garage, Piscine, Concierge, Meublé, Salon européen, Cheminée, Climatisation, Chauffage central, Sécurité, Cuisine équipée","Nous vous proposons un appartement en rez-de-jardin de 126 m² situé dans une résidence calme et sécurisée à la Palmeraie de Marrakech. Il comprend 70 m² habitables avec un jardin privatif de 56 m², un séjour lumineux avec cheminée, une cuisine ouverte équipée, une grande chambre avec accès au jardin ainsi qu’une salle de douche moderne. Grace à sa double façade orientée nord-ouest, l’appartement profite d’une belle luminosité naturelle. La rés...",https://www.mubawab-media.com/ad/8/357/209F/h/20260521_164259_82541161.avif,17,2026-09-30
8347067,Appartement rez de jardin à Marrakech Parlmeraie,https://www.mubawab.ma/fr/a/8347067/appartement-rez-de-jardin-%C3%A0-marrakech-parlmeraie,Vente,Appartement,Marrakech,Palmeraie,1 450 000 DH,1450000,70m²,70,2 Pièces,1 Ch.,1 Salle de bain,"Jardin, Terrasse, Piscine, Façade extérieure, Cheminée, Climatisation, Sécurité, Cuisine équipée","Situé dans une résidence sécurisée dans la Palmeraie de Marrakech, cet appartement en rez-de-jardin offre un cadre de vie calme, verdoyant et agréable, idéal pour profiter du soleil de Marrakech tout en restant à l’écart de l’agitation du centre-ville. D’une surface totale de 126 m², il se compose de 70 m² habitables complétés par un jardin privatif titré de 56 m², accessible directement depuis le séjour et la chambre. L’appartement bénéficie...",https://www.mubawab-media.com/ad/8/347/067F/h/1_82429836.avif,12,2026-09-30
8422051,Appartement à vendre résidence avec piscine,https://www.mubawab.ma/fr/a/8422051/appartement-%C3%A0-vendre-r%C3%A9sidence-avec-piscine,Vente,Appartement,Marrakech,Palmeraie,1 460 000 DH,1460000,86m²,86,3 Pièces,2 Chambres,1 Salle de bain,"Terrasse, Garage, Piscine, Salon Marocain, Salon européen, Cheminée, Climatisation","Superbe Appartement de 86 m² – Proche Route de Casablanca (Résidence Fermée & Sécurisée) Découvrez ce magnifique appartement de 86 m², alliant le charme traditionnel marocain (tadelakt, zellige, détails artisanaux) au confort moderne. Idéalement situé à proximité de la Palmeraie et de la route de Casablanca, il se trouve au sein d'une résidence fermée et sécurisée 24/7.avec place de parking titrée Emplacement : offrant un accès facile et rapide...",https://www.mubawab-media.com/ad/8/422/051F/h/WhatsApp_Image_2026-09-09_at_12.22.09__2__83291518.avif,12,2026-09-30
8242628,"Appartement de 2 chambres de 68 m², Green View Resort Marrak...",https://www.mubawab.ma/fr/pa/8242628/appartement-de-2-chambres-de-68-m%C2%B2-green-view-resort-marrakech,Vente,Appartement,Marrakech,Palmeraie,1 496 000 DH,1496000,68m²,68,3 Pièces,2 Chambres,1 Salle de bain,"Garage, Ascenseur, Piscine, Concierge, Climatisation, Chauffage central, Sécurité, Double vitrage, Cuisine équipée, Four","GREEN VIEW RESORT, aux portes de la Palmeraie, Marrakech. Appartement de 68 m², 2 chambres, 1 salle de bains, 3 pièces, avec place de parking. Prix : 1 496 000 DH, soit 22 000 DH le m². Plan de paiement : 50 % à la réservation, 25 % à la fin du gros œuvre, 25 % à la remise des clés. Fonds sécurisés sur un compte séquestre ouvert à la Caisse de Dépôt et de Gestion : vous ne virez jamais directement au promoteur. Livraison prévue en décemb...",https://www.mubawab-media.com/ad/8/242/628F/h/greenview_06_p20_83199009.avif,10,2026-09-30
8088052,Appartement à vendre Palmeraie route de casa. 3 pièces. Asc...,https://www.mubawab.ma/fr/a/8088052/appartement-%C3%A0-vendre-palmeraie-route-de-casa-3-pi%C3%A8ces-ascenseur-et-terrasse,Vente,Appartement,Marrakech,Palmeraie,1 500 000 DH,1500000,96m²,96,3 Pièces,2 Chambres,2 Salles de bains,"Terrasse, Ascenseur, Vue sur les montagnes, Piscine, Meublé","Affaire à saisir pour cet appartement à vendre. 3 pièces, 2 chambres, 2 salles de bains et une terrasse, surface 96 m². 3ème étage vue exceptionnelle, donnant sur la piscine et montagnes de l'atlas. Très bon état. Revêtement sol en Marbre. Avec possibilité de vendre meublé. Cet appartement est en vente à Ennakhil (Palmeraie) à River Palm. En prime, une magnifique vue Contactez-nous pour visiter cet appartement à vendre à Marrakech",https://www.mubawab-media.com/ad/8/088/052F/h/photo_8_79986888.avif,11,2026-09-30
8422742,"Les jardins de la palmeraie 3, superbe appartement rénové, c...",https://www.mubawab.ma/fr/a/8422742/les-jardins-de-la-palmeraie-3-superbe-appartement-r%C3%A9nov%C3%A9-contemporain-avec-une-touche-marocaine-lumineux-et-calme,Vente,Appartement,Marrakech,Palmeraie,1 500 000 DH,1500000,82m²,82,3 Pièces,1 Ch.,1 Salle de bain,"Terrasse, Piscine, Concierge, Salon européen, Cheminée, Climatisation, Cuisine équipée, Réfrigérateur, Four, Machine à laver","Lb Immo Marrakech vous propose à la vente un appartement dans un écrin de verdure au calme à 15 mn du centre. Il se compose : Entrée Séjour avec cheminée avec large baie vitrée Cuisine à l’américaine avec son coin salle à manger Une chambre avec placard Une sde et toilettes indépendants 2 balcons Cet appartement a beaucoup de charme ! N’hésitez pas à nous contacter pour une visite. Honoraires : 2,5% HT du prix de vente",https://www.mubawab-media.com/ad/8/422/742F/h/photo_00_83299360.avif,15,2026-09-30
8417051,Joli Appartement avec Piscine,https://www.mubawab.ma/fr/a/8417051/joli-appartement-avec-piscine,Vente,Appartement,Marrakech,Palmeraie,1 500 000 DH,1500000,85m²,85,2 Pièces,1 Ch.,2 Salles de bains,"Terrasse, Piscine, Meublé, Salon européen, Climatisation, Sécurité, Double vitrage, Cuisine équipée, Réfrigérateur, Four, Machine à laver","Très bel appartement situé à proximité du golf de la palmeraie, offrant un cadre de vie calme, agréable et privilégié. Situé au premier et dernier étage de la résidence, cet appartement a été pensé pour allier confort, élégance et fonctionnalité. Il se compose actuellement d’une chambre, d’une salle de douche, de toilettes séparées, d’un salon chaleureux, d’une cuisine entièrement équipée ainsi que d’un espace salle à manger. L’appartement dis...",https://www.mubawab-media.com/ad/8/417/051F/h/IMG-20260912-WA0023.jpg_83236821.avif,20,2026-09-30
8330691,Appartement en vente à la palmeraie,https://www.mubawab.ma/fr/a/8330691/appartement-en-vente-%C3%A0-la-palmeraie,Vente,Appartement,Marrakech,Palmeraie,1 500 000 DH,1500000,105m²,105,3 Pièces,2 Chambres,1 Salle de bain,"Terrasse, Garage, Piscine, Concierge, Salon Marocain, Salon européen, Antenne parabolique","À vendre – Appartement de standing au cœur de la Palmeraie Offrez-vous un cadre de vie privilégié dans l’un des quartiers les plus recherchés. Cet appartement de 105 m² allie confort, potentiel et emplacement d’exception. Dès l’entrée, vous découvrez un espace accueillant menant à un grand salon lumineux, ouvert sur une agréable terrasse, parfait pour vos moments de détente ou de réception. L’appartement propose une cuisine modulable selon vos...",https://www.mubawab-media.com/ad/8/330/691F/h/photo_0_82255533.avif,11,2026-09-30
8356138,Rez de Jardin Dar Dmana Palmeraie avec piscine,https://www.mubawab.ma/fr/a/8356138/rez-de-jardin-dar-dmana-palmeraie-avec-piscine,Vente,Appartement,Marrakech,Palmeraie,1 500 000 DH,1500000,85m²,85,1 Pièce,2 Chambres,2 Salles de bains,"Jardin, Terrasse, Garage, Piscine, Concierge, Chambre rangement, Meublé, Façade extérieure, Salon Marocain, Salon européen, Antenne parabolique, Climatisation, Chauffage central, Sécurité, Double vitrage, Porte blindée, Cuisine équipée, Réfrigérateur, Four, Machine à laver, Micro-ondes","Nous proposons un joli appartement meublé de deux chambres et salon, d'une superficie de 85 mètres carrés au rez-de-chaussée dans la résidence Dar Dmana à la Palmeraie avec piscine et jardin au prix de 150 millions 0662-431377",https://www.mubawab-media.com/ad/8/356/138F/h/20260515_165924_82530188.avif,23,2026-09-30
8324192,Un appartement raffiné au coeur de la Palmeraie,https://www.mubawab.ma/fr/a/8324192/un-appartement-raffin%C3%A9-au-coeur-de-la-palmeraie,Vente,Appartement,Marrakech,Palmeraie,1 550 000 DH,1550000,75m²,75,3 Pièces,2 Chambres,1 Salle de bain,"Jardin, Terrasse, Garage, Piscine, Concierge, Façade extérieure, Salon européen, Cheminée, Sécurité, Cuisine équipée, Réfrigérateur, Four","Dans l'un des domaines les plus prisés de Marrakech, cet appartement raffiné s'inscrit dans un cadre naturel d'exception, au sein d'une résidence sécurisée de 44 hectares entièrement arborés située à la Palmeraie Village 2. Cette propriété de 75 m² bénéficie d'une conception intérieure soignée, articulée autour d'un salon chaleureux agrémenté d'une cheminée. La cuisine, fonctionnelle et élégante, complète un espace de vie pensé pour le conf...",https://www.mubawab-media.com/ad/8/324/192F/h/PHOTO-2026-03-31-11-35-22_82183151.avif,14,2026-09-30
8242629,"Green View Resort: 72 m², 2 chambres, aux portes de la Palme...",https://www.mubawab.ma/fr/pa/8242629/green-view-resort-72-m%C2%B2-2-chambres-aux-portes-de-la-palmeraie,Vente,Appartement,Marrakech,Palmeraie,1 584 000 DH,1584000,72m²,72,3 Pièces,2 Chambres,1 Salle de bain,"Garage, Ascenseur, Piscine, Concierge, Climatisation, Chauffage central, Sécurité, Double vitrage, Cuisine équipée, Four","GREEN VIEW RESORT, aux portes de la Palmeraie, Marrakech. Appartement de 72 m², 2 chambres, 1 salle de bains, 3 pièces, avec place de parking. Prix : 1 584 000 DH, soit 22 000 DH le m². Plan de paiement : 50 % à la réservation, 25 % à la fin du gros œuvre, 25 % à la remise des clés. Fonds sécurisés sur un compte séquestre ouvert à la Caisse de Dépôt et de Gestion : vous ne virez jamais directement au promoteur. Livraison prévue en décemb...",https://www.mubawab-media.com/ad/8/242/629F/h/greenview_06_p20_83199027.avif,10,2026-09-30
8408312,Vend appartement à Route Casablanca. 3 pièces confortables,https://www.mubawab.ma/fr/a/8408312/vend-appartement-%C3%A0-route-casablanca-3-pi%C3%A8ces-confortables,Vente,Appartement,Marrakech,Palmeraie,1 590 000 DH,1590000,93m²,93,3 Pièces,2 Chambres,1 Salle de bain,"Jardin, Terrasse, Garage, Piscine, Cheminée, Climatisation, Sécurité","Vente – Appartement 2 Chambres avec Piscine. – Appartement en rez-de-jardin 93 m2 Palmeraie, Marrakech Palmeraie – Résidence premium village. Premiumimmo vous propose à la vente ce bel appartement de 93 m² plus 11 m2 de place de parking, au sein d’une résidence fermée et sécurisée avec piscines et espaces verts. L'appartement a été entièrement refait a neuf avec des matériaux de qualité ( cuisine et salle de bain, revêtement au sol, climatisa...",https://www.mubawab-media.com/ad/8/408/312F/h/photo_00_83137166.avif,15,2026-09-30
7844462,Appartement à vendre au Palmeraie Marrakech,https://www.mubawab.ma/fr/a/7844462/appartement-%C3%A0-vendre-au-palmeraie-marrakech,Vente,Appartement,Marrakech,Palmeraie,1 600 000 DH,1600000,91m²,91,3 Pièces,2 Chambres,2 Salles de bains,"Jardin, Terrasse, Garage, Ascenseur, Piscine, Concierge, Façade extérieure, Salon Marocain, Salon européen, Antenne parabolique, Cheminée, Climatisation, Sécurité, Double vitrage, Cuisine équipée, Four, Machine à laver, Micro-ondes","Ne manquez pas votre chance de profiter de cet appartement à vendre au Palmeraie Marrakech avec un prix de 1 600 000 DH et une superficie de 91 m². 2 chambres, 2 salles de bains et 3 pièces. Le bien est avec type de sol du Carrelage et de nombreux équipements : cheminée, climatisation. Cuisine équipée et une cuisinière avec four etc... La résidence dispose également d'un service de conciergerie et trois grandes piscines collectives. Résidence sé...",https://www.mubawab-media.com/ad/7/844/462F/h/photo_0_65057439.avif,16,2026-09-30
8374260,Vente Joli Appartement sans vis à vis,https://www.mubawab.ma/fr/a/8374260/vente-joli-appartement-sans-vis-%C3%A0-vis,Vente,Appartement,Marrakech,Palmeraie,1 600 000 DH,1600000,125m²,125,3 Pièces,2 Chambres,2 Salles de bains,"Jardin, Terrasse, Garage, Ascenseur, Climatisation","Vous recherchez un appartement de standing au cœur de la Palmeraie de Marrakech, dans une résidence prestigieuse offrant un cadre de vie unique ? Challioui Immobilier vous propose ce bel appartement de 125 m², situé au 1er étage d'une résidence fermée et sécurisée, réputée pour son environnement verdoyant et ses prestations haut de gamme. À seulement quelques minutes du centre-ville, la résidence offre un cadre exceptionnel avec de vastes e...",https://www.mubawab-media.com/ad/8/374/260F/h/6_82766761.avif,7,2026-09-30
8199074,A Vendre appartement 2 chambres les jardins de la palmeraie...,https://www.mubawab.ma/fr/a/8199074/a-vendre-appartement-2-chambres-les-jardins-de-la-palmeraie-tu,Vente,Appartement,Marrakech,Palmeraie,1 600 000 DH,1600000,75m²,75,1 Pièce,2 Chambres,1 Salle de bain,"Jardin, Terrasse, Vue sur les montagnes, Piscine, Chambre rangement, Meublé, Façade extérieure, Salon Marocain, Antenne parabolique, Climatisation, Sécurité, Cuisine équipée, Four","À VENDRE – Appartement meublé 2 chambres lumineux avec 3 balcons – Cet appartement sans vis à vis de 75 m² ( terrasses comprises ) offre un cadre de vie agréable, lumineux et très bien agencé. Il se compose de : 2 chambres à coucher, chacune avec son balcon privatif Un grand salon spacieux et lumineux, ouvrant sur un très grand balcon pouvant servir de véritable espace de vie extérieur 3 balcons au total, un pour chaque pièce Une salle de b...",https://www.mubawab-media.com/ad/8/199/074F/h/photo_00_81687753.avif,15,2026-09-30
8198231,Superbe appartement à vendre à Rver Palm. Superficie 110 m²,https://www.mubawab.ma/fr/a/8198231/superbe-appartement-%C3%A0-vendre-%C3%A0-rver-palm-superficie-110-m%C2%B2,Vente,Appartement,Marrakech,Palmeraie,1 600 000 DH,1600000,110m²,110,4 Pièces,3 Chambres,3 Salles de bains,Piscine,"Sublime appartement à vendre, d'une superficie habitable de110 m² habitable. Au prix de 1 600 000 DH. composé comme suit : U grand salon, Un séjour avec double façade, offrant des vues imprenables sur la piscine collective et sur la résidence avce le charme de la palmeraie de Marrakech Cuisine américaine, deux suites toilettes invités ... Pour tout renseignement, n'hésitez pas à nous contacter",https://www.mubawab-media.com/ad/8/198/231F/h/photo_07_80844672.avif,10,2026-09-30
8417730,Appartement à la palmeraie à vendre,https://www.mubawab.ma/fr/a/8417730/appartement-%C3%A0-la-palmeraie-%C3%A0-vendre,Vente,Appartement,Marrakech,Palmeraie,1 650 000 DH,1650000,106m²,106,3 Pièces,2 Chambres,1 Salle de bain,"Terrasse, Garage, Concierge, Meublé, Façade extérieure, Salon Marocain, Antenne parabolique, Climatisation, Chauffage central, Double vitrage, Porte blindée, Cuisine équipée, Réfrigérateur, Four, Machine à laver, Micro-ondes",Un appartement à la vente d'une superficie de 106m au 2ème étage à la palmeraie 1 Marrakech se compose de : 2 chambres 1 salle de bain Une Cuisine équipée Une buanderie 2 terrasses Une place de parking privé Le prix de vente : 1 650 000 dh,https://www.mubawab-media.com/ad/8/417/730F/h/IMG-20260917-WA0032_83243942.avif,8,2026-09-30
8378856,Bel appartement à vendre Les Jardins de la Palmeraie,https://www.mubawab.ma/fr/a/8378856/bel-appartement-%C3%A0-vendre-les-jardins-de-la-palmeraie,Vente,Appartement,Marrakech,Palmeraie,1 650 000 DH,1650000,105m²,105,3 Pièces,2 Chambres,1 Salle de bain,"Jardin, Terrasse, Garage, Piscine, Meublé, Sécurité, Cuisine équipée","Une très belle opportunité à saisir, idéale pour une résidence principale, un pied-à-terre ou un investissement de qualité dans l'un des quartiers les plus prisés de Marrakech. Situé au 2ᵉ étage d'une résidence haut de gamme, calme, sécurisée et parfaitement entretenue, ce magnifique appartement de 105 m² séduit par sa luminosité, ses volumes généreux et son environnement verdoyant. Composition : 2 chambres confortables 1 salle de bain Toilettes...",https://www.mubawab-media.com/ad/8/378/856F/h/WhatsApp%20Image%202026-02-17%20at%2012.40.05%20%289%29_82820936.avif,26,2026-09-30
8363838,Magnifique appartement 80 m2 rénové 2 Chs,https://www.mubawab.ma/fr/a/8363838/magnifique-appartement-80-m2-r%C3%A9nov%C3%A9-2-chs,Vente,Appartement,Marrakech,Palmeraie,1 650 000 DH,1650000,80m²,80,3 Pièces,2 Chambres,1 Salle de bain,"Jardin, Terrasse, Piscine, Concierge, Chambre rangement, Meublé, Façade extérieure, Salon européen, Antenne parabolique, Cheminée, Climatisation, Chauffage central, Sécurité, Cuisine équipée, Réfrigérateur, Four, Machine à laver, Micro-ondes","Dans une très belle résidence avec un parc végétal de 45 hectares, 2 piscine, sécurité 24/24, cet appartement de 80 m2 a été entièrement rénové, il dispose d'une belle pièce de vie avec cuisine ouverte, salle de bain avec douche, 2 chambres, une grande terrasse. L'appartement est vendu meublé et équipé. Proximité à pied du centre commercial de la Palmeraie et 15 minutes en voiture du centre ville de Marrakech. Excellente opportunité d'investis...",https://www.mubawab-media.com/ad/8/363/838F/h/photo_28_82652465.avif,16,2026-09-30
8361204,Appartement de prestige à vendre a palmeraie,https://www.mubawab.ma/fr/a/8361204/appartement-de-prestige-%C3%A0-vendre-a-palmeraie,Vente,Appartement,Marrakech,Palmeraie,1 700 000 DH,1700000,114m²,114,3 Pièces,2 Chambres,3 Salles de bains,"Jardin, Terrasse, Garage, Ascenseur, Vue sur les montagnes, Piscine, Concierge, Chambre rangement, Façade extérieure, Climatisation, Chauffage central, Sécurité, Double vitrage, Porte blindée, Cuisine équipée, Réfrigérateur, Four","Marrakech Expert Immo vous propose ce magnifique appartement de prestige situé au sein de la très recherchée Résidence Rêver Palm, au cœur de la prestigieuse Palmeraie de Marrakech. Offrant un cadre de vie exceptionnel alliant luxe, confort et sérénité, cet appartement bénéficie d’une superbe vue dégagée sur la piscine et les espaces verts soigneusement entretenus de la résidence. L'appartement se compose de deux suites élégantes, chacune dispo...",https://www.mubawab-media.com/ad/8/361/204F/h/WhatsApp%20Image%202026-06-08%20at%2011.36.07_82585543.avif,19,2026-09-30
8421058,3 chambres palmeraie,https://www.mubawab.ma/fr/a/8421058/3-chambres-palmeraie,Vente,Appartement,Marrakech,Palmeraie,1 700 000 DH,1700000,142m²,142,7 Pièces,3 Chambres,2 Salles de bains,Terrasse,"Appartement d'Exception avec Terrasse et Piscines Résidence La Palmeraie 1 ​Découvrez ce superbe appartement de 142 m², niché au premier étage d'une résidence prisée dotée de deux grandes piscines, la résidence La Palmeraie 1. Offrant un cadre de vie idyllique alliant confort, générosité des volumes et convivialité, ce bien est idéal pour une résidence principale ou un investissement de choix. ​L'appartement s'ouvre sur un grand salon baigné de...",https://www.mubawab-media.com/ad/8/421/058F/h/photo_00_83280812.avif,13,2026-09-30
8343039,Appartement avec piscine route de casa,https://www.mubawab.ma/fr/a/8343039/appartement-avec-piscine-route-de-casa,Vente,Appartement,Marrakech,Palmeraie,1 700 000 DH,1700000,120m²,120,3 Pièces,2 Chambres,2 Salles de bains,"Jardin, Terrasse, Garage, Ascenseur, Piscine, Concierge, Chambre rangement, Meublé, Salon européen, Antenne parabolique, Cheminée, Climatisation, Chauffage central, Sécurité, Double vitrage, Porte blindée, Cuisine équipée, Réfrigérateur, Four, Machine à laver, Micro-ondes","Appartement rez-de-jardin d’exception à la Palmeraie Marrakech Situé au cœur de la prestigieuse Palmeraie de Marrakech, au sein de la résidence sécurisée River Palm – Pallacio Condominium, cet appartement offre un cadre de vie paisible, moderne et entouré de verdure .Caractéristiques du bien : * Superficie habitable : 120 m² * Jardin privé : 30 m² * Salon lumineux * 2 chambres : * Suite parentale avec SDB & dressing * Chambre avec pl...",https://www.mubawab-media.com/ad/8/343/039F/h/IMG_4048_82386587.avif,10,2026-09-30
8235457,Appartement de prestige à la vente à la palmeraie,https://www.mubawab.ma/fr/a/8235457/appartement-de-prestige-%C3%A0-la-vente-%C3%A0-la-palmeraie,Vente,Appartement,Marrakech,Palmeraie,1 700 000 DH,1700000,137m²,137,3 Pièces,2 Chambres,2 Salles de bains,"Terrasse, Garage, Ascenseur, Vue sur les montagnes, Piscine, Concierge, Salon Marocain, Antenne parabolique, Climatisation, Sécurité, Cuisine équipée","Situé à 2 minutes du grand stade de Marrakech, cet appartement sera idéal pour de la rentabilité locative. La résidence vous offre une belle infrastructure sportive avec terrain de tennis, terrain de basketball, fitness ainsi qu'une aire de jeux pour enfants. On pourra vous proposer de la gestion locative sur mesure avec mise à disposition de femmes de ménage par exemple. Cet appartement bénéficie d'une belle terrase panoramique de 106 m² que vo...",https://www.mubawab-media.com/ad/8/235/457F/h/Appartement%20vente%20River%20Palm%2014_81236169.avif,14,2026-09-30
8401443,Appartement a Vendre a la palmeraie,https://www.mubawab.ma/fr/a/8401443/appartement-a-vendre-a-la-palmeraie,Vente,Appartement,Marrakech,Palmeraie,1 750 000 DH,1750000,86m²,86,3 Pièces,2 Chambres,1 Salle de bain,"Terrasse, Garage, Piscine, Concierge, Salon européen, Cheminée, Climatisation, Cuisine équipée, Réfrigérateur, Four","Description : Votre agence immobilière InMarrakech vous propose à la vente un appartement VIDE de 86m² avec terrasse situé au 1e étage dans une résidence verdoyante avec piscine comprenant une entrée, salon avec une belle terrasse, cuisine, toilette réception, salle de bain, deux chambres chacune avec terrasse. - Place de parking. -JOIGNABLE AUX HEURES D’OUVERTURE DU LUNDI AU VENDREDI DE 9H a 17H30 ET LE SAMEDI DE 9H A 13H. -N’hésitez pas à...",https://www.mubawab-media.com/ad/8/401/443F/h/DSCF0453_83066469.avif,22,2026-09-21
8414250,Spacieux appartement à vendre aux jardins de la palmeraie,https://www.mubawab.ma/fr/a/8414250/spacieux-appartement-%C3%A0-vendre-aux-jardins-de-la-palmeraie,Vente,Appartement,Marrakech,Palmeraie,1 750 000 DH,1750000,100m²,100,2 Pièces,2 Chambres,2 Salles de bains,"Terrasse, Garage, Vue sur les montagnes, Piscine, Concierge, Chambre rangement, Façade extérieure, Salon Marocain, Salon européen, Climatisation, Double vitrage, Porte blindée, Cuisine équipée, Réfrigérateur, Four, Machine à laver, Micro-ondes","Immo sur mesure vous présente cet appartement situé aux Jardins de la Palmeraie, au premier étage d’une résidence en R1, avec une très belle atmosphère grâce aux différents jardins et à la piscine. L’appartement fait 100 m² et il est composé de deux chambres, deux salles de bains, un double salon( marocain et européens , une cuisine équipée et une terrasse. La chambre parentale avec sa salle de bain privative, ce qui apporte beaucoup de confort...",https://www.mubawab-media.com/ad/8/414/250F/h/photo_0_83329804.avif,14,2026-09-30
8338845,Palmeraie: Appartement 2 chambres avec terrasse,https://www.mubawab.ma/fr/a/8338845/palmeraie-appartement-2-chambres-avec-terrasse,Vente,Appartement,Marrakech,Palmeraie,1 750 000 DH,1750000,84m²,84,3 Pièces,2 Chambres,1 Salle de bain,"Terrasse, Piscine, Concierge, Chambre rangement, Salon européen, Antenne parabolique, Cheminée, Climatisation, Chauffage central, Sécurité, Cuisine équipée, Réfrigérateur, Four","Dans une très belle résidence avec un parc de 45 hectares, 2 piscines, un lac, sécurité 24/24, cet appartement de 84 m2 dispose de 2 chambres avec chacune une petite terrasse, un salon avec un belle terrasse, cuisine indépendante ( possibilité cuisine ouverte) un cabinet de toilette invité, une salle de bain avec baignoire. Belles prestations : marbre, cèdre, climatisation réversible, cheminée. 15 minutes à pied du centre commercial de la Palmera...",https://www.mubawab-media.com/ad/8/338/845F/h/photo_20_82381154.avif,16,2026-09-30
8344350,À vendre Appart meublé de charme à la Palmeraie,https://www.mubawab.ma/fr/a/8344350/%C3%A0-vendre-appart-meubl%C3%A9-de-charme-%C3%A0-la-palmeraie,Vente,Appartement,Marrakech,Palmeraie,1 760 000 DH,1760000,106m²,106,5 Pièces,1 Ch.,1 Salle de bain,"Terrasse, Meublé, Cheminée","À VENDRE – Appartement meublé de charme à la Palmeraie Situé dans le prestigieux quartier de la Palmeraie à Marrakech, cet appartement offre un cadre de vie paisible et élégant, au sein d’une résidence calme et sécurisée. Ce bien développe une superficie totale de 106m2 dont 80 m² habitables, complété par une agréable terrasse de 26m2 , est vendu entièrement meublé avec goût, prêt à être habité ou exploité en location. Il se compose de : • U...",https://www.mubawab-media.com/ad/8/344/350F/h/WhatsApp%20Image%202026-05-05%20at%2010.56.54%20%284%29_82400850.avif,15,2026-09-30
8420659,Riad à vendre à la Palmeraie,https://www.mubawab.ma/fr/a/8420659/riad-%C3%A0-vendre-%C3%A0-la-palmeraie,Vente,Riad,Marrakech,Palmeraie,1 800 000 DH,1800000,50m²,50,3 Pièces,3 Chambres,4 Salles de bains,"Terrasse, Piscine, Sécurité","Riad à rafraîchir avec 3 chambres, 4 salles de bain, salon, patio, et double terrasse dans une résidence avec 3 piscines. Cette résidence sécurisée qui offre plusieurs cafés, restaurants, et épiceries profite d'une emplacement centrale, juste à l'extérieur du médina et quelques minutes en taxi du centre-ville",https://www.mubawab-media.com/ad/8/420/659F/h/1000036050_83276291.avif,19,2026-09-30
8415182,Magnifique Villa Contemporaine à vendre à la Palmeraie Bab A...,https://www.mubawab.ma/fr/a/8415182/magnifique-villa-contemporaine-%C3%A0-vendre-%C3%A0-la-palmeraie-bab-atlas-%E2%80%93-marrakech-villa,Vente,Villa,Marrakech,Palmeraie,1 800 000 DH,1800000,1000m²,1000,11 Pièces,8 Chambres,7 Salles de bains,"Jardin, Terrasse, Garage, Piscine, Entre-seul","Nous vous proposons cette superbe villa de 1 000 m² bâtis, nichée sur un terrain de 3 800 m² au cœur de la prestigieuse Palmeraie de Marrakech (secteur Bab Atlas), à seulement 10 minutes du centre-ville. Entièrement rénovée en juin 2024, cette villa d'exception offre un cadre rare : vue dégagée sur les montagnes de l'Atlas, couchers de soleil spectaculaires et palmiers environnants. Les intérieurs, élégants et contemporains, s'ouvrent sur de vast...",https://www.mubawab-media.com/ad/8/415/182F/h/1e2b25f5-6035-4cfb-b09b-d596bb117d4d-Capture_d__cran_2026_05_12_182601_83215111.avif,14,2026-09-30
8305513,Magnifique Appartement À Vendre À La Palmeraie,https://www.mubawab.ma/fr/a/8305513/magnifique-appartement-%C3%A0-vendre-%C3%A0-la-palmeraie,Vente,Appartement,Marrakech,Palmeraie,1 800 000 DH,1800000,95m²,95,3 Pièces,2 Chambres,2 Salles de bains,"Terrasse, Garage, Ascenseur, Piscine, Concierge, Meublé, Façade extérieure, Salon Marocain, Salon européen, Climatisation, Sécurité, Cuisine équipée, Réfrigérateur, Four, Machine à laver, Micro-ondes","Le 25 Immobilier vous présente un très bel appartement meublé à La Palmeraie, offrant une superficie de 95 m² et situé au 3ème étage d’une résidence agréable. Cet appartement dispose d’une vue magnifique sur la piscine, idéale pour se détendre et profiter des journées ensoleillées. L’espace comprend deux chambres spacieuses, chacune dotée d’un balcon privatif, parfait pour profiter de l’extérieur. Vous trouverez également une salle de bain, a...",https://www.mubawab-media.com/ad/8/305/513F/h/zd2_82035995.avif,12,2026-09-30
8252982,Magnifique villa à vendre à Marrakech. 12 belles chambres...,https://www.mubawab.ma/fr/a/8252982/magnifique-villa-%C3%A0-vendre-%C3%A0-marrakech-12-belles-chambres-bien-meubl%C3%A9,Vente,Riad,Marrakech,Palmeraie,1 800 000 DH,1800000,,,12 Pièces,12 Chambres,12 Salles de bains,"Garage, Meublé, Cheminée","Située à quelques minutes de la Palmeraie, cette villa au style riad est édifiée sur un terrain d'environ 9.000 m², soigneusement arboré. La propriété détient un agrément maison d'hôtes. Elle offre 12 chambres et une cuisine professionnelle, réunissant le charme d'une demeure traditionnelle et les standards opérationnels d'une exploitation haut de gamme avec un potentiel locatif important. La propriété met en valeur de magnifiques éléments arch...",https://www.mubawab-media.com/ad/8/252/982F/h/1_81415685.avif,16,2026-09-30
8242630,"Appartement 2 chambres de 84 m² à Green View Resort, Marrake...",https://www.mubawab.ma/fr/pa/8242630/appartement-2-chambres-de-84-m%C2%B2-%C3%A0-green-view-resort-marrakech,Vente,Appartement,Marrakech,Palmeraie,1 848 000 DH,1848000,84m²,84,3 Pièces,2 Chambres,1 Salle de bain,"Garage, Ascenseur, Piscine, Concierge, Climatisation, Chauffage central, Sécurité, Double vitrage, Cuisine équipée, Four","GREEN VIEW RESORT, aux portes de la Palmeraie, Marrakech. Appartement de 84 m², 2 chambres, 1 salle de bains, 3 pièces, avec place de parking. Prix : 1 848 000 DH, soit 22 000 DH le m². Plan de paiement : 50 % à la réservation, 25 % à la fin du gros œuvre, 25 % à la remise des clés. Fonds sécurisés sur un compte séquestre ouvert à la Caisse de Dépôt et de Gestion : vous ne virez jamais directement au promoteur. Livraison prévue en décemb...",https://www.mubawab-media.com/ad/8/242/630F/h/greenview_06_p20_83199036.avif,10,2026-09-30
8330682,Appartement en vente au cœur de la palmeraie,https://www.mubawab.ma/fr/a/8330682/appartement-en-vente-au-c%C5%93ur-de-la-palmeraie,Vente,Appartement,Marrakech,Palmeraie,1 850 000 DH,1850000,125m²,125,3 Pièces,2 Chambres,2 Salles de bains,"Terrasse, Garage, Piscine, Concierge, Meublé, Salon Marocain, Salon européen, Antenne parabolique","À vendre – Appartement de standing au cœur de la Palmeraie Offrez-vous un cadre de vie privilégié dans l’un des quartiers les plus recherchés. Cet appartement de 125 m² allie confort, potentiel et emplacement d’exception. Dès l’entrée, vous découvrez un espace accueillant menant à un grand salon lumineux, ouvert sur une agréable terrasse, parfait pour vos moments de détente ou de réception. L’appartement propose une cuisine modulable selon vos...",https://www.mubawab-media.com/ad/8/330/682F/h/photo_0_82255475.avif,20,2026-09-30
8342506,À vendre – Magnifique appartement chic et moderne entièremen...,https://www.mubawab.ma/fr/a/8342506/%C3%A0-vendre-%E2%80%93-magnifique-appartement-chic-et-moderne-enti%C3%A8rement-meubl%C3%A9-%C3%A0-atlas-golf,Vente,Appartement,Marrakech,Palmeraie,1 880 000 DH,1880000,60m²,60,1 Pièce,1 Ch.,1 Salle de bain,"Jardin, Terrasse, Garage, Vue sur les montagnes, Piscine, Concierge, Chambre rangement, Meublé, Façade extérieure, Salon européen, Climatisation, Sécurité, Double vitrage, Cuisine équipée, Réfrigérateur, Four, Machine à laver, Micro-ondes","À vendre – Magnifique appartement chic et moderne entièrement meublé a Marrakech Situé dans une résidence à la Palmeraie au calme et sécurisée avec 2 piscines, véritable havre de paix, ce superbe appartement tout neuf de 70 m² offre une grande terrasse et un jardin privatif, pour une surface totale d’environ 150 m². Il se compose d’une chambre, d’une cuisine entièrement équipée, ainsi un salon et vendu clé en main, avec un ameublement moderne e...",https://www.mubawab-media.com/ad/8/342/506F/h/photo_0_83104219.avif,15,2026-09-30
8422464,"Appartement à vendre 104 m², 2 chambres Ennakhil Palmeraie M...",https://www.mubawab.ma/fr/a/8422464/appartement-%C3%A0-vendre-104-m%C2%B2-2-chambres-ennakhil-palmeraie-marrakech,Vente,Appartement,Marrakech,Palmeraie,1 900 000 DH,1900000,104m²,104,,2 Chambres,1 Salle de bain,"Terrasse, Piscine, Meublé, Climatisation, Cuisine équipée","Niché au rez-de-chaussée dans le cadre verdoyant et prestigieux de la Palmeraie à Marrakech, cet appartement meublé de 104 m² offre un art de vivre généreux et raffiné, alliant confort moderne et douceur de vivre sous le soleil de la ville ocre. Le salon lumineux ouvre directement sur une terrasse privative, créant une continuité naturelle entre intérieur et extérieur, idéale pour les moments de détente et les soirées en famille. L'appartement...",https://www.mubawab-media.com/ad/8/422/464F/h/annonce-agenz-20260918T164121860Z-1789749660468_83296573.avif,22,2026-09-30
8217550,"Appartement à Vendre de 165.0 m² à Marrakech, Palmeraie Exte...",https://www.mubawab.ma/fr/a/8217550/appartement-%C3%A0-vendre-de-165-0-m%C2%B2-%C3%A0-marrakech-palmeraie-extension,Vente,Appartement,Marrakech,Palmeraie,1 900 000 DH,1900000,165m²,165,4 Pièces,2 Chambres,4 Salles de bains,"Jardin, Terrasse, Garage, Meublé","À vendre, bel appartement de 93 m² situé dans le quartier prisé de Palmeraie Extension à Marrakech. Ce bien comprend 2 chambres, 2 salles de bain et bénéficie de 2 façades. Profitez également d'un espace extérieur avec un jardin de 42 m² et une terrasse de 30 m². Prix : 2 300 000 Dhs",https://www.mubawab-media.com/ad/8/217/550F/h/image_823055665_81043657.avif,12,2026-09-30
8406137,Bel appartement meublé à la Palmeraie,https://www.mubawab.ma/fr/a/8406137/bel-appartement-meubl%C3%A9-%C3%A0-la-palmeraie,Vente,Appartement,Marrakech,Palmeraie,1 950 000 DH,1950000,98m²,98,3 Pièces,2 Chambres,1 Salle de bain,"Piscine, Meublé, Antenne parabolique, Climatisation, Chauffage central, Sécurité, Double vitrage","Découvrez ce magnifique appartement de 98 m² situé au cœur d’Ennakhil à Marrakech. Entièrement meublé, il propose un séjour lumineux doté de grandes baies vitrées coulissantes avec double vitrage, offrant un accès direct à un espace extérieur verdoyant. Le salon est équipé de la climatisation pour un confort optimal tout au long de l’année. L’appartement dispose de deux chambres spacieuses et d’une salle de bain moderne. Les finitions élégante...",https://www.mubawab-media.com/ad/8/406/137F/h/02648b7f313b5b28875394b70cfe6ad1_b87e0b16e4_1448-big_83117287.avif,10,2026-09-30
8306998,Beau terrain à la vente à Ennakhil OASIS golf,https://www.mubawab.ma/fr/a/8306998/beau-terrain-%C3%A0-la-vente-%C3%A0-ennakhil-oasis-golf,Vente,Terrain,Marrakech,Palmeraie,1 950 000 DH,1950000,400m²,400,,,,,"Achetez votre terrain. Prix 1 950 000 DH. Superficie 400 m². Terrain à découvrir à Ennakhil (Palmeraie), Marrakech",https://www.mubawab-media.com/ad/8/306/998F/h/photo_0_82003463.avif,1,2026-09-30
8390100,"Appartement à Vendre de 111.0 m² à Marrakech, Palmeraie",https://www.mubawab.ma/fr/a/8390100/appartement-%C3%A0-vendre-de-111-0-m%C2%B2-%C3%A0-marrakech-palmeraie,Vente,Appartement,Marrakech,Palmeraie,1 950 000 DH,1950000,111m²,111,4 Pièces,2 Chambres,2 Salles de bains,"Jardin, Garage, Climatisation, Chauffage central","À vendre, superbe appartement de 111 m² situé dans le quartier prisé de la Palmeraie à Marrakech. Cet espace lumineux comprend 2 chambres et 1 salle de bain, idéal pour un cadre de vie confortable. L'immeuble de 2 étages offre une atmosphère calme et agréable. Prix : 1 950 000 Dhs. Ne manquez pas cette opportunité unique !",https://www.mubawab-media.com/ad/8/390/100F/h/image_987974416_82942701.avif,10,2026-09-30
8367960,Superbe appartement à vendre à Ennakhil Palmeraie. Superfici...,https://www.mubawab.ma/fr/a/8367960/superbe-appartement-%C3%A0-vendre-%C3%A0-ennakhil-palmeraie-superficie-105-m%C2%B2-salon-traditionnel-marocain-r%C3%A9sidence-s%C3%A9curis%C3%A9e,Vente,Appartement,Marrakech,Palmeraie,1 950 000 DH,1950000,105m²,105,3 Pièces,2 Chambres,1 Salle de bain,"Jardin, Terrasse, Garage, Vue sur les montagnes, Piscine, Concierge, Chambre rangement, Façade extérieure, Salon Marocain, Antenne parabolique, Cheminée, Chauffage central, Sécurité, Double vitrage, Porte blindée, Cuisine équipée, Réfrigérateur, Four, Machine à laver","Situé dans le quartier prisé d'Ennakhil (Palmeraie) à Marrakech, cet élégant appartement à vendre offre une surface généreuse de 105 m². Construit il y a entre 10 et 20 ans, il se distingue par son orientation sud et son sol en marbre raffiné. Avec deux chambres et une salle de bain moderne, cet espace de vie est idéal pour ceux cherchant confort et élégance. La propriété dispose de nombreuses commodités incluant un jardin verdoyant et une terra...",https://www.mubawab-media.com/ad/8/367/960F/h/photo_00_82699360.avif,17,2026-09-30
8363807,Très bel appartement avec jardin,https://www.mubawab.ma/fr/a/8363807/tr%C3%A8s-bel-appartement-avec-jardin,Vente,Appartement,Marrakech,Palmeraie,2 000 000 DH,2000000,112m²,112,3 Pièces,2 Chambres,1 Salle de bain,"Jardin, Terrasse, Piscine, Concierge, Chambre rangement, Meublé, Façade extérieure, Salon européen, Antenne parabolique, Cheminée, Climatisation, Chauffage central, Sécurité, Cuisine équipée, Réfrigérateur, Four","Dans une résidence sécurisée, parc végétal de 45 hectares, 2 piscines, cet appartement de 112 m2 dispose d'un grand salon, une cuisine équipée indépendante ( possibilité cuisine ouverte ) , un cabinet de toilette indépendant, une salle de bain, 2 chambres avec placards intégrés. A l'extérieur 3 terrasses et un grand jardin ensoleillé. Très bon état général, appartement entretenu. Centre commercial de la Palmeraie avec toutes ses. commodités à...",https://www.mubawab-media.com/ad/8/363/807F/h/photo_20_82652069.avif,17,2026-09-30
8362458,"Appartement à vendre 112 m², 2 chambres Ennakhil Palmeraie M...",https://www.mubawab.ma/fr/a/8362458/appartement-%C3%A0-vendre-112-m%C2%B2-2-chambres-ennakhil-palmeraie-marrakech,Vente,Appartement,Marrakech,Palmeraie,2 000 000 DH,2000000,112m²,112,,2 Chambres,1 Salle de bain,"Jardin, Terrasse, Ascenseur, Piscine, Sécurité, Cuisine équipée","Idéal pour une vie de famille confortable, cet appartement de 112 m² en rez-de-jardin dans le quartier recherché de Ennakhil à Marrakech bénéficie d'une double orientation recherchée avec un séjour exposé Sud-Est et un espace nuit orienté Est, offrant une luminosité naturelle agréable et une atmosphère chaleureuse tout au long de la journée. Véritable atout de ce bien, une terrasse privative de 36 m² prolonge harmonieusement l'espace de vie ver...",https://www.mubawab-media.com/ad/8/362/458F/h/annonce-agenz-20260606T131118300Z-1780751433509_82643990.avif,22,2026-09-30
8375886,Appartement avec grande terrasse a la Palmeraie,https://www.mubawab.ma/fr/a/8375886/appartement-avec-grande-terrasse-a-la-palmeraie,Vente,Appartement,Marrakech,Palmeraie,2 050 000 DH,2050000,133m²,133,3 Pièces,2 Chambres,2 Salles de bains,"Terrasse, Garage, Piscine, Concierge, Meublé, Salon européen, Antenne parabolique, Cheminée, Climatisation, Cuisine équipée, Réfrigérateur, Four","Description : Votre agence immobilière HB-immo sur Marrakech à le plaisir de vous proposer dans un domaine Arboré avec piscine un appartement semi meublé d’une surface totale de 133m² avec la terrasse située au 1e étage comprenant une entrée, salon, cuisine, deux chambres, deux salle de bains dont une chambre parentale et une grande terrasse d’environ 30m². -Place de Parking. -N’hésitez pas à nous contacter au plus vite pour visiter ce bien ou...",https://www.mubawab-media.com/ad/8/375/886F/h/IMG_0016_82921927.avif,23,2026-09-21
8294732,REZ DE JARDIN DE 115 M² En Palmeraie Village 2,https://www.mubawab.ma/fr/a/8294732/rez-de-jardin-de-115-m%C2%B2-en-palmeraie-village-2,Vente,Appartement,Marrakech,Palmeraie,2 100 000 DH,2100000,115m²,115,3 Pièces,2 Chambres,1 Salle de bain,"Jardin, Terrasse, Piscine, Concierge, Meublé, Salon européen, Antenne parabolique, Cheminée, Climatisation, Cuisine équipée, Réfrigérateur, Four, Machine à laver, Micro-ondes","Appartement d’Exception en Rez-de-Jardin – Palmeraie Village 2, Marrakech Au cœur de la mythique Palmeraie de Marrakech, découvrez un appartement rare, conjuguant élégance, confort et sérénité, au sein de la prestigieuse résidence Palmeraie Village 2. Ce bien d’exception d’une superficie généreuse de 115 m² séduit par son raffinement et son atmosphère chaleureuse : • Deux chambres spacieuses baignées de lumière naturelle • Un salon élégant av...",https://www.mubawab-media.com/ad/8/294/732F/h/20251023_094432_81873413.avif,12,2026-09-30
7992020,Un beau Rez de jardin au cœur de la palmeraie,https://www.mubawab.ma/fr/a/7992020/un-beau-rez-de-jardin-au-c%C5%93ur-de-la-palmeraie,Vente,Appartement,Marrakech,Palmeraie,2 100 000 DH,2100000,146m²,146,5 Pièces,3 Chambres,2 Salles de bains,"Jardin, Terrasse, Vue sur les montagnes, Piscine, Concierge, Chambre rangement, Antenne parabolique, Climatisation","H dar services vous propose un Superbe rez-de-jardin de 146 m² – 3 façades – La Palmeraie, Marrakech Idéalement situé au cœur de la Palmeraie de Marrakech, ce bel appartement en rez-de-jardin de 146 m² bénéficie d’un emplacement privilégié et de 3 façades, lui offrant une excellente luminosité et une très belle exposition. Il se compose de 3 chambres, 2 salles de bain, d’une grande cuisine, ainsi que d’une chambre de service avec ses toilettes...",https://www.mubawab-media.com/ad/7/992/020F/h/photo_0_83292101.avif,2,2026-09-30
8416790,Appartement en vente à Ennakhil Palmeraie. 4 grandes pièces...,https://www.mubawab.ma/fr/a/8416790/appartement-en-vente-%C3%A0-ennakhil-palmeraie-4-grandes-pi%C3%A8ces-meubl%C3%A9,Vente,Villa,Marrakech,Palmeraie,2 100 000 DH,2100000,105m²,105,4 Pièces,2 Chambres,1 Salle de bain,"Jardin, Terrasse, Garage, Vue sur les montagnes, Piscine, Concierge, Chambre rangement, Meublé, Façade extérieure, Salon Marocain, Salon européen, Antenne parabolique, Cheminée, Chauffage central, Sécurité, Double vitrage, Porte blindée, Cuisine équipée, Réfrigérateur, Four, Machine à laver, Micro-ondes","Située dans le prestigieux quartier de la Palmeraie à Marrakech, cette propriété raffinée est un véritable havre de paix. Établie dans le village de Palmeraie, la résidence offre un cadre de vie exceptionnel à seulement quelques minutes du centre dynamique de Marrakech. Dotée d'une façade extérieure charmante, la villa de 105 m² présente une architecture traditionnelle avec ses arcs et ses détails typiques, tout en intégrant le confort moderne. ...",https://www.mubawab-media.com/ad/8/416/790F/h/photo_00_83233589.avif,19,2026-09-30
8303852,Palmeraie: Appartement 116 m2 avec 2 Chs / Jardin,https://www.mubawab.ma/fr/a/8303852/palmeraie-appartement-116-m2-avec-2-chs-jardin,Vente,Appartement,Marrakech,Palmeraie,2 100 000 DH,2100000,116m²,116,1 Pièce,2 Chambres,1 Salle de bain,"Jardin, Terrasse, Piscine, Antenne parabolique, Cheminée, Climatisation, Chauffage central, Sécurité, Cuisine équipée, Réfrigérateur, Four, Machine à laver","Dans une résidence avec un parc de 45 hectares, 2 piscines ouvertes toute l'année, cet appartement de 116 m2 titré dispose de 2 grandes chambres avec chacune leur terrasse, un salon avec une belle terrasse couverte, cuisine équipée, salle de bain et cabinet de toilette indépendant. Prestations de qualité : marbre, cèdre, climatisation réversible. A l'extérieur un grand jardin, calme est bien arboré. Exposition Sud. Pas de vis à vis. Résidence séc...",https://www.mubawab-media.com/ad/8/303/852F/h/photo_11_81972102.avif,14,2026-09-30
8410890,Appartement rez de jardin 2 chambres,https://www.mubawab.ma/fr/a/8410890/appartement-rez-de-jardin-2-chambres,Vente,Appartement,Marrakech,Palmeraie,2 100 000 DH,2100000,116m²,116,3 Pièces,2 Chambres,1 Salle de bain,"Jardin, Terrasse, Piscine, Concierge, Chambre rangement, Façade extérieure, Salon européen, Antenne parabolique, Cheminée, Climatisation, Sécurité, Cuisine équipée, Réfrigérateur, Four","Dans une belle résidence de la Palmeraie, parc de 45 hectares, 2 piscines, sécurité 24/24, cet appartement de 116 m2 titré dispose de 2 grandes chambres avec terrasses, un salon avec cheminée et une terrasse couverte, cuisine indépendante ( possibilité cuisine ouverte) salle de bain, cabinet de toilette invité ( possibilité 2 salles de bain). A l'extérieur un joli jardin sans vis à vis, proximité piscine. Centre commercial de la Palmeraie à 15 mi...",https://www.mubawab-media.com/ad/8/410/890F/h/photo_20_83167422.avif,14,2026-09-30
8406845,Appartement 2 chambres avec piscine rez de jardin palmeraie,https://www.mubawab.ma/fr/a/8406845/appartement-2-chambres-avec-piscine-rez-de-jardin-palmeraie,Vente,Appartement,Marrakech,Palmeraie,2 100 000 DH,2100000,260m²,260,3 Pièces,2 Chambres,2 Salles de bains,"Jardin, Terrasse, Garage, Ascenseur, Piscine, Concierge, Meublé, Salon européen, Antenne parabolique, Climatisation, Chauffage central, Sécurité, Double vitrage, Cuisine équipée, Réfrigérateur, Four, Machine à laver, Micro-ondes",L'agence Votr'Concept immo met en vente un appartement meublé situé au sein d'un complexe résidentiel à l'entrée de la palmeraie route de casablanca L'appartement est de 260m² dont 94 m² habitable. L'appartement est composé de : Une suite parentale avec sa salle de bain privative et placards avec accès direct vers un magnifique jardin et piscine privatifs Une chambre avec placard et salle de bain privative Ub grand salon-séjour avec accès...,https://www.mubawab-media.com/ad/8/406/845F/h/photo_00_83124664.avif,11,2026-09-30
8401136,Bel appartement à vendre à Ennakhil Palmeraie. Grande superf...,https://www.mubawab.ma/fr/a/8401136/bel-appartement-%C3%A0-vendre-%C3%A0-ennakhil-palmeraie-grande-superficie-de-135-m%C2%B2-r%C3%A9sidence-avec-gardien-grande-piscine,Vente,Appartement,Marrakech,Palmeraie,2 100 000 DH,2100000,135m²,135,7 Pièces,3 Chambres,3 Salles de bains,"Terrasse, Piscine, Concierge","Niché dans le prestigieux quartier d'Ennakhil au sein du district de Palmeraie à Marrakech, cet appartement de 135 m² offre une expérience de vie luxueuse avec une orientation sud époustouflante. Cette propriété, âgée de 5 à 10 ans, est située au troisième étage, maximisant les vues tranquilles sur les palmiers et la lumière naturelle tout au long de la journée. L'appartement dispose de trois chambres spacieuses et de trois salles de bains élégam...",https://www.mubawab-media.com/ad/8/401/136F/h/photo_00_83063052.avif,18,2026-09-30
8387448,Magnifique rez de jardin dans la Palmeraie,https://www.mubawab.ma/fr/a/8387448/magnifique-rez-de-jardin-dans-la-palmeraie,Vente,Appartement,Marrakech,Palmeraie,2 100 000 DH,2100000,107m²,107,3 Pièces,2 Chambres,2 Salles de bains,"Terrasse, Piscine, Concierge, Façade extérieure, Cheminée, Climatisation, Sécurité, Cuisine équipée, Réfrigérateur, Four, Machine à laver, Micro-ondes","Ce joli appartement est une opportunité à saisir d'urgence. Situé dans la Palmeraie dans une résidence sécurisée avec plusieurs piscines, il comporte 2 chambres avec rangements, une cuisine équipée, un salon avec cheminée et trois terrasses ombragées donnant sur les jardins. Agences s'abstenir",https://www.mubawab-media.com/ad/8/387/448F/h/WhatsApp%20Image%202026-07-21%20at%2018.31.55_82914022.avif,12,2026-09-30
8346590,Apparemment à Palmeraie village 2 à vendre 210mill,https://www.mubawab.ma/fr/a/8346590/apparemment-%C3%A0-palmeraie-village-2-%C3%A0-vendre-210mill,Vente,Autre,Marrakech,Palmeraie,2 100 000 DH,2100000,116m²,116,1 Pièce,2 Chambres,2 Salles de bains,"Jardin, Terrasse, Garage, Ascenseur, Piscine, Concierge, Chambre rangement, Façade extérieure, Salon Marocain, Salon européen, Antenne parabolique, Cheminée, Sécurité, Double vitrage, Porte blindée, Cuisine équipée",Apparemment Palmeraie village très proche de la piscine pergola pavillon D,https://www.mubawab-media.com/ad/8/346/590F/h/1000594419_82424860.avif,7,2026-09-30
8233270,Vente d'un bel appartement de 163 m²,https://www.mubawab.ma/fr/a/8233270/vente-d-un-bel-appartement-de-163-m%C2%B2,Vente,Appartement,Marrakech,Palmeraie,2 100 000 DH,2100000,163m²,163,5 Pièces,2 Chambres,1 Salle de bain,"Jardin, Terrasse, Garage","Appartement à vendre Marrakech 163 m² dont un jardin de 55 m et une terrasse de 5 m. 2 chambres salon cuisine et salle de bain. Un rez de jardin dans une résidence fermée avec 3 piscines, cours de tennis et terrain de basket. Service de gardiennage et parking assurés. au coeur de la palmeraie sur la route de casa. Prix de vente 2.100.000",https://www.mubawab-media.com/ad/8/233/270F/h/photo_00_81213757.avif,12,2026-09-30
8340030,À vendre: lots de terrain sur la route de Casa,https://www.mubawab.ma/fr/a/8340030/%C3%A0-vendre-lots-de-terrain-sur-la-route-de-casa,Vente,Villa,Marrakech,Palmeraie,2 200 000 DH,2200000,400m²,400,,,,,"Réf : 020S/026 Dernière opportunité disponible Plus que 5 lots restants dans une résidence fermée idéalement située sur la Route de Casablanca, au cœur de la Palmeraie de Marrakech. Le projet est destiné à la construction de villas individuelles haut standing, dans un environnement calme, verdoyant et résidentiel, offrant intimité, sécurité et cadre de vie privilégié. Surfaces disponibles : 250 m² 360 m² 392 m² 400 m² 507 m² Prix : 5...",https://www.mubawab-media.com/ad/8/340/030F/h/WhatsApp%20Image%202026-05-12%20at%2022.51.29_82454036.avif,2,2026-09-30
8113630,Villa semi finie à vendre à la Palmeraie Marrakech,https://www.mubawab.ma/fr/a/8113630/villa-semi-finie-%C3%A0-vendre-%C3%A0-la-palmeraie-marrakech,Vente,Villa,Marrakech,Palmeraie,2 200 000 DH,2200000,240m²,240,7 Pièces,5 Chambres,4 Salles de bains,"Jardin, Terrasse, Garage, Piscine, Concierge, Entre-seul, Salon Marocain, Salon européen, Sécurité","Nous mettons en vente une villa semi finie située à la palmeraie de Marrakech dans une résidence fermée et sécurisée, elle se compose de deux salons, 5 chambres, 4 salles de bains, un garage et un jardin, la villa est d’une superficie de 250m² au sol 120m² au RDC et 120m² à l’étage plus le roof top. Cette villa est idéale pour une famille ou pour ceux qui recherchent une maison de prestige, elle offre la possibilité d’aménager l’espace selon vos...",https://www.mubawab-media.com/ad/8/113/630F/h/villa%20sf1_79981283.avif,14,2026-09-30
8338221,Appartement palmeraie sud tres belle terrasse,https://www.mubawab.ma/fr/a/8338221/appartement-palmeraie-sud-tres-belle-terrasse,Vente,Appartement,Marrakech,Palmeraie,2 300 000 DH,2300000,122m²,122,2 Pièces,2 Chambres,2 Salles de bains,"Jardin, Terrasse, Piscine, Concierge, Meublé, Salon européen, Cheminée, Climatisation, Sécurité, Cuisine équipée, Réfrigérateur, Four","Prix non négociable. Bel appartement au 1er étage proposé à la vente non meublé, situé à la Palmeraie dans une résidence sécurisée avec jardins et piscines collectives. L'appartement comprend: un séjour avec cheminée ouvert sur une grande terrasse avec vue sur lac et piscine, une cuisine américaine équipée, deux chambres avec placards, une salle de bain, une salle de douche avec toilettes. Surface 122 m² dont 46 m² de terrasse. Frais de syn...",https://www.mubawab-media.com/ad/8/338/221F/h/2f128708-68d7-4ac1-8290-13f2c24a3121_82333406.avif,17,2026-09-30
8349676,Appartement 3 ch à vendre Palmeraie,https://www.mubawab.ma/fr/a/8349676/appartement-3-ch-%C3%A0-vendre-palmeraie,Vente,Appartement,Marrakech,Palmeraie,2 300 000 DH,2300000,140m²,140,3 Pièces,3 Chambres,2 Salles de bains,"Jardin, Terrasse, Garage, Piscine, Concierge, Salon Marocain, Climatisation, Cuisine équipée","Bel appartement au rez de jardin de 140 m² proposé à la vente vide, situé à la Palmeraie dans un complexe sécurisé. Composé d'un salon ouvert sur terrasse et jardin, une cuisine avec buanderie, trois chambres à coucher, une salle de bain avec toilettes, une salle de douche, un parking, jardins et piscines collectives. Frais de syndic : 17 000 Dhs/an",https://www.mubawab-media.com/ad/8/349/676F/h/0edf7a0b-c4c5-474a-81f8-16f4b911e1ef_82461019.avif,15,2026-09-30
8312645,"Villa à Vendre de 172.0 m² à Marrakech, Palmeraie Extension",https://www.mubawab.ma/fr/a/8312645/villa-%C3%A0-vendre-de-172-0-m%C2%B2-%C3%A0-marrakech-palmeraie-extension,Vente,Villa,Marrakech,Palmeraie,2 300 000 DH,2300000,172m²,172,4 Pièces,2 Chambres,2 Salles de bains,"Jardin, Terrasse, Garage","À vendre, villa spacieuse de 120 m² située dans le quartier prisé de Palmeraie Extension à Marrakech. Cette propriété de 172 m² comprend 2 chambres, 2 salles de bain et s'étend sur 2 niveaux. Profitez d'un jardin de 52 m² et de terrasses de 52 m². Prix : 2 300 000 Dhs. Une opportunité à ne pas manquer !",https://www.mubawab-media.com/ad/8/312/645F/h/image_873372468_82065637.avif,22,2026-09-30
8242631,Green View Resort: appartement familial 3 chambres de 108 m²,https://www.mubawab.ma/fr/pa/8242631/green-view-resort-appartement-familial-3-chambres-de-108-m%C2%B2,Vente,Appartement,Marrakech,Palmeraie,2 376 000 DH,2376000,108m²,108,4 Pièces,3 Chambres,2 Salles de bains,"Garage, Ascenseur, Piscine, Concierge, Climatisation, Chauffage central, Sécurité, Double vitrage, Cuisine équipée, Four","GREEN VIEW RESORT, aux portes de la Palmeraie, Marrakech. Appartement de 108 m², 3 chambres, 2 salles de bains, 4 pièces, avec place de parking. Prix : 2 376 000 DH, soit 22 000 DH le m². Plan de paiement : 50 % à la réservation, 25 % à la fin du gros œuvre, 25 % à la remise des clés. Fonds sécurisés sur un compte séquestre ouvert à la Caisse de Dépôt et de Gestion : vous ne virez jamais directement au promoteur. Livraison prévue en déce...",https://www.mubawab-media.com/ad/8/242/631F/h/greenview_06_p20_83199054.avif,10,2026-09-30
8308690,"Vente Villa, 2 Chambres, Non Meublé, Piscine, Palmeraie",https://www.mubawab.ma/fr/a/8308690/vente-villa-2-chambres-non-meubl%C3%A9-piscine-palmeraie,Vente,Villa,Marrakech,Palmeraie,2 400 000 DH,2400000,150m²,150,3 Pièces,2 Chambres,2 Salles de bains,"Jardin, Terrasse, Garage, Piscine, Concierge, Chambre rangement, Salon européen, Antenne parabolique, Climatisation, Sécurité, Double vitrage, Cuisine équipée, Réfrigérateur, Four, Machine à laver, Micro-ondes","Nous vous proposons une magnifique villa à vente située à la Palmeraie, dans un environnement calme, verdoyant et sécurisé. Offrant un cadre de vie privilégié, cette villa combine confort, intimité et sérénité, idéale pour profiter pleinement d’un cadre résidentiel recherché tout en restant à proximité des commodités essentielles. Caractéristiques du bien : • 2 chambres • 2 salles de bain • 1 salon • Superficie de 150 m2 • Non meublée • Cuisine...",https://www.mubawab-media.com/ad/8/308/690F/h/Design%20sans%20titre%20%2884%29_82021206.avif,10,2026-09-30
8214312,Superbe appartement a vendre a la palmeraie,https://www.mubawab.ma/fr/a/8214312/superbe-appartement-a-vendre-a-la-palmeraie,Vente,Appartement,Marrakech,Palmeraie,2 450 000 DH,2450000,150m²,150,3 Pièces,2 Chambres,3 Salles de bains,"Jardin, Terrasse, Piscine, Sécurité","À vendre, superbe appartement situé au cœur de la prestigieuse Palmeraie de Marrakech.Cet appartement allie confort, tranquillité et verdure, au sein d’une résidence sécurisée avec piscine espaces verts terrains sportsdune superficie de 150 m, avec 2 chambres 3 salles de bain 4 belles terrasses",https://www.mubawab-media.com/ad/8/214/312F/h/amg_5911_82668381.avif,29,2026-09-30
8330756,Sublime rez de jardin 2ch Palmeraie,https://www.mubawab.ma/fr/a/8330756/sublime-rez-de-jardin-2ch-palmeraie,Vente,Appartement,Marrakech,Palmeraie,2 450 000 DH,2450000,120m²,120,2 Pièces,2 Chambres,2 Salles de bains,"Jardin, Terrasse, Garage, Piscine, Concierge, Meublé, Salon européen, Cheminée, Climatisation, Sécurité, Cuisine équipée","Joli appartement rez de jardin de 120 m² proposé à la vente meublé, situé au coeur de la Palmeraie dans une résidence sécurisée. Composé d'un salon avec cheminée et salle à manger donnant accès à la terrasse, une cuisine équipée, deux chambres à coucher avec accés au jardin et terrasse, deux salles de douche avec toilettes, jardins et piscines collectives",https://www.mubawab-media.com/ad/8/330/756F/h/385d7da5-c2be-4a20-85d3-b30f17eaa42e_82256143.avif,19,2026-09-30
8303027,Duplex à vendre en semi meublé aux jardins de la Palmeraie,https://www.mubawab.ma/fr/a/8303027/duplex-%C3%A0-vendre-en-semi-meubl%C3%A9-aux-jardins-de-la-palmeraie,Vente,Duplex,Marrakech,Palmeraie,2 500 000 DH,2500000,221m²,221,3 Pièces,3 Chambres,2 Salles de bains,"Jardin, Terrasse, Garage, Vue sur mer, Vue sur les montagnes, Concierge, Meublé, Salon européen, Climatisation, Sécurité, Double vitrage, Cuisine équipée, Réfrigérateur, Four, Micro-ondes","Duplex à vendre en semi meublé, situé dans une résidence sécurisée aux jardins de la palmeraie à Marrakech . ce magnifique duplex d’une superficie de 221 m², au 2ᵉ étage, offre un cadre de vie agréable et verdoyant. Il se compose de : * Au premier niveau : Un hall d’entrée Deux salons lumineux avec terrasse Une cuisine équipée avec buanderie Toilettes invités * À l’étage : Trois chambres spacieuses avec dressing et placards Deux salles de bains ...",https://www.mubawab-media.com/ad/8/303/027F/h/WhatsApp%20Image%202021-06-08%20at%2015.43.34%20%284%29_35263552_82125372.avif,30,2026-09-30
8294832,Appartement d'Exception de 127 m² à la Palmeraie 2,https://www.mubawab.ma/fr/a/8294832/appartement-d-exception-de-127-m%C2%B2-%C3%A0-la-palmeraie-2,Vente,Appartement,Marrakech,Palmeraie,2 500 000 DH,2500000,127m²,127,3 Pièces,2 Chambres,1 Salle de bain,"Jardin, Terrasse, Garage, Piscine, Concierge, Meublé, Façade extérieure, Salon européen, Antenne parabolique, Cheminée, Climatisation, Cuisine équipée, Réfrigérateur, Four, Machine à laver, Micro-ondes","Au cœur de l'une des résidences les plus prisées de Marrakech, découvrez cet appartement rare qui incarne l'art de vivre marocain contemporain. Niché dans un écrin de verdure face à un magnifique jardin, ce bien de standing a fait l'objet d'une rénovation complète orchestrée avec un goût exquis. Chaque détail a été pensé pour créer une atmosphère à la fois élégante et chaleureuse. Les espaces de vie : Un salon généreux baigné de lumière nature...",https://www.mubawab-media.com/ad/8/294/832F/h/P1180044_81873766.avif,11,2026-09-30
8257842,À Vendre – Superbe Duplex à la Palmeraie,https://www.mubawab.ma/fr/a/8257842/%C3%A0-vendre-%E2%80%93-superbe-duplex-%C3%A0-la-palmeraie,Vente,Duplex,Marrakech,Palmeraie,2 500 000 DH,2500000,218m²,218,4 Pièces,3 Chambres,2 Salles de bains,"Jardin, Terrasse, Garage, Vue sur les montagnes, Piscine, Concierge, Climatisation, Cuisine équipée","Découvrez ce magnifique duplex de 217 m², situé au 2ème étage d’une résidence calme, sécurisée et très bien entretenue, offrant un grand jardin et une belle piscine. Il se compose de : 3 chambres, dont une suite parentale et une des deux chambres disposent chacune d’une terrasse offrant une vue dégagée sur les montagnes de l’Atlas ainsi que sur le lever du soleil avec les montgolfières, très tôt le matin, 2 salles de bain, Une toilette invités, U...",https://www.mubawab-media.com/ad/8/257/842F/h/WhatsApp%20Image%202021-06-08%20at%2015.43.34%20%284%29_35263552_81465471.avif,31,2026-09-30
8382514,"Villa à vendre Palmeraie Extension, Marrakech",https://www.mubawab.ma/fr/a/8382514/villa-%C3%A0-vendre-palmeraie-extension-marrakech,Vente,Villa,Marrakech,Palmeraie,2 500 000 DH,2500000,120m²,120,3 Pièces,2 Chambres,2 Salles de bains,"Jardin, Terrasse, Garage, Vue sur les montagnes, Piscine, Concierge, Chambre rangement, Salon Marocain, Cheminée, Climatisation, Sécurité, Porte blindée, Cuisine équipée","Villa à vendre – Palmeraie Extension, Marrakech cette charmante villa située dans le quartier recherché de la **Palmeraie Extension**, offrant un cadre de vie calme, lumineux et agréable. Édifiée sur un terrain de 172 m² avec une surface habitable de 120 m², cette villa est idéale pour une résidence principale, une maison de vacances ou un investissement immobilier. Composition : * 2 chambres * 2 salles de bains * Salon lumineux * Cuisine fo...",https://www.mubawab-media.com/ad/8/382/514F/h/WhatsApp%20Image%202026-07-14%20at%2016.30.33_82860562.avif,14,2026-09-30
8366067,Appartement de luxe à ennakhil palmeraie village 3,https://www.mubawab.ma/fr/a/8366067/appartement-de-luxe-%C3%A0-ennakhil-palmeraie-village-3,Vente,Appartement,Marrakech,Palmeraie,2 500 000 DH,2500000,115m²,115,2 Pièces,2 Chambres,2 Salles de bains,"Jardin, Terrasse, Garage, Piscine, Meublé, Façade extérieure, Salon européen, Climatisation, Chauffage central, Sécurité, Cuisine équipée, Réfrigérateur, Four, Machine à laver, Micro-ondes","Vente Appartement rez de jardin de luxe haut gamme et entièrement neuf , situé dans une residence sécurisée 24/24 et sous surveillance avec caméra. il se compose de : - 1 chambre à coucher parental avec sa salle de bain - 1 chambre enfant donnant directement sur la terrasse.m et jardin. - 2 salons Européens neuf et design - 1 salle de bain - cuisine américaine haut gamme avec éclairage led et placard vitré -. 2 terrasses vue sur jardin...",https://www.mubawab-media.com/ad/8/366/067F/h/IMG_6930_82679037.avif,18,2026-09-30
8127112,Vente Appartement meublée d’Exception à Marrakech,https://www.mubawab.ma/fr/a/8127112/vente-appartement-meubl%C3%A9e-d%E2%80%99exception-%C3%A0-marrakech,Vente,Appartement,Marrakech,Palmeraie,2 500 000 DH,2500000,90m²,90,3 Pièces,2 Chambres,2 Salles de bains,"Jardin, Terrasse, Garage, Vue sur les montagnes, Piscine, Concierge, Chambre rangement, Meublé, Façade extérieure, Salon Marocain, Antenne parabolique, Climatisation, Chauffage central, Cuisine équipée, Réfrigérateur, Four, Machine à laver, Micro-ondes","Vente appartement haut standing – Vue imprenable sur l’Atlas à Marrakech À la lisière de la féerique Palmeraie Annakhil, dans un écrin naturel de palmiers et d’oliviers centenaires, ce somptueux appartement vous offre un cadre de vie unique entre nature, luxe et sérénité. Situé au sein du prestigieux Atlas Golf Resort, l’un des domaines résidentiels les plus prisés de Marrakech, ce bien rare allie harmonieusement l’architecture marocaine traditio...",https://www.mubawab-media.com/ad/8/127/112F/h/IMG_2552_80119041.avif,19,2026-09-30
8402696,Duplex à vendre à la Palmeraie,https://www.mubawab.ma/fr/a/8402696/duplex-%C3%A0-vendre-%C3%A0-la-palmeraie,Vente,Duplex,Marrakech,Palmeraie,2 550 000 DH,2550000,217m²,217,4 Pièces,3 Chambres,3 Salles de bains,"Jardin, Garage, Piscine, Climatisation, Sécurité, Cuisine équipée","KARIM IMMO SUD vous propose à la vente un magnifique duplex situé au cœur de la prestigieuse Palmeraie de Marrakech. D’une superficie généreuse de 272 m2 ce bien offre un cadre de vie privilégié, alliant confort, espace, tranquillité et élégance, au sein d’une résidence sécurisée et soigneusement entretenue. Le duplex se compose de : Un grand salon lumineux, idéal pour recevoir et profiter de beaux moments en famille. 3 chambres à coucher, confor...",https://www.mubawab-media.com/ad/8/402/696F/h/photo_0_83080020.avif,30,2026-09-30
8406613,Appartement de 2 chambres à vendre – Palmeraie Village 2,https://www.mubawab.ma/fr/a/8406613/appartement-de-2-chambres-%C3%A0-vendre-%E2%80%93-palmeraie-village-2,Vente,Appartement,Marrakech,Palmeraie,2 550 000 DH,2550000,118m²,118,3 Pièces,2 Chambres,2 Salles de bains,"Terrasse, Garage, Piscine, Meublé, Climatisation, Cuisine équipée","Appartement à vendre – Palmeraie Village 2, Marrakech Bel appartement entièrement rénové situé dans le recherché Palmeraie Village 2, alliant le confort contemporain à des touches Art Déco soigneusement sélectionnées. La propriété offre une surface totale de 118 m², y compris une terrasse privée de 34 m², offrant une excellente intimité sans voisins gênants. Caractéristiques de la propriété : * Superficie totale : 118 m² * Terrasse privée : 3...",https://www.mubawab-media.com/ad/8/406/613F/h/photo_0_83122244.avif,18,2026-09-30
8328589,Mon numér O7O1O7O2O7 terrain villa au palmeraie,https://www.mubawab.ma/fr/a/8328589/mon-num%C3%A9r-o7o1o7o2o7-terrain-villa-au-palmeraie,Vente,Villa,Marrakech,Palmeraie,2 563 000 DH,2563000,466m²,466,,,,,Terrain titré zone villa au palmeraie,https://www.mubawab-media.com/ad/8/328/589F/h/1000476422_82233261.avif,1,2026-09-30
8315784,Duplex a vendre au cœur de la palmeraie,https://www.mubawab.ma/fr/a/8315784/duplex-a-vendre-au-c%C5%93ur-de-la-palmeraie,Vente,Duplex,Marrakech,Palmeraie,2 580 000 DH,2580000,272m²,272,7 Pièces,3 Chambres,2 Salles de bains,"Jardin, Terrasse, Garage, Ascenseur, Piscine, Antenne parabolique, Climatisation, Chauffage central, Sécurité, Double vitrage, Cuisine équipée",Je mets en vente un joli duplex de 272 m2 situé au cœur de la palmeraie dans une résidence avec piscine et sécurisée avec une vue panoramique en face de GOLF LE DUPLEX REZ DE CHAUSSÉE DEUX GRANDES SALONS CUISINE ÉQUIPÉE TOILETTE INVITÉ PREMIER ÉTAGE 3 CHAMBRES DONT UNE SUITE PARENTALE ET DEUX CHAMBRES AVEC TERRASSE VUE GOLF SALLE DE BAIN AVEC BAIGNOIRE Pour plus d’informations n’hésitez pas à nous contacter,https://www.mubawab-media.com/ad/8/315/784F/h/photo_0_82370979.avif,29,2026-09-30
8363643,"Riad 4 chambres, 3 Piscines, Palmeraie proche Médina",https://www.mubawab.ma/fr/a/8363643/riad-4-chambres-3-piscines-palmeraie-proche-m%C3%A9dina,Vente,Riad,Marrakech,Palmeraie,2 600 000 DH,2600000,80m²,80,7 Pièces,4 Chambres,3 Salles de bains,"Terrasse, Garage, Piscine, Concierge, Chambre rangement, Meublé, Salon Marocain, Climatisation, Sécurité, Cuisine équipée, Réfrigérateur, Machine à laver, Micro-ondes","Nous vous proposons un riad clé en main directement exploitable, situé dans une résidence très recherchée de la Palmeraie, à seulement quelques minutes de la Médina, offrant un excellent potentiel locatif dans un environnement calme, sécurisé et très apprécié par la clientèle touristique. Opportunité rare pour investisseur : • Exploitation immédiate • Rentabilité déjà en place • Chiffre d’affaires moyen : 40 000 DH / mois en location à la chambr...",https://www.mubawab-media.com/ad/8/363/643F/h/1779383806665_alwmm23uu6_4_82638955.avif,14,2026-09-30
8336542,Bel appartement à vendre Jardins de la Palmeraie,https://www.mubawab.ma/fr/a/8336542/bel-appartement-%C3%A0-vendre-jardins-de-la-palmeraie,Vente,Appartement,Marrakech,Palmeraie,2 600 000 DH,2600000,113m²,113,3 Pièces,2 Chambres,2 Salles de bains,"Jardin, Terrasse, Ascenseur, Piscine, Salon Marocain, Antenne parabolique, Cheminée, Climatisation, Sécurité, Cuisine équipée, Réfrigérateur, Four","Situé dans la prestigieuse résidence « Jardins de la Palmeraie III », au cœur de la Palmeraie, cet appartement lumineux d’une superficie de 113 m² au 1er et dernier étage offre un cadre de vie agréable au sein d’une résidence sécurisée. Il se compose de 2 chambres spacieuses avec dressing, d’un salon convivial, d’une cuisine équipée fonctionnelle, et d’une grande terrasse. L’appartement est équipé de systèmes de climatisation assurant un confort...",https://www.mubawab-media.com/ad/8/336/542F/h/WhatsApp%20Image%202026-04-17%20at%2013.03.02%20%285%29_82315483.avif,17,2026-09-30
8348665,Appartement vide à vendre avec piscine collective – la Palme...,https://www.mubawab.ma/fr/a/8348665/appartement-vide-%C3%A0-vendre-avec-piscine-collective-%E2%80%93-la-palmeraie-marrakech,Vente,Appartement,Marrakech,Palmeraie,2 600 000 DH,2600000,113m²,113,3 Pièces,2 Chambres,1 Salle de bain,"Jardin, Terrasse, Garage, Vue sur les montagnes, Piscine, Concierge, Façade extérieure, Salon européen, Cheminée, Climatisation, Chauffage central, Sécurité, Double vitrage, Porte blindée, Cuisine équipée","L’Immobilier Sans Frontières vous propose à la vente cet appartement vide situé au sein de la prestigieuse résidence au cœur de la Palmeraie de Marrakech. Situé au 1er et dernier étage d’un immeuble en R1, cet appartement de 113 m² offre un cadre de vie calme et agréable dans une résidence sécurisée avec espaces verts et piscines. Cet appartement se compose de : Salon – séjour - Toilette invités - Cuisine équipée – 2 chambres spacieuses avec dre...",https://www.mubawab-media.com/ad/8/348/665F/h/0%20image%20a%20la%20une%20Photo_82450075.avif,16,2026-09-30
8251335,Bel appartement à vendre à la Palmeraie 3 chambres,https://www.mubawab.ma/fr/a/8251335/bel-appartement-%C3%A0-vendre-%C3%A0-la-palmeraie-3-chambres,Vente,Appartement,Marrakech,Palmeraie,2 650 000 DH,2650000,143m²,143,4 Pièces,3 Chambres,2 Salles de bains,"Jardin, Terrasse, Garage, Piscine, Salon Marocain, Salon européen, Cheminée, Climatisation, Chauffage central, Sécurité, Double vitrage, Porte blindée, Cuisine équipée","Situé au cœur de la prestigieuse Palmeraie, cet appartement lumineux d’une superficie de 143 m² au 1er étage offre un cadre de vie calme et verdoyant au sein d’une résidence sécurisée. Il se compose de 3 chambres spacieuses, d’un salon convivial, d’une cuisine fonctionnelle, et de 2 grandes terrasses idéales pour profiter du climat ensoleillé. L’appartement est équipé d’une climatisation centralisée assurant un confort optimal tout au long de l’a...",https://www.mubawab-media.com/ad/8/251/335F/h/IMG-20200307-WA0012_81398902.avif,15,2026-09-30
8312770,A vendre – Spacieux appartement en rez de chaussée à la Palm...,https://www.mubawab.ma/fr/a/8312770/a-vendre-%E2%80%93-spacieux-appartement-en-rez-de-chauss%C3%A9e-%C3%A0-la-palmeraie,Vente,Appartement,Marrakech,Palmeraie,2 650 000 DH,2650000,215m²,215,5 Pièces,3 Chambres,3 Salles de bains,"Jardin, Terrasse, Sécurité","Situé a la palmeraie cet appartement en rez-de-chaussée offre un cadre de vie calme, sécurisé et verdoyant. D’une surface généreuse de 215 m², ce bien se compose de : 3 chambres confortables Un vaste espace de vie lumineux Cuisine fonctionnelle (Possibilité d’ajouter : terrasse / jardin / résidence sécurisée si applicable) Grâce à sa belle superficie et son emplacement privilégié, cet appartement est idéal pour une résidence principale, seconda...",https://www.mubawab-media.com/ad/8/312/770F/h/amg_8496_82667339.avif,26,2026-09-30
8255824,Magnifique appartement à vendre à la Palmeraie,https://www.mubawab.ma/fr/a/8255824/magnifique-appartement-%C3%A0-vendre-%C3%A0-la-palmeraie,Vente,Appartement,Marrakech,Palmeraie,2 650 000 DH,2650000,110m²,110,4 Pièces,2 Chambres,1 Salle de bain,"Jardin, Terrasse, Piscine","Magnifique appartement à vendre à la Palmeraie, d'une superficie de 110m² au rez de jardin bénéficiant d’un magnifique jardin privatif qui longe tout l’appartement, au sein d’une résidence calme, sécurisée, dotée d’un grand jardin commun et d’une belle piscine. Composition : - Deux chambres dont une avec terrasse privative ouverte sur le jardin, - Double salon lumineux grâce à une large baie vitrée donnant directement sur le jardin, - Deux c...",https://www.mubawab-media.com/ad/8/255/824F/h/WhatsApp%20Image%202025-10-27%20at%2014.14.45%20%288%29_81445297.avif,16,2026-09-30
8135703,"Appartement à vendre Piscine collective La Palmeraie, Marr...",https://www.mubawab.ma/fr/a/8135703/appartement-%C3%A0-vendre-piscine-collective-la-palmeraie-marrakech,Vente,Appartement,Marrakech,Palmeraie,2 650 000 DH,2650000,134m²,134,4 Pièces,3 Chambres,2 Salles de bains,"Jardin, Terrasse, Garage, Piscine, Concierge, Salon européen, Climatisation, Chauffage central, Sécurité, Double vitrage, Porte blindée, Cuisine équipée","L’Immobilier Sans Frontières vous propose à la vente cet appartement vide situé à La Palmeraie, Marrakech. La superficie communiquée est de 134 m² et le bien est au 2ᵉ étage d’une résidence sécurisée avec piscine collective et jardin collectif. Cet appartement se compose de : Salon européen spacieux – Séjour lumineux – Terrasse – Cuisine équipée – Buanderie – Suite parentale avec placard, balcon, climatisation et salle de bain – 2 chambres avec...",https://www.mubawab-media.com/ad/8/135/703F/h/0%20image%20a%20la%20une_82177403.avif,32,2026-09-30
7826675,Vente duplex marrakech,https://www.mubawab.ma/fr/a/7826675/vente-duplex-marrakech,Vente,Duplex,Marrakech,Palmeraie,2 665 000 DH,2665000,126m²,126,3 Pièces,2 Chambres,2 Salles de bains,"Jardin, Garage, Piscine, Meublé, Climatisation, Cuisine équipée","Chestertons Maroc vous propose un charmant Duplex de 126 m² Palmeraie de Marrakech Duplex spacieux de 126m² réparti sur deux niveaux, offrant une disposition fonctionnelle. meublé, disposant de deux chambres confortables, un salon accueillant pour des moments de détente en famille ou entre amis, une salle a manger, deux salles de bain, dont une équipée d'un jacuzzi pour des instants de relaxation ultime. Intérieur élégamment décoré en cuiv...",https://www.mubawab-media.com/ad/7/826/675F/h/Picture-83725163-1_62219287.avif,15,2026-09-30
8150676,Superbe Villa 15 min du centre ville de Marrakech,https://www.mubawab.ma/fr/a/8150676/superbe-villa-15-min-du-centre-ville-de-marrakech,Vente,Villa,Marrakech,Palmeraie,2 700 000 DH,2700000,1500m²,1500,7 Pièces,9 Chambres,7 Salles de bains,"Jardin, Terrasse, Piscine, Chauffage central, Sécurité, Cuisine équipée","Superbe Villa 15 min du centre ville de Marrakech vous propose à l'achat une superbe villa érigée sur un terrain de 11 000m2 à seulement 15 minutes du centre dans le très prisé circuit de la Palmeraie. La villa a été construite avec goût et matériaux nobles alliant architecture Marocaine et le confort moderne. La villa est bâtie sur 3 niveaux, RDC, 1er et Entre sol. Au RDC, un superbe double séjour lumineux et ouvert donnant sur un grand jardi...",https://www.mubawab-media.com/ad/8/150/676F/h/ed71795fdfb86561e70630eeaa98689b_80353988.avif,33,2026-09-30
8323234,Duplex d'exception au coeur de la Palmeraie,https://www.mubawab.ma/fr/a/8323234/duplex-d-exception-au-coeur-de-la-palmeraie,Vente,Duplex,Marrakech,Palmeraie,2 700 000 DH,2700000,220m²,220,5 Pièces,3 Chambres,3 Salles de bains,"Terrasse, Garage, Ascenseur, Piscine, Concierge, Meublé, Climatisation, Sécurité","ÉLÉGANCE & SÉRÉNITÉ ABSOLUE Situé dans l’un des quartiers les plus prisés de Marrakech, au sein de la prestigieuse Palmeraie de Marrakech, ce somptueux duplex de 220 m² incarne un art de vivre raffiné, entre nature luxuriante et confort contemporain. Niché au dernier étage d’une résidence sécurisée et parfaitement entretenue, ce bien rare offre un cadre de vie exclusif, baigné de lumière et entouré de verdure. Un intérieur pensé pour l’exce...",https://www.mubawab-media.com/ad/8/323/234F/h/PHOTO-2026-03-26-23-37-27_2_82172967.avif,14,2026-09-30
8186450,Un duplex de 3 chambres Terrasse,https://www.mubawab.ma/fr/a/8186450/un-duplex-de-3-chambres-terrasse,Vente,Duplex,Marrakech,Palmeraie,2 700 000 DH,2700000,224m²,224,7 Pièces,3 Chambres,2 Salles de bains,"Jardin, Terrasse, Climatisation, Sécurité","L’agence Esprit-Immo vous propose à la vente un charmant duplex situé à la Palmeraie, au sein d’une résidence sécurisée et bien entretenue, avec de vastes espaces verts et plusieurs piscines collectives. Idéalement situé à proximité du supermarché Carrefour. Au 2ème étage sans ascenseur, seulement 2 appartements par étage. Rez-de-chaussée : - Un double salon avec table à manger donnant sur une grande terrasse sans vis-à-vis - Salle d'e...",https://www.mubawab-media.com/ad/8/186/450F/h/WhatsApp%20Image%202025-07-23%20at%2001.11.56_80728344.avif,13,2026-09-30
7645572,"Une bonne affaire, Terrain bien situé à BAB ATLAS",https://www.mubawab.ma/fr/a/7645572/une-bonne-affaire-terrain-bien-situ%C3%A9-%C3%A0-bab-atlas,Vente,Terrain,Marrakech,Palmeraie,2 800 000 DH,2800000,34070m²,34070,,,,,"Sur les meilleurs emplacements restant à la Palmeraie de Marrakech Maroc est exactement a BAB ATLAS, se trouve ce magnifique terrain constructible de 3 hectares et 4070 m². Très bien placé, bien positionné a cote des hôtels et des restaurants, le terrain est situé dans une zone urbaine constructible où sont déjà construites plusieurs propriétés de prestige. Le terrain est titré et bénéficie de toutes les autorisations et permissions nécessa...",https://www.mubawab-media.com/ad/7/645/572F/h/8351ab25-638f-41c4-8ccf-c6a9d82c6411_41886284.avif,9,2026-09-30
7873964,Joli duplex 3 chambre à vendre Palmerie,https://www.mubawab.ma/fr/a/7873964/joli-duplex-3-chambre-%C3%A0-vendre-palmerie,Vente,Duplex,Marrakech,Palmeraie,2 800 000 DH,2800000,220m²,220,3 Pièces,3 Chambres,3 Salles de bains,"Jardin, Terrasse, Garage, Ascenseur, Piscine, Concierge, Chambre rangement, Meublé, Salon européen, Climatisation, Chauffage central, Sécurité, Cuisine équipée, Réfrigérateur, Machine à laver, Micro-ondes","- JOLI DUPLEX 3 CHAMBRES NON MEUBLÉE AVEC PISCINE À VENDRE-MARRAKECH : - Je vous propose à la vente un duplex 3 chambres meublé d’une superficie de 220 m2,d’une résidence fermée calme et sécurisée 24/24, avec 3 piscines communes,l’appartement est à 10 minutes de la place de jamaa lafna et la mosquée Koutoubia et à 15 minutes de l’aéroport Marrakech Ménara, au cœur de Marrakech ,dans un environnement calme,sécurisé,situé à Palmeraie...",https://www.mubawab-media.com/ad/7/873/964F/h/photo_00_82537672.avif,31,2026-09-30
8247883,Palmeraie 2 – Appartement 3 chambres 144 m²,https://www.mubawab.ma/fr/a/8247883/palmeraie-2-%E2%80%93-appartement-3-chambres-144-m%C2%B2,Vente,Appartement,Marrakech,Palmeraie,2 880 000 DH,2880000,145m²,145,5 Pièces,3 Chambres,2 Salles de bains,"Jardin, Terrasse, Garage, Vue sur les montagnes, Piscine, Concierge, Façade extérieure, Salon Marocain, Salon européen, Antenne parabolique, Cheminée, Climatisation, Chauffage central, Sécurité, Cuisine équipée","Au sein de la prestigieuse résidence Jardins de la Palmeraie 2, cet appartement de 144 m² situé au premier étage séduit par son élégance et son confort. Bénéficiant de trois belles terrasses privative, il offre un cadre de vie paisible et raffiné. L’appartement se compose d’un vaste salon baigné de lumière donnant directement sur la terrasse, de trois chambres spacieuses dont une suite parentale avec salle de bain privative et WC, ainsi qu’une...",https://www.mubawab-media.com/ad/8/247/883F/h/IMG-20250908-WA0016_81364109.avif,22,2026-09-30
8295884,DUPLEX en vente sur la palmeraie 1,https://www.mubawab.ma/fr/a/8295884/duplex-en-vente-sur-la-palmeraie-1,Vente,Duplex,Marrakech,Palmeraie,2 900 000 DH,2900000,230m²,230,5 Pièces,3 Chambres,2 Salles de bains,"Jardin, Terrasse, Garage, Vue sur les montagnes, Piscine, Concierge, Chambre rangement, Salon Marocain, Salon européen, Antenne parabolique, Climatisation, Chauffage central, Sécurité, Double vitrage, Porte blindée, Cuisine équipée, Four","Votre Agence Immobilière SERGHINI IMMO vous propose à la VENTE Un DUPLEXE A La PALMERAIE 1 au 2ÈME ÉTAGE de 230m² , qui se compose de: *03 chambres *02 salle de bain *Une Cuisine *Une buanderie *Une toilette d invitée *Une piscine et jardin privé de la résidence *03 salons *03 terrasses le prix de la VENTE est 2 900 000dh 2,5% Frais",https://www.mubawab-media.com/ad/8/295/884F/h/8c030a1a-699d-4a07-adbe-b9c06dc8bcf2_81887526.avif,13,2026-09-30
8304389,Duplex 222m² avec terrasses circuit de la palmerai,https://www.mubawab.ma/fr/a/8304389/duplex-222m%C2%B2-avec-terrasses-circuit-de-la-palmerai,Vente,Duplex,Marrakech,Palmeraie,2 900 000 DH,2900000,222m²,222,5 Pièces,3 Chambres,2 Salles de bains,"Jardin, Terrasse, Garage, Vue sur les montagnes, Piscine, Concierge, Chambre rangement, Façade extérieure, Salon Marocain, Salon européen, Antenne parabolique, Climatisation, Sécurité, Cuisine équipée",L'agence Votr'Concept immo met en vente un duplex de 222m² situé au sein d'une résidence sécurisée au circuit de la palmeraie. Le Duplex est composé de : Au rez-de-chaussée : Un salon avec terrasse Séjour Cuisine équipée Cour Toilettes invités À l'étage : Une suite parentale avec sa salle de bain privative et placards ainsi qu'une terrasse 2 chambres avec chacune ses placards et terrasse Une salle de bain,https://www.mubawab-media.com/ad/8/304/389F/h/photo_0_81977498.avif,32,2026-09-30
8309891,"Appartement à Vendre de 174.0 m² à Marrakech, Palmeraie",https://www.mubawab.ma/fr/a/8309891/appartement-%C3%A0-vendre-de-174-0-m%C2%B2-%C3%A0-marrakech-palmeraie,Vente,Appartement,Marrakech,Palmeraie,2 900 000 DH,2900000,174m²,174,4 Pièces,3 Chambres,2 Salles de bains,"Jardin, Garage, Climatisation, Chauffage central","Nouvelle annonce de Vente d'un appartement à Marrakech, dans le quartier Palmeraie. Cette propriété spacieuse offre une surface de 174.0m² Ce bien lumineux est idéal. Prix attractif de 2900000 Dhs",https://www.mubawab-media.com/ad/8/309/891F/h/image_45656157_82033600.avif,7,2026-09-30
8393224,"Dans residence gardée avec piscines, palmeraie 1, superbe du...",https://www.mubawab.ma/fr/a/8393224/dans-residence-gard%C3%A9e-avec-piscines-palmeraie-1-superbe-duplex-avec-jardin,Vente,Duplex,Marrakech,Palmeraie,2 950 000 DH,2950000,250m²,250,6 Pièces,3 Chambres,2 Salles de bains,"Jardin, Terrasse, Piscine, Concierge, Salon Marocain, Salon européen, Climatisation","Lb Immo Marrakech vous propose un duplex très lumineux, se composant d’une triple réception, d’une cuisine avec buanderie, d’un toilettes invités, grand jardin d’angle sans vis à vis. À l’étage, une suite parentale avec sa sdb, 2 chambres et une sde, terrasses. Beaucoup de charme pour cet appartement qui donne l’impression d’une villa. N’hésitez pas à nous contacter pour une visite. Honoraires : 2,5 % HT du prix de vente",https://www.mubawab-media.com/ad/8/393/224F/h/photo_00_82977325.avif,22,2026-09-30
8070109,Duplex 3ch à vendre Palmeraie 1,https://www.mubawab.ma/fr/a/8070109/duplex-3ch-%C3%A0-vendre-palmeraie-1,Vente,Duplex,Marrakech,Palmeraie,2 950 000 DH,2950000,,,3 Pièces,3 Chambres,2 Salles de bains,"Jardin, Terrasse, Piscine, Concierge, Salon Marocain, Salon européen, Climatisation, Cuisine équipée","Prix non négociable. Sublime duplex de 250 m² exposé SUD EST proposé à la vente vide situé au coeur de la palmeraie 1 dans un domaine sécurisé avec jardins et piscines collectives. Composé d'un triple séjour avec terrasse, une cuisine équipée, WC visiteurs, une suite parentale avec salle de bain, deux chambres à coucher avec placards, une salle de douche avec toilettes. Frais de syndic : 33 000 dhs/an",https://www.mubawab-media.com/ad/8/070/109F/h/m1_79557986.avif,14,2026-09-30
8318492,Palmeraie: Duplex 399 m2 avec jardin,https://www.mubawab.ma/fr/a/8318492/palmeraie-duplex-399-m2-avec-jardin,Vente,Duplex,Marrakech,Palmeraie,2 950 000 DH,2950000,399m²,399,4 Pièces,3 Chambres,2 Salles de bains,"Jardin, Terrasse, Garage, Piscine, Concierge, Chambre rangement, Façade extérieure, Antenne parabolique, Climatisation, Chauffage central, Sécurité, Cuisine équipée","Dans une très belle résidence disposant de 2 piscines, sécurité 24/24, cet appartement type Duplex de 399 m2 titré dispose au rdv d'une grande pièce de vie, une cuisine avec une buanderie, terrasse et jardin privatif. A l'étage 3 chambres dont une master bedroom, 2 salles de bain. Bon état général. Emplacement proche du centre commercial de la Palmeraie (10 minutes à pied) avec son supermarché, commerces et restaurants. Prix : 2 950 000 Dh",https://www.mubawab-media.com/ad/8/318/492F/h/photo_0_82125969.avif,20,2026-09-30
8356399,Duplex 3 chambres Palmeraie,https://www.mubawab.ma/fr/a/8356399/duplex-3-chambres-palmeraie,Vente,Duplex,Marrakech,Palmeraie,2 950 000 DH,2950000,200m²,200,6 Pièces,3 Chambres,2 Salles de bains,"Terrasse, Piscine, Meublé, Cheminée, Climatisation","L'agence Esprit-immo vous propose à la vente un duplex non meublé situé dans la Palmeraie de Marrakech. Localisation Situé au sein d'une résidence calme et sécurisée composée de seulement 34 logements, ce duplex bénéficie d'un environnement paisible et privilégié. La résidence dispose d'un accès contrôlé par une seule entrée sécurisée ainsi que d'une grande piscine collective. Superficie - Duplex individuel de 150 m² Composition Rez-de-chau...",https://www.mubawab-media.com/ad/8/356/399F/h/1000490218_82533095.avif,15,2026-09-30
8355667,Vente d'une villa à la palmeraie,https://www.mubawab.ma/fr/a/8355667/vente-d-une-villa-%C3%A0-la-palmeraie,Vente,Villa,Marrakech,Palmeraie,2 975 000 DH,2975000,173m²,173,6 Pièces,3 Chambres,2 Salles de bains,"Jardin, Terrasse, Piscine, Concierge, Salon européen, Antenne parabolique, Climatisation, Sécurité, Cuisine équipée","Je mets en vente une villa charmante sur 2 niveaux à la palmeraie dans un environnement verdoyant et calme , située dans une résidence fermée et sécurisée en copropriété d'une superficie de 5 hectares. La villa d'une superficie globale de 220 m2 dont 173 m2 habitables, se compose au niveau du rez-de-chaussée: - d'un double salon européen avec une terrasse extérieure donnant sur le jardin et la piscine - d'un vestiaire avec lavabo et toile...",https://www.mubawab-media.com/ad/8/355/667F/h/20260525_163209_82524996.avif,10,2026-09-30
8228746,Marrakech I Bab Atlas,https://www.mubawab.ma/fr/a/8228746/marrakech-i-bab-atlas,Vente,Villa,Marrakech,Palmeraie,3 000 000 DH,3000000,1500m²,1500,4 Pièces,9 Chambres,11 Salles de bains,"Jardin, Terrasse, Ascenseur, Piscine, Entre-seul, Cuisine équipée, Réfrigérateur, Four, Micro-ondes","Morocco Sotheby's International Realty vous propose une somptueuse propriété située à Marrakech, dans le secteur prisé de Bab Atlas, Palmeraie. Implantée sur un domaine de 2,6 hectares avec un parc luxuriant, cette villa d'inspiration victorienne séduit par son raffinement et comprend également trois pavillons indépendants. Dès l'entrée, un vaste hall mène à de généreux espaces de vie : salons lumineux, salle à manger aux boiseries élégantes, ba...",https://www.mubawab-media.com/ad/8/228/746F/h/1_81163576.avif,22,2026-09-30
8339784,Terrain à la vente à Ennakhil Palmeraie. Surface de ***-**...,https://www.mubawab.ma/fr/a/8339784/terrain-%C3%A0-la-vente-%C3%A0-ennakhil-palmeraie-surface-de-100000-m%C2%B2,Vente,Terrain,Marrakech,Palmeraie,3 000 000 DH,3000000,100000m²,100000,,,,,"Très bon choix pour ce terrain à vendre. Prix 3 000 000 DH. Surface du bien : 100000 m². Venez découvrir ce terrain en vente à Ennakhil (Palmeraie), Marrakech",https://www.mubawab-media.com/ad/8/339/784F/h/photo_00_82349634.avif,9,2026-09-30
8122149,"Grand duplex meublé 204 m² à vendre – Palmeraie, Marrakech",https://www.mubawab.ma/fr/a/8122149/grand-duplex-meubl%C3%A9-204-m%C2%B2-%C3%A0-vendre-%E2%80%93-palmeraie-marrakech,Vente,Duplex,Marrakech,Palmeraie,3 000 000 DH,3000000,204m²,204,5 Pièces,2 Chambres,3 Salles de bains,"Jardin, Terrasse, Vue sur les montagnes, Chambre rangement, Meublé, Façade extérieure, Salon Marocain, Salon européen, Cheminée, Climatisation, Sécurité, Cuisine équipée, Réfrigérateur, Four, Machine à laver","L’Immobilier Sans Frontières vous propose à la vente ce grand duplex meublé situé à La Palmeraie, Marrakech, au sein d’une résidence calme et sécurisée. Ce bien se compose de : Rez-de-chaussée : 2 salons européens - Séjour avec accès jardin - Cuisine équipée - Buanderie - Toilette invités - Cheminée - Baie vitrée - Terrasse - Mini-bar - Caméra de surveillance - Jardin collectif - Sol en marbre Étage : Suite parentale avec grande salle de b...",https://www.mubawab-media.com/ad/8/122/149F/h/0%20image%20a%20la%20une%20Photo%20_82462021.avif,32,2026-09-30
8366189,Très joli duplex à la vente palmeraie,https://www.mubawab.ma/fr/a/8366189/tr%C3%A8s-joli-duplex-%C3%A0-la-vente-palmeraie,Vente,Duplex,Marrakech,Palmeraie,3 100 000 DH,3100000,220m²,220,5 Pièces,3 Chambres,3 Salles de bains,,"Très bel appartement en duplex à vendre – Palmeraie, Marrakech Situé dans un cadre privilégié au cœur de la Palmeraie de Marrakech, ce magnifique duplex de 220 m² offre de beaux volumes et un cadre de vie agréable. Il se compose de : Un vaste salon lumineux Une salle à manger conviviale 3 chambres, dont une superbe suite parentale avec salle de bain privative Une cuisine fonctionnelle Espaces de vie généreux et bien agencés Ce bien alli...",https://www.mubawab-media.com/ad/8/366/189F/h/2d40a813-b709-469e-9365-a70a056535c3_82680456.avif,27,2026-09-30
8278769,Duplex 3 ch à vendre Palmeraie,https://www.mubawab.ma/fr/a/8278769/duplex-3-ch-%C3%A0-vendre-palmeraie,Vente,Duplex,Marrakech,Palmeraie,3 100 000 DH,3100000,240m²,240,3 Pièces,3 Chambres,2 Salles de bains,"Jardin, Terrasse, Piscine, Concierge, Salon Marocain, Salon européen, Climatisation, Cuisine équipée","Duplex au rez de jardin de 240 m² proposé à la vente vide, situé à la palmeraie dans un domaine sécurisé avec jardins et piscines collectives. Composé de trois chambres à coucher dont une suite parentale avec terrasse et salle de bain, une cuisine, une buanderie, une salle de bain avec toilettes, un double séjour ouvert sur terrasse vue sur jardin. Frais de syndic : 33000 dhs/an",https://www.mubawab-media.com/ad/8/278/769F/h/e280a174-13fc-4976-bc2c-3f78b6867753_81703015.avif,28,2026-09-30
8242632,GREEN VIEW RESORT : grand appartement 3 chambres de 147 m²,https://www.mubawab.ma/fr/pa/8242632/green-view-resort-grand-appartement-3-chambres-de-147-m%C2%B2,Vente,Appartement,Marrakech,Palmeraie,3 234 000 DH,3234000,147m²,147,4 Pièces,3 Chambres,2 Salles de bains,"Garage, Ascenseur, Piscine, Concierge, Climatisation, Chauffage central, Sécurité, Double vitrage, Cuisine équipée, Four","GREEN VIEW RESORT, aux portes de la Palmeraie, Marrakech. Appartement de 147 m², 3 chambres, 2 salles de bains, 4 pièces, avec place de parking. Prix : 3 234 000 DH, soit 22 000 DH le m². Plan de paiement : 50 % à la réservation, 25 % à la fin du gros œuvre, 25 % à la remise des clés. Fonds sécurisés sur un compte séquestre ouvert à la Caisse de Dépôt et de Gestion : vous ne virez jamais directement au promoteur. Livraison prévue en déce...",https://www.mubawab-media.com/ad/8/242/632F/h/greenview_06_p20_83199075.avif,10,2026-09-30
8236354,Un ancien Riad en ruine au cœur de la Palmeraie,https://www.mubawab.ma/fr/a/8236354/un-ancien-riad-en-ruine-au-c%C5%93ur-de-la-palmeraie,Vente,Riad,Marrakech,Palmeraie,3 300 000 DH,3300000,360m²,360,9 Pièces,5 Chambres,3 Salles de bains,"Jardin, Terrasse, Garage, Vue sur les montagnes, Chambre rangement, Entre-seul, Salon Marocain, Salon européen","Emplacement exceptionnel dans la prestigieuse Palmeraie, donnant sur une route de 30 m. Riad traditionnel sur 471 m² de terrain titré, à rénover entièrement. Bâti d’environ 180 m² sur 2 niveaux terrasse autour d’une belle cour centrale. Un potentiel unique pour créer une maison d’hôtes ou résidence de charme dans un cadre authentique et verdoyant Prix : 3300.000 DHS Frais d’agence : 3 %",https://www.mubawab-media.com/ad/8/236/354F/h/photo_00_81245280.avif,22,2026-09-30
8258363,Appartement à vendre – Palmeraie marrakech,https://www.mubawab.ma/fr/a/8258363/appartement-%C3%A0-vendre-%E2%80%93-palmeraie-marrakech,Vente,Appartement,Marrakech,Palmeraie,3 300 000 DH,3300000,120m²,120,3 Pièces,2 Chambres,2 Salles de bains,"Terrasse, Garage, Piscine, Meublé, Cuisine équipée","Magnifique appartement meublé de 2 chambres et 2 salles de bain *Surface : 70 m² terrasse de 50 m², soit 120 m² au total *Cuisine : entièrement équipée *Chambres : 2 chambres confortables *Salles de bain : 2, modernes et fonctionnelles *Terrasse : spacieuse, idéale pour profiter du soleil *Stationnement : inclus *Résidence : sécurisée, avec piscine *Charges annuelles : 15.000 dh pour l’entretien de la résidence (gardiennage, piscine, espaces...",https://www.mubawab-media.com/ad/8/258/363F/h/WhatsApp%20Image%202025-11-24%20at%2012.35.32_81470821.avif,19,2026-09-30
8290001,"Villa à Vendre de 2685.0 m² à Marrakech, Palmeraie Extension",https://www.mubawab.ma/fr/a/8290001/villa-%C3%A0-vendre-de-2685-0-m%C2%B2-%C3%A0-marrakech-palmeraie-extension,Vente,Villa,Marrakech,Palmeraie,3 400 000 DH,3400000,2685m²,2685,6 Pièces,4 Chambres,5 Salles de bains,,"Nouvelle annonce de Vente d'une villa à bourrous, dans le quartier Palmeraie Extension. Cette propriété spacieuse offre une surface de 2685.0m² Elle offre une luminosité exceptionnelle. Prix attractif de 3400000 Dhs",https://www.mubawab-media.com/ad/8/290/001F/h/image_768097157_81822153.avif,7,2026-09-30
8420096,Villa à vendre à Palmeraie Bab atlas Marrakech,https://www.mubawab.ma/fr/a/8420096/villa-%C3%A0-vendre-%C3%A0-palmeraie-bab-atlas-marrakech,Vente,Villa,Marrakech,Palmeraie,3 500 000 DH,3500000,225m²,225,3 Pièces,3 Chambres,3 Salles de bains,"Piscine, Salon Marocain, Cuisine équipée","Belle villa située dans une résidence fermée et sécurisée au cœur de la Palmeraie – Bab Atlas. Elle se compose de 3 espaces salons dont un salon marocain, une cuisine équipée et 3 chambres dont une suite parentale. La résidence offre un environnement calme et verdoyant avec grande piscine commune. Emplacement privilégié, à proximité de l’École Américaine, des hôtels de luxe et des principaux axes de la Palmeraie. Une adresse idéale pour une r...",https://www.mubawab-media.com/ad/8/420/096F/h/photo_00_83270068.avif,7,2026-09-30
8246366,Terrains à vendre – Route de ourzazate Marrakech Sidi Abdell...,https://www.mubawab.ma/fr/a/8246366/terrains-%C3%A0-vendre-%E2%80%93-route-de-ourzazate-marrakech-sidi-abdellah-riat,Vente,Villa,Marrakech,Palmeraie,3 500 000 DH,3500000,10000m²,10000,,,,,"terrain de 1 hectare à vendre à Sidi Abdellah, sur la route de l’Ourika (km 11), dans un secteur calme et en pleine évolution. donne directement sur la route principale, idéal pour un projet visible (villa, maison d’hôtes, ou activité touristique).Le deuxième se trouve juste derrière, plus tranquille et intime. Emplacement : À 30 minutes de la Palmeraie À 25 minutes de la Mamounia À 20 minutes du Golf Royal À 5 minutes de l’hôtel The Source e...",https://www.mubawab-media.com/ad/8/246/366F/h/39adac2e-048a-475b-922f-d2806b2f0cb5_82667888.avif,2,2026-09-30
8338701,"Villa 256 m2,3 Chs, piscine",https://www.mubawab.ma/fr/a/8338701/villa-256-m2-3-chs-piscine,Vente,Villa,Marrakech,Palmeraie,3 500 000 DH,3500000,256m²,256,5 Pièces,3 Chambres,2 Salles de bains,"Jardin, Terrasse, Piscine, Chambre rangement, Salon européen, Antenne parabolique, Cheminée, Climatisation, Chauffage central, Sécurité, Cuisine équipée, Réfrigérateur, Four","Dans une belle résidence de la Palmeraie, sécurisée 24/24, cette villa type "" Misria"" de 256 m2 sur un terrain de 253m2 dispose au RDC d'une grande pièce de vie, une cuisine équipée, 2 chambres et une salle de bain . A l'étage une grande suite parentale avec dressing et salle de bain et une très grande terrasse. Le jardin dispose d'une petite piscine, petite surface donc peu d'entretien . Dans la résidence : commerces, terrain, de tennis, sall...",https://www.mubawab-media.com/ad/8/338/701F/h/photo_00_82381237.avif,21,2026-09-30
8297393,Vente Villa d’exception avec piscine Palmeraie,https://www.mubawab.ma/fr/a/8297393/vente-villa-d%E2%80%99exception-avec-piscine-palmeraie,Vente,Villa,Marrakech,Palmeraie,3 500 000 DH,3500000,360m²,360,4 Pièces,3 Chambres,3 Salles de bains,"Jardin, Terrasse, Garage, Piscine, Concierge, Entre-seul, Cheminée, Climatisation, Sécurité, Cuisine équipée","Vente Villa d’exception avec piscine privée à la palmeraie ,Nichée au cœur de la mythique Palmeraie de Marrakech, au sein d’une résidence prestigieuse, sereine et hautement sécurisée, bénéficiant de prestations premium (lagons et cours d’eau paysagers, salle de sport, parc de loisirs pour enfants, court de tennis…), a le privilège de vous présenter à la vente une somptueuse villa avec jardin et piscine privatifs. Pensée pour un art de vivre raffi...",https://www.mubawab-media.com/ad/8/297/393F/h/6a0e767d-ccc7-4be0-be7e-be7abd11a616_81903254.avif,11,2026-09-30
8221626,Magnifique Appartement au coeur de La Palmeraie,https://www.mubawab.ma/fr/a/8221626/magnifique-appartement-au-coeur-de-la-palmeraie,Vente,Appartement,Marrakech,Palmeraie,3 600 000 DH,3600000,122m²,122,3 Pièces,2 Chambres,2 Salles de bains,"Terrasse, Ascenseur, Piscine, Meublé, Salon européen, Cheminée, Climatisation, Chauffage central, Sécurité, Double vitrage, Cuisine équipée, Four, Machine à laver, Micro-ondes","Toit et Vous Immobilier vous présente à la vente un splendide appartement niché au cœur de la Palmeraie. Avec une surface de 122 m², ce bien baigné de lumière séduit par sa conception soignée et ses finitions raffinées. Il comprend deux chambres confortables, chacune dotée de sa salle de bain privative, ainsi qu’un vaste salon ouvert sur une belle terrasse offrant un cadre idéal pour profiter de l’extérieur en toute convivialité. Entièrement meub...",https://www.mubawab-media.com/ad/8/221/626F/h/appart-palmeraie_00001_81086566.avif,19,2026-09-30
8132627,"Villa à Vendre de 425.0 m² à Marrakech, Palmeraie Extension",https://www.mubawab.ma/fr/a/8132627/villa-%C3%A0-vendre-de-425-0-m%C2%B2-%C3%A0-marrakech-palmeraie-extension,Vente,Villa,Marrakech,Palmeraie,3 600 000 DH,3600000,425m²,425,8 Pièces,6 Chambres,9 Salles de bains,"Jardin, Terrasse, Garage, Climatisation","À vendre, magnifique villa située dans le quartier recherché de Palmeraie Extension à Marrakech. D'une superficie de 580 m², elle comprend 6 chambres, 5 salles de bain et s'étend sur 2 niveaux. Profitez d'un jardin de 50 m² et de 160 m² de terrasses. Cette propriété rare est proposée au prix de 3 600 000 Dhs. Ne manquez pas cette opportunité!",https://www.mubawab-media.com/ad/8/132/627F/h/image_917623804_80172969.avif,22,2026-09-30
8248261,Villa de prestige exclusive a vendre Palmeraie,https://www.mubawab.ma/fr/a/8248261/villa-de-prestige-exclusive-a-vendre-palmeraie,Vente,Villa,Marrakech,Palmeraie,3 600 000 DH,3600000,1600m²,1600,16 Pièces,5 Chambres,7 Salles de bains,"Jardin, Terrasse, Garage, Piscine, Chambre rangement, Meublé, Entre-seul, Salon Marocain, Salon européen, Antenne parabolique, Cheminée, Climatisation, Chauffage central, Sécurité, Double vitrage, Porte blindée, Cuisine équipée, Réfrigérateur, Four, Machine à laver, Micro-ondes","Idéalement située au cœur de la Palmeraie de Marrakech, cette propriété d’exception se déploie sur 12 500 m² de jardins paysagers offrant intimité, sérénité et un cadre de vie privilégié. Elle propose 1 600 m² habitables, répartis entre une élégante villa principale de 1 300 m² et 300 m² de bungalows indépendants nichés au milieu des palmiers et de la végétation. Conçue pour conjuguer prestige, confort et art de vivre marocain, la résidence of...",https://www.mubawab-media.com/ad/8/248/261F/h/72d71cc6-5fd7-4980-b86c-f824d6473053_81366964.avif,10,2026-09-30
8345316,Achat Vente Villa avec piscine privée,https://www.mubawab.ma/fr/a/8345316/achat-vente-villa-avec-piscine-priv%C3%A9e,Vente,Villa,Marrakech,Palmeraie,3 675 000 DH,3675000,313m²,313,4 Pièces,3 Chambres,3 Salles de bains,"Jardin, Terrasse, Garage, Piscine, Salon européen, Antenne parabolique, Cheminée, Climatisation, Sécurité, Cuisine équipée, Four, Machine à laver","Au coeur de la mythique palmeraie de Marrakech, dans un magnifique parc paysager étendu de lacs et de végétation luxueuses, dans une résidence qui réunit tout ce qui fait le charme de la ville ocre : une atmosphère chaleureuse, une vue majestueuse sur les montagnes de l'Atlas et un art de vivre unique ; sans oublier les terrains de tennis, basket et foot, les multiples piscines et la salle de sport haut de gamme accessibles aux résidents. A seule...",https://www.mubawab-media.com/ad/8/345/316F/h/WhatsApp%20Image%202026-04-02%20at%2017.12.01%20%283%29_82411828.avif,17,2026-09-30
8422289,Somptueuse maison à vendre à Ennakhil Palmeraie. 6 grandes p...,https://www.mubawab.ma/fr/a/8422289/somptueuse-maison-%C3%A0-vendre-%C3%A0-ennakhil-palmeraie-6-grandes-pi%C3%A8ces-grande-piscine,Vente,Villa,Marrakech,Palmeraie,3 700 000 DH,3700000,366m²,366,6 Pièces,4 Chambres,4 Salles de bains,"Jardin, Piscine, Entre-seul","VILLA CONTEMPORAINE SEMI-FINIE MARRAKECH – SECTEUR STADE Une adresse confidentielle. De beaux volumes. Un projet à personnaliser selon vos envies. Au cœur d’une résidence privée exclusivement composée de villas, cette propriété bénéficie d’un cadre résidentiel recherché dans le secteur du Stade à Marrakech. Implantée sur un terrain titré de 380 m², la villa développe environ 366 m² habitables, répartis sur plusieurs niveaux et offrant de géné...",https://www.mubawab-media.com/ad/8/422/289F/h/photo_0_83294483.avif,7,2026-09-30
8390926,Villa 3 chambres meublée avec piscine palmeraie,https://www.mubawab.ma/fr/a/8390926/villa-3-chambres-meubl%C3%A9e-avec-piscine-palmeraie,Vente,Villa,Marrakech,Palmeraie,3 700 000 DH,3700000,250m²,250,5 Pièces,3 Chambres,2 Salles de bains,"Jardin, Terrasse, Garage, Vue sur les montagnes, Piscine, Meublé, Entre-seul, Salon Marocain, Salon européen, Antenne parabolique, Cheminée, Climatisation, Chauffage central, Sécurité, Cuisine équipée",L'agence Votr'Concept immo met en vente une coquette villa meublée située au sein d'un complexe résidentiel à l'entrée de la palmeraie route de casablanca. La villa est composée de : Une suite parentale avec sa salle de bain privative et placards Une terrasse solarium Une chambre avec placards Une chambre avec placard et accès direct vers le jardin et la piscine Une salle de douche Un salon-séjour avec cheminée et accès au jardin et piscine Une...,https://www.mubawab-media.com/ad/8/390/926F/h/photo_0_82951757.avif,26,2026-09-30
8300925,Opportunité rare d'acquérir un terrain d'exception,https://www.mubawab.ma/fr/a/8300925/opportunit%C3%A9-rare-d-acqu%C3%A9rir-un-terrain-d-exception,Vente,Terrain,Marrakech,Palmeraie,3 700 000 DH,3700000,1040m²,1040,,,,,"Belle affaire pour ce terrain à vendre. Prix 3 700 000 DH. Surface du bien : 1040 m². Ce terrain est proposé à la vente à Ennakhil (Palmeraie), Marrakech",https://www.mubawab-media.com/ad/8/300/925F/h/WhatsApp%20Image%202026-02-10%20at%2018.02.58_81942411.avif,1,2026-09-30
8378300,Belle demeure à marrakech à vendre aux allures d'un palais d...,https://www.mubawab.ma/fr/a/8378300/belle-demeure-%C3%A0-marrakech-%C3%A0-vendre-aux-allures-d-un-palais-des-milles-et-une-nuits,Vente,Villa,Marrakech,Palmeraie,3 750 000 DH,3750000,1650m²,1650,12 Pièces,8 Chambres,8 Salles de bains,"Vue sur les montagnes, Piscine, Meublé, Entre-seul, Cheminée, Chauffage central, Sécurité, Double vitrage","VANEAU MAROC, agence immbolière de luxe à Marrakech, vous propose cette magnifique demeure aux allures d'un palais des Mille et Une Nuits. Nichée au cœur de Bab Atlas, dans l'extension de la Palmeraie, cette somptueuse résidence de 1650 m² habitables, érigée sur un terrain d'un hectare, vous séduira par son architecture mauresque et son luxueux décor inspiré du Moyen-Orient. Cette villa se compose de 8 suites, chacune équipée de sa propre salle...",https://www.mubawab-media.com/ad/8/378/300F/h/2dd9748ae14347fe52fe526969b91f9b_11b7004528_1920-big_82814180.avif,33,2026-09-30
8378746,"À vendre, Superbe duplex de 383 m² à la Palmeraie",https://www.mubawab.ma/fr/a/8378746/%C3%A0-vendre-superbe-duplex-de-383-m%C2%B2-%C3%A0-la-palmeraie,Vente,Duplex,Marrakech,Palmeraie,3 800 000 DH,3800000,383m²,383,4 Pièces,3 Chambres,2 Salles de bains,"Terrasse, Garage, Piscine, Concierge, Chambre rangement, Meublé, Salon Marocain, Climatisation, Chauffage central, Sécurité, Cuisine équipée","À vendre, Superbe duplex de 383 m² à la Palmeraie • Superficie : 383 m² • Spacieux salon offrant un bel espace de vie, idéal pour recevoir famille et amis. • Cuisine située au rez-de-chaussée, fonctionnelle et agréable au quotidien. • Salle d'eau invités. • Buanderie indépendante apportant un véritable confort d'utilisation. À l'étage : • Salle de bain commune. • Première chambre avec terrasse privative, offrant un agréab...",https://www.mubawab-media.com/ad/8/378/746F/h/IMG_5702_82821177.avif,17,2026-09-30
8327754,À VENDRE Deux duplex avec jardins de la Palmeraie,https://www.mubawab.ma/fr/a/8327754/%C3%A0-vendre-deux-duplex-avec-jardins-de-la-palmeraie,Vente,Duplex,Marrakech,Palmeraie,3 800 000 DH,3800000,330m²,330,5 Pièces,3 Chambres,3 Salles de bains,"Jardin, Terrasse, Garage, Piscine, Concierge, Cuisine équipée","Découvrez ces deux magnifiques duplex offrant de beaux volumes et un cadre de vie agréable, idéals pour habitation ou investissement. * 1er duplex : Superficie : 340 m² 3 chambres 2 salons lumineux Jardin privatif Prix de vente : 4 000 000 DHS * 2ème duplex (Rez-de-chaussée) : Superficie : 330 m² Spacieux et bien agencé Jardin privatif Prix de vente : 3 800 000 DHS Ces biens se distinguent par leurs surfaces généreuses et leur potentiel, dans u...",https://www.mubawab-media.com/ad/8/327/754F/h/WhatsApp%20Image%202026-04-06%20at%2017.02.28_82224257.avif,26,2026-09-30
8420043,Villa dexception sur 2hectar titree bourous,https://www.mubawab.ma/fr/a/8420043/villa-dexception-sur-2hectar-titree-bourous-,Vente,Villa,Marrakech,Palmeraie,3 900 000 DH,3900000,333m²,333,6 Pièces,4 Chambres,4 Salles de bains,"Jardin, Piscine, Concierge, Salon Marocain, Salon européen, Climatisation, Sécurité, Cuisine équipée, Réfrigérateur, Four, Machine à laver, Micro-ondes","VILLA D’EXCEPTION SUR 2HECTAR TITRÉE – BOUROUS, MARRAKECH Villa neuve de 333 m² sur un terrain d’environ 5 000 m² 4 suites • 4 façades • Sans vis-à-vis • Puits • Château d’eau • Gardien 19 000 m² supplémentaires inclus dans le même titre foncier — potentiel exceptionnel pour un projet de plusieurs villas, sous réserve des autorisations. Secteur touristique : montgolfières, quads, buggys, proche Palmeraie 20–25 min du centre-ville de Marrak...",https://www.mubawab-media.com/ad/8/420/043F/h/WhatsApp_Image_2026-09-21_at_1.53.07_PM__5__83269402.avif,14,2026-09-30
8417234,Villa 4 chambres avec piscine palmeraie,https://www.mubawab.ma/fr/a/8417234/villa-4-chambres-avec-piscine-palmeraie,Vente,Villa,Marrakech,Palmeraie,3 900 000 DH,3900000,200m²,200,5 Pièces,4 Chambres,3 Salles de bains,"Jardin, Terrasse, Garage, Piscine, Concierge, Chambre rangement, Entre-seul, Salon Marocain, Salon européen, Antenne parabolique, Climatisation, Chauffage central, Sécurité, Cuisine équipée",L'agence Votr'Concept immo met en vente une magnifique villa récemment rénovée située dans un complexe résidentiel sécurisé 24h/24 à la palmeraie. La villa est composée de : * Au rez de chaussée : Une chambre Une salle de douche Une cuisine entièrement équipée Un double salon Un séjour Une terrasse Un jardin privatif avec piscine * À l'étage : Une suite parentale avec sa salle de douche privative ainsi qu'un dressing 2 chambres Une salle d...,https://www.mubawab-media.com/ad/8/417/234F/h/photo_00_83238605.avif,21,2026-09-30
8251028,Villas à vendre à la Palmeraie – Programme résidentiel neuf,https://www.mubawab.ma/fr/a/8251028/villas-%C3%A0-vendre-%C3%A0-la-palmeraie-%E2%80%93-programme-r%C3%A9sidentiel-neuf,Vente,Villa,Marrakech,Palmeraie,3 900 000 DH,3900000,300m²,300,4 Pièces,3 Chambres,3 Salles de bains,"Piscine, Sécurité","Nous proposons de magnifiques villas situées à la Palmeraie, dans un cadre verdoyant et paisibleLes terrains vont de 300 m² à 430 m², avec des surfaces construites entre 218 m² et 270 m².avec 3 chambres 3 salles de bain piscine privativedans un complexe sécurisé avec hotel , commerce espaces vertsLes prix varient selon la superficie, à partir de 3 650 000 DHS jusqu’à 4 400 000 DHS. Livraisons prévues : 1ère tranche : décembre 2026 2ème tranche...",https://www.mubawab-media.com/ad/8/251/028F/h/ba4aa310-7075-46fa-af7f-b91d946bf0ec1_82667860.avif,17,2026-09-30
8302024,Palais d’Exception Palmeraie de Marrakech,https://www.mubawab.ma/fr/a/8302024/palais-d%E2%80%99exception-palmeraie-de-marrakech,Vente,Villa,Marrakech,Palmeraie,3 900 000 DH,3900000,3200m²,3200,20 Pièces,11 Chambres,21 Salles de bains,"Jardin, Garage, Ascenseur, Piscine, Chambre rangement, Entre-seul, Antenne parabolique, Cheminée, Climatisation, Chauffage central, Cuisine équipée, Réfrigérateur, Four, Micro-ondes","Situé au cœur de la prestigieuse Palmeraie de Marrakech, dans le quartier très recherché de Douar Abiad, KSAR ABIAD est un palais unique édifié sur un parc luxuriant d’environ 2,3 hectares (23 000 m²). Entourée de palmiers majestueux, cette propriété d’exception offre un cadre de vie rare alliant élégance, sérénité et art de vivre. Développant une surface habitable d’environ 3 200 m², la villa principale se distingue par la qualité remarquable...",https://www.mubawab-media.com/ad/8/302/024F/h/WhatsApp%20Image%202026-02-13%20at%2016.28.06_81963824.avif,7,2026-09-30
8320203,Villa de haut standing à vendre à Ennakhil Palmeraie. 3 cham...,https://www.mubawab.ma/fr/pa/8320203/villa-de-haut-standing-%C3%A0-vendre-%C3%A0-ennakhil-palmeraie-3-chambres,Vente,Villa,Marrakech,Palmeraie,3 940 000 DH,3940000,300m²,300,,3 Chambres,3 Salles de bains,,"Les Jardins de la Palmeraie 3 est un projet immobilier de standing situé au cœur de la Palmeraie de Marrakech, l’un des quartiers les plus prisés de la ville. Développé par Palmeraie Immobilier, ce complexe résidentiel s’étend sur près de 35 hectares et offre un cadre de vie exceptionnel, alliant nature, tranquillité et modernité. Conçu pour répondre aux attentes des résidents exigeants comme des investisseurs, le projet propose un enviro...",https://www.mubawab-media.com/ad/8/320/203F/h/0I9A3298_82142437_82142462.avif,14,2026-09-30
8320204,Villa de haut standing à vendre à Ennakhil Palmeraie. 3 cham...,https://www.mubawab.ma/fr/pa/8320204/villa-de-haut-standing-%C3%A0-vendre-%C3%A0-ennakhil-palmeraie-3-chambres,Vente,Villa,Marrakech,Palmeraie,3 940 000 DH,3940000,300m²,300,,3 Chambres,3 Salles de bains,,"Les Jardins de la Palmeraie 3 est un projet immobilier de standing situé au cœur de la Palmeraie de Marrakech, l’un des quartiers les plus prisés de la ville. Développé par Palmeraie Immobilier, ce complexe résidentiel s’étend sur près de 35 hectares et offre un cadre de vie exceptionnel, alliant nature, tranquillité et modernité. Conçu pour répondre aux attentes des résidents exigeants comme des investisseurs, le projet propose un enviro...",https://www.mubawab-media.com/ad/8/320/204F/h/0I9A3298_82142437_82142473.avif,14,2026-09-30
8365146,En construction villa palmeraie,https://www.mubawab.ma/fr/a/8365146/en-construction-villa-palmeraie,Vente,Villa,Marrakech,Palmeraie,3 940 000 DH,3940000,218m²,218,4 Pièces,3 Chambres,3 Salles de bains,,"Vente d'une villa d'exception. Prix 3 940000dhs 4 pièces, 3 salles de bains, surface 218 m². 3 chambres. Nouveau. Cette superbe villa est en vente à Ennakhil (Palmeraie), Marrakech",https://www.mubawab-media.com/ad/8/365/146F/h/photo_00_82666252.avif,15,2026-09-30
8190631,En construction villa palmeraie,https://www.mubawab.ma/fr/a/8190631/en-construction-villa-palmeraie,Vente,Villa,Marrakech,Palmeraie,3 940 000 DH,3940000,218m²,218,4 Pièces,3 Chambres,3 Salles de bains,,"Vente d'une villa d'exception. Prix 3 940000dhs 4 pièces, 3 salles de bains, surface 218 m². 3 chambres. Nouveau. Cette superbe villa est en vente à Ennakhil (Palmeraie), Marrakech",https://www.mubawab-media.com/ad/8/190/631F/h/photo_0_80768852.avif,16,2026-09-30
8289670,Dans résidence: Villa 4 chambres avec piscine,https://www.mubawab.ma/fr/a/8289670/dans-r%C3%A9sidence-villa-4-chambres-avec-piscine,Vente,Villa,Marrakech,Palmeraie,3 950 000 DH,3950000,393m²,393,5 Pièces,4 Chambres,3 Salles de bains,"Jardin, Terrasse, Piscine, Concierge, Meublé, Salon Marocain, Salon européen, Antenne parabolique, Cheminée, Climatisation, Chauffage central, Sécurité, Cuisine équipée, Réfrigérateur, Four","Dans une des plus belles résidence de la Palmeraie, cette villa 3 façades de 393 m2 construits sur un terrain de 352 m2, dispose de 4 chambres dont une très grande suite parentale, 3 salles de bain, une grande pièce de vie, cuisine équipée . L'extérieur un jardin. avec une piscine privative. Résidence sécurisée 24/24 avec salle de sport, terrain tennis, restaurant et petits commerces. 20 minutes du centre de Marrakech. Prix : 3 950 000 Dh",https://www.mubawab-media.com/ad/8/289/670F/h/photo_150_81818755.avif,18,2026-09-30
8112638,Villas neuves Deux modèles Bab Atlas,https://www.mubawab.ma/fr/a/8112638/villas-neuves-deux-mod%C3%A8les-bab-atlas,Vente,Villa,Marrakech,Palmeraie,4 000 000 DH,4000000,200m²,200,5 Pièces,3 Chambres,3 Salles de bains,"Jardin, Terrasse, Garage, Piscine, Concierge, Salon européen, Cheminée, Climatisation, Sécurité, Cuisine équipée, Réfrigérateur, Four","Découvrez un havre de paix au cœur de la Palmeraie Nous vous présentons un projet d'exception composé de 32 villas haut de gamme, au sein d'une résidence sécurisée, offrant un cadre de vie privilégié où confort et sérénité se conjuguent harmonieusement. Chaque villa, conçue avec une attention particulière aux détails, se compose de : 3 suites luxueuses, chacune agrémentée d'une salle de bain privative et d'un dressing, un espace de vie compren...",https://www.mubawab-media.com/ad/8/112/638F/h/Picture-85677320-8-watermark_79970563.avif,11,2026-09-30
8258685,Belle villa a Vendre au finitions soignée,https://www.mubawab.ma/fr/a/8258685/belle-villa-a-vendre-au-finitions-soign%C3%A9e,Vente,Villa,Marrakech,Palmeraie,4 000 000 DH,4000000,280m²,280,4 Pièces,3 Chambres,3 Salles de bains,"Jardin, Terrasse, Garage, Piscine, Concierge, Salon européen, Antenne parabolique, Cheminée, Climatisation, Double vitrage, Cuisine équipée, Four","Description : Votre agence immobilière HB-immo sur Marrakech à le plaisir de vous proposer à la Palmeraie dans une résidence avec piscine une villa au finitions soignées à seulement quelques minutes du centre-ville. La villa dispose d’espaces bien agencés et lumineux. La villa comprend au Rdc salon avec coin cheminée avec terrasse et le jardin, cuisine équipée, moderne et fonctionnelle avec une cour de service, comprend également une chambre...",https://www.mubawab-media.com/ad/8/258/685F/h/IMG_7444_81474255.avif,25,2026-09-30
8294182,Terrain a la palmeraie Marrakech pour hôtel,https://www.mubawab.ma/fr/a/8294182/terrain-a-la-palmeraie-marrakech-pour-h%C3%B4tel,Vente,Terrain,Marrakech,Palmeraie,4 000 000 DH,4000000,70938m²,70938,,,,,"NEW LTD VOUS PROPOSE UN TERRAIN VASTE. L'aménageur pourra, le cas échéant, réaliser l'aménagement de la zone en deux tranches distinctes suivant les trois secteurs suscités (tranchel : secteurs A et B, tranche 2 : secteur C), et procéder avec les autorités compétentes et les services concernés aux réceptions règlementaires par tranche, permettant le morcellement des lots. ARTICLE 2: NOMBRES ET TYPES DE LOTS Le lotissement projeté comprend, confor...",https://www.mubawab-media.com/ad/8/294/182F/h/90e9ca2d-32b0-48c3-bbfc-fbe569f3fbfc_81866178.avif,7,2026-09-30
8415183,Maison d’Hôtes & SPA de Prestige à Vendre – Palmeraie de Mar...,https://www.mubawab.ma/fr/a/8415183/maison-d%E2%80%99h%C3%B4tes-spa-de-prestige-%C3%A0-vendre-%E2%80%93-palmeraie-de-marrakech,Vente,Maison,Marrakech,Palmeraie,4 000 000 DH,4000000,1025m²,1025,3 Pièces,,11 Salles de bains,"Jardin, Piscine, Meublé, Cheminée","Nichée au cœur de la prestigieuse Palmeraie, à seulement quelques minutes du centre-ville de Marrakech, cette somptueuse maison d’hôtes & SPA offre un cadre enchanteur alliant authenticité marocaine, raffinement et art de vivre. Édifiée sur un hectare de terrain titré, cette propriété d’exception séduit par son immense jardin luxuriant, agrémenté de majestueux palmiers, de bigaradiers parfumés et d’oliviers centenaires. Une magnifique piscine cha...",https://www.mubawab-media.com/ad/8/415/183F/h/c60f5c43-8347-45f1-8fe8-a6951e1015c2-IMG_20260507_WA0103_83215123.avif,24,2026-09-30
8404793,Demeure Palmeraie,https://www.mubawab.ma/fr/a/8404793/demeure-palmeraie,Vente,Villa,Marrakech,Palmeraie,4 000 000 DH,4000000,800m²,800,7 Pièces,6 Chambres,6 Salles de bains,"Jardin, Piscine, Cheminée","Villa d’exception à vendre – Palmeraie, Marrakech 4 000 000 vous propose en exclusivité une propriété rare et confidentielle au cœur de la Palmeraie de Marrakech, dans un environnement privilégié alliant intimité, nature et architecture contemporaine. Implantée sur 1,3 hectare de terrain, cette villa d’exception offre des volumes généreux, des prestations haut de gamme et une véritable expérience de vie privée. Caractéristiques principales *...",https://www.mubawab-media.com/ad/8/404/793F/h/photo_00_83101785.avif,7,2026-09-30
8014606,Pavillon a la vente palmeraie river palm,https://www.mubawab.ma/fr/a/8014606/pavillon-a-la-vente-palmeraie-river-palm,Vente,Maison,Marrakech,Palmeraie,4 000 000 DH,4000000,180m²,180,4 Pièces,3 Chambres,3 Salles de bains,"Jardin, Terrasse, Piscine, Meublé, Salon européen, Cheminée, Climatisation, Sécurité, Cuisine équipée","Notre agence LE COMPTOIR vous propose cette jolie maison en résidence sécurisée et bien arborée, à deux pas du centre-ville et à proximité de toutes commodités. D’une surface habitable de 180 m² avec 70 m² de terrasse supplémentaire à l’étage et un jardin d’environ 50 m² attenant au salon avec piscine privative. Bel espace vie en double séjour, trois chambres et deux salle de bain, cuisine fermée toute équipée, repartis sur les deux niveaux de la...",https://www.mubawab-media.com/ad/8/014/606F/h/maison-villa-vente-achat-marrakech-immo-agence-piscine-jardin-residence-coopro-maroc-securit%C3%A9-palmeraie-ville%20%288%29_79010678.avif,18,2026-09-30
8340788,Projet neuf de villas à vendre à la Palmeraie Marrakech,https://www.mubawab.ma/fr/a/8340788/projet-neuf-de-villas-%C3%A0-vendre-%C3%A0-la-palmeraie-marrakech,Vente,Villa,Marrakech,Palmeraie,4 000 000 DH,4000000,260m²,260,6 Pièces,4 Chambres,5 Salles de bains,"Jardin, Garage, Vue sur les montagnes, Piscine, Concierge, Chambre rangement, Entre-seul, Salon Marocain, Salon européen, Antenne parabolique, Cheminée, Climatisation, Chauffage central, Sécurité, Double vitrage, Porte blindée, Cuisine équipée","Projet neuf de villas à vendre à La Palmeraie – 2ème tranche Dans un cadre privilégié au cœur de la Palmeraie de Marrakech, découvrez une nouvelle tranche de villas modernes, alliant confort, design et qualité de construction. Disponibilité : * 2ème tranche livrable en juin 2027 * Seulement 6 villas encore disponibles **Caractéristiques :** * Superficie terrain : 300 m² * Surface construite : 260 m² **Prix :** * 4 000 000 DHS Un proje...",https://www.mubawab-media.com/ad/8/340/788F/h/9fa355b2-28fb-4438-89c9-29ae1dca2aba_82361214.avif,3,2026-09-30
8303992,Villa au centre ville,https://www.mubawab.ma/fr/a/8303992/villa-au-centre-ville,Vente,Villa,Marrakech,Palmeraie,4 000 000 DH,4000000,350m²,350,6 Pièces,3 Chambres,2 Salles de bains,"Terrasse, Garage, Entre-seul, Salon Marocain, Cheminée, Climatisation","L’agence Esprit Immo vous propose à la vente une charmante villa indépendante, idéalement située sur la route de Casablanca, avant le rond-point de la Palmeraie, à proximité de l’hôtel Wazo. Construite en 2006, cette villa mitoyenne d’un seul côté offre un cadre de vie agréable et une belle distribution des espaces. Superficie du terrain : 300 m² Superficie habitable : 350 m² (hors sous-sol) Rez-de-chaussée Un double salon lumineux comprenan...",https://www.mubawab-media.com/ad/8/303/992F/h/1000411832_81984921.avif,21,2026-09-30
8311003,Villa de standing à vendre à Zitoune – Marrakech,https://www.mubawab.ma/fr/a/8311003/villa-de-standing-%C3%A0-vendre-%C3%A0-zitoune-%E2%80%93-marrakech,Vente,Villa,Marrakech,Palmeraie,4 000 000 DH,4000000,375m²,375,2 Pièces,2 Chambres,2 Salles de bains,"Jardin, Garage, Entre-seul, Salon Marocain, Cheminée, Sécurité, Double vitrage, Cuisine équipée","Villa luxueuse à vendre dans la Palmeraie - Quartier Zitoune, Marrakech Villa haut de gamme construite sur un terrain de 375 m², avec trois façades offrant une excellente luminosité toute la journée, jardin privé, cascade, puits et garage électrique pour trois voitures. Composition : Sous-sol (180 m²) : grand salon marocain, cuisine équipée, 3 chambres, salle de bain, cour anglaise. Rez-de-chaussée (150 m²) : deux salons, coin cheminée, cuisin...",https://www.mubawab-media.com/ad/8/311/003F/h/IMG-20260228-WA0006_82045584.avif,15,2026-09-30
7614566,Vente villa avec piscine à la palmeraie,https://www.mubawab.ma/fr/a/7614566/vente-villa-avec-piscine-%C3%A0-la-palmeraie,Vente,Villa,Marrakech,Palmeraie,4 000 000 DH,4000000,355m²,355,5 Pièces,4 Chambres,3 Salles de bains,"Jardin, Terrasse, Piscine, Entre-seul, Cheminée, Climatisation, Cuisine équipée","Vente villa avec piscine à la palmeraie située au cœur d'un complexe résidentiel de standing dans le quartier prisé de la Palmeraie de Marrakech, offre un confort sans égal et un cadre de vie (lagons, salle de sport, salle de jeux, terrain de foot, terrain de tennis, terrain de basket..). Cette très belle villa avec piscine privative, comprenant un grand double salon séjour, coins salle à manger, coin cheminée, une cuisine aménagée, une chambre e...",https://www.mubawab-media.com/ad/7/614/566F/h/DSC_005029052905_81462769.avif,13,2026-09-30
8379204,Villa de charme résidence sécurisée,https://www.mubawab.ma/fr/a/8379204/villa-de-charme-r%C3%A9sidence-s%C3%A9curis%C3%A9e,Vente,Villa,Marrakech,Palmeraie,4 100 000 DH,4100000,393m²,393,7 Pièces,4 Chambres,3 Salles de bains,"Jardin, Piscine, Concierge, Chambre rangement, Meublé, Entre-seul, Salon Marocain, Salon européen, Cheminée, Climatisation, Sécurité, Double vitrage, Cuisine équipée, Réfrigérateur, Four, Machine à laver, Micro-ondes","Située sur la route de Casablanca à la Palmeraie, cette villa se trouve dans une résidence sécurisée qui offre un vrai confort de vie au quotidien avec de nombreux services et espaces de loisirs. Édifiée sur un terrain de 352 m² avec une surface construite d’environ 393 m², elle propose de beaux volumes et une distribution agréable, pensée pour une vie familiale confortable. Un rez-de-chaussée ouvert et convivial Le rez-de-chaussée s’org...",https://www.mubawab-media.com/ad/8/379/204F/h/river-palm_00013_82824847.avif,32,2026-09-30
8240028,Propriété d'exception Palmeraie,https://www.mubawab.ma/fr/a/8240028/propri%C3%A9t%C3%A9-d-exception-palmeraie,Vente,Villa,Marrakech,Palmeraie,4 200 000 DH,4200000,773m²,773,14 Pièces,6 Chambres,6 Salles de bains,"Jardin, Terrasse, Garage, Vue sur les montagnes, Piscine, Concierge, Chambre rangement, Entre-seul, Salon européen, Cheminée, Chauffage central, Sécurité, Double vitrage, Cuisine équipée","Nichée au cœur de la Palmeraie de Marrakech, cette somptueuse villa de prestige s’étend sur un parc privé de 10 000 m², offrant un cadre de vie exceptionnel. Pensée pour conjuguer luxe, confort et bien-être, elle se distingue par ses volumes généreux, ses finitions haut de gamme et ses installations dédiées à la détente et au sport. La Villa Principale Rez-de-chaussée : L’entrée s’ouvre sur des espaces de vie lumineux et accueillants, organisés...",https://www.mubawab-media.com/ad/8/240/028F/h/Picture-86359258-1_81282942.avif,8,2026-09-30
8380503,Villa d'Exception à Vendre I La palmeraie,https://www.mubawab.ma/fr/a/8380503/villa-d-exception-%C3%A0-vendre-i-la-palmeraie,Vente,Villa,Marrakech,Palmeraie,4 200 000 DH,4200000,600m²,600,2 Pièces,3 Chambres,4 Salles de bains,"Jardin, Terrasse, Piscine, Concierge, Chambre rangement, Meublé, Salon Marocain, Salon européen, Antenne parabolique, Cheminée, Climatisation, Chauffage central, Sécurité, Porte blindée, Cuisine équipée, Réfrigérateur, Four, Machine à laver, Micro-ondes","HAKEY a le plaisir de vous présenter une magnifique villa de standing à la vente, située au cœur de la mythique Palmeraie de Marrakech. Nichée au sein d’un projet résidentiel haut de gamme, cette propriété incarne l'alliance parfaite entre le prestige, la sécurité et un cadre de vie verdoyant unique au nord-est du centre-ville. Caractéristiques du Bien : Espaces de Nuit : 3 suites spacieuses et lumineuses, offrant un confort absolu et u...",https://www.mubawab-media.com/ad/8/380/503F/h/WhatsApp%20Image%202026-07-11%20at%2020.33.22_82844360.avif,30,2026-09-30
8395285,"Appartement à Vendre de 383.0 m² à Marrakech, Palmeraie",https://www.mubawab.ma/fr/a/8395285/appartement-%C3%A0-vendre-de-383-0-m%C2%B2-%C3%A0-marrakech-palmeraie,Vente,Duplex,Marrakech,Palmeraie,4 200 000 DH,4200000,383m²,383,5 Pièces,3 Chambres,7 Salles de bains,"Jardin, Terrasse, Garage, Meublé, Climatisation","À vendre, magnifique duplex de 160 m² situé dans le quartier prisé de la Palmeraie à Marrakech. Ce bien d'exception comprend 3 chambres, 3 salles de bain et bénéficie de 3 façades. Profitez également d'un jardin de 200 m² et d'une terrasse de 20 m². Idéal pour un cadre de vie agréable. Prix : 4 200 000 Dhs",https://www.mubawab-media.com/ad/8/395/285F/h/image_447300524_83001653.avif,16,2026-09-30
8367438,VILLA Standing avec VNA,https://www.mubawab.ma/fr/a/8367438/villa-standing-avec-vna,Vente,Villa,Marrakech,Palmeraie,4 200 000 DH,4200000,200m²,200,5 Pièces,3 Chambres,2 Salles de bains,"Jardin, Piscine, Concierge, Sécurité","LES TAILLEURS DE L’IMMOBILIER Route de Fès – Palmeraie Prix : 4 200 000 DH Découvrez cette superbe villa de standing située dans un environnement calme, verdoyant et sécurisé, à seulement 500 mètres de l’hôtel B B et à 7 km de la mythique place Jemaa El Fna. 200 m² habitables 560 m² de terrain 3 chambres 3 salles de bains Grand espace de vie lumineux Jardin privatif arboré Piscine privée Sauna Résidence sécurisée avec g...",https://www.mubawab-media.com/ad/8/367/438F/h/WhatsApp%20Image%202026-06-18%20at%2020.50.34-2_82694047.avif,9,2026-09-30
8364218,Très belle villa à vendre à Route de Fez. 5 pièces conforta...,https://www.mubawab.ma/fr/a/8364218/tr%C3%A8s-belle-villa-%C3%A0-vendre-%C3%A0-route-de-fez-5-pi%C3%A8ces-confortables-bien-meubl%C3%A9,Vente,Villa,Marrakech,Palmeraie,4 200 000 DH,4200000,560m²,560,4 Pièces,3 Chambres,2 Salles de bains,"Jardin, Terrasse, Garage, Vue sur les montagnes, Piscine, Concierge, Meublé, Salon européen, Climatisation, Chauffage central, Sécurité, Double vitrage, Porte blindée, Cuisine équipée, Réfrigérateur, Four, Machine à laver, Micro-ondes","VENTE – Très belle Villa meublé avec grand jardin et piscine privatifs – Bab Atlas / Petite Palmeraie, Marrakech Route de Fès. Bab Atlas – Marrakech Découvrez cette magnifique villa de standing implantée sur un terrain de 560 m² offrant 202 m² habitables, composée de 3 chambres spacieuses (possibilité d’en créer 1 à 2 supplémentaires), un jardin privatif arboré, une piscine privée, un sauna et située dans une résidence sécurisée avec gardie...",https://www.mubawab-media.com/ad/8/364/218F/h/photo_0_82656875.avif,23,2026-09-30
8251246,Villa livraison immédiate Palmeraie,https://www.mubawab.ma/fr/a/8251246/villa-livraison-imm%C3%A9diate-palmeraie,Vente,Villa,Marrakech,Palmeraie,4 200 000 DH,4200000,200m²,200,3 Pièces,3 Chambres,3 Salles de bains,"Jardin, Terrasse, Garage, Vue sur les montagnes, Piscine, Concierge, Salon européen, Cheminée, Climatisation, Sécurité, Cuisine équipée","Sublime projet de villas niché au coeur de la Palmeraie dans une résidence sécurisée de 32 villas. Le projet propose des villas de haut standing mitoyennes d'un coté avec jardin ouvert (non cloturé) sur une piscine collective. Les villas sont dotées d'un double séjour avec cheminée donnant accés à la terrasse, une belle cuisine équipée avec cour anglaise, une trois chambres à coucher avec salles de douche privatives et terrasses, parking. Les...",https://www.mubawab-media.com/ad/8/251/246F/h/be964d14-f86b-46e9-82de-212855e512a4_81398124.avif,20,2026-09-30
8119694,Belle villa palmeraie piscine,https://www.mubawab.ma/fr/a/8119694/belle-villa-palmeraie-piscine,Vente,Villa,Marrakech,Palmeraie,4 200 000 DH,4200000,453m²,453,6 Pièces,3 Chambres,3 Salles de bains,"Jardin, Terrasse, Garage, Vue sur les montagnes, Piscine, Concierge, Chambre rangement, Salon Marocain, Salon européen, Antenne parabolique, Climatisation, Chauffage central, Sécurité, Porte blindée, Cuisine équipée","Vente d'une villa d'exception. Prix 420 0000 DH. 3 chambres, 3 salles de bains, superficie 453 m². 6 pièces lumineuses. Moins de 5 ans. Revêtement: Marbre. Sécurité maximale avec système de Surveillance et Porte blindée. Superbe salon marocain et antenne Parabolique. Cette belle villa est en vente à Ennakhil (Palmeraie). Nombreux équipements dont climatisation et piscine. La résidence dispose également d'un service de conciergerie,. Jardin et te...",https://www.mubawab-media.com/ad/8/119/694F/h/photo_0_80056210.avif,1,2026-09-30
8323411,Villa 3 chambre piscine privée VNA bab atlas,https://www.mubawab.ma/fr/a/8323411/villa-3-chambre-piscine-priv%C3%A9e-vna-bab-atlas,Vente,Villa,Marrakech,Palmeraie,4 200 000 DH,4200000,202m²,202,3 Pièces,3 Chambres,3 Salles de bains,"Jardin, Terrasse, Vue sur les montagnes, Piscine, Concierge, Meublé, Salon européen, Climatisation, Sécurité, Double vitrage, Cuisine équipée, Réfrigérateur, Four, Machine à laver, Micro-ondes","Superbe Villa de Standing à Vendre – Marrakech (Bab Atlas / Petite Palmeraie) Située dans un environnement calme et recherché, à seulement 500 mètres de l’hôtel B B, sur la route de Fès (Bab Atlas – Petite Palmeraie), et à 7 km de la célèbre place Jemaa el-Fna, cette magnifique villa offre un cadre de vie exceptionnel alliant confort, intimité et rentabilité. Caractéristiques principales : - Superficie habitable : 202 m² - Superficie terrai...",https://www.mubawab-media.com/ad/8/323/411F/h/IMG_0466_82240085.avif,31,2026-09-30
8266331,Villa 4 chambres palmeraie,https://www.mubawab.ma/fr/a/8266331/villa-4-chambres-palmeraie,Vente,Villa,Marrakech,Palmeraie,4 250 000 DH,4250000,300m²,300,5 Pièces,4 Chambres,3 Salles de bains,"Jardin, Terrasse, Garage, Vue sur les montagnes, Piscine, Concierge, Chambre rangement, Entre-seul, Salon Marocain, Salon européen, Antenne parabolique, Cheminée, Climatisation, Sécurité, Cuisine équipée",L'agence Votr'Concept immo met en vente une villa située au sein d'un complexe résidentiel à l'entrée de la palmeraie route de casablanca. La villa est composée de : 1 suite parentale avec sa salle de bain privative et dressing ainsi qu'une petite terrasse 1 suite avec sa salle de douche privative et placards Une chambre avec sa salle de douche privative et placards Une terrasse couverte qui peut servir de chambre ou bureau Un salon-séjour a...,https://www.mubawab-media.com/ad/8/266/331F/h/photo_0_81570297.avif,14,2026-09-30
8334853,Top affaire vendre riad à bab atlas,https://www.mubawab.ma/fr/a/8334853/top-affaire-vendre-riad-%C3%A0-bab-atlas,Vente,Riad,Marrakech,Palmeraie,4 300 000 DH,4300000,1064m²,1064,6 Pièces,4 Chambres,4 Salles de bains,,"Découvrez ce magnifique riad à vendre à Bab Atlas, idéalement situé à proximité du prestigieux Palais Namaskar, dans l’un des secteurs les plus exclusifs de la Palmeraie de Marrakech. Édifié sur un terrain de 1 064 m², ce bien développe 350 m² habitables, offrant un cadre intime et raffiné au cœur d’un environnement paisible et verdoyant. Le riad se compose de 4 élégantes chambres, chacune avec sa propre salle de bain privative, alliant charme ma...",https://www.mubawab-media.com/ad/8/334/853F/h/amg_9632_82667150.avif,32,2026-09-30
8385259,"Charmante villa à River Palm, Palmeraie Marrakech",https://www.mubawab.ma/fr/a/8385259/charmante-villa-%C3%A0-river-palm-palmeraie-marrakech,Vente,Villa,Marrakech,Palmeraie,4 400 000 DH,4400000,450m²,450,6 Pièces,4 Chambres,5 Salles de bains,"Jardin, Terrasse, Garage, Piscine, Concierge, Salon Marocain, Salon européen, Antenne parabolique, Climatisation, Sécurité, Double vitrage, Porte blindée, Cuisine équipée, Réfrigérateur, Four, Machine à laver, Micro-ondes","Au sein de la résidence sécurisée et verdoyante River Palm, avec piscine collective et espaces communs soignés, magnifique villa familiale édifiée sur un terrain de 450 m², dont 360 m² construits et 126 m² de terrasses. Elle offre de beaux volumes, plusieurs terrasses et un cadre de vie calme à quelques minutes des principaux axes. Rez-de-chaussée – Espaces de vie • Double salon : • Salon marocain chaleureux • Salon européen lumineux • Ha...",https://www.mubawab-media.com/ad/8/385/259F/h/IMG_9760_82890508.avif,26,2026-09-30
8296555,"Villa à Vendre de 401.0 m² à Marrakech, Route De Casablanca",https://www.mubawab.ma/fr/a/8296555/villa-%C3%A0-vendre-de-401-0-m%C2%B2-%C3%A0-marrakech-route-de-casablanca,Vente,Villa,Marrakech,Palmeraie,4 400 000 DH,4400000,401m²,401,6 Pièces,4 Chambres,5 Salles de bains,"Jardin, Garage, Meublé, Climatisation, Chauffage central","Nouvelle annonce de Vente d'une villa à Marrakech, dans le quartier Palmeraie extension. Cette propriété spacieuse offre une surface de 401.0m² Elle offre une luminosité exceptionnelle. Prix attractif de 4400000 Dhs",https://www.mubawab-media.com/ad/8/296/555F/h/image_537457288_81894521.avif,13,2026-09-30
8360993,Villa Riad de caractère Palmeraie de Marrakech,https://www.mubawab.ma/fr/a/8360993/villa-riad-de-caract%C3%A8re-palmeraie-de-marrakech,Vente,Riad,Marrakech,Palmeraie,4 500 000 DH,4500000,220m²,220,5 Pièces,3 Chambres,3 Salles de bains,"Jardin, Terrasse, Piscine, Salon européen, Cheminée, Climatisation, Cuisine équipée","ATLASIMMOBILIER vous propose cette élégante villa riad située au cœur du prestigieux circuit de la Palmeraie à Marrakech. Elle séduit par son architecture inspirée des demeures marocaines traditionnelles, son atmosphère intimiste et ses généreux espaces extérieurs. La propriété bénéficie d’un agréable jardin arboré avec piscine privée, terrasses aménagées et espaces de détente permettant de profiter pleinement du climat exceptionnel de Marrake...",https://www.mubawab-media.com/ad/8/360/993F/h/villa-riad-palmeraie-marrakech-fontaine-patio_82583484.avif,17,2026-09-30
8336550,Villa neuve 1ère occupation Bab Atlas,https://www.mubawab.ma/fr/a/8336550/villa-neuve-1%C3%A8re-occupation-bab-atlas,Vente,Villa,Marrakech,Palmeraie,4 500 000 DH,4500000,200m²,200,4 Pièces,3 Chambres,3 Salles de bains,"Jardin, Terrasse, Garage, Vue sur les montagnes, Piscine, Salon européen, Cheminée, Climatisation, Chauffage central, Sécurité, Double vitrage, Cuisine équipée, Réfrigérateur, Four, Machine à laver, Micro-ondes","Située dans le secteur exclusif de Bab Atlas, cette villa contemporaine offre un cadre de vie privilégié au cœur de la Palmeraie. Alliant architecture moderne et détails artisanaux, elle s'intègre parfaitement dans une résidence sécurisée réputée pour son calme et sa magnifique piscine plage de 40 mètres de long. AGENCEMENT Au rez-de-chaussée : • Salon spacieux avec coin cheminée ouvrant sur la terrasse et le jardin privé. • Cuisine moderne ave...",https://www.mubawab-media.com/ad/8/336/550F/h/0_0010_82315863.avif,19,2026-09-30
8407374,Vente Villa à palmeraie,https://www.mubawab.ma/fr/a/8407374/vente-villa-%C3%A0-palmeraie,Vente,Villa,Marrakech,Palmeraie,4 500 000 DH,4500000,387m²,387,5 Pièces,3 Chambres,4 Salles de bains,"Jardin, Piscine","Vente d'une Villa de 387 m² avec Piscine et 4 Chambres – La Palmeraie, Marrakech. !!!!!!!!!!!!! Exclusivité Milkiya !!!!!!!!!!!!! Amine HADDANI vous propose à la vente une magnifique villa de 387 m², nichée au cœur du secteur prisé et prestigieux de La Palmeraie à Marrakech. L'agencement intérieur se distingue par un vaste double salon baigné de lumière naturelle, idéal pour recevoir des invités ou profiter de moments chaleureux en famille. L...",https://www.mubawab-media.com/ad/8/407/374F/h/6991f57b04e694cbcd08_83130056.avif,13,2026-09-30
8332462,Terrain dans la peripherie de Marrakech,https://www.mubawab.ma/fr/a/8332462/terrain-dans-la-peripherie-de-marrakech,Vente,Villa,Marrakech,Palmeraie,4 500 000 DH,4500000,10470m²,10470,,,,,"Terrain très bien situé à 10mn de Marrakech sur la route de Warzazate , non loin de la palmeraie, titré avec belle vue sur le haut Atlas, facilement accessible pourra servir pour construction de 4 villas, hotels ou residences touristiques. Reseau electrique existant, puits non equipé et est cloturé de deux cotés maison gros oeuvres sur 200m2 terrain libre de toute charge",https://www.mubawab-media.com/ad/8/332/462F/h/IMG_0308_82273738.avif,3,2026-09-30
8323771,Opportunité exceptionnelle – terrain 7 hectares – palmeraie...,https://www.mubawab.ma/fr/a/8323771/opportunit%C3%A9-exceptionnelle-%E2%80%93-terrain-7-hectares-%E2%80%93-palmeraie-de-marrakech,Vente,Terrain,Marrakech,Palmeraie,4 700 000 DH,4700000,73600m²,73600,,,,,"Terrain d’exception à vendre – Palmeraie de Marrakech (Ennakhil) Au cœur de la prestigieuse Palmeraie de Marrakech, dans le secteur très recherché d’Ennakhil, ce terrain rare développe une superficie exceptionnelle de 73 600 m², au sein d’un environnement naturel calme, verdoyant et parfaitement préservé. Ce foncier offre un cadre idéal pour la réalisation d’un projet d’envergure : domaine privé, palais, projet hôtelier ou résidence haut de gam...",https://www.mubawab-media.com/ad/8/323/771F/h/photo_0_82178636.avif,1,2026-09-30
8337384,Duplexe a vendre palmeraie Marrakech,https://www.mubawab.ma/fr/a/8337384/duplexe-a-vendre-palmeraie-marrakech,Vente,Duplex,Marrakech,Palmeraie,4 800 000 DH,4800000,388m²,388,5 Pièces,3 Chambres,3 Salles de bains,"Jardin, Terrasse, Garage, Piscine, Concierge, Chambre rangement, Meublé, Salon Marocain, Salon européen, Antenne parabolique, Cheminée, Climatisation, Chauffage central, Sécurité, Porte blindée, Cuisine équipée, Réfrigérateur, Four, Machine à laver, Micro-ondes","Bonjour, Je mets en vente un duplex de 388 m² situé à la Palmeraie (Jardins de la Palmeraie 1). Il se compose de 3 chambres, 3 salles de bain, 2 salons avec coin cheminée, parking privatif, jardin privatif ainsi que des terrasses. La résidence est calme et sécurisée, avec deux grandes piscines, carrefour, Mon quotidien, beaucoup de commodités a l'intérieur de la résidence. Visite possible pour les personnes réellement intéressées. pr...",https://www.mubawab-media.com/ad/8/337/384F/h/piscine_82324718.avif,13,2026-09-30
7929861,"Affaire à Saisir: Villa de Luxe à La Palmeraie, Marrakech –...",https://www.mubawab.ma/fr/a/7929861/affaire-%C3%A0-saisir-villa-de-luxe-%C3%A0-la-palmeraie-marrakech-%E2%80%93-sans-vis-%C3%A0-vis-piscine-priv%C3%A9e,Vente,Villa,Marrakech,Palmeraie,4 950 000 DH,4950000,300m²,300,6 Pièces,3 Chambres,3 Salles de bains,"Jardin, Terrasse, Garage, Piscine, Cheminée, Climatisation, Cuisine équipée","VILLA DE LUXE À MARRAKECH PALMERAIE : DÉCOUVREZ CETTE SUPERBE VILLASITUÉE DANS UN DOMAINE SÉCURISÉ AU SEIN DE LA PRESTIGIEUSEPALMERAIE DE MARRAKECH. AVEC UN TERRAIN DE 600 M² ET UNE SURFACECONSTRUITE DE 300 M², CETTE PROPRIÉTÉ OFFRE ESPACE, CONFORT ETTRANQUILLITÉ, PARFAITE POUR UNE VIE DE LUXE.CARACTÉRISTIQUES DE LA VILLA : *REZ-DE-CHAUSSÉE SPACIEUX : * Entrée accueillante * Salon avec cheminée, offrant une vue sur le jardin et la piscineprivée...",https://www.mubawab-media.com/ad/7/929/861F/h/IMG_2958_76364771.avif,32,2026-09-30
8270412,Villa Palmeraie,https://www.mubawab.ma/fr/a/8270412/villa-palmeraie,Vente,Villa,Marrakech,Palmeraie,4 950 000 DH,4950000,2200m²,2200,18 Pièces,7 Chambres,7 Salles de bains,"Jardin, Garage, Piscine, Chambre rangement, Salon européen, Cheminée, Climatisation, Sécurité, Porte blindée, Cuisine équipée","En exclusivité : A proximité du Palais Ronsart, prestigieuse villa de 1 700 m² nichée sur un terrain paysager de 13 500 m² ; comprenant 7 suites avec salles de bains attenantes, 2 salons de style européen, 1 salon TV, 1 bibliothèque, 1 bureau, 2 cuisines entièrement équipées, 1 salle à manger, une salle de cinéma, un hammam, une salle de massage et une salle de sport. Grande piscine de 17 x 17 mètres avec pool house de 80 m² et coin repas, ainsi...",https://www.mubawab-media.com/ad/8/270/412F/h/kretz%20palmeraie-15_81613542.avif,26,2026-09-30
8420348,Très beau riad à vendre à Ennakhil Palmeraie. 5 chambres agr...,https://www.mubawab.ma/fr/a/8420348/tr%C3%A8s-beau-riad-%C3%A0-vendre-%C3%A0-ennakhil-palmeraie-5-chambres-agr%C3%A9ables-tout-confort-avec-chemin%C3%A9e-et-climatisation,Vente,Riad,Marrakech,Palmeraie,5 100 000 DH,5100000,220m²,220,2 Pièces,5 Chambres,6 Salles de bains,"Jardin, Terrasse, Garage, Piscine, Concierge, Chambre rangement, Entre-seul, Salon Marocain, Salon européen, Cheminée, Climatisation, Sécurité, Porte blindée, Cuisine équipée, Réfrigérateur, Four, Machine à laver, Micro-ondes","Nichée au cœur de la prestigieuse Palmeraie de Marrakech, cette somptueuse propriété de type riad incarne le charme et le luxe de la région. S'étendant sur un terrain de 240 m², elle offre un espace de vie exceptionnel de 180 m² réparti sur plusieurs niveaux. L'habitation, construite il y a 10 à 20 ans, reste en excellent état, soulignant une architecture traditionnelle parfaitement intégrée au cadre enchanteur de son quartier, Ennakhil. La pr...",https://www.mubawab-media.com/ad/8/420/348F/h/a850866e-4bde-4b20-92bd-4736d08a7d94_83272738.avif,30,2026-09-30
8378309,Terrain constructible Palmeraie,https://www.mubawab.ma/fr/a/8378309/terrain-constructible-palmeraie,Vente,Maison,Marrakech,Palmeraie,5 200 000 DH,5200000,36000m²,36000,,,,,"l'agence immobilière Vaneau Maroc vous propose à la vente un terrain de 3,6 hectares idéalement situé dans la Palmeraie à deux pas du Club Med Ideal pour un hôtel de luxe ou une maison de Maître. Honoraires acquéreurs de 3% en sus du prix de vente",https://www.mubawab-media.com/ad/8/378/309F/h/d4be739da0f528b65006c13fab2bea13_fe550a7986_1920-big_82814373.avif,2,2026-09-30
8319049,"Villa à Vendre de 1094.0 m² à Marrakech, Palmeraie Extension",https://www.mubawab.ma/fr/a/8319049/villa-%C3%A0-vendre-de-1094-0-m%C2%B2-%C3%A0-marrakech-palmeraie-extension,Vente,Villa,Marrakech,Palmeraie,5 200 000 DH,5200000,1094m²,1094,5 Pièces,3 Chambres,3 Salles de bains,"Jardin, Garage, Climatisation","Nouvelle annonce de Vente d'une villa à Marrakech, dans le quartier Palmeraie extension. Cette propriété spacieuse offre une surface de 1094.0m² Elle offre une luminosité exceptionnelle. Prix attractif de 5200000 Dhs",https://www.mubawab-media.com/ad/8/319/049F/h/image_925895542_82131651.avif,12,2026-09-30
8114498,A VENDRE villa 3 CH sur un terrain de 1000 M2,https://www.mubawab.ma/fr/a/8114498/a-vendre-villa-3-ch-sur-un-terrain-de-1000-m2,Vente,Villa,Marrakech,Palmeraie,5 200 000 DH,5200000,250m²,250,8 Pièces,3 Chambres,2 Salles de bains,"Jardin, Terrasse, Garage, Piscine, Concierge, Chambre rangement, Meublé, Cheminée, Climatisation, Sécurité, Double vitrage, Cuisine équipée, Réfrigérateur, Four, Machine à laver","Aux portes de Marrakech à la Palmeraie, à VENDRE cette villa située dans une résidence sécurisée constituée de 7 biens. Construite sur un terrain de 1080 M2, elle propose près de 250 M2 habitable sur deux étages. Belle pièce à vivre salle et salon cheminée, une cuisine toute équipée (lave-vaisselle, lave-linge, réfrigérateur, four, cuisinière gaz four électrique), espace employé avec sa salle de bain, deux chambres, SdB, belle chambre parentale e...",https://www.mubawab-media.com/ad/8/114/498F/h/20260910_112528_83200594.avif,21,2026-09-30
8338548,Splendide villa à vendre,https://www.mubawab.ma/fr/a/8338548/splendide-villa-%C3%A0-vendre,Vente,Villa,Marrakech,Palmeraie,5 300 000 DH,5300000,550m²,550,5 Pièces,4 Chambres,4 Salles de bains,"Jardin, Terrasse, Vue sur les montagnes, Piscine, Chambre rangement, Meublé, Entre-seul, Salon européen, Antenne parabolique, Climatisation, Sécurité, Double vitrage, Porte blindée, Cuisine équipée, Réfrigérateur, Four, Machine à laver, Micro-ondes",Villa de prestige avec piscine à vendre dans une résidence sécurisée route de Casablanca proche de la palmeraie La villa est d’une superficie de terrain de 550 m2 avec une extension de 200 m2 Superficie habitables est environ 300m2 La villa est de 3 façades au réez jardin une piscine une suite parentale avec sa salle de bain dressing et terrasse vue sur le jardin et piscine une cuisine équipée une salle à manger une chambre pour personnel un wc...,https://www.mubawab-media.com/ad/8/338/548F/h/photo_00_82336922.avif,13,2026-09-30
8423559,Terrain à vendre à proximité de la Palmeraie avec VNA,https://www.mubawab.ma/fr/a/8423559/terrain-%C3%A0-vendre-%C3%A0-proximit%C3%A9-de-la-palmeraie-avec-vna,Vente,Terrain,Marrakech,Palmeraie,5 500 000 DH,5500000,10000m²,10000,,,,,"Découvrez un terrain exceptionnel situé à Marrakech, dans le quartier prisé de la Route de Fez, à proximité de la nouvelle rocade qui mène à la célèbre palmeraie. Ce terrain, d'une surface impressionnante de 10 000 m², offre une opportunité unique aux investisseurs ou aux particuliers cherchant à développer un projet immobilier dans une région en pleine expansion. Entouré d’un paysage naturel captivant, le terrain bénéficie d’une vue dégagée sur...",https://www.mubawab-media.com/ad/8/423/559F/h/photo_00_83308520.avif,2,2026-09-30
8179511,1 hectare titré zone touristique circuit palmeraie,https://www.mubawab.ma/fr/a/8179511/1-hectare-titr%C3%A9-zone-touristique-circuit-palmeraie,Vente,Terrain,Marrakech,Palmeraie,5 500 000 DH,5500000,10000m²,10000,,,,,"Je vous propose un très bon terrain titré de 1 hectare situé au km 9 route de Fès circuit palmeraie, zone touristique. Prix intéressant et négociable légèrement",https://www.mubawab-media.com/ad/8/179/511F/h/photo_0_80658003.avif,1,2026-09-30
8336500,Villa neuve 1ère occupation – Bab Atlas,https://www.mubawab.ma/fr/a/8336500/villa-neuve-1%C3%A8re-occupation-%E2%80%93-bab-atlas,Vente,Villa,Marrakech,Palmeraie,5 500 000 DH,5500000,300m²,300,4 Pièces,3 Chambres,3 Salles de bains,"Jardin, Terrasse, Garage, Vue sur les montagnes, Piscine, Salon européen, Cheminée, Climatisation, Chauffage central, Sécurité, Double vitrage, Cuisine équipée, Réfrigérateur, Four, Machine à laver, Micro-ondes","Située dans le secteur exclusif de Bab Atlas, cette villa contemporaine offre un cadre de vie privilégié au cœur de la Palmeraie. Alliant architecture moderne et détails artisanaux, elle s'intègre parfaitement dans une résidence sécurisée réputée pour son calme et sa magnifique piscine plage de 40 mètres de long. AGENCEMENT Au rez-de-chaussée : • Salon spacieux avec coin cheminée ouvrant sur la terrasse et le jardin privé. • Cuisine moder...",https://www.mubawab-media.com/ad/8/336/500F/h/0_0036_82315149.avif,21,2026-09-30
7919596,Villa haut standing à la Palmeraie,https://www.mubawab.ma/fr/a/7919596/villa-haut-standing-%C3%A0-la-palmeraie,Vente,Villa,Marrakech,Palmeraie,5 500 000 DH,5500000,300m²,300,3 Pièces,3 Chambres,3 Salles de bains,"Jardin, Terrasse, Garage, Vue sur les montagnes, Piscine, Concierge, Salon européen, Cheminée, Climatisation, Sécurité, Cuisine équipée","Sublime projet de villas niché au coeur de la Palmeraie Bab Atlas dans une résidence sécurisée de 32 villas. Le projet propose des villas de haut standing mitoyennes d'un coté avec jardin ouvert (non cloturé) sur une piscine collective. Les villas sont dotées d'un double séjour avec cheminée donnant accés à la terrasse, une belle cuisine équipée avec cour anglaise, trois chambres à coucher avec salles de douche privatives et terrasses, parking. ...",https://www.mubawab-media.com/ad/7/919/596F/h/297d3ee7-cb8f-41e7-ba67-6d1f17a71979_81397996.avif,14,2026-09-30
8141192,Marrakech I Palmeraie,https://www.mubawab.ma/fr/a/8141192/marrakech-i-palmeraie,Vente,Villa,Marrakech,Palmeraie,5 700 000 DH,5700000,1200m²,1200,5 Pièces,5 Chambres,5 Salles de bains,"Jardin, Terrasse, Garage, Piscine, Meublé, Entre-seul, Salon Marocain, Chauffage central, Cuisine équipée, Réfrigérateur, Four, Micro-ondes","Cette villa, aux volumes généreux, est idéalement située au cœur de la Palmeraie, sur le circuit principal. Au rez-de-chaussée, un hall d'entrée imposant s'ouvre sur un patio traditionnel, qui donne accès aux différents espaces de vie. La villa comprend plusieurs salons : un salon marocain orné de décorations murales en cuir, un salon traversant intérieur/extérieur donnant sur le jardin, un salon TV, un vaste salon avec salle à manger, ainsi qu'...",https://www.mubawab-media.com/ad/8/141/192F/h/1_80261335.avif,17,2026-09-30
8374175,Marrakech I Palmeraie,https://www.mubawab.ma/fr/a/8374175/marrakech-i-palmeraie,Vente,Autre,Marrakech,Palmeraie,5 700 000 DH,5700000,38000m²,38000,,,,,"Au cœur de la légendaire Palmeraie de Marrakech, à seulement quelques minutes du centre-ville et à proximité immédiate du Club Med, ce domaine arboré de 3,8 hectares constitue l'une des plus rares opportunités foncières actuellement proposées sur le marché. Véritable oasis préservée, la propriété dévoile un patrimoine végétal exceptionnel : de majestueux oliviers centenaires, de remarquables bouquets de palmiers devenus aujourd'hui quasiment int...",https://www.mubawab-media.com/ad/8/374/175F/h/1_82765832.avif,14,2026-09-30
7924067,PALMERAIE: Villa avec piscine 4 chambres,https://www.mubawab.ma/fr/a/7924067/palmeraie-villa-avec-piscine-4-chambres,Vente,Villa,Marrakech,Palmeraie,5 700 000 DH,5700000,485m²,485,6 Pièces,4 Chambres,4 Salles de bains,"Jardin, Terrasse, Garage, Piscine, Concierge, Chambre rangement, Meublé, Salon Marocain, Salon européen, Antenne parabolique, Cheminée, Climatisation, Chauffage central, Sécurité, Cuisine équipée, Réfrigérateur, Four, Machine à laver, Micro-ondes","Dans une résidence sécurisée, cette villa de standing de 420 m2 bâtis sur un terrain de 500 m2 dispose d'un emplacement idéal face aux lagons de la résidence. A l'intérieur 4 chambres avec 4 salles de bain ( dont une suite parentale et une chambre au rdc ), une cuisine équipée avec arrière cuisine, un salon et une salle à manger, une salle à manger, une lingerie et de nombreux rangements.. A l'extérieur une belle terrasse bien exposée avec pisc...",https://www.mubawab-media.com/ad/7/924/067F/h/photo_0_75950234.avif,27,2026-09-30
7893078,Appartement de prestige Front de golf La Palmeraie,https://www.mubawab.ma/fr/a/7893078/appartement-de-prestige-front-de-golf-la-palmeraie,Vente,Appartement,Marrakech,Palmeraie,5 800 000 DH,5800000,270m²,270,5 Pièces,3 Chambres,2 Salles de bains,"Jardin, Terrasse, Garage, Piscine, Concierge, Chambre rangement, Meublé, Salon Marocain, Salon européen, Cheminée, Climatisation, Sécurité, Cuisine équipée, Réfrigérateur, Four, Machine à laver, Micro-ondes","Appartement de prestige à vendre en front de golf ; La Palmeraie, Marrakech Dans l'un des environnements les plus prisés de Marrakech, au cœur de la Palmeraie, ce rez-de-jardin de 270 m² est proposé à la vente. Il est niché au sein d'une résidence sécurisée avec piscine et espaces verts, en première ligne d'un prestigieux parcours de golf. Conçu pour offrir un cadre de vie alliant charme traditionnel et confort moderne, cet appartement se disti...",https://www.mubawab-media.com/ad/7/893/078F/h/Marrakech_PALMERAIE%20LOC%20-18_80164603.avif,25,2026-09-30
8306215,Terrain à bâtir à la Palmeraie à vendre Marrakech,https://www.mubawab.ma/fr/a/8306215/terrain-%C3%A0-b%C3%A2tir-%C3%A0-la-palmeraie-%C3%A0-vendre-marrakech,Vente,Villa,Marrakech,Palmeraie,6 500 000 DH,6500000,37500m²,37500,,,,,"Un terrain à bâtir à la Palmeraie à vendre Marrakech. Sans aucun doute le meilleur terrain de la palmeraie de Marrakech que j'ai jamais vu. 37,500 m2 de titre de propriété gratuit. À seulement 5 minutes en voiture de la médina de Marrakech. Très proche du Club Med Palmeraie. Accès routier. Électricité et eau déjà sur place. Zoné pour villa de luxe ou développement de plusieurs villas. Une opportunité véritablement unique et à 6,5 millions d'euros...",https://www.mubawab-media.com/ad/8/306/215F/h/5aa6905b-00fa-420a-af2b-b4f9098bdc00_81995432.avif,8,2026-09-30
8405246,Villa meublée à la Palmeraie – 5 chambres avec salles de bai...,https://www.mubawab.ma/fr/a/8405246/villa-meubl%C3%A9e-%C3%A0-la-palmeraie-%E2%80%93-5-chambres-avec-salles-de-bains-piscine-chauff%C3%A9e-et-jacuzzi,Vente,Villa,Marrakech,Palmeraie,6 500 000 DH,6500000,266m²,266,6 Pièces,5 Chambres,5 Salles de bains,"Jardin, Terrasse, Garage, Piscine, Meublé, Entre-seul, Salon Marocain, Salon européen, Antenne parabolique, Cheminée, Climatisation, Sécurité, Double vitrage, Cuisine équipée, Réfrigérateur, Four, Machine à laver, Micro-ondes","L’Immobilier Sans Frontières vous propose à la vente cette villa meublée de 200 m² construits sur un terrain de 266 m², située à la Palmeraie de Marrakech. Elle comprend cinq chambres avec salles de bains privatives, plusieurs espaces de vie et une cuisine entièrement équipée. La propriété bénéficie également d’une piscine chauffée avec jacuzzi, de la climatisation dans toute la villa et d’un espace extérieur donnant sur les jardins de la résiden...",https://www.mubawab-media.com/ad/8/405/246F/h/0%20image%20a%20la%20une%20Photo%20_83107854.avif,27,2026-09-30
8220225,Maison de luxe à vendre à Ennakhil Palmeraie. Surface de 350...,https://www.mubawab.ma/fr/a/8220225/maison-de-luxe-%C3%A0-vendre-%C3%A0-ennakhil-palmeraie-surface-de-350-m%C2%B2,Vente,Villa,Marrakech,Palmeraie,6 500 000 DH,6500000,350m²,350,1 Pièce,5 Chambres,5 Salles de bains,,"Prestations de luxe pour cette villa à vendre. Prix 6 500 000 DH. 5 chambres, 5 salles de bains, surface 350 m². 1 Pièces. Moins de 5 ans. Cette belle villa est en vente à Ennakhil (Palmeraie), Marrakech",https://www.mubawab-media.com/ad/8/220/225F/h/photo_00_81071847.avif,28,2026-09-30
8273386,Propriété d’exception au cœur de la Palmeraie,https://www.mubawab.ma/fr/a/8273386/propri%C3%A9t%C3%A9-d%E2%80%99exception-au-c%C5%93ur-de-la-palmeraie,Vente,Autre,Marrakech,Palmeraie,6 550 000 DH,6550000,3000m²,3000,30 Pièces,19 Chambres,19 Salles de bains,"Garage, Piscine, Entre-seul, Climatisation, Double vitrage, Cuisine équipée","La Palmeraie - Triangle d'Or. Situé dans un environnement privilégié et au cœur d’un parc luxuriant de plus d’1 hectare, majestueux palais d’environ 3.000 m2 sur 3 niveaux. Hall d’entrée donnant sur un grand salon, une salle à manger, une salle de jeux et un bar. Conçu avec une attention minutieuse aux détails et des matériaux haut de gamme (bois de cèdre sculpté, zellige, marbre). 10 luxueuses suites avec piscine chauffée, 2 tentes impériales av...",https://www.mubawab-media.com/ad/8/273/386F/h/IMG_1298_81644843.avif,16,2026-09-30
8368781,Propriété exceptionnelle au cœur de la Palmeraie,https://www.mubawab.ma/fr/a/8368781/propri%C3%A9t%C3%A9-exceptionnelle-au-c%C5%93ur-de-la-palmeraie,Vente,Maison,Marrakech,Palmeraie,6 695 000 DH,6695000,3000m²,3000,,,,,"Vaneau MAROC vous propose à la vente dans la Palmeraie - Triangle d’or sur un terrain de un hectare, palais de presque 3 000 m2 sur 3 niveaux. Hall d’entrée menant à un grand salon, une salle à manger, une salle de jeux et un bar. Conçu avec des matériaux haut de gamme (bois de cèdre sculpté, zellige, marbre). 10 suites de luxe avec piscines chauffées, 2 tentes impériales avec piscine privée, 4 lodges, une maison indépendante avec 3 suites et une...",https://www.mubawab-media.com/ad/8/368/781F/h/04b587757c81e40a6e749b090477ebf0_82707105.avif,33,2026-09-30
8348827,"Villa à Vendre de 584.0 m² à Marrakech, Palmeraie",https://www.mubawab.ma/fr/a/8348827/villa-%C3%A0-vendre-de-584-0-m%C2%B2-%C3%A0-marrakech-palmeraie,Vente,Villa,Marrakech,Palmeraie,6 800 000 DH,6800000,584m²,584,6 Pièces,4 Chambres,10 Salles de bains,"Jardin, Garage, Meublé, Climatisation, Chauffage central","À vendre, villa spacieuse de 350 m² habitables sur un terrain de 584 m², située dans le quartier prisé de la Route De Casablanca à Marrakech. Cette propriété dispose de 4 chambres, 5 salles de bain et bénéficie de 3 façades. Avec ses 2 niveaux, elle offre un cadre de vie agréable et confortable. Prix : 6 800 000 Dhs",https://www.mubawab-media.com/ad/8/348/827F/h/image_521805579_82451853.avif,20,2026-09-30
8371690,Duplex 1er ligne du golf à la Palmeraie,https://www.mubawab.ma/fr/a/8371690/duplex-1er-ligne-du-golf-%C3%A0-la-palmeraie,Vente,Duplex,Marrakech,Palmeraie,6 900 000 DH,6900000,450m²,450,3 Pièces,3 Chambres,3 Salles de bains,"Jardin, Terrasse, Vue sur les montagnes, Piscine, Concierge, Salon Marocain, Salon européen, Antenne parabolique, Cheminée, Climatisation, Chauffage central, Sécurité, Cuisine équipée, Réfrigérateur, Four, Machine à laver, Micro-ondes","Très beau duplex vendu vide, situé en 1er ligne de golf de la palmeraie, en face du Palmeraie Golf Palace et à proximité de Secret Garden; Il comprend 3 belles suites avec chacune sa salle de douche/bain, une dépendance pour le personnel. Un mur de marbre brisé donne accès à une cuisine moderne entièrement équipée, Les large terrasses qui l'entourent sont ouvertes sur l'exceptionnelle verdure de la palmeraie. Ce duplex est entièrement équipé de m...",https://www.mubawab-media.com/ad/8/371/690F/h/8ae2a0ca-c687-4570-b27c-c659b34d1c4c_82739543.avif,30,2026-09-30
7826703,"Villa à Rénover à Vendre – Palmeraie Marrakech, Terrain 2000...",https://www.mubawab.ma/fr/a/7826703/villa-%C3%A0-r%C3%A9nover-%C3%A0-vendre-%E2%80%93-palmeraie-marrakech-terrain-2000-m%C2%B2-piscine-et-charme-authentique,Vente,Villa,Marrakech,Palmeraie,6 900 000 DH,6900000,200m²,200,5 Pièces,5 Chambres,5 Salles de bains,"Jardin, Piscine, Entre-seul, Cheminée, Chauffage central, Cuisine équipée","UN ÉCRIN DE VERDURE AU CŒUR DE LA PALMERAIE, À FORT POTENTIEL DE TRANSFORMATION Découvrez une occasion rare au sein de la PALMERAIE DE MARRAKECH, avec cette villa à fort potentiel située sur un TERRAIN ARBORÉ DE 2 000 M², entouré de majestueux palmiers. Avec une SURFACE CONSTRUITE DE 200 M², cette propriété pleine de charme offre une GRANDE PISCINE, un environnement paisible, et une architecture propice à une rénovation réussie. Pensée pour off...",https://www.mubawab-media.com/ad/7/826/703F/h/WhatsApp-Image-2023-07-26-at-16.38.08-5_62228276.avif,30,2026-09-30
8406841,Villa style riad avec piscine palmeraie,https://www.mubawab.ma/fr/a/8406841/villa-style-riad-avec-piscine-palmeraie,Vente,Riad,Marrakech,Palmeraie,7 000 000 DH,7000000,360m²,360,5 Pièces,3 Chambres,3 Salles de bains,"Jardin, Terrasse, Garage, Ascenseur, Vue sur les montagnes, Piscine, Chambre rangement, Entre-seul, Salon Marocain, Salon européen, Antenne parabolique, Cheminée, Climatisation, Sécurité, Double vitrage, Cuisine équipée, Réfrigérateur, Four, Machine à laver, Micro-ondes",L'agence Votr'Concept immo met en vente une coquette villa style Riad située au sein d'une résidence sécurisée au circuit de la palmeraie. La villa est totalement rénovée et composée de : Au rez-de-chaussée : Une très belle piscine intérieure à débordement Ascenseur Une cuisine américaine entièrement équipée Un salon-séjour avec cheminée Une chambre avec placard et salle de bain privative Un sauna Un hammam Une salle de massage Toilettes in...,https://www.mubawab-media.com/ad/8/406/841F/h/photo_0_83124591.avif,24,2026-09-30
8419651,Vente d'un superbe riad à Ennakhil Palmeraie. 12 grandes piè...,https://www.mubawab.ma/fr/a/8419651/vente-d-un-superbe-riad-%C3%A0-ennakhil-palmeraie-12-grandes-pi%C3%A8ces-bien-meubl%C3%A9,Vente,Riad,Marrakech,Palmeraie,7 000 000 DH,7000000,450m²,450,12 Pièces,9 Chambres,11 Salles de bains,"Jardin, Terrasse, Piscine, Concierge, Chambre rangement, Meublé, Entre-seul, Salon Marocain, Salon européen, Antenne parabolique, Cheminée, Climatisation, Chauffage central, Sécurité, Double vitrage, Porte blindée, Cuisine équipée, Réfrigérateur, Four, Machine à laver, Micro-ondes","Présentation & d'Investissement Riad Dar Al — Marrakech Synthèse de l’Investissement Ancré au cœur de la destination touristique de Marrakech, le Riad Dar Al représente une opportunité clé en main alliant authenticité, standing moderne et rentabilité opérationnelle immédiate. * Statut Juridique & Exploitation : Établissement agréé/titré, en exploitation continue depuis 5 ans. * Réputation & Commercialisation : Excellente notoriété sur les plat...",https://www.mubawab-media.com/ad/8/419/651F/h/photo_0_83264984.avif,17,2026-09-30
7604601,Belle villa 4 ch à vendre Palmeraie,https://www.mubawab.ma/fr/a/7604601/belle-villa-4-ch-%C3%A0-vendre-palmeraie,Vente,Villa,Marrakech,Palmeraie,7 290 000 DH,7290000,800m²,800,4 Pièces,4 Chambres,4 Salles de bains,"Jardin, Terrasse, Garage, Piscine, Concierge, Salon européen, Cheminée, Climatisation, Cuisine équipée","Sublime villa à la vente située dans un complexe sécurisée de 19 villas au coeur de Bab Atlas à la Palmeraie. Elaborée sur un terrain de 800 m² dont 468 m² habitables. Composée d'un double séjour avec cheminée donnant accès à la terrasse et jardin, une cuisine équipée, une buanderie, une chambre de service, 4 chambres à coucher avec salles d'eau dont une suite avec dressing; terrasse et salle de bain, une belle terrasse toiture, un joli jardin...",https://www.mubawab-media.com/ad/7/604/601F/h/950a3269-b6a5-4b58-bdc6-f140b0ffacaf_82278657.avif,19,2026-09-30
8425163,Vente terrain à Ennakhil Palmeraie. Surface totale 10000 m²,https://www.mubawab.ma/fr/a/8425163/vente-terrain-%C3%A0-ennakhil-palmeraie-surface-totale-10000-m%C2%B2,Vente,Terrain,Marrakech,Palmeraie,8 500 000 DH,8500000,10000m²,10000,,,,,"Situé dans le prestigieux quartier de Ennakhil (Palmeraie) à Marrakech, ce terrain exceptionnel non bâti offre un espace de 10 000 m² au cœur d'un environnement naturel et paisible. Niché le long du Circuit de la palmeraie, ce terrain se distingue par son emplacement privilégié dans une zone prisée de Marrakech, offrant des possibilités infinies pour la construction de projets résidentiels ou commerciaux ambitieux. La propriété est entourée d'un...",https://www.mubawab-media.com/ad/8/425/163F/h/photo_0_83326077.avif,1,2026-09-30
8298324,Terrain au circuit palmeraie marrakech,https://www.mubawab.ma/fr/a/8298324/terrain-au-circuit-palmeraie-marrakech,Vente,Villa,Marrakech,Palmeraie,8 500 000 DH,8500000,10000m²,10000,,,,,"On vous propose un terrain idéal pour la réalisation de votre villa, situé dans un environnement calme et recherché, au cœur de la Palmeraie de Marrakech. Une opportunité rare pour concrétiser votre projet de vie ou d’investissement dans un cadre privilégié",https://www.mubawab-media.com/ad/8/298/324F/h/WhatsApp%20Image%202026-02-05%20at%2016.46.10%20%283%29_81915982.avif,3,2026-09-30
8361661,Beau terrain à la vente à Amelkis. Surface totale 1270 m²,https://www.mubawab.ma/fr/a/8361661/beau-terrain-%C3%A0-la-vente-%C3%A0-amelkis-surface-totale-1270-m%C2%B2,Vente,Terrain,Marrakech,Palmeraie,8 500 000 DH,8500000,1270m²,1270,,,,,"Situé dans le prestigieux quartier d'Amelkis, dans la palmeraie d'Ennakhil à Marrakech, ce terrain exceptionnel de 1270 m² offre une opportunité rare de construire la propriété de vos rêves. Niché dans un environnement serein, ce lot se distingue par son emplacement privilégié entouré de végétation luxuriante et d'une ambiance paisible. Les images révèlent un terrain plat et bien délimité, idéal pour une construction personnalisée, avec une vue d...",https://www.mubawab-media.com/ad/8/361/661F/h/photo_00_82590483.avif,7,2026-09-30
8232099,Terrain à acheter à Ennakhil Palmeraie. Surface de 9453 m²,https://www.mubawab.ma/fr/a/8232099/terrain-%C3%A0-acheter-%C3%A0-ennakhil-palmeraie-surface-de-9453-m%C2%B2,Vente,Villa,Marrakech,Palmeraie,8 500 000 DH,8500000,9453m²,9453,,,,,"Très beau terrain de 9453m2, titré, constructible pour villa ou maison d'hôtes A 2min de l'Hôtel Pickalbatros Hôtel du Golf de la Palmeraie Accès très facile, plusieurs palmiers plantés",https://www.mubawab-media.com/ad/8/232/099F/h/20251009_140746_81201997.avif,1,2026-09-30
8312772,Top affaire vente villa a la palmeraie,https://www.mubawab.ma/fr/a/8312772/top-affaire-vente-villa-a-la-palmeraie,Vente,Villa,Marrakech,Palmeraie,8 800 000 DH,8800000,2740m²,2740,6 Pièces,4 Chambres,4 Salles de bains,"Jardin, Garage, Cheminée, Sécurité, Cuisine équipée","Saisissez l’opportunité que vous a dénichée Palm Real Estate et habitez un luxe sans pareil au cœur de la fameuse Palmeraie de Marrakech. Est mise à votre disposition une villa élégante, dotée d’une architecture raffinée et de tous les équipements nécessaires à votre confort et bien-être quotidiens. Superficie 2740m 4 chambres avec placards et salles de bain au rdc 1 Suite parentale avec salle de bains à l étage Double salon Cuisine équipée Coin...",https://www.mubawab-media.com/ad/8/312/772F/h/a070b8ec-480d-4ca5-a5ab-cbaaec7bdabb_82067053.avif,7,2026-09-30
8331773,Splendide villa 500 m² – palmeraie village,https://www.mubawab.ma/fr/a/8331773/splendide-villa-500-m%C2%B2-%E2%80%93-palmeraie-village,Vente,Villa,Marrakech,Palmeraie,9 000 000 DH,9000000,2670m²,2670,9 Pièces,5 Chambres,5 Salles de bains,"Jardin, Terrasse, Garage, Vue sur les montagnes, Piscine, Concierge, Chambre rangement, Meublé, Entre-seul, Salon Marocain, Salon européen, Antenne parabolique, Cheminée, Climatisation, Chauffage central, Sécurité, Double vitrage, Porte blindée, Cuisine équipée, Réfrigérateur, Four, Machine à laver, Micro-ondes",*EXCLUSIVITÉ PALMERAIE : VILLA DE LUXE SUR 2 500 m² – SÉCURITÉ & INTIMITÉ* SPLENDIDE VILLA 500 m² – PALMERAIE VILLAGE – RÉSIDENCE PRIVÉE – SANS VIS-À-VIS Le luxe absolu au cœur de la Palmeraie. Atlas Marrakech Immobilier vous présente une demeure d'exception nichée dans l'une des résidences les plus prestigieuses et sécurisées de Marrakech. Un véritable havre de paix alliant architecture raffinée et intimité totale. UN DOMAINE PRIVÉ D'EXCEPTION...,https://www.mubawab-media.com/ad/8/331/773F/h/b993b8ff-5466-4714-93aa-9a74dcece773_82266089.avif,23,2026-09-30
8008573,Terrain palmeraie 1ha – zone villa,https://www.mubawab.ma/fr/a/8008573/terrain-palmeraie-1ha-%E2%80%93-zone-villa,Vente,Villa,Marrakech,Palmeraie,9 000 000 DH,9000000,10060m²,10060,,,,,"A découvrir, idéalement bien placé, ce terrain de 10.060m², murs et puits. Terrain à bâtir. KM 5 rte de FES. Coeur Palmeraie",https://www.mubawab-media.com/ad/8/008/573F/h/terrain-palmeraie-marrakech-vente-exclusivit%C3%A9-maroc-construction-villa-priv%C3%A9-agence-immobilier-invest%20%282%29_78949803.avif,2,2026-09-30
8352359,Pépite à saisir: Villa 6 chambres meublée palmeraie,https://www.mubawab.ma/fr/a/8352359/p%C3%A9pite-%C3%A0-saisir-villa-6-chambres-meubl%C3%A9e-palmeraie,Vente,Villa,Marrakech,Palmeraie,9 600 000 DH,9600000,1300m²,1300,6 Pièces,6 Chambres,6 Salles de bains,"Jardin, Terrasse, Garage, Vue sur les montagnes, Piscine, Chambre rangement, Meublé, Entre-seul, Salon européen, Cheminée, Climatisation, Chauffage central, Sécurité, Double vitrage, Porte blindée, Cuisine équipée, Réfrigérateur, Four, Machine à laver, Micro-ondes",L'agence Votr'Concept immo met en vente une pépite de Villa entièrement rénovée nichée au sein d'un complexe résidentiel à l'entrée de la palmeraie route de casablanca La villa est composée de : Au rez-de-chaussée : Un salon-séjour avec cheminée dernier cri Une salle à manger donnant via des baies vitrées sur un magnifique jardin/piscine Une toilette invités Une cuisine entièrement équipée avec buanderie Une chambre avec placard et salle do...,https://www.mubawab-media.com/ad/8/352/359F/h/photo_0_82974689.avif,32,2026-09-30
8293512,Terrain palmeraie Marrakech,https://www.mubawab.ma/fr/a/8293512/terrain-palmeraie-marrakech,Vente,Villa,Marrakech,Palmeraie,10 000 000 DH,10000000,10600m²,10600,,,,,on vous annonce un terrain viabilise avec un plan d une villa dans la quel le sous sol et déjà construit avec un puit murs de clôture sur la zone de la palmeraie,https://www.mubawab-media.com/ad/8/293/512F/h/0c120399-fb00-4cd0-ad67-668b1fdb35a9_81859044.avif,11,2026-09-30
6754803,Terrain a vendre a la palmeraie,https://www.mubawab.ma/fr/a/6754803/terrain-a-vendre-a-la-palmeraie,Vente,Terrain,Marrakech,Palmeraie,10 500 000 DH,10500000,10000m²,10000,,,,,"Opportunitée saisir :Terrain de 10000 m²situé au quartier palmeraie , dans un environnement de lux 15 min ducentre-ville. sur la route et à proximité du Club Med de la Palmeraie",https://www.mubawab-media.com/ad/6/754/803F/h/marrakech_palmeraie1_82669544.avif,1,2026-09-30
8148940,Grand terrain à vendre à Palmeraie Bab Atlas,https://www.mubawab.ma/fr/a/8148940/grand-terrain-%C3%A0-vendre-%C3%A0-palmeraie-bab-atlas,Vente,Terrain,Marrakech,Palmeraie,11 000 000 DH,11000000,34070m²,34070,,,,,"Une opportunité unique à saisir ! Magnifique terrain à vendre à Palmeraie Bab Atlas, d’une superficie de 3 hectares et 4070 m2. Idéal pour un projet résidentiel ou touristique, ce terrain offre un excellent potentiel d’investissement. Prix de vente : 11 000 000 Dhs. Non négociable. vente rapide privilégiée, achat sans financement souhaité Merci de nous contacter pour plus d'infos et la visite",https://www.mubawab-media.com/ad/8/148/940F/h/WhatsApp%20Image%202025-05-24%20at%2012.23.36_80336840.avif,10,2026-09-21
8403837,Jardins de la Palmeraie: Villa 3160 m2 terrain,https://www.mubawab.ma/fr/a/8403837/jardins-de-la-palmeraie-villa-3160-m2-terrain,Vente,Villa,Marrakech,Palmeraie,11 000 000 DH,11000000,285m²,285,5 Pièces,4 Chambres,3 Salles de bains,"Jardin, Piscine, Chambre rangement, Antenne parabolique, Cheminée, Climatisation, Chauffage central, Sécurité, Cuisine équipée","Dans une résidence sécurisée avec un parc de 45 hectares, cette villa dispose d'un terrain de 3160 m2 comprenant une surface habitable de 285 m2, une grande piscine chauffée, et un magnifique jardin paysagé de 2760 m2. Un séjour double, une grande cuisine, 3 chambres doubles dont une magnifique suite parentale, 2 chambres single, plusieurs terrasses. Bon état général, villa entretenue. Piscine chauffée. Emplacement Premium dans la résidence. Prox...",https://www.mubawab-media.com/ad/8/403/837F/h/photo_1_83159759.avif,15,2026-09-30
8361776,Villa d’Exception a vendre à la Palmeraie,https://www.mubawab.ma/fr/a/8361776/villa-d%E2%80%99exception-a-vendre-%C3%A0-la-palmeraie,Vente,Villa,Marrakech,Palmeraie,11 000 000 DH,11000000,2100m²,2100,15 Pièces,5 Chambres,5 Salles de bains,Piscine,"Au cœur du Circuit de la Palmeraie, découvrez cette magnifique villa édifiée sur un terrain de 2 100 m², offrant un cadre de vie paisible et privilégié. La propriété se compose de : * 5 chambres spacieuses * 5 salles de bains * 3 salons élégants et lumineux * Une grande cuisine spacieuse et fonctionnelle * Une piscine privée * Un hammam marocain traditionnel * De beaux espaces extérieurs arborés Cette villa allie confort, charme marocain et emp...",https://www.mubawab-media.com/ad/8/361/776F/h/WhatsApp%20Image%202026-06-08%20at%2021.29.06%20%286%29_82591645.avif,32,2026-09-30
8269107,Opportunité au cœur de la palmeraie,https://www.mubawab.ma/fr/a/8269107/opportunit%C3%A9-au-c%C5%93ur-de-la-palmeraie,Vente,Villa,Marrakech,Palmeraie,11 000 000 DH,11000000,10000m²,10000,,,,,je mets en vente un terrain bien situé au cœur de la palmeraie zone villa d’une superficie de 1 HA clôturé pour plus d’informations n’hésitez pas à nous contacter,https://www.mubawab-media.com/ad/8/269/107F/h/photo_00_83177772.avif,8,2026-09-30
7909749,Palmeraie à 5 mn du centre magnifique terrain pour une villa,https://www.mubawab.ma/fr/a/7909749/palmeraie-%C3%A0-5-mn-du-centre-magnifique-terrain-pour-une-villa,Vente,Villa,Marrakech,Palmeraie,12 000 000 DH,12000000,19501m²,19501,,,,,"LB Immo Marrakech vous propose à la vente un superbe terrain en zone S5D. Proche du centre-ville. Exceptionnel ! N’hésitez pas à nous contacter pour une visite. Honoraires agence : 2,5% HT",https://www.mubawab-media.com/ad/7/909/749F/h/photo_00_74824210.avif,2,2026-09-30
8328972,Villa d'exception au coeur de la Palmeraie 2,https://www.mubawab.ma/fr/a/8328972/villa-d-exception-au-coeur-de-la-palmeraie-2,Vente,Villa,Marrakech,Palmeraie,12 000 000 DH,12000000,420m²,420,5 Pièces,4 Chambres,4 Salles de bains,"Jardin, Terrasse, Garage, Vue sur les montagnes, Piscine, Salon Marocain, Salon européen, Cheminée, Climatisation, Sécurité, Cuisine équipée, Réfrigérateur, Four, Machine à laver, Micro-ondes","Nichée au cœur de l'une des copropriétés les plus confidentielles de Marrakech, cette villa offre un cadre de vie rare alliant intimité absolue, élégance architecturale et art de vivre à la marocaine. Sur un terrain privatif et clos de 2 600 m², la propriété déploie une habitation principale de 420 m² baignée de lumière, articulée autour d'un salon-salle à manger de réception, d'un salon télévision, de quatre chambres en suite et d'une cuisine...",https://www.mubawab-media.com/ad/8/328/972F/h/PHOTO-2026-04-07-20-38-14_3_82237535.avif,18,2026-09-30
7233700,Terrain zone villa à vendre sur Marrakech,https://www.mubawab.ma/fr/a/7233700/terrain-zone-villa-%C3%A0-vendre-sur-marrakech,Vente,Villa,Marrakech,Palmeraie,12 000 000 DH,12000000,15312m²,15312,,,,,"u circuit de la palmeraie Marrakech et à 10 minute du centre ville, se situe une jolie demeure de prestige semi finiLa villa offre beaucoup d’élégance et raffinement grâce à son architecture, construite sur un parc d'un hectare et demie, couvert d'une végétation luxuriante de palmiers, d'oliviers et d'arbres fruitiers, la propriété répartie en diverses réceptions, 3 suites complètes (chambres / salons / dressing / salle de bain) dont 3 en pavillo...",https://www.mubawab-media.com/ad/7/233/700F/h/01-randome-60104a8aee451_11580434.avif,3,2026-09-30
8415440,Terrain à Vendre pour Villas VE24199,https://www.mubawab.ma/fr/a/8415440/terrain-%C3%A0-vendre-pour-villas-ve24199,Vente,Villa,Marrakech,Palmeraie,13 000 000 DH,13000000,19501m²,19501,,,,,"Votre agence immobilière à Marrakech PRESTIGE GALLERY IMMO a le plaisir de vous présenter une opportunité rare au cœur de la prestigieuse Palmeraie de Marrakech. Nous proposons un lot de terrain parfaitement adaptés à la construction de villas de luxe, dans l’un des environnements les plus exclusifs et recherchés de la ville ocre. Détails des terrains : Lot 1 : 5 083 m² Lot 2 : 5 045 m² Lot 3 : 9 373 m² Superficie totale : environ 19 500 m²...",https://www.mubawab-media.com/ad/8/415/440F/h/111128_250328066440998_83218097.avif,1,2026-09-30
8321260,Terrain de prestige titré – 1 hectare – Palmeraie Marrakech,https://www.mubawab.ma/fr/a/8321260/terrain-de-prestige-titr%C3%A9-%E2%80%93-1-hectare-%E2%80%93-palmeraie-marrakech,Vente,Maison,Marrakech,Palmeraie,13 000 000 DH,13000000,10000m²,10000,,,,,"Terrain de prestige titré – 1 hectare – Palmeraie Marrakech موقع استثنائي فـ النخيل (Palmeraie) قرب Club Med Marrakech، واحد من أرقى المناطق السياحية والفاخرة فمراكش. المساحة: 10,000 متر مربع الوضعية: Titree (محفظة) الولوج: طريق مباشرة المحيط: هادئ، راقي، محاط بفيلات ومشاريع سياحية فرصة استثمارية نادرة: الأرض مثالية لإنجاز: • مشروع فيلات فاخرة (résidence de luxe) • Maison d’hôtes أو Boutique Hôtel • مشروع سياحي عالي المستوى Potentie...",https://www.mubawab-media.com/ad/8/321/260F/h/photo_00_82154123.avif,2,2026-09-30
8352643,Terrain d'exception à la palmeraie 1Ha,https://www.mubawab.ma/fr/a/8352643/terrain-d-exception-%C3%A0-la-palmeraie-1ha,Vente,Maison,Marrakech,Palmeraie,13 500 000 DH,13500000,10136m²,10136,,,,,"Opportunité Rare : Terrain Titré de 10136m2 à 1min du Riu Tikida Palmeraie. - Équipé eau et électricité - COS 30% , R1 9m, façade de 220m2 - Adossé à un parc public et zéro mitoyenneté Terrain à vocation touristique, idéal pour un Hôtel ou Maison d'hôtes. cadre intime, calme et verdoyant. Frais d'agence 2.5%",https://www.mubawab-media.com/ad/8/352/643F/h/1000119153_82492378.avif,2,2026-09-30
8325524,Magnifique villa à vendre à Ennakhil Palmeraie. 7 pièces con...,https://www.mubawab.ma/fr/a/8325524/magnifique-villa-%C3%A0-vendre-%C3%A0-ennakhil-palmeraie-7-pi%C3%A8ces-confortables-bien-meubl%C3%A9,Vente,Villa,Marrakech,Palmeraie,14 000 000 DH,14000000,680m²,680,7 Pièces,6 Chambres,6 Salles de bains,"Jardin, Terrasse, Garage, Piscine, Meublé, Salon Marocain, Salon européen, Climatisation, Cuisine équipée","Raffinement et confort pour cette villa à vendre. Prix 14 000 000 DH. 7 pièces, 6 salles de bains, surface 680 m². 6 chambres. Moins de 20 ans. Type de sol: Marbre. Bien meublé. Venez découvrir sans hésiter cette villa à Ennakhil (Palmeraie). Confortable et bien équipé avec piscine et climatisation. Les extérieurs se composent d'un jardin et d'une terrasse. Contactez-nous pour visiter cette villa à vendre à Marrakech. Salon traditionnel mar...",https://www.mubawab-media.com/ad/8/325/524F/h/photo_00_82200296.avif,14,2026-09-30
8255473,Villa de luxe a vendre a la palmeraie,https://www.mubawab.ma/fr/a/8255473/villa-de-luxe-a-vendre-a-la-palmeraie,Vente,Villa,Marrakech,Palmeraie,14 000 000 DH,14000000,2100m²,2100,7 Pièces,4 Chambres,4 Salles de bains,"Jardin, Piscine","Très belle villa à vendre à la Palmeraie, édifiée sur un terrain de 2100 m² avec 600 m² habitables.Elle se compose de 4 chambres, 3 salons, 4 salles de bain, ainsi qu’une cuisine moderne.À l’extérieur, vous profitez d’un grand jardin de 1500 m², d’une piscine privative et d’une exposition sans vis-à-vis, offrant calme et intimité.La villa est construite avec des matériaux de finition haut de gamme",https://www.mubawab-media.com/ad/8/255/473F/h/165a6acb-74ea-4d4f-a518-6f28c59a8d15_82667786.avif,1,2026-09-30
7290489,Villa lumineuse Palmeraie à ne pas rater,https://www.mubawab.ma/fr/a/7290489/villa-lumineuse-palmeraie-%C3%A0-ne-pas-rater,Vente,Villa,Marrakech,Palmeraie,14 000 000 DH,14000000,5000m²,5000,7 Pièces,5 Chambres,6 Salles de bains,"Jardin, Terrasse, Garage, Vue sur les montagnes, Piscine, Concierge, Chambre rangement, Salon Marocain, Salon européen, Antenne parabolique, Cheminée, Climatisation, Chauffage central, Sécurité, Double vitrage, Porte blindée, Cuisine équipée, Réfrigérateur, Four, Machine à laver, Micro-ondes","la villa se situe au palmeraie nord, Marrakech. D'une superficie de 5000m2 dont 1000 habitable, la villa se compose de : *A l'intérieure : -5 chambres 2 grandes suites ( Toute les chambre sont avec WC, Baignoire et douche ) ; -2 salons, 1 européen avec mini bar et l'autre traditionnel ; -grande cuisine avec un réserve ; -patio . *A l'extérieure : -Hamam beldi avec salle de massage et WC ; -Cuisine et WC pour événements (mariage...) ;...",https://www.mubawab-media.com/ad/7/290/489F/h/WhatsApp%20Image%202021-11-10%20at%2018.15.23%20%2823%29_14038921.avif,21,2026-09-30
8409393,Villa 700m2 sur Parcelle de 2100m2 Palmeraie,https://www.mubawab.ma/fr/a/8409393/villa-700m2-sur-parcelle-de-2100m2-palmeraie,Vente,Villa,Marrakech,Palmeraie,14 400 000 DH,14400000,700m²,700,7 Pièces,4 Chambres,5 Salles de bains,"Jardin, Terrasse, Piscine, Concierge, Salon Marocain, Climatisation, Chauffage central, Cuisine équipée","Villa d’exception à vendre – Palmeraie Golf, Marrakech Nous vous proposons à la vente une superbe villa située à deux pas du prestigieux Golf de la Palmeraie, dans un environnement résidentiel particulièrement calme et sécurisé. Édifiée sur un magnifique terrain arboré de 2 100 m², exposé plein sud, cette propriété développe environ 680m² habitables et se distingue par ses volumes généreux, ses prestations de qualité et son architecture marocaine...",https://www.mubawab-media.com/ad/8/409/393F/h/995dea37-14ee-4631-af20-b2cc4f2507d1-IMG_4007_83150044.avif,22,2026-09-30
8353203,Prix interressant Terrain à acheter à Ennakhil Palmeraie. Su...,https://www.mubawab.ma/fr/a/8353203/prix-interressant-terrain-%C3%A0-acheter-%C3%A0-ennakhil-palmeraie-surface-de-10000-m%C2%B2,Vente,Terrain,Marrakech,Palmeraie,15 000 000 DH,15000000,10000m²,10000,,,,,"Découvrez un vaste terrain de 10 000 m² situé dans le prestigieux quartier d'Ennakhil, au cœur de la célèbre Palmeraie de Marrakech. Ce terrain offre un cadre naturel exceptionnel avec de majestueux palmiers qui s'élèvent vers le ciel, créant une atmosphère sereine et authentique. Le paysage environnant est caractérisé par une végétation luxuriante, parfaite pour les projets qui aspirent à intégrer la nature et la tranquillité. Située dans la ré...",https://www.mubawab-media.com/ad/8/353/203F/h/photo_0_82498280.avif,1,2026-09-30
8386544,Vente terrain titré d'un hectare à la Palmeraie,https://www.mubawab.ma/fr/a/8386544/vente-terrain-titr%C3%A9-d-un-hectare-%C3%A0-la-palmeraie,Vente,Terrain,Marrakech,Palmeraie,15 000 000 DH,15000000,10000m²,10000,,,,,"Très rare, très belle oportunité, terrain titré d’un hectare à vendre dans le circuit de la palmeraie, idéalement placé proche de la ville",https://www.mubawab-media.com/ad/8/386/544F/h/271885992_524667522034515_4495593214934194775_n_82903969.avif,1,2026-09-30
7740156,"Maison d’hôtes à vendre — Piscine privée Palmeraie, Marrakec...",https://www.mubawab.ma/fr/a/7740156/maison-d%E2%80%99h%C3%B4tes-%C3%A0-vendre-%E2%80%94-piscine-priv%C3%A9e-palmeraie-marrakech,Vente,Maison,Marrakech,Palmeraie,15 000 000 DH,15000000,4000m²,4000,14 Pièces,8 Chambres,7 Salles de bains,"Jardin, Terrasse, Vue sur les montagnes, Piscine, Concierge, Entre-seul, Salon Marocain, Salon européen, Antenne parabolique, Cheminée, Climatisation, Chauffage central, Double vitrage, Porte blindée, Cuisine équipée, Réfrigérateur, Four, Machine à laver, Micro-ondes","L’Immobilier Sans Frontières vous propose à la vente une maison d’hôtes située à la Palmeraie, Marrakech. La superficie communiquée est de 4000 m² et le bien comprend une piscine privée. Cette maison d’hôtes se compose de : Rez-de-chaussée: Salon marocain - Salon européen - Séjour - 4 suites avec salles de bains et placards - Cuisine bien équipée - Buanderie - Toilette invités - Salle de bain - Terrasse - Cheminée en bois - Baie vitrée É...",https://www.mubawab-media.com/ad/7/740/156F/h/0%20image%20a%20la%20une_82104914.avif,32,2026-09-30
8425160,Vente de terrain à Ennakhil Palmeraie. Surface totale 10000...,https://www.mubawab.ma/fr/a/8425160/vente-de-terrain-%C3%A0-ennakhil-palmeraie-surface-totale-10000-m%C2%B2,Vente,Villa,Marrakech,Palmeraie,16 000 000 DH,16000000,10000m²,10000,,,,,"À VENDRE – TERRAIN D’EXCEPTION DE 1 HECTARE PALMERAIE, MARRAKECH Magnifique terrain de 10 000 m² idéalement situé dans la Palmeraie de Marrakech, à proximité de l’Hôtel Tikida, dans un emplacement privilégié et très recherché. Un cadre exceptionnel, idéal pour la construction d’une villa privée de prestige ou d’une élégante maison d’hôtes. Prix : 1 600 DH/m², soit environ 150 euros / m² Prix total : 16 000 000 DH, soit environ 1 500 000 Euros...",https://www.mubawab-media.com/ad/8/425/160F/h/photo_0_83326039.avif,1,2026-09-30
8420353,"Villa d’exception à vendre – bab atlas, marrakech",https://www.mubawab.ma/fr/a/8420353/villa-d%E2%80%99exception-%C3%A0-vendre-%E2%80%93-bab-atlas-marrakech,Vente,Villa,Marrakech,Palmeraie,16 000 000 DH,16000000,10000m²,10000,9 Pièces,6 Chambres,6 Salles de bains,"Terrasse, Piscine","Située dans le prestigieux secteur de Bab Atlas, cette magnifique propriété s’étend sur un vaste terrain d’1 hectare, offrant un cadre privilégié, calme et intimiste au cœur de la Palmeraie. La villa dispose de 6 suites, de 3 salons spacieux ainsi que de généreux espaces de vie pensés pour le confort et la réception. À l’extérieur, la propriété offre un superbe espace paysager avec une grande piscine et 3 grandes terrasses, idéales pour profiter...",https://www.mubawab-media.com/ad/8/420/353F/h/amg_2669_83272791.avif,23,2026-09-30
8338893,Triangle d'Or Palmeraie de Marrakech,https://www.mubawab.ma/fr/a/8338893/triangle-d-or-palmeraie-de-marrakech,Vente,Villa,Marrakech,Palmeraie,16 000 000 DH,16000000,10000m²,10000,,,,,"Ce terrain d'un hectare situé au cœur du Triangle d'Or, bénéficie d'une situation stratégique au sein de la Palmeraie de Marrakech, avec une vue panoramique exceptionnelle sur le massif du Haut-Atlas. Orientation idéale, discrétion absolue et potentiel architectural remarquable, toutes les conditions réunies pour la construction d'une villa de prestige ou d'une maison d'hôtes de caractère. Localisation · Triangle d'Or, Palmeraie Vue · Panoramique...",https://www.mubawab-media.com/ad/8/338/893F/h/PHOTO-terrain%20a%20vendre%20palmeraie_82340769.avif,1,2026-09-30
8092985,Palais d’Exception à Vendre – Palmeraie Domaine de ***-****...,https://www.mubawab.ma/fr/a/8092985/palais-d%E2%80%99exception-%C3%A0-vendre-%E2%80%93-palmeraie-domaine-de-31-177-m%C2%B2-id%C3%A9al-projet-h%C3%B4telier,Vente,Maison,Marrakech,Palmeraie,17 500 000 DH,17500000,38000m²,38000,14 Pièces,8 Chambres,11 Salles de bains,"Jardin, Terrasse, Garage, Ascenseur, Vue sur les montagnes, Piscine, Concierge, Chambre rangement, Meublé, Entre-seul, Salon Marocain, Salon européen, Antenne parabolique, Cheminée, Climatisation, Chauffage central, Sécurité, Double vitrage, Porte blindée, Cuisine équipée, Réfrigérateur, Four, Machine à laver, Micro-ondes","Au cœur de la prestigieuse Palmeraie de Marrakech, découvrez ce palais d’exception niché dans un domaine privé de 31 177 m², offrant un cadre rare de luxe, de calme et de nature. Cette propriété unique bénéficie d’une architecture majestueuse, de volumes impressionnants et d’un potentiel de valorisation exceptionnel. Elle peut parfaitement convenir pour une résidence privée de prestige, un boutique-hôtel, une maison d’hôtes haut de gamme ou un p...",https://www.mubawab-media.com/ad/8/092/985F/h/photo_0_80332161.avif,1,2026-09-30
8384073,"Opportunité à saisir Villa, rénovée au cœur de la Palmeraie",https://www.mubawab.ma/fr/a/8384073/opportunit%C3%A9-%C3%A0-saisir-villa-r%C3%A9nov%C3%A9e-au-c%C5%93ur-de-la-palmeraie,Vente,Villa,Marrakech,Palmeraie,18 000 000 DH,18000000,1000m²,1000,4 Pièces,4 Chambres,3 Salles de bains,"Jardin, Piscine, Concierge, Entre-seul","Certaines propriétés ne se visitent pas, elles se ressentent. Au cœur de la Palmeraie de Marrakech, dans l’un des secteurs les plus recherchés, cette propriété d’un hectare offre un cadre rare et un potentiel remarquable. Dès l’arrivée, les majestueux palmiers qui bordent la propriété donnent le ton. Bien que le jardin mérite d’être repensé et réaménagé, il constitue une formidable base pour créer un extérieur d’exception, à l’image de cette de...",https://www.mubawab-media.com/ad/8/384/073F/h/photo_00_82877185.avif,7,2026-09-30
7818383,Beau terrain SA2 avec puit à la Palmeraie,https://www.mubawab.ma/fr/a/7818383/beau-terrain-sa2-avec-puit-%C3%A0-la-palmeraie,Vente,Villa,Marrakech,Palmeraie,20 000 000 DH,20000000,10200m²,10200,,,,,"Nombreuses possibilités pour ce terrain à la vente. Superficie 10200 m². Note SA2 (4 villas de 2000 m2 par hectare). Prix 2000 DH / m2. Ce terrain est proposé à la vente à Ennakhil (Palmeraie), Marrakech",https://www.mubawab-media.com/ad/7/818/383F/h/photo_00_61097033.avif,2,2026-09-30
6705796,Villa comptemporaine Palmeraie isolee,https://www.mubawab.ma/fr/a/6705796/villa-comptemporaine-palmeraie-isolee,Vente,Villa,Marrakech,Palmeraie,20 000 000 DH,20000000,751m²,751,11 Pièces,6 Chambres,6 Salles de bains,"Jardin, Terrasse, Garage, Vue sur les montagnes, Piscine, Concierge, Salon Marocain, Salon européen, Antenne parabolique, Cheminée, Chauffage central, Sécurité, Cuisine équipée",TRES BELLE VILLA SUR LA PALMERAIE MODERNE 6 SUITES SUR 10 000 M² CLOTURE,https://www.mubawab-media.com/ad/6/705/796F/h/photo_0_3920963.avif,10,2026-09-30
8157002,"À VENDRE – Somptueuse Villa à la Palmeraie, Marrakech",https://www.mubawab.ma/fr/a/8157002/%C3%A0-vendre-%E2%80%93-somptueuse-villa-%C3%A0-la-palmeraie-marrakech,Vente,Villa,Marrakech,Palmeraie,21 000 000 DH,21000000,11248m²,11248,12 Pièces,10 Chambres,10 Salles de bains,"Jardin, Cheminée","Découvrez cette magnifique villa nichée au cœur de la prestigieuse Palmeraie de Marrakech, dans un cadre verdoyant et paisible, à seulement quelques minutes du centre-ville. Caractéristiques principales : Surface terrain : 11248m² Surface bâtie : 1000m² Chambres : 10 suites spacieuses avec salles de bain privatives Salon : Double salon lumineux avec cheminée un grand jardin",https://www.mubawab-media.com/ad/8/157/002F/h/7c906a7d-8c98-4d18-a8db-2c2863052e57_82668502.avif,23,2026-09-30
8286437,Magnifique terrain pour Villa Palmeraie,https://www.mubawab.ma/fr/a/8286437/magnifique-terrain-pour-villa-palmeraie,Vente,Villa,Marrakech,Palmeraie,24 000 000 DH,24000000,15800m²,15800,,,,,"Terrain d'exception pour la contraction de votre villa de rêve, situé au fameux domaine de Bab Atlas, résidence sécurisée de charme niché au coeur de la palmeraie de Marrakech Occasion à saisir! Frais d'agence 2,5% HT",https://www.mubawab-media.com/ad/8/286/437F/h/b4358afa800e143b952bb7d6c8c6a757_0bebd34d9a_4032-big_81784734.avif,1,2026-09-30
7882813,Magnifique villa à vendre idéale pr maison d'hôtes,https://www.mubawab.ma/fr/a/7882813/magnifique-villa-%C3%A0-vendre-id%C3%A9ale-pr-maison-d-h%C3%B4tes,Vente,Villa,Marrakech,Palmeraie,25 000 000 DH,25000000,10000m²,10000,8 Pièces,7 Chambres,7 Salles de bains,"Jardin, Terrasse, Garage, Ascenseur, Vue sur les montagnes, Piscine, Concierge, Chambre rangement, Salon Marocain, Salon européen, Antenne parabolique, Cheminée, Climatisation, Chauffage central, Sécurité, Porte blindée, Cuisine équipée, Réfrigérateur, Four, Machine à laver, Micro-ondes","Winners vous propose une magnifique villa à vendre au quartier prestigieux de Palmeraie. Elle se compose de 7 suites, 6 salons, 6 sdbs, Spa, hammam, piscine et 2 cuisines équipées. Cette villa est idéale pour une maison d'hôtes ou pour une habitation principale. Pour toutes informations n'hésitez pas à nous contacter. Honoraires agence: 2.5%",https://www.mubawab-media.com/ad/7/882/813F/h/1000137776_70532131.avif,21,2026-09-30
8338180,Terrain Bab Atlas Palmeraie Marrakech,https://www.mubawab.ma/fr/a/8338180/terrain-bab-atlas-palmeraie-marrakech,Vente,Villa,Marrakech,Palmeraie,26 000 000 DH,26000000,15928m²,15928,,,,,"Magnifique terrain pour villa 15 928 m2 Terrain exceptionnel pour la construction de votre villa de rêve, situé dans le prestigieux domaine de Bab Atlas, une résidence de charme et sécurisée nichée au cœur de la palmeraie de Marrakech",https://www.mubawab-media.com/ad/8/338/180F/h/TERRAIN%20BAB%20ATLAS%20PALMERAIE%20MARRAKECH_82332936.avif,1,2026-09-30
7821227,"Villa Exceptionnelle à vendre Palmeraie, Marrakech",https://www.mubawab.ma/fr/a/7821227/villa-exceptionnelle-%C3%A0-vendre-palmeraie-marrakech,Vente,Villa,Marrakech,Palmeraie,26 000 000 DH,26000000,3350m²,3350,,7 Chambres,7 Salles de bains,"Piscine, Concierge, Meublé, Chauffage central","Une villa exceptionnelle est à vendre au cœur de la Palmeraie de Marrakech. Une superficie généreuse : Avec un terrain de 3350m2, cette villa offre beaucoup d'espace pour profiter de l'extérieur à votre guise. 1100m2 d'Espace Intérieur : À l'intérieur, vous trouverez 1100m2 d'espace bien conçu, garantissant un confort exceptionnel. Chauffage au Sol : Le chauffage au sol vous assure une chaleur confortable pendant les mois plus frais. 7 Suite...",https://www.mubawab-media.com/ad/7/821/227F/h/031cc-WhatsApp-Image-2023-11-20-at-15.55.37_78392669.avif,12,2026-09-30
8425149,Vente de terrain à Ennakhil Palmeraie. Surface de 16400 m²,https://www.mubawab.ma/fr/a/8425149/vente-de-terrain-%C3%A0-ennakhil-palmeraie-surface-de-16400-m%C2%B2,Vente,Terrain,Marrakech,Palmeraie,26 240 000 DH,26240000,16400m²,16400,,,,,"À VENDRE – TERRAIN D’EXCEPTION PALMERAIE, MARRAKECH Magnifique terrain de 16 400 m² idéalement situé dans la Palmeraie de Marrakech, en zone touristique, dans un secteur privilégié et recherché. Prix : 1 600 DH/m², soit environ 150 le m² Prix total : 26 240 000 DH, soit environ 2,46 millions d’euros Un emplacement rare offrant un fort potentiel pour un projet touristique ou immobilier haut de gamme. 3 % de frais d’agence.",https://www.mubawab-media.com/ad/8/425/149F/h/photo_00_83325964.avif,3,2026-09-30
8298417,Villa de prestige à vendre – Palmeraie,https://www.mubawab.ma/fr/a/8298417/villa-de-prestige-%C3%A0-vendre-%E2%80%93-palmeraie,Vente,Villa,Marrakech,Palmeraie,27 000 000 DH,27000000,1450m²,1450,13 Pièces,9 Chambres,12 Salles de bains,"Jardin, Terrasse, Garage, Vue sur les montagnes, Piscine, Concierge, Chambre rangement, Meublé, Entre-seul, Salon Marocain, Salon européen, Antenne parabolique, Cheminée, Climatisation, Chauffage central, Sécurité, Double vitrage, Porte blindée, Cuisine équipée, Réfrigérateur, Four, Machine à laver, Micro-ondes","Villa de prestige à vendre – Palmeraie Située au cœur de la Palmeraie, cette villa d’exception est édifiée sur un terrain d’environ un hectare et bénéficie de volumes rares et d’un cadre privilégié. La propriété développe une importante surface habitable répartie sur sous-sol, rez-de-chaussée et étage, comprenant 9 chambres, de vastes espaces de réception (salon marocain, plusieurs salons européens et séjours), ainsi que deux cuisines indépenda...",https://www.mubawab-media.com/ad/8/298/417F/h/photo_00_83103217.avif,29,2026-09-30
8423574,Palais privé sur un hectare au cœur de la Palmeraie – piscin...,https://www.mubawab.ma/fr/a/8423574/palais-priv%C3%A9-sur-un-hectare-au-c%C5%93ur-de-la-palmeraie-%E2%80%93-piscine-monumentale-et-hammam,Vente,Villa,Marrakech,Palmeraie,28 000 000 DH,28000000,1350m²,1350,16 Pièces,9 Chambres,8 Salles de bains,"Jardin, Terrasse, Garage, Vue sur les montagnes, Piscine, Concierge, Chambre rangement, Meublé, Entre-seul, Salon Marocain, Salon européen, Antenne parabolique, Cheminée, Climatisation, Chauffage central, Sécurité, Double vitrage, Porte blindée, Cuisine équipée, Réfrigérateur, Four, Machine à laver, Micro-ondes","Imaginez-vous franchir un portail discret, longer une allée bordée de palmiers, puis découvrir une demeure de marbre et de pierre rouge baignée de lumière. Au cœur de la Palmeraie de Marrakech, cette villa d'exception se dresse sur un domaine d'environ un hectare, en toute intimité. ️ Plus de 1 300 m² de raffinement Au rez-de-jardin, les salons de réception s'enchaînent : un salon européen, un salon marocain et un salon avec cheminée pour les so...",https://www.mubawab-media.com/ad/8/423/574F/h/photo_00_83308728.avif,2,2026-09-30
8295039,"Très belle Villa de grand standing d’architecture moderne, a...",https://www.mubawab.ma/fr/a/8295039/tr%C3%A8s-belle-villa-de-grand-standing-d%E2%80%99architecture-moderne-au-sein-d-un-magnifique-domaine-s%C3%A9curis%C3%A9,Vente,Villa,Marrakech,Palmeraie,28 820 000 DH,28820000,953m²,953,8 Pièces,5 Chambres,,"Jardin, Terrasse, Piscine, Concierge, Entre-seul, Salon Marocain, Cheminée, Climatisation, Chauffage central, Sécurité, Cuisine équipée","Très belle Villa de grand standing d’architecture moderne, au sein d'un magnifique domaine sécurisé dans le quartier de Bab Atlas de la Palmeraie de Marrakech Superficie habitable : 953 m2 Superficie du terrain : 5.712 m2 Elle se compose de : Sous-Sol : 83 m2 2 Chambres du personnel chacune avec salle de bain 1 Buanderie non équipée 2 Locaux techniques RDC : 720 m2 3 Chambres dont 1 master chacune avec salle de bain, climatisation réversible 1 Gr...",https://www.mubawab-media.com/ad/8/295/039F/h/66f57c882d25bdb85_81877398.avif,32,2026-09-30
8249847,Superbe Villa de Prestige à la Palmeraie,https://www.mubawab.ma/fr/a/8249847/superbe-villa-de-prestige-%C3%A0-la-palmeraie,Vente,Villa,Marrakech,Palmeraie,30 000 000 DH,30000000,10000m²,10000,16 Pièces,9 Chambres,7 Salles de bains,"Jardin, Terrasse, Garage, Ascenseur, Vue sur les montagnes, Piscine, Concierge, Chambre rangement, Entre-seul, Salon Marocain, Salon européen, Antenne parabolique, Cheminée, Climatisation, Chauffage central, Sécurité, Double vitrage, Porte blindée, Cuisine équipée, Réfrigérateur, Four, Machine à laver, Micro-ondes","Nichée au cœur de la prestigieuse Palmeraie, cette somptueuse villa d’une superficie totale de plus d’un hectare offre un cadre de vie d’exception, alliant confort, espace et raffinement. Édifiée sur un terrain d’environ 10 000 m², la propriété bénéficie d’une construction récente (permis d’habiter obtenu en 2016) et se distingue par ses volumes généreux et ses finitions haut de gamme. Caractéristiques principales : Superficie habitable totale :...",https://www.mubawab-media.com/ad/8/249/847F/h/PHOTO-2025-11-10-12-53-11%20%281%29_81384082.avif,19,2026-09-30
8351875,Belle villa 8 ch à vendre Palmeraie,https://www.mubawab.ma/fr/a/8351875/belle-villa-8-ch-%C3%A0-vendre-palmeraie,Vente,Villa,Marrakech,Palmeraie,30 000 000 DH,30000000,800m²,800,8 Pièces,8 Chambres,5 Salles de bains,"Jardin, Terrasse, Garage, Piscine, Concierge, Chambre rangement, Meublé, Salon Marocain, Salon européen, Cheminée, Climatisation, Chauffage central, Cuisine équipée, Réfrigérateur, Four, Machine à laver","Sublime villa à vendre meublée élaborée sur un terrain de 3000 m² dont 800 m² habitable. Très bien située au coeur de la Palmeraie dans un domaine sécurisé. Composé au rez-de-chaussée: d'un salon marocain, une salle à manger ouverte sur jardin, un coin bibliothéque avec fontaine, un double séjour avec cheminée, WC visiteurs. A l'étage : une suite parentale avec salle de bain, quatre chambres à coucher avec terrasses, deux salles de bain. Au sous...",https://www.mubawab-media.com/ad/8/351/875F/h/03e53a8a-ed42-451d-9271-55671eab0972_82484597.avif,26,2026-09-30
8278018,Actif immobilier rare – Palmeraie de Marrakec,https://www.mubawab.ma/fr/a/8278018/actif-immobilier-rare-%E2%80%93-palmeraie-de-marrakec,Vente,Villa,Marrakech,Palmeraie,33 000 000 DH,33000000,1000m²,1000,7 Pièces,6 Chambres,5 Salles de bains,"Jardin, Terrasse, Garage, Vue sur les montagnes, Piscine, Concierge, Chambre rangement, Meublé, Entre-seul, Salon Marocain, Salon européen, Antenne parabolique, Cheminée, Climatisation, Chauffage central, Sécurité, Double vitrage, Porte blindée, Cuisine équipée, Réfrigérateur, Four, Machine à laver, Micro-ondes","Nous proposons à la vente une villa de prestige rare, située au cœur du quartier le plus emblématique et recherché de Marrakech : la Palmeraie. Implantée sur un terrain de plus d’un hectare, dans un environnement calme, sécurisé et confidentiel, la propriété bénéficie d’un voisinage de très haut standing, composé exclusivement de villas de luxe. L’accès est rapide et fluide, permettant de rejoindre le centre-ville en seulement 10 minutes, un a...",https://www.mubawab-media.com/ad/8/278/018F/h/071d9f08-c40a-4b70-b967-b032534c8f41_81695090.avif,30,2026-09-30
7835940,Grande villa à vendre à la palmeraie,https://www.mubawab.ma/fr/a/7835940/grande-villa-%C3%A0-vendre-%C3%A0-la-palmeraie,Vente,Villa,Marrakech,Palmeraie,34 000 000 DH,34000000,10000m²,10000,12 Pièces,7 Chambres,7 Salles de bains,"Jardin, Terrasse, Garage, Vue sur les montagnes, Piscine, Concierge, Chambre rangement, Meublé, Salon Marocain, Antenne parabolique, Cheminée, Climatisation, Chauffage central, Sécurité, Double vitrage, Porte blindée, Cuisine équipée, Réfrigérateur, Four, Machine à laver, Micro-ondes","Villa de rêve à vendre à la palmeraie Je vous propose de découvrir cette luxueuse villa de rêve, situé à la palmeraie, construite sur un terrain de 1 hectare, et une surface habitable de 800 m2 . Cette belle villa se présente comme suit : -7 chambres dont la suite principale, -spacieux salons avec cheminée, -espaces salles à manger, -pavillon ( 2 suites ), La villa profite d'un cadre exceptionnel avec un très beau jardin paysagé arboré e...",https://www.mubawab-media.com/ad/7/835/940F/h/photo_00_63664237.avif,11,2026-09-30
8321095,Villa d’exception triangle d’or palmeraie produit rare & con...,https://www.mubawab.ma/fr/a/8321095/villa-d%E2%80%99exception-triangle-d%E2%80%99or-palmeraie-produit-rare-confidentiel,Vente,Villa,Marrakech,Palmeraie,38 000 000 DH,38000000,1500m²,1500,13 Pièces,6 Chambres,8 Salles de bains,"Jardin, Terrasse, Garage, Vue sur les montagnes, Piscine, Concierge, Chambre rangement, Meublé, Entre-seul, Salon Marocain, Salon européen, Antenne parabolique, Cheminée, Climatisation, Chauffage central, Sécurité, Double vitrage, Porte blindée, Cuisine équipée, Réfrigérateur, Four, Machine à laver, Micro-ondes","Bien extrêmement rare, situé dans le secteur le plus exclusif de la Palmeraie, réservé à une clientèle ultra sélective. Implantée sur 1 hectare, cette propriété offre un potentiel exceptionnel avec une architecture noble et des volumes spectaculaires, notamment une réception avec plus de 7 mètres de hauteur sous plafond, signature des demeures de grand standing. Double réception, salons de prestige, bureau, salle à manger élégante et salon maro...",https://www.mubawab-media.com/ad/8/321/095F/h/photo_0_82151316.avif,2,2026-09-30
8143787,Somptueuse Propriété à vendre dans la Palmeraie,https://www.mubawab.ma/fr/a/8143787/somptueuse-propri%C3%A9t%C3%A9-%C3%A0-vendre-dans-la-palmeraie,Vente,Autre,Marrakech,Palmeraie,39 000 000 DH,39000000,10100m²,10100,10 Pièces,5 Chambres,6 Salles de bains,"Jardin, Terrasse, Garage, Vue sur les montagnes, Piscine, Concierge, Chambre rangement, Entre-seul, Salon Marocain, Salon européen, Antenne parabolique, Cheminée, Climatisation, Chauffage central, Sécurité, Double vitrage, Porte blindée, Cuisine équipée, Réfrigérateur, Four, Machine à laver, Micro-ondes","Un Écrin de Verdure & d’Élégance Imaginez-vous dans cette propriété somptueuse, sublimée par un parc paysager de plus de 1hectare au cœur de la palmeraie. Entre jardins luxuriants, palmiers centenaires et allées parfumées, ce domaine privé offre un cadre féerique et préservé, où chaque détail respire le luxe. Admirez des vues panoramiques sur les montagnes de l’Atlas, les couchers de soleil dorés et l’océan de palmiers, depuis ses multiples terr...",https://www.mubawab-media.com/ad/8/143/787F/h/WhatsApp%20Image%202025-05-09%20at%2016.21.39_80286418.avif,32,2026-09-30
8396127,Villa à vendre à Ennakhil Palmeraie. Surface de 3200 m². Meu...,https://www.mubawab.ma/fr/a/8396127/villa-%C3%A0-vendre-%C3%A0-ennakhil-palmeraie-surface-de-3200-m%C2%B2-meubl%C3%A9,Vente,Villa,Marrakech,Palmeraie,42 150 000 DH,42150000,3200m²,3200,20 Pièces,11 Chambres,21 Salles de bains,"Jardin, Terrasse, Garage, Ascenseur, Vue sur les montagnes, Piscine, Concierge, Chambre rangement, Meublé, Entre-seul, Salon Marocain, Salon européen, Antenne parabolique, Cheminée, Climatisation, Chauffage central, Sécurité, Double vitrage, Porte blindée, Cuisine équipée, Réfrigérateur, Four, Machine à laver, Micro-ondes","Palais de Luxe à Vendre Marrakech Palmeraie Au cœur de la Palmeraie de Marrakech, découvrez un palais de luxe OFF MARKET implanté sur 23 000 m² de parc paysager. Avec 3 200 m² habitables, cette propriété de prestige à Marrakech offre un niveau de finition exceptionnel et des prestations dignes des plus grands hôtels privés. Caractéristiques clés : ️ 23 000 m² de terrain ️ 3 200 m² habitables ️ 11 chambres / 9 suites ️ 21 salles de bains ️ 5 sal...",https://www.mubawab-media.com/ad/8/396/127F/h/photo_00_83011555.avif,11,2026-09-30
8295564,Superbe Villa de style mixte située à la Palmeraie / Bab Atl...,https://www.mubawab.ma/fr/a/8295564/superbe-villa-de-style-mixte-situ%C3%A9e-%C3%A0-la-palmeraie-bab-atlas,Vente,Villa,Marrakech,Palmeraie,49 500 000 DH,49500000,1600m²,1600,11 Pièces,7 Chambres,,"Jardin, Terrasse, Garage, Piscine, Cheminée, Climatisation, Sécurité, Cuisine équipée, Réfrigérateur","Superbe Villa de style mixte située à la Palmeraie / Bab Atlas à 20 minutes du centre-ville. Superficie du terrain : 1 hectare Surface habitable : 1600 m² Elle se compose de : Vaste entrée Toilette invités avec vestiaire Patio intérieur Coin cheminée avec bibliothèque 1 Salon cheminée avec TV grand écran plat 1 Salle à manger intérieure dotée de grandes baies vitrées donnant sur le jardin, la piscine extérieure et les montagnes de l'Atlas 1 Cuisi...",https://www.mubawab-media.com/ad/8/295/564F/h/61e58d42bd60e0614_81883642.avif,12,2026-09-30
7848297,Villa de luxe a vendre a la palmeraie,https://www.mubawab.ma/fr/a/7848297/villa-de-luxe-a-vendre-a-la-palmeraie,Vente,Villa,Marrakech,Palmeraie,55 000 000 DH,55000000,10000m²,10000,11 Pièces,7 Chambres,7 Salles de bains,"Jardin, Terrasse, Garage, Piscine, Cheminée, Four","Magnifique villa à la vente dans un coin de Paradis!!! Cette villa construite sur un terrain dun hectare bénéficie d'une superficie habitable d'environ 1500m². Au RDC, dès l'entrée vous êtes en présence d'un magnifique espace de vie, spacieux, lumineux avec vue sur piscine et jardin, au rdc la villa dispose2 salle à manger 2 cusines équipées (four, cuisinière, hotte aspirante... Piscine couverte Grande piscine extérieure Jardin intérieur Gar...",https://www.mubawab-media.com/ad/7/848/297F/h/whatsipp_amage_2024-01-10_at_11.21.54_%284%29_82669084.avif,31,2026-09-30
8294998,"Magnifique Villa pensée, mûrie, peaufinée avec une subtile p...",https://www.mubawab.ma/fr/a/8294998/magnifique-villa-pens%C3%A9e-m%C3%BBrie-peaufin%C3%A9e-avec-une-subtile-perfection,Vente,Villa,Marrakech,Palmeraie,55 000 000 DH,55000000,1547m²,1547,9 Pièces,6 Chambres,,"Jardin, Terrasse, Piscine, Antenne parabolique, Cheminée, Climatisation, Chauffage central, Cuisine équipée","Le monde de la création est pavé de magnifiques histoires. Celle d’un jeune entrepreneur doué d’un esprit très créatif pour proposer une magnifique Villa dans la Palmeraie Cette Villa a été pensée, mûrie, peaufinée pour aboutir à une subtile perfection. Les constructions s’intègrent parfaitement dans un environnement très arboré avec des champs d’oliviers s’étalant à l’infini, face à l’Atlas. Un seul grand Patio à l’aspect très contemporain lar...",https://www.mubawab-media.com/ad/8/294/998F/h/67659f58502ae67d9_81876416.avif,32,2026-09-30
8287570,Terrain à acheter à Ennakhil (Palmeraie). Surface de 37900 m...,https://www.mubawab.ma/fr/a/8287570/terrain-%C3%A0-acheter-%C3%A0-ennakhil-palmeraie-surface-de-37900-m%C2%B2-,Vente,Terrain,Marrakech,Palmeraie,56 850 000 DH,56850000,37900m²,37900,,,,,"Nombreuses possibilités pour ce terrain à la vente. Prix 56 850 000 DH. Surface du bien : 37900 m². Ce terrain est proposé à la vente à Ennakhil (Palmeraie), Marrakech",https://www.mubawab-media.com/ad/8/287/570F/h/photo_00_81796683.avif,6,2026-09-30
8309183,Très belle Villa de style oriental face aux montagnes de l’A...,https://www.mubawab.ma/fr/a/8309183/tr%C3%A8s-belle-villa-de-style-oriental-face-aux-montagnes-de-l%E2%80%99atlas,Vente,Villa,Marrakech,Palmeraie,57 200 000 DH,57200000,2000m²,2000,12 Pièces,5 Chambres,,"Jardin, Terrasse, Piscine, Concierge, Entre-seul, Cheminée, Climatisation, Chauffage central, Sécurité, Cuisine équipée",Très belle Villa de style oriental face aux montagnes de l’Atlas située dans la Palmeraie Superficie du terrain : 2 hectares Superficie habitable : 2000 m2 Elle se compose de : 5 Suites chacune avec salle de bain et dressing 3 Salons de réception au rez de chaussée 2 Salons à l'étage / Bar Salle à manger Cuisine équipée Spa : Salle de sport Hammam Jacuzzi Sous-sol : 2ème cuisine Buanderie Lingerie Chambres de service Divers : Piscine chauffé...,https://www.mubawab-media.com/ad/8/309/183F/h/60e46009283d6884d_82026583.avif,13,2026-09-30
8415065,"Terrain titré 28 ha 94 a — 700 m de façade sur la N8, Marrak...",https://www.mubawab.ma/fr/a/8415065/terrain-titr%C3%A9-28-ha-94-a-%E2%80%94-700-m-de-fa%C3%A7ade-sur-la-n8-marrakech,Vente,Villa,Marrakech,Palmeraie,173 640 000 DH,173640000,280000m²,280000,,,,,"sur la route nationale N8, au lieu-dit Bab Atlas. Terrain d'un seul tenant de 28 ha 94 a (289 400 m²), entièrement titré et borné — titre foncier n 937/43. Façade exceptionnelle de 700 mètres sur la nationale, permettant plusieurs accès indépendants. Secteur en pleine mutation : maisons d'hôtes, villas privées, domaines équestres et établissements hôteliers. À 10 minutes de l'American School of Marrakesh, 5 km de la Palmeraie et des golfs. Zon...",https://www.mubawab-media.com/ad/8/415/065F/h/photo_00_83213944.avif,3,2026-09-30
8203592,Appartement en vente – La Palmeraie 3,https://www.mubawab.ma/fr/a/8203592/appartement-en-vente-%E2%80%93-la-palmeraie-3,Vente,Appartement,Marrakech,Palmeraie,240 000 000 DH,240000000,110m²,110,3 Pièces,2 Chambres,1 Salle de bain,"Jardin, Terrasse, Garage, Piscine, Chambre rangement, Cheminée, Chauffage central, Cuisine équipée, Réfrigérateur, Four, Machine à laver","Situé au rez-de-jardin d'une résidence prise, cet appartement offre un cadre de vie agréable et sécurisé. D'une surface optimisée, il se compose de : - Deux chambres lumineuses avec rangements - Un salon spacieux donnant un accès direct à la terrasse - Salle de bain style marocain ,Carrelage aux motifs géométriques traditionnels équipée d'une douche à l'italienne - Cuisine moderne entièrement équipée et fonctionnelle - Grande terrasse privat...",https://www.mubawab-media.com/ad/8/203/592F/h/S%20%2817%29_80897410.avif,17,2026-09-30
