id,title,url,transaction_type,house_type,city,quartier,price_raw,price_numeric,surface_raw,surface_m2,rooms,bedrooms,bathrooms,features,description,main_image,images_count,scraped_date
8132129,Studio à vendre,https://www.mubawab.ma/fr/a/8132129/studio-%C3%A0-vendre,Vente,Studio,Marrakech,Guéliz,Prix à consulter,,48m²,48,1 Pièce,1 Ch.,1 Salle de bain,"Terrasse, Ascenseur, Antenne parabolique, Climatisation","*Studio à Vendre à Guéliz, Marrakech* - *Superficie* : 48m² (dont 22m² de terrasse) - *Aménagement* : Une seule pièce avec salle de bain, possibilité d'ajouter une cuisine américaine - *Localisation* : 5ème étage, orientation Sud, immeuble neuf avec belle façade, plein centre de Guéliz - *État* : Studio jamais habité, idéal pour investissement locatif Un studio lumineux et fonctionnel, parfaitement situé dans le quartier dynamique de Guéliz à M...",https://www.mubawab-media.com/ad/8/132/129F/h/Screenshot_2025-04-11-15-16-34-15_3d9111e2d3171bf4882369f490c087b4_80168568.avif,1,2026-09-30
8404855,Studio avendre,https://www.mubawab.ma/fr/a/8404855/studio-avendre,Vente,Studio,Marrakech,Autre / Centre,Prix à consulter,,56m²,56,1 Pièce,1 Ch.,2 Salles de bains,"Terrasse, Garage, Ascenseur, Concierge, Chambre rangement, Sécurité, Cuisine équipée, Réfrigérateur, Four, Machine à laver, Micro-ondes",tres belle studio avendre pour invistissement centre de marrakech residence securise calm,https://www.mubawab-media.com/ad/8/404/855F/h/photo_00_83102469.avif,10,2026-09-30
8321092,Appartement studio à vente à argan golf Marrakech piscine co...,https://www.mubawab.ma/fr/a/8321092/appartement-studio-%C3%A0-vente-%C3%A0-argan-golf-marrakech-piscine-collective,Vente,Studio,Marrakech,Autre / Centre,Prix à consulter,,42m²,42,2 Pièces,1 Ch.,1 Salle de bain,"Jardin, Terrasse, Garage, Piscine, Façade extérieure, Salon européen, Antenne parabolique, Climatisation, Sécurité, Double vitrage, Porte blindée, Cuisine équipée, Four",Appartement 1 chambre à vendre argan golf Idéal pour investissement Neuf au premier étage Vue jardin Frais d’agence 3% TTC à la charge de l’acquéreur,https://www.mubawab-media.com/ad/8/321/092F/h/photo_0_82151287.avif,11,2026-09-30
8342659,Le Quartier Al Chraf استوديو للكراء اليومي حي الشرف,https://www.mubawab.ma/fr/a/8342659/le-quartier-al-chraf-%D8%A7%D8%B3%D8%AA%D9%88%D8%AF%D9%8A%D9%88-%D9%84%D9%84%D9%83%D8%B1%D8%A7%D8%A1-%D8%A7%D9%84%D9%8A%D9%88%D9%85%D9%8A-%D8%AD%D9%8A-%D8%A7%D9%84%D8%B4%D8%B1%D9%81,Vente,Studio,Marrakech,Autre / Centre,Prix à consulter,,40m²,40,1 Pièce,1 Ch.,1 Salle de bain,"Garage, Ascenseur, Concierge, Meublé, Façade extérieure, Salon européen, Antenne parabolique, Climatisation, Chauffage central, Sécurité, Double vitrage, Porte blindée, Cuisine équipée, Réfrigérateur, Four, Machine à laver, Micro-ondes","Studio élégant et sécurisé à louer à Hay Saada / Hay Charaf, emplacement premium, entièrement équipé, climatisé et prêt à vivre immédiatement. Un cadre idéal alliant confort, calme et proximité de toutes commodités — une opportunité à ne pas manquer",https://www.mubawab-media.com/ad/8/342/659F/h/photo_00_82382462.avif,11,2026-09-30
8268314,Suplime appartement à vendre,https://www.mubawab.ma/fr/a/8268314/suplime-appartement-%C3%A0-vendre,Vente,Studio,Marrakech,Guéliz,Prix à consulter,,45m²,45,1 Pièce,1 Ch.,1 Salle de bain,"Ascenseur, Façade extérieure, Salon européen, Antenne parabolique, Climatisation, Sécurité, Double vitrage, Cuisine équipée, Réfrigérateur, Four, Machine à laver, Micro-ondes","Bienvenue dans ce studio moderne et lumineux, situé en plein cœur de Guéliz, l’un des quartiers les plus recherchés de Marrakech. Le studio est composé de : Un séjour confortable avec espace salon Une cuisine moderne et entièrement équipée (réfrigérateur, plaques, micro-ondes, bouilloire, vaisselle…) Une chambre cozy avec lit double et rangements Une salle de douche propre et fonctionnelle Climatisation, Résidence calme, propre et sécurisée Grâ...",https://www.mubawab-media.com/ad/8/268/314F/h/photo_00_81591166.avif,17,2026-09-30
8291258,Studio luxe à vendre gueliz,https://www.mubawab.ma/fr/a/8291258/studio-luxe-%C3%A0-vendre-gueliz,Vente,Studio,Marrakech,Guéliz,Prix à consulter,,54m²,54,2 Pièces,1 Ch.,1 Salle de bain,"Terrasse, Garage, Ascenseur, Concierge, Climatisation, Sécurité, Double vitrage, Cuisine équipée, Réfrigérateur, Four, Machine à laver, Micro-ondes","Nous mettons en vente un studio de 52 m² parfaitement agencé, situé au 4ème étage d'une résidence sécurisée. Fiche technique : Surface : 52 m² habitables. Finitions : Revêtement au sol en parquet de haute qualité, menuiserie soignée (placards intégrés). Distribution : Salon spacieux, chambre séparée, cuisine optimisée, salle de bain et toilettes. Atouts : Étage intermédiaire offrant une bonne luminosité et une isolation phonique idéale. Pot...",https://www.mubawab-media.com/ad/8/291/258F/h/IMG_0697_81835649.avif,12,2026-09-30
8240879,Projet immobilier neuf à vendre– Idéal pour investissement l...,https://www.mubawab.ma/fr/a/8240879/projet-immobilier-neuf-%C3%A0-vendre%E2%80%93-id%C3%A9al-pour-investissement-locatif-ou-r%C3%A9sidence-principale,Vente,Studio,Marrakech,Autre / Centre,Prix à consulter,,54m²,54,2 Pièces,1 Ch.,1 Salle de bain,"Jardin, Terrasse, Garage, Ascenseur, Piscine, Concierge, Façade extérieure, Salon Marocain, Salon européen, Antenne parabolique, Climatisation, Chauffage central, Sécurité, Cuisine équipée, Four","Nouveau projet résidentiel à la vente Découvrez un nouveau programme immobilier moderne offrant des appartements élégants et parfaitement agencés, dans un cadre de vie calme et agréable. Le projet propose une large gamme de superficies allant de 52 m² à 109 m², répondant à tous les besoins : • Studios : de 50 m² à 63 m², idéals pour une première acquisition ou un investissement locatif. • Appartements 2 chambres : de 64 m² à 89 m², offr...",https://www.mubawab-media.com/ad/8/240/879F/h/photo_8_81300788.avif,25,2026-09-30
8299285,Appartement meublé résidence avec piscine,https://www.mubawab.ma/fr/a/8299285/appartement-meubl%C3%A9-r%C3%A9sidence-avec-piscine,Location,Studio,Marrakech,Hivernage,Prix à consulter,,67m²,67,2 Pièces,1 Ch.,2 Salles de bains,"Jardin, Terrasse, Garage, Ascenseur, Piscine, Meublé, Antenne parabolique, Climatisation, Sécurité, Cuisine équipée, Réfrigérateur, Four, TV, Machine à laver, Micro-ondes, Internet","*Location Studio Hivernage, Marrakech* Studio de 67m² à louer, bien meublé, situé à Hivernage. - 1 chambre avec placard - 1 salle de bain avec douche - 1 balcon couvert - 1 salon - 1 cuisine bien équipée - Climatisation - 2ème étage avec ascenseur - Place de parking sous-sol *Options*: résidence sécurisée avec piscine collective et jardin Conditions : - 2 mois d'avance - 2 mois de caution",https://www.mubawab-media.com/ad/8/299/285F/h/photo_0_82945471.avif,1,2026-09-30
8421315,Garçonnière,https://www.mubawab.ma/fr/a/8421315/gar%C3%A7onni%C3%A8re,Location,Studio,Marrakech,Autre / Centre,Prix à consulter,,30m²,30,1 Pièce,1 Ch.,1 Salle de bain,"Terrasse, Concierge, Meublé, Salon Marocain, Salon européen, Sécurité, Cuisine équipée, Réfrigérateur, Four, Machine à laver, Internet","Vous cherchez un studio, meublé et bien située ? Dar Illi met à votre disposition un studio meublé A Proximité des transports, commerces et universités Sécurité assurée 24h/24 Wifi haut-débit / Cuisine / Machine à laver / Lave vaisselles / Salle de bain / salon d’étude / Coin sport / Buvette Pour plus d’informations et visites, veuillez nous contacter au :",https://www.mubawab-media.com/ad/8/421/315F/h/Image_Codex_22_sept._2026__12_31_33_83283417.avif,10,2026-09-30
8378427,Location appartement 1 chambre studio vide piscine collectiv...,https://www.mubawab.ma/fr/a/8378427/location-appartement-1-chambre-studio-vide-piscine-collective-marrakech-argan-chrifia-prestigia,Location,Studio,Marrakech,Chrifia,Prix à consulter,,45m²,45,2 Pièces,1 Ch.,1 Salle de bain,"Terrasse, Garage, Piscine, Salon européen, Climatisation, Sécurité, Double vitrage, Porte blindée, Four","À Marrakech, dans la région de Marrakech-Safi, ce charmant appartement moderne à louer se trouve dans le quartier prisé de la Route Amizmiz, à proximité de l'Argan Golf Chrifia. Avec une surface de 45 m², ce bien offre un cadre de vie confortable et élégant. Situé au premier étage d'un immeuble récent (1-5 ans d’ancienneté), il est orienté à l’ouest, offrant ainsi une lumière naturelle généreuse tout au long de la journée. L'intérieur de l'appar...",https://www.mubawab-media.com/ad/8/378/427F/h/photo_0_82816243.avif,9,2026-09-30
8316920,Chambre et studio à louer,https://www.mubawab.ma/fr/a/8316920/chambre-et-studio-%C3%A0-louer,Location,Studio,Marrakech,Autre / Centre,Prix à consulter,,20m²,20,1 Pièce,,1 Salle de bain,"Concierge, Meublé, Façade extérieure, Salon Marocain, Antenne parabolique, Climatisation, Sécurité, Cuisine équipée, Réfrigérateur, Four, Machine à laver, Internet","Une chambre et studio meublés et bien située a louer pour femmes Sécurité assurée 24h/24 Propreté irréprochable À proximité des transports, commerces & universités Location courte ou longue durée selon vos besoins. Contactez nous dès maintenant pour une visite ou plus d’infos",https://www.mubawab-media.com/ad/8/316/920F/h/WhatsApp%20Image%202026-02-18%20at%2009.19.13%20%281%29_82109587.avif,3,2026-09-30
8235217,Annonce de location – Chambre étudiante,https://www.mubawab.ma/fr/a/8235217/annonce-de-location-%E2%80%93-chambre-%C3%A9tudiante,Location,Studio,Marrakech,Autre / Centre,Prix à consulter,,20m²,20,1 Pièce,,1 Salle de bain,"Concierge, Meublé, Climatisation, Sécurité, Cuisine équipée, Réfrigérateur, Four, Machine à laver, Internet","Annonce de location – Chambres et studios meublés pour étudiantes Sécurité 24h/24 Propreté irréprochable Proximité des transports, commerces et universités Pour plus d’informations et visites, veuillez nous contacter",https://www.mubawab-media.com/ad/8/235/217F/h/DSC_8666_81233591.avif,1,2026-09-30
8354159,Apparemment ou studio شقة او ستوديو,https://www.mubawab.ma/fr/a/8354159/apparemment-ou-studio-%D8%B4%D9%82%D8%A9-%D8%A7%D9%88-%D8%B3%D8%AA%D9%88%D8%AF%D9%8A%D9%88,Location,Studio,Marrakech,Autre / Centre,315 DH,315,46m²,46,1 Pièce,1 Ch.,1 Salle de bain,"Ascenseur, Meublé, Climatisation, Sécurité, Cuisine équipée, Réfrigérateur, TV, Internet",Appartement Studio à louer courts séjours au cœur de Marrakech ستوديو شقة للكراء اليومي في قلب مدينة مراكش,https://www.mubawab-media.com/ad/8/354/159F/h/IMG_9597_82508010.avif,13,2026-09-30
7958757,Charmant Studio Moderne avec Piscine Sur Guéliz,https://www.mubawab.ma/fr/a/7958757/charmant-studio-moderne-avec-piscine-sur-gu%C3%A9liz,Location Vacances,Studio,Marrakech,Guéliz,449 DH,449,55m²,55,3 Pièces,1 Ch.,1 Salle de bain,"Jardin, Terrasse, Garage, Ascenseur, Piscine, Concierge, Façade extérieure, Salon Marocain, Salon européen, Antenne parabolique, Climatisation, Chauffage central, Sécurité, Double vitrage, Porte blindée, Cuisine équipée, Réfrigérateur, Four, TV, Machine à laver, Micro-ondes, Internet","Appartement à louer idéalement placé. Le Prix De Vacances A Partir De 500 DHs Par Jour Ca Dépend la durée. 2 pièces, 1 salle de bains, 56 m². 1 chambre. 2ème étage. Nouveau. Type de sol: Marbre. Nombres de nuits minimum 2. En plus d'une terrasse, dispose également d'un jardin. La résidence est équipée d'un ascenseur et d'un parking. Appartement pour location saisonnière à Hivernage. Confort et sécurité avec service de conciergerie, piscine et cl...",https://www.mubawab-media.com/ad/7/958/757F/h/photo_0_79997022.avif,12,2026-09-30
8083599,Studio Élégant avec Confort Moderne Miramas 2,https://www.mubawab.ma/fr/a/8083599/studio-%C3%A9l%C3%A9gant-avec-confort-moderne-miramas-2,Location Vacances,Studio,Marrakech,Autre / Centre,500 DH,500,65m²,65,5 Pièces,1 Ch.,1 Salle de bain,"Jardin, Terrasse, Garage, Ascenseur, Piscine, Concierge, Façade extérieure, Salon européen, Antenne parabolique, Climatisation, Chauffage central, Sécurité, Double vitrage, Cuisine équipée, Réfrigérateur, Four, TV, Machine à laver, Internet","- Chambre spacieuse et lumineuse : Détendez-vous dans un grand lit douillet, idéal pour des nuits reposantes après une journée de découvertes à Marrakech. Les draps et oreillers de qualité supérieure vous garantissent un sommeil réparateur. La chambre est décorée dans des tons neutres et apaisants, offrant une atmosphère relaxante. - Salle de bain moderne : Profitez de la salle de bain élégamment aménagée, équipée d'une douche italienne spacie...",https://www.mubawab-media.com/ad/8/083/599F/h/WhatsApp%20Image%202025-01-29%20at%2017.10.41%20%281%29_79687808.avif,10,2026-09-30
8210642,Studio à Gueliz Marrakech,https://www.mubawab.ma/fr/a/8210642/studio-%C3%A0-gueliz-marrakech,Location Vacances,Studio,Marrakech,Guéliz,500 DH,500,65m²,65,1 Pièce,1 Ch.,1 Salle de bain,"Ascenseur, Concierge, Façade extérieure, Salon européen, Antenne parabolique, Climatisation, Double vitrage, Porte blindée, Cuisine équipée, Réfrigérateur, TV, Micro-ondes, Internet",Un jolie studio à avenue abdlrkrim El khattabi Gueliz Marrakech,https://www.mubawab-media.com/ad/8/210/642F/h/29e4f470-5715-483b-aacf-c8b098c919f0_80971049.avif,16,2026-09-30
8365881,Très bel appartement en location à Camp Al Ghoul. 1 chambre,https://www.mubawab.ma/fr/a/8365881/tr%C3%A8s-bel-appartement-en-location-%C3%A0-camp-al-ghoul-1-chambre,Location,Studio,Marrakech,Guéliz,600 DH,600,50m²,50,4 Pièces,1 Ch.,1 Salle de bain,"Climatisation, Cuisine équipée","Studio à louer à la nuitée – Guéliz, Marrakech Studio moderne, propre et entièrement équipé, idéal pour les vacances ou les courts séjours. Situé au cœur de Guéliz, à quelques minutes de Victor Hugo et Carré Eden. 1 chambre confortable Salon équipé Cuisine équipée Salle de bain moderne Wi-Fi haut débit Climatisation Résidence calme et sécurisée Proche des restaurants, cafés, commerces et de toutes les commodités. Prix attractif selon...",https://www.mubawab-media.com/ad/8/365/881F/h/photo_0_82676787.avif,16,2026-09-30
8417586,F31 Piscine Couverte Studio Luxe,https://www.mubawab.ma/fr/a/8417586/f31-piscine-couverte-studio-luxe,Location Vacances,Studio,Marrakech,Autre / Centre,600 DH,600,45m²,45,1 Pièce,1 Ch.,1 Salle de bain,"Jardin, Terrasse, Ascenseur, Piscine, Concierge, Salon européen, Antenne parabolique, Climatisation, Chauffage central, Sécurité, Cuisine équipée, Réfrigérateur, Four, TV, Machine à laver, Micro-ondes, Internet","**WHATSAPP MESSAGES UNIQUEMENT, SVP** **Pas de sous-location, pas de proposition de conciergerie: (Habitation principale uniquement)** **Pas de couples non mariés !** Appartement neuf, très bien équipé et bon prix : - Accès à une piscine privée, réservée aux résidents - Chambre avec un lit double confortable - Salon avec canapé-lit, machine à café et grande TV connectée (Shahid, Netflix...) - Wi-Fi rapide (fibre optique) - Machine à laver - Cui...",https://www.mubawab-media.com/ad/8/417/586F/h/_OPERA_A-24_83242297.avif,10,2026-09-30
8361529,Studio meublé une chambre hivernage,https://www.mubawab.ma/fr/a/8361529/studio-meubl%C3%A9-une-chambre-hivernage,Location Vacances,Studio,Marrakech,Hivernage,600 DH,600,50m²,50,2 Pièces,1 Ch.,1 Salle de bain,,on vous propose la location journalière de ce joli studio bien équipé à hivernage à coté de la CTM pour plus d'information veuillez nous contacter les photos sont réelles,https://www.mubawab-media.com/ad/8/361/529F/h/NNN_82588947.avif,18,2026-09-30
7973576,Luxueux Studio au Golf Prestigia Jade,https://www.mubawab.ma/fr/a/7973576/luxueux-studio-au-golf-prestigia-jade,Location Vacances,Studio,Marrakech,Prestigia,700 DH,700,55m²,55,2 Pièces,1 Ch.,1 Salle de bain,"Jardin, Terrasse, Garage, Vue sur les montagnes, Piscine, Concierge, Façade extérieure, Salon européen, Antenne parabolique, Climatisation, Chauffage central, Cuisine équipée, Réfrigérateur, Four, TV, Machine à laver, Internet","Luxueux Studio au Golf Prestigia Jade Vivez l’expérience du luxe au cœur du prestigieux Golf Prestigia Jade avec notre studio haut de gamme, conçu pour offrir un séjour inoubliable. Ce havre de paix combine élégance et fonctionnalité, parfait pour une escapade relaxante ou un séjour prolongé. Le studio dispose d'une chambre élégante, offrant une intimité totale et un confort optimal. Le salon spacieux, équipé d’un canapé convertible, perme...",https://www.mubawab-media.com/ad/7/973/576F/h/IMG_8482%203_78596847.avif,12,2026-09-30
8319409,Très joli studio prestigia,https://www.mubawab.ma/fr/a/8319409/tr%C3%A8s-joli-studio-prestigia,Location Vacances,Studio,Marrakech,Prestigia,700 DH,700,45m²,45,4 Pièces,1 Ch.,1 Salle de bain,,on loue pour des courtes durée ce joli studio bien entretenu à prestigia pour plus de détails,https://www.mubawab-media.com/ad/8/319/409F/h/BVCCXX_82135384.avif,20,2026-09-30
8103029,Studio à louer à Prestigia Golf Argan ressort,https://www.mubawab.ma/fr/a/8103029/studio-%C3%A0-louer-%C3%A0-prestigia-golf-argan-ressort,Location Vacances,Studio,Marrakech,Prestigia,700 DH,700,45m²,45,2 Pièces,1 Ch.,1 Salle de bain,"Jardin, Terrasse, Ascenseur, Piscine, Salon européen, Climatisation, Cuisine équipée, Réfrigérateur, Four, TV, Machine à laver",MAHA PREMIUM a le plaisir de proposer à la location : Un magnifique studio à Prestigia Golf Argan ressort Marrakech Cette propriété spacieuse est située dans une résidence prestigieuse et sécurisée et dispose d'une piscine privée et d'un beau jardin. Caractéristiques et Spécifications Clés : * Surface du studio: 45 m² * Surface du terrasse: 3 m² * Avantages : Bénéficie d'un bel ensoleillement. * Prestations Premium : Comprend la...,https://www.mubawab-media.com/ad/8/103/029F/h/IMG-20250301-WA0017_79875986.avif,9,2026-09-30
8381542,Magnifique studio appart de vacances à louer à Hivernage. S...,https://www.mubawab.ma/fr/a/8381542/magnifique-studio-appart-de-vacances-%C3%A0-louer-%C3%A0-hivernage-surface-totale-60-m%C2%B2-porte-blind%C3%A9e-et-parabole,Location Vacances,Studio,Marrakech,Guéliz,800 DH,800,60m²,60,2 Pièces,1 Ch.,1 Salle de bain,"Terrasse, Garage, Ascenseur, Concierge, Salon Marocain, Salon européen, Antenne parabolique, Cheminée, Climatisation, Chauffage central, Sécurité, Double vitrage, Porte blindée, Cuisine équipée, Réfrigérateur, Four, TV, Machine à laver, Micro-ondes, Internet, Animaux domestiques autorisés","Bienvenue dans votre oasis de confort au cœur de l’Hivernage Profitez d’un séjour inoubliable dans ce superbe studio haut standing idéalement situé dans le prestigieux quartier de l’Hivernage Emplacement exceptionnel :• À quelques minutes de M Avenue• Proche des meilleurs restaurants, cafés et rooftops• À proximité des hôtels de luxe et lieux de divertissement• 5 min de Guéliz• 10 min de la Médina et de la place Jemaa El-Fna• 10 min de l’aéropo...",https://www.mubawab-media.com/ad/8/381/542F/h/photo_0_82849831.avif,12,2026-09-30
8275050,Studio de Luxe en Location Vacances,https://www.mubawab.ma/fr/a/8275050/studio-de-luxe-en-location-vacances,Location Vacances,Studio,Marrakech,Autre / Centre,900 DH,900,54m²,54,3 Pièces,1 Ch.,1 Salle de bain,"Terrasse, Ascenseur, Salon européen, Antenne parabolique, Climatisation, Sécurité, Double vitrage, Porte blindée, Cuisine équipée, Réfrigérateur, Four, TV, Machine à laver, Micro-ondes, Internet, Animaux domestiques autorisés","Offrez-vous un séjour tout confort dans ce studio de luxe, idéalement situé à Marrakech, parfait pour vos séjours touristiques ou professionnels. Ce studio moderne et entièrement équipé se compose de : * Une chambre confortable * Un salon élégant * Une cuisine entièrement équipée * Une salle de bain moderne Pour votre confort : * Climatisation centralisée * Balcon aménagé, idéal pour se détendre * Prestations de qualité et fin...",https://www.mubawab-media.com/ad/8/275/050F/h/601851684_1642284446751343_7109338795746429552_n_81661457.avif,22,2026-09-30
8408247,Studio 3 lits,https://www.mubawab.ma/fr/a/8408247/studio-3-lits,Location,Studio,Marrakech,Autre / Centre,1 050 DH,1050,20m²,20,1 Pièce,1 Ch.,1 Salle de bain,"Terrasse, Concierge, Meublé, Façade extérieure, Salon Marocain, Climatisation, Sécurité, Cuisine équipée, Réfrigérateur, Four, Machine à laver, Internet","DAR ILLI vous propose un studio équipé de 3 lits, idéale pour partager entre amies. WIFI / CUISINE / SALLE DE BAIN / MACHINE A LAVER / BUVETTE / SALON D'ETUDE / COIN SPORT / BUVETTE à seulement 1050 dh par étudiante. Proximité des transports, commerces et universités",https://www.mubawab-media.com/ad/8/408/247F/h/facade%201_83136490.avif,9,2026-09-30
8205361,"Studio meublé à Hay Charaf, près de Marjane Ménara",https://www.mubawab.ma/fr/a/8205361/studio-meubl%C3%A9-%C3%A0-hay-charaf-pr%C3%A8s-de-marjane-m%C3%A9nara,Location,Studio,Marrakech,Ménara,3 000 DH,3000,39m²,39,1 Pièce,1 Ch.,1 Salle de bain,"Garage, Ascenseur, Concierge, Meublé, Façade extérieure, Salon Marocain, Antenne parabolique, Climatisation, Cuisine équipée, Réfrigérateur, TV","Joli studio, propre, meublé, composé d'une chambre à couche, d'un salon, d'une cuisine américaine et d'un salle de bain. Situé dans une résidence familiale, sécurisé. Proche de toutes commodités; arrêt de bus, cafés, restaurants, boulangerie, Marjane Square",https://www.mubawab-media.com/ad/8/205/361F/h/IMG20251226135020_83308633.avif,11,2026-09-30
8339323,Studio à la location a Victor Hugo Marrakech,https://www.mubawab.ma/fr/a/8339323/studio-%C3%A0-la-location-a-victor-hugo-marrakech,Location,Studio,Marrakech,Victor Hugo,5 000 DH,5000,50m²,50,2 Pièces,1 Ch.,1 Salle de bain,"Garage, Ascenseur, Concierge, Meublé, Salon européen, Antenne parabolique, Climatisation, Chauffage central, Double vitrage, Porte blindée, Cuisine équipée, Réfrigérateur, Four, TV, Machine à laver, Micro-ondes, Internet, Animaux domestiques autorisés","Idéalement situé dans le quartier prisé de Victor Hugo, cet appartement meublé offre confort et praticité, parfait pour une personne seule ou un couple. Il se compose de : * 1 chambre avec placard intégré et climatisation * Un salon agréable et lumineux * Une salle de bain * Une cuisine entièrement équipée L’appartement est bien agencé et prêt à vivre, dans un environnement calme et sécurisé. Loyer : 5 000 DHS / mois Frais d’agence : 1 mois d...",https://www.mubawab-media.com/ad/8/339/323F/h/IMG_6260%20%281%29_82345082.avif,16,2026-09-30
8069283,Studio neuf de 31m² à louer à targa,https://www.mubawab.ma/fr/a/8069283/studio-neuf-de-31m%C2%B2-%C3%A0-louer-%C3%A0-targa,Location,Studio,Marrakech,Targa,5 000 DH,5000,31m²,31,1 Pièce,1 Ch.,1 Salle de bain,"Cuisine équipée, Réfrigérateur, Four, TV, Machine à laver","Vous cherchez un studio moderne et calme à Marrakech, Ne manquez pas ce charmant studio de 31 m² situé dans une villa agréable et bien entretenue, au cœur du quartier résidentiel de Targa. Ce studio est idéal pour une personne seule ou un couple recherchant confort et tranquillité, tout en étant proche des principales commodités. Caractéristiques du studio : Surface : 31 m² Espace de vie : Grand espace ouvert, optimisé pour un maximum de c...",https://www.mubawab-media.com/ad/8/069/283F/h/WhatsApp%20Image%202025-01-06%20at%2015.33.22%20%283%29_79548681.avif,11,2026-09-30
8416243,Studio Meublé à Louer – Route de Casablanca,https://www.mubawab.ma/fr/a/8416243/studio-meubl%C3%A9-%C3%A0-louer-%E2%80%93-route-de-casablanca,Location,Studio,Marrakech,Route de Casablanca,5 000 DH,5000,45m²,45,2 Pièces,1 Ch.,1 Salle de bain,"Garage, Ascenseur, Concierge, Meublé, Salon européen, Climatisation, Sécurité, Cuisine équipée, Réfrigérateur, Four, TV, Machine à laver, Internet","Le 25 Immobilier vous propose à la location ce charmant studio meublé de 45 m², idéalement situé sur la Route de Casablanca à Marrakech, au sein d’une résidence sécurisée et bien entretenue. Entièrement meublé et aménagé avec soin, ce studio offre un espace confortable et fonctionnel. Il se compose d’un salon lumineux avec accès à une cuisine entièrement équipée, d’une chambre confortable ainsi que d’une salle de bain moderne. Pour un confo...",https://www.mubawab-media.com/ad/8/416/243F/h/6__1__83227157.avif,8,2026-09-30
8417344,Studio meublé entièrement équipé à louer guéliz,https://www.mubawab.ma/fr/a/8417344/studio-meubl%C3%A9-enti%C3%A8rement-%C3%A9quip%C3%A9-%C3%A0-louer-gu%C3%A9liz,Location,Studio,Marrakech,Guéliz,5 500 DH,5500,32m²,32,3 Pièces,1 Ch.,1 Salle de bain,"Garage, Meublé, Climatisation, Double vitrage, Réfrigérateur, Machine à laver, Micro-ondes","À louer à Marrakech, ce studio meublé de 32 m² situé au 1er étage à 7 minutes du Carré Eden offre un espace de vie lumineux, calme, entièrement équipé avec double vitrage et isolation neufs de 2026 pour une location longue durée à Marrakech. Ancien Airbnb, tout est pensé pour un confort immédiat et optimal. Bien agencé et fonctionnel, ce studio à louer à Guéliz Marrakech comprend un espace salon salle à manger, une kitchenette entièrement équipé...",https://www.mubawab-media.com/ad/8/417/344F/h/thumb_163042_property_xlarge_83239740.avif,12,2026-09-21
8387095,Magnifique Studio À Louer Meublé À La Rte De Casa,https://www.mubawab.ma/fr/a/8387095/magnifique-studio-%C3%A0-louer-meubl%C3%A9-%C3%A0-la-rte-de-casa,Location,Studio,Marrakech,Autre / Centre,5 500 DH,5500,45m²,45,2 Pièces,1 Ch.,1 Salle de bain,"Terrasse, Garage, Ascenseur, Concierge, Meublé, Façade extérieure, Climatisation, Sécurité, Cuisine équipée, Réfrigérateur, Four, TV, Machine à laver","Le 25 Immobilier est ravi de vous présenter à la location ce magnifique studio meublé à louer — Route de Casa, Marrakech Charmant studio meublé de 45 m², situé au 1er étage d’un immeuble soigné et parfaitement entretenu. Emplacement idéal : à 3 minutes à pied du McDonald’s Route de Casa, accès facile aux commerces et transports. Caractéristiques : Surface : 45 m², pièce principale lumineuse Étage : 1er (avec ascenseur) Meublé et équipé...",https://www.mubawab-media.com/ad/8/387/095F/h/S1%20%282%29_82909953.avif,6,2026-09-30
8310751,Studio spacieux pour location longue durée,https://www.mubawab.ma/fr/a/8310751/studio-spacieux-pour-location-longue-dur%C3%A9e,Location,Studio,Marrakech,Autre / Centre,5 500 DH,5500,59m²,59,1 Pièce,1 Ch.,1 Salle de bain,"Terrasse, Ascenseur, Chambre rangement, Meublé, Climatisation, Cuisine équipée, Réfrigérateur, Four, Machine à laver","Studio spacieux et lumineux en dernier étage d'une belle résidence dans la rue de la pâtisserie amoud, proche de toutes commodités, avec cuisine entièrement équipée, pas meublé, balcon filant et placard intégré dans la chambre. Proche aussi des écoles supérieures et de l'université. Intermédiaire s'abstenir",https://www.mubawab-media.com/ad/8/310/751F/h/IMG-20241102-WA0003_82042365.avif,10,2026-09-30
8353595,"Appartement à Louer de 54.0 m² à Marrakech, Route De Casabla...",https://www.mubawab.ma/fr/a/8353595/appartement-%C3%A0-louer-de-54-0-m%C2%B2-%C3%A0-marrakech-route-de-casablanca,Location,Studio,Marrakech,Autre / Centre,6 000 DH,6000,54m²,54,2 Pièces,1 Ch.,2 Salles de bains,"Garage, Ascenseur, Meublé","À louer, magnifique studio de 54 m² situé au 4ème étage dans le quartier prisé d'Issil à Marrakech. Ce bien comprend une chambre et une salle de bain, idéal pour un couple ou un professionnel. Profitez d'un cadre de vie agréable à proximité des commodités. Loyer : 6000 Dhs. Ne manquez pas cette opportunité !",https://www.mubawab-media.com/ad/8/353/595F/h/image_579265888_82502301.avif,7,2026-09-30
8299158,Sublime studio à louer à Gueliz,https://www.mubawab.ma/fr/a/8299158/sublime-studio-%C3%A0-louer-%C3%A0-gueliz,Location,Studio,Marrakech,Guéliz,6 000 DH,6000,50m²,50,2 Pièces,1 Ch.,1 Salle de bain,"Terrasse, Garage, Ascenseur, Concierge, Meublé, Salon européen, Climatisation, Sécurité, Cuisine équipée, Réfrigérateur, Four, TV, Micro-ondes","Découvrez ce charmant appartement à la location longue durée, d'une superficie de 50 m², idéalement situé dans le quartier de Guéliz à Marrakech. Cet appartement meublé est un véritable bijou qui allie confort, sécurité et commodité. Situé au 3ème étage d'une résidence paisible, cet appartement est accessible par un ascenseur, ce qui facilite grandement vos déplacements au quotidien. La résidence bénéficie d'une sécurité 24h/24, assurée par un sy...",https://www.mubawab-media.com/ad/8/299/158F/h/WhatsApp%20Image%202023-06-07%20at%2016.40.23%20%281%29%20-%20Copie_81924410.avif,7,2026-09-30
8424183,T2 Meuble avec piscine,https://www.mubawab.ma/fr/a/8424183/t2-meuble-avec-piscine,Location,Studio,Marrakech,Guéliz,6 000 DH,6000,50m²,50,2 Pièces,1 Ch.,1 Salle de bain,"Jardin, Garage, Ascenseur, Piscine, Meublé, Cuisine équipée","LES TAILLEURS DE L’IMMOBILIER vous présentent ce joli studio meublé à louer À proximité de Subway – Guéliz Studio meublé situé dans une résidence avec piscine, idéal pour une location longue durée. Chambre Grand salon Espace salle à manger Cuisine équipée Résidence avec piscine Loyer : 6 000 DH / mois Caution : 2 mois 1 mois de loyer à l’entrée Profil recherché : famille ou fille sérieuse Pour plus d’informations ou pour organiser une vis...",https://www.mubawab-media.com/ad/8/424/183F/h/WhatsApp_Image_2026-09-28_at_1.32.12_PM__1__83315089.avif,8,2026-09-30
8406031,Charmant Studio Meublé À La Location,https://www.mubawab.ma/fr/a/8406031/charmant-studio-meubl%C3%A9-%C3%A0-la-location,Location,Studio,Marrakech,Route de Safi,6 000 DH,6000,40m²,40,2 Pièces,1 Ch.,1 Salle de bain,"Ascenseur, Meublé, Sécurité, Cuisine équipée, Réfrigérateur, Four, TV, Machine à laver, Micro-ondes","Le 25 Immobilier vous présente à la location ce studio idéalement situé sur la Route de Safi, ce studio fonctionnel de 40 m² offre une opportunité rare pour ceux qui recherchent le confort et la proximité. Niché au 1er étage d’une résidence calme, il bénéficie d’un emplacement stratégique, à quelques pas seulement de toutes les commodités nécessaires au quotidien, qu’il s’agisse de commerces, de services ou d’accès aux transports. L’intérieur...",https://www.mubawab-media.com/ad/8/406/031F/h/A2-2_83116147.avif,7,2026-09-30
8386968,"Studio moderne à louer – Longue durée – Semlalia, Marrakech",https://www.mubawab.ma/fr/a/8386968/studio-moderne-%C3%A0-louer-%E2%80%93-longue-dur%C3%A9e-%E2%80%93-semlalia-marrakech,Location,Studio,Marrakech,Semlalia,6 000 DH,6000,55m²,55,1 Pièce,1 Ch.,1 Salle de bain,"Terrasse, Garage, Ascenseur, Piscine, Concierge, Sécurité","À louer en longue durée, magnifique studio moderne de 55 m², idéal pour un couple ou une personne seule, situé dans une résidence calme et sécurisée au cœur du quartier Semlalia. Le studio comprend : - Un grand salon lumineux - Une cuisine américaine - Une chambre avec placard et un grand balcon offrant une belle vue sur la piscine - Une salle de douche moderne La résidence dispose de nombreux atouts : - Piscines - Parking - Résidence sécuri...",https://www.mubawab-media.com/ad/8/386/968F/h/photo_00_82908691.avif,10,2026-09-30
8420007,Joli Appartement à louer au Quartier semlalia,https://www.mubawab.ma/fr/a/8420007/joli-appartement-%C3%A0-louer-au-quartier-semlalia,Location,Studio,Marrakech,Semlalia,6 500 DH,6500,49m²,49,2 Pièces,1 Ch.,1 Salle de bain,"Terrasse, Garage, Ascenseur, Concierge, Meublé, Salon européen, Antenne parabolique, Climatisation, Chauffage central, Sécurité, Cuisine équipée, Réfrigérateur, Four, TV, Machine à laver, Micro-ondes","Joli Appartement à louer au Quartier semlalia , Situé dans une résidence de standing calme et sécurisée , L'agence immobilière Marrakesh Opportunity vous présente à la location un appartement studio meublé épuré comprenant un salon européen , une salle à manger, une cuisine américaine équipée , un balcon , une chambre à coucher confortable , une salle de douche et une place de parking sous-sol incluse . Nb : la sous-location est autorisée",https://www.mubawab-media.com/ad/8/420/007F/h/Gemini_Generated_Image_to8m5rto8m5rto8m_83268957.avif,9,2026-09-21
8407283,Superbe studio neuf à victor Hugo,https://www.mubawab.ma/fr/a/8407283/superbe-studio-neuf-%C3%A0-victor-hugo,Vente,Studio,Marrakech,Victor Hugo,6 500 DH,6500,45m²,45,2 Pièces,1 Ch.,1 Salle de bain,"Ascenseur, Concierge, Meublé, Salon européen, Climatisation, Cuisine équipée, Réfrigérateur, Four, Machine à laver","Appartement Neuf & Modern – 1 Chambre Meublé à Victor Hugo À louer, superbe appartement 1 chambre entièrement neuf et meublé avec soin, situé au cœur du quartier prisé de Victor Hugo. Il se trouve au sein d'un immeuble neuf, calme et parfaitement entretenu, offrant un cadre de vie serein et sécurisé. Les points forts du bien : Lieu de vie calme : Immeuble neuf garantissant tranquillité et prestations récentes. 1 Chambre agréable : Lumineuse...",https://www.mubawab-media.com/ad/8/407/283F/h/PHOTO-2026-08-29-11-19-47_83129097.avif,8,2026-09-30
8398235,Studio Route de Casablanca,https://www.mubawab.ma/fr/a/8398235/studio-route-de-casablanca,Location,Studio,Marrakech,Route de Casablanca,6 500 DH,6500,45m²,45,2 Pièces,1 Ch.,1 Salle de bain,"Jardin, Terrasse, Ascenseur, Meublé, Cuisine équipée, Réfrigérateur, Four, Machine à laver, Internet","H dar services immobilier vous propose un Studio meublé de 45 m² – Route de Casablanca, Marrakech Découvrez ce charmant studio meublé de 45 m², idéalement situé à proximité de McDonald’s, sur la route de Casablanca, dans un immeuble de standing avec ascenseur. Situé au 1er étage, il se compose de : Une chambre confortable Un petit salon accueillant Une cuisine équipée Une salle de bain Un cadre de vie agréable, alliant confort et emplacement...",https://www.mubawab-media.com/ad/8/398/235F/h/photo_00_83257789.avif,7,2026-09-30
8268157,Studio hivernage non meublé à louer LO23073,https://www.mubawab.ma/fr/a/8268157/studio-hivernage-non-meubl%C3%A9-%C3%A0-louer-lo23073,Location,Studio,Marrakech,Hivernage,6 500 DH,6500,65m²,65,2 Pièces,1 Ch.,1 Salle de bain,"Garage, Ascenseur, Piscine, Meublé, Climatisation, Sécurité, Cuisine équipée, Internet","Votre agence immobilière à Marrakech PRESTIGE GALLERY IMMO à le plaisir de vous présenter ce magnifique appartement non meublé situé au rez-de-chaussée dans une résidence sécurisée en plein centre-ville. L'appartement dispose d'une superficie habitable de 65m² habitable, et il est composé comme suit : Entrée avec grande pièce à vivre composée d’un salon/salle à manger, Une cuisine entièrement équipée, une chambre à coucher avec armoires et une sa...",https://www.mubawab-media.com/ad/8/268/157F/h/025024_901003965505484_81589405.avif,7,2026-09-30
8419700,Beau studio meublé sur résidence sécurisée à louer,https://www.mubawab.ma/fr/a/8419700/beau-studio-meubl%C3%A9-sur-r%C3%A9sidence-s%C3%A9curis%C3%A9e-%C3%A0-louer,Location,Studio,Marrakech,Semlalia,6 500 DH,6500,50m²,50,2 Pièces,1 Ch.,1 Salle de bain,"Terrasse, Ascenseur, Piscine, Concierge, Meublé, Façade extérieure, Salon Marocain, Salon européen, Antenne parabolique, Climatisation, Sécurité, Double vitrage, Porte blindée, Cuisine équipée, Réfrigérateur, Four, TV, Machine à laver, Micro-ondes, Internet","Veri Immo Marrakech vous propose à la location longue durée un beau studio meublé Une chambre salon située sur une résidence sécurisée en plein centre-ville quartier Semlalia, idéalement placé dans un endroit stratégique près de la faculté des sciences et de tous les commodités (cafés, restaurants, boulangeries, supermarché, écoles, magasins …). L’appartement se compose de : - Salon - Une chambre - Cuisine américaine équipée - Balcon - Une sal...",https://www.mubawab-media.com/ad/8/419/700F/h/70cab254-34cb-426b-800e-81812e19cd4d_83265509.avif,15,2026-09-30
8382001,Chic studio meublé sur résidence sécurisée à louer,https://www.mubawab.ma/fr/a/8382001/chic-studio-meubl%C3%A9-sur-r%C3%A9sidence-s%C3%A9curis%C3%A9e-%C3%A0-louer,Location,Studio,Marrakech,Semlalia,6 500 DH,6500,50m²,50,2 Pièces,1 Ch.,1 Salle de bain,"Terrasse, Garage, Ascenseur, Concierge, Meublé, Façade extérieure, Salon européen, Antenne parabolique, Climatisation, Sécurité, Double vitrage, Porte blindée, Cuisine équipée, Réfrigérateur, Four, TV, Machine à laver, Micro-ondes, Internet","Veri Immo Marrakech vous propose à la location longue durée un chic moderne studio meublé Une chambre salon située sur une résidence sécurisée en plein centre-ville quartier Semlalia, idéalement placé dans un endroit stratégique près de la faculté des sciences et de tous les commodités (cafés, restaurants, boulangeries, supermarché, écoles, magasins …). L’appartement se compose de : - Salon - Une chambre - 2 terrasses bien aménagé - Cuisine am...",https://www.mubawab-media.com/ad/8/382/001F/h/photo_0_82854960.avif,17,2026-09-30
8400819,Studio Meublé à Louer – Route de Casablanca,https://www.mubawab.ma/fr/a/8400819/studio-meubl%C3%A9-%C3%A0-louer-%E2%80%93-route-de-casablanca,Location,Studio,Marrakech,Route de Casablanca,6 500 DH,6500,51m²,51,2 Pièces,1 Ch.,1 Salle de bain,"Jardin, Terrasse, Garage, Ascenseur, Piscine, Concierge, Meublé, Salon européen, Climatisation, Double vitrage, Porte blindée, Cuisine équipée, Réfrigérateur, Four, TV, Machine à laver, Micro-ondes","Découvrez ce charmant studio meublé de 51 m², situé dans un secteur recherché de la Route de Casablanca à Marrakech, au sein d’une résidence bien entretenue offrant un cadre de vie confortable, pratique et sécurisé. Situé au 2ᵉ étage, le studio bénéficie d’une distribution fonctionnelle comprenant une chambre confortable, un salon agréable, une cuisine et une salle de bain. Il dispose également d’une terrasse, offrant un espace extérieur appré...",https://www.mubawab-media.com/ad/8/400/819F/h/ALLM-1109%20%282%29_83061448.avif,10,2026-09-30
8408079,Louez cet studio so location meublé. Terrasse et ascenseur,https://www.mubawab.ma/fr/a/8408079/louez-cet-studio-so-location-meubl%C3%A9-terrasse-et-ascenseur,Location,Studio,Marrakech,Majorelle,6 500 DH,6500,50m²,50,1 Pièce,1 Ch.,1 Salle de bain,"Jardin, Terrasse, Garage, Ascenseur, Concierge, Chambre rangement, Meublé, Façade extérieure, Salon européen, Cheminée, Climatisation, Chauffage central, Sécurité, Double vitrage, Porte blindée, Cuisine équipée, Réfrigérateur, Four, TV, Machine à laver, Micro-ondes, Internet","Ce magnifique studio meublé à louer, situé dans le quartier prestigieux de Majorelle à Marrakech, allie élégance moderne et confort pratique. Niché dans un immeuble de cinq ans en bon état, cet espace de 100 m² est idéal pour ceux qui recherchent un cadre de vie agréable et fonctionnel. Dès l'entrée dans l'appartement, on remarque immédiatement le charme du parquet qui orne les chambres, ajoutant une touche chaleureuse et accueillante. En contr...",https://www.mubawab-media.com/ad/8/408/079F/h/1000002292_83317970.avif,1,2026-09-30
8397840,Location jolie studio meublé à Samlalia. 50 mètre,https://www.mubawab.ma/fr/a/8397840/location-jolie-studio-meubl%C3%A9-%C3%A0-samlalia-50-m%C3%A8tre,Location,Studio,Marrakech,Semlalia,6 500 DH,6500,50m²,50,1 Pièce,1 Ch.,1 Salle de bain,"Terrasse, Garage, Ascenseur, Concierge, Meublé, Salon européen, Antenne parabolique, Climatisation, Chauffage central, Sécurité, Double vitrage, Porte blindée, Cuisine équipée, Réfrigérateur, Four, TV, Machine à laver, Micro-ondes","Magnifique meublé à la location longue durée d'une superficie de 50m2 situé au 1er étage d'une résidence avec ascenseur et parking sous sol au quartier Semlalia. Cet studio comprend un salon, une cuisine américaine équipée, une chambre à coucher, une salle de bain et une terrasse. Prix 6500 dh 2 mois cautions",https://www.mubawab-media.com/ad/8/397/840F/h/photo_00_83029402.avif,18,2026-09-30
8420970,Studio par mois route de casablanca,https://www.mubawab.ma/fr/a/8420970/studio-par-mois-route-de-casablanca,Location,Studio,Marrakech,Route de Casablanca,6 500 DH,6500,50m²,50,4 Pièces,1 Ch.,1 Salle de bain,,H dar services immobilier vous propose une location mensuelle de ce joli studio bien situé derrière macdonalds route casablanca pour plus de renseignement veuillez nous contacter,https://www.mubawab-media.com/ad/8/420/970F/h/loi_83279611.avif,7,2026-09-30
8411910,"Studio Meublé à Louer Marrakech, Semlalia",https://www.mubawab.ma/fr/a/8411910/studio-meubl%C3%A9-%C3%A0-louer-marrakech-semlalia,Location,Studio,Marrakech,Semlalia,6 500 DH,6500,50m²,50,2 Pièces,1 Ch.,1 Salle de bain,"Terrasse, Garage, Meublé, Salon européen, Climatisation, Sécurité, Cuisine équipée","Turnkey vous propose à la location longue durée un studio meublé, une chambre salon, situé sur une résidence sécurisée en plein centre-ville, quartier Semlalia. Idéalement placé dans un endroit stratégique, à proximité de la faculté des sciences et de toutes les commodités (cafés, restaurants, boulangeries, supermarché, écoles, magasins…). Il se compose de : - 1 salon - 1 chambre - 2 terrasses bien aménagées - Cuisine américaine équipée - 1 sall...",https://www.mubawab-media.com/ad/8/411/910F/h/photo_10_82854961__1__83177970.avif,13,2026-09-30
8411177,Studio à louer au Victor Hugo,https://www.mubawab.ma/fr/a/8411177/studio-%C3%A0-louer-au-victor-hugo,Location,Studio,Marrakech,Guéliz,6 500 DH,6500,51m²,51,2 Pièces,1 Ch.,1 Salle de bain,"Terrasse, Garage, Ascenseur, Concierge, Meublé, Façade extérieure, Salon européen, Antenne parabolique, Climatisation, Sécurité, Cuisine équipée, Réfrigérateur, Four, TV, Machine à laver, Micro-ondes, Internet","Découvrez ce charmant appartement situé dans le quartier prisé de Guéliz, à Marrakech. Offrant une surface habitable de 51 m², cet espace bien agencé est idéal pour un couple ou une personne seule recherchant confort et commodités. Le salon européen, spacieux et lumineux, bénéficie de la climatisation et s'ouvre sur une agréable terrasse offrant une vue sur la ville, parfaite pour profiter de moments de détente en extérieur. L'appartement dispos...",https://www.mubawab-media.com/ad/8/411/177F/h/photo_00_83170260.avif,6,2026-09-30
8408086,Studio so location,https://www.mubawab.ma/fr/a/8408086/studio-so-location,Location,Studio,Marrakech,Majorelle,6 500 DH,6500,56m²,56,1 Pièce,1 Ch.,1 Salle de bain,"Jardin, Terrasse, Garage, Ascenseur, Concierge, Meublé, Salon européen, Cheminée, Climatisation, Chauffage central, Sécurité, Double vitrage, Porte blindée, Cuisine équipée, Réfrigérateur, Four, TV, Machine à laver, Micro-ondes, Internet","Situé dans le quartier prestigieux de Majorelle, sur la Route de Safi, cet appartement moderne est une rareté sur le marché locatif de Marrakech. Avec une ambiance contemporaine, la propriété affiche une qualité quasi-neuve, ayant seulement entre 1 et 5 ans d'ancienneté, et se trouve dans un état impeccable et habitable. L'appartement est situé au premier étage d'un immeuble sécurisé avec la présence d'un concierge, garantissant la tranquillité d...",https://www.mubawab-media.com/ad/8/408/086F/h/1000002277_83317981.avif,1,2026-09-30
8405239,Studio vide de 37 m² Route de Casablanca – Résidence neuve...,https://www.mubawab.ma/fr/a/8405239/studio-vide-de-37-m%C2%B2-route-de-casablanca-%E2%80%93-r%C3%A9sidence-neuve-piscine-et-parking-titr%C3%A9,Location,Studio,Marrakech,Route de Casablanca,6 500 DH,6500,37m²,37,2 Pièces,1 Ch.,1 Salle de bain,"Terrasse, Garage, Ascenseur, Piscine, Concierge, Façade extérieure, Salon européen, Climatisation, Chauffage central, Sécurité, Double vitrage, Cuisine équipée","L’Immobilier Sans Frontières vous propose à la location ce studio vide de 37 m² situé Route de Casablanca, Marrakech, au sein d’une résidence neuve aux finitions en marbre, bois et matériaux de qualité. Le bien comprend une chambre, une pièce de vie et une salle de bains. Il bénéficie également d’une climatisation centrale, d’une piscine et d’un parking titré en sous-sol. Composition : 1 chambre – 1 pièce de vie – 1 salle de bains Équipements &...",https://www.mubawab-media.com/ad/8/405/239F/h/0%20image%20a%20la%20une%20Photo%20_83106403.avif,11,2026-09-30
8393280,Studio Meublé Avec Piscine À Louer À Targa,https://www.mubawab.ma/fr/a/8393280/studio-meubl%C3%A9-avec-piscine-%C3%A0-louer-%C3%A0-targa,Location,Studio,Marrakech,Targa,6 500 DH,6500,52m²,52,2 Pièces,1 Ch.,1 Salle de bain,"Jardin, Terrasse, Garage, Piscine, Concierge, Meublé, Salon européen, Climatisation, Sécurité, Cuisine équipée, Réfrigérateur, Four, TV, Machine à laver","Le 25 Immobilier vous propose à la location ce magnifique studio meublé de 52 m², idéalement situé dans le quartier recherché de Targa, au sein d’une résidence sécurisée avec piscine et de vastes espaces verts. Ce studio, soigneusement aménagé et entièrement meublé, offre un cadre de vie moderne, confortable et chaleureux. Il se compose d’un salon lumineux ouvrant sur une agréable petite terrasse, idéale pour profiter de moments de détente, d’...",https://www.mubawab-media.com/ad/8/393/280F/h/1%202_82977937.avif,9,2026-09-30
8331376,Studio à louer à Vector Hero avec parking,https://www.mubawab.ma/fr/a/8331376/studio-%C3%A0-louer-%C3%A0-vector-hero-avec-parking,Location,Studio,Marrakech,Autre / Centre,6 500 DH,6500,50m²,50,2 Pièces,1 Ch.,1 Salle de bain,"Garage, Cuisine équipée","Studio en location situé à la résidence Vector Hero, dans un environnement calme et sécurisé. Ce bien se compose d’un espace de vie lumineux, d’une chambre confortable, d’une cuisine équipée ainsi que d’une salle de bain moderne. Le studio dispose également d’une place de parking, offrant un confort supplémentaire au quotidien. Idéal pour une personne seule ou un couple, il bénéficie d’un bon emplacement avec un accès facile aux commodités...",https://www.mubawab-media.com/ad/8/331/376F/h/67e61482-b093-40dc-a435-0cdeea539935_82261970.avif,7,2026-09-30
8300908,"Studio meublé à louer – L’Hizdihar, Marrakech",https://www.mubawab.ma/fr/a/8300908/studio-meubl%C3%A9-%C3%A0-louer-%E2%80%93-l%E2%80%99hizdihar-marrakech,Location,Studio,Marrakech,Autre / Centre,6 500 DH,6500,50m²,50,1 Pièce,1 Ch.,1 Salle de bain,"Ascenseur, Meublé, Façade extérieure, Salon européen, Climatisation, Double vitrage, Porte blindée, Cuisine équipée, Réfrigérateur, Four, TV, Machine à laver","À louer, agréable studio meublé situé au 1er étage d’un immeuble sécurisé avec ascenseur, dans le quartier prisé de L’Hizdihar. Le studio est entièrement équipé et se compose de : ️ Pièce principale lumineuse avec mobilier moderne ️ Cuisine équipée ️ Salle de bain ️ Climatisation centrale ️ Double vitrage (excellente isolation thermique et phonique) Emplacement idéal, proche de toutes commodités : commerces, cafés, restaurants, supermarchés et t...",https://www.mubawab-media.com/ad/8/300/908F/h/photo_00_81941740.avif,1,2026-09-30
8099784,Splendide Studio Meublé En Location à Guéliz,https://www.mubawab.ma/fr/a/8099784/splendide-studio-meubl%C3%A9-en-location-%C3%A0-gu%C3%A9liz,Location,Studio,Marrakech,Guéliz,6 500 DH,6500,40m²,40,3 Pièces,1 Ch.,1 Salle de bain,"Terrasse, Ascenseur, Concierge, Meublé, Façade extérieure, Climatisation, Sécurité, Double vitrage, Porte blindée, Cuisine équipée, Réfrigérateur, Four, TV, Machine à laver, Micro-ondes, Internet","Inmarrakech immobilier vous propose un Joli studio Meublé bien équipe au 1ém étage d’une superficie 40 m² pour la location longue durée dans une résidence bien sécurisée et calme à Guéliz. Le studio se compose une chambre à coucher avec placard et terrasse, une salle de bain, une cuisine bien équipé. Pour plus d’informations ou visites, veuillez nous contactez",https://www.mubawab-media.com/ad/8/099/784F/h/WhatsApp-Image-2023-12-13-a-20.16.00_2f0010bc_79843529.avif,10,2026-09-30
8290697,Studio terrase piscine Golf,https://www.mubawab.ma/fr/a/8290697/studio-terrase-piscine-golf,Location,Studio,Marrakech,Route de l'Ourika,6 800 DH,6800,62m²,62,2 Pièces,1 Ch.,1 Salle de bain,"Jardin, Terrasse, Piscine, Concierge, Meublé, Salon Marocain, Cheminée, Climatisation, Cuisine équipée, Réfrigérateur, Four, TV, Machine à laver, Micro-ondes, Internet","Bonne placé sur la route de l'Ourika . un appartement d une chambre et un salon , une cuisine entièrement équipée , une très belle terrasse très bien ensoleillée . la résidence offre un terrain de tennis un terrain de foot , une grande piscine . on est à 12 km de Marrakech dans un resort golfique",https://www.mubawab-media.com/ad/8/290/697F/h/photo_00_81829743.avif,10,2026-09-30
8419695,Location magnifique studio meublé à Guéliz. 56 mètre,https://www.mubawab.ma/fr/a/8419695/location-magnifique-studio-meubl%C3%A9-%C3%A0-gu%C3%A9liz-56-m%C3%A8tre,Location,Studio,Marrakech,Guéliz,7 000 DH,7000,56m²,56,1 Pièce,1 Ch.,1 Salle de bain,"Garage, Ascenseur, Concierge, Meublé, Salon européen, Antenne parabolique, Climatisation, Chauffage central, Sécurité, Double vitrage, Porte blindée, Cuisine équipée, Réfrigérateur, Four, TV, Machine à laver, Micro-ondes",Très jolie studio meublé de 1 chambre avec salon. La cuisine américaine. Salle de bain. Les climatiseurs. à 2 éme étage avec ascenseur et parking pour location longue durée dans une résidence sécurisée à Guéliz. La superficie : 56 mètre. Prix de location : 7 000 dh /mois,https://www.mubawab-media.com/ad/8/419/695F/h/photo_00_83265451.avif,16,2026-09-21
8403868,"Studio Meublé à Louer Hivernage, Marrakech",https://www.mubawab.ma/fr/a/8403868/studio-meubl%C3%A9-%C3%A0-louer-hivernage-marrakech,Location,Studio,Marrakech,Hivernage,7 000 DH,7000,50m²,50,2 Pièces,1 Ch.,1 Salle de bain,"Terrasse, Garage, Ascenseur, Piscine, Concierge, Meublé, Salon européen, Climatisation, Sécurité, Double vitrage, Porte blindée, Cuisine équipée, Réfrigérateur, Four, TV, Machine à laver, Micro-ondes","Découvrez ce charmant studio meublé de 50 m², idéalement situé dans le prestigieux quartier de l’Hivernage à Marrakech, à proximité immédiate de la gare ferroviaire ainsi que des principales zones commerciales, restaurants, hôtels et attractions touristiques. Le studio se compose d’une chambre confortable, d’un salon lumineux, d’une cuisine équipée et d’une salle de bain. Il bénéficie également d’une terrasse agréable, idéale pour profiter ple...",https://www.mubawab-media.com/ad/8/403/868F/h/ALLM-1108%20%2814%29_83091378.avif,7,2026-09-30
8425484,Studio meublé neuf avec piscine à louer,https://www.mubawab.ma/fr/a/8425484/studio-meubl%C3%A9-neuf-avec-piscine-%C3%A0-louer,Location,Studio,Marrakech,Route de Casablanca,7 000 DH,7000,,,1 Pièce,1 Ch.,1 Salle de bain,"Ascenseur, Piscine, Meublé, Climatisation, Cuisine équipée, Réfrigérateur, Four, TV, Machine à laver","Les Tailleurs de l’Immobilier vous proposent à la location longue durée ce charmant studio meublé, situé dans une résidence neuve et moderne, dans le secteur de la Route de Casablanca. Caractéristiques du studio - Studio meublé – 1 pièce - 5ᵉ étage - Ascenseur - Résidence neuve - Piscine au sein de la résidence - Secteur Route de Casablanca – Marrakech Conditions de location Loyer : 7 000 DH / mois Disponible à partir du 1er novembre ...",https://www.mubawab-media.com/ad/8/425/484F/h/WhatsApp_Image_2026-09-29_at_21.27.02_83329620.avif,6,2026-09-30
8418861,Beau studio a Louer en face Majorelle,https://www.mubawab.ma/fr/a/8418861/beau-studio-a-louer-en-face-majorelle,Location,Studio,Marrakech,Majorelle,7 000 DH,7000,66m²,66,2 Pièces,1 Ch.,1 Salle de bain,"Terrasse, Garage, Ascenseur, Piscine, Concierge, Meublé, Façade extérieure, Salon européen, Antenne parabolique, Climatisation, Double vitrage, Cuisine équipée, Réfrigérateur, Four, TV, Machine à laver, Micro-ondes, Internet","Description : Votre agence immobilière InMarrakech à le plaisir de vous proposer un beau studio de 66m² situé au 3e étage en face les jardins de Majorelle dans une résidence avec piscine comprenant une entrée, salon, cuisine, salle d’eau et une terrasse donnant sur sur le salon et la chambre. -Place de Parking au sous-sol. NB : LA SOUS LOCATION EST STRICTEMENT INTERDITE. - En cas de Location 1 mois HT d’honoraires agence sera perçu ! Découvre...",https://www.mubawab-media.com/ad/8/418/861F/h/e9a845df-dc5e-47b5-b5c0-a2febab289eb_83256709.avif,13,2026-09-30
8418421,Beau studio a Louer en face Majorelle,https://www.mubawab.ma/fr/a/8418421/beau-studio-a-louer-en-face-majorelle,Location,Studio,Marrakech,Majorelle,7 000 DH,7000,66m²,66,2 Pièces,1 Ch.,1 Salle de bain,"Terrasse, Garage, Ascenseur, Piscine, Concierge, Meublé, Façade extérieure, Salon européen, Antenne parabolique, Climatisation, Double vitrage, Cuisine équipée, Réfrigérateur, Four, TV, Machine à laver, Micro-ondes, Internet","Description : Votre agence immobilière InMarrakech à le plaisir de vous proposer un beau studio de 66m² situé au 3e étage en face les jardins de Majorelle dans une résidence avec piscine comprenant une entrée, salon, cuisine, salle d’eau et une terrasse donnant sur sur le salon et la chambre. -Place de Parking au sous-sol. NB : LA SOUS LOCATION EST STRICTEMENT INTERDITE. - En cas de Location 1 mois HT d’honoraires agence sera perçu ! Découvre...",https://www.mubawab-media.com/ad/8/418/421F/h/3e98f374-294f-4ff3-9a67-ba2ef8de031b_83251619.avif,14,2026-09-30
8415547,1 Chambre en location longue durée Victor Hugo,https://www.mubawab.ma/fr/a/8415547/1-chambre-en-location-longue-dur%C3%A9e-victor-hugo,Location,Studio,Marrakech,Victor Hugo,7 000 DH,7000,60m²,60,2 Pièces,1 Ch.,1 Salle de bain,"Terrasse, Garage, Ascenseur, Concierge, Meublé, Façade extérieure, Salon européen, Antenne parabolique, Climatisation, Sécurité, Double vitrage, Porte blindée, Cuisine équipée, Réfrigérateur, Four, TV, Machine à laver, Micro-ondes, Internet, Animaux domestiques autorisés","je vous présente un studio meublée en location longue durée au quartier victor hugo disponible immédiate 4eme etage avec ascenseur etv parking sous-sol Appartement neuf entièrement meublé au quartier Victor Hugo idéal pour un couple. 1 chambre indépendante, salon, cuisine équipée, salle de bain avec douche italienne, 2 clim, grande terrasse sans vis à vis, ensoleillée. Appartement lumineux, calme et agréable. Immeuble sécurisé avec ascenseur...",https://www.mubawab-media.com/ad/8/415/547F/h/WhatsApp_Image_2026-09-14_at_11.17.21_83219411.avif,8,2026-09-30
8415305,"À louer: Studio 1 chambre refait à neuf, gueliz",https://www.mubawab.ma/fr/a/8415305/%C3%A0-louer-studio-1-chambre-refait-%C3%A0-neuf-gueliz,Location,Studio,Marrakech,Guéliz,7 000 DH,7000,58m²,58,2 Pièces,1 Ch.,1 Salle de bain,"Garage, Ascenseur, Concierge, Climatisation, Cuisine équipée, Réfrigérateur, Four, TV, Machine à laver","Dans résidence en plein centre, Joli appartement à la location refait à neuf dans le quartier de Gueliz d'une surface de 58m² et un parking de 15m², composé d'une chambre, un salon, salle de bain et kitchenette. loyer: 7000 DHS",https://www.mubawab-media.com/ad/8/415/305F/h/7749647a_83216623.avif,15,2026-09-30
8100811,Charmant Studio Meublé Au Cœur Du Centre Ville,https://www.mubawab.ma/fr/a/8100811/charmant-studio-meubl%C3%A9-au-c%C5%93ur-du-centre-ville,Location,Studio,Marrakech,Autre / Centre,7 000 DH,7000,60m²,60,2 Pièces,1 Ch.,1 Salle de bain,"Terrasse, Garage, Ascenseur, Concierge, Meublé, Climatisation, Sécurité, Cuisine équipée, Réfrigérateur, Four, TV, Machine à laver, Micro-ondes","Le 25 Immobilier vous propose à la location longue durée un superbe appartement idéalement situé en plein centre de Marrakech, à proximité immédiate de toutes les commodités. D’une superficie de 50 m², complétée par une terrasse de 10 m² offrant une vue dégagée sur le boulevard, ce bien convient parfaitement à une personne seule ou à un couple souhaitant vivre au cœur de la ville. L’appartement se compose d’un salon moderne et lumineux équipé...",https://www.mubawab-media.com/ad/8/100/811F/h/de50e4bf-ea21-4bc3-a544-7625b375d9c0_81668393.avif,8,2026-09-30
8407741,Bel appartement en location à Guéliz. Superficie 55 m²,https://www.mubawab.ma/fr/a/8407741/bel-appartement-en-location-%C3%A0-gu%C3%A9liz-superficie-55-m%C2%B2,Location,Studio,Marrakech,Guéliz,7 000 DH,7000,55m²,55,2 Pièces,1 Ch.,1 Salle de bain,"Garage, Ascenseur, Concierge, Meublé, Salon Marocain, Climatisation, Chauffage central, Cuisine équipée, Réfrigérateur","Superbe studio meublé à louer au mois à Guéliz – Marrakech Découvrez ce joli studio, idéalement situé à Guéliz, sur l’Avenue Yacoub El Mansour. Un emplacement privilégié, proche de toutes les commodités, cafés, restaurants et commerces. Prix de location : 7 000 DH par mois N’hésitez pas à me contacter pour plus d’informations ou pour organiser une visite",https://www.mubawab-media.com/ad/8/407/741F/h/photo_00_83133043.avif,7,2026-09-30
8407696,Très beau studio a la location enfance a Plaza,https://www.mubawab.ma/fr/a/8407696/tr%C3%A8s-beau-studio-a-la-location-enfance-a-plaza,Location,Studio,Marrakech,Guéliz,7 000 DH,7000,54m²,54,2 Pièces,1 Ch.,1 Salle de bain,"Terrasse, Garage, Ascenseur, Concierge, Meublé, Façade extérieure, Salon Marocain, Climatisation, Chauffage central, Cuisine équipée, Réfrigérateur, Four, TV, Machine à laver, Micro-ondes, Internet, Animaux domestiques autorisés","Cet appartement à Guéliz, Marrakech, offre un cadre de vie confortable et moderne. Avec une surface de 54 m², il se compose d'une chambre, d'une salle de bain et d'une cuisine entièrement équipée avec four, micro-ondes, réfrigérateur et lave-vaisselle. Le salon spacieux dispose de la climatisation et d'un système de chauffage, créant ainsi un environnement agréable tout au long de l'année. Le parquet ajoute une touche d'élégance aux espaces. Des...",https://www.mubawab-media.com/ad/8/407/696F/h/photo_0_83132964.avif,12,2026-09-30
8362035,Studio Lang dure à Menara gardent,https://www.mubawab.ma/fr/a/8362035/studio-lang-dure-%C3%A0-menara-gardent,Location,Studio,Marrakech,Ménara,7 000 DH,7000,45m²,45,1 Pièce,1 Ch.,1 Salle de bain,"Ascenseur, Piscine, Meublé",Studio 1 chambre meublé,https://www.mubawab-media.com/ad/8/362/035F/h/photo_00_82594500.avif,9,2026-09-30
8417778,Location Appartement à Victor Hugo,https://www.mubawab.ma/fr/a/8417778/location-appartement-%C3%A0-victor-hugo,Location,Studio,Marrakech,Victor Hugo,7 500 DH,7500,49m²,49,2 Pièces,1 Ch.,1 Salle de bain,"Terrasse, Meublé","Location d'un Studio Meublé de 49 m² avec Terrasse sur Quartier Victor Hugo, à Marrakech. Vous propose à la location ce charmant studio entièrement meublé d'une superficie de 49 m², idéalement situé au 4ᵉ étage au cœur du quartier très prisé de Victor Hugo à Marrakech. Soigneusement aménagé et fonctionnel, l'intérieur est prêt à vous accueillir et s'ouvre sur une magnifique grande terrasse offrant une belle vue dégagée et un environnement sans...",https://www.mubawab-media.com/ad/8/417/778F/h/eec14f65b94299e85c42_83244301.avif,10,2026-09-21
8424913,Studio Bien meublé en location à Hivernage,https://www.mubawab.ma/fr/a/8424913/studio-bien-meubl%C3%A9-en-location-%C3%A0-hivernage,Location,Studio,Marrakech,Hivernage,7 500 DH,7500,41m²,41,2 Pièces,1 Ch.,1 Salle de bain,"Garage, Ascenseur, Vue sur les montagnes, Concierge, Meublé, Salon européen, Antenne parabolique, Climatisation, Sécurité, Cuisine équipée, Réfrigérateur, Four, TV, Machine à laver, Micro-ondes","Location longue durée – Appartement meublé 1 chambre à l’Hivernage Marrakech Bel appartement meublé de 41 m², situé au 1er étage d’une résidence sécurisée de haut standing avec parking au sous-sol. Il se compose de : Salon Coin salle à manger 1 chambre Cuisine équipée Salle de bain Emplacement idéal, proche de la gare ferroviaire et de la gare CTM. Loyer : 7500 DH/mois Pour plus d’informations ou pour organiser une visite, merci de nous contac...",https://www.mubawab-media.com/ad/8/424/913F/h/IMG-20260929-WA0031_83323236.avif,22,2026-09-30
8425778,Superbe Studio Moderne & Meublé à Gueliz,https://www.mubawab.ma/fr/a/8425778/superbe-studio-moderne-meubl%C3%A9-%C3%A0-gueliz,Location,Studio,Marrakech,Guéliz,7 500 DH,7500,60m²,60,2 Pièces,1 Ch.,1 Salle de bain,"Garage, Ascenseur, Concierge, Meublé, Façade extérieure, Salon européen, Climatisation, Sécurité, Cuisine équipée, Réfrigérateur, Four, TV, Machine à laver, Micro-ondes","Découvrez ce superbe appartement de 60 m², idéalement situé au 2ème étage dans une résidence sécurisée et de haut standing, en plein cœur du quartier dynamique et prisé de Guéliz à Marrakech. Parfaitement agencé pour offrir un confort absolu, le bien dispose d'un salon lumineux et moderne, d'une chambre à coucher spacieuse avec rangements, d'une cuisine ouverte et entièrement fonctionnelle, ainsi que d'une salle avec douche à l’italienne. L...",https://www.mubawab-media.com/ad/8/425/778F/h/2_83332583.avif,7,2026-09-30
8388303,Studio meublé à louer à Semlalia Marrakech,https://www.mubawab.ma/fr/a/8388303/studio-meubl%C3%A9-%C3%A0-louer-%C3%A0-semlalia-marrakech,Location,Studio,Marrakech,Semlalia,7 500 DH,7500,60m²,60,2 Pièces,1 Ch.,1 Salle de bain,"Terrasse, Garage, Ascenseur, Vue sur les montagnes, Concierge, Chambre rangement, Meublé, Façade extérieure, Salon européen, Climatisation, Sécurité, Double vitrage, Porte blindée, Cuisine équipée, Réfrigérateur, Four, TV, Machine à laver, Micro-ondes, Internet, Animaux domestiques autorisés","TURNKEY vous propose à la location longue durée ce magnifique studio meublé de 60 m², situé au 3ᵉ étage d'une résidence neuve, sécurisée, avec ascenseur. Baigné de lumière, il se compose de : Un salon ensoleillé et confortablement aménagé. Une chambre avec placards, télévision et climatisation. Une cuisine entièrement équipée. Une salle de bain moderne. Équipements : Climatisation centrale. Wi-Fi inclus. Place de parking en sous-sol. Résidenc...",https://www.mubawab-media.com/ad/8/388/303F/h/WhatsApp%20Image%202026-07-25%20at%2015.50.04%20%281%29_82931379.avif,16,2026-09-30
8400664,"Opportunité, studio à louer à L’hivernage",https://www.mubawab.ma/fr/a/8400664/opportunit%C3%A9-studio-%C3%A0-louer-%C3%A0-l%E2%80%99hivernage,Location,Studio,Marrakech,Guéliz,7 500 DH,7500,50m²,50,2 Pièces,1 Ch.,1 Salle de bain,"Garage, Ascenseur, Concierge, Meublé, Salon européen, Climatisation, Sécurité, Cuisine équipée, Réfrigérateur, Four, TV, Machine à laver, Micro-ondes, Internet, Animaux domestiques autorisés","Appartement 1 Chambre à Louer – Guéliz / Hivernage Marrakech Quartier recherché de Guéliz / Hivernage 1 chambre Appartement meublé Loyer : 7 500 DH / mois Idéal pour une personne seule ou un couple, à proximité des commerces, restaurants et commodités",https://www.mubawab-media.com/ad/8/400/664F/h/photo_00_83265607.avif,13,2026-09-30
8371933,Location jolie studio meublé proche Amoud. 52 mètre,https://www.mubawab.ma/fr/a/8371933/location-jolie-studio-meubl%C3%A9-proche-amoud-52-m%C3%A8tre,Location,Studio,Marrakech,Autre / Centre,7 500 DH,7500,52m²,52,1 Pièce,1 Ch.,1 Salle de bain,"Terrasse, Garage, Ascenseur, Concierge, Meublé, Salon européen, Antenne parabolique, Climatisation, Chauffage central, Sécurité, Double vitrage, Porte blindée, Cuisine équipée, Réfrigérateur, Four, TV, Machine à laver, Micro-ondes",Pour location longue durée très bel studio meublé de 1 chambre avec salon et la cuisine américaine avec salle de bain et avec petite térasse dans une résidence avec ascenseur et parking. La superficie : 52 mètre. Prix de location : 7 500 dh /mois,https://www.mubawab-media.com/ad/8/371/933F/h/photo_00_82742009.avif,12,2026-09-30
8255476,Location longue durée Studio moderne bien meublé Résidence a...,https://www.mubawab.ma/fr/a/8255476/location-longue-dur%C3%A9e-studio-moderne-bien-meubl%C3%A9-r%C3%A9sidence-avec-piscine,Location,Studio,Marrakech,Guéliz,7 500 DH,7500,50m²,50,2 Pièces,1 Ch.,1 Salle de bain,"Garage, Ascenseur, Piscine, Concierge, Meublé, Façade extérieure, Salon européen, Antenne parabolique, Cheminée, Climatisation, Sécurité, Double vitrage, Porte blindée, Cuisine équipée, Réfrigérateur, Four, TV, Machine à laver, Micro-ondes","Votre agence immobiliere Marrakech Globa lInvest vous propose ce superbe studio de haut standing, niché dans le prestigieux quartier de Gueliz à Marrakech, offrant un cadre de vie exceptionnel pour ceux qui recherchent le confort et l'élégance. Vous accueille dans un espace à la fois fonctionnel et raffiné. Dès l'entrée, vous serez séduit par le grand salon lumineux avec cheminé, offrant un espace de détente et de convivialité idéal pour se rela...",https://www.mubawab-media.com/ad/8/255/476F/h/WhatsApp%20Image%20202c6-07-18%20pat%2013.12_82887552.avif,7,2026-09-30
8399791,Studio meublé de 50 m² à louer en longue durée R,https://www.mubawab.ma/fr/a/8399791/studio-meubl%C3%A9-de-50-m%C2%B2-%C3%A0-louer-en-longue-dur%C3%A9e-r,Location,Studio,Marrakech,Autre / Centre,7 500 DH,7500,50m²,50,2 Pièces,1 Ch.,1 Salle de bain,"Garage, Ascenseur, Piscine, Concierge, Meublé, Façade extérieure, Salon européen, Antenne parabolique, Climatisation, Sécurité, Double vitrage, Porte blindée, Cuisine équipée, Réfrigérateur, Four, TV, Machine à laver, Micro-ondes","Marrakech Global Invest vous propose à la location longue durée ce charmant studio meublé de 50 m², situé au sein d’une résidence sécurisée avec piscine, ascenseur et parking. Bénéficiant d’une orientation bien ensoleillée, ce logement offre un cadre de vie confortable, moderne et agréable. L’espace de vie comprend un salon moderne avec TV et climatisation réversible, ainsi qu’une cuisine américaine ouverte sur le salon, entièrement équipée av...",https://www.mubawab-media.com/ad/8/399/791F/h/IMG-20260815-WA0096_83049681.avif,9,2026-09-30
8362265,Chic studio une chambre résidence piscine,https://www.mubawab.ma/fr/a/8362265/chic-studio-une-chambre-r%C3%A9sidence-piscine,Location,Studio,Marrakech,Hivernage,7 500 DH,7500,77m²,77,2 Pièces,1 Ch.,1 Salle de bain,"Terrasse, Garage, Ascenseur, Piscine, Concierge, Meublé, Façade extérieure, Salon européen, Antenne parabolique, Climatisation, Sécurité, Double vitrage, Porte blindée, Cuisine équipée, Réfrigérateur, Four, TV, Machine à laver, Micro-ondes, Internet","Veri Immo Marrakech vous propose à la location longue durée un chic studio une chambre meublé située sur une résidence sécurisé de haut standing avec piscine au quartier prisé de l’hivernage idéalement placé dans un endroit stratégique près de la gare du train et du Ctm , le studio est au 1 -ère étage avec une superficie de 77 m² offrant un espace de vie moderne et confortable Le studio se compose de : -Salon -Coin salle à manger -Une chambre -C...",https://www.mubawab-media.com/ad/8/362/265F/h/photo_0_82834434.50.36__5__82834434.avif,14,2026-09-30
8418526,A louer studio gueliz proche gare,https://www.mubawab.ma/fr/a/8418526/a-louer-studio-gueliz-proche-gare,Location,Studio,Marrakech,Guéliz,7 500 DH,7500,40m²,40,1 Pièce,1 Ch.,1 Salle de bain,"Meublé, Cuisine équipée, TV, Machine à laver","Appartement studio à louer - Guéliz, Marrakech Découvrez ce studio moderne situé dans le quartier prisé de Guéliz, à Marrakech. Ce bien neuf, idéalement positionné, offre un cadre de vie fonctionnel et tout équipé, parfait pour une installation immédiate. Situé à seulement 5 minutes à pied de la gare, il bénéficie d'une localisation stratégique au cœur de la ville. L'appartement se compose d'une chambre confortable dotée d'un lit double et d...",https://www.mubawab-media.com/ad/8/418/526F/h/thumb_159170_property_xlarge_83253025.avif,12,2026-09-30
8313412,Appartement studio 1 chambre vide à louer en longue durée Ma...,https://www.mubawab.ma/fr/a/8313412/appartement-studio-1-chambre-vide-%C3%A0-louer-en-longue-dur%C3%A9e-marrakech-argan-piscine-collective,Location,Studio,Marrakech,Chrifia,7 500 DH,7500,110m²,110,2 Pièces,1 Ch.,1 Salle de bain,"Jardin, Terrasse, Garage, Piscine, Salon européen, Antenne parabolique, Climatisation, Sécurité, Double vitrage, Porte blindée, Cuisine équipée, Four","Nous proposons à la location longue durée un élégant studio 1 chambre entièrement vide, situé dans la prestigieuse résidence Argan Golf Resort, secteur Chrifia – Route d’Amezmiz à Marrakech**. Implanté en rez-de-jardin, l’appartement bénéficie d’une exposition garantissant une luminosité optimale toute la journée. Il offre une agréable vue directe sur la piscine collective et un cadre de vie calme et verdoyant. Composition : • Salon moderne et...",https://www.mubawab-media.com/ad/8/313/412F/h/photo_0_82073698.avif,10,2026-09-30
8300429,Studio mois ramadan coeur gueliz,https://www.mubawab.ma/fr/a/8300429/studio-mois-ramadan-coeur-gueliz,Location,Studio,Marrakech,Guéliz,7 500 DH,7500,60m²,60,1 Pièce,1 Ch.,1 Salle de bain,"Ascenseur, Concierge, Meublé, Salon européen, Antenne parabolique, Climatisation, Four, TV, Machine à laver",Offre juste un mois de ramadan meuve propre équipé situé à Centre Ville gueliz Marrakech,https://www.mubawab-media.com/ad/8/300/429F/h/11808_81936796.avif,7,2026-09-30
8106324,Studio vide en plein cœur de Prestigia,https://www.mubawab.ma/fr/a/8106324/studio-vide-en-plein-c%C5%93ur-de-prestigia,Location,Studio,Marrakech,Prestigia,7 500 DH,7500,44m²,44,2 Pièces,1 Ch.,1 Salle de bain,,"À louer : magnifique studio vide offrant une vue imprenable sur le golf, situé dans la prestigieuse résidence Prestigia. Ce studio lumineux et bien agencé bénéficie d’un cadre de vie exceptionnel, alliant confort et sécurité. Idéal pour une personne seule ou un couple recherchant un cadre de vie paisible et raffiné. Pour plus d’informations ou pour organiser une visite, veuillez nous contacter",https://www.mubawab-media.com/ad/8/106/324F/h/8326c482-5fa4-4bc0-afe3-f04550d432a3_79907900.avif,10,2026-09-30
6975605,"Studio neuf non meublé, piscine Location LD Prestigia Kec",https://www.mubawab.ma/fr/a/6975605/studio-neuf-non-meubl%C3%A9-piscine-location-ld-prestigia-kec,Location,Studio,Marrakech,Prestigia,7 500 DH,7500,45m²,45,2 Pièces,1 Ch.,1 Salle de bain,"Jardin, Terrasse, Piscine, Antenne parabolique, Climatisation, Sécurité, Double vitrage, Cuisine équipée, Four","Bel Appartement- Studio neuf et non meublé, vue Piscine et jardin à louer pour longue durée: Prestigia :Marrakech - Consistance: 1 chambre à coucher,un salon ,cuisine équipée,salle de bain, toilette,terrasse avec vue sur jardin et piscine ,une piscine collective,sécurité 24/24 et 7/7 - Prix : 7000,00 DHS inclus frais de syndic Pour plus d'informations , n’hésitez pas à nous contacter",https://www.mubawab-media.com/ad/6/975/605F/h/FB_IMG_1606437741460_6605696.avif,7,2026-09-30
8412257,Studio 80m² Meublé Av. Hassan II Face Gare,https://www.mubawab.ma/fr/a/8412257/studio-80m%C2%B2-meubl%C3%A9-av-hassan-ii-face-gare,Location,Studio,Marrakech,Guéliz,7 700 DH,7700,80m²,80,1 Pièce,1 Ch.,1 Salle de bain,"Terrasse, Garage, Ascenseur, Concierge, Meublé, Salon européen, Climatisation, Sécurité, Cuisine équipée, Réfrigérateur, Four, TV, Machine à laver, Micro-ondes","Studio meublé, disponible immédiatement pour une location longue durée, situé avenue Hassan II à Marrakech, juste en face de la gare et à seulement 4 minutes de Guéliz. Le studio se trouve au 1er étage avec ascenseur, dans une résidence récente, gardée et sécurisée, avec parking souterrain. Il comprend une chambre avec grand lit, placard et rideau électrique, un accès à une grande terrasse partagée avec le salon, un salon moderne avec télévisio...",https://www.mubawab-media.com/ad/8/412/257F/h/ChatGPT_Image_8_sept._2026__20_53_50__5__83182636.avif,12,2026-09-30
8260785,Location magnifique studio meublé à av abdelkrim el khatabi...,https://www.mubawab.ma/fr/a/8260785/location-magnifique-studio-meubl%C3%A9-%C3%A0-av-abdelkrim-el-khatabi-78-m%C3%A8tre,Location,Studio,Marrakech,Autre / Centre,7 800 DH,7800,78m²,78,1 Pièce,1 Ch.,1 Salle de bain,"Terrasse, Garage, Ascenseur, Concierge, Meublé, Salon européen, Antenne parabolique, Climatisation, Chauffage central, Double vitrage, Porte blindée, Cuisine équipée, Réfrigérateur, Four, TV, Machine à laver, Micro-ondes, Animaux domestiques autorisés","Magnifique studio meublé à av abdelkrim El khatabi pour location longue durée de 1 chambre avec salon européen, avec la cuisine équipée américain, avec salle de bain, avec la térasse, avec balcon, avec les climatiseurs, à 1 ère étage avec ascenseur et parking dans une résidence très calme. La superficie : 78 mètre. Prix de location : 7 800 DH /mois",https://www.mubawab-media.com/ad/8/260/785F/h/photo_00_81498267.avif,20,2026-09-21
8227752,LOCATION Studio 55 m2 Guéliz,https://www.mubawab.ma/fr/a/8227752/location-studio-55-m2-gu%C3%A9liz,Location,Studio,Marrakech,Guéliz,8 000 DH,8000,55m²,55,1 Pièce,1 Ch.,1 Salle de bain,"Terrasse, Ascenseur, Concierge, Meublé, Salon européen, Climatisation, Sécurité, Double vitrage, Cuisine équipée, Réfrigérateur, Four, TV, Machine à laver, Internet","À Louer – Appartement Meublé 1 Chambre à Guéliz Situé au cœur de Guéliz, dans un immeuble avec ascenseur, ce charmant appartement meublé de 55 m² vous séduira par son confort et son emplacement central. Caractéristiques : Superficie : 55 m² Étage : 1er étage (avec ascenseur) Chambre : 1 chambre spacieuse Salle de bain : 1 salle de bain moderne Cuisine : Cuisine bien équipée Mobilier : Appartement entièrement meublé Loyer : 8 000 DH/mois (Incl...",https://www.mubawab-media.com/ad/8/227/752F/h/thumb_65276_property_large_81152937.avif,11,2026-09-30
8221625,Appartement studio à louer,https://www.mubawab.ma/fr/a/8221625/appartement-studio-%C3%A0-louer,Vente,Studio,Marrakech,Guéliz,8 000 DH,8000,60m²,60,2 Pièces,1 Ch.,2 Salles de bains,"Garage, Ascenseur, Piscine, Concierge, Meublé, Façade extérieure, Salon européen, Antenne parabolique, Climatisation, Sécurité, Double vitrage, Cuisine équipée, Réfrigérateur, Four, Machine à laver, Micro-ondes","APPARTEMENT ""STUDIO"" SUBLIME À LOUER MEUBLÉ... LONGUE DURÉE... ️ Superficie : 62m2 ️ Localité : Quartier Jnane Awrad à proximité de McDo et Pâtisserie Amoud route de Safi ️ À 10mn du grand Gueliz ️ Résidence fermée et sécurisée ""Les Cristaux"" ️ 4ème Étage ️ Nbre chambre : 1Salon ️ Cuisine américaine équipée ️ Salle à manger moderne ️ Piscine collective ️ Garage voiture ️ Ascenseur",https://www.mubawab-media.com/ad/8/221/625F/h/IMG-20250815-WA0040_81086449.avif,25,2026-09-30
8417229,Très beeu studio en location à prestigia Agdal. Meublé Vue,https://www.mubawab.ma/fr/a/8417229/tr%C3%A8s-beeu-studio-en-location-%C3%A0-prestigia-agdal-meubl%C3%A9-vue,Location,Studio,Marrakech,Agdal,8 000 DH,8000,48m²,48,1 Pièce,1 Ch.,1 Salle de bain,"Jardin, Terrasse, Garage, Vue sur les montagnes, Piscine, Concierge, Meublé, Façade extérieure, Salon Marocain, Salon européen, Antenne parabolique, Climatisation, Chauffage central, Sécurité, Double vitrage, Porte blindée, Cuisine équipée, Réfrigérateur, Four, TV, Machine à laver, Micro-ondes, Internet","Ce studio à louer, situé dans le quartier prisé prestigia d'Agdal à Marrakech, Maroc, offre une qualité de vie exceptionnelle. La propriété, datant d'environ 5 à 10 ans, présente un intérieur moderne avec un sol en parquet qui ajoute une touche d'élégance et de confort. de ce bâtiment propose un accès direct et facile, complété par des équipements haut de gamme. Doté de la climatisation et du chauffage, cet appartement assure un confort thermiqu...",https://www.mubawab-media.com/ad/8/417/229F/h/photo_0_83238564.avif,1,2026-09-30
8422741,Location d'un appartement à Agdal. 2 grandes pièces,https://www.mubawab.ma/fr/a/8422741/location-d-un-appartement-%C3%A0-agdal-2-grandes-pi%C3%A8ces,Location,Studio,Marrakech,Agdal,8 000 DH,8000,44m²,44,2 Pièces,1 Ch.,1 Salle de bain,"Meublé, Sécurité, Cuisine équipée","A LOUER - Studio Meuble 44 m2 - Prestigia Propose a la location un tres beau studio meuble de 44 m2, situe au 2e etage au sein de la residence Prestigia. Caracteristiques du bien : Superficie : 44 m2 Etage : 2e etage Amenagement : Salon lumineux Coin nuit / Chambre Salle de bain moderne Cuisine equipee Points forts : Mobilier et finitions de standing Residence securisee, calme et bien entretenue Conditions de location : Loyer : 8 000 DH...",https://www.mubawab-media.com/ad/8/422/741F/h/5ae56224-2d86-4a92-bdee-15bbcb0a34c9_83299355.avif,3,2026-09-30
8422756,Bel appartement en location à Agdal. 1 belle chambre,https://www.mubawab.ma/fr/a/8422756/bel-appartement-en-location-%C3%A0-agdal-1-belle-chambre,Location,Studio,Marrakech,Agdal,8 000 DH,8000,44m²,44,2 Pièces,1 Ch.,1 Salle de bain,"Meublé, Sécurité, Cuisine équipée","A LOUER - Studio Meuble 44 m2 - Prestigia Propose a la location un tres beau studio meuble de 44 m2, situe au 2e etage au sein de la residence Prestigia. Caracteristiques du bien : Superficie : 44 m2 Etage : 2e etage Amenagement : Salon lumineux Coin nuit / Chambre Salle de bain moderne Cuisine equipee Points forts : Mobilier et finitions de standing Residence securisee, calme et bien entretenue Conditions de location : Loyer : 8 000 DH...",https://www.mubawab-media.com/ad/8/422/756F/h/IMG_1845_83299535.avif,2,2026-09-30
8406360,Appartement studio neuf à Marrakec,https://www.mubawab.ma/fr/a/8406360/appartement-studio-neuf-%C3%A0-marrakec,Location,Studio,Marrakech,Semlalia,8 000 DH,8000,53m²,53,1 Pièce,1 Ch.,1 Salle de bain,"Terrasse, Garage, Ascenseur, Piscine, Concierge, Chambre rangement, Meublé, Façade extérieure, Salon européen, Antenne parabolique, Climatisation, Sécurité, Cuisine équipée, Réfrigérateur, Four, TV, Machine à laver","À louer – Appartement meublé 53 m² Nour Prestige, Semlalia – Marrakech Bel appartement meublé de 53 m² situé dans la résidence Nour Prestige, à Semlalia. Il se compose d’une chambre, d’un salon, d’une cuisine équipée, d’une salle de bain et d’un balcon. Il dispose également de deux climatiseurs neufs et d’un chauffe-eau. Résidence calme, sécurisée et bien entretenue, avec 5 piscines et vidéosurveillance. Emplacement privilégié à proximité de...",https://www.mubawab-media.com/ad/8/406/360F/h/1000238374_83119462.avif,22,2026-09-30
8362136,Superbe studio meublé à louer à Guéliz. 1 belle chambre,https://www.mubawab.ma/fr/a/8362136/superbe-studio-meubl%C3%A9-%C3%A0-louer-%C3%A0-gu%C3%A9liz-1-belle-chambre,Location,Studio,Marrakech,Guéliz,8 000 DH,8000,40m²,40,2 Pièces,1 Ch.,1 Salle de bain,"Terrasse, Ascenseur, Concierge, Meublé, Climatisation, Cuisine équipée, Réfrigérateur, Four, TV, Machine à laver, Micro-ondes","Situé dans une résidence récente avec ascenseur, ce studio offre un cadre de vie moderne et confortable. Il comprend une chambre lumineuse, une salle de bain, une cuisine entièrement équipée (four, réfrigérateur, micro-ondes, machine à laver), un salon ouvrant sur une agréable terrasse ainsi que la climatisation",https://www.mubawab-media.com/ad/8/362/136F/h/photo_00_82595702.avif,10,2026-09-30
8341570,Location longue durée – studio meublé à guéliz près de la ga...,https://www.mubawab.ma/fr/a/8341570/location-longue-dur%C3%A9e-%E2%80%93-studio-meubl%C3%A9-%C3%A0-gu%C3%A9liz-pr%C3%A8s-de-la-gare,Location,Studio,Marrakech,Guéliz,8 000 DH,8000,67m²,67,1 Pièce,1 Ch.,1 Salle de bain,"Terrasse, Garage, Ascenseur, Concierge, Chambre rangement, Meublé, Climatisation, Sécurité, Cuisine équipée, Réfrigérateur, TV, Machine à laver, Micro-ondes","Très bel appartement idéalement situé à Guéliz, proche de la gare 5ème et dernier étage (calme et lumineux ️) ️ Studio (1 chambre) entièrement meublé Place de parking privée incluse Atouts : ️ Emplacement premium ️ Résidence calme ️ Dernier étage Disponible à partir du 1er juin Conditions : * Loyer : 8 000 DH * 2 mois de caution * 1 mois d’honoraires d’agence Contact (WhatsApp uniquement) :",https://www.mubawab-media.com/ad/8/341/570F/h/photo_00_82370150.avif,6,2026-09-30
7947386,Un beau studio l hevirnage,https://www.mubawab.ma/fr/a/7947386/un-beau-studio-l-hevirnage,Location,Studio,Marrakech,Ménara,8 000 DH,8000,55m²,55,3 Pièces,1 Ch.,1 Salle de bain,"Terrasse, Garage, Ascenseur, Piscine, Concierge, Salon européen, Antenne parabolique, Climatisation, Porte blindée, Cuisine équipée, Four, TV, Machine à laver, Micro-ondes, Internet",H DAR SERVICES VOUS PROPOSE UN STUDIO AU 1 ETAGE RESIDENCE A QUELQUES METRES DU MENARA MALL CONTACTER NOUS,https://www.mubawab-media.com/ad/7/947/386F/h/photo_0_78875655.avif,13,2026-09-30
7941864,Joli Studio à Prestigia Golf City Marrakech,https://www.mubawab.ma/fr/a/7941864/joli-studio-%C3%A0-prestigia-golf-city-marrakech,Location,Studio,Marrakech,Golf City,8 000 DH,8000,45m²,45,2 Pièces,1 Ch.,1 Salle de bain,"Jardin, Terrasse, Garage, Piscine, Concierge, Meublé, Salon européen, Antenne parabolique, Climatisation, Sécurité, Cuisine équipée, Réfrigérateur, Four, TV, Machine à laver","Prestigia Golf City Marrakech Cosy studio joliment meublé pour location longue durée 1 chambre avec un lit king size et belle vue sur jardin et piscine Salon, cuisine équipée Terrasse avec belle vue sur jardin et piscine Climatisation au salon et chambre à coucher Résidence haut stannding sécurisée avec jardin et piscines et accès direct au golf 1 place de voiture au parking Emplacement stratégique au centre de Marrakech près d...",https://www.mubawab-media.com/ad/7/941/864F/h/142eab3b-a769-4b1c-bb00-da25cd8514e1-1_all_596_77474978.avif,12,2026-09-30
8285222,Un très beau studio Ain mezwar,https://www.mubawab.ma/fr/a/8285222/un-tr%C3%A8s-beau-studio-ain-mezwar,Location,Studio,Marrakech,Autre / Centre,8 200 DH,8200,56m²,56,2 Pièces,1 Ch.,1 Salle de bain,"Jardin, Terrasse, Piscine, Meublé, Façade extérieure, Salon européen, Antenne parabolique, Climatisation, Cuisine équipée, Réfrigérateur, Four, TV, Machine à laver, Micro-ondes, Internet, Animaux domestiques autorisés",H dar services vous propose un très beau studio Ain mezwar Immeuble neuf,https://www.mubawab-media.com/ad/8/285/222F/h/photo_0_82412329.avif,2,2026-09-30
8043638,Luxe Studio avec Terrasse,https://www.mubawab.ma/fr/a/8043638/luxe-studio-avec-terrasse,Location,Studio,Marrakech,Guéliz,8 500 DH,8500,70m²,70,2 Pièces,1 Ch.,2 Salles de bains,"Terrasse, Garage, Ascenseur, Concierge, Chambre rangement, Meublé, Salon européen, Climatisation, Chauffage central, Sécurité, Double vitrage, Porte blindée, Cuisine équipée, Réfrigérateur, Four, TV, Machine à laver, Micro-ondes, Internet, Animaux domestiques autorisés","Luxe Studio de Haut gamme pour la Location Longue durée à Guéliz derrière carré Eden dans un résidence encore neuve avec ascenseur et parking sous soûl. La chambres avec Smart TV , Terrasse , Placard , Salle de bains . Salon moderne lumineux, Cuisine américaine bien équipée, Toilettes pour les invités . Les conditions : 2 mois de caution 1 mois de Loyer 1 mois frais d’agence Pour plus d’informations",https://www.mubawab-media.com/ad/8/043/638F/h/IMG_4173_83199770.avif,25,2026-09-30
8417202,À Louer Studio 36 m2 Avec Terrasse À Victor Hugo,https://www.mubawab.ma/fr/a/8417202/%C3%A0-louer-studio-36-m2-avec-terrasse-%C3%A0-victor-hugo,Location,Studio,Marrakech,Victor Hugo,8 500 DH,8500,35m²,35,2 Pièces,1 Ch.,1 Salle de bain,"Terrasse, Ascenseur, Concierge, Meublé, Climatisation, Cuisine équipée, Réfrigérateur, Four, TV, Machine à laver","Le 25 Immobilier vous propose à la location ce studio de 36 m² avec terrasse, idéalement situé à Victor Hugo. Le studio se compose d’un salon agréable, d’une chambre à coucher, d’une salle de bain ainsi que d’une cuisine américaine ouverte sur le salon. La terrasse apporte un espace extérieur appréciable, idéal pour profiter d’un moment de détente au quotidien. Son emplacement constitue également un véritable atout, avec une proximité imméd...",https://www.mubawab-media.com/ad/8/417/202F/h/7_83238310.avif,10,2026-09-30
8390194,LOCATION – Studio neuf meublé – Victor Hugo,https://www.mubawab.ma/fr/a/8390194/location-%E2%80%93-studio-neuf-meubl%C3%A9-%E2%80%93-victor-hugo,Location,Studio,Marrakech,Guéliz,8 500 DH,8500,60m²,60,1 Pièce,1 Ch.,1 Salle de bain,"Piscine, Meublé, Sécurité, Cuisine équipée","LOCATION – Studio neuf meublé – Victor Hugo Situé dans le prestigieux secteur Victor Hugo, à proximité immédiate de Guéliz, ce studio neuf offre un cadre de vie moderne et confortable au sein d'une résidence de standing. Entièrement meublé, il bénéficie de prestations de qualité ainsi que d'une piscine sur le rooftop, idéal pour une location longue durée. Caractéristiques : • Studio neuf • 1 chambre • 1 salle de bain • Salon lumineux • Cuisine éq...",https://www.mubawab-media.com/ad/8/390/194F/h/thumb_152696_property_large_82943625.avif,12,2026-09-30
8405880,A louer Studio meublé Guéliz Marrakech,https://www.mubawab.ma/fr/a/8405880/a-louer-studio-meubl%C3%A9-gu%C3%A9liz-marrakech,Location,Studio,Marrakech,Guéliz,8 500 DH,8500,36m²,36,1 Pièce,1 Ch.,1 Salle de bain,"Terrasse, Garage, Ascenseur, Meublé, Sécurité, Cuisine équipée","Turnkey vous propose ce joli studio meublé de 36 m², situé au 5e étage d'une résidence sécurisée et bien entretenue, en plein cœur de Guéliz. Idéal pour une location longue durée. Caractéristiques : - 36 m² meublés et fonctionnels - Cuisine équipée - Terrasse - Ascenseur - Place de parking - Résidence sécurisée 24/7 - Bon état général Loyer mensuel : 8 500 DH Caution : 2 mois 1 mois de location HT pour les frais d'agence Disponibl...",https://www.mubawab-media.com/ad/8/405/880F/h/01_83114400.avif,7,2026-09-30
8407876,Garçonnière luxueuse sous location et habitation,https://www.mubawab.ma/fr/a/8407876/gar%C3%A7onni%C3%A8re-luxueuse-sous-location-et-habitation,Location,Studio,Marrakech,Route de Casablanca,8 500 DH,8500,40m²,40,2 Pièces,1 Ch.,1 Salle de bain,"Terrasse, Ascenseur, Concierge, Meublé, Façade extérieure, Salon européen, Climatisation, Sécurité, Cuisine équipée","Studio meublé de 40 m² à louer sur route de Casablanca, résidence sécurisée avec ascenseur. Composé d’une chambre, cuisine équipée et salle de bain. Finitions de qualité, entièrement meublé. Loyer 8 500 dirhams par mois. Conditions : 1 mois de caution, 6mois D'avance , 1 mois de frais d’agence. Idéal pour une location longue durée à Marrakech",https://www.mubawab-media.com/ad/8/407/876F/h/WhatsApp%20Image%202026-09-01%20at%2016.52.42%20%281%29_83133895.avif,6,2026-09-30
8290304,Studio meublé à louer Résidence sécurisée,https://www.mubawab.ma/fr/a/8290304/studio-meubl%C3%A9-%C3%A0-louer-r%C3%A9sidence-s%C3%A9curis%C3%A9e,Location,Studio,Marrakech,Autre / Centre,8 500 DH,8500,58m²,58,2 Pièces,1 Ch.,1 Salle de bain,"Terrasse, Garage, Ascenseur, Piscine, Concierge, Meublé, Façade extérieure, Salon européen, Climatisation, Sécurité, Double vitrage, Porte blindée, Cuisine équipée, Réfrigérateur, Four, TV, Machine à laver, Micro-ondes, Internet","ATLAS Prestige Immo vous propose à la location un studio meublé d’une chambre, situé au 1er étage d’une résidence sécurisée. Description du bien : Studio meublé avec une chambre Cuisine entièrement équipée Salon agréable Balcon avec vue sur piscine Résidence sécurisée 4 piscines Parking en sous-sol Loyer : 8 500 DHS / mois Ce bien offre un cadre de vie calme et confortable, idéal pour une personne seule ou un couple. Pour plus d’inform...",https://www.mubawab-media.com/ad/8/290/304F/h/92781960-8b23-42af-8fe7-b5a0d3905fb1_81829827.avif,21,2026-09-30
8351132,Studio meublé à louer en plein centre de Guéliz,https://www.mubawab.ma/fr/a/8351132/studio-meubl%C3%A9-%C3%A0-louer-en-plein-centre-de-gu%C3%A9liz-,Location,Studio,Marrakech,Guéliz,8 500 DH,8500,40m²,40,2 Pièces,1 Ch.,1 Salle de bain,"Ascenseur, Concierge, Meublé, Salon européen, Climatisation, Chauffage central, Cuisine équipée, Réfrigérateur, TV, Machine à laver","Studio meublé à louer en plein centre de Guéliz, à côté de Maroc Telecom. Il est équipé d’une machine à laver, d’un sèche-linge et d’une plaque de cuisson électrique. Emplacement très central, proche des commerces, cafés, restaurants et transports",https://www.mubawab-media.com/ad/8/351/132F/h/DSC09795_82476320.avif,12,2026-09-30
8276201,Studio moderne à louer à Guéliz Samlaia,https://www.mubawab.ma/fr/a/8276201/studio-moderne-%C3%A0-louer-%C3%A0-gu%C3%A9liz-samlaia,Location,Studio,Marrakech,Guéliz,8 500 DH,8500,50m²,50,2 Pièces,1 Ch.,1 Salle de bain,"Garage, Piscine, Meublé, Salon européen, Climatisation, Sécurité, Cuisine équipée, TV, Internet","Studio moderne et confortable, idéalement situé à Guéliz prés de Faculté des Sciences Semlalia de Marrakech et proche de toutes commodités. , disponible en location longue durée. Ce studio lumineux comprend: • 1 chambre • 1 salle de bain • Espace salon • cuisine entièrement équipée • Wi-Fi, télévision et climatisation • Piscine et parking gratuit sur place • Caméras de surveillance pour plus de sécurité Résidence : Calme et sécurisée, proche de...",https://www.mubawab-media.com/ad/8/276/201F/h/WhatsApp%20Image%202025-12-23%20at%2020.57.31_81673833.avif,9,2026-09-30
8412455,Grand studio de 74m² a Louer a L'Agdal,https://www.mubawab.ma/fr/a/8412455/grand-studio-de-74m%C2%B2-a-louer-a-l-agdal,Location,Studio,Marrakech,Agdal,9 000 DH,9000,74m²,74,2 Pièces,1 Ch.,1 Salle de bain,"Terrasse, Garage, Piscine, Concierge, Meublé, Salon européen, Antenne parabolique, Climatisation, Cuisine équipée, Réfrigérateur, Four, TV, Machine à laver, Micro-ondes, Internet","Description : Votre agence immobilière HB-immo sur Marrakech à le plaisir de vous proposer un agréable et grand studio de 74m² situé au rdc dans une résidence avec piscine comprenant un grand salon avec sa cuisine américaine, une belle terrasse, buanderie, une chambre et une salle d’eau. Place de parking au sous-sol. NB : LA SOUS LOCATION EST STRICTEMENT INTERDITE. -JOIGNABLE AUX HEURES D’OUVERTURE DU LUNDI AU VENDREDI DE 9H a 17H30 ET LE SAME...",https://www.mubawab-media.com/ad/8/412/455F/h/IMG_6461_83184816.avif,21,2026-09-21
8405507,Studio à louer à targa,https://www.mubawab.ma/fr/a/8405507/studio-%C3%A0-louer-%C3%A0-targa,Location,Studio,Marrakech,Targa,9 000 DH,9000,67m²,67,2 Pièces,1 Ch.,1 Salle de bain,"Jardin, Terrasse, Garage, Piscine, Concierge, Meublé, Façade extérieure, Salon européen, Antenne parabolique, Climatisation, Sécurité, Cuisine équipée, Réfrigérateur, Four, TV, Machine à laver, Micro-ondes, Internet, Animaux domestiques autorisés",Très grand studio meublé à loué à targa dans une résidence sécurisée avec piscine parking le prix du sindique est inclus dans le prix,https://www.mubawab-media.com/ad/8/405/507F/h/photo_00_83109789.avif,15,2026-09-30
8413351,À louer stdio meublé gueliz,https://www.mubawab.ma/fr/a/8413351/%C3%A0-louer-stdio-meubl%C3%A9-gueliz,Location,Studio,Marrakech,Guéliz,9 000 DH,9000,50m²,50,2 Pièces,1 Ch.,1 Salle de bain,"Terrasse, Meublé, Sécurité, Cuisine équipée","Situé au cœur de Guéliz, ce charmant studio meublé offre un cadre de vie moderne et confortable, idéal pour une personne seule ou un couple. Il se compose d’une chambre, un espace de vie agréable, d’une cuisine équipée et d’une grande terrasse, parfaite pour profiter pleinement des beaux jours à Marrakech. Disponible à partir de fin octobre. -----remarque : sous location interdite ------",https://www.mubawab-media.com/ad/8/413/351F/h/WhatsApp_Image_2026-09-08_at_09.53.46_83194845.avif,9,2026-09-30
8238231,Location studio appartement 1 chambre prestigia argan golf M...,https://www.mubawab.ma/fr/a/8238231/location-studio-appartement-1-chambre-prestigia-argan-golf-marrakech,Location,Studio,Marrakech,Chrifia,9 000 DH,9000,116m²,116,2 Pièces,1 Ch.,1 Salle de bain,"Jardin, Terrasse, Garage, Piscine, Concierge, Meublé, Façade extérieure, Salon européen, Antenne parabolique, Climatisation, Sécurité, Double vitrage, Porte blindée, Cuisine équipée, Réfrigérateur, Four, TV, Machine à laver, Micro-ondes","Nous proposons à la location longue durée un élégant studio 1 chambre entièrement meublé, situé dans la prestigieuse résidence Argan Golf Resort, secteur Chrifia – Route d’Amezmiz à Marrakech. Implanté en rez-de-jardin, l’appartement bénéficie d’une exposition plein sud garantissant une luminosité optimale toute la journée. Il offre une agréable vue directe sur la piscine collective et un cadre de vie calme et verdoyant. Superficie : 60 m2 50 m...",https://www.mubawab-media.com/ad/8/238/231F/h/photo_0_82009650.avif,13,2026-09-30
8360283,Location studio longue durée sous location autorisé,https://www.mubawab.ma/fr/a/8360283/location-studio-longue-dur%C3%A9e-sous-location-autoris%C3%A9,Location,Studio,Marrakech,Guéliz,9 400 DH,9400,60m²,60,2 Pièces,1 Ch.,1 Salle de bain,"Jardin, Terrasse, Garage, Ascenseur, Piscine, Chauffage central, Sécurité, Cuisine équipée, Réfrigérateur, Four, TV, Machine à laver","Sous-location – Studio Haut Standing à amoud route Casablanca , Marrakech Découvrez ce magnifique studio de 65 m² avec terrasse, situé dans une résidence neuve, moderne et sécurisée avec piscine au cœur de Guéliz. Bénéficiant de belles prestations et d'un cadre de vie confortable, ce bien est idéal pour une personne seule ou un couple. Caractéristiques : Surface : 65 m² Grande terrasse Résidence neuve Piscine Sécurité et calme Emplacemen...",https://www.mubawab-media.com/ad/8/360/283F/h/photo_00_82575893.avif,6,2026-09-30
8360728,À louer: studio meublé à noria golf,https://www.mubawab.ma/fr/a/8360728/%C3%A0-louer-studio-meubl%C3%A9-%C3%A0-noria-golf,Location,Studio,Marrakech,Route de Tahanaout,9 500 DH,9500,40m²,40,2 Pièces,1 Ch.,1 Salle de bain,"Terrasse, Garage, Piscine, Concierge, Meublé, Salon Marocain, Salon européen, Climatisation, Sécurité, Cuisine équipée","À louer en longue durée, bel appartement meublé situé au 1er étage au sein de la résidence Noria Golf, sur la route de Tahanaout. L’appartement se compose de : * Une chambre * Un salon confortable * Une terrasse * Une salle de bain * Une cuisine entièrement équipée * Appartement entièrement meublé La résidence offre un cadre agréable et résidentiel, idéal pour une installation à l’année. Disponibilité : immédiate Loyer : 9 500 DH / mois Cond...",https://www.mubawab-media.com/ad/8/360/728F/h/800f1b31-0ea2-484d-861f-8996671ed13b_83308295.avif,12,2026-09-30
8411219,Studio avec terrasse à louer longue durée,https://www.mubawab.ma/fr/a/8411219/studio-avec-terrasse-%C3%A0-louer-longue-dur%C3%A9e,Location,Studio,Marrakech,Majorelle,9 500 DH,9500,74m²,74,2 Pièces,1 Ch.,1 Salle de bain,"Terrasse, Ascenseur, Meublé, Façade extérieure, Salon européen, Cheminée, Climatisation, Double vitrage, Cuisine équipée, Réfrigérateur, Four, TV, Machine à laver, Micro-ondes","Découvrez ce charmant studio de 74 m², situé dans le quartier très recherché de Majorelle à Marrakech, au 5ᵉ étage avec ascenseur. L’appartement offre un espace de vie agréable et lumineux, aménagé avec goût dans une ambiance chaleureuse et authentique. Il se compose d’un salon confortable avec cheminée, d’une chambre, d’une salle de bain ainsi que d’une cuisine ouverte entièrement équipée, parfaitement intégrée à l’espace de vie. Vous profite...",https://www.mubawab-media.com/ad/8/411/219F/h/ALLM-1122__3__83170877.avif,8,2026-09-30
8424583,Très beau Studio meublé Noria Golf,https://www.mubawab.ma/fr/a/8424583/tr%C3%A8s-beau-studio-meubl%C3%A9-noria-golf,Location,Studio,Marrakech,Route d'Amizmiz,9 500 DH,9500,44m²,44,2 Pièces,1 Ch.,1 Salle de bain,"Jardin, Terrasse, Garage, Piscine, Concierge, Chambre rangement, Meublé, Salon européen, Climatisation, Chauffage central, Sécurité, Cuisine équipée, Réfrigérateur, Four, TV, Machine à laver, Micro-ondes","LEV IMMO – LOCATION LONGUE DURÉE – NORIA GOLF LEV IMMO vous présente à la location longue durée un très bel appartement meublé situé au sein de la résidence Noria Golf, Route d’Amizmiz, à proximité immédiate du MFF. Situé au 1er étage sans ascenseur, cet appartement de 44 m² se compose de : * 1 chambre * 1 salon * 1 salle de bain avec WC * Cuisine équipée * Climatisation dans le salon et la chambre * Agréable terrasse aménagée avec une table e...",https://www.mubawab-media.com/ad/8/424/583F/h/Design_sans_titre__48__83319431.avif,7,2026-09-30
8421692,Location studio 65m2 vicor hugo,https://www.mubawab.ma/fr/a/8421692/location-studio-65m2-vicor-hugo,Location,Studio,Marrakech,Guéliz,9 500 DH,9500,65m²,65,2 Pièces,1 Ch.,1 Salle de bain,"Terrasse, Garage, Ascenseur, Concierge, Sécurité, Cuisine équipée","Location : Studio de standing 65 m² - Victor Hugo, Guéliz Découvrez ce studio de 65 m² situé dans une résidence récente au cœur du quartier de Guéliz à Marrakech. Ce bien se distingue par sa luminosité naturelle et son agencement fonctionnel, offrant un cadre de vie moderne et confortable. L'appartement comprend un séjour spacieux, une cuisine entièrement équipée ainsi qu'une terrasse privative. Situé au 5ème étage, ce studio bénéficie d'un env...",https://www.mubawab-media.com/ad/8/421/692F/h/thumb_165244_property_xlarge_83287597.avif,17,2026-09-30
8417056,Studio 67m² RDCTerrasse Privée Piscine Agdal,https://www.mubawab.ma/fr/a/8417056/studio-67m%C2%B2-rdcterrasse-priv%C3%A9e-piscine-agdal,Location,Studio,Marrakech,Guéliz,10 000 DH,10000,67m²,67,1 Pièce,1 Ch.,1 Salle de bain,"Jardin, Terrasse, Garage, Ascenseur, Piscine, Concierge, Meublé, Façade extérieure, Salon européen, Climatisation, Chauffage central, Sécurité, Cuisine équipée, Réfrigérateur, Four, TV, Machine à laver, Micro-ondes, Internet","Studio meublé neuf, avec terrasse privée et accès piscine, Résidence Ennaim, Agdal Studio de 67m², entièrement meublé et neuf, disponible immédiatement pour une location longue durée (minimum 1 an), situé dans la résidence Ennaim, Agdal, boulevard Mohamed VI à proximité immédiate du nouveau Morocco Mall, à 15 minutes de Guéliz. Rare sur le marché : le studio est au rez-de-chaussée avec un accès direct à une terrasse privée (non partagée) do...",https://www.mubawab-media.com/ad/8/417/056F/h/ChatGPT_Image_15_sept._2026__15_50_02__1__83236793.avif,18,2026-09-30
8328000,Prestigia Rez de Jardin en location longue durée,https://www.mubawab.ma/fr/a/8328000/prestigia-rez-de-jardin-en-location-longue-dur%C3%A9e,Location,Studio,Marrakech,Prestigia,10 000 DH,10000,83m²,83,2 Pièces,1 Ch.,1 Salle de bain,"Jardin, Terrasse, Piscine, Concierge, Chambre rangement, Meublé, Salon européen, Climatisation, Sécurité, Double vitrage, Porte blindée, Cuisine équipée","Magnifique studio à louer dans la très prisée résidence Prestigia Jubea en rez-de-jardin. Appartement tout confort, tout équipé et meublé de manière élégante et moderne, vous profiterez d’une terrasse et d’un jardin privatif dans cette prestigieuse résidence sécurisée. 1 chambre 1 salle de bain Terrasse Jardin privatif Loyer : 10000 DH / mois Belle résidence avec piscine idéalement située dans l’un des quartiers les plus recherchés de Marra...",https://www.mubawab-media.com/ad/8/328/000F/h/photo_00_82226826.avif,10,2026-09-30
8419825,Sublime studio Victor Hugo piscine roof top,https://www.mubawab.ma/fr/a/8419825/sublime-studio-victor-hugo-piscine-roof-top,Location,Studio,Marrakech,Victor Hugo,10 500 DH,10500,55m²,55,2 Pièces,1 Ch.,1 Salle de bain,"Terrasse, Garage, Ascenseur, Piscine, Concierge, Chambre rangement, Meublé, Salon européen, Climatisation, Double vitrage, Cuisine équipée, Réfrigérateur, Four, TV, Machine à laver, Micro-ondes, Internet",appartement de 50 m entièrement équipé composé d un salon une chambre une salle de bains et une cuisine équipée une terrasse une piscine en roof top de limmeuble est disponible pour les locataires,https://www.mubawab-media.com/ad/8/419/825F/h/Photo68_83266840.avif,31,2026-09-21
8412756,Rare Sudio avec Terrasse sur Mohammed V,https://www.mubawab.ma/fr/a/8412756/rare-sudio-avec-terrasse-sur-mohammed-v,Location,Studio,Marrakech,Autre / Centre,10 500 DH,10500,54m²,54,2 Pièces,1 Ch.,1 Salle de bain,"Terrasse, Ascenseur, Concierge, Meublé, Façade extérieure, Salon européen, Antenne parabolique, Climatisation, Sécurité, Double vitrage, Cuisine équipée, Réfrigérateur, Four, TV, Machine à laver, Micro-ondes, Internet, Animaux domestiques autorisés","À louer, beau studio meublé de 54 m² idéalement situé sur Mohammed V, dans une résidence moderne et bien entretenue. Le bien bénéficie d’un agencement confortable et fonctionnel avec un salon lumineux, une cuisine ouverte équipée, un espace salle à manger, une chambre séparée ainsi qu’une salle de bain moderne avec douche. Appartement entièrement meublé et prêt à habiter. Caractéristiques : Superficie : 54 m² 2 pièces 1 chambre sépa...",https://www.mubawab-media.com/ad/8/412/756F/h/SaveClip.App_730760467_17868928434626726_837590228612644836_n_83188327.avif,7,2026-09-21
8420694,Appartement à louer à Agdal,https://www.mubawab.ma/fr/a/8420694/appartement-%C3%A0-louer-%C3%A0-agdal,Location,Studio,Marrakech,Agdal,12 000 DH,12000,73m²,73,2 Pièces,1 Ch.,1 Salle de bain,"Jardin, Terrasse, Garage, Vue sur les montagnes, Piscine, Concierge, Chambre rangement, Meublé, Façade extérieure, Salon européen, Climatisation, Cuisine équipée","Studio de 73 m² à louer avec balcon à Agdal, Marrakech Situé au 1er étage dans le quartier touristique de l’Agdal à Marrakech, à côté de Morocco Mall, ce studio de 73 m² est proposé à la location dans une résidence de haut standing. Il comprend une chambre avec rangement, un salon avec salle à manger, une cuisine américaine équipée, une salle d’eau et une cour. La chambre et le salon disposent d’un balcon communiquant. L’architecture contemporain...",https://www.mubawab-media.com/ad/8/420/694F/h/IMG_6152_83276608.avif,23,2026-09-30
8417766,Studio moderne à louer au rez de chaussée – Agdal,https://www.mubawab.ma/fr/a/8417766/studio-moderne-%C3%A0-louer-au-rez-de-chauss%C3%A9e-%E2%80%93-agdal,Location,Studio,Marrakech,Agdal,12 000 DH,12000,73m²,73,2 Pièces,1 Ch.,1 Salle de bain,"Terrasse, Piscine, Meublé, Climatisation, Sécurité, Cuisine équipée","Appartement moderne à louer – Agdal Appartement neuf, moderne et entièrement meublé, situé dans une résidence sécurisée avec piscine, au cœur du quartier Agdal, un secteur moderne et proche du centre-ville. * Superficie : 90 m² avec terrasse et balcon * 1 chambre * Salon moderne * Cuisine équipée * Résidence sécurisée avec piscine * Quartier calme et moderne, proche du centre Loyer : 12 000 DH/mois Caution : 2 mois Frais d’agence : 1 mois",https://www.mubawab-media.com/ad/8/417/766F/h/photo_00_83244212.avif,18,2026-09-30
8344760,Studio meublé avec jardin privatif – location hybride au moi...,https://www.mubawab.ma/fr/a/8344760/studio-meubl%C3%A9-avec-jardin-privatif-%E2%80%93-location-hybride-au-mois,Location,Studio,Marrakech,Victor Hugo,12 000 DH,12000,45m²,45,2 Pièces,1 Ch.,1 Salle de bain,"Jardin, Terrasse, Meublé, Salon européen, Antenne parabolique, Climatisation, Chauffage central, Double vitrage, Porte blindée, Cuisine équipée, Réfrigérateur, TV, Machine à laver, Micro-ondes, Internet","QUARTIER VICTOR HUGO Le studio : 1 chambre, salon, cuisine équipée, salle de douche Entièrement meublé et prêt à vivre Jardin et terrasse privatifs Confort inclus : TV IPTV, wifi haut débit Femme de ménage 1 fois par semaine Vous êtes de passage à Marrakech pour plusieurs semaines ou plusieurs mois, sans vouloir supporter les tarifs élevés à la nuitée ? Nous proposons une solution hybride, entre courte et longue durée, parfaitement adaptée au...",https://www.mubawab-media.com/ad/8/344/760F/h/photo_0_82405098.avif,12,2026-09-30
8281886,Studio à louer – Location longue durée– Guéliz,https://www.mubawab.ma/fr/a/8281886/studio-%C3%A0-louer-%E2%80%93-location-longue-dur%C3%A9e%E2%80%93-gu%C3%A9liz,Location,Studio,Marrakech,Guéliz,12 000 DH,12000,50m²,50,2 Pièces,1 Ch.,1 Salle de bain,"Meublé, Salon européen, Climatisation, Cuisine équipée, TV","Situé au cœur du quartier prisé de Guéliz, ce studio lumineux est disponible en location longue durée, à proximité des commerces, restaurants et transports. Caractéristiques : • Salon lumineux • Cuisine équipée • Salle de bain fonctionnelle • Agencement pratique et confortable Conditions : • Loyer : 12 000 DH / mois • Location longue durée",https://www.mubawab-media.com/ad/8/281/886F/h/WhatsApp%20Image%202026-01-05%20at%2014.53.39%20%282%29_81740437.avif,7,2026-09-30
8415306,A louer studio haut standing agdal,https://www.mubawab.ma/fr/a/8415306/a-louer-studio-haut-standing-agdal,Location,Studio,Marrakech,Agdal,12 500 DH,12500,90m²,90,1 Pièce,1 Ch.,1 Salle de bain,"Terrasse, Garage, Piscine, Meublé, Cuisine équipée","A LOUER - STUDIO HAUT STANDING - AGDAL Découvrez ce studio de haut standing situé dans le quartier prisé de l'Agdal à Marrakech. Ce bien, proposé entièrement meublé, offre une surface habitable de 73 m² pour une surface totale de 90 m². Il se distingue par ses prestations modernes, ses volumes soignés et son agencement optimisé, garantissant un confort de vie quotidien au sein d'une résidence de qualité. Le logement bénéficie d'une cuisine e...",https://www.mubawab-media.com/ad/8/415/306F/h/thumb_162173_property_large_83216576.avif,11,2026-09-30
8286762,Studio a vendre,https://www.mubawab.ma/fr/a/8286762/studio-a-vendre,Vente,Studio,Marrakech,Guéliz,14 500 DH,14500,71m²,71,1 Pièce,1 Ch.,1 Salle de bain,"Ascenseur, Concierge, Façade extérieure, Antenne parabolique, Climatisation, Sécurité, Double vitrage, Porte blindée, Cuisine équipée, Four","Située en plein cœur du quartier animé de Gueliz, la Résidence vous propose un cadre de vie exceptionnel, mêlant harmonieusement confort, modernité et accessibilité. Cette résidence de standing se distingue par son emplacement stratégique, à seulement 2 minutes de la gare de Marrakech et à 5 minutes du centre commercial Carré Eden",https://www.mubawab-media.com/ad/8/286/762F/h/IMG_2911_81788341.avif,8,2026-09-30
8275320,Studio à louer 50 m² Guéliz Marrakech,https://www.mubawab.ma/fr/a/8275320/studio-%C3%A0-louer-50-m%C2%B2-gu%C3%A9liz-marrakech,Location,Studio,Marrakech,Guéliz,15 000 DH,15000,50m²,50,,1 Ch.,1 Salle de bain,"Garage, Ascenseur, Cuisine équipée","Découvrez cet appartement entièrement refait à neuf, idéalement situé dans le quartier emblématique et animé de Guéliz à Marrakech. Avec une surface de 50 m², ce bien offre un cadre de vie moderne, fonctionnel et confortable. L’appartement bénéficie d’un environnement calme tout en restant à proximité immédiate des commerces, restaurants, cafés et attractions majeures de Marrakech. La résidence fermée assure tranquillité et sécurité au quotid...",https://www.mubawab-media.com/ad/8/275/320F/h/annonce-agenz-20251129T104717833Z-af0b8cd5-b886-4ec4-99a4-8eeb800f0e0f_82641798.avif,17,2026-09-21
8318900,Studio moderne à vendre,https://www.mubawab.ma/fr/a/8318900/studio-moderne-%C3%A0-vendre,Vente,Studio,Marrakech,Guéliz,15 000 DH,15000,71m²,71,1 Pièce,1 Ch.,1 Salle de bain,"Terrasse, Ascenseur, Vue sur les montagnes, Concierge, Façade extérieure, Salon européen, Antenne parabolique, Climatisation, Sécurité, Double vitrage, Cuisine équipée, Four","Studio moderne à vendre – Emplacement stratégique à Marrakech Situé à seulement 3 minutes de la Gare de Marrakech et à 5 minutes du centre de Guéliz, ce spacieux studio de 71 m² bénéficie d’un emplacement idéal. Implanté au 5ᵉ étage d’une résidence sécurisée avec ascenseur, il offre un espace lumineux et bien agencé, comprenant un salon confortable, une cuisine fonctionnelle et une salle de bain moderne. Prix : 15 000 DH/m² ️ Prix total. : 1...",https://www.mubawab-media.com/ad/8/318/900F/h/607_82130076.avif,9,2026-09-30
8297292,2 Studios à louer à l'hivernage,https://www.mubawab.ma/fr/a/8297292/2-studios-%C3%A0-louer-%C3%A0-l-hivernage,Location,Studio,Marrakech,Hivernage,15 000 DH,15000,100m²,100,4 Pièces,2 Chambres,2 Salles de bains,"Garage, Ascenseur, Piscine","2 Studios à louer vide à l'Hivernage En 2 éme étage dans une résidence avec ascenseur et parking et piscine. Chacun des studios se compose de : une chambre , un salon une petite cuisine et une salle de bain . Possibilité de sous location",https://www.mubawab-media.com/ad/8/297/292F/h/4d7b9e44-6697-4335-ab7c-cad1a261abd0_81902231.avif,9,2026-09-30
8361414,Appartement a Prestigia Marrakech Ambre Vue golf,https://www.mubawab.ma/fr/a/8361414/appartement-a-prestigia-marrakech-ambre-vue-golf,Vente,Studio,Marrakech,Agdal,18 000 DH,18000,140m²,140,5 Pièces,2 Chambres,2 Salles de bains,"Jardin, Terrasse, Garage, Ascenseur, Piscine, Concierge, Chambre rangement, Meublé, Façade extérieure, Salon européen, Antenne parabolique, Cheminée, Climatisation, Chauffage central, Sécurité, Double vitrage, Cuisine équipée, Réfrigérateur, Four, Machine à laver, Micro-ondes","Je propose à la location un appartement meublé à Prestigia ambre de haut standing à Agdal, Marrakech, disponible immédiatement. - Surface habitable : 120 m² - Surface totale : 140 m² - Balcon - Ascenseur - Terrasse - Chauffage - Climatisation - Cuisine équipée - Concierge - Sécurité - Câblage téléphonique - Parking - Âge du bien : 6-10 ans - Caution : 1 mois - Type d'appartement : Studio - Condition...",https://www.mubawab-media.com/ad/8/361/414F/h/LNVA0339_82587794.avif,8,2026-09-30
8281290,Projet résidentiel Paloma,https://www.mubawab.ma/fr/a/8281290/projet-r%C3%A9sidentiel-paloma,Vente,Studio,Marrakech,Agdal,22 000 DH,22000,53m²,53,1 Pièce,2 Chambres,2 Salles de bains,"Jardin, Terrasse, Garage, Ascenseur, Piscine, Concierge, Climatisation, Chauffage central, Sécurité, Double vitrage, Cuisine équipée","PALOMA RÉSIDENCE – L’OPPORTUNITÉ À NE PAS RATER À MARRAKECH ! Nouveau programme à Agdal, à 2 minutes du futur Morocco Mall et du Golf Prestigia. Studios et appartements 2 chambres à prix ultra compétitifs : Studios dès 23 000dh Appartements 2 chambres dès 22 000dh Vues piscine disponibles Rez-de-jardin à moitié prix dès 15m² Emplacement stratégique : Agdal, Marrakech, à 5 minutes de l’aéroport et de Gravity Parc. Livraison prévue : 20...",https://www.mubawab-media.com/ad/8/281/290F/h/Paloma%20facade%202_81734766.avif,3,2026-09-30
8225729,Appartement vue piscine paloma,https://www.mubawab.ma/fr/a/8225729/appartement-vue-piscine-paloma,Vente,Studio,Marrakech,Autre / Centre,23 500 DH,23500,53m²,53,2 Pièces,1 Ch.,1 Salle de bain,"Jardin, Terrasse, Garage, Ascenseur, Vue sur les montagnes, Piscine, Climatisation, Double vitrage, Cuisine équipée, Four",Résidence Paloma – Offres Exceptionnelles ! À seulement 5 minutes de Morocco Mall Studios à vendre 23 500 dh/m² Début des travaux : Septembre ️ Finition haut standing Modalités de paiement flexibles : 30% à la réservation 20% après 6 mois 20% après 12 mois 20% après 18 mois 10% à la signature finale Prestations haut de gamme : Grande piscine Kids Club ️ Salle de sport ️ Restaurant Espaces verts et cadre familial Parking titré : 60 0...,https://www.mubawab-media.com/ad/8/225/729F/h/1000607953_81131019.avif,7,2026-09-30
8391492,Salle de Sport / Fitness / Crossfit 322m2 Neuf,https://www.mubawab.ma/fr/a/8391492/salle-de-sport-fitness-crossfit-322m2-neuf,Location,Studio,Marrakech,Autre / Centre,23 500 DH,23500,322m²,322,,,1 Salle de bain,Garage,"Emplacement Rêvé pour Salle de Sport / Fitness / CrossFit – 322 m² Neuf à Marrakech (Hay Najd) Lancez le plus beau concept sportif de Hay Najd ! Vous cherchez l’endroit parfait pour ouvrir votre salle de musculation, votre box de CrossFit, votre studio de Yoga/Pilates ou votre académie d’arts martiaux à Marrakech ? Découvrez cet espace exceptionnel de 322 m² en sous-sol, complété par un accueil privatif en rez-de-chauss...",https://www.mubawab-media.com/ad/8/391/492F/h/AI%20enhanced_82957987.avif,8,2026-09-30
8311733,Studio à vendre 1 min des jardins majorelle,https://www.mubawab.ma/fr/a/8311733/studio-%C3%A0-vendre-1-min-des-jardins-majorelle,Vente,Studio,Marrakech,Majorelle,25 000 DH,25000,46m²,46,2 Pièces,1 Ch.,1 Salle de bain,"Jardin, Piscine","Bonjour à tous, Je me désiste pour des raisons personnelles d'un studio de 46m2, idéalement situé, à 1 min des jardins de majorelle. - Emplacement premium - 1 min des jardins - Résidence neuve - livraison été 2026 - Rooftop avec piscine et vue sur le jardin - 46m2 bien agencé Je cherche un repreneur sérieux pour substitution dans le contrat. Appelez moi ou contactez moi sur whatssap pour plus d'informations",https://www.mubawab-media.com/ad/8/311/733F/h/WhatsApp%20Image%202026-03-03%20at%2013.47.12_82053650.avif,1,2026-09-30
8276156,Villa spacieuse à louer sur la Route de l’Ourika,https://www.mubawab.ma/fr/a/8276156/villa-spacieuse-%C3%A0-louer-sur-la-route-de-l%E2%80%99ourika,Location,Studio,Marrakech,Route de l'Ourika,27 000 DH,27000,450m²,450,13 Pièces,5 Chambres,6 Salles de bains,"Jardin, Garage, Vue sur les montagnes, Piscine, Concierge, Chambre rangement, Meublé, Entre-seul, Salon Marocain, Salon européen, Climatisation, Sécurité, Double vitrage, Cuisine équipée, Réfrigérateur, Four, TV, Machine à laver, Micro-ondes, Internet, Animaux domestiques autorisés","Villa spacieuse et lumineuse à louer sur la Route de l’Ourika, idéale pour une famille, avec grand jardin et toutes commodités à proximité Caractéristiques : Surface construite : 450 m² 5 chambres spacieuses 6 salles de bain Hammam Beldi traditionnel Studio pour gardien Piscine privative Garage Conditions : location longue durée 2 mois de caution récupérable 2 mois d’avance non récupérable Villa offrant confort total et cadre pa...",https://www.mubawab-media.com/ad/8/276/156F/h/IMG-20260225-WA0007_82026204.avif,11,2026-09-30
8341780,Des studios neufs à partir de 45m2 livraison Juin 2026,https://www.mubawab.ma/fr/a/8341780/des-studios-neufs-%C3%A0-partir-de-45m2-livraison-juin-2026,Vente,Studio,Marrakech,Guéliz,27 500 DH,27500,45m²,45,2 Pièces,1 Ch.,1 Salle de bain,"Terrasse, Garage, Ascenseur, Piscine, Concierge, Façade extérieure, Sécurité","Studios neufs haut standing à vendre – Guéliz, Marrakech Découvrez une résidence moderne idéalement située en plein cœur de Guéliz, l’un des quartiers les plus recherchés de Marrakech. Les studios disponibles, à partir de 45 m², offrent un cadre de vie agréable et moderne avec des prestations de qualité. ⸻ Caractéristiques du projet : * Résidence sécurisée avec piscine * Studios avec terrasse * Finitions modernes et soignées * Environnement...",https://www.mubawab-media.com/ad/8/341/780F/h/photo_0_82372559.avif,1,2026-09-30
8236190,Studio vide à vendre – Gueliz,https://www.mubawab.ma/fr/a/8236190/studio-vide-%C3%A0-vendre-%E2%80%93-gueliz,Vente,Studio,Marrakech,Guéliz,115 000 DH,115000,47m²,47,2 Pièces,1 Ch.,1 Salle de bain,"Ascenseur, Concierge","DreamMaker Immobilier vous propose à la vente un appartement vide de 47 m², idéalement situé au 1er étage d’un immeuble avec ascenseur et service de conciergerie, en plein cœur de Gueliz. Composition : • Une chambre avec placard intégré • Un salon lumineux • Une cuisine ouverte sur le salon • Une salle de bain avec douche à l’italienne Un bien idéal pour un investissement locatif ou comme pied-à-terre à Marrakech. Prix : 1 250 000 dh Frais age...",https://www.mubawab-media.com/ad/8/236/190F/h/IMG-20251016-WA0030_81243498.avif,11,2026-09-30
8391729,Immeuble indépendant avec 3 appartements,https://www.mubawab.ma/fr/a/8391729/immeuble-ind%C3%A9pendant-avec-3-appartements,Vente,Studio,Marrakech,Guéliz,117 000 DH,117000,150m²,150,5 Pièces,3 Chambres,3 Salles de bains,"Terrasse, Concierge, Entre-seul, Cheminée, Double vitrage","Bâtiment indépendant à vendre – Av. Akioud/Guéliz/Koudia À quelques minutes du centre de Guéliz, bâtiment comprenant 3 appartements répartis sur 2 niveaux, offrant environ 150 m² habitables et une terrasse privative d'environ 75 m². Composition 1er étage • Hall d'entrée lumineux • Appartement comprenant : o 1 chambre o salon o coin cuisine o salle de bain • Studio avec salle de bain privative et balcon 2ème étage • Appa...",https://www.mubawab-media.com/ad/8/391/729F/h/Maion%20Koudia%2001_82960387.avif,16,2026-09-30
8363309,Studio Meublé Guéliz,https://www.mubawab.ma/fr/a/8363309/studio-meubl%C3%A9-gu%C3%A9liz,Vente,Studio,Marrakech,Guéliz,118 000 DH,118000,46m²,46,1 Pièce,1 Ch.,1 Salle de bain,"Terrasse, Ascenseur, Meublé, Climatisation, Cuisine équipée, Réfrigérateur, Four","Magnifique studio de 46m² entièrement aménagé et décoré avec goût, situé au 4ème étage d'une résidence neuve et sécurisée. Un espace de vie ouvert, lumineux et fonctionnel, pensé pour allier confort et élégance. Les points forts : Séjour ouvert sur cuisine équipée moderne (four, hotte, réfrigérateur, plan de travail en pierre) Coin nuit cosy avec tête de lit capitonnée Salon convivial avec canapé et coin TV Balcon avec belle vue dégagée F...",https://www.mubawab-media.com/ad/8/363/309F/h/photo_0_82620477.54.50_82620477.avif,2,2026-09-30
8340833,Studio moderne avec balcon au centre de Guéliz,https://www.mubawab.ma/fr/a/8340833/studio-moderne-avec-balcon-au-centre-de-gu%C3%A9liz,Vente,Studio,Marrakech,Guéliz,170 000 DH,170000,52m²,52,2 Pièces,1 Ch.,1 Salle de bain,Terrasse,"Situé dans l’un des quartiers les plus prisés de Marrakech, cet appartement représente une belle opportunité pour vivre ou investir au cœur de la ville. Alliant confort, fonctionnalité et emplacement stratégique, il offre un cadre de vie agréable à proximité immédiate de toutes les commodités. Superficie : 52 m² avec un agencement optimisé Étage : 2ème étage Composition : 1 chambre spacieuse 1 salle de bain Salon lumineux avec balcon Cuisine...",https://www.mubawab-media.com/ad/8/340/833F/h/5_82361654.avif,13,2026-09-30
8323171,Appartement rénové divisé en 2 studios Guéliz,https://www.mubawab.ma/fr/a/8323171/appartement-r%C3%A9nov%C3%A9-divis%C3%A9-en-2-studios-gu%C3%A9liz,Vente,Studio,Marrakech,Guéliz,195 000 DH,195000,100m²,100,4 Pièces,2 Chambres,2 Salles de bains,"Ascenseur, Meublé, Salon européen, Climatisation, Cuisine équipée","Jugurtha Agency vous propose cet appartement entièrement refait à neuf, idéalement situé en plein cœur de Guéliz, à Marrakech, à proximité immédiate des commerces, restaurants et commodités. D’une superficie de 100 m², ce bien a été intelligemment repensé et divisé en deux studios indépendants, offrant une excellente opportunité d’investissement locatif à forte rentabilité. Chaque studio propose un espace de vie moderne et lumineux, une cui...",https://www.mubawab-media.com/ad/8/323/171F/h/WhatsApp%20Image%202026-03-30%20at%2018.36.28%20%282%29_82180833.avif,12,2026-09-30
8366571,Studio semi fini à vendre à Abwab Gueliz Marrakech,https://www.mubawab.ma/fr/a/8366571/studio-semi-fini-%C3%A0-vendre-%C3%A0-abwab-gueliz-marrakech,Vente,Studio,Marrakech,Guéliz,360 000 DH,360000,50m²,50,2 Pièces,1 Ch.,1 Salle de bain,"Garage, Ascenseur, Façade extérieure, Sécurité, Porte blindée",Studio à vendre à Abwab Gueliz 50 mètres carrés semi fini,https://www.mubawab-media.com/ad/8/366/571F/h/1000151286_82684438.avif,6,2026-09-30
8417133,Studio 3ème Sans Ascenseur Ain Mezouar,https://www.mubawab.ma/fr/a/8417133/studio-3%C3%A8me-sans-ascenseur-ain-mezouar,Vente,Studio,Marrakech,Ain Mezouar,400 000 DH,400000,39m²,39,1 Pièce,1 Ch.,1 Salle de bain,"Façade extérieure, Antenne parabolique, Double vitrage, Porte blindée","Bonjour, nous proposons un joli studio chambre salon au 3ème étage sans ascenseur dans le quartier Ain Mezouar, immeuble Salma sur le boulevard se composant de 39 mètres carrés pour le prix de 40 millions 0662-431377",https://www.mubawab-media.com/ad/8/417/133F/h/photo_0_83237866.avif,12,2026-09-30
8395524,Studio à Vendre situé proche de marjan,https://www.mubawab.ma/fr/a/8395524/studio-%C3%A0-vendre-situ%C3%A9-proche-de-marjan,Vente,Studio,Marrakech,Autre / Centre,400 000 DH,400000,44m²,44,3 Pièces,2 Chambres,1 Salle de bain,Sécurité,Studio de 44 m2 à Vendre situé sur la route de Casa - Marrakech . Prix 400.000 DH . Composé de : - 1 Chambre à coucher - 1 Salon - 1 cuisine - Salle de bain - Rez de chaussée - Residence securisée - superficie 44 m2,https://www.mubawab-media.com/ad/8/395/524F/h/769051777_1451171560368924_7454060364541605599_n_83004238.avif,13,2026-09-30
8303851,STUDIO à vendre 50 m² à Marrakech HAY CHARAF,https://www.mubawab.ma/fr/a/8303851/studio-%C3%A0-vendre-50-m%C2%B2-%C3%A0-marrakech-hay-charaf,Vente,Studio,Marrakech,Palmeraie / Annakhil,580 000 DH,580000,50m²,50,2 Pièces,1 Ch.,1 Salle de bain,"Terrasse, Garage, Ascenseur, Concierge, Chambre rangement, Façade extérieure, Climatisation, Sécurité, Cuisine équipée, Four","Bel appartement MOYEN STANDING lumineux de 50 m², situé au 3ᵉ étage d’une résidence calme et sécurisée (Jawharat Ennakhil), à Hay Charaf – Marrakech, à côté du Café Toscana, en face de BIM et proche de toutes commodités (écoles, commerces, transports, supermarchés). L’appartement se compose de : Un grand salon et un petit séjour , Une cuisine équipée (plaque, four, chauffe-eau), Une chambre spacieuse avec balcon et placard mural, U...",https://www.mubawab-media.com/ad/8/303/851F/h/ChatGPT%20Image%2014%20juil.%202026%2C%2021_01_34_82862139.avif,8,2026-09-30
8193418,Investissement idéal – 2 Studio 37 m² bien situé Route de Ca...,https://www.mubawab.ma/fr/a/8193418/investissement-id%C3%A9al-%E2%80%93-2-studio-37-m%C2%B2-bien-situ%C3%A9-route-de-casablanca,Vente,Studio,Marrakech,Route de Casablanca,600 000 DH,600000,37m²,37,1 Pièce,1 Ch.,1 Salle de bain,"Jardin, Terrasse, Garage, Ascenseur, Concierge, Salon Marocain, Antenne parabolique, Sécurité, Cuisine équipée","L’agence PICS Atlas vous propose ce charmant studio situé sur la Route de Casablanca, idéal pour un pied-à-terre, un premier achat ou un investissement locatif. Fonctionnel et bien agencé, ce bien bénéficie d’un emplacement stratégique au cœur de Marrakech. Caractéristiques principales : Superficie : 37 m² Type de bien : Studio Composition : 1 chambre confortable - 1 séjour - 1 cuisine fonctionnelle - 1 salle de bain - 1 balcon Les...",https://www.mubawab-media.com/ad/8/193/418F/h/1_80797043.avif,10,2026-09-30
8353961,Studio neuf modernes à vendre Idéal pour Invest,https://www.mubawab.ma/fr/a/8353961/studio-neuf-modernes-%C3%A0-vendre-id%C3%A9al-pour-invest,Vente,Studio,Marrakech,Guéliz,620 000 DH,620000,38m²,38,2 Pièces,1 Ch.,1 Salle de bain,"Terrasse, Ascenseur, Concierge, Façade extérieure, Salon Marocain, Salon européen, Antenne parabolique, Climatisation, Sécurité, Double vitrage, Porte blindée, Cuisine équipée","Clé en main à vendre Veri Immo Marrakech vous propose à la vente un studio neuf moderne une chambre salon située sur une résidence sécurisée neuve de haut standing en route de Casablanca, idéalement placé dans un nouveau quartier à haut potentiel et en pleine expansion, dispose des villas et résidences en R3 dans un endroit stratégique à 10 min de Gueliz et à proximité de toutes les commodités (cafés, restaurants, mosquée, supermarché, écoles, m...",https://www.mubawab-media.com/ad/8/353/961F/h/WhatsApp%20Image%202025-10-21%20at%2018.41.31%20%285%29_82505885.avif,9,2026-09-30
8397843,Vente sur plan Magnifique Studios avec Piscine,https://www.mubawab.ma/fr/a/8397843/vente-sur-plan-magnifique-studios-avec-piscine,Vente,Studio,Marrakech,Guéliz,620 000 DH,620000,31m²,31,1 Pièce,1 Ch.,1 Salle de bain,"Jardin, Terrasse, Garage, Ascenseur, Piscine, Concierge, Chambre rangement, Meublé, Salon européen, Antenne parabolique, Climatisation, Chauffage central, Sécurité, Double vitrage, Cuisine équipée, Four","Prix de lancement exceptionnel à partir de 620 000 dhs, très peu d’unités disponibles. Vente sur plan de magnifiques studios en résidence de haut standing à Guéliz, Marrakech, Piscine au rooftop, à seulement 5 minutes du jardin Majorelle. - Studios neufs - Superficies de 28 à 94m2 - Balcon - Ascenseur - Climatisation - Chauffage - Cuisine équipée - Concierge - Sécurité - Parking - Câblage téléphonique - Livraison dans 2 ans - Pai...",https://www.mubawab-media.com/ad/8/397/843F/h/61bb94d9-37c2-40cc-9d95-6ffecc8c2200_83029448.avif,24,2026-09-30
8080719,Nouveau projet sur plan à la route de casa,https://www.mubawab.ma/fr/a/8080719/nouveau-projet-sur-plan-%C3%A0-la-route-de-casa,Vente,Studio,Marrakech,Autre / Centre,640 000 DH,640000,45m²,45,1 Pièce,1 Ch.,1 Salle de bain,"Terrasse, Garage, Ascenseur, Piscine, Concierge, Meublé, Façade extérieure, Climatisation, Sécurité, Four","Le 25 Immobilier vous présente un nouveau projet à route de casa ! Découvrez notre tout nouveau projet d'appartements et studios sur plan, alliant modernité et confort à la route de casa. Nous proposons des logements spacieux allant de 43 à 70m². Profitez de balcons ensoleillés, d’un accès à une piscine et d'un espace fitness. Situé à proximité des transports et des commodités, ce projet représente une opportunité d’investissement en pleine ex...",https://www.mubawab-media.com/ad/8/080/719F/h/20260402_1614_Image%20Generation_remix_01kn7c4xx6fqnawk23pq4351nc%20%281%29_82268517.avif,6,2026-09-30
8342617,Studio à vendre meublé,https://www.mubawab.ma/fr/a/8342617/studio-%C3%A0-vendre-meubl%C3%A9,Vente,Studio,Marrakech,Autre / Centre,660 000 DH,660000,35m²,35,2 Pièces,1 Ch.,1 Salle de bain,"Garage, Ascenseur, Meublé","Studio à vendre meublé au 4 eme étage avec ascenseur et garage à côté de la gare ctm frais d agence 2,5",https://www.mubawab-media.com/ad/8/342/617F/h/IMG_1532_82382141.avif,7,2026-09-30
8335010,Studio à vendre 47 m² Amerchich Marrakech,https://www.mubawab.ma/fr/a/8335010/studio-%C3%A0-vendre-47-m%C2%B2-amerchich-marrakech,Vente,Studio,Marrakech,Amerchich,660 000 DH,660000,47m²,47,,1 Ch.,1 Salle de bain,"Ascenseur, Piscine, Meublé, Cuisine équipée","Découvrez ce studio meublé situé dans le quartier recherché d’Amerchich à Marrakech, offrant un cadre de vie agréable, pratique et sécurisé. D’une superficie de 47 m², ce bien se trouve au 1er étage d’une résidence fermée avec ascenseur, garantissant confort et accessibilité au quotidien. Son orientation Nord et son ambiance chaleureuse avec un prix accessible en font un espace idéal pour une résidence principale d'un jeune couple ou pour un in...",https://www.mubawab-media.com/ad/8/335/010F/h/annonce-agenz-20260415T123713189Z-20260415133053_82299918.avif,18,2026-09-30
8319598,Jolie Studio meublé à vendre à hivernage,https://www.mubawab.ma/fr/a/8319598/jolie-studio-meubl%C3%A9-%C3%A0-vendre-%C3%A0-hivernage,Vente,Studio,Marrakech,Hivernage,670 000 DH,670000,38m²,38,2 Pièces,1 Ch.,1 Salle de bain,"Ascenseur, Concierge, Meublé, Façade extérieure, Salon Marocain, Climatisation, Sécurité, Cuisine équipée, Réfrigérateur, Micro-ondes","À vendre, superbe studio meublé de 38 m², idéalement situé dans un secteur recherché à proximité de l’Hivernage à Marrakech. Ce bien, prêt à l’exploitation , offre un cadre de vie agréable et un emplacement stratégique, parfait pour un investissement locatif à fort rendement ou pour une résidence principale. Entièrement meublé avec goût, il se compose d’un salon lumineux avec espace détente, d’une chambre confortable avec rangements intégrés...",https://www.mubawab-media.com/ad/8/319/598F/h/1704279616-promo-immo-marrakech-appartement%20-location%20-%20meuble-Allm-806%20%287%29_82137064.avif,6,2026-09-30
8000139,Studio chic et convivial à vendre à l'hivernage,https://www.mubawab.ma/fr/pa/8000139/studio-chic-et-convivial-%C3%A0-vendre-%C3%A0-l-hivernage,Vente,Studio,Marrakech,Hivernage,680 000 DH,680000,40m²,40,2 Pièces,1 Ch.,1 Salle de bain,"Jardin, Terrasse, Garage, Ascenseur, Piscine, Façade extérieure, Sécurité","Studio lumineux : un espace de vie accueillant qui allie design contemporain et ambiance chaleureuse. en cours de construction (livraison prévue fin 2026) Coin salon convivial Finition haut standing Profitez des avantages d’un investissement sur plan avec des prix attractifs et un paiement flexible par tranches Emplacement stratégique : À 2 minutes de M. Avenue, 5 minutes de la gare, et 14 minutes de l’aéroport international de Marrake...",https://www.mubawab-media.com/ad/8/000/139F/h/%D8%B5%D9%88%D8%B1%D8%A9%20%D9%88%D8%A7%D8%AA%D8%B3%D8%A7%D8%A8%20%D8%A8%D8%AA%D8%A7%D8%B1%D9%8A%D8%AE%202024-10-01%20%D9%81%D9%8A%2020.11.01_75984a0d_79078129.avif,18,2026-09-30
8303226,Appartements neufs Miraya Residence,https://www.mubawab.ma/fr/a/8303226/appartements-neufs-miraya-residence,Vente,Studio,Marrakech,Route d'Amizmiz,698 500 DH,698500,44m²,44,1 Pièce,1 Ch.,2 Salles de bains,"Jardin, Terrasse, Garage, Ascenseur, Vue sur les montagnes, Piscine, Concierge, Chambre rangement, Climatisation, Sécurité, Double vitrage, Cuisine équipée, Four","Résidence Miraya Découvrez Miraya Résidence, un projet immobilier d’exception situé sur la Route d’Amizmiz à Marrakech. Studios (1 chambre), appartements 2 chambres et 3 chambres : des espaces modernes, lumineux, pensés pour le confort. Balcons, jardins privatifs et intérieurs traversants offrent élégance, fonctionnalité et finitions haut de gamme. Un cadre de vie unique Miraya Résidence a été conçue comme une véritable oasis de bien-être : ...",https://www.mubawab-media.com/ad/8/303/226F/h/photo_00_81965731.avif,10,2026-09-30
8299343,Des appartements et studio à vendre à cote de MacDonald rou...,https://www.mubawab.ma/fr/a/8299343/des-appartements-et-studio-%C3%A0-vendre-%C3%A0-cote-de-macdonald-route-cass,Vente,Studio,Marrakech,Guéliz,704 000 DH,704000,44m²,44,2 Pièces,1 Ch.,1 Salle de bain,"Garage, Ascenseur","Emplacement stratégique, à côté de McDonald’s Route Casa, à seulement 5 minutes de Guéliz Découvrez ce nouveau projet résidentiel et d’investissement, idéalement situé à proximité immédiate de toutes les commodités : transports, commerces, écoles, services essentiels. Le projet se distingue par son excellent emplacement, parfait aussi bien pour : ️ une résidence principale ️ un investissement locatif rentable Surfaces disponibles : Studios :...",https://www.mubawab-media.com/ad/8/299/343F/h/photo_00_81926363.avif,6,2026-09-30
8268254,Bel appartement à vendre à Majorelle. 1 belle chambre,https://www.mubawab.ma/fr/pa/8268254/bel-appartement-%C3%A0-vendre-%C3%A0-majorelle-1-belle-chambre,Vente,Studio,Marrakech,Guéliz,720 000 DH,720000,40m²,40,,1 Ch.,1 Salle de bain,,"Majorelle Hills – Nouveau projet exceptionnel signé a Groupe Alhouda . Découvrez une résidence qui réunit l'élégance,le confort et la tranquillité, idéalement située à seulement 5 minutes à Gueliz 2 minutes à les jardins de majorelle . Majorelle Hills vous propose des studios et des appartements modernes, avec une finition trés haut standing, et des espaces conçus pour un mode de vie raffiné. Architecture contemporaine Matériaux premiu...",https://www.mubawab-media.com/ad/8/268/254F/h/Image2_81586214_81590429.avif,16,2026-09-30
8210850,Investissez au coeur de Marrakech,https://www.mubawab.ma/fr/a/8210850/investissez-au-coeur-de-marrakech,Vente,Studio,Marrakech,Autre / Centre,720 000 DH,720000,37m²,37,2 Pièces,1 Ch.,1 Salle de bain,"Terrasse, Garage, Ascenseur, Vue sur les montagnes, Piscine, Concierge, Climatisation, Sécurité, Double vitrage, Cuisine équipée, Four","Situé à seulement 2 minutes de M Avenue, ce nouveau programme immobilier représente une opportunité rare pour les investisseurs à la recherche d’un bien à fort potentiel. Prix à partir de 18 000 dirhams/m² Exemple concret : Un studio de 40 m² revient à environ 720 000 dirhams, offrant un excellent rapport qualité/emplacement sur le marché actuel. Livraison prévue : décembre 2027 Le projet propose des prestations haut de gamme : • P...",https://www.mubawab-media.com/ad/8/210/850F/h/Brochure-Print-pdf-pdf-04-15-2026_08_53_PM%20%281%29_82283409.avif,9,2026-09-30
8268259,Vente d'un bel appartement à Majorelle. 1 chambre,https://www.mubawab.ma/fr/pa/8268259/vente-d-un-bel-appartement-%C3%A0-majorelle-1-chambre,Vente,Studio,Marrakech,Guéliz,720 000 DH,720000,40m²,40,,1 Ch.,1 Salle de bain,,"Majorelle Hills – Nouveau projet exceptionnel signé a Groupe Alhouda . Découvrez une résidence qui réunit l'élégance,le confort et la tranquillité, idéalement située à seulement 5 minutes à Gueliz 2 minutes à les jardins de majorelle . Majorelle Hills vous propose des studios et des appartements modernes, avec une finition trés haut standing, et des espaces conçus pour un mode de vie raffiné. Architecture contemporaine Matériaux premiu...",https://www.mubawab-media.com/ad/8/268/259F/h/Image2_81586214_81590540.avif,16,2026-09-30
8343630,Appartement 1 chambre Quartier proche de Gueliz,https://www.mubawab.ma/fr/a/8343630/appartement-1-chambre-quartier-proche-de-gueliz,Vente,Studio,Marrakech,Guéliz,722 000 DH,722000,39m²,39,2 Pièces,1 Ch.,1 Salle de bain,"Terrasse, Garage, Ascenseur, Piscine, Concierge, Climatisation, Sécurité, Double vitrage, Cuisine équipée","Découvrez en exclusivité chez Century 21 Invest Gueliz ce studio neuf sur plan, idéalement situé à seulement 5 minutes de Gueliz, dans un quartier dynamique en plein développement. D’une superficie totale de 39 m² (dont 34 m² habitables), ce bien offre un espace de vie lumineux avec cuisine ouverte, alliant modernité et fonctionnalité. Vous bénéficierez également d’un balcon de 5 m², parfait pour vos moments de détente. Le studio comprend une é...",https://www.mubawab-media.com/ad/8/343/630F/h/WhatsApp%20Image%202026-05-04%20at%2016.12.03_82396106.avif,8,2026-09-30
8268258,Vend appartement à Majorelle. 1 chambre,https://www.mubawab.ma/fr/pa/8268258/vend-appartement-%C3%A0-majorelle-1-chambre,Vente,Studio,Marrakech,Guéliz,738 000 DH,738000,41m²,41,,1 Ch.,1 Salle de bain,,"Majorelle Hills – Nouveau projet exceptionnel signé a Groupe Alhouda . Découvrez une résidence qui réunit l'élégance,le confort et la tranquillité, idéalement située à seulement 5 minutes à Gueliz 2 minutes à les jardins de majorelle . Majorelle Hills vous propose des studios et des appartements modernes, avec une finition trés haut standing, et des espaces conçus pour un mode de vie raffiné. Architecture contemporaine Matériaux premiu...",https://www.mubawab-media.com/ad/8/268/258F/h/Image2_81586214_81590526.avif,16,2026-09-30
8268252,Appartement à vendre à Majorelle. Superficie 41 m²,https://www.mubawab.ma/fr/pa/8268252/appartement-%C3%A0-vendre-%C3%A0-majorelle-superficie-41-m%C2%B2,Vente,Studio,Marrakech,Guéliz,738 000 DH,738000,41m²,41,,1 Ch.,1 Salle de bain,,"Majorelle Hills – Nouveau projet exceptionnel signé a Groupe Alhouda . Découvrez une résidence qui réunit l'élégance,le confort et la tranquillité, idéalement située à seulement 5 minutes à Gueliz 2 minutes à les jardins de majorelle . Majorelle Hills vous propose des studios et des appartements modernes, avec une finition trés haut standing, et des espaces conçus pour un mode de vie raffiné. Architecture contemporaine Matériaux premiu...",https://www.mubawab-media.com/ad/8/268/252F/h/Image2_81586214_81590401.avif,16,2026-09-30
8230440,Nouveau projets haut standing – Route de Casa,https://www.mubawab.ma/fr/a/8230440/nouveau-projets-haut-standing-%E2%80%93-route-de-casa,Vente,Studio,Marrakech,Route de Casablanca,750 000 DH,750000,45m²,45,3 Pièces,2 Chambres,1 Salle de bain,"Garage, Ascenseur, Piscine, Concierge, Façade extérieure, Salon européen, Climatisation, Sécurité, Double vitrage, Porte blindée, Cuisine équipée, Four, Micro-ondes","Découvrez des studios contemporains idéalement situés sur la Route de Casablanca à Marrakech, au sein d’une résidence R5 nichée dans un quartier dynamique et très prisé. Chaque appartement est conçu avec soin pour offrir des espaces optimisés, une belle luminosité naturelle et un cadre de vie à la fois confortable et fonctionnel. La résidence propose des prestations de qualité, incluant une piscine et une salle de sport, pour un quotidien m...",https://www.mubawab-media.com/ad/8/230/440F/h/WhatsApp%20Image%202026-03-14%20at%2015.48.16%20%288%29_82369623.avif,19,2026-09-30
8414746,Route de Casa studio 63 m2 Résidence/ Piscine,https://www.mubawab.ma/fr/a/8414746/route-de-casa-studio-63-m2-r%C3%A9sidence-piscine,Vente,Studio,Marrakech,Autre / Centre,750 000 DH,750000,63m²,63,3 Pièces,1 Ch.,1 Salle de bain,"Jardin, Terrasse, Piscine, Concierge, Chambre rangement, Meublé, Façade extérieure, Salon européen, Antenne parabolique, Climatisation, Sécurité, Cuisine équipée, Réfrigérateur, Four","Dans une résidence sécurisée avec piscine, cet appartement de 63 m2 dispose d'une chambre, une salle de bain, une cuisine équipée indépendante, un salon et une terrasse de 4 m2. Appartement en bon état, vendu meublé et équipé. Résidence calme, Airbnb interdit. Uniquement pour résidence secondaire ou pour investissement location longue durée. Prix : 750 000 Dh",https://www.mubawab-media.com/ad/8/414/746F/h/photo_10_83210821.avif,12,2026-09-30
8344527,Studios Premium à vendre Route de Fès VEPN26165,https://www.mubawab.ma/fr/a/8344527/studios-premium-%C3%A0-vendre-route-de-f%C3%A8s-vepn26165,Vente,Studio,Marrakech,Route de Fès,760 000 DH,760000,42m²,42,2 Pièces,1 Ch.,1 Salle de bain,"Jardin, Garage, Ascenseur, Vue sur les montagnes, Piscine, Climatisation, Sécurité, Cuisine équipée","PRESTIGE GALLERY IMMO, votre agence immobilière à Marrakech, a le plaisir de vous proposer en vente des studios et appartements 2 chambres, offrant un cadre de vie agréable et sécurisé. Située dans un environnement calme et verdoyant, cette résidence est idéale pour un investissement locatif, une résidence secondaire ou principale à Marrakech. Typologies disponibles : Studios à partir de 42 m² au prix de 18 000 DHS/m² Prestations de la réside...",https://www.mubawab-media.com/ad/8/344/527F/h/villa%20meriam%20lola%20co%20agence_82402803.avif,7,2026-09-30
8391118,Hermès 25 Studios & Appartements avec Piscine,https://www.mubawab.ma/fr/a/8391118/herm%C3%A8s-25-studios-appartements-avec-piscine,Vente,Studio,Marrakech,Route de Casablanca,760 000 DH,760000,48m²,48,2 Pièces,1 Ch.,1 Salle de bain,"Terrasse, Garage, Ascenseur, Piscine, Concierge, Climatisation, Sécurité, Cuisine équipée, Four","Le 25 Immobilier est heureux de vous présenter **HERMES 25**, un nouveau projet immobilier de standing, idéalement situé sur la Route de Casablanca, à proximité de McDonald’s et de nombreuses commodités. Le projet propose des studios ainsi que des appartements de deux chambres, pensés pour offrir confort, modernité et qualité de vie. Les appartements bénéficient notamment de : "" carrelage moderne, "" isolation phonique et thermique, "" cuisine a...",https://www.mubawab-media.com/ad/8/391/118F/h/IMG_3190_82953852.avif,3,2026-09-30
8268262,Appartement à vendre à Majorelle. Superficie 43 m²,https://www.mubawab.ma/fr/pa/8268262/appartement-%C3%A0-vendre-%C3%A0-majorelle-superficie-43-m%C2%B2,Vente,Studio,Marrakech,Guéliz,774 000 DH,774000,43m²,43,,1 Ch.,1 Salle de bain,,"Majorelle Hills – Nouveau projet exceptionnel signé a Groupe Alhouda . Découvrez une résidence qui réunit l'élégance,le confort et la tranquillité, idéalement située à seulement 5 minutes à Gueliz 2 minutes à les jardins de majorelle . Majorelle Hills vous propose des studios et des appartements modernes, avec une finition trés haut standing, et des espaces conçus pour un mode de vie raffiné. Architecture contemporaine Matériaux premiu...",https://www.mubawab-media.com/ad/8/268/262F/h/Image2_81586214_81590586.avif,16,2026-09-30
8416543,Studio à vendre route de casa Marrakech,https://www.mubawab.ma/fr/a/8416543/studio-%C3%A0-vendre-route-de-casa-marrakech,Vente,Studio,Marrakech,Autre / Centre,790 000 DH,790000,40m²,40,2 Pièces,1 Ch.,1 Salle de bain,Piscine,"Ce charmant appartement à vendre se situe sur la route de casa à proximité de macdonalds. Situé dans une résidence fermée avec piscine. Le studio se compose d’un salon, une cuisine ouverte, une chambre et une salle de bain. Disponible immédiatement",https://www.mubawab-media.com/ad/8/416/543F/h/photo_00_83230712.avif,7,2026-09-30
8332313,Charmant Studio À La Vente À La Route De Casa,https://www.mubawab.ma/fr/a/8332313/charmant-studio-%C3%A0-la-vente-%C3%A0-la-route-de-casa,Vente,Studio,Marrakech,Autre / Centre,800 000 DH,800000,51m²,51,2 Pièces,1 Ch.,1 Salle de bain,"Terrasse, Garage, Ascenseur, Concierge, Façade extérieure, Sécurité, Four","Le 25 Immobilier vous présente à la vente, un magnifique studio situé au 2ème étage d’un immeuble haut de gamme sur la route de Casa. Avec une superficie généreuse de 51 m², cet appartement comprend une chambre confortable, un salon accueillant, et une cuisine américaine ouverte qui crée un espace de vie convivial et lumineux. L’immeuble, bien aménagé et soigneusement entretenu, offre de nombreux avantages. Il est équipé d’un ascenseur pour pl...",https://www.mubawab-media.com/ad/8/332/313F/h/A1-2_83100661.avif,9,2026-09-30
8293600,App Studio rez de chausse hivernage a cote CTM,https://www.mubawab.ma/fr/a/8293600/app-studio-rez-de-chausse-hivernage-a-cote-ctm,Vente,Studio,Marrakech,Hivernage,800 000 DH,800000,41m²,41,1 Pièce,1 Ch.,1 Salle de bain,"Garage, Ascenseur, Antenne parabolique, Climatisation, Chauffage central, Sécurité, Double vitrage, Porte blindée, Four",Salam on propose un joli appartement studio chambre salon vide quartier l'hivernage près de la 7e le compose d'une superficie de 42 m² au rez-de-chaussée d'un immeuble sécurisé avec parking sous-sol au prix de 80 millions 0602008076,https://www.mubawab-media.com/ad/8/293/600F/h/20260127_104643_81859804.avif,15,2026-09-30
8327716,TOP Invistissement AIRBNB gueliz 3 min carreé Eden,https://www.mubawab.ma/fr/a/8327716/top-invistissement-airbnb-gueliz-3-min-carre%C3%A9-eden,Vente,Studio,Marrakech,Guéliz,800 000 DH,800000,36m²,36,2 Pièces,1 Ch.,1 Salle de bain,"Terrasse, Garage, Ascenseur","Les Tailleurs de l’Immobilier vous proposent 3 studios de 36 m² idéalement situés à Guéliz, à seulement 3 minutes du Carré Eden. Disponibilités : • 2ᵉ étage avec balcon • 3ᵉ étage avec balcon • 5ᵉ étage sans balcon Immeuble très propre avec ascenseur et parking titré. Autorisé Airbnb, ce bien représente une excellente opportunité d’investissement locatif avec une forte rentabilité. Prix : 800 000 DH, légèrement négociable. Po...",https://www.mubawab-media.com/ad/8/327/716F/h/WhatsApp%20Image%202026-04-06%20at%2015.39.34_82223801.avif,8,2026-09-30
8158298,Bel studios de 45 m² à vendre au Nouveau Guéliz,https://www.mubawab.ma/fr/pa/8158298/bel-studios-de-45-m%C2%B2-%C3%A0-vendre-au-nouveau-gu%C3%A9liz,Vente,Studio,Marrakech,Guéliz,818 100 DH,818100,45m²,45,2 Pièces,1 Ch.,1 Salle de bain,"Garage, Piscine, Climatisation, Sécurité, Double vitrage, Cuisine équipée","Découvrez cet élégant appartement de 45 m² situé au centre de Guéliz, l’un des quartiers les plus prisés de Marrakech. Idéalement pensé, il offre un espace de vie lumineux et fonctionnel, parfait pour un investissement ou une résidence principale. Sa localisation exceptionnelle vous place à proximité immédiate des commerces, restaurants, cafés et toutes les commodités de la ville. Que vous soyez à la recherche d’un pied-à-terre, d’un premie...",https://www.mubawab-media.com/ad/8/158/298F/h/r06_80443699.avif,23,2026-09-30
8144799,Studios de prestige pour investissement avec piscine,https://www.mubawab.ma/fr/a/8144799/studios-de-prestige-pour-investissement-avec-piscine,Vente,Studio,Marrakech,Autre / Centre,820 000 DH,820000,40m²,40,2 Pièces,1 Ch.,1 Salle de bain,"Terrasse, Garage, Ascenseur, Piscine, Concierge, Antenne parabolique, Sécurité, Double vitrage, Porte blindée, Cuisine équipée, Four","À vendre – studios – Avenue Abdelkrim El Khattabi Découvrez ce projet résidentiel moderne situé sur l’avenue Abdelkrim El Khattabi. L’immeuble est construit en R5 et propose des studios et des appartements aux finitions soignées, avec des superficies à partir de 40 m². Les résidents bénéficient de prestations haut de gamme, notamment : Parking double au sous-sol Piscine au roof top Immeuble sécurisé et bien situé, proche de toutes...",https://www.mubawab-media.com/ad/8/144/799F/h/WhatsApp%20Image%202026-01-21%20at%2018.07.25%20%2813%29_81819754.avif,30,2026-09-30
8147839,Studio modernes route de Casablanca avec piscine,https://www.mubawab.ma/fr/a/8147839/studio-modernes-route-de-casablanca-avec-piscine,Vente,Studio,Marrakech,Guéliz,820 000 DH,820000,43m²,43,2 Pièces,1 Ch.,1 Salle de bain,"Garage, Ascenseur, Piscine, Concierge, Façade extérieure, Salon Marocain, Antenne parabolique, Climatisation, Chauffage central, Sécurité, Double vitrage, Porte blindée, Cuisine équipée, Four","Découvrez nos studios modernes situés sur la Route de Casablanca à Marrakech, au sein d’une résidence R5 idéalement située dans un secteur dynamique et recherché, à quelques minutes de Guéliz. Bénéficiez de studios aux espaces optimisés, avec des superficies à partir de 43 m², offrant confort, fonctionnalité et luminosité. Leur conception moderne les rend adaptés aussi bien à une résidence principale qu’à un investissement locatif. La résid...",https://www.mubawab-media.com/ad/8/147/839F/h/WhatsApp%20Image%202026-03-14%20at%2015.48.16%20%283%29_82120711.avif,17,2026-09-30
8213884,Studio neuf avec piscine à 7 min de Guéliz,https://www.mubawab.ma/fr/a/8213884/studio-neuf-avec-piscine-%C3%A0-7-min-de-gu%C3%A9liz,Vente,Studio,Marrakech,Guéliz,835 000 DH,835000,47m²,47,2 Pièces,1 Ch.,1 Salle de bain,"Terrasse, Garage, Ascenseur, Piscine, Concierge, Façade extérieure, Antenne parabolique, Climatisation, Sécurité, Double vitrage, Porte blindée, Cuisine équipée, Four","Découvrez la Résidence R5, idéalement située sur l’Avenue Abdelkarim El Khattabi, dans un emplacement stratégique à Marrakech. Des appartements modernes dans une résidence avec piscine, pensés pour offrir confort, tranquillité et un excellent potentiel d’investissement. Prix à partir de 835 000 DHS Superficie à partir de 47 m² Un emplacement privilégié : * En face des villas, dans un environnement calme * À seulement 100 m du McDona...",https://www.mubawab-media.com/ad/8/213/884F/h/WhatsApp%20Image%202026-01-21%20at%2018.07.25%20%289%29_81850789.avif,28,2026-09-30
8268255,Superbe appartement à vendre à Majorelle. Surface de 47 m²,https://www.mubawab.ma/fr/pa/8268255/superbe-appartement-%C3%A0-vendre-%C3%A0-majorelle-surface-de-47-m%C2%B2,Vente,Studio,Marrakech,Guéliz,846 000 DH,846000,47m²,47,,1 Ch.,1 Salle de bain,,"Majorelle Hills – Nouveau projet exceptionnel signé a Groupe Alhouda . Découvrez une résidence qui réunit l'élégance,le confort et la tranquillité, idéalement située à seulement 5 minutes à Gueliz 2 minutes à les jardins de majorelle . Majorelle Hills vous propose des studios et des appartements modernes, avec une finition trés haut standing, et des espaces conçus pour un mode de vie raffiné. Architecture contemporaine Matériaux premiu...",https://www.mubawab-media.com/ad/8/268/255F/h/Image2_81586214_81590444.avif,16,2026-09-30
8268260,Appartement en vente à Majorelle. Surface de 47 m²,https://www.mubawab.ma/fr/pa/8268260/appartement-en-vente-%C3%A0-majorelle-surface-de-47-m%C2%B2,Vente,Studio,Marrakech,Guéliz,846 000 DH,846000,47m²,47,,1 Ch.,1 Salle de bain,,"Majorelle Hills – Nouveau projet exceptionnel signé a Groupe Alhouda . Découvrez une résidence qui réunit l'élégance,le confort et la tranquillité, idéalement située à seulement 5 minutes à Gueliz 2 minutes à les jardins de majorelle . Majorelle Hills vous propose des studios et des appartements modernes, avec une finition trés haut standing, et des espaces conçus pour un mode de vie raffiné. Architecture contemporaine Matériaux premiu...",https://www.mubawab-media.com/ad/8/268/260F/h/Image2_81586214_81590554.avif,16,2026-09-30
8425129,Belle Opportunité À Victor Hugo,https://www.mubawab.ma/fr/a/8425129/belle-opportunit%C3%A9-%C3%A0-victor-hugo,Vente,Studio,Marrakech,Victor Hugo,850 000 DH,850000,36m²,36,2 Pièces,1 Ch.,1 Salle de bain,"Terrasse, Garage, Ascenseur, Meublé, Salon européen, Climatisation, Sécurité, Cuisine équipée, Réfrigérateur, Four, Machine à laver","Le 25 Immobilier vous propose à la vente ce charmant studio meublé de 36 m², idéalement situé au cœur de Victor Hugo, à Marrakech. Le studio se compose d’un agréable salon, d’une chambre, d’une cuisine américaine ouverte et fonctionnelle, d’une salle de bain ainsi que d’une belle terrasse offrant un espace extérieur appréciable. La résidence dispose également d’un ascenseur et d’un parking, pour davantage de confort au quotidien. Grâce à son e...",https://www.mubawab-media.com/ad/8/425/129F/h/6_2_83325777.avif,8,2026-09-30
8421924,"Studio meublé à vendre – Gueliz, Marrakech",https://www.mubawab.ma/fr/a/8421924/studio-meubl%C3%A9-%C3%A0-vendre-%E2%80%93-gueliz-marrakech,Vente,Studio,Marrakech,Guéliz,850 000 DH,850000,36m²,36,2 Pièces,1 Ch.,1 Salle de bain,"Garage, Ascenseur, Meublé, Salon européen, Climatisation, Sécurité, Cuisine équipée, Réfrigérateur, Four","À vendre, joli studio meublé de 36 m² situé à Guéliz, Marrakech, au sein d’une résidence sécurisée et bien entretenue. Le studio se trouve au 5 étage d’un immeuble avec ascenseur et se compose d’une chambre, d’un salon et d’une cuisine fonctionnelle, Il dispose également d’une place de parking. Idéalement situé à proximité des commerces, restaurants, cafés et de toutes les commodités, ce studio constitue un excellent choix aussi bien pour une r...",https://www.mubawab-media.com/ad/8/421/924F/h/AVM-346__1__83290164.avif,6,2026-09-30
8423807,À vendre studio 43 m² gueliz extension,https://www.mubawab.ma/fr/a/8423807/%C3%A0-vendre-studio-43-m%C2%B2-gueliz-extension,Vente,Studio,Marrakech,Guéliz,850 000 DH,850000,43m²,43,2 Pièces,1 Ch.,1 Salle de bain,"Terrasse, Garage, Ascenseur, Concierge, Salon européen, Antenne parabolique, Climatisation, Chauffage central, Cuisine équipée, Four","Découvrez ce studio de 43 m² idéalement situé à GUELIZ Extension, l'un des quartiers les plus prisés et les plus recherchés de Marrakech. Profitez d'un cadre de vie paisible, à seulement quelques minutes du centre-ville de Gueliz, avec un accès facile aux commerces, restaurants, cafés et services. Les atouts de l'emplacement • Quartier calme et recherché : Gueliz Extension est reconnu pour son ambiance résidentielle agréable et sa proximité ave...",https://www.mubawab-media.com/ad/8/423/807F/h/WhatsApp_Image_2026-09-25_at_13.03.34__3__83311203.avif,12,2026-09-30
8157306,Studio Meublé Moderne Résidence Avec Piscine Centre,https://www.mubawab.ma/fr/a/8157306/studio-meubl%C3%A9-moderne-r%C3%A9sidence-avec-piscine-centre,Vente,Studio,Marrakech,Route de Casablanca,850 000 DH,850000,46m²,46,2 Pièces,1 Ch.,1 Salle de bain,"Terrasse, Ascenseur, Piscine, Concierge, Meublé, Salon Marocain, Salon européen, Antenne parabolique, Climatisation, Chauffage central, Sécurité, Cuisine équipée, Réfrigérateur, Four, Machine à laver, Micro-ondes","Nous vous proposons un superbe studio moderne, entièrement meublé avec goût, situé dans le quartier très prisé de Route de Casablanca. Ce bien rare se trouve au sein d’une résidence sécurisée de standing avec piscine, offrant un cadre de vie raffiné et confortable. Caractéristiques principales : Étage : 2ème Superficie : 46 m² Salon lumineux avec accès à un balcon privé Chambre élégante avec placard intégré Cuisine américaine en...",https://www.mubawab-media.com/ad/8/157/306F/h/c0769e3b-90e4-4655-bddc-78cd89a4a65d_82529421.avif,17,2026-09-30
8309024,Beau studio à Madame plaza entre Mc Do et Marjane,https://www.mubawab.ma/fr/a/8309024/beau-studio-%C3%A0-madame-plaza-entre-mc-do-et-marjane,Vente,Studio,Marrakech,Route de Casablanca,850 000 DH,850000,50m²,50,2 Pièces,1 Ch.,1 Salle de bain,"Garage, Ascenseur, Meublé","Situation stratégique exceptionnelle entre McDonald’s et Marjane Route de Casablanca, au cœur d’un secteur dynamique, recherché et à forte valeur immobilière. Découvrez ce magnifique studio entièrement meublé, alliant élégance, confort et fonctionnalité, situé dans une résidence moderne, sécurisée et parfaitement entretenue. Idéal pour habitation personnelle ou investissement locatif rentable. Caractéristiques du bien : • Superficie : 50 m² •...",https://www.mubawab-media.com/ad/8/309/024F/h/1_82024893.avif,18,2026-09-30
8149102,Studio de haut standing avec piscine au rooftop,https://www.mubawab.ma/fr/a/8149102/studio-de-haut-standing-avec-piscine-au-rooftop,Vente,Studio,Marrakech,Autre / Centre,851 000 DH,851000,46m²,46,2 Pièces,1 Ch.,1 Salle de bain,"Terrasse, Garage, Ascenseur, Piscine, Concierge, Façade extérieure, Antenne parabolique, Climatisation, Sécurité, Double vitrage, Porte blindée, Cuisine équipée, Four, Micro-ondes","Investissez dans un studio d'exception sur l'Avenue Abdelkrim El Khattabi ! Idéalement situé à proximité du McDonald's, ce studio haut standing de 46 m² offre un agencement moderne et optimise chaque espace. Profitez de prestations rares : piscine en rooftop avec vue dégagée et double niveau de parking en sous-sol. Un bien parfait pour un investissement locatif à forte rentabilité ou un pied-à-terre central. Emplacement premium Prix : 851 00...",https://www.mubawab-media.com/ad/8/149/102F/h/WhatsApp_Image_2026-01-21_at_18.07.26__4__83140167.avif,28,2026-09-30
8009864,Luxe Studio avec Piscine,https://www.mubawab.ma/fr/a/8009864/luxe-studio-avec-piscine,Vente,Studio,Marrakech,Autre / Centre,860 000 DH,860000,49m²,49,2 Pièces,1 Ch.,1 Salle de bain,"Ascenseur, Piscine, Concierge, Chambre rangement",Luxe Studio à vendre dans une Résidence de Haut Standing avec Piscine . Pour plus d’informations contactez nous,https://www.mubawab-media.com/ad/8/009/864F/h/IMG_9695_83038674.avif,10,2026-09-30
8281640,Studio Centre Ville,https://www.mubawab.ma/fr/a/8281640/studio-centre-ville,Vente,Studio,Marrakech,Guéliz,860 000 DH,860000,43m²,43,2 Pièces,1 Ch.,1 Salle de bain,"Terrasse, Garage, Ascenseur, Concierge, Façade extérieure, Climatisation, Sécurité, Double vitrage, Cuisine équipée","Achetez votre appartement derrière le marché aux fleurs. Prix 86 000 DH. 2 pièces, 1 salle de bains, superficie 43 m². 1 chambre. 5ème étage. Revêtement: Marbre. Confort et sécurité avec service de conciergerie et climatisation. Idéal si vous souhaitez acheter un appartement à Guéliz. Dispose d'une terrasse. Résidence avec ascenseur. Tranquillité garantie avec fenêtres en double vitrage. Contactez-nous si vous êtes intéressé par cet appartement...",https://www.mubawab-media.com/ad/8/281/640F/h/photo_00_81737993.avif,8,2026-09-30
8306189,Studio moderne meublé à vendre à Issil,https://www.mubawab.ma/fr/a/8306189/studio-moderne-meubl%C3%A9-%C3%A0-vendre-%C3%A0-issil,Vente,Studio,Marrakech,Autre / Centre,865 000 DH,865000,53m²,53,2 Pièces,1 Ch.,2 Salles de bains,"Ascenseur, Meublé, Climatisation, Cuisine équipée","Découvrez ce magnifique studio moderne de 53 m², vendu entièrement meublé, situé au 4ᵉ étage d'une résidence calme et sécurisée, à proximité de toutes les commodités. Le studio se compose de : Une chambre avec placard Un salon lumineux Une cuisine entièrement équipée Deux salles de bains Grâce à son mobilier moderne et à son emplacement pratique, ce bien est idéal pour une résidence principale ou un investissement locatif. Prix de vent...",https://www.mubawab-media.com/ad/8/306/189F/h/WhatsApp%20Image%202026-02-18%20at%2009.40.49%20%283%29_81995130.avif,21,2026-09-30
8382583,Magnifique studio à vendre sur la Route de Casa,https://www.mubawab.ma/fr/a/8382583/magnifique-studio-%C3%A0-vendre-sur-la-route-de-casa,Vente,Studio,Marrakech,Autre / Centre,865 000 DH,865000,53m²,53,2 Pièces,1 Ch.,1 Salle de bain,"Ascenseur, Concierge, Meublé, Salon européen, Climatisation, Sécurité, Cuisine équipée, Réfrigérateur, Four, Machine à laver, Micro-ondes",Studio à vendre – Direct propriétaire * Superficie : 53 m² * Prix : 865 000 DH * Vendu entièrement meublé * 4ᵉ étage * 2 salles de bains * Sans parking Localisation du studio :,https://www.mubawab-media.com/ad/8/382/583F/h/cb265d38-0dad-4662-a409-5d2fc44fe6fc_82861450.avif,15,2026-09-30
8382584,Appartement à vendre 53 m² à avenue Abdelkrim El Khattabi à...,https://www.mubawab.ma/fr/a/8382584/appartement-%C3%A0-vendre-53-m%C2%B2-%C3%A0-avenue-abdelkrim-el-khattabi-%C3%A0-marrakech-1-chambre-bien-meubl%C3%A9,Vente,Studio,Marrakech,Autre / Centre,865 000 DH,865000,53m²,53,2 Pièces,1 Ch.,2 Salles de bains,"Ascenseur, Concierge, Meublé, Façade extérieure, Salon européen, Antenne parabolique, Climatisation, Chauffage central, Sécurité, Cuisine équipée, Réfrigérateur, Four, Machine à laver","Studio meublé à vendre – Boulevard Abdelkrim El Khattabi Découvrez ce magnifique studio de 53 m², idéalement situé sur le Boulevard Abdelkrim El Khattabi, au 4ᵉ étage d’un immeuble. Ce bien est vendu entièrement meublé et comprend : * Un salon confortable. * Un coin salle à manger. * Une cuisine ouverte entièrement équipée. * Deux salles de bains. * Des finitions soignées offrant un cadre de vie agréable et fonctionnel. Grâce à son emplacemen...",https://www.mubawab-media.com/ad/8/382/584F/h/photo_0_82861463.avif,21,2026-09-30
8413882,À vendre studio neuf à Allal El fassi,https://www.mubawab.ma/fr/a/8413882/%C3%A0-vendre-studio-neuf-%C3%A0-allal-el-fassi,Vente,Studio,Marrakech,Autre / Centre,880 000 DH,880000,53m²,53,2 Pièces,1 Ch.,2 Salles de bains,"Terrasse, Ascenseur, Concierge, Meublé, Climatisation, Chauffage central, Sécurité, Cuisine équipée","Réf : 050S/026 À vendre, un studio neuf, entièrement meublé et de haut standing, idéalement situé au Allal El fassi, Marrakech, au 4ᵉ étage avec ascenseur, d’une superficie de 53 m². Le studio se compose de : 1 chambre 1 salon 2 salles de bains 1 cuisine entièrement équipée 1 balcon Prestations : Ascenseur Entièrement meublé et équipé Climatisation Chauffage Cuisine équipée Concierge Résidence sécurisée Interphone. Prix de vente : 880 000 DH",https://www.mubawab-media.com/ad/8/413/882F/h/WhatsApp_Image_2026-09-10_at_20.58.56__1__83201352.avif,9,2026-09-30
8417531,Studio haut standing vue sur piscine,https://www.mubawab.ma/fr/a/8417531/studio-haut-standing-vue-sur-piscine,Vente,Studio,Marrakech,Autre / Centre,885 000 DH,885000,50m²,50,2 Pièces,1 Ch.,1 Salle de bain,"Terrasse, Garage, Vue sur les montagnes, Piscine, Concierge, Façade extérieure, Salon européen, Climatisation, Chauffage central, Sécurité, Double vitrage, Porte blindée, Cuisine équipée, Four, Micro-ondes",LIVRABLE FIN 2026 désistement d'un studio haut standing au 4eme étage dans une résidence R5 fermer avec piscine parking sous sol composé d'un salon cuisine américaine chambre avec paquet salle de bain une terrasse vue sur piscine,https://www.mubawab-media.com/ad/8/417/531F/h/WhatsApp_Image_2026-09-17_at_10.46.54__1__83241786.avif,10,2026-09-30
8386533,Studio Moderne à Vendre – Proche Guéliz avec Piscine,https://www.mubawab.ma/fr/a/8386533/studio-moderne-%C3%A0-vendre-%E2%80%93-proche-gu%C3%A9liz-avec-piscine,Vente,Studio,Marrakech,Guéliz,895 000 DH,895000,57m²,57,2 Pièces,1 Ch.,1 Salle de bain,"Terrasse, Garage, Ascenseur, Piscine, Concierge, Meublé, Salon européen, Antenne parabolique, Climatisation, Sécurité, Cuisine équipée, Réfrigérateur, Four, Machine à laver","Le 25 Immobilier vous propose ce magnifique studio meublé de 57 m², idéalement situé dans un environnement calme, à proximité du centre de Guéliz, au sein d’une résidence fermée et sécurisée avec piscine. Offrant un cadre de vie moderne et confortable, ce bien constitue une excellente opportunité pour une résidence principale, un pied-à-terre ou un investissement locatif. Le studio se compose d’une chambre spacieuse, d’un salon lumineux, d’une...",https://www.mubawab-media.com/ad/8/386/533F/h/B1_82903867.avif,10,2026-09-30
8358828,"Nouveau développement résidentiel en prévente à Gueliz, à se...",https://www.mubawab.ma/fr/a/8358828/nouveau-d%C3%A9veloppement-r%C3%A9sidentiel-en-pr%C3%A9vente-%C3%A0-gueliz-%C3%A0-seulement-5-minutes-de-carr%C3%A9-eden,Vente,Studio,Marrakech,Guéliz,900 000 DH,900000,55m²,55,2 Pièces,1 Ch.,1 Salle de bain,"Terrasse, Garage, Ascenseur, Piscine, Meublé, Climatisation","Nouveau développement résidentiel en prévente à Gueliz, à seulement 5 minutes de Carré Eden. Date de livraison prévue : Mars 2028. La résidence disposera d'équipements haut de gamme, notamment deux piscines (intérieure et extérieure), un jacuzzi, une salle de gym entièrement équipée, un parking collectif et une sécurité 24/7. Studios disponibles de 45 à 55 m² à partir de 900,000 MAD. Appartements de deux chambres disponibles de 55 à 78 m² à p...",https://www.mubawab-media.com/ad/8/358/828F/h/photo_0_82560149.avif,6,2026-09-30
8414973,Appartement meublé à vendre gueliz,https://www.mubawab.ma/fr/a/8414973/appartement-meubl%C3%A9-%C3%A0-vendre-gueliz,Vente,Studio,Marrakech,Guéliz,900 000 DH,900000,58m²,58,1 Pièce,1 Ch.,1 Salle de bain,"Garage, Ascenseur, Piscine, Meublé, Sécurité","Turnkey vous propose Studio meublé de 58 m² à vendre derrière la gare de Marrakech, au 5e étage d’une résidence sécurisée et bien entretenue. Le bien comprend une chambre et une salle de bains. Il bénéficie d’un ascenseur et d’une place de parking. La résidence dispose également d’une piscine. Prix de vente : 900 000 DH. Frais d’agence : 2,5 %. Référence : AVRM003",https://www.mubawab-media.com/ad/8/414/973F/h/AVRM003-01_83213057.avif,11,2026-09-30
8410099,Superbe appartement à vendre à Guéliz. Surface totale 38 m²...,https://www.mubawab.ma/fr/a/8410099/superbe-appartement-%C3%A0-vendre-%C3%A0-gu%C3%A9liz-surface-totale-38-m%C2%B2-bien-meubl%C3%A9,Vente,Studio,Marrakech,Guéliz,900 000 DH,900000,38m²,38,1 Pièce,1 Ch.,1 Salle de bain,"Terrasse, Ascenseur, Concierge, Meublé, Climatisation, Sécurité, Cuisine équipée, Réfrigérateur, Four, Machine à laver, Micro-ondes","CH IMMOBILIER – Plateau Studio à Vendre à Guéliz Guéliz – Proche Carré Eden, Marrakech Opportunité d’investissement ! Superficie : 38 m² 5ᵉ étage Résidence avec ascenseur Plateau studio à aménager selon vos besoins Emplacement central, à proximité immédiate du Carré Eden et de toutes les commodités Prix de vente : 900 000 DH Pour plus d’informations ou pour organiser une visite, contactez",https://www.mubawab-media.com/ad/8/410/099F/h/IMG_7053_83159007.avif,8,2026-09-30
8355274,Studio piscine à partir de ***-****** dhs,https://www.mubawab.ma/fr/a/8355274/studio-piscine-%C3%A0-partir-de-900-000-dhs,Vente,Studio,Marrakech,Ménara,900 000 DH,900000,48m²,48,2 Pièces,1 Ch.,1 Salle de bain,"Jardin, Terrasse, Garage, Ascenseur, Piscine, Climatisation, Cuisine équipée, Four","LANCEMENT OFFICIEL DE LA 3ᵉ TRANCHE – MENARA GARDEN LUXURY 2 Le raffinement à seulement 3 min de la gare de Marrakech Nous avons le plaisir de vous annoncer le lancement commercial de la 3ᵉ tranche de MENARA GARDEN LUXURY 2 Une résidence haut standing avec piscine, pensée pour offrir confort, élégance et qualité de vie exceptionnelle. Prestations & finitions de qualité : ️ Très belles finitions ️ Cuisine équipée : four, plaque de cuisson et...",https://www.mubawab-media.com/ad/8/355/274F/h/photo_00_82520418.avif,10,2026-09-30
8126514,Guéliz Studio 1 chambre avec Terrasse de 10M2,https://www.mubawab.ma/fr/a/8126514/gu%C3%A9liz-studio-1-chambre-avec-terrasse-de-10m2,Vente,Studio,Marrakech,Guéliz,900 000 DH,900000,79m²,79,4 Pièces,1 Ch.,1 Salle de bain,"Terrasse, Garage","Découvrez ce magnifique studio de 70m² 10m2 de terrasse idéalement situé au 5ᵉ étage d’une résidence de standing, au cœur de Guéliz. À seulement 4 minutes de la gare et à proximité immédiate des commerces, cet appartement vous offre un cadre de vie pratique et agréable. Caractéristiques principales : • Superficie : 80m², offrant un bel espace de vie. • Terrasse spacieuse : idéale pour profiter des soirées en plein air ou prendr...",https://www.mubawab-media.com/ad/8/126/514F/h/photo_0_80113073.avif,10,2026-09-30
8295701,Studio meublé clé en main pour airbnb,https://www.mubawab.ma/fr/a/8295701/studio-meubl%C3%A9-cl%C3%A9-en-main-pour-airbnb,Vente,Studio,Marrakech,Autre / Centre,900 000 DH,900000,49m²,49,1 Pièce,1 Ch.,1 Salle de bain,"Terrasse, Garage, Ascenseur, Piscine, Concierge, Meublé, Salon européen, Antenne parabolique, Climatisation, Chauffage central, Sécurité, Porte blindée, Cuisine équipée, Réfrigérateur, Four, Machine à laver, Micro-ondes","À vendre beau studio meublé, situé dans une résidence calme et sécurisée avec piscine, à Madame Plaza – Marrakech. Le studio est bien agencé et lumineux, idéal pour investissement locatif (Airbnb déjà opérationnel) ou pour résidence personnelle. 1 espace nuit bien aménagé Salon avec lits Cuisine équipée Salle de bain Balcon Climatisation Wi-Fi Piscine collective Sécurité Résidence bien entretenue Accès facile Déjà exploité sur Airbnb ...",https://www.mubawab-media.com/ad/8/295/701F/h/20251119_164212%281%29_81885755.avif,21,2026-09-30
8291189,"Studios à vendre — Sol en marbre Route de Casablanca, Marrak...",https://www.mubawab.ma/fr/a/8291189/studios-%C3%A0-vendre-%E2%80%94-sol-en-marbre-route-de-casablanca-marrakech,Vente,Studio,Marrakech,Route de Casablanca,902 000 DH,902000,41m²,41,2 Pièces,1 Ch.,1 Salle de bain,"Terrasse, Garage, Ascenseur, Concierge, Salon européen, Sécurité, Double vitrage, Porte blindée, Cuisine équipée, Four","L’Immobilier Sans Frontières vous propose à la vente un projet de studios neufs situé sur la Route de Casablanca à Marrakech. Les informations communiquées incluent un studio de 41 m² au 2ᵉ étage et d’autres studios de 49 m² à différents étages. Prestations mentionnées : ascenseur, parking, sol en marbre. Ce studio (41 m² – 2ᵉ étage) se compose de : Salon avec terrasse - Cuisine américaine équipée (plaque, hotte, four) - Chambre avec placard et...",https://www.mubawab-media.com/ad/8/291/189F/h/VAV232_82344387.avif,12,2026-09-30
8261145,Bel studio à vendre á madam plaza. Surface de 61 m². Meublé,https://www.mubawab.ma/fr/a/8261145/bel-studio-%C3%A0-vendre-%C3%A1-madam-plaza-surface-de-61-m%C2%B2-meubl%C3%A9,Vente,Studio,Marrakech,Autre / Centre,920 000 DH,920000,61m²,61,2 Pièces,1 Ch.,1 Salle de bain,"Ascenseur, Concierge, Meublé, Salon européen, Antenne parabolique, Climatisation, Sécurité, Porte blindée, Cuisine équipée, Réfrigérateur, Four, Machine à laver, Micro-ondes","Affaire à saisir pour cet studio à vendre. 2 pièces, 1 salle de bains, 61 m². 1 chambre à coucher. 5ème étage. Moins de 5 ans. Type de sol: Marbre. Cet studio est proposé à la vente à Ouasis. Meublé. Sécurité maximale avec système de surveillance et porte blindée. Équipé d'une antenne parabolique. Confort et sécurité avec service de conciergerie et climatisation. Contactez-nous si vous êtes intéressé par cet appartement à Marrakech. Confortable...",https://www.mubawab-media.com/ad/8/261/145F/h/photo_00_81503526.avif,18,2026-09-30
8294467,Studio a vendre Route de Casa,https://www.mubawab.ma/fr/a/8294467/studio-a-vendre-route-de-casa,Vente,Studio,Marrakech,Route de Casablanca,920 000 DH,920000,53m²,53,2 Pièces,1 Ch.,2 Salles de bains,"Ascenseur, Meublé, Salon européen, Climatisation, Sécurité, Cuisine équipée, Réfrigérateur, Four, Machine à laver, Micro-ondes","À Vendre : Studio Lumineux & Moderne – Route de Casablanca Un cocon de 53 m², idéalement situé et parfaitement agencé. Situé dans l'un des quartiers les plus dynamiques et recherchés, sur la Route de Casablanca, ce studio coup de cœur allie confort moderne et fonctionnalité. Au 4ème étage d'une résidence sécurisée et bien entretenue avec ascenseur, il offre une vue dégagée et une luminosité optimale. Les caractéristiques clés : Surface :...",https://www.mubawab-media.com/ad/8/294/467F/h/WhatsApp%20Image%202026-01-29%20at%2015.58.18%20%281%29_81869235.avif,18,2026-09-30
8414628,Appartement à vendre à Hay Al Hassani. Superficie 45 m²,https://www.mubawab.ma/fr/pa/8414628/appartement-%C3%A0-vendre-%C3%A0-hay-al-hassani-superficie-45-m%C2%B2,Vente,Studio,Marrakech,Semlalia,927 000 DH,927000,45m²,45,,1 Ch.,1 Salle de bain,,"Situé dans le quartier Semlalia à Marrakech, Palma Rossa est un programme immobilier neuf de 62 appartements, actuellement en construction, avec une livraison prévue au 31 décembre 2027. Le projet propose des typologies variées, du studio à l'appartement 3 chambres, avec des surfaces allant de 44 à 181 m², permettant de répondre aussi bien aux jeunes actifs qu'aux familles en quête d'espace. Les appartements sont livrés avec un parking titr...",https://www.mubawab-media.com/ad/8/414/628F/h/Photo_fictive_facade_Palma_Rossa_83209300_83209302.avif,1,2026-09-30
8421922,"Nouveau développement résidentiel hors plan à Gueliz, à seul...",https://www.mubawab.ma/fr/a/8421922/nouveau-d%C3%A9veloppement-r%C3%A9sidentiel-hors-plan-%C3%A0-gueliz-%C3%A0-seulement-5-minutes-de-carr%C3%A9-eden,Vente,Studio,Marrakech,Guéliz,946 000 DH,946000,43m²,43,2 Pièces,1 Ch.,1 Salle de bain,"Jardin, Terrasse, Garage, Ascenseur, Piscine, Meublé, Climatisation","Nouveau développement résidentiel hors plan à Gueliz, à seulement 5 minutes de Carré Eden. Date de livraison prévue : Mars 2028. La résidence disposera d'équipements haut de gamme, y compris deux piscines (intérieure et extérieure), un jacuzzi, une salle de sport entièrement équipée, un parking collectif et une sécurité 24h/24 et 7j/7. Studios disponibles de 45 à 55 m² à partir de 900 000 MAD. Appartements de deux chambres disponibles de 55 à...",https://www.mubawab-media.com/ad/8/421/922F/h/photo_00_83290063.avif,3,2026-09-30
8368634,Réservez votre appartement dès maintenant au cœur de Guéliz...,https://www.mubawab.ma/fr/a/8368634/r%C3%A9servez-votre-appartement-d%C3%A8s-maintenant-au-c%C5%93ur-de-gu%C3%A9liz-marrakech,Vente,Studio,Marrakech,Guéliz,950 000 DH,950000,43m²,43,2 Pièces,1 Ch.,1 Salle de bain,"Garage, Ascenseur, Piscine, Climatisation, Cuisine équipée","Appartements et studios à vendre – Guéliz Marrakech Nous vous proposons une opportunité immobilière rare au cœur de Guéliz, l’un des quartiers les plus prisés de Marrakech. Des appartements et studios en cours de construction, offrant modernité, confort et un fort potentiel d’investissement, idéals pour résidence principale ou investissement locatif. Caractéristiques du projet : • Superficies disponibles : de 43 m² à 77 m² • Studios et appart...",https://www.mubawab-media.com/ad/8/368/634F/h/photo_0_82705530.avif,6,2026-09-30
8268256,Appartement en vente à Majorelle. Surface totale 53 m²,https://www.mubawab.ma/fr/pa/8268256/appartement-en-vente-%C3%A0-majorelle-surface-totale-53-m%C2%B2,Vente,Studio,Marrakech,Guéliz,954 000 DH,954000,53m²,53,,1 Ch.,1 Salle de bain,,"Majorelle Hills – Nouveau projet exceptionnel signé a Groupe Alhouda . Découvrez une résidence qui réunit l'élégance,le confort et la tranquillité, idéalement située à seulement 5 minutes à Gueliz 2 minutes à les jardins de majorelle . Majorelle Hills vous propose des studios et des appartements modernes, avec une finition trés haut standing, et des espaces conçus pour un mode de vie raffiné. Architecture contemporaine Matériaux premiu...",https://www.mubawab-media.com/ad/8/268/256F/h/Image2_81586214_81590465.avif,16,2026-09-30
8125883,À VENDRE – Bureau ou Studio 44 m² – Centre Guéliz,https://www.mubawab.ma/fr/a/8125883/%C3%A0-vendre-%E2%80%93-bureau-ou-studio-44-m%C2%B2-%E2%80%93-centre-gu%C3%A9liz,Vente,Studio,Marrakech,Guéliz,963 000 DH,963000,44m²,44,,,1 Salle de bain,,"bureau ou studio de 44 m², bien ensoleillé et idéalement situé. Ce bien polyvalent convient aussi bien pour un usage professionnel que résidentiel. Proche de toutes les commodités, il représente une belle opportunité d’investissement en centre-ville",https://www.mubawab-media.com/ad/8/125/883F/h/bf0d8d78-db68-4cd5-ad2f-4b789d67aad4_80106456.avif,6,2026-09-30
8268250,Appartement à vendre à Majorelle. Surface de 51 m²,https://www.mubawab.ma/fr/pa/8268250/appartement-%C3%A0-vendre-%C3%A0-majorelle-surface-de-51-m%C2%B2,Vente,Studio,Marrakech,Guéliz,969 000 DH,969000,51m²,51,,2 Chambres,2 Salles de bains,,"Majorelle Hills – Nouveau projet exceptionnel signé a Groupe Alhouda . Découvrez une résidence qui réunit l'élégance,le confort et la tranquillité, idéalement située à seulement 5 minutes à Gueliz 2 minutes à les jardins de majorelle . Majorelle Hills vous propose des studios et des appartements modernes, avec une finition trés haut standing, et des espaces conçus pour un mode de vie raffiné. Architecture contemporaine Matériaux premiu...",https://www.mubawab-media.com/ad/8/268/250F/h/Image2_81586214_81590361.avif,16,2026-09-30
7629060,Appartements pour Airbnb,https://www.mubawab.ma/fr/a/7629060/appartements-pour-airbnb,Vente,Studio,Marrakech,Guéliz,980 000 DH,980000,50m²,50,2 Pièces,1 Ch.,1 Salle de bain,"Garage, Ascenseur, Antenne parabolique, Climatisation, Sécurité","Un studio à vendre , plein Gueliz sur une superficie de 50m composé d une chambre, salon, cuisine américaine équipée, SDB avec douche. Disponible dans les étages : 1,2,3,4, 5 Idéal pour Airbnb. Livraison : 12/2026 Conditions : 80 % à la signature du contrat de réservation Le reste à la signature",https://www.mubawab-media.com/ad/7/629/060F/h/IMG-20250427-WA0087_80169463.avif,2,2026-09-30
8377231,À vendre – Studio meublé de 46 m²,https://www.mubawab.ma/fr/a/8377231/%C3%A0-vendre-%E2%80%93-studio-meubl%C3%A9-de-46-m%C2%B2,Vente,Studio,Marrakech,Autre / Centre,980 000 DH,980000,46m²,46,2 Pièces,1 Ch.,1 Salle de bain,"Ascenseur, Concierge, Meublé, Climatisation, Sécurité, Cuisine équipée, Réfrigérateur, Four, Machine à laver, Micro-ondes","À vendre – Studio meublé de 46 m² – Quartier Ancien Hôpital Militaire, Marrakech Situé dans une résidence récente avec ascenseur, ce studio meublé de 46 m² bénéficie d’un emplacement stratégique à proximité immédiate de l’ancien Hôpital Militaire (Jnane Ali). Caractéristiques : • Superficie : 46 m² • Studio entièrement meublé • Résidence sécurisée avec ascenseur • Immeuble récent • Très bonne luminosité Emplacement privilégié : • À proximité i...",https://www.mubawab-media.com/ad/8/377/231F/h/a9ef3543-bc58-4518-94ef-70127d50d634_82802314.avif,9,2026-09-30
8423834,Beau studio a vendre à gueliz,https://www.mubawab.ma/fr/a/8423834/beau-studio-a-vendre-%C3%A0-gueliz,Vente,Studio,Marrakech,Guéliz,995 000 DH,995000,54m²,54,2 Pièces,1 Ch.,1 Salle de bain,"Terrasse, Garage, Ascenseur, Concierge, Salon Marocain, Salon européen, Antenne parabolique, Climatisation, Chauffage central, Cuisine équipée, Four","Emplacement de choix à Gueliz, à côté du Lycée Victor Hugo Découvrez ce beau studio de 54 m² idéalement situé à Gueliz, à côté du Lycée Victor Hugo et à proximité immédiate de toutes les commodités. Profitez d'un cadre de vie agréable et pratique, au cœur de l'un des quartiers les plus recherchés de Marrakech. Les atouts de l'emplacement • À côté du Lycée Victor Hugo : emplacement idéal pour les familles et les investisseurs. • Proche de toutes l...",https://www.mubawab-media.com/ad/8/423/834F/h/WhatsApp_Image_2026-09-23_at_13.42.10_83311428.avif,11,2026-09-30
8382669,Vente appartement 1 chambre studio résidence avec piscine r...,https://www.mubawab.ma/fr/a/8382669/vente-appartement-1-chambre-studio-r%C3%A9sidence-avec-piscine-route-de-casablanca-marrakech,Vente,Studio,Marrakech,Route de Casablanca,1 000 000 DH,1000000,50m²,50,2 Pièces,1 Ch.,1 Salle de bain,"Terrasse, Ascenseur, Piscine, Meublé, Salon européen, Antenne parabolique, Climatisation, Sécurité, Double vitrage, Cuisine équipée, Réfrigérateur, Four, Machine à laver, Micro-ondes","Cet appartement moderne, situé sur la Route de Casablanca à Marrakech, offre une surface impressionnante de 50 m² avec une orientation plein sud. Niché au quatrième étage d'un immeuble sécurisé avec ascenseur, ce bien est idéal pour ceux qui recherchent confort et style. Le sol en marbre confère une touche d'élégance à l'ensemble de l'appartement, tandis que le salon européen ouvert s'intègre harmonieusement avec une cuisine entièrement équipée...",https://www.mubawab-media.com/ad/8/382/669F/h/photo_00_82862209.avif,16,2026-09-30
8363537,Finitions Haut de Gamme & Emplacement Premium,https://www.mubawab.ma/fr/a/8363537/finitions-haut-de-gamme-emplacement-premium,Vente,Studio,Marrakech,Guéliz,1 000 000 DH,1000000,60m²,60,3 Pièces,2 Chambres,1 Salle de bain,"Garage, Ascenseur, Chambre rangement, Climatisation, Cuisine équipée","Découvrez une nouvelle résidence haut standing idéalement située à Guéliz, l'un des quartiers les plus recherchés de Marrakech. Pensé pour l'habitation comme pour l'investissement, ce projet propose des appartements modernes bénéficiant d'un emplacement stratégique et d'un excellent potentiel de valorisation. Disponibilités : Studios (1 chambre) De 39 m² à 45 m² Appartements 2 chambres De 49 m² à 60 m² Tarifs : À partir de 26 000 DH/m² A...",https://www.mubawab-media.com/ad/8/363/537F/h/ChatGPT%20Image%20Jun%2011%2C%202026%2C%2007_06_55%20PM_82631123.avif,1,2026-09-30
8321387,Projet appartements prestige gueliz,https://www.mubawab.ma/fr/a/8321387/projet-appartements-prestige-gueliz,Vente,Studio,Marrakech,Guéliz,1 000 000 DH,1000000,36m²,36,2 Pièces,1 Ch.,1 Salle de bain,"Terrasse, Piscine","Profitez d’un nouveau projet immobilier idéalement situé au quartier Gare, alliant confort, design moderne et prestations de qualité. Des appartements conçus pour offrir un cadre de vie agréable, que ce soit pour y habiter ou pour un investissement rentable. Studios et appartements 2 chambres Chambre salon lumineux Salle de bain moderne Terrasse agréable Résidence avec piscine Salle de sport équipée Sécurité et finitions de qualité Prix à par...",https://www.mubawab-media.com/ad/8/321/387F/h/WhatsApp%20Image%202026-03-25%20at%2010.06.34%20%282%29_82154495.avif,16,2026-09-30
8135544,Studio a vendre centre Gueliz,https://www.mubawab.ma/fr/a/8135544/studio-a-vendre-centre-gueliz,Vente,Studio,Marrakech,Guéliz,1 000 000 DH,1000000,42m²,42,2 Pièces,1 Ch.,1 Salle de bain,"Terrasse, Ascenseur, Concierge, Façade extérieure, Climatisation, Chauffage central, Cuisine équipée","DreamMaker Immobilier vous propose à la vente un charmant appartement de 42 m², idéalement situé au 3ᵉ étage d’un immeuble avec ascenseur et concierge, en plein cœur de Gueliz, à deux pas du Carré Eden. Ce bien se compose de : • Une chambre avec placard intégré, • Un salon lumineux, • Une terrasse accessible à la fois depuis la chambre et le salon, • Une cuisine ouverte sur le salon, entièrement aménagée, • Une salle de bain avec dou...",https://www.mubawab-media.com/ad/8/135/544F/h/WhatsApp%20Image%202025-05-03%20at%2013.10.45_62318791_80205060.avif,11,2026-09-30
8267948,Studio avec piscine a Marrakech,https://www.mubawab.ma/fr/a/8267948/studio-avec-piscine-a-marrakech,Vente,Studio,Marrakech,Autre / Centre,1 000 000 DH,1000000,41m²,41,2 Pièces,1 Ch.,1 Salle de bain,"Terrasse, Garage, Ascenseur, Piscine, Concierge, Salon Marocain, Salon européen, Antenne parabolique, Climatisation, Chauffage central, Sécurité, Cuisine équipée, Four","Découvrez une résidence d’exception idéalement située au cœur de Marrakech. Conçue pour offrir un confort absolu, elle combine élégance, modernité et emplacement stratégique à proximité immédiate de toutes les commodités. Profitez d’espaces lumineux, d’une piscine rooftop avec vue imprenable sur l’Atlas, d’une salle de sport panoramique, d’un parking privé et d’un ascenseur dernière génération. Chaque détail a été imaginé pour vous garantir un...",https://www.mubawab-media.com/ad/8/267/948F/h/WhatsApp%20Image%202025-12-01%20at%2011.29.11_81587205.avif,7,2026-09-30
8268253,Appartement en vente à Majorelle. Surface de 57 m²,https://www.mubawab.ma/fr/pa/8268253/appartement-en-vente-%C3%A0-majorelle-surface-de-57-m%C2%B2,Vente,Studio,Marrakech,Guéliz,1 026 000 DH,1026000,57m²,57,,2 Chambres,1 Salle de bain,,"Majorelle Hills – Nouveau projet exceptionnel signé a Groupe Alhouda . Découvrez une résidence qui réunit l'élégance,le confort et la tranquillité, idéalement située à seulement 5 minutes à Gueliz 2 minutes à les jardins de majorelle . Majorelle Hills vous propose des studios et des appartements modernes, avec une finition trés haut standing, et des espaces conçus pour un mode de vie raffiné. Architecture contemporaine Matériaux premiu...",https://www.mubawab-media.com/ad/8/268/253F/h/Image2_81586214_81590415.avif,16,2026-09-30
8410102,Opportunité studio au centre ville à vendre,https://www.mubawab.ma/fr/a/8410102/opportunit%C3%A9-studio-au-centre-ville-%C3%A0-vendre,Vente,Studio,Marrakech,Guéliz,1 050 000 DH,1050000,65m²,65,2 Pièces,1 Ch.,1 Salle de bain,"Terrasse, Garage, Ascenseur, Concierge, Meublé, Salon européen, Climatisation, Sécurité, Double vitrage, Cuisine équipée, Réfrigérateur, Four, Machine à laver, Micro-ondes","CH IMMOBILIER – Studio à vendre à Guéliz Emplacement premium : à proximité immédiate de Carré Eden, en plein cœur de Guéliz, dans un quartier central et très recherché de Marrakech. Caractéristiques du bien : • Superficie : 65 m² • Studio spacieux et lumineux • Résidence sécurisée avec ascenseur • Idéal pour habitation ou investissement locatif (Airbnb / longue durée) Prix : 1.050.000 DHS",https://www.mubawab-media.com/ad/8/410/102F/h/photo_0_83272622.avif,10,2026-09-30
8320895,Projet appartements gueliz,https://www.mubawab.ma/fr/a/8320895/projet-appartements-gueliz,Vente,Studio,Marrakech,Guéliz,1 050 000 DH,1050000,39m²,39,2 Pièces,1 Ch.,1 Salle de bain,"Terrasse, Piscine","Découvrez un nouveau projet résidentiel idéalement situé au quartier Gare, offrant confort, modernité et prestations haut standing. Des appartements pensés pour répondre à tous les besoins, que ce soit pour habitation ou investissement. Studios et appartements 2 chambres Salon lumineux salle de bain moderne Terrasse agréable Résidence avec piscine Salle de sport équipée Espaces de vie sécurisés et bien aménagés Prix à partir de 763...",https://www.mubawab-media.com/ad/8/320/895F/h/WhatsApp%20Image%202026-03-25%20at%2010.08.13_82149325.avif,7,2026-09-30
8268248,Appartement en vente à Majorelle. Superficie 56 m²,https://www.mubawab.ma/fr/pa/8268248/appartement-en-vente-%C3%A0-majorelle-superficie-56-m%C2%B2,Vente,Studio,Marrakech,Guéliz,1 064 000 DH,1064000,56m²,56,,2 Chambres,2 Salles de bains,,"Majorelle Hills – Nouveau projet exceptionnel signé a Groupe Alhouda . Découvrez une résidence qui réunit l'élégance,le confort et la tranquillité, idéalement située à seulement 5 minutes à Gueliz 2 minutes à les jardins de majorelle . Majorelle Hills vous propose des studios et des appartements modernes, avec une finition trés haut standing, et des espaces conçus pour un mode de vie raffiné. Architecture contemporaine Matériaux premiu...",https://www.mubawab-media.com/ad/8/268/248F/h/Image2_81586214_81590327.avif,16,2026-09-30
8321248,Studio Hivernage rentabilité Airbnb assurée,https://www.mubawab.ma/fr/a/8321248/studio-hivernage-rentabilit%C3%A9-airbnb-assur%C3%A9e,Vente,Studio,Marrakech,Hivernage,1 070 000 DH,1070000,41m²,41,2 Pièces,1 Ch.,1 Salle de bain,"Terrasse, Garage, Ascenseur, Meublé, Climatisation, Cuisine équipée, Réfrigérateur, Four, Machine à laver","Les Tailleurs de l’Immobilier À vendre – Rez-de-chaussée avec terrasse – Ivernage Immeuble Perle d’Atlas, à proximité de CTM Ivernage Superbe bien situé en rez-de-chaussée, d’une superficie de 41 m², complété par une terrasse de 2,8 m² et une place de parking en sous-sol titrée. Caractéristiques : • Rez-de-chaussée • Superficie : 41 m² • Terrasse : 2,8 m² • Parking sous-sol titré • Résidence bien située et sécurisée Idéal pour...",https://www.mubawab-media.com/ad/8/321/248F/h/1774476722289_82152833.avif,13,2026-09-30
8150632,Studio Neuf À Vendre À Victor Hugo,https://www.mubawab.ma/fr/a/8150632/studio-neuf-%C3%A0-vendre-%C3%A0-victor-hugo,Vente,Studio,Marrakech,Guéliz,1 080 000 DH,1080000,48m²,48,2 Pièces,1 Ch.,1 Salle de bain,"Ascenseur, Façade extérieure, Climatisation, Four","Le 25 Immobilier vous propose en exclusivité un projet immobilier de haut standing sur plan, idéalement situé sur l’avenue Victor Hugo, à seulement deux pas de Guéliz. Ce programme propose des studios aux superficies allant de 42 m² à 56 m², avec des prestations de qualité. Profitez également d’un jacuzzi sur le toit pour un confort optimal. Le chantier est déjà bien avancé, avec une livraison prévue dans 6 mois. Que ce soit pour un i...",https://www.mubawab-media.com/ad/8/150/632F/h/IMG_8389_82504668.avif,7,2026-09-30
8333071,Magnifique studio à vendre à Guéliz,https://www.mubawab.ma/fr/a/8333071/magnifique-studio-%C3%A0-vendre-%C3%A0-gu%C3%A9liz,Vente,Studio,Marrakech,Guéliz,1 091 500 DH,1091500,59m²,59,2 Pièces,1 Ch.,1 Salle de bain,"Terrasse, Ascenseur","Dans une résidence avec ascenseur , au 5 éme étage se trouve un magnifique studio à vendre . D'une superficie de 59 m² et en plein Guéliz et à côté de clinique Narjisse Il se compose d'un salon , une chambre avec balcon , une cuisine séparée avec balcon et une salle de bain Prix : 18500.00 Dhs/ M²",https://www.mubawab-media.com/ad/8/333/071F/h/a613e230-a885-4901-b25b-e520bf05a404_82280133.avif,8,2026-09-30
8268263,Vend appartement à Majorelle. 2 belles chambres,https://www.mubawab.ma/fr/pa/8268263/vend-appartement-%C3%A0-majorelle-2-belles-chambres,Vente,Studio,Marrakech,Guéliz,1 098 000 DH,1098000,61m²,61,,2 Chambres,1 Salle de bain,,"Majorelle Hills – Nouveau projet exceptionnel signé a Groupe Alhouda . Découvrez une résidence qui réunit l'élégance,le confort et la tranquillité, idéalement située à seulement 5 minutes à Gueliz 2 minutes à les jardins de majorelle . Majorelle Hills vous propose des studios et des appartements modernes, avec une finition trés haut standing, et des espaces conçus pour un mode de vie raffiné. Architecture contemporaine Matériaux premiu...",https://www.mubawab-media.com/ad/8/268/263F/h/Image2_81586214_81590600.avif,16,2026-09-30
8268261,Appartement à vendre à Majorelle. Surface totale 61 m²,https://www.mubawab.ma/fr/pa/8268261/appartement-%C3%A0-vendre-%C3%A0-majorelle-surface-totale-61-m%C2%B2,Vente,Studio,Marrakech,Guéliz,1 098 000 DH,1098000,61m²,61,,2 Chambres,1 Salle de bain,,"Majorelle Hills – Nouveau projet exceptionnel signé a Groupe Alhouda . Découvrez une résidence qui réunit l'élégance,le confort et la tranquillité, idéalement située à seulement 5 minutes à Gueliz 2 minutes à les jardins de majorelle . Majorelle Hills vous propose des studios et des appartements modernes, avec une finition trés haut standing, et des espaces conçus pour un mode de vie raffiné. Architecture contemporaine Matériaux premiu...",https://www.mubawab-media.com/ad/8/268/261F/h/Image2_81586214_81590569.avif,16,2026-09-30
8348087,Joli studio meublé à vendre,https://www.mubawab.ma/fr/a/8348087/joli-studio-meubl%C3%A9-%C3%A0-vendre,Vente,Studio,Marrakech,Autre / Centre,1 100 000 DH,1100000,45m²,45,2 Pièces,1 Ch.,1 Salle de bain,"Ascenseur, Meublé, Sécurité","KARIM IMMO SUD vous propose un joli studio meublé à vendre d'une superficie de 45m2 dans une résidence sécurisée , situé au 1er étage avec ascenseur. (Frais d'agence 2,5 %)",https://www.mubawab-media.com/ad/8/348/087F/h/photo_0_82443719.avif,22,2026-09-30
8425056,Studio 50 m² Avec Terrasse Au Cœur De Victor Hugo,https://www.mubawab.ma/fr/a/8425056/studio-50-m%C2%B2-avec-terrasse-au-c%C5%93ur-de-victor-hugo,Vente,Studio,Marrakech,Victor Hugo,1 100 000 DH,1100000,50m²,50,2 Pièces,1 Ch.,2 Salles de bains,"Terrasse, Garage, Ascenseur, Concierge, Meublé, Façade extérieure, Salon européen, Climatisation, Sécurité, Cuisine équipée, Réfrigérateur, Four, Machine à laver","Le 25 Immobilier vous propose à la vente ce charmant studio de 50 m², idéalement situé dans le quartier recherché de Victor Hugo à Marrakech. Le studio se compose d’un salon lumineux, d’une chambre confortable, d’une cuisine américaine ouverte sur le séjour, d’une salle de bain, d’une salle d’eau ainsi que d’une agréable terrasse offrant un espace extérieur appréciable. Bénéficiant d’un emplacement privilégié, le bien se trouve à proximité immé...",https://www.mubawab-media.com/ad/8/425/056F/h/A4_83324979.avif,10,2026-09-30
8235411,Studio avec terrasse a Vendre jardin de l'Atlas,https://www.mubawab.ma/fr/a/8235411/studio-avec-terrasse-a-vendre-jardin-de-l-atlas,Vente,Studio,Marrakech,Autre / Centre,1 100 000 DH,1100000,75m²,75,2 Pièces,1 Ch.,1 Salle de bain,"Terrasse, Garage, Piscine, Concierge, Meublé, Antenne parabolique, Cheminée, Climatisation, Cuisine équipée, Réfrigérateur, Four","Description : Votre agence immobilière InMarrakech à le plaisir de vous proposer de découvrir au 1e étage cet appartement avec terrasse offrant une vue sur un vaste champ d’olivier comprenant salon avec la terrasse ,cuisine , chambre avec salle de bain et toilette réception située à seulement 10 km du centre de Marrakech au sein d’une résidence prestigieuse et paisible idéale pour profiter d’un cadre de vie exceptionnel. Atouts exceptionnels inc...",https://www.mubawab-media.com/ad/8/235/411F/h/162383ee-5105-4a94-af13-59b8296f943a_81235453.avif,20,2026-09-30
8336518,Studio haut de gamme Grand Hivernage,https://www.mubawab.ma/fr/a/8336518/studio-haut-de-gamme-grand-hivernage,Vente,Studio,Marrakech,Hivernage,1 104 000 DH,1104000,41m²,41,2 Pièces,1 Ch.,1 Salle de bain,"Terrasse, Garage, Ascenseur, Vue sur les montagnes, Piscine, Chambre rangement, Façade extérieure, Salon européen, Climatisation, Sécurité, Cuisine équipée, Four","Voici un superbe studio de 41 m², situé au sein du prestigieux programme neuf EMERAUDE 3 – M Avenue, une résidence moderne alliant confort, sécurité et fort potentiel d’investissement. Un programme immobilier d’exception Résidence de 5 étages composée de 142 appartements, du studio au 2 chambres, conçus avec des prestations de qualité et livrés clé en main. Prestations & équipements premium • Rooftop aménagé avec piscine • Résidenc...",https://www.mubawab-media.com/ad/8/336/518F/h/WhatsApp%20Image%202026-04-21%20at%2012.27.32_82315087.avif,7,2026-09-30
8302899,Charmant Studio Meublé Au Cœur De Guéliz,https://www.mubawab.ma/fr/a/8302899/charmant-studio-meubl%C3%A9-au-c%C5%93ur-de-gu%C3%A9liz,Vente,Studio,Marrakech,Guéliz,1 120 000 DH,1120000,35m²,35,2 Pièces,1 Ch.,1 Salle de bain,"Ascenseur, Concierge, Meublé, Climatisation","Le 25 Immobilier vous propose un joli studio de 35 m² idéalement situé au cœur de Guéliz, à proximité immédiate de tous les grands axes du quartier et du centre-ville. Ce studio se compose d’un espace de vie lumineux avec cuisine américaine ouverte, intelligemment agencé pour optimiser chaque mètre carré. Il est vendu entièrement meublé avec un mobilier de qualité, offrant un cadre moderne, confortable et prêt à vivre. Une opportunité idéa...",https://www.mubawab-media.com/ad/8/302/899F/h/CA7_81962373.avif,8,2026-09-30
8411832,Élégant Studio Meublé À Vendre,https://www.mubawab.ma/fr/a/8411832/%C3%A9l%C3%A9gant-studio-meubl%C3%A9-%C3%A0-vendre,Vente,Studio,Marrakech,Guéliz,1 130 000 DH,1130000,45m²,45,2 Pièces,1 Ch.,1 Salle de bain,"Terrasse, Ascenseur, Meublé, Façade extérieure, Salon Marocain, Salon européen, Climatisation, Cuisine équipée, Réfrigérateur, Four, Machine à laver, Micro-ondes","Très bel appartement studio meublé de 45 m² à vendre, idéal pour un investissement locatif ou un projet Airbnb. Situé à proximité de l’ancien Hôpital Militaire à Guéliz, dans un emplacement recherché et stratégique, ce bien offre un cadre pratique, confortable et parfaitement adapté à la location courte ou longue durée. Il se compose d’un grand salon convivial, d’une cuisine américaine entièrement équipée, d’une chambre à coucher confortable e...",https://www.mubawab-media.com/ad/8/411/832F/h/ZA4_83179732.avif,7,2026-09-30
8389768,Studio en vente à Guéliz. 1 chambre. Terrasse et ascenseur,https://www.mubawab.ma/fr/a/8389768/studio-en-vente-%C3%A0-gu%C3%A9liz-1-chambre-terrasse-et-ascenseur,Vente,Studio,Marrakech,Guéliz,1 150 000 DH,1150000,49m²,49,2 Pièces,1 Ch.,1 Salle de bain,"Terrasse, Ascenseur, Façade extérieure, Cuisine équipée","Cet studio moderne à vendre est idéalement situé dans le quartier prisé de Guéliz, à Marrakech. Offrant une superficie de 49 m², il est situé au deuxième étage d'un immeuble récent avec ascenseur. La propriété, âgée de seulement 1 à 5 ans, présente des finitions soignées avec un sol en marbre élégant dans le salon et la cuisine, tandis que la chambre est revêtue de parquet, ajoutant une touche chaleureuse et sophistiquée. L'appartement comprend...",https://www.mubawab-media.com/ad/8/389/768F/h/photo_0_82939430.avif,9,2026-09-21
8407658,Nouveau studio à vendre – Guéliz / Majorelle – Marrakech,https://www.mubawab.ma/fr/a/8407658/nouveau-studio-%C3%A0-vendre-%E2%80%93-gu%C3%A9liz-majorelle-%E2%80%93-marrakech,Vente,Studio,Marrakech,Guéliz,1 150 000 DH,1150000,49m²,49,2 Pièces,1 Ch.,1 Salle de bain,"Terrasse, Ascenseur","NOUVEAU STUDIO À VENDRE – GUÉLIZ / MAJORELLE – MARRAKECH Idéalement situé entre le Guéliz central et les Jardins Majorelle, dans un quartier recherché. Caractéristiques: * Salon * Cuisine ouverte * 1 chambre avec terrasse * 1 salle de bain * Superficie: 49 m² * 2ème étage avec ascenseur * Petite construction avec seulement 25 appartements * Pas de parking Prix demandé final: MAD 1,150,000 Frais d'agence: 2.5% hors TVA AGENCE MAGHREB PROPERT...",https://www.mubawab-media.com/ad/8/407/658F/h/photo_00_83132780.avif,8,2026-09-30
8389988,Appartement à vendre à Guéliz. 1 belle chambre. Meublé,https://www.mubawab.ma/fr/a/8389988/appartement-%C3%A0-vendre-%C3%A0-gu%C3%A9liz-1-belle-chambre-meubl%C3%A9,Vente,Studio,Marrakech,Guéliz,1 150 000 DH,1150000,59m²,59,2 Pièces,1 Ch.,1 Salle de bain,"Garage, Ascenseur, Concierge, Meublé, Climatisation, Sécurité, Cuisine équipée, Réfrigérateur, Four, Machine à laver, Micro-ondes","CH IMMOBILIER – Studio à Vendre Guéliz, Marrakech Découvrez ce magnifique studio de 59 m², situé dans une résidence moderne et sécurisée. Caractéristiques : * Superficie : 59 m² * Résidence avec ascenseur * Place de parking titrée * Idéal pour une résidence principale ou un investissement locatif Prix de vente : 1.150.000 DH CH IMMOBILIER – Contactez-nous dès maintenant pour plus d’informations ou pour organiser une visite. Ne manquez pa...",https://www.mubawab-media.com/ad/8/389/988F/h/photo_0_82941581.avif,10,2026-09-30
8416340,Studio à vendre au coeur de Guéliz,https://www.mubawab.ma/fr/a/8416340/studio-%C3%A0-vendre-au-coeur-de-gu%C3%A9liz,Vente,Studio,Marrakech,Guéliz,1 150 000 DH,1150000,56m²,56,5 Pièces,1 Ch.,2 Salles de bains,"Terrasse, Garage, Ascenseur, Concierge, Climatisation, Sécurité","Studio à vendre – À côté de l’Hôtel Ambassadeur Emplacement idéal, à proximité de l’Hôtel Ambassadeur. Superficie : 56 m² 1 chambre Salon Cuisine américaine Balcon Vue sur la rue 3ème étage Ascenseur Parking titré Prix :1150000 dh Pour plus d'informations et de photos, contactez-nous",https://www.mubawab-media.com/ad/8/416/340F/h/photo_00_83228202.avif,14,2026-09-30
8277544,Magnifique studio à vendre au Menara garden 1,https://www.mubawab.ma/fr/a/8277544/magnifique-studio-%C3%A0-vendre-au-menara-garden-1,Vente,Studio,Marrakech,Ménara,1 150 000 DH,1150000,49m²,49,2 Pièces,1 Ch.,1 Salle de bain,"Terrasse, Garage, Vue sur les montagnes, Piscine, Concierge, Façade extérieure, Salon européen, Climatisation, Sécurité, Double vitrage, Porte blindée, Cuisine équipée, Four",Magnifique appartement à vendre dans la résidence Menara garden proche de toute commodité L’appartement est composé d’une chambre salon cuisine équipée ouverte sur le salon un balcon. La résidence est sécurisée avec un piscine et parking souterrain en commun La superficie de l’appartement est de 49 m2 Prix : 1 150 000Dh,https://www.mubawab-media.com/ad/8/277/544F/h/photo_0_81690645.avif,12,2026-09-30
8374721,Opportunité rare à Guéliz – Studio idéal pour vivre ou inves...,https://www.mubawab.ma/fr/a/8374721/opportunit%C3%A9-rare-%C3%A0-gu%C3%A9liz-%E2%80%93-studio-id%C3%A9al-pour-vivre-ou-investir,Vente,Studio,Marrakech,Guéliz,1 160 000 DH,1160000,58m²,58,2 Pièces,1 Ch.,1 Salle de bain,"Garage, Ascenseur, Salon européen, Antenne parabolique, Cheminée, Climatisation, Chauffage central, Sécurité, Double vitrage, Porte blindée, Cuisine équipée, Réfrigérateur, Four, Machine à laver, Micro-ondes","️ Studio à vendre – En plein cœur de Guéliz Opportunité à saisir ! Découvrez ce charmant appartement de 58 m², idéalement situé en plein centre de Guéliz( côté Victor Hugo ) à 5 minutes du centre commercial Carre Eden Caractéristiques : * 1 chambre * 1 salon lumineux * 1 salle de bain * Cuisine fonctionnelle * Une place de parking ️ * Superficie : 58 m² Que vous recherchiez une résidence principale ou un excellent investissement locatif...",https://www.mubawab-media.com/ad/8/374/721F/h/photo_0_82772573.avif,11,2026-09-30
8339298,Excellent Appartement Studio en vente très moderne dans imme...,https://www.mubawab.ma/fr/a/8339298/excellent-appartement-studio-en-vente-tr%C3%A8s-moderne-dans-immeuble-neuf-au-centre-ville-gueliz,Vente,Studio,Marrakech,Guéliz,1 180 000 DH,1180000,49m²,49,2 Pièces,1 Ch.,1 Salle de bain,"Terrasse, Garage, Ascenseur, Concierge, Façade extérieure, Salon européen, Antenne parabolique, Climatisation, Chauffage central, Sécurité, Double vitrage, Porte blindée, Cuisine équipée, Réfrigérateur, Four, Micro-ondes","Très joli appartement studio neuf en vente contemporain dans un immeuble récemment construit au centre-ville Gueliz. L’appartement offre une chambre avec balcon et placard, salle de bainc, un salon et une cuisine entièrement équipé ouverte sur le salon. Climatisation centralisée et visiophone. Le tout dans un immeuble Chic et luxueux neuf récemment construit fait avec des matériaux de construction et de décoration de très haute qualité avec des...",https://www.mubawab-media.com/ad/8/339/298F/h/photo_0_82501974.avif,17,2026-09-30
8339219,Studios haut standing sur plan à Marrakech – Emplacement pre...,https://www.mubawab.ma/fr/a/8339219/studios-haut-standing-sur-plan-%C3%A0-marrakech-%E2%80%93-emplacement-premium-%C3%A0-gu%C3%A9liz-%EF%B8%8F,Vente,Studio,Marrakech,Guéliz,1 180 000 DH,1180000,31m²,31,2 Pièces,1 Ch.,1 Salle de bain,"Garage, Ascenseur","Studio moderne de 31 m² à vendre sur plan ️ au cœur de Marrakech Situé dans le quartier recherché de Guéliz ️, dans une résidence haut standing avec ascenseur, finitions premium et prestations de qualité À proximité de Carré Eden ️, des Jardins Majorelle et de Jemaa el-Fna Livraison prévue : Décembre 2026 Prix parking : 100 000 DHS Plan de financement : • 30% à la réservation • 30% à la fin des gros œuvres • 40% à la livraison (signatu...",https://www.mubawab-media.com/ad/8/339/219F/h/photo_00_82343938.avif,8,2026-09-30
8358415,Studio Moderne Meublé – Idéal Investissement,https://www.mubawab.ma/fr/a/8358415/studio-moderne-meubl%C3%A9-%E2%80%93-id%C3%A9al-investissement,Vente,Studio,Marrakech,Guéliz,1 180 000 DH,1180000,45m²,45,2 Pièces,1 Ch.,1 Salle de bain,"Terrasse, Ascenseur, Piscine, Concierge, Meublé, Salon européen, Climatisation, Sécurité, Cuisine équipée, Réfrigérateur, Four, Machine à laver, Micro-ondes","Investissement Premium : Studio à la Vente – Guéliz Localisation : Guéliz, face à la Gare de Marrakech. Superficie : 45 m². Étage : 3ème étage. Prestations : Résidence moderne et sécurisée. Piscine résidentielle. Emplacement stratégique à forte rentabilité locative. Prix total meuble : 1 180 000 DH",https://www.mubawab-media.com/ad/8/358/415F/h/Capture%20d%27%C3%A9cran%202026-06-03%20094851_82555904.avif,8,2026-09-30
8338102,Rare Studio 31m2 Coeur de Guéliz entre Carré Eden et Plaza,https://www.mubawab.ma/fr/a/8338102/rare-studio-31m2-coeur-de-gu%C3%A9liz-entre-carr%C3%A9-eden-et-plaza,Vente,Studio,Marrakech,Guéliz,1 180 000 DH,1180000,31m²,31,2 Pièces,1 Ch.,1 Salle de bain,"Garage, Ascenseur, Vue sur les montagnes, Concierge, Chambre rangement, Meublé, Façade extérieure, Salon européen, Cheminée, Climatisation, Chauffage central, Sécurité, Double vitrage, Porte blindée, Cuisine équipée, Réfrigérateur, Four, Machine à laver, Micro-ondes","RARE À GUÉLIZ – Studio sen façade, parking inclus, à 1 minute du Carré Eden À vendre, superbe studio neuf de 31 m², situé au 1ᵉ et dernier étage d’une résidence de très haut standing, en plein cœur de Guéliz, à seulement 1 minute à pied du Carré Eden, de Plaza et Café de la Poste Ce bien bénéficie d’un emplacement premium, à proximité immédiate des restaurants, cafés, commerces et principales adresses du centre-ville. Le studio offre un agence...",https://www.mubawab-media.com/ad/8/338/102F/h/04_salon_kitchenette_83078053.avif,8,2026-09-30
8268249,Vend appartement à Majorelle. 2 chambres,https://www.mubawab.ma/fr/pa/8268249/vend-appartement-%C3%A0-majorelle-2-chambres,Vente,Studio,Marrakech,Guéliz,1 197 000 DH,1197000,63m²,63,,2 Chambres,2 Salles de bains,,"Majorelle Hills – Nouveau projet exceptionnel signé a Groupe Alhouda . Découvrez une résidence qui réunit l'élégance,le confort et la tranquillité, idéalement située à seulement 5 minutes à Gueliz 2 minutes à les jardins de majorelle . Majorelle Hills vous propose des studios et des appartements modernes, avec une finition trés haut standing, et des espaces conçus pour un mode de vie raffiné. Architecture contemporaine Matériaux premiu...",https://www.mubawab-media.com/ad/8/268/249F/h/Image2_81586214_81590341.avif,16,2026-09-30
8332509,Studio à Victor Hugo à vendre,https://www.mubawab.ma/fr/a/8332509/studio-%C3%A0-victor-hugo-%C3%A0-vendre,Vente,Studio,Marrakech,Guéliz,1 200 000 DH,1200000,67m²,67,2 Pièces,1 Ch.,1 Salle de bain,"Garage, Ascenseur, Concierge, Façade extérieure, Antenne parabolique, Climatisation, Porte blindée","À vendre – Studio spacieux face à Victor Hugo, Gueliz Idéalement situé en plein cœur de Gueliz, en face de Victor Hugo, ce studio bénéficie d’un emplacement privilégié, proche de toutes les commodités, commerces et écoles. Situé au 1er étage d’un immeuble bien entretenu avec ascenseur, concierge et syndic, ce bien offre une surface généreuse de 67 m². Il se compose de : Un grand salon lumineux Une cuisine fonctionnelle avec petit balcon Une salle...",https://www.mubawab-media.com/ad/8/332/509F/h/photo_00_82290580.avif,6,2026-09-21
8367797,Appartement F2 résidence piscine,https://www.mubawab.ma/fr/a/8367797/appartement-f2-r%C3%A9sidence-piscine,Vente,Studio,Marrakech,Autre / Centre,1 200 000 DH,1200000,52m²,52,2 Pièces,1 Ch.,1 Salle de bain,"Terrasse, Garage, Ascenseur, Piscine, Concierge, Meublé, Salon Marocain, Climatisation, Sécurité, Cuisine équipée, Réfrigérateur, Four","Jemaa El Fna immobilier vous propose un joli appartement studio de 52 m², situé au troisième étage d’une résidence avec piscine et parking proche de M avenue. L’appartement se compose d’une chambre avec balcon, d’un salon spacieux, d’une cuisine ouverte et d’une salle de bain à l’italienne. Ce bien se distingue par sa propreté, sa rénovation récente et ses finitions de bonne qualité. Il est meublé avec des meubles de qualité, offrant un cadre...",https://www.mubawab-media.com/ad/8/367/797F/h/20260619_125458_82697598.avif,15,2026-09-30
8352107,Studio haut standing à vendre au cœur de guéliz,https://www.mubawab.ma/fr/a/8352107/studio-haut-standing-%C3%A0-vendre-au-c%C5%93ur-de-gu%C3%A9liz,Vente,Studio,Marrakech,Guéliz,1 200 000 DH,1200000,56m²,56,2 Pièces,1 Ch.,2 Salles de bains,"Terrasse, Garage, Ascenseur, Vue sur les montagnes, Concierge, Meublé, Façade extérieure, Salon européen, Antenne parabolique, Climatisation, Chauffage central, Sécurité, Double vitrage, Porte blindée, Cuisine équipée, Réfrigérateur, Four, Machine à laver, Micro-ondes","Marrakech Expert Immo vous propose ce superbe studio de 56 m², idéalement situé au centre de Guéliz, l’un des quartiers les plus recherchés et dynamiques de Marrakech. À proximité immédiate des commerces, restaurants, cafés et toutes les commodités, ce bien constitue une excellente opportunité pour une résidence principale, un pied-à-terre ou un investissement locatif à forte rentabilité. Ce studio parfaitement agencé comprend une chambre spac...",https://www.mubawab-media.com/ad/8/352/107F/h/WhatsApp%20Image%202026-05-14%20at%2017.08.24%20%281%29_82486849.avif,20,2026-09-30
8378227,Studio a vendre 49m2 de la gare 3min,https://www.mubawab.ma/fr/a/8378227/studio-a-vendre-49m2-de-la-gare-3min,Vente,Studio,Marrakech,Autre / Centre,1 200 000 DH,1200000,49m²,49,2 Pièces,1 Ch.,1 Salle de bain,"Jardin, Terrasse, Ascenseur, Vue sur les montagnes, Piscine, Concierge, Chambre rangement, Façade extérieure, Salon européen, Climatisation, Double vitrage, Porte blindée, Four","JB AGENCY VOUS PROPOSE. EN VENTE : UN STUDIO 1 CHAMBRE AU 4 EME ETAGE RESIDENCE AVEC PISCINE seulement a 3min de la gare surface : 49m2 sans vis a vis ascenseur a disposition Résidence équipée avec parc de jeu pour les enfants Emplacement en développement ( rue al moukaouama ) Disponibilité immédiat titre disponible prix : 1 200 000 dhs frais d'agence: 2,5% ht",https://www.mubawab-media.com/ad/8/378/227F/h/WhatsApp%20Image%202026-07-07%20at%2015.20.18%20%281%29_82813126.avif,15,2026-09-30
8387121,Appartement à vendre à Camp Al Ghoul. Petite surface 56 m²...,https://www.mubawab.ma/fr/a/8387121/appartement-%C3%A0-vendre-%C3%A0-camp-al-ghoul-petite-surface-56-m%C2%B2-pas-d-ascenseur-grande-terrasse,Vente,Studio,Marrakech,Guéliz,1 200 000 DH,1200000,56m²,56,2 Pièces,1 Ch.,2 Salles de bains,"Terrasse, Garage, Ascenseur, Climatisation, Sécurité","À VENDRE - Studio à Gueliz Situé au cœur de Gueliz, dans une résidence sécurisée. Caractéristiques: • Salon lumineux • 1 chambre principale • Toilettes pour invités • Cuisine ouverte • Terrasse connectée au salon • Taille: 56 m² • 3ème étage avec ascenseur • Parking souterrain Prix de vente: 1 200 000 MAD Frais d'agence: 2,5% HT AGENCE MAGHREB PROPERTIES Ventes & Locations à Long Terme",https://www.mubawab-media.com/ad/8/387/121F/h/photo_00_82910206.avif,8,2026-09-30
8392075,Studio 52 m² Vue Piscine – Guéliz,https://www.mubawab.ma/fr/a/8392075/studio-52-m%C2%B2-vue-piscine-%E2%80%93-gu%C3%A9liz,Vente,Studio,Marrakech,Guéliz,1 200 000 DH,1200000,52m²,52,2 Pièces,1 Ch.,1 Salle de bain,"Terrasse, Garage, Ascenseur, Piscine, Chambre rangement, Sécurité, Double vitrage, Four","À vendre, magnifique studio de 52 m² situé au 2ᵉ étage d'une résidence de standing à Marrakech. L'appartement bénéficie d'une vue sur la piscine et dispose d'un balcon-terrasse accessible depuis le salon, offrant un agréable espace extérieur. Caractéristiques : Studio de 52 m² 2ᵉ étage Vue piscine Balcon-terrasse Parking titré en sous-sol Salle de sport Kids Club Résidence sécurisée Ascenseur Prix : 1 200 000 DH (ferme) Liv...",https://www.mubawab-media.com/ad/8/392/075F/h/2786bc50-7f50-4077-aea7-aa817aa23c61_82980709.avif,2,2026-09-30
8368313,Studio haut standing de 45 m² à Guéliz,https://www.mubawab.ma/fr/a/8368313/studio-haut-standing-de-45-m%C2%B2-%C3%A0-gu%C3%A9liz,Vente,Studio,Marrakech,Guéliz,1 200 000 DH,1200000,45m²,45,2 Pièces,1 Ch.,1 Salle de bain,"Ascenseur, Chambre rangement, Meublé, Climatisation, Sécurité, Double vitrage, Porte blindée, Réfrigérateur, Four, Machine à laver, Micro-ondes","Studio de 45 m² à vendre à Guéliz, Avenue Al Mouqaouama. Situé au 1er étage d’une résidence récente avec ascenseur. Il se compose d’un salon, une chambre, une cuisine et une salle de bain. Studio presque neuf, entièrement meublé avec des meubles haut standing. Emplacement recherché, proche de toutes commodités. Idéal pour habitation ou investissement locatif. Sans parking",https://www.mubawab-media.com/ad/8/368/313F/h/WhatsApp%20Image%202026-06-18%20at%2012.33.18%20%285%29_82702098.avif,24,2026-09-30
8357108,Studio à Geuliz top pour rbnb,https://www.mubawab.ma/fr/a/8357108/studio-%C3%A0-geuliz-top-pour-rbnb,Vente,Studio,Marrakech,Autre / Centre,1 210 000 DH,1210000,56m²,56,2 Pièces,1 Ch.,2 Salles de bains,"Terrasse, Garage, Ascenseur, Concierge, Meublé, Salon européen, Sécurité, Cuisine équipée, Réfrigérateur, Four, Machine à laver, Micro-ondes",Studio avec une grande terrasse Top pour rbnb Ensoleillé tout le matin,https://www.mubawab-media.com/ad/8/357/108F/h/IMG_6220_82540185.avif,14,2026-09-30
8226205,Studio meubler,https://www.mubawab.ma/fr/a/8226205/studio-meubler,Vente,Studio,Marrakech,Autre / Centre,1 220 000 DH,1220000,51m²,51,2 Pièces,1 Ch.,1 Salle de bain,"Terrasse, Garage, Ascenseur, Piscine, Concierge, Meublé, Salon européen, Antenne parabolique, Climatisation, Sécurité, Cuisine équipée, Réfrigérateur, Four, Machine à laver",Un élégant studio a vendre meubler jamais habiter au 2 ème ètage d’une superficie de 51 métre a 200 mètres de la gare du train dans une résidence sécurisé 24/24 avec piscine et parking sous sol idéal pour investissement locatif. NB :les intermédiaires s’abstenir,https://www.mubawab-media.com/ad/8/226/205F/h/485EAA3E-A116-4C16-8BB4-85A96AE17AF7_81135937.avif,10,2026-09-30
8358790,Excellent Appartement Studio 1 chambre salon contemporain av...,https://www.mubawab.ma/fr/a/8358790/excellent-appartement-studio-1-chambre-salon-contemporain-avec-piscine-collective-au-centre-ville-gueliz,Vente,Studio,Marrakech,Guéliz,1 223 000 DH,1223000,73m²,73,2 Pièces,1 Ch.,1 Salle de bain,"Jardin, Terrasse, Garage, Ascenseur, Piscine, Concierge, Façade extérieure, Salon européen, Antenne parabolique, Climatisation, Chauffage central, Sécurité, Double vitrage, Porte blindée, Cuisine équipée, Réfrigérateur, Four, Machine à laver, Micro-ondes","Magnifique projet d’appartements Studios à Gueliz (centre-ville), appartements studio de 69 m2 et 73 m2 en disponibilité. L’appartement studio vous offre une chambre avec salle de bain dressing, salon, toilette d’invités séjour salle a manger cuisine moderne bien équipée. Le tout dans une résidence très agréable avec piscine collective, salle de sport, et une touche de finition contemporaine qui vous permet de sentir l’élégance de l’architectur...",https://www.mubawab-media.com/ad/8/358/790F/h/photo_0_82559782.avif,12,2026-09-30
8338909,Appartement a vendre centre de gueliz avec piscine,https://www.mubawab.ma/fr/a/8338909/appartement-a-vendre-centre-de-gueliz-avec-piscine,Vente,Studio,Marrakech,Guéliz,1 230 000 DH,1230000,54m²,54,2 Pièces,1 Ch.,1 Salle de bain,"Garage, Ascenseur, Piscine, Concierge, Chambre rangement, Meublé, Salon Marocain, Salon européen, Antenne parabolique, Sécurité, Cuisine équipée, Réfrigérateur, Four, Machine à laver","À vendre Superbe studio 54 m² Résidence avec piscine À saisir rapidement Je mets en vente un beau studio de 54 m2 idéalement situé dans une résidence calme, sécurisée et avec piscine Atouts du bien : Studio très lumineux et bien ensoleillé Résidence avec piscine et bon voisinage Emplacement recherché, à proximité du centre commercial Carré Eden Shopping Center Parfait pour habitation ou investissement locatif rentable",https://www.mubawab-media.com/ad/8/338/909F/h/1000079329_82340885.avif,9,2026-09-30
8407830,Beau studio a la vente a gueliz résidence avec piscine,https://www.mubawab.ma/fr/a/8407830/beau-studio-a-la-vente-a-gueliz-r%C3%A9sidence-avec-piscine,Vente,Studio,Marrakech,Guéliz,1 250 000 DH,1250000,51m²,51,2 Pièces,1 Ch.,1 Salle de bain,"Terrasse, Garage, Ascenseur, Piscine, Concierge, Meublé, Façade extérieure, Salon européen, Climatisation, Sécurité, Cuisine équipée","Cet appartement à vendre est idéalement situé dans le quartier prisé de Guéliz à Marrakech. Offrant une superficie de 51 m², ce bien propose un cadre de vie confortable et moderne. Le salon européen spacieux est agrémenté de sols élégants, et la cuisine est entièrement équipée, idéale pour les amateurs de cuisine. La propriété dispose d'une chambre lumineuse et d'une salle de bains bien aménagée. La terrasse, qui s'étend le long de l'appartement...",https://www.mubawab-media.com/ad/8/407/830F/h/photo_0_83133587.avif,9,2026-09-30
8359675,"Studio de luxe, Chrifia, rez, avec jardin privatif",https://www.mubawab.ma/fr/a/8359675/studio-de-luxe-chrifia-rez-avec-jardin-privatif,Vente,Studio,Marrakech,Chrifia,1 250 000 DH,1250000,50m²,50,2 Pièces,1 Ch.,1 Salle de bain,"Jardin, Terrasse, Vue sur les montagnes, Concierge, Façade extérieure, Salon européen, Cuisine équipée","STUDIO DE LUXE EN REZ-DE-JARDIN AVEC JARDIN PRIVATIF & VUE JARDIN – ATLAS VIEW RESORT MARRAKECH. Opportunité rare à saisir ! PROJET ATLAS VIEW RESORT À vendre par reprise de réservation, livraison fin 2026 . Ce bien bénéficie d’un emplacement privilégié dans la Tranche 3, aujourd’hui entièrement commercialisée. Il s’agit donc d’une des dernières opportunités d’acquérir un appartement dans cette phase du projet avant sa livraison prévue en sep...",https://www.mubawab-media.com/ad/8/359/675F/h/WhatsApp%20Image%202026-06-15%20at%2016.17.19_82677146.avif,21,2026-09-30
8422083,Studio à vendre avec piscine – Route de Casablanca,https://www.mubawab.ma/fr/a/8422083/studio-%C3%A0-vendre-avec-piscine-%E2%80%93-route-de-casablanca,Vente,Studio,Marrakech,Route de Casablanca,1 250 000 DH,1250000,70m²,70,2 Pièces,1 Ch.,2 Salles de bains,"Terrasse, Garage, Ascenseur, Piscine, Concierge, Meublé, Sécurité","Le 25 Immobilier vous propose à la vente ce magnifique studio non meublé de 70 m², idéalement situé sur l’axe Route de Casablanca, dans un environnement calme, au sein d’une résidence fermée et sécurisée avec piscine. Offrant un cadre de vie moderne et confortable, ce bien constitue une excellente opportunité pour une résidence principale ou un investissement locatif. Le studio se compose d’un salon lumineux ouvrant sur une grande terrasse, d’un...",https://www.mubawab-media.com/ad/8/422/083F/h/Z2.jpg_83291893.avif,8,2026-09-30
8420106,Studio meublè à vendre Plein centre Guéliz carré éden,https://www.mubawab.ma/fr/a/8420106/studio-meubl%C3%A8-%C3%A0-vendre-plein-centre-gu%C3%A9liz-carr%C3%A9-%C3%A9den,Vente,Studio,Marrakech,Guéliz,1 250 000 DH,1250000,40m²,40,2 Pièces,1 Ch.,1 Salle de bain,Meublé,"Découvrez ce studio entièrement meublé, idéalement situé à seulement 2 minutes du Centre Commercial Carré Eden, au cœur de Guéliz, l’un des secteurs les plus recherchés de Marrakech. Grâce à son emplacement stratégique, à proximité des commerces, restaurants, cafés et principales commodités, ce bien offre un excellent potentiel locatif, aussi bien en location longue durée qu’en location courte durée, sous réserve de la réglementation applicable...",https://www.mubawab-media.com/ad/8/420/106F/h/photo_00_83270169.avif,6,2026-09-30
8349887,VENTE – Studio vide 54 m² – Guéliz,https://www.mubawab.ma/fr/a/8349887/vente-%E2%80%93-studio-vide-54-m%C2%B2-%E2%80%93-gu%C3%A9liz,Vente,Studio,Marrakech,Guéliz,1 250 000 DH,1250000,54m²,54,1 Pièce,1 Ch.,1 Salle de bain,"Concierge, Meublé, Sécurité, Cuisine équipée","VENTE Studio – Gueliz, Marrakech Studio meublé à vendre dans le quartier prisé de Gueliz. Disponible début juillet. Détails du bien : • Superficie : 54 m² • 1 chambre à coucher • 1 grand salon • 1 salle de bain • vendu vide Prix 1 250 000 dhs 2,5 % HT honoraires d'agence . Emplacement central, proche de toutes les commodités : commerces, transports, restaurants et cafés",https://www.mubawab-media.com/ad/8/349/887F/h/thumb_47605_property_large_82463425.avif,9,2026-09-30
8383283,Vente Appartement à guéliz,https://www.mubawab.ma/fr/a/8383283/vente-appartement-%C3%A0-gu%C3%A9liz,Vente,Studio,Marrakech,Guéliz,1 250 000 DH,1250000,45m²,45,2 Pièces,1 Ch.,1 Salle de bain,"Ascenseur, Meublé, Sécurité","Studio Meublé à Neuf de 45 m² – Emplacement Stratégique proche Résidence Da Vinci, Marrakech Saisissez une excellente opportunité d'investissement locatif (longue durée ou Airbnb) ou offrez-vous un pied-à-terre idéal à Marrakech ! Découvrez ce magnifique studio de 45 m², entièrement meublé et équipé avec du mobilier et du matériel totalement neufs. Situé au 1er étage d’une résidence moderne, calme et hautement sécurisée avec ascenseur, ce bien...",https://www.mubawab-media.com/ad/8/383/283F/h/2b516fb8f216cc2b98f5_82868913.avif,10,2026-09-30
8357979,Studio T2 Meublé gueliiz clé en mais,https://www.mubawab.ma/fr/a/8357979/studio-t2-meubl%C3%A9-gueliiz-cl%C3%A9-en-mais,Vente,Studio,Marrakech,Autre / Centre,1 250 000 DH,1250000,81m²,81,2 Pièces,1 Ch.,1 Salle de bain,"Piscine, Meublé, Sécurité, Cuisine équipée","Studio Meublé à Deux Pas de la Gare – Idéal Investissement Airbnb Les tailleurs de l’immobilier vous proposent ce magnifique studio meublé de 35 m², idéalement situé tout près de la gare, dans une résidence avec piscine. Caractéristiques : 1 chambre confortable Studio entièrement meublé et prêt à habiter Superficie : 35 m² Résidence sécurisée avec piscine Emplacement stratégique proche des transports, commerces et commodités ...",https://www.mubawab-media.com/ad/8/357/979F/h/WhatsApp%20Image%202026-06-02%20at%2013.17.15_82551583.avif,13,2026-09-30
8344558,Beau studio a vendre dons un excellent emplacement,https://www.mubawab.ma/fr/a/8344558/beau-studio-a-vendre-dons-un-excellent-emplacement,Vente,Studio,Marrakech,Guéliz,1 250 000 DH,1250000,60m²,60,3 Pièces,1 Ch.,1 Salle de bain,"Terrasse, Garage, Ascenseur, Concierge, Meublé, Antenne parabolique, Sécurité, Double vitrage, Porte blindée, Cuisine équipée, Réfrigérateur, Four, Machine à laver, Micro-ondes",appartement avec une chambre .un salon et une cuisine plus salle de bain et parking sous sou sol de 12 m en face de la gare de train Gueliz Marrakech,https://www.mubawab-media.com/ad/8/344/558F/h/WhatsApp%20Image%202026-04-04%20at%201.48.59%20PM_82403281.avif,12,2026-09-30
8267474,Appartement lumineux,https://www.mubawab.ma/fr/a/8267474/appartement-lumineux,Vente,Studio,Marrakech,Guéliz,1 250 000 DH,1250000,127m²,127,7 Pièces,2 Chambres,1 Salle de bain,"Terrasse, Vue sur les montagnes","A Vendre Appartement lumineux de 127 m² au 2ème étage avec vue sur l’Atlas à 2,6 km de la gare de Marrakech, 3 km du centre Hivernage/Guéliz et 5,5 km de la place Jemaa El Fna. Projet : Vous pouvez aussi le partager en 2 studios de 60m² Plan d'aménagement en cours Composition : - 2 chambres (possibilité 3) - 2 salons - 1 cuisine - Terrasse/balcon - Salle de bain Prix : 1 250 000 Dhs * Négociable* Frais A.A. : 2,5% Pour plus de r...",https://www.mubawab-media.com/ad/8/267/474F/h/Appt%20gare_81582285.avif,18,2026-09-30
8268247,Appartement à l'achat à Majorelle. Surface totale 66 m²,https://www.mubawab.ma/fr/pa/8268247/appartement-%C3%A0-l-achat-%C3%A0-majorelle-surface-totale-66-m%C2%B2,Vente,Studio,Marrakech,Guéliz,1 254 000 DH,1254000,66m²,66,,2 Chambres,2 Salles de bains,,"Majorelle Hills – Nouveau projet exceptionnel signé a Groupe Alhouda . Découvrez une résidence qui réunit l'élégance,le confort et la tranquillité, idéalement située à seulement 5 minutes à Gueliz 2 minutes à les jardins de majorelle . Majorelle Hills vous propose des studios et des appartements modernes, avec une finition trés haut standing, et des espaces conçus pour un mode de vie raffiné. Architecture contemporaine Matériaux premiu...",https://www.mubawab-media.com/ad/8/268/247F/h/Image2_81586214_81590313.avif,16,2026-09-30
8363530,"Centre Gueliz, studios en phase de finition livrables dans 2...",https://www.mubawab.ma/fr/a/8363530/centre-gueliz-studios-en-phase-de-finition-livrables-dans-2-mois-avec-piscine-collective-place-de-parking-dans-la-r%C3%A9sidence,Vente,Studio,Marrakech,Guéliz,1 265 000 DH,1265000,46m²,46,2 Pièces,1 Ch.,1 Salle de bain,"Terrasse, Garage, Ascenseur, Piscine, Salon européen, Climatisation, Chauffage central, Cuisine équipée","Très beau projet en phase de finition au centre-ville Gueliz très intéressant, residence avec ascenseur piscine collective à deux pas du centre commercial carré Eden et plaza Marrakech. Le studio contient : 1 chambre 1 salon 1 terrasse Salle de bain Cuisine équipée",https://www.mubawab-media.com/ad/8/363/530F/h/photo_0_83257580.avif,16,2026-09-30
8223786,Superbe studio F2 meublé en plein centre,https://www.mubawab.ma/fr/a/8223786/superbe-studio-f2-meubl%C3%A9-en-plein-centre,Vente,Studio,Marrakech,Autre / Centre,1 300 000 DH,1300000,43m²,43,2 Pièces,1 Ch.,1 Salle de bain,"Jardin, Terrasse, Garage, Ascenseur, Piscine, Concierge, Meublé, Façade extérieure, Salon européen, Antenne parabolique, Cheminée, Climatisation, Chauffage central, Sécurité, Double vitrage, Cuisine équipée, Réfrigérateur, Four, Machine à laver, Micro-ondes","À vendre – Superbe studio F2 meublé en plein centre-ville avec piscine & parking titré Découvrez ce joli appartement de 47 m², situé au 2ème étage d’une résidence sécurisée avec piscine collective. Il est entièrement meublé et rénové avec goût, offrant un cadre moderne et confortable. Caractéristiques : • Superficie : 47 m² • Balcon privatif • Parking titré au sous-sol • Résidence avec piscine & sécurité • Appartement titré • Idéal pour ha...",https://www.mubawab-media.com/ad/8/223/786F/h/IMG_3595_82221806.avif,24,2026-09-30
8363830,Apartment to purchase in Hivernage. 2 rooms. Furnishings,https://www.mubawab.ma/fr/a/8363830/apartment-to-purchase-in-hivernage-2-rooms-furnishings,Vente,Studio,Marrakech,Hivernage,1 300 000 DH,1300000,50m²,50,2 Pièces,1 Ch.,1 Salle de bain,"Terrasse, Garage, Ascenseur, Piscine, Meublé, Climatisation, Sécurité","STUDIO À VENDRE – À 3 MINUTES DE M AVENUE Emplacement premium 2ᵉ étage avec ascenseur Résidence sécurisée avec piscine Caractéristiques : Salon lumineux 1 chambre avec terrasse Cuisine américaine 1 salle de bain Superficie : 50 m² Parking en sous-sol Vendu meublé moderne Prix de vente : 1 300 000 DH (Négociable) Frais d’agence : 2,5 % HT",https://www.mubawab-media.com/ad/8/363/830F/h/photo_0_82652301.avif,8,2026-09-30
8106411,studio à vendre à MARRAKECH. Surface de 54 m²,https://www.mubawab.ma/fr/pa/8106411/studio-%C3%A0-vendre-%C3%A0-marrakech-surface-de-54-m%C2%B2,Vente,Studio,Marrakech,Autre / Centre,1 300 000 DH,1300000,54m²,54,2 Pièces,1 Ch.,2 Salles de bains,"Jardin, Terrasse, Garage, Ascenseur, Piscine, Concierge, Meublé, Façade extérieure, Salon Marocain, Salon européen, Antenne parabolique, Climatisation, Sécurité, Double vitrage, Cuisine équipée, Four","Palm Avenue – L’adresse du raffinement à Marrakech Découvrez Palm Avenue, une résidence d’exception où luxe, élégance et sérénité redéfinissent l’art de vivre. Conçue pour ceux qui recherchent l’excellence, cette adresse prestigieuse allie modernité et tradition dans un cadre d’exception. Les résidents bénéficient de services de qualité supérieure, incluant un spa et hammam pour un moment de détente absolue, une aire de jeux pour les plus j...",https://www.mubawab-media.com/ad/8/106/411F/h/COTE%20PISCINE_79887862_79908820.avif,9,2026-09-30
8355910,Studios & Appartements à vendre avec piscine,https://www.mubawab.ma/fr/a/8355910/studios-appartements-%C3%A0-vendre-avec-piscine,Vente,Studio,Marrakech,Médina,1 300 000 DH,1300000,58m²,58,1 Pièce,1 Ch.,1 Salle de bain,"Jardin, Terrasse, Garage, Ascenseur, Vue sur les montagnes, Piscine, Concierge, Salon Marocain, Salon européen, Antenne parabolique, Climatisation, Sécurité, Double vitrage, Cuisine équipée, Réfrigérateur, Four, Machine à laver","A 3min de Morrocco mall & 10min de la Médina , nous commercialisons un projet Havre de Paix et Unique par ses prestations de finition, son Complexe Culturel,ses Loisirs (terrains de padel & tennis , Cinema ,l'accès à son Hôtel & ses Commodités. Finitions de haute standing avec du marbre au sol , bois de noyer ,Isolation thermique & phonique & Climatisation centralisée, PLACES DE PARKING TITRES offerts à tous les studios & appartements Superfici...",https://www.mubawab-media.com/ad/8/355/910F/h/psad3_82527801.avif,14,2026-09-30
8415383,Studio meublé à vendre à coté de carré eden,https://www.mubawab.ma/fr/a/8415383/studio-meubl%C3%A9-%C3%A0-vendre-%C3%A0-cot%C3%A9-de-carr%C3%A9-eden,Vente,Studio,Marrakech,Guéliz,1 300 000 DH,1300000,40m²,40,2 Pièces,1 Ch.,1 Salle de bain,"Garage, Ascenseur, Concierge, Meublé, Salon Marocain, Salon européen, Climatisation, Sécurité, Cuisine équipée, Réfrigérateur, Four, Machine à laver",MAHA PREMIUM a le plaisir de proposer à la vente : Un magnifique studio en plein centre Gueliz à deux pas de Caré Eden Marrakech Cette propriété spacieuse est située dans une résidence et sécurisée avec ascenseur et garage Caractéristiques et Spécifications Clés : * Surface du studio: 40m² * Avantages : Bénéficie d'un bel ensoleillement. * Prestations Premium : Comprend la climatisation centrale Description Complète : La stud...,https://www.mubawab-media.com/ad/8/415/383F/h/20260909_130826_83217510.avif,8,2026-09-30
8401126,"Deux studios modernes à vendre – Hivernage, Marrakech",https://www.mubawab.ma/fr/a/8401126/deux-studios-modernes-%C3%A0-vendre-%E2%80%93-hivernage-marrakech,Vente,Studio,Marrakech,Guéliz,1 300 000 DH,1300000,50m²,50,2 Pièces,1 Ch.,1 Salle de bain,"Terrasse, Garage, Ascenseur, Concierge, Meublé, Façade extérieure, Salon européen, Antenne parabolique, Climatisation, Chauffage central, Sécurité, Cuisine équipée, Réfrigérateur, Four, Machine à laver, Micro-ondes","Découvrez deux magnifiques studios modernes idéalement situés dans le quartier prisé de l’Hivernage à Marrakech, à proximité de Guéliz. Chaque studio offre une superficie d’environ 50 m² et bénéficie d’un aménagement moderne, élégant et entièrement pensé pour assurer confort et fonctionnalité. Les deux studios sont meublés et prêts à habiter. Vous pouvez choisir celui qui correspond le mieux à vos goûts et à vos besoins. Résidence moderne et sécu...",https://www.mubawab-media.com/ad/8/401/126F/h/photo_0_83062926.avif,22,2026-09-30
8342175,Bel appartement à vendre à Guéliz. Superficie 43 m²,https://www.mubawab.ma/fr/a/8342175/bel-appartement-%C3%A0-vendre-%C3%A0-gu%C3%A9liz-superficie-43-m%C2%B2,Vente,Studio,Marrakech,Guéliz,1 300 000 DH,1300000,43m²,43,2 Pièces,1 Ch.,1 Salle de bain,,"Studio à vendre – Centre Guéliz, Marrakech Situé en plein cœur de Guéliz, ce studio offre un emplacement stratégique proche de toutes les commodités (cafés, restaurants, commerces…). Caractéristiques : • Superficie : 43 m² • Étage : 2ème étage • 1 salle de bain • Studio fonctionnel et bien situé Idéal pour investissement locatif ou pied-à-terre au centre de Marrakech. Conditions : • Frais d’agence : 2,5 %",https://www.mubawab-media.com/ad/8/342/175F/h/photo_00_82376845.avif,7,2026-09-30
8142268,Beau studio à vendre meublé à Guéliz,https://www.mubawab.ma/fr/a/8142268/beau-studio-%C3%A0-vendre-meubl%C3%A9-%C3%A0-gu%C3%A9liz,Vente,Studio,Marrakech,Guéliz,1 300 000 DH,1300000,61m²,61,2 Pièces,1 Ch.,1 Salle de bain,"Garage, Ascenseur, Concierge, Meublé, Sécurité","Un beau studio Meublé est à la vente à Guéliz D'une superficie de 61 m² ,et au 5éme étage dans une résidence sécurisée avec ascenseur et un parking collectif •Idéal pour résidence principale ou investissement locatif Prix : 1 300 000 DHS Emplacement stratégique, proche des commerces, restaurants et commodités",https://www.mubawab-media.com/ad/8/142/268F/h/d216fb0d-b143-49e8-a4d8-72d413632901_80271127.avif,10,2026-09-30
8246493,Studio à Vendre à Guéliz,https://www.mubawab.ma/fr/a/8246493/studio-%C3%A0-vendre-%C3%A0-gu%C3%A9liz,Vente,Studio,Marrakech,Guéliz,1 320 000 DH,1320000,49m²,49,2 Pièces,1 Ch.,1 Salle de bain,"Terrasse, Garage, Ascenseur, Climatisation, Cuisine équipée","Élégance et confort au cœur de Guéliz, à quelques pas du Carré Eden Découvrez ce superbe studio de 49 m² situé à Guéliz, l’un des quartiers les plus recherchés de Marrakech. À seulement quelques minutes du Carré Eden et des principales commodités, ce bien offre un cadre de vie agréable, moderne et parfaitement adapté à la vie urbaine. Niché au deuxième étage d’un immeuble sécurisé avec ascenseur et parking, le studio bénéficie d’une conception fo...",https://www.mubawab-media.com/ad/8/246/493F/h/IMG_1001_81350055.avif,21,2026-09-30
8371002,Studios haut f2 standing à vendre – marrakech,https://www.mubawab.ma/fr/a/8371002/studios-haut-f2-standing-%C3%A0-vendre-%E2%80%93-marrakech,Vente,Studio,Marrakech,Autre / Centre,1 337 500 DH,1337500,45m²,45,2 Pièces,1 Ch.,1 Salle de bain,"Jardin, Terrasse, Garage, Ascenseur, Piscine, Concierge, Chambre rangement, Façade extérieure, Antenne parabolique, Climatisation, Chauffage central, Sécurité, Double vitrage, Porte blindée, Cuisine équipée, Four",Marrakech Global Invest vous propose une opportunité rare d'acquérir un studio haut standing au sein d'une résidence sécurisée située en plein centre de Marrakech. Caractéristiques du projet : Résidence moderne et sécurisée 24h/24 Caméras de surveillance Ascenseur moderne Espaces verts aménagés Excellente orientation et luminosité naturelle Finitions de qualité Idéal pour habitation principale ou investissement locatif Emplacement stratégique S...,https://www.mubawab-media.com/ad/8/371/002F/h/photo_0_82848223.avif,2,2026-09-30
8341776,Magnifique studio à vendre – en plein guéliz,https://www.mubawab.ma/fr/a/8341776/magnifique-studio-%C3%A0-vendre-%E2%80%93-en-plein-gu%C3%A9liz,Vente,Studio,Marrakech,Guéliz,1 339 000 DH,1339000,57m²,57,2 Pièces,1 Ch.,1 Salle de bain,"Jardin, Terrasse, Garage, Ascenseur, Concierge, Climatisation, Chauffage central, Sécurité","Isitué en plein cœur de Gueliz, à seulement quelques pas 10 m du Carré Eden, ce superbe appartement 2 pièces bénéficie d’un emplacement premium, proche de toutes les commodités, restaurants, cafés et commerces. Situé au 2ᵉ étage d’un immeuble moderne et de standing, ce bien de 57 m² offre un cadre de vie confortable et lumineux. Composition : 1 chambre Salon Cuisine Salle de bain Terrasse / cour privative Les atouts du bien : Emplacement recher...",https://www.mubawab-media.com/ad/8/341/776F/h/IMG_4108_82518877.avif,7,2026-09-30
8422983,Appartement à vendre 49 m² à Gueliz,https://www.mubawab.ma/fr/a/8422983/appartement-%C3%A0-vendre-49-m%C2%B2-%C3%A0-gueliz,Vente,Studio,Marrakech,Guéliz,1 350 000 DH,1350000,49m²,49,2 Pièces,1 Ch.,1 Salle de bain,"Ascenseur, Concierge, Meublé, Façade extérieure, Salon européen, Antenne parabolique, Climatisation, Chauffage central, Sécurité, Porte blindée, Cuisine équipée, Réfrigérateur, Four, Machine à laver, Micro-ondes","Je vends un appartement de type studio à Guéliz, Marrakech, en bon état et disponible immédiatement. - Surface habitable et totale : 49 m² - Ascenseur - Meublé - Climatisation - Chauffage - Cuisine équipée - Câblage téléphonique - Sécurité - Concierge - Haut standing Pour plus d'informations, contactez-moi si vous êtes intéressé",https://www.mubawab-media.com/ad/8/422/983F/h/PHOTO-2026-05-12-12-33-25_5_83302206.avif,12,2026-09-30
8378902,Majorelle avenue studios fonctionnels avec rooftop,https://www.mubawab.ma/fr/a/8378902/majorelle-avenue-studios-fonctionnels-avec-rooftop,Vente,Studio,Marrakech,Majorelle,1 350 000 DH,1350000,50m²,50,2 Pièces,1 Ch.,1 Salle de bain,"Terrasse, Garage, Ascenseur, Piscine, Concierge, Façade extérieure, Antenne parabolique, Climatisation, Sécurité, Double vitrage, Porte blindée, Cuisine équipée, Four","Une résidence d’exception située sur l’Avenue Moulay Abdellah, au cœur d’un emplacement stratégique, pensée pour offrir un art de vivre unique et un investissement d’avenir. Composée de 5 étages exclusivement dédiés à des studios élégants et parfaitement optimisés, avec balcons privatifs et superficies allant de 50 m² à 68 m². Le projet bénéficie de 3 niveaux de parking avec système Monte-Voiture, alliant innovation, confort et sécurité. Son roof...",https://www.mubawab-media.com/ad/8/378/902F/h/photo_0_82821428.avif,17,2026-09-30
8374697,"Appartement à Vendre de 49.0 m² à Marrakech, Hivernage",https://www.mubawab.ma/fr/a/8374697/appartement-%C3%A0-vendre-de-49-0-m%C2%B2-%C3%A0-marrakech-hivernage,Vente,Studio,Marrakech,Hivernage,1 350 000 DH,1350000,49m²,49,3 Pièces,1 Ch.,2 Salles de bains,"Garage, Ascenseur","À vendre, studio de 49 m² situé dans le quartier prisé de Hivernage à Marrakech. Ce bien au 5ème étage comprend une chambre et deux salles de bain, offrant un confort optimal. Idéal pour un investissement ou un pied-à-terre. Prix : 1 350 000 Dhs",https://www.mubawab-media.com/ad/8/374/697F/h/image_728453042_82771678.avif,14,2026-09-30
8312348,Studio Neuf 43m2 Prestigia Argan Golf Marrakech,https://www.mubawab.ma/fr/a/8312348/studio-neuf-43m2-prestigia-argan-golf-marrakech,Vente,Studio,Marrakech,Prestigia,1 350 000 DH,1350000,43m²,43,2 Pièces,1 Ch.,1 Salle de bain,"Jardin, Terrasse, Piscine, Cuisine équipée","À vendre – Studio 43 m² Prestigia Argan Golf, Marrakech Studio situé dans la résidence Prestigia Argan Golf, dans un environnement calme et sécurisé. Description du bien : • Superficie : 45 m² • Salon avec accès terrasse • Cuisine équipée • Chambre avec rangements et accès terrasse • Salle de bain moderne • Terrasse avec vue dégagée Atouts de la résidence : • Résidence de standing avec piscines et e...",https://www.mubawab-media.com/ad/8/312/348F/h/b47dd262-eebd-4b9c-8380-198d58d266c1_82066977.avif,11,2026-09-30
8265648,Studio moderne a vendre BV M5,https://www.mubawab.ma/fr/a/8265648/studio-moderne-a-vendre-bv-m5,Vente,Studio,Marrakech,Autre / Centre,1 350 000 DH,1350000,48m²,48,2 Pièces,1 Ch.,1 Salle de bain,"Meublé, Cuisine équipée","Découvrez ce charmant studio de 48 m², idéalement situé sur le Boulevard Mohammed V, dans un emplacement recherché au cœur de la ville. Ce bien au design esprit loft offre : Une chambre cosy Un salon lumineux Une salle de bain moderne Un espace optimisé, parfait pour une personne seule ou un couple Résidence calme et bien entretenue Un excellent choix pour ceux qui recherchent confort, modernité et proximité de toutes les com...",https://www.mubawab-media.com/ad/8/265/648F/h/WhatsApp%20Image%202025-12-03%20at%2015.00.28%20%282%29_81559385.avif,9,2026-09-30
8268257,Superbe appartement à vendre à Majorelle. Surface de 76 m²,https://www.mubawab.ma/fr/pa/8268257/superbe-appartement-%C3%A0-vendre-%C3%A0-majorelle-surface-de-76-m%C2%B2,Vente,Studio,Marrakech,Guéliz,1 368 000 DH,1368000,76m²,76,,2 Chambres,1 Salle de bain,,"Majorelle Hills – Nouveau projet exceptionnel signé a Groupe Alhouda . Découvrez une résidence qui réunit l'élégance,le confort et la tranquillité, idéalement située à seulement 5 minutes à Gueliz 2 minutes à les jardins de majorelle . Majorelle Hills vous propose des studios et des appartements modernes, avec une finition trés haut standing, et des espaces conçus pour un mode de vie raffiné. Architecture contemporaine Matériaux premiu...",https://www.mubawab-media.com/ad/8/268/257F/h/Image2_81586214_81590480.avif,16,2026-09-30
7569889,Studios Neufs A Vendre Le Vrai Centre de Gueliz,https://www.mubawab.ma/fr/a/7569889/studios-neufs-a-vendre-le-vrai-centre-de-gueliz,Vente,Studio,Marrakech,Guéliz,1 377 000 DH,1377000,51m²,51,2 Pièces,1 Ch.,1 Salle de bain,"Terrasse, Garage, Ascenseur, Piscine, Concierge, Salon Marocain, Salon européen, Antenne parabolique, Climatisation, Sécurité, Double vitrage, Cuisine équipée, Four","Dans un immeuble neuf livrable avec titres fonciers disponibles, nous vendons un studio, ensoleillé et situé au 3er étage. Composés d'un salon, une chambre à coucher, une salle de bain et une cuisine équipée américaine. Avec ou sans Terasse. Immeuble avec 2 piscines, Salle de sport, Spa, Hammam. Prix m2 :27000dh avec place de garage titrée comprise Superficielles de 49m2 à 60m2. Nb: Nous demandons des informations sur votre profil et un...",https://www.mubawab-media.com/ad/7/569/889F/h/Screenshot_2025-06-22-11-22-16-916_com.whatsapp.w4b-edit_80517692.avif,9,2026-09-30
8344035,Studio meublé à vendre – Route de Casablanca – Résidence ave...,https://www.mubawab.ma/fr/a/8344035/studio-meubl%C3%A9-%C3%A0-vendre-%E2%80%93-route-de-casablanca-%E2%80%93-r%C3%A9sidence-avec-piscine-%E2%80%93-marrakech,Vente,Studio,Marrakech,Route de Casablanca,1 378 000 DH,1378000,60m²,60,2 Pièces,1 Ch.,1 Salle de bain,"Jardin, Terrasse, Garage, Ascenseur, Piscine, Concierge, Meublé, Façade extérieure, Salon Marocain, Antenne parabolique, Climatisation, Sécurité, Double vitrage, Porte blindée, Cuisine équipée, Réfrigérateur, Four, Machine à laver, Micro-ondes","L’agence Pics Atlas vous propose un studio meublé à vendre situé sur la Route de Casablanca à Marrakech. Ce bien moderne, sans vis-à-vis, offre un excellent cadre de vie dans une résidence sécurisée avec piscine. Idéal pour un investissement locatif (Airbnb / Booking) ou pour un pied-à-terre à Marrakech. Caractéristiques principales • Localisation : Route de Casablanca – Marrakech • Superficie : 60 m² • Terrasse : 13 m² • Résidence : R3 séc...",https://www.mubawab-media.com/ad/8/344/035F/h/1_82397215.avif,30,2026-09-30
8263151,Vend Studio à Guéliz. Superficie 64 m²,https://www.mubawab.ma/fr/pa/8263151/vend-studio-%C3%A0-gu%C3%A9liz-superficie-64-m%C2%B2,Vente,Studio,Marrakech,Guéliz,1 380 000 DH,1380000,64m²,64,2 Pièces,1 Ch.,1 Salle de bain,"Ascenseur, Cuisine équipée","Situé au cœur du nouveau quartier Guéliz, le projet Alcazar Living est un ensemble résidentiel en cours de construction, bénéficiant d’un emplacement stratégique à 4 minutes de la gare ferroviaire et à 6 minutes de Carré Eden. Pensé pour offrir un cadre de vie moderne et raffiné, Alcazar Living se distingue par une finition haut standing et des matériaux de qualité supérieure. La livraison du projet est prévue pour fin 2026. Le programme pr...",https://www.mubawab-media.com/ad/8/263/151F/h/IMG-20251127-WA0056_81530142_81530198.avif,15,2026-09-30
8135044,"Appartement à Vendre de 84.0 m² à Marrakech, Gueliz",https://www.mubawab.ma/fr/a/8135044/appartement-%C3%A0-vendre-de-84-0-m%C2%B2-%C3%A0-marrakech-gueliz,Vente,Studio,Marrakech,Guéliz,1 380 000 DH,1380000,84m²,84,2 Pièces,1 Ch.,2 Salles de bains,"Garage, Ascenseur","À vendre, dans le quartier animé de Gueliz à Marrakech, charmant studio de 80 m² situé au 2ème étage d'un immeuble de 5 étages. Ce bien lumineux dispose d'une chambre, d'une salle de bain et profite de deux façades. Idéal pour investissement ou résidence principale. Prix : 1 380 000 Dhs",https://www.mubawab-media.com/ad/8/135/044F/h/image_752918212_80200156.avif,7,2026-09-30
8370831,Studio à vendre route de casa,https://www.mubawab.ma/fr/a/8370831/studio-%C3%A0-vendre-route-de-casa,Vente,Studio,Marrakech,Autre / Centre,1 400 000 DH,1400000,60m²,60,2 Pièces,1 Ch.,1 Salle de bain,"Terrasse, Garage, Ascenseur, Vue sur les montagnes, Piscine, Concierge, Meublé, Façade extérieure, Salon européen, Antenne parabolique, Climatisation, Chauffage central, Sécurité, Double vitrage, Porte blindée, Cuisine équipée, Réfrigérateur, Four, Machine à laver, Micro-ondes",Résidence Pearl garden Route de Casa face à l'hotel Wazo Appartement 1 chambre 60m2 terrasse 13m2 Clim centralisé Cuisine équipée Vendu meublée Parking titré Ascenseur Résidence sécurisée 24/24 Avec piscine Top location saisonnière,https://www.mubawab-media.com/ad/8/370/831F/h/photo_00_82729825.avif,12,2026-09-21
8417773,Vente Appartement à route de casablanca,https://www.mubawab.ma/fr/a/8417773/vente-appartement-%C3%A0-route-de-casablanca,Vente,Studio,Marrakech,Route de Casablanca,1 400 000 DH,1400000,59m²,59,2 Pièces,1 Ch.,,"Terrasse, Garage, Ascenseur, Piscine, Meublé, Sécurité, Cuisine équipée, Réfrigérateur, Machine à laver","À vendre, bel appartement studio situé sur la Route de Casablanca à Marrakech, au sein d’une résidence sécurisée, calme et parfaitement entretenue, disposant d’une grande piscine. Situé au 3ᵉ étage avec ascenseur, l’appartement bénéficie d’un grand balcon sans vis-à-vis, offrant un espace extérieur agréable et préservé. L’appartement se compose de : Une chambre à coucher Un salon confortable Une cuisine équipée Une salle de bain Un grand balco...",https://www.mubawab-media.com/ad/8/417/773F/h/8742cc0e94dedbbe38b2_83244262.avif,12,2026-09-30
8424536,Studio à guiliz à vendre,https://www.mubawab.ma/fr/a/8424536/studio-%C3%A0-guiliz-%C3%A0-vendre,Vente,Studio,Marrakech,Guéliz,1 400 000 DH,1400000,64m²,64,2 Pièces,1 Ch.,1 Salle de bain,"Terrasse, Ascenseur, Piscine, Concierge, Façade extérieure, Salon Marocain, Antenne parabolique, Climatisation, Porte blindée, Cuisine équipée, Réfrigérateur, Four, Machine à laver, Micro-ondes","Situé dans le quartier prisé de Guéliz à Marrakech, cet appartement offre une opportunité unique d'acquérir un espace de vie confortable et moderne. Bénéficiant d'une superficie de 64 m², il se trouve au deuxième étage d'un immeuble doté d'un ascenseur, garantissant un accès facile et pratique. La propriété est composée d'une chambre spacieuse et lumineuse qui s'ouvre sur une terrasse, offrant une orientation au nord propice à un éclairage natur...",https://www.mubawab-media.com/ad/8/424/536F/h/photo_00_83318912.avif,12,2026-09-30
8421944,Studio De Prestige À La Route De Casa,https://www.mubawab.ma/fr/a/8421944/studio-de-prestige-%C3%A0-la-route-de-casa,Vente,Studio,Marrakech,Autre / Centre,1 400 000 DH,1400000,73m²,73,2 Pièces,1 Ch.,1 Salle de bain,"Jardin, Terrasse, Garage, Ascenseur, Piscine, Concierge, Meublé, Façade extérieure, Climatisation, Sécurité, Cuisine équipée, Réfrigérateur, Four, Machine à laver, Micro-ondes","Le 25 Immobilier vous présentes À la vente ce charmant studio de 60 m², agrémenté d’une terrasse de 13 m², offrant une superficie totale de 73 m². Situé dans une résidence fermée sur la route de Casa, ce bien immobilier bénéficie d’un emplacement idéal, alliant tranquillité et proximité des commodités. La résidence se distingue par ses finitions de haute qualité et propose des infrastructures agréables, telles qu’une piscine et des espaces verts...",https://www.mubawab-media.com/ad/8/421/944F/h/1.jpg__3__83290327.avif,11,2026-09-30
8421635,Studio 82m2 Gare de Gueliz,https://www.mubawab.ma/fr/a/8421635/studio-82m2-gare-de-gueliz,Vente,Studio,Marrakech,Guéliz,1 400 000 DH,1400000,82m²,82,2 Pièces,1 Ch.,1 Salle de bain,"Terrasse, Garage, Ascenseur, Chambre rangement, Meublé, Salon européen, Climatisation, Sécurité, Cuisine équipée, Réfrigérateur, Four, Machine à laver, Micro-ondes","Studio 82 m² refait à neuf À vendre Guéliz – Gare Emplacement recherché, à proximité immédiate de la gare de Guéliz, au niveau du restaurant Ferkouss, avec commerces, restaurants, cafés et toutes les commodités à proximité. Studio entièrement refait à neuf, moderne, lumineux et composé d’une chambre. 82 m² ️ 1 chambre Place de parking incluse Locataire déjà en place avec un loyer. Prix de vente : 1 350 000 DH",https://www.mubawab-media.com/ad/8/421/635F/h/photo_00_83286897.avif,16,2026-09-30
8344515,Magnifique studio de 60 m² à vendre à Marrakech,https://www.mubawab.ma/fr/a/8344515/magnifique-studio-de-60-m%C2%B2-%C3%A0-vendre-%C3%A0-marrakech,Vente,Studio,Marrakech,Autre / Centre,1 400 000 DH,1400000,60m²,60,2 Pièces,1 Ch.,1 Salle de bain,"Terrasse, Garage, Ascenseur, Piscine, Concierge, Meublé, Façade extérieure, Salon européen, Climatisation, Sécurité, Cuisine équipée, Réfrigérateur, Four, Machine à laver, Micro-ondes","Magnifique studio de 60 m² à vendre à Marrakech Découvrez ce studio de 60 m², situé au troisième et dernier étage d'une résidence sécurisée. Ce bien est proposé à la vente entièrement meublé, incluant tout l'équipement nécessaire, de la vaisselle au linge de maison. Idéalement agencé, il dispose d'une chambre, d'une salle de bain ainsi qu'un vaste balcon et une terrasse de 13 m² sans vis-à-vis, offrant un espace extérieur privilégié. La résidenc...",https://www.mubawab-media.com/ad/8/344/515F/h/WhatsApp%20Image%202026-05-05%20at%2009.57.04%20%283%29_82402476.avif,18,2026-09-30
8412016,"Studio à vendre vide Route de casa, Marrakech",https://www.mubawab.ma/fr/a/8412016/studio-%C3%A0-vendre-vide-route-de-casa-marrakech,Vente,Studio,Marrakech,Route de Casablanca,1 400 000 DH,1400000,61m²,61,2 Pièces,1 Ch.,1 Salle de bain,"Terrasse, Garage, Ascenseur, Concierge, Façade extérieure, Climatisation, Sécurité, Four","À vendre, bel appartement titré de 61 m², situé sur la Route de Casablanca-Marrakech, au 4ᵉ étage d’une résidence sécurisée et bien entretenue avec 2 ascenseurs, gardien et syndic. L’appartement est vendu vide et climatisé et se compose d’une chambre, d’un salon, d’une cuisine, d’une salle de bain et d’une terrasse. Il dispose également d’une place de parking/garage. Idéal pour habitation ou investissement locatif, ce bien bénéficie d’un em...",https://www.mubawab-media.com/ad/8/412/016F/h/AVV-1112__5__83179282.avif,7,2026-09-30
8369314,Studio à vendre avec Balcon sur Gueliz,https://www.mubawab.ma/fr/a/8369314/studio-%C3%A0-vendre-avec-balcon-sur-gueliz,Vente,Studio,Marrakech,Guéliz,1 400 000 DH,1400000,56m²,56,2 Pièces,1 Ch.,1 Salle de bain,"Terrasse, Garage, Ascenseur, Concierge, Meublé, Façade extérieure, Antenne parabolique, Climatisation, Sécurité, Cuisine équipée, Réfrigérateur, Four, Machine à laver, Micro-ondes","Situé dans l’un des quartiers les plus recherchés de Marrakech, ce Studio de 56 m² offre un cadre de vie agréable et un excellent investissement il est à proximité de toutes commodités : commerces, restaurants, cafés et super Marché. Ce studio qui se trouve en 3ème étage se compose : d'une chambre avec placard, un salon spacieux avec coin salle à manger, cuisine équipée, salle de bain et un grand Balcon. le studio est climatisée. L'immeuble et s...",https://www.mubawab-media.com/ad/8/369/314F/h/80ef09d6-15b3-4ca4-b315-b9a0501ce94f_82713394.avif,11,2026-09-30
8349709,"Studio Avec Cour Privative à Gueliz, Carré Eden",https://www.mubawab.ma/fr/a/8349709/studio-avec-cour-privative-%C3%A0-gueliz-carr%C3%A9-eden,Vente,Studio,Marrakech,Guéliz,1 450 000 DH,1450000,69m²,69,2 Pièces,1 Ch.,1 Salle de bain,"Jardin, Terrasse, Concierge, Salon européen, Climatisation, Cuisine équipée","Le 25 Immobilier vous propose ce charmant studio neuf de 40 m² bénéficiant en plus d’une magnifique cour privative de 29 m², idéalement situé au cœur de Guéliz, à deux pas du Carré Eden, dans l’un des quartiers les plus prisés et dynamiques de Marrakech. Son emplacement stratégique permet de profiter pleinement de la vie urbaine tout en restant dans un environnement agréable et recherché. Ce bien se distingue avant tout par son incroyable es...",https://www.mubawab-media.com/ad/8/349/709F/h/01.jpg_82461298.avif,7,2026-09-30
8414629,Appartement en vente à Hay Al Hassani. Surface de 70 m²,https://www.mubawab.ma/fr/pa/8414629/appartement-en-vente-%C3%A0-hay-al-hassani-surface-de-70-m%C2%B2,Vente,Studio,Marrakech,Semlalia,1 475 000 DH,1475000,70m²,70,,1 Ch.,1 Salle de bain,,"Situé dans le quartier Semlalia à Marrakech, Palma Rossa est un programme immobilier neuf de 62 appartements, actuellement en construction, avec une livraison prévue au 31 décembre 2027. Le projet propose des typologies variées, du studio à l'appartement 3 chambres, avec des surfaces allant de 44 à 181 m², permettant de répondre aussi bien aux jeunes actifs qu'aux familles en quête d'espace. Les appartements sont livrés avec un parking titr...",https://www.mubawab-media.com/ad/8/414/629F/h/Photo_fictive_facade_Palma_Rossa_83209300_83209303.avif,1,2026-09-30
8413445,À Vendre – Studio Neuf 64 m² avec Parking au Cœur de Victor...,https://www.mubawab.ma/fr/a/8413445/%C3%A0-vendre-%E2%80%93-studio-neuf-64-m%C2%B2-avec-parking-au-c%C5%93ur-de-victor-hugo,Vente,Studio,Marrakech,Victor Hugo,1 480 000 DH,1480000,64m²,64,2 Pièces,1 Ch.,1 Salle de bain,"Terrasse, Garage, Ascenseur","À VENDRE – STUDIO NEUF VIDE DE 64 M² À VICTOR HUGO Dans une résidence neuve et moderne, idéalement située au cœur du quartier Victor Hugo, découvrez ce bel appartement de 64 m², offrant confort, fonctionnalité et proximité de toutes les commodités. Le bien se compose de : * ️ 1 chambre * ️ 1 salon lumineux * 1 salle de bain * ️ 1 cuisine * 1 place de parking au sein du parking collectif de la résidence * Belle Terrasse Prix de vente : 1...",https://www.mubawab-media.com/ad/8/413/445F/h/photo_0_83195827.avif,11,2026-09-30
8221844,"Studio à vendre Carré Eden, Gueliz",https://www.mubawab.ma/fr/a/8221844/studio-%C3%A0-vendre-carr%C3%A9-eden-gueliz,Vente,Studio,Marrakech,Guéliz,1 480 000 DH,1480000,50m²,50,2 Pièces,1 Ch.,1 Salle de bain,"Terrasse, Garage, Ascenseur, Vue sur les montagnes, Concierge, Meublé, Salon européen, Climatisation, Sécurité, Double vitrage, Cuisine équipée, Réfrigérateur, Four, Machine à laver, Micro-ondes","Studio à vendre – Carré Eden, Gueliz Superficie: 50 m² Balcon offrant une belle vue Résidence récente avec ascenseur Concierge 24h/24 Vendu mueble et cuisine équipée Fort potentiel locatif avec taux d’occupation élevé Place de parking trité include",https://www.mubawab-media.com/ad/8/221/844F/h/IMG_4068_81089539.avif,8,2026-09-30
8096346,"Appartement à Vendre de 52.0 m² à Marrakech, Gueliz",https://www.mubawab.ma/fr/a/8096346/appartement-%C3%A0-vendre-de-52-0-m%C2%B2-%C3%A0-marrakech-gueliz,Vente,Studio,Marrakech,Guéliz,1 490 000 DH,1490000,52m²,52,3 Pièces,1 Ch.,2 Salles de bains,"Jardin, Garage, Ascenseur, Meublé","À vendre, superbe studio de 52 m² situé au 5ème étage dans le quartier prisé de Gueliz à Marrakech. Cet appartement lumineux comprend une chambre et une salle de bain. Idéal pour un investissement ou un premier achat. Prix : 1 490 000 Dhs. Ne manquez pas cette opportunité unique !",https://www.mubawab-media.com/ad/8/096/346F/h/image_262138767_79811042.avif,8,2026-09-30
8260378,"PALM SOFIA Appartement à vendre 74 m², 2 chambres Guéliz Mar...",https://www.mubawab.ma/fr/a/8260378/palm-sofia-appartement-%C3%A0-vendre-74-m%C2%B2-2-chambres-gu%C3%A9liz-marrakech,Vente,Studio,Marrakech,Guéliz,1 498 070 DH,1498070,74m²,74,,2 Chambres,1 Salle de bain,"Terrasse, Garage, Ascenseur, Climatisation","Palm Sofia – Programme neuf premium à Guéliz, Marrakech Livraison août 2026 Biens disponibles Studios, appartements et penthouses : 31–73 m² terrasses Commerces : 21 / 62 / 67 m² Points forts : Résidence neuve haut standing au centre de Guéliz Architecture moderne avec façades vitrées Luminosité optimale grâce aux baies vitrées panoramiques Terrasses agréables avec vues dégagées Qualité des finitions : - Cuisines équipées - Marques reco...",https://www.mubawab-media.com/ad/8/260/378F/h/annonce-agenz-20251121T151341946Z-facade_81492482.avif,18,2026-09-30
8413738,Studio en vente à Hivernage. 1 belle chambre. Bien meublé,https://www.mubawab.ma/fr/a/8413738/studio-en-vente-%C3%A0-hivernage-1-belle-chambre-bien-meubl%C3%A9,Vente,Studio,Marrakech,Hivernage,1 500 000 DH,1500000,56m²,56,2 Pièces,1 Ch.,1 Salle de bain,"Garage, Ascenseur, Piscine, Concierge, Meublé, Salon européen, Climatisation, Sécurité, Porte blindée, Cuisine équipée","Cet studio moderne est situé dans le quartier prestigieux de L’Hivernage, à Marrakech, dans la région de Marrakech-Safi. Avec une superficie de 56 m², il se trouve au cinquième étage d'un immeuble de standing équipé d'un ascenseur et dispose d'un service de conciergerie. La construction de l'immeuble date de 5 à 10 ans, ce qui garantit une architecture moderne et bien conçue. Le salon européen spacieux est lumineux et bénéficie de la climatisati...",https://www.mubawab-media.com/ad/8/413/738F/h/photo_00_83199698.avif,15,2026-09-30
8417553,Le Studio Idéal Pour Vivre Ou Investir,https://www.mubawab.ma/fr/a/8417553/le-studio-id%C3%A9al-pour-vivre-ou-investir,Vente,Studio,Marrakech,Guéliz,1 550 000 DH,1550000,47m²,47,2 Pièces,1 Ch.,1 Salle de bain,"Terrasse, Garage, Ascenseur, Concierge, Meublé, Salon européen, Antenne parabolique, Climatisation, Chauffage central, Cuisine équipée","Le 25 Immobilier vous propose à la vente ce magnifique studio de 47 m², idéalement situé au centre de Guéliz, à proximité immédiate de toutes les commodités. Son emplacement est un véritable atout : à quelques pas des restaurants, des malls et de la gare ferroviaire. L’intérieur est tout aussi séduisant, avec un mobilier de bonne qualité, moderne et pratique. Dès l’entrée, vous serez charmé par son élégance et son agencement soigné. L’espace d...",https://www.mubawab-media.com/ad/8/417/553F/h/W1_83242026.avif,9,2026-09-30
8353322,Studio meublé à vendre Guéliz Marrakech,https://www.mubawab.ma/fr/a/8353322/studio-meubl%C3%A9-%C3%A0-vendre-gu%C3%A9liz-marrakech,Vente,Studio,Marrakech,Guéliz,1 550 000 DH,1550000,49m²,49,2 Pièces,1 Ch.,1 Salle de bain,"Ascenseur, Vue sur les montagnes, Concierge, Chambre rangement, Meublé, Façade extérieure, Salon Marocain, Antenne parabolique, Climatisation, Sécurité, Double vitrage, Porte blindée, Cuisine équipée, Réfrigérateur, Four, Machine à laver, Micro-ondes","Idéalement situé au cœur de Guéliz, au-dessus de La Mignardise, ce magnifique studio meublé offre un cadre de vie moderne, élégant et confortable dans l’un des quartiers les plus recherchés de Marrakech. D’une superficie de 49 m², ce bien séduit par son agencement optimisé, ses finitions soignées et son mobilier raffiné, offrant un espace de vie à la fois fonctionnel et chaleureux. Parfait pour une résidence principale, un pied-à-terre ou un in...",https://www.mubawab-media.com/ad/8/353/322F/h/a583b4e8-c75e-4407-92aa-7f7ceafc7253_82499502.avif,13,2026-09-30
8413439,Studio spacieux à gueliz,https://www.mubawab.ma/fr/a/8413439/studio-spacieux-%C3%A0-gueliz,Vente,Studio,Marrakech,Guéliz,1 556 000 DH,1556000,52m²,52,2 Pièces,1 Ch.,1 Salle de bain,"Terrasse, Ascenseur, Piscine","Kotimmo vous offre un studio à vendre à Marrakech, situé dans le quartier animé de Guéliz, offre un cadre de vie moderne et confortable. Avec une surface totale de 52 m², ce bien prêt à accueillir ses nouveaux propriétaires. L'intérieur se compose d'une chambre et d'une salle de bain, cuisine, salon et balcon. idéal pour un couple ou une personne seule cherchant à s'installer dans une zone dynamique de la ville. la résidence est équipée d'une pi...",https://www.mubawab-media.com/ad/8/413/439F/h/95562_83195696.avif,9,2026-09-30
8414881,"Excellente opportunité d investissement locatif, Studio meub...",https://www.mubawab.ma/fr/a/8414881/excellente-opportunit%C3%A9-d-investissement-locatif-studio-meubl%C3%A9-et-d%C3%A9ja-lou%C3%A9-au-sein-de-la-r%C3%A9sidence-jad-prestigia-front-golf-marrakech-a-la-vente,Vente,Studio,Marrakech,Prestigia,1 600 000 DH,1600000,41m²,41,,,,"Jardin, Ascenseur, Piscine, Meublé, Climatisation, Sécurité","Studio entièrement meublé et décoré au sein de la résidence Jad Prestigia, adossée au golf de Marrakech. Le bien est déjà loué 8.000 DH/mois, offrant à l'investisseur un revenu locatif immédiat dès l'acquisition. Résidence sécurisée avec piscine, espaces verts paysagers et prestations haut de gamme — un emplacement recherché portant une forte demande locative : Résidence sécurisée avec piscine et jardins Emplacement golf front, Marrakech Bien l...",https://www.mubawab-media.com/ad/8/414/881F/h/9_83212266.avif,13,2026-09-30
8291253,Studio investissement a vendre,https://www.mubawab.ma/fr/a/8291253/studio-investissement-a-vendre,Vente,Studio,Marrakech,Autre / Centre,1 600 000 DH,1600000,54m²,54,2 Pièces,1 Ch.,1 Salle de bain,"Garage, Ascenseur, Piscine, Concierge, Meublé, Salon européen, Climatisation, Sécurité, Cuisine équipée, Réfrigérateur, Four, Machine à laver, Micro-ondes","Style Lifestyle & Airbnb (Séduisant et moderne) Coup de cœur assuré – Studio Lumineux au 5ème étage avec piscine Vous cherchez le pied-à-terre idéal ou un investissement locatif qui tourne tout seul ? Ce studio de 54 m² a tout pour plaire : Vendu entièrement meublé et équipé (décoration moderne). Perché au 5ème étage : Calme, lumière naturelle et vue dégagée. Vie de quartier parfaite : Tout est accessible à pied (commerces, cafés, banques)...",https://www.mubawab-media.com/ad/8/291/253F/h/IMG_2422_81835543.avif,18,2026-09-30
8268251,Vend appartement à Majorelle. Superficie 86 m²,https://www.mubawab.ma/fr/pa/8268251/vend-appartement-%C3%A0-majorelle-superficie-86-m%C2%B2,Vente,Studio,Marrakech,Guéliz,1 634 000 DH,1634000,86m²,86,,2 Chambres,2 Salles de bains,,"Majorelle Hills – Nouveau projet exceptionnel signé a Groupe Alhouda . Découvrez une résidence qui réunit l'élégance,le confort et la tranquillité, idéalement située à seulement 5 minutes à Gueliz 2 minutes à les jardins de majorelle . Majorelle Hills vous propose des studios et des appartements modernes, avec une finition trés haut standing, et des espaces conçus pour un mode de vie raffiné. Architecture contemporaine Matériaux premiu...",https://www.mubawab-media.com/ad/8/268/251F/h/Image2_81586214_81590375.avif,16,2026-09-30
8409491,Opportunity Studio à vendre au centre ville,https://www.mubawab.ma/fr/a/8409491/opportunity-studio-%C3%A0-vendre-au-centre-ville,Vente,Studio,Marrakech,Autre / Centre,1 650 000 DH,1650000,72m²,72,2 Pièces,1 Ch.,1 Salle de bain,"Terrasse, Garage, Ascenseur, Concierge, Meublé, Climatisation, Sécurité, Double vitrage, Cuisine équipée, Réfrigérateur, Four, Machine à laver, Micro-ondes",CH IMMOBILIER – APPARTEMENT À VENDRE À MARRAKECH Remplacement Proche Clinique du Sud 1 chambre salon 72 m² habitables Parking de 12 m² 4ᵉ étage Vendu entièrement meublé Prix : 1 650 000 DH – meublé Appartement idéal pour une résidence principale ou un investissement. CH Immobilier – Marrakech,https://www.mubawab-media.com/ad/8/409/491F/h/photo_0_83261464.avif,9,2026-09-30
8378322,Studio haut standing – Atlas View Resort,https://www.mubawab.ma/fr/a/8378322/studio-haut-standing-%E2%80%93-atlas-view-resort,Vente,Studio,Marrakech,Autre / Centre,1 650 000 DH,1650000,53m²,53,1 Pièce,1 Ch.,1 Salle de bain,"Jardin, Terrasse, Garage, Ascenseur, Piscine, Concierge, Chambre rangement, Salon européen, Climatisation, Sécurité, Double vitrage, Porte blindée, Cuisine équipée","Studio haut standing avec terrasse, piscine, parking et cave – Atlas View Resort, Marrakech Investissez dans l'un des projets immobiliers les plus prometteurs de Marrakech ! Situé au sein du prestigieux Atlas View Resort, ce superbe studio constitue une opportunité rare d'acquérir un bien dans un secteur en pleine expansion, appelé à devenir l'un des nouveaux pôles résidentiels et touristiques de Marrakech. Son emplacement est exceptionnel...",https://www.mubawab-media.com/ad/8/378/322F/h/AtlasView_03_82814677.avif,8,2026-09-30
8227042,Vend Mur Local Commercial 73 m²,https://www.mubawab.ma/fr/a/8227042/vend-mur-local-commercial-73-m%C2%B2,Vente,Studio,Marrakech,Autre / Centre,1 650 000 DH,1650000,73m²,73,,,1 Salle de bain,,"Stefan, Les Tailleurs de l'immobilier vous présentent : Local commercial à vendre – Bejgheni (proximité Monte Cristo, bord de route) Superficie : 73 m² Prix : 1 850 000 DH Possibilité d’aménagement : Local studio Ou grand local selon besoin",https://www.mubawab-media.com/ad/8/227/042F/h/2b6b1ab9-4635-4ed5-bf6f-a44c767be0dc_81144639.avif,8,2026-09-30
8323812,Sell apartment in Hivernage,https://www.mubawab.ma/fr/a/8323812/sell-apartment-in-hivernage,Vente,Studio,Marrakech,Hivernage,1 680 000 DH,1680000,71m²,71,2 Pièces,1 Ch.,2 Salles de bains,"Garage, Ascenseur, Piscine, Concierge, Meublé, Climatisation, Cuisine équipée, Réfrigérateur, Four, Machine à laver","Discover this beautifully renovated 71 m² studio, perfectly located just steps from Menara Mall, in one of Marrakech’s most sought-after neighborhoods. Residence features: • Swimming pool • Landscaped gardens • 24/7 security • Underground parking Apartment highlights: • Spacious and bright living room • Open, fully equipped kitchen • Large en-suite bedroom • Separate guest toilet • Recently renovated with quality finishes Prime...",https://www.mubawab-media.com/ad/8/323/812F/h/photo_0_82179088.avif,9,2026-09-30
7855218,Très beau studio en vente,https://www.mubawab.ma/fr/a/7855218/tr%C3%A8s-beau-studio-en-vente,Vente,Studio,Marrakech,Prestigia,1 700 000 DH,1700000,44m²,44,2 Pièces,1 Ch.,1 Salle de bain,"Jardin, Terrasse, Piscine, Concierge, Meublé, Salon européen, Cuisine équipée","Découvrez le summum du confort dans cet appartement exceptionnel de 44m², niché au cœur de l'élégante résidence de Prestigia à Marrakech. Offrant un mélange harmonieux de sophistication et de modernité. Ce studio offre une combinaison parfaite de confort moderne et de charme traditionnel. Baigné de lumière naturelle, l'espace de vie ouvert est superbement conçu pour maximiser chaque mètre carré. La cuisine équipée ajoute une touche de fonctionn...",https://www.mubawab-media.com/ad/7/855/218F/h/IMG_2024_66619178.avif,9,2026-09-30
8417869,Studio haut standing à vendre – centre guéliz,https://www.mubawab.ma/fr/a/8417869/studio-haut-standing-%C3%A0-vendre-%E2%80%93-centre-gu%C3%A9liz,Vente,Studio,Marrakech,Guéliz,1 700 000 DH,1700000,60m²,60,1 Pièce,1 Ch.,1 Salle de bain,"Terrasse, Ascenseur, Concierge, Salon européen, Climatisation, Chauffage central, Sécurité, Double vitrage, Cuisine équipée, Réfrigérateur, Four, Machine à laver","Emplacement exceptionnel au cœur de Guéliz, à seulement 3 minutes de Zara. Studio de 60 m², prêt à être livré, avec titre foncier disponible. Il s’agit du seul studio encore disponible dans l’immeuble — tous les autres ont déjà été vendus. Le bien se compose d’une grande chambre avec dressing, d’un espace de vie lumineux et d’une très grande terrasse, avec une excellente qualité de finition. Une opportunité rare pour un investissement au cœur de...",https://www.mubawab-media.com/ad/8/417/869F/h/IMG_3231_83245357.avif,8,2026-09-30
8320781,Magnifique studio à vendre à Prestigia,https://www.mubawab.ma/fr/a/8320781/magnifique-studio-%C3%A0-vendre-%C3%A0-prestigia,Vente,Studio,Marrakech,Prestigia,1 700 000 DH,1700000,46m²,46,2 Pièces,1 Ch.,1 Salle de bain,"Jardin, Terrasse, Piscine, Meublé","Un magnifique studio est à la vente meublé à Prestigia Golf Argana. D'une superficie de 46m² , au 1er étage dans une résidence avec 2 piscines et un jardin . IL se compose d'un chambre , un salon avec balcon d'une vue panoramique, une cuisine américaine et une salle de bain . Frais de syndique : 5000 Dhs / An",https://www.mubawab-media.com/ad/8/320/781F/h/f0e55763-df29-488a-b701-4b8b4e0985d6_82148323.avif,11,2026-09-30
8420593,Beau studio 66m2 à vendre à Guéliz,https://www.mubawab.ma/fr/a/8420593/beau-studio-66m2-%C3%A0-vendre-%C3%A0-gu%C3%A9liz,Vente,Studio,Marrakech,Guéliz,1 716 000 DH,1716000,66m²,66,1 Pièce,1 Ch.,1 Salle de bain,"Ascenseur, Salon européen, Cuisine équipée","Découvrez ce magnifique appartement à vendre, idéalement situé dans le quartier prisé de Guéliz, Marrakech… S'étendant sur une surface de 66 m², cet espace offre une chambre spacieuse et une salle de bain moderne. La cuisine est entièrement équipée, offrant tout le nécessaire pour préparer de délicieux repas. Le salon européen spacieux et lumineux bénéficie d'une belle lumière naturelle grâce à ses grandes fenêtres. Le couloir d'entrée est ac...",https://www.mubawab-media.com/ad/8/420/593F/h/photo_00_83275314.avif,8,2026-09-30
8322144,Studio de Luxe avec Terrasse Coté ZARA Gueliz,https://www.mubawab.ma/fr/a/8322144/studio-de-luxe-avec-terrasse-cot%C3%A9-zara-gueliz,Vente,Studio,Marrakech,Guéliz,1 750 000 DH,1750000,63m²,63,2 Pièces,1 Ch.,1 Salle de bain,"Terrasse, Garage, Ascenseur, Concierge, Chambre rangement, Climatisation, Double vitrage, Cuisine équipée, Réfrigérateur, Four, Machine à laver, Micro-ondes","Nous proposons à la vente ce magnifique studio de standing situé au cœur du quartier Guéliz, dans une rue calme et sécurisée nouvellement construite juste derrière le magasin Zara D'une superficie totale de 63 m², ce bien se distingue par sa terrasse privative de 12 m², véritable espace de vie extérieur rare en centre-ville. Il se compose de : Un salon spacieux et très lumineux grâce à ses larges ouvertures. Une chambre à coucher conf...",https://www.mubawab-media.com/ad/8/322/144F/h/IMG_1464_82162404.avif,18,2026-09-30
8356039,Appartements à Vendre avec ou sans piscine privée,https://www.mubawab.ma/fr/a/8356039/appartements-%C3%A0-vendre-avec-ou-sans-piscine-priv%C3%A9e,Vente,Studio,Marrakech,Médina,1 800 000 DH,1800000,105m²,105,3 Pièces,2 Chambres,2 Salles de bains,"Jardin, Terrasse, Garage, Ascenseur, Vue sur les montagnes, Piscine, Concierge, Chambre rangement, Salon européen, Antenne parabolique, Climatisation, Sécurité, Double vitrage, Cuisine équipée, Réfrigérateur, Four, Machine à laver","Situé A 3min de Morrocco mall & 10min de la Médina, nous commercialisons un projet Havre de Paix et Unique par ses prestations de finition, son Complexe Culturel, ses Loisirs (terrains de padel & tennis, Cinema, l'accès à son Hôtel & ses Commodités. Finitions de haute standing avec du marbre au sol, bois de noyer, Isolation thermique & phonique & Climatisation centralisée, PLACES DE PARKING TITRES offerts à tous les studios & appartements Superfi...",https://www.mubawab-media.com/ad/8/356/039F/h/psadrj1_82529184.avif,2,2026-09-30
8262474,Studio à vendre 62 m² Hivernage Marrakech,https://www.mubawab.ma/fr/a/8262474/studio-%C3%A0-vendre-62-m%C2%B2-hivernage-marrakech,Vente,Studio,Marrakech,Hivernage,2 000 000 DH,2000000,62m²,62,,1 Ch.,1 Salle de bain,"Terrasse, Garage, Ascenseur, Piscine, Meublé, Cuisine équipée","Situé dans le quartier recherché de l'Hivernage à Marrakech, cet appartement entièrement rénové de 62 m² offre un cadre de vie moderne et confortable. Idéalement situé au 2e étage d'un immeuble de 5 niveaux dans une résidence avec piscine, il bénéficie d'une orientation nord, assurant une luminosité optimale. La résidence fermée, avec ascenseur et parking sécurisé, vous garantira calme et sécurité. L'appartement se compose des pièces suivantes...",https://www.mubawab-media.com/ad/8/262/474F/h/annonce-agenz-2025-03-21T144356-642Z-IMG-20250321-WA0011_81522745.avif,17,2026-09-30
8422254,"Maison à vendre – Route de l’Ourika, Marrakech",https://www.mubawab.ma/fr/a/8422254/maison-%C3%A0-vendre-%E2%80%93-route-de-l%E2%80%99ourika-marrakech,Vente,Studio,Marrakech,Route de l'Ourika,2 500 000 DH,2500000,100m²,100,8 Pièces,5 Chambres,4 Salles de bains,Terrasse,"La propriété se compose de : Terrain : 100 m² au sol * 2 magasins au rez-de-chaussée * 1er étage : 2 studios * 2ème étage : 1 appartement * Terrasse * ⁠Prix 2,5 M DH * Construction non encore achevée, offrant la possibilité de finaliser et d’aménager selon vos besoins. Pour plus d’informations ou pour organiser une visite",https://www.mubawab-media.com/ad/8/422/254F/h/WhatsApp_Image_2026-09-24_at_18.46.32_83293944.avif,1,2026-09-30
8248454,Appartements à haut potentiel à la vente,https://www.mubawab.ma/fr/a/8248454/appartements-%C3%A0-haut-potentiel-%C3%A0-la-vente,Vente,Studio,Marrakech,Autre / Centre,2 500 000 DH,2500000,85m²,85,3 Pièces,2 Chambres,2 Salles de bains,"Terrasse, Garage, Ascenseur, Meublé, Climatisation, Cuisine équipée","Notre agence LE COMPTOIR vous présente ce bel appartement d’une surface totale de 85 m², scindé en deux appartements de type studio pour une rentabilité locative assurée. Situé au 4em étage avec ascenseur, ces appartements sont composés d’une chambre avec salle de bain, salon, cuisine équipée et jacuzzi dans chaque espace, vous attirerez une certaine clientèles aimant le côté moderne en plein cœur de ville, à deux pas du Plaza, de toutes commodit...",https://www.mubawab-media.com/ad/8/248/454F/h/app%201-%20rentabilit%C3%A9-locative-rbnb-loca-vente-maroc-marrakech-immo-centre-hivernage-gueliz%20%2812%29_81368971.avif,14,2026-09-30
8235839,"Appartement meublé à vendre à Guéliz, 89 m², Marrakech",https://www.mubawab.ma/fr/a/8235839/appartement-meubl%C3%A9-%C3%A0-vendre-%C3%A0-gu%C3%A9liz-89-m%C2%B2-marrakech,Vente,Studio,Marrakech,Guéliz,2 500 000 DH,2500000,89m²,89,3 Pièces,2 Chambres,2 Salles de bains,"Terrasse, Garage, Ascenseur, Concierge, Meublé, Façade extérieure, Salon européen, Antenne parabolique, Climatisation, Chauffage central, Sécurité, Porte blindée, Cuisine équipée, Réfrigérateur, Micro-ondes","L’Immobilier Sans Frontières vous propose à la vente cet appartement meublé situé au 1er étage à Guéliz, Marrakech, dans un immeuble bien entretenu. La superficie communiquée est de 89 m² et l’appartement est divisé en 2 studios indépendants. Cet appartement se compose de : 2 studios indépendants; chaque studio: Salon européen - Kitchenette ouverte - Chambre - Salle de bain - Jacuzzi - Balcon Équipements & prestations : Ascenseur - Parking...",https://www.mubawab-media.com/ad/8/235/839F/h/0%20image%20a%20la%20une%20_82101116.avif,21,2026-09-30
8379100,Maison 3 studios rentable à Berrima,https://www.mubawab.ma/fr/a/8379100/maison-3-studios-rentable-%C3%A0-berrima,Vente,Studio,Marrakech,Autre / Centre,2 700 000 DH,2700000,45m²,45,2 Pièces,1 Ch.,1 Salle de bain,"Terrasse, Chambre rangement, Cuisine équipée","Située dans le quartier authentique de Berrima, à seulement 10 minutes à pied de la place Jemaa El-Fna, cette maison de 45 m² représente une excellente opportunité d'investissement locatif. Le bien se compose de 3 studios élégamment aménagés, actuellement exploités en location courte durée et offrant un excellent potentiel de rentabilité. Les studios bénéficient d'une excellente réputation avec une note de 9,6 sur Booking.com, témoignant de la...",https://www.mubawab-media.com/ad/8/379/100F/h/WhatsApp%20Image%202026-07-03%20at%2020.54.07%20%281%29_82823458.avif,16,2026-09-30
8091360,Appartements Neufs à Vendre Avec Piscine et Garage titré,https://www.mubawab.ma/fr/a/8091360/appartements-neufs-%C3%A0-vendre-avec-piscine-et-garage-titr%C3%A9,Vente,Studio,Marrakech,Médina,2 800 000 DH,2800000,215m²,215,3 Pièces,2 Chambres,2 Salles de bains,"Jardin, Terrasse, Garage, Ascenseur, Vue sur les montagnes, Piscine, Concierge, Chambre rangement, Façade extérieure, Salon Marocain, Salon européen, Antenne parabolique, Cheminée, Climatisation, Sécurité, Double vitrage, Cuisine équipée, Réfrigérateur, Four","Situé A 3min de Morrocco mall & 10min de la Médina , nous commercialisons un projet Havre de Paix et Unique par ses prestations de finition, son Complexe Culturel,ses Loisirs (terrains de padel & tennis , Cinema ,l'accès à son Hôtel & ses Commodités. Finitions de haute standing avec du marbre au sol , bois de noyer ,Isolation thermique & phonique & Climatisation centralisée, PLACES DE PARKING TITRES offerts à tous les studios & appartements Super...",https://www.mubawab-media.com/ad/8/091/360F/h/1000533952_82717341.avif,3,2026-09-30
8414630,Appartement à l'achat à Hay Al Hassani. Surface de 70 m²,https://www.mubawab.ma/fr/pa/8414630/appartement-%C3%A0-l-achat-%C3%A0-hay-al-hassani-surface-de-70-m%C2%B2,Vente,Studio,Marrakech,Semlalia,3 247 000 DH,3247000,70m²,70,,2 Chambres,2 Salles de bains,,"Situé dans le quartier Semlalia à Marrakech, Palma Rossa est un programme immobilier neuf de 62 appartements, actuellement en construction, avec une livraison prévue au 31 décembre 2027. Le projet propose des typologies variées, du studio à l'appartement 3 chambres, avec des surfaces allant de 44 à 181 m², permettant de répondre aussi bien aux jeunes actifs qu'aux familles en quête d'espace. Les appartements sont livrés avec un parking titr...",https://www.mubawab-media.com/ad/8/414/630F/h/Photo_fictive_facade_Palma_Rossa_83209300_83209304.avif,1,2026-09-30
8298896,Magnifique villa front de Golf et vue Atlas Marrakech,https://www.mubawab.ma/fr/a/8298896/magnifique-villa-front-de-golf-et-vue-atlas-marrakech,Vente,Studio,Marrakech,Autre / Centre,3 500 000 DH,3500000,1200m²,1200,12 Pièces,5 Chambres,5 Salles de bains,"Jardin, Vue sur les montagnes, Piscine, Cheminée, Chauffage central","Située à seulement 15 mn en voiture de la célèbre place Jemaa El Fna, dans un domaine sécurisé, cette villa, exposée Sud-Est en première ligne de golf, offre une vue panoramique sur les montagne de l'Atlas. Son terrain de 3040 m2 est entièrement arboré et doté d'une piscine chauffée de 20 m x 5 m et d'un jaccuzzi 6 places. Elle offre 5 suites ainsi qu'un studio indépendant pour le personnel. Un véritable havre de paix à proximité de Marrakech",https://www.mubawab-media.com/ad/8/298/896F/h/8e385318b6081b291e5d74ee58d3f0dd_dd5baa3d46_1280-big_81921562.avif,15,2026-09-30
8298407,Lot 4 studios avec jardins privés clé en main,https://www.mubawab.ma/fr/a/8298407/lot-4-studios-avec-jardins-priv%C3%A9s-cl%C3%A9-en-main,Vente,Studio,Marrakech,Autre / Centre,4 900 000 DH,4900000,398m²,398,10 Pièces,4 Chambres,4 Salles de bains,"Jardin, Terrasse, Concierge, Chambre rangement, Meublé, Façade extérieure, Climatisation, Double vitrage, Porte blindée, Cuisine équipée, Réfrigérateur","Projet d’investissement, conçu dès l’origine pour tous types de projets parfaitement équipée et structurée pour accueillir une famille ou aussi bien de la location courte durée que longue durée ainsi qu’un commerce , tout en offrant une flexibilité d’exploitation rare. Concept & vision Ce projet a été pensé comme un mini appart hôtel privé, avec des logements meublés, une circulation fluide, des équipements premium et une vraie réflexion sur l’e...",https://www.mubawab-media.com/ad/8/298/407F/h/photo_0_81956857.avif,30,2026-09-30
8296992,Investissement Immeuble a Boukar R5,https://www.mubawab.ma/fr/a/8296992/investissement-immeuble-a-boukar-r5,Vente,Studio,Marrakech,Autre / Centre,6 700 000 DH,6700000,242m²,242,,,,,"C'est un beau projet ! Optimiser une surface de 242 m² sur un immeuble en R5 (Rez-de-chaussée 5 étages) permet de créer un parc locatif intéressant. Pour estimer le nombre de studios et l'espace commercial, il faut tenir compte de la surface perdue (murs, cage d'escalier, ascenseur, couloirs), qui représente généralement environ 15% à 20% de la surface totale au sol. Voici une simulation réaliste de ce que vous pourriez obtenir : 1. Le Rez-de-ch...",https://www.mubawab-media.com/ad/8/296/992F/h/images_81984568.avif,1,2026-09-30
8408303,High quality villa for sale in Boulevard Med 6.10 comfortabl...,https://www.mubawab.ma/fr/a/8408303/high-quality-villa-for-sale-in-boulevard-med-6-10-comfortable-rooms-attic,Vente,Studio,Marrakech,Prestigia,7 900 000 DH,7900000,350m²,350,10 Pièces,3 Chambres,3 Salles de bains,"Jardin, Terrasse, Garage, Vue sur les montagnes, Piscine, Concierge, Meublé, Salon européen, Cheminée, Climatisation, Cuisine équipée, Réfrigérateur, Four, Machine à laver, Micro-ondes","Villa individuelle dans l’enceinte de Prestigia, résidence sécurisée avec gardiennage 24h/24. Trois chambres, piscine privative et studio indépendant pour le personnel. Le séjour s’ouvre de plain-pied sur le jardin et la piscine. À l’étage, trois chambres dont une suite parentale. Cuisine équipée, climatisation, terrasses exploitables toute l’année. Le studio séparé, avec entrée propre, sanitaires et coin cuisine, permet de loger un gardien ou...",https://www.mubawab-media.com/ad/8/408/303F/h/photo_0_83137089.avif,20,2026-09-30
8119068,Vente Murs à targa,https://www.mubawab.ma/fr/a/8119068/vente-murs-%C3%A0-targa,Vente,Studio,Marrakech,Targa,15 000 000 DH,15000000,369m²,369,,,44 Salles de bains,,"Je mets en vente un local commercial comprenant quatre studios, d'une superficie totale de 369 m², idéalement situé à Targa, Marrakech. Ce bien bénéficie d’un emplacement stratégique, parfait pour un projet commercial ou un investissement locatif rentable. Le rez-de-chaussée, hors terrasse, offre une surface de 150 m², accompagnée d’une structure légère dédiée à une cuisine de 35 m². La terrasse, d’une surface de 130 m², dispose également d’une...",https://www.mubawab-media.com/ad/8/119/068F/h/d8d2dd3f284912f5afd6_80037722.avif,12,2026-09-30
8331001,En Vente: Appart Hotel de 20 appartements 18 Studio et 2 de...,https://www.mubawab.ma/fr/a/8331001/en-vente-appart-hotel-de-20-appartements-18-studio-et-2-deux-chambres-%C3%A0-gueliz-marrakech,Vente,Studio,Marrakech,Guéliz,40 000 000 DH,40000000,2700m²,2700,44 Pièces,22 Chambres,24 Salles de bains,"Terrasse, Garage, Ascenseur, Concierge, Chambre rangement, Meublé, Salon Marocain, Salon européen, Antenne parabolique, Cheminée, Climatisation, Chauffage central, Sécurité, Double vitrage, Porte blindée, Cuisine équipée, Réfrigérateur, Four, Machine à laver, Micro-ondes","Best House Real Estate vous propose une opportunité d’investissement unique à Gueliz à Marrakech. Il s’agit d’un appart-hôtel en exploitation, idéalement situé au cœur de Guéliz, offrant un fort potentiel de rentabilité. Composition du bien : • 20 appartements au total - 18 appartements de 65 m² (salon, chambre, cuisine, salle de bain) - 2 appartements de 90 m² (salon, 2 chambres, cuisine, salle de bain) • Un café-restaurant en activité • D...",https://www.mubawab-media.com/ad/8/331/001F/h/photo_0_82291558.avif,1,2026-09-30
