id,title,url,transaction_type,house_type,city,quartier,price_raw,price_numeric,surface_raw,surface_m2,rooms,bedrooms,bathrooms,features,description,main_image,images_count,scraped_date
8410088,Superbe appartement à Hivernage. 3 belles chambres,https://www.mubawab.ma/fr/a/8410088/superbe-appartement-%C3%A0-hivernage-3-belles-chambres,Vente,Appartement,Marrakech,Hivernage,Prix à consulter,,189m²,189,6 Pièces,3 Chambres,3 Salles de bains,"Jardin, Sécurité","Cet appartement de prestige, situé dans le quartier prisé de l'Hivernage à Marrakech, est une véritable oasis de confort et de modernité. Avec une superficie totale de 189 m², il offre un espace de vie spacieux idéalement conçu. L'appartement comprend trois chambres élégantes et trois salles de bains modernes, garantissant un maximum de confort. Les sols en bois de parqué ajoutent une touche d'élégance dans les pièces principales, créant une atmo...",https://www.mubawab-media.com/ad/8/410/088F/h/photo_10_83158875.avif,11,2026-09-30
8352634,Appartement duplex 3 chambres à l’hivernage résidence avec p...,https://www.mubawab.ma/fr/a/8352634/appartement-duplex-3-chambres-%C3%A0-l%E2%80%99hivernage-r%C3%A9sidence-avec-piscine,Vente,Duplex,Marrakech,Hivernage,Prix à consulter,,100m²,100,4 Pièces,3 Chambres,2 Salles de bains,"Jardin, Terrasse, Garage, Ascenseur, Piscine, Salon européen, Antenne parabolique, Climatisation, Chauffage central, Double vitrage, Cuisine équipée, Four, Machine à laver","Découvrez ce magnifique appartement situé dans le quartier prisé de l'Hivernage à Marrakech, offrant une surface généreuse de 100 m². Bénéficiant d'une orientation sud et faisant partie d'un projet récent, ce bien propose un confort raffiné et moderne avec une finition en marbre pour les espaces de vie principaux. L'appartement dispose de trois chambres lumineuses, dont les sols sont recouverts de parquet élégant, créant une atmosphère chaleure...",https://www.mubawab-media.com/ad/8/352/634F/h/photo_0_82805070.avif,18,2026-09-30
8054528,"Terrain Premium à Vendre – Marrakech Cœur Hivernage, Emplace...",https://www.mubawab.ma/fr/a/8054528/terrain-premium-%C3%A0-vendre-%E2%80%93-marrakech-c%C5%93ur-hivernage-emplacement-strat%C3%A9gique-pour-projet-immeuble-ou-h%C3%B4tel,Vente,Terrain,Marrakech,Hivernage,Prix à consulter,,,,,,,,"Rare opportunité au cœur de Marrakech, dans le prestigieux quartier de l’Hivernage. Ce terrain exceptionnel offre une localisation stratégique, à proximité immédiate de l’hôtel Sofitel, dans une zone prisée pour des projets de standing. Parfaitement positionné à l’angle d’une rue, il bénéficie d’une visibilité optimale, idéale pour un projet immobilier ambitieux. Caractéristiques principales : •Emplacement : Quartier Hivernage, à proximité des...",https://www.mubawab-media.com/ad/8/054/528F/h/IMG_6685_79403969.avif,2,2026-09-30
8308068,Marrakech I Hivernage,https://www.mubawab.ma/fr/a/8308068/marrakech-i-hivernage,Vente,Duplex,Marrakech,Hivernage,Prix à consulter,,244m²,244,,3 Chambres,2 Salles de bains,"Terrasse, Garage, Meublé","Situé dans le prestigieux quartier de l'Hivernage, à proximité immédiate du Royal Mansour, ce somptueux penthouse en duplex bénéficie d'un emplacement exceptionnel au cœur de l'un des secteurs les plus exclusifs de Marrakech. D'une superficie de 244 m², doté d'une incroyable terrasse de 60 m², il offre une vue panoramique à couper le souffle sur les remparts historiques de la médina et sur la majestueuse chaîne de l'Atlas. Un panorama rare et sp...",https://www.mubawab-media.com/ad/8/308/068F/h/1_82014319.avif,14,2026-09-30
8295903,Appartement de grand standing situé au 3ème étage d'une peti...,https://www.mubawab.ma/fr/a/8295903/appartement-de-grand-standing-situ%C3%A9-au-3%C3%A8me-%C3%A9tage-d-une-petite-r%C3%A9sidence-calme-et-s%C3%A9curis%C3%A9e,Vente,Appartement,Marrakech,Hivernage,Prix à consulter,,300m²,300,5 Pièces,3 Chambres,,"Terrasse, Garage, Piscine, Meublé, Cheminée, Climatisation, Sécurité, Cuisine équipée",Appartement de grand standing situé au 3ème étage d'une petite résidence calme et sécurisée au sein du quartier de l’Hivernage Superficie habitable : 320 m2 dont 100 m2 de terrasse Il se compose de : 3 Chambres donnant chacune sur la terrasse dont une avec cheminée 3 Salles de bain Grand salon ouvert sur la terrasse Salle à manger ouverte sur la terrasse Cuisine ouverte entièrement équipée Divers : Fibre optique Climatisation réversible Terrasse...,https://www.mubawab-media.com/ad/8/295/903F/h/679cfb2c2fa903a83_81887710.avif,30,2026-09-30
8295565,Très beau et lumineux appartement au 4ème étage d'une belle...,https://www.mubawab.ma/fr/a/8295565/tr%C3%A8s-beau-et-lumineux-appartement-au-4%C3%A8me-%C3%A9tage-d-une-belle-r%C3%A9sidence,Vente,Appartement,Marrakech,Hivernage,Prix à consulter,,155m²,155,4 Pièces,2 Chambres,,"Terrasse, Garage, Piscine, Cheminée, Climatisation, Sécurité, Cuisine équipée","Très beau et lumineux appartement au 4ème étage d'une belle résidence en plein cœur de l'hivernage Superficie totale : 155 m2 Superficie habitable : 110 m2 Superficie terrasse : 45 m2 Il se compose de : 1 Vaste salon / salle à manger avec cheminée et TV donnant sur une terrasse couverte 1 Belle cuisine entièrement équipée 1 Toilette invités 2 Vastes chambres très lumineuse chacune avec salle de bain, Tv, climatisation réversible, placards et te...",https://www.mubawab-media.com/ad/8/295/565F/h/61e18b8f1de146214_81883652.avif,13,2026-09-30
8299285,Appartement meublé résidence avec piscine,https://www.mubawab.ma/fr/a/8299285/appartement-meubl%C3%A9-r%C3%A9sidence-avec-piscine,Location,Studio,Marrakech,Hivernage,Prix à consulter,,67m²,67,2 Pièces,1 Ch.,2 Salles de bains,"Jardin, Terrasse, Garage, Ascenseur, Piscine, Meublé, Antenne parabolique, Climatisation, Sécurité, Cuisine équipée, Réfrigérateur, Four, TV, Machine à laver, Micro-ondes, Internet","*Location Studio Hivernage, Marrakech* Studio de 67m² à louer, bien meublé, situé à Hivernage. - 1 chambre avec placard - 1 salle de bain avec douche - 1 balcon couvert - 1 salon - 1 cuisine bien équipée - Climatisation - 2ème étage avec ascenseur - Place de parking sous-sol *Options*: résidence sécurisée avec piscine collective et jardin Conditions : - 2 mois d'avance - 2 mois de caution",https://www.mubawab-media.com/ad/8/299/285F/h/photo_0_82945471.avif,1,2026-09-30
8263932,Luxueux appartement à louer à Mavenue hivernage,https://www.mubawab.ma/fr/a/8263932/luxueux-appartement-%C3%A0-louer-%C3%A0-mavenue-hivernage,Location,Appartement,Marrakech,Hivernage,Prix à consulter,,153m²,153,3 Pièces,2 Chambres,2 Salles de bains,"Jardin, Terrasse, Garage, Ascenseur, Vue sur les montagnes, Piscine, Concierge, Chambre rangement, Meublé, Façade extérieure, Salon européen, Antenne parabolique, Cheminée, Climatisation, Chauffage central, Sécurité, Double vitrage, Porte blindée, Cuisine équipée, Réfrigérateur, Four, TV, Machine à laver, Micro-ondes, Internet","Situé dans l’enceinte de la résidence la plus prestigieuse de Marrakech, M Avenue – Four Seasons, ce somptueux appartement de 150 m², niché au 1er étage, vous propose un cadre de vie raffiné alliant confort, modernité et services hôteliers haut de gamme. Caractéristiques du bien : Superficie de 150 m² place de parking box fermé Grande terrasse sans vis-à-vis 2 suites élégantes avec salles de bain privatives Vaste séjour lumineux avec cheminée...",https://www.mubawab-media.com/ad/8/263/932F/h/photo_0_81538542.avif,22,2026-09-30
8192521,Louez cet appartement à Hivernage. 2 chambres agréables. M...,https://www.mubawab.ma/fr/a/8192521/louez-cet-appartement-%C3%A0-hivernage-2-chambres-agr%C3%A9ables-meubl%C3%A9,Location,Appartement,Marrakech,Hivernage,Prix à consulter,,150m²,150,3 Pièces,2 Chambres,2 Salles de bains,"Terrasse, Garage, Ascenseur, Piscine, Concierge, Chambre rangement, Meublé, Façade extérieure, Salon européen, Antenne parabolique, Cheminée, Climatisation, Chauffage central, Sécurité, Double vitrage, Porte blindée, Cuisine équipée, Réfrigérateur, Four, TV, Machine à laver, Micro-ondes, Internet","Situé dans l’enceinte de la résidence la plus prestigieuse de Marrakech, M Avenue – Four Seasons, ce somptueux appartement de 150 m², niché au 1er étage, vous propose un cadre de vie raffiné alliant confort, modernité et services hôteliers haut de gamme. Caractéristiques du bien : Superficie de 150 m² place de parking box fermé Grande terrasse sans vis-à-vis 2 suites élégantes avec salles de bain privatives Vaste séjour lumineux avec cheminée...",https://www.mubawab-media.com/ad/8/192/521F/h/photo_0_80788508.avif,18,2026-09-30
8407315,Bel appt à l’hivernage près du palais des congrès,https://www.mubawab.ma/fr/a/8407315/bel-appt-%C3%A0-l%E2%80%99hivernage-pr%C3%A8s-du-palais-des-congr%C3%A8s,Location,Appartement,Marrakech,Hivernage,Prix à consulter,,96m²,96,4 Pièces,2 Chambres,2 Salles de bains,"Jardin, Terrasse, Garage, Ascenseur, Piscine, Concierge, Meublé, Façade extérieure, Salon Marocain, Salon européen, Antenne parabolique, Climatisation, Sécurité, Cuisine équipée, Réfrigérateur, Four, TV, Machine à laver, Micro-ondes","Particulier met en location un bel appartement meublé sis à l’hivernage près du M avenue composé de 2 ch à coucher, 2 salons, 2 salles de bains, une grande terrasse, ascenseur, sécurité 24/24 garage pour voiture. Pour plus d’information, merci de me rappeler",https://www.mubawab-media.com/ad/8/407/315F/h/photo_00_83129423.avif,14,2026-09-30
8421880,Magnifique Duplex de Luxe à Louer – Hivernage,https://www.mubawab.ma/fr/a/8421880/magnifique-duplex-de-luxe-%C3%A0-louer-%E2%80%93-hivernage,Location Vacances,Duplex,Marrakech,Hivernage,195 DH,195,220m²,220,5 Pièces,3 Chambres,2 Salles de bains,"Terrasse, Garage, Ascenseur, Vue sur les montagnes, Concierge, Façade extérieure, Salon Marocain, Salon européen, Climatisation, Chauffage central, Cuisine équipée, Réfrigérateur, Four, TV, Machine à laver, Micro-ondes, Internet","Découvrez ce magnifique duplex de luxe meublé, pouvant accueillir jusqu'à 8 personnes, situé au cœur du prestigieux quartier de l’Hivernage à Marrakech. Entièrement aménagé avec goût, il offre un cadre raffiné, confortable et idéal pour un séjour en famille, entre amis ou dans le cadre d’un déplacement professionnel. Emplacement exceptionnel Le duplex bénéficie d’un emplacement privilégié, à proximité immédiate de : Restaurants Malak Emeraude, D...",https://www.mubawab-media.com/ad/8/421/880F/h/2026_09_16_13_58_IMG_0877_83289837.avif,27,2026-09-30
8385643,Appartements à louer à Hivernage. Surface de 49 m². Concierg...,https://www.mubawab.ma/fr/a/8385643/appartements-%C3%A0-louer-%C3%A0-hivernage-surface-de-49-m%C2%B2-concierge-et-climatisation,Location Vacances,Appartement,Marrakech,Hivernage,350 DH,350,49m²,49,1 Pièce,1 Ch.,1 Salle de bain,"Terrasse, Ascenseur, Piscine, Concierge, Salon Marocain, Climatisation, Sécurité, Cuisine équipée, Réfrigérateur, Four, TV, Machine à laver, Micro-ondes, Internet, Animaux domestiques autorisés","Charmant appartement à louer situé dans le quartier prisé de l'Hivernage à Marrakech, région de Marrakech-Safi. Ce logement offre une surface de 49 m² avec des prestations haut de gamme, idéal pour une escapade ou un séjour prolongé. L'appartement, orienté plein sud, est baigné de lumière naturelle et situé au quatrième étage d'un immeuble moderne équipé d'un ascenseur. À l'intérieur, les sols en parqué ajoutent une touche de sophistication à l'...",https://www.mubawab-media.com/ad/8/385/643F/h/photo_0_82894312.avif,14,2026-09-30
8288033,"Appart en location, offre spécial pour les femmes",https://www.mubawab.ma/fr/a/8288033/appart-en-location-offre-sp%C3%A9cial-pour-les-femmes,Location,Appartement,Marrakech,Hivernage,400 DH,400,67m²,67,1 Pièce,2 Chambres,1 Salle de bain,"Garage, Vue sur les montagnes, Concierge, Chambre rangement, Meublé, Façade extérieure, Salon Marocain, Antenne parabolique, Climatisation, Sécurité, Porte blindée, Cuisine équipée, Réfrigérateur, Four, TV, Machine à laver, Micro-ondes, Internet, Animaux domestiques autorisés","bel appartement lumineux situé à l'hivernage, dans un immeuble calme et sécurisé. Proche de toutes commodités : transports, écoles, commerces.(geliz , lemnara,M avenu ) Immeuble avec syndic (200 DHS)",https://www.mubawab-media.com/ad/8/288/033F/h/WhatsApp%20Image%202026-07-15%20at%2017.08.56_82952760.avif,6,2026-09-30
8062492,Location d'un appartement à Hivernage. 1 Pièce. Avec garage...,https://www.mubawab.ma/fr/a/8062492/location-d-un-appartement-%C3%A0-hivernage-1-pi%C3%A8ce-avec-garage-et-ascenseur,Location,Appartement,Marrakech,Hivernage,450 DH,450,70m²,70,2 Pièces,1 Ch.,2 Salles de bains,"Garage, Ascenseur, Piscine, Concierge, Cuisine équipée, Réfrigérateur, Four, TV, Machine à laver, Internet","Appartement à louer idéalement placé. Prix 600 DH. 1 salle de bains, 72 m². 1 Pièces. 1 chambre. Nouveau. Nombre minimum de nuitées 2. Ascenseur et garage dans la résidence. Appartement pour location saisonnière à Hivernage. Nous mettons à votre disposition un service de conciergerie ainsi qu'une piscine. Télévision moderne. Contactez-nous dès maintenant pour louer cet appartement à Marrakech. Machine à laver. Four encastré. Internet",https://www.mubawab-media.com/ad/8/062/492F/h/photo_00_79482332.avif,9,2026-09-30
8340702,Location d'un appartement à Hivernage. 1 Pièce. Meublé,https://www.mubawab.ma/fr/a/8340702/location-d-un-appartement-%C3%A0-hivernage-1-pi%C3%A8ce-meubl%C3%A9,Location,Appartement,Marrakech,Hivernage,500 DH,500,60m²,60,1 Pièce,1 Ch.,1 Salle de bain,"Garage, Ascenseur, Piscine, Concierge, Meublé, Salon Marocain, Salon européen, Antenne parabolique, Climatisation, Sécurité, Cuisine équipée, Réfrigérateur, Four, TV, Machine à laver, Micro-ondes, Internet","Appartement idéal en location. Prix 500 DH. 1 salle de bains, 60 m². 1 Pièces. 1 chambre. 4ème étage. Bon état / habitable. Propriété entièrement meublée. Cet appartement est proposé à la location à Hivernage. Décoration traditionnelle avec beau salon marocain. Le bien est également équipé d'une antenne parabolique et la résidence est sécurisée. Confort et sécurité avec service de conciergerie, piscine et climatisation. Pour visiter cet apparte...",https://www.mubawab-media.com/ad/8/340/702F/h/photo_0_82360147.avif,11,2026-09-30
7623231,Appartement chambre salon à Marrakech,https://www.mubawab.ma/fr/a/7623231/appartement-chambre-salon-%C3%A0-marrakech,Location Vacances,Appartement,Marrakech,Hivernage,500 DH,500,104m²,104,2 Pièces,1 Ch.,1 Salle de bain,"Jardin, Garage, Ascenseur, Piscine, Concierge, Façade extérieure, Salon européen, Antenne parabolique, Climatisation, Chauffage central, Sécurité, Double vitrage, Porte blindée, Cuisine équipée, Réfrigérateur, Four, TV, Machine à laver, Micro-ondes, Internet",Appartement chambre salon haut standing à hivernage Marrakech avec place parking et wifi internet et piscine,https://www.mubawab-media.com/ad/7/623/231F/h/C3B6F4CD-C1B5-4E65-B393-154688A9C5A2_39846642.avif,12,2026-09-30
8302043,À louer duplex à l'hivernage,https://www.mubawab.ma/fr/a/8302043/%C3%A0-louer-duplex-%C3%A0-l-hivernage,Location Vacances,Duplex,Marrakech,Hivernage,520 DH,520,200m²,200,6 Pièces,3 Chambres,3 Salles de bains,"Garage, Piscine, Concierge, Façade extérieure, Salon européen, Antenne parabolique, Climatisation, Chauffage central, Sécurité, Double vitrage, Porte blindée, Cuisine équipée, Réfrigérateur, Four, TV, Machine à laver, Micro-ondes, Internet","Séjournez au coeur du quartier de l'Hivernage, dans ce très chic duplex de 3 suites. Idéalement situé, ce bien dispose d'une grande pièce de vie élégante et lumineuse avec salon et salle à manger ainsi que d'une cuisine américaine. Un très bel espace extérieur privatif équipé de bains de soleil et d'une piscine chauffée vous permet de profiter pleinement de votre séjour. Pour un nombre maximum de 6 personnes. Séjour minimum de 3 nuits. À par...",https://www.mubawab-media.com/ad/8/302/043F/h/ch%201%20%284%29_81953618.avif,15,2026-09-30
8361529,Studio meublé une chambre hivernage,https://www.mubawab.ma/fr/a/8361529/studio-meubl%C3%A9-une-chambre-hivernage,Location Vacances,Studio,Marrakech,Hivernage,600 DH,600,50m²,50,2 Pièces,1 Ch.,1 Salle de bain,,on vous propose la location journalière de ce joli studio bien équipé à hivernage à coté de la CTM pour plus d'information veuillez nous contacter les photos sont réelles,https://www.mubawab-media.com/ad/8/361/529F/h/NNN_82588947.avif,18,2026-09-30
8336978,Appartements à louer à Hivernage. 5 pièces. Micro ondes,https://www.mubawab.ma/fr/a/8336978/appartements-%C3%A0-louer-%C3%A0-hivernage-5-pi%C3%A8ces-micro-ondes,Location Vacances,Appartement,Marrakech,Hivernage,600 DH,600,75m²,75,5 Pièces,2 Chambres,1 Salle de bain,"Vue sur les montagnes, Salon européen, Climatisation, Sécurité, Cuisine équipée, Réfrigérateur, Four, TV, Machine à laver, Micro-ondes, Internet","Louez l'appartement de vos rêves pour vos vacances. Prix 600 DH. 5 pièces, 1 salle de bains, superficie 75 m². 2 chambres à coucher. 2ème étage. Bon état / habitable. Nombre minimum de nuitées 2. Four encastré. Très bel appartement saisonnier à Hivernage. Équipé d'une TV. Cuisine équipée. Contactez-nous dès maintenant pour louer cet appartement à Marrakech. Sécurité. Connexion Internet. Climatisation",https://www.mubawab-media.com/ad/8/336/978F/h/photo_00_82321825.avif,11,2026-09-30
8069655,Location saisonnière à Hivernage. Surface de 85 m². Prestati...,https://www.mubawab.ma/fr/a/8069655/location-saisonni%C3%A8re-%C3%A0-hivernage-surface-de-85-m%C2%B2-prestation-de-conciergerie-belle-piscine,Location Vacances,Appartement,Marrakech,Hivernage,600 DH,600,85m²,85,2 Pièces,2 Chambres,1 Salle de bain,"Garage, Piscine, Concierge, Salon européen, Sécurité, Cuisine équipée, Four, TV, Machine à laver, Micro-ondes, Internet","Découvrez cet appartement à louer pour vos vacances. Prix 700 DH. 2 pièces, 1 salle de bains, surface 85 m². 2 chambres. Nouveau. Nombre minimum de nuitées 2. Confort et sécurité avec service de conciergerie et piscine. Appartement pour location saisonnière à Hivernage. Cuisine bien équipée. Micro-ondes. Contactez-nous dès maintenant pour louer cet appartement à Marrakech. Décoration moderne avec salon européen. Four encastré. Équipé d'une...",https://www.mubawab-media.com/ad/8/069/655F/h/photo_00_79552061.avif,13,2026-09-30
8155516,Louez cet appartement à Hivernage. Superficie 94 m². Meublé,https://www.mubawab.ma/fr/a/8155516/louez-cet-appartement-%C3%A0-hivernage-superficie-94-m%C2%B2-meubl%C3%A9,Location,Appartement,Marrakech,Hivernage,700 DH,700,94m²,94,2 Pièces,2 Chambres,2 Salles de bains,"Terrasse, Garage, Ascenseur, Concierge, Meublé, Façade extérieure, Salon européen, Antenne parabolique, Climatisation, Sécurité, Double vitrage, Porte blindée, Cuisine équipée, Réfrigérateur, Four, TV, Machine à laver","Louez l'appartement de vos rêves. Prix 700 DH. 2 pièces, 2 salles de bains privatives, 94 m². 2 chambres. 4ème étage. Bon état. Propriété entièrement meublée. Cet appartement est à louer à Hivernage. Résidence parfaitement équipée avec ascenseur et parking. Vous profiterez également d'une belle terrasse. Sécurité maximale avec système de surveillance et porte blindée. Équipé d'une antenne parabolique. Programmez dès maintenant votre visite pour...",https://www.mubawab-media.com/ad/8/155/516F/h/photo_0_80413305.avif,13,2026-09-30
8160831,Location saisonnière à Hivernage. 1 chambre. Sécurisé 24/2...,https://www.mubawab.ma/fr/a/8160831/location-saisonni%C3%A8re-%C3%A0-hivernage-1-chambre-s%C3%A9curis%C3%A9-24-24,Location Vacances,Appartement,Marrakech,Hivernage,700 DH,700,59m²,59,2 Pièces,1 Ch.,2 Salles de bains,"Climatisation, Chauffage central, Sécurité, Cuisine équipée, Réfrigérateur, Four, TV, Machine à laver, Internet","Appartement à louer idéalement placé. Prix 700 DH. 2 pièces, 2 salles de bains privatives, 59 m². 1 chambre à coucher. Nouveau. Nombres de nuits minimum 2. Cuisine bien équipée. Appartement pour location saisonnière à Hivernage. Machine à laver. Sécurité assurée. Contactez-nous si vous êtes intéressé par cet appartement à Marrakech. Chauffage central. Connexion Internet. Équipé d'une TV",https://www.mubawab-media.com/ad/8/160/831F/h/photo_0_80468014.avif,8,2026-09-30
7762491,Appartement de luxepiscine hivernage Marrakech,https://www.mubawab.ma/fr/a/7762491/appartement-de-luxepiscine-hivernage-marrakech,Location Vacances,Appartement,Marrakech,Hivernage,700 DH,700,105m²,105,3 Pièces,2 Chambres,2 Salles de bains,"Garage, Ascenseur, Piscine, Concierge, Façade extérieure, Salon européen, Antenne parabolique, Climatisation, Sécurité, Double vitrage, Porte blindée, Cuisine équipée, Réfrigérateur, Four, TV, Machine à laver, Micro-ondes, Internet","Appartement 2 chambre salon haut standing avec piscine et place parking wifi internet hivernage marrakech Le prix indiqué dans l'annonce est valable pour le jour même. Si la date de réservation change, le prix sera modifié en fonction des jours. Merci السعر المذكور في الإعلان ساري المفعول لنفس اليوم. في حال تغيير تاريخ الحجز، سيتم تعديل السعر وفقًا لذلك. شكرًا",https://www.mubawab-media.com/ad/7/762/491F/h/518DEC1A-5298-4823-B097-AE36A30640CA_54273036.avif,15,2026-09-30
8398840,HAUT STANDING. Appartement de vacances à louer à Hivernage...,https://www.mubawab.ma/fr/a/8398840/haut-standing-appartement-de-vacances-%C3%A0-louer-%C3%A0-hivernage-r%C3%A9sidence-avec-piscine-3-pi%C3%A8ces-confortables-chauffage-central-et-porte-blind%C3%A9e,Location Vacances,Appartement,Marrakech,Hivernage,800 DH,800,60m²,60,3 Pièces,1 Ch.,1 Salle de bain,"Terrasse, Garage, Ascenseur, Piscine, Concierge, Façade extérieure, Salon européen, Antenne parabolique, Cheminée, Climatisation, Chauffage central, Sécurité, Double vitrage, Porte blindée, Cuisine équipée, Réfrigérateur, Four, TV, Machine à laver, Micro-ondes, Internet","Situé dans le prestigieux quartier de l'Hivernage à Marrakech, cet appartement moderne de 60 m² offre confort et prestations haut de gamme. Le salon spacieux et lumineux dispose de sols en marbre, créant une atmosphère élégante et accueillante, idéale pour se détendre. La cuisine est entièrement équipée, intégrant des appareils modernes comme un four, un micro-ondes et une machine à laver, parfaits pour un séjour confortable. L'appartement compr...",https://www.mubawab-media.com/ad/8/398/840F/h/photo_0_83040048.avif,12,2026-09-30
8269094,Appart de Deux Chambres à l'Hivernage avec piscine,https://www.mubawab.ma/fr/a/8269094/appart-de-deux-chambres-%C3%A0-l-hivernage-avec-piscine,Location Vacances,Appartement,Marrakech,Hivernage,800 DH,800,100m²,100,3 Pièces,2 Chambres,2 Salles de bains,"Jardin, Terrasse, Garage, Ascenseur, Piscine, Concierge, Façade extérieure, Salon Marocain, Antenne parabolique, Climatisation, Porte blindée, Cuisine équipée, Réfrigérateur, Four, TV, Machine à laver, Micro-ondes, Internet","Découvrez cet appartement de deux chambres situé à l'Hivernage, offrant une vue imprenable sur la piscine. Lumineux et moderne, il comprend un séjour spacieux, une cuisine entièrement équipée et des chambres avec placards intégrés. Vous bénéficierez d'un balcon privé, d'un parking sécurisé en sous-sol et d'une sécurité 24/24, assurant votre confort et votre tranquillité d'esprit. Idéalement situé à proximité des commodités, cet appartement combin...",https://www.mubawab-media.com/ad/8/269/094F/h/PHOTO-2025-07-22-19-03-53_3_81599264.avif,29,2026-09-30
8325852,Appartement de vacances à louer à Hivernage. 2 chambres. Ant...,https://www.mubawab.ma/fr/a/8325852/appartement-de-vacances-%C3%A0-louer-%C3%A0-hivernage-2-chambres-antenne-parabolique-et-s%C3%A9curit%C3%A9,Location Vacances,Appartement,Marrakech,Hivernage,800 DH,800,73m²,73,1 Pièce,2 Chambres,1 Salle de bain,"Salon européen, Antenne parabolique, Sécurité, Cuisine équipée, Réfrigérateur, Four, TV, Machine à laver, Internet","Louez l'appartement de vos rêves pour vos vacances. Prix 750 DH. 2 chambres, 1 salle de bains, 73 m². 1 Pièces. Projet neuf. Nombres de nuits minimum 2. Sécurité garantie avec surveillance. Système d'antenne parabolique. Très bel appartement saisonnier à Hivernage. Lave-linge. Cuisine équipée. Contactez-nous dès maintenant pour louer cet appartement à Marrakech. Confortable salon européen. Four encastré. Connexion Internet",https://www.mubawab-media.com/ad/8/325/852F/h/photo_00_82203536.avif,9,2026-09-30
8312563,Location d'un appartement à Hivernage. 1 Pièce. Concierge et...,https://www.mubawab.ma/fr/a/8312563/location-d-un-appartement-%C3%A0-hivernage-1-pi%C3%A8ce-concierge-et-piscine,Location Vacances,Appartement,Marrakech,Hivernage,800 DH,800,60m²,60,1 Pièce,1 Ch.,1 Salle de bain,"Piscine, Concierge, Salon européen, Climatisation, Cuisine équipée, Réfrigérateur, Four, TV, Machine à laver, Internet","Découvrez cet appartement à louer pour vos vacances. Prix 600 DH. 1 salle de bains, 60 m². 1 Pièces. 1 chambre à coucher. Projet neuf. Nombres de nuits minimum 2. Appréciez le confort de la climatisation. La résidence dispose également d'un service de concierge et d'une piscine. Très bel appartement saisonnier à Hivernage. Confortable salon européen. Machine à laver. Contactez-nous si vous êtes intéressé par cet appartement à Marrakech. Télévis...",https://www.mubawab-media.com/ad/8/312/563F/h/photo_00_82064749.avif,8,2026-09-30
8277032,Appartement haut standing à louer Hivernage,https://www.mubawab.ma/fr/a/8277032/appartement-haut-standing-%C3%A0-louer-hivernage,Location,Appartement,Marrakech,Hivernage,1 000 DH,1000,63m²,63,3 Pièces,1 Ch.,1 Salle de bain,"Garage, Ascenseur, Piscine, Concierge, Meublé, Façade extérieure, Salon européen, Climatisation, Sécurité, Double vitrage, Cuisine équipée, Réfrigérateur, Four, TV, Micro-ondes, Internet",Très beau appartement à louer dans le quartier de l’hivernage. 1 Chambre Cuisine Tout équipé TV Fibre Cuisine équipée Canapé convertible Piscine Garage Lit parapluie,https://www.mubawab-media.com/ad/8/277/032F/h/Re%CC%81s%20Aube%2011_81683661.avif,29,2026-09-30
8383141,Appartement à louer à Hivernage. 1 Pièce. Meublé,https://www.mubawab.ma/fr/a/8383141/appartement-%C3%A0-louer-%C3%A0-hivernage-1-pi%C3%A8ce-meubl%C3%A9,Location,Appartement,Marrakech,Hivernage,1 100 DH,1100,81m²,81,1 Pièce,2 Chambres,1 Salle de bain,"Terrasse, Garage, Ascenseur, Concierge, Meublé, Salon européen, Cheminée, Climatisation, Sécurité, Double vitrage, Porte blindée, Cuisine équipée, Réfrigérateur, Four, TV, Machine à laver, Micro-ondes, Internet","Appartement meublé de 81 m² à louer – Hivernage, Marrakech Situé sur le boulevard Yacoub El Merini, dans le quartier prisé de l’Hivernage à Marrakech, cet appartement de 81 m² offre un cadre de vie élégant et confortable. Au troisième étage d’un immeuble bien entretenu avec ascenseur, il bénéficie d’une exposition à l’est, idéale pour profiter de la lumière naturelle du matin. Les sols en marbre des pièces principales apportent une touche de ra...",https://www.mubawab-media.com/ad/8/383/141F/h/photo_00_82867203.avif,10,2026-09-30
8177979,Location vacances à l’Hivernage appartement cosy,https://www.mubawab.ma/fr/a/8177979/location-vacances-%C3%A0-l%E2%80%99hivernage-appartement-cosy,Location Vacances,Appartement,Marrakech,Hivernage,1 200 DH,1200,120m²,120,3 Pièces,2 Chambres,2 Salles de bains,"Jardin, Terrasse, Garage, Ascenseur, Piscine, Concierge, Façade extérieure, Salon européen, Climatisation, Sécurité, Cuisine équipée, Réfrigérateur, Four, TV, Machine à laver, Internet","Situé au cœur du prestigieux quartier de l’Hivernage, dans une résidence sécurisée avec piscine, cet appartement de charme au rez-de-jardin offre une atmosphère bohème et chaleureuse, idéale pour un séjour de détente à Marrakech. Il se compose d’un salon lumineux et d’une salle à manger ouverts sur une vaste terrasse aménagée, donnant un accès direct et privé au jardin et à la piscine. La cuisine entièrement équipée permet un séjour en toute...",https://www.mubawab-media.com/ad/8/177/979F/h/A7404556_80642780.avif,20,2026-09-30
8415500,Appartements à louer à Hivernage. 2 suite agréables,https://www.mubawab.ma/fr/a/8415500/appartements-%C3%A0-louer-%C3%A0-hivernage-2-suite-agr%C3%A9ables,Location Vacances,Appartement,Marrakech,Hivernage,1 200 DH,1200,130m²,130,3 Pièces,2 Chambres,2 Salles de bains,"Terrasse, Garage, Ascenseur, Piscine, Concierge, Façade extérieure, Salon Marocain, Salon européen, Antenne parabolique, Cheminée, Climatisation, Chauffage central, Sécurité, Double vitrage, Porte blindée, Cuisine équipée, Réfrigérateur, Four, TV, Machine à laver, Micro-ondes, Internet, Animaux domestiques autorisés","Appartement Élégant & Familial – Hivernage, 5 minutes à pied à M avenue Découvrez ce magnifique appartement de 130 m², idéalement situé dans le prestigieux quartier de l’Hivernage, à seulement 6 minutes à pied de M Avenue. Pensé pour offrir confort, élégance et convivialité, cet appartement est parfaitement adapté aux séjours en famille ou entre amis. Il se compose de : • ️ 2 suites élégantes avec tout le confort nécessaire • ️ Double salon...",https://www.mubawab-media.com/ad/8/415/500F/h/photo_0_83218896.avif,29,2026-09-30
8276864,"Duplex de luxe – Hivernage, Marrakech",https://www.mubawab.ma/fr/a/8276864/duplex-de-luxe-%E2%80%93-hivernage-marrakech,Location Vacances,Duplex,Marrakech,Hivernage,1 500 DH,1500,200m²,200,12 Pièces,4 Chambres,2 Salles de bains,"Terrasse, Garage, Ascenseur, Piscine, Concierge, Salon européen, Antenne parabolique, Climatisation, Chauffage central, Sécurité, Cuisine équipée, Réfrigérateur, Four, TV, Machine à laver, Internet","Vivez une expérience unique dans ce duplex spacieux de 200 m², situé sur l’avenue Hassan II au prestigieux quartier Hivernage. Conçu pour le confort et le divertissement, il est parfait pour les familles, groupes d’amis ou séjours professionnels haut de gamme. Caractéristiques du logement: - 4 chambres élégantes avec literie haut standing. - Grand salon lumineux pour se détendre et partager des moments conviviaux. - Salle de billard et babyf...",https://www.mubawab-media.com/ad/8/276/864F/h/ec08f5ee-56ae-48c3-a241-3abbd039cc05_82571937.avif,26,2026-09-30
8355942,Location appartement deux chambres Hivernage,https://www.mubawab.ma/fr/a/8355942/location-appartement-deux-chambres-hivernage,Location,Appartement,Marrakech,Hivernage,1 600 DH,1600,120m²,120,,,2 Salles de bains,"Garage, Ascenseur, Concierge, Chauffage central, Sécurité, Double vitrage, Cuisine équipée","L'agence immobilière Vaneau Maroc vous propose à la location longue durée un appartement de charme à l'Hivernage, Marrakech Au cœur du prestigieux quartier de l'Hivernage, découvrez un appartement lumineux où confort et douceur de vivre se rencontrent. Ses 120 m² habitables prolongés par une agréable errasse de 12 m² exposée plein sud offrent une atmosphère chaleureuse et baignée de lumière. La vue dégagée invite à profiter pleinement des journ...",https://www.mubawab-media.com/ad/8/355/942F/h/c360724312ee715ea9ca714c3cc804c9_82528226.avif,17,2026-09-30
8324460,Appartement d'exception avec ascenseur privé,https://www.mubawab.ma/fr/a/8324460/appartement-d-exception-avec-ascenseur-priv%C3%A9,Location,Appartement,Marrakech,Hivernage,3 000 DH,3000,245m²,245,5 Pièces,3 Chambres,3 Salles de bains,"Terrasse, Garage, Ascenseur, Vue sur les montagnes, Piscine, Salon européen, Cheminée, Climatisation, Double vitrage, Cuisine équipée, Réfrigérateur, Four, Machine à laver, Micro-ondes","Appartement d’exception au dernier étage – Hivernage, Marrakech Situé au dernier étage d’un immeuble de grand standing, cet appartement d’exception de 245 m² avec terrasse séduit par son élégance contemporaine, ses volumes généreux et sa vue imprenable sur les montagnes de l’Atlas, sans aucun vis-à-vis. L’espace de réception de près de 100 m² baigné de lumière naturelle offre une atmosphère à la fois conviviale et sophistiquée, idéal pour r...",https://www.mubawab-media.com/ad/8/324/460F/h/IMG_4115-HDR_82186263.avif,16,2026-09-30
7709486,RARE Avenue Med 6 Villa à louer meublée proche Morocco mall,https://www.mubawab.ma/fr/a/7709486/rare-avenue-med-6-villa-%C3%A0-louer-meubl%C3%A9e-proche-morocco-mall,Location,Villa,Marrakech,Hivernage,3 800 DH,3800,560m²,560,16 Pièces,5 Chambres,5 Salles de bains,"Jardin, Terrasse, Garage, Piscine, Concierge, Chambre rangement, Meublé, Entre-seul, Salon européen, Cheminée, Climatisation, Double vitrage, Cuisine équipée, Réfrigérateur, Four, TV, Machine à laver, Micro-ondes","Avenue Mohamed VI: Villa contemporaine à louer meublée proche école d'une superficie de 540 m² en 3 niveaux sur un terrain de 600 m², Jardin luxuriant, 5 Chambres, grand sous-sol , proche de toute commodité, à 5 min de l'Hivernage dans un lotissement calme et sécurisé ( Gardien de jour et de nuit ) au bout d'une impasse. La Villa est sur 3 niveaux, composée comme suit: Au RDC: Salon ouvert donnant sur la Piscine et le Jardin extérieur , Co...",https://www.mubawab-media.com/ad/7/709/486F/h/e0a31ed1-f90d-4a33-a436-c19347d87f76_82755961.avif,14,2026-09-30
8308583,"Location local commercial, 40 m², Hivernage",https://www.mubawab.ma/fr/a/8308583/location-local-commercial-40-m%C2%B2-hivernage,Location,Bureau,Marrakech,Hivernage,5 000 DH,5000,40m²,40,,2 Chambres,1 Salle de bain,"Concierge, Climatisation, Sécurité","À louer Bureau/ Local de 40 m² situé au 1er étage. Loyer non meublé : 5 000 DH Loyer meublé : 5 500 DH Caractéristiques : 2 pièces 1 WC Frais d’agence : 1 mois de loyer. Caution : 1 mois de loyer Pour plus d’informations ou organiser une visite, merci de nous contacter par message ou téléphone. Référence : WH08M",https://www.mubawab-media.com/ad/8/308/583F/h/cc8169b4-c906-4997-abfe-adf4c51f9484_82020085.avif,3,2026-09-30
8376375,"Appartement 2 chambres à louer – Hivernage, Marrakech",https://www.mubawab.ma/fr/a/8376375/appartement-2-chambres-%C3%A0-louer-%E2%80%93-hivernage-marrakech,Location,Appartement,Marrakech,Hivernage,6 000 DH,6000,70m²,70,3 Pièces,2 Chambres,1 Salle de bain,"Terrasse, Garage, Ascenseur, Vue sur les montagnes, Concierge, Chambre rangement, Meublé, Salon Marocain, Antenne parabolique, Climatisation, Sécurité, Porte blindée, Cuisine équipée, Réfrigérateur, TV, Machine à laver","À louer en longue durée, bel appartement lumineux de 70 m², idéalement situé dans le quartier de l’Hivernage ( rue Abou Bakr Sedik) à proximité immédiate des principaux points d’intérêt de Marrakech. Le grand plus un parking souterrain Emplacement privilégié * 5 minutes à pied de la gare de Marrakech * 6 minutes à pied de M Avenue * 15 minutes à pied de Menara Mall * À proximité immédiate des commerces, restaurants, cafés, banques, supermarc...",https://www.mubawab-media.com/ad/8/376/375F/h/photo_00_82793630.avif,6,2026-09-30
8334438,Bel appartement en location à Hivernage. 1 chambre. Bien m...,https://www.mubawab.ma/fr/a/8334438/bel-appartement-en-location-%C3%A0-hivernage-1-chambre-bien-meubl%C3%A9,Location,Appartement,Marrakech,Hivernage,6 200 DH,6200,57m²,57,2 Pièces,1 Ch.,1 Salle de bain,"Garage, Ascenseur, Vue sur les montagnes, Concierge, Meublé, Salon européen, Climatisation, Cuisine équipée, Réfrigérateur, Four, TV, Machine à laver, Internet","Découvrez cet appartement à louer. Prix 6 200 DH. 2 pièces, 1 salle de bains, 57 m². 1 chambre. 5ème étage. Moins de 10 ans. Revêtement: Marbre. Propriété entièrement meublée. Cet appartement est proposé à la location à Hivernage. Confort et sécurité avec service de conciergerie et climatisation. Équipé d'une TV. Cuisine équipée. Décoration moderne avec salon européen. Cuisinière avec four",https://www.mubawab-media.com/ad/8/334/438F/h/photo_00_82294499.avif,18,2026-09-30
8268157,Studio hivernage non meublé à louer LO23073,https://www.mubawab.ma/fr/a/8268157/studio-hivernage-non-meubl%C3%A9-%C3%A0-louer-lo23073,Location,Studio,Marrakech,Hivernage,6 500 DH,6500,65m²,65,2 Pièces,1 Ch.,1 Salle de bain,"Garage, Ascenseur, Piscine, Meublé, Climatisation, Sécurité, Cuisine équipée, Internet","Votre agence immobilière à Marrakech PRESTIGE GALLERY IMMO à le plaisir de vous présenter ce magnifique appartement non meublé situé au rez-de-chaussée dans une résidence sécurisée en plein centre-ville. L'appartement dispose d'une superficie habitable de 65m² habitable, et il est composé comme suit : Entrée avec grande pièce à vivre composée d’un salon/salle à manger, Une cuisine entièrement équipée, une chambre à coucher avec armoires et une sa...",https://www.mubawab-media.com/ad/8/268/157F/h/025024_901003965505484_81589405.avif,7,2026-09-30
8389783,À louer – Appartement longue durée à l’Hivernage,https://www.mubawab.ma/fr/a/8389783/%C3%A0-louer-%E2%80%93-appartement-longue-dur%C3%A9e-%C3%A0-l%E2%80%99hivernage,Location,Appartement,Marrakech,Hivernage,6 500 DH,6500,62m²,62,4 Pièces,1 Ch.,1 Salle de bain,"Garage, Piscine, Meublé, Salon Marocain, Antenne parabolique, Climatisation, Sécurité, Cuisine équipée","Découvrez ce bel appartement de 62 m², situé au rez-de-chaussée d’une résidence calme et sécurisée, dans le prestigieux quartier de l’Hivernage. Caractéristiques : * 1 chambre * 1 salon * Cuisine * Salle de bain * Résidence avec piscine * Parking en sous-sol Loyer : 6 500 DH/mois Pour plus d’informations ou pour organiser une visite, n’hésitez pas à nous contacter",https://www.mubawab-media.com/ad/8/389/783F/h/photo_00_82939604.avif,13,2026-09-30
8403868,"Studio Meublé à Louer Hivernage, Marrakech",https://www.mubawab.ma/fr/a/8403868/studio-meubl%C3%A9-%C3%A0-louer-hivernage-marrakech,Location,Studio,Marrakech,Hivernage,7 000 DH,7000,50m²,50,2 Pièces,1 Ch.,1 Salle de bain,"Terrasse, Garage, Ascenseur, Piscine, Concierge, Meublé, Salon européen, Climatisation, Sécurité, Double vitrage, Porte blindée, Cuisine équipée, Réfrigérateur, Four, TV, Machine à laver, Micro-ondes","Découvrez ce charmant studio meublé de 50 m², idéalement situé dans le prestigieux quartier de l’Hivernage à Marrakech, à proximité immédiate de la gare ferroviaire ainsi que des principales zones commerciales, restaurants, hôtels et attractions touristiques. Le studio se compose d’une chambre confortable, d’un salon lumineux, d’une cuisine équipée et d’une salle de bain. Il bénéficie également d’une terrasse agréable, idéale pour profiter ple...",https://www.mubawab-media.com/ad/8/403/868F/h/ALLM-1108%20%2814%29_83091378.avif,7,2026-09-30
8422117,Location longue durée appartement 2 chambres non meublé Enti...,https://www.mubawab.ma/fr/a/8422117/location-longue-dur%C3%A9e-appartement-2-chambres-non-meubl%C3%A9-enti%C3%A8rement-r%C3%A9nov%C3%A9-hivernage-marrakech,Location,Appartement,Marrakech,Hivernage,7 000 DH,7000,95m²,95,3 Pièces,2 Chambres,2 Salles de bains,"Garage, Ascenseur, Concierge, Chambre rangement, Meublé, Antenne parabolique, Climatisation, Sécurité, Double vitrage, Porte blindée, Cuisine équipée, Four","Marrakech Global Invest vous propose à la location longue durée ce bel appartement non meublé de 95 m², entièrement rénové à neuf, situé dans le quartier recherché de l’Hivernage à Marrakech, à proximité de la gare de Marrakech. L’appartement se trouve au sein d’une résidence sécurisée et bien entretenue, avec ascenseur et parking souterrain. Il bénéficie d’une rénovation complète réalisée avec des prestations modernes et un niveau de finition...",https://www.mubawab-media.com/ad/8/422/117F/h/IMG-20260924-WA0017_83292293.avif,12,2026-09-30
8425274,Appartement Hivernage. 1 chambre,https://www.mubawab.ma/fr/a/8425274/appartement-hivernage-1-chambre,Location,Appartement,Marrakech,Hivernage,7 000 DH,7000,58m²,58,4 Pièces,1 Ch.,1 Salle de bain,"Terrasse, Garage, Ascenseur, Meublé, Réfrigérateur, TV, Machine à laver","Esprit Immo vous propose à la location longue durée un bel appartement entièrement rénové et meublé à neuf, idéalement situé dans le quartier de l’Hivernage, à proximité de la gare routière CTM. Situé au 5ᵉ et dernier étage d’un immeuble d’habitation avec ascenseur, l’appartement développe une superficie de 58 m². Il se compose de : - Un couloir d’entrée desservant un salon moderne et lumineux, aménagé avec soin, une cuisine ouverte en...",https://www.mubawab-media.com/ad/8/425/274F/h/1000565674_83327216.avif,6,2026-09-30
8424913,Studio Bien meublé en location à Hivernage,https://www.mubawab.ma/fr/a/8424913/studio-bien-meubl%C3%A9-en-location-%C3%A0-hivernage,Location,Studio,Marrakech,Hivernage,7 500 DH,7500,41m²,41,2 Pièces,1 Ch.,1 Salle de bain,"Garage, Ascenseur, Vue sur les montagnes, Concierge, Meublé, Salon européen, Antenne parabolique, Climatisation, Sécurité, Cuisine équipée, Réfrigérateur, Four, TV, Machine à laver, Micro-ondes","Location longue durée – Appartement meublé 1 chambre à l’Hivernage Marrakech Bel appartement meublé de 41 m², situé au 1er étage d’une résidence sécurisée de haut standing avec parking au sous-sol. Il se compose de : Salon Coin salle à manger 1 chambre Cuisine équipée Salle de bain Emplacement idéal, proche de la gare ferroviaire et de la gare CTM. Loyer : 7500 DH/mois Pour plus d’informations ou pour organiser une visite, merci de nous contac...",https://www.mubawab-media.com/ad/8/424/913F/h/IMG-20260929-WA0031_83323236.avif,22,2026-09-30
8424235,Appartement une chambre à louer à l'Hivernage,https://www.mubawab.ma/fr/a/8424235/appartement-une-chambre-%C3%A0-louer-%C3%A0-l-hivernage,Location,Appartement,Marrakech,Hivernage,7 500 DH,7500,46m²,46,2 Pièces,1 Ch.,1 Salle de bain,"Garage, Ascenseur, Concierge, Meublé, Climatisation, Double vitrage, Cuisine équipée, Four, TV, Machine à laver, Internet","À louer, appartement situé dans le quartier recherché de l’Hivernage à Marrakech, au sein d’une résidence bien entretenue et sécurisée. L’appartement se compose d’une chambre, d’un salon, d’une cuisine et d’une salle de bain. La résidence dispose également d’un ascenseur et d’un parking en sous-sol, offrant confort et praticité au quotidien",https://www.mubawab-media.com/ad/8/424/235F/h/WhatsApp_Image_2026-09-24_at_17.22.05__1__83316246.avif,12,2026-09-30
8362265,Chic studio une chambre résidence piscine,https://www.mubawab.ma/fr/a/8362265/chic-studio-une-chambre-r%C3%A9sidence-piscine,Location,Studio,Marrakech,Hivernage,7 500 DH,7500,77m²,77,2 Pièces,1 Ch.,1 Salle de bain,"Terrasse, Garage, Ascenseur, Piscine, Concierge, Meublé, Façade extérieure, Salon européen, Antenne parabolique, Climatisation, Sécurité, Double vitrage, Porte blindée, Cuisine équipée, Réfrigérateur, Four, TV, Machine à laver, Micro-ondes, Internet","Veri Immo Marrakech vous propose à la location longue durée un chic studio une chambre meublé située sur une résidence sécurisé de haut standing avec piscine au quartier prisé de l’hivernage idéalement placé dans un endroit stratégique près de la gare du train et du Ctm , le studio est au 1 -ère étage avec une superficie de 77 m² offrant un espace de vie moderne et confortable Le studio se compose de : -Salon -Coin salle à manger -Une chambre -C...",https://www.mubawab-media.com/ad/8/362/265F/h/photo_0_82834434.50.36__5__82834434.avif,14,2026-09-30
8364053,"Appartement Meublé à Louer – Hivernage, Marrakech",https://www.mubawab.ma/fr/a/8364053/appartement-meubl%C3%A9-%C3%A0-louer-%E2%80%93-hivernage-marrakech,Location,Appartement,Marrakech,Hivernage,7 500 DH,7500,67m²,67,4 Pièces,2 Chambres,1 Salle de bain,"Ascenseur, Meublé, Sécurité, Cuisine équipée, Réfrigérateur, Four, Machine à laver","**Appartement Meublé à Louer – Hivernage, Marrakech** Situé dans le prestigieux quartier de l’Hivernage, à proximité immédiate de la CTM, cet appartement meublé offre un cadre de vie confortable et pratique. Il se compose de : * 2 chambres * Salon lumineux * Cuisine équipée * Salle de bain * Résidence sécurisée * Appartement entièrement meublé Emplacement recherché, proche des commerces, restaurants, transports et du centre-ville. **Loyer me...",https://www.mubawab-media.com/ad/8/364/053F/h/WhatsApp%20Image%202026-06-12%20at%2015.32.57_82654969.avif,8,2026-09-30
8413688,"Appartement meublé haut standing – Hivernage, Marrakech",https://www.mubawab.ma/fr/a/8413688/appartement-meubl%C3%A9-haut-standing-%E2%80%93-hivernage-marrakech,Location,Appartement,Marrakech,Hivernage,8 000 DH,8000,65m²,65,3 Pièces,2 Chambres,1 Salle de bain,"Garage, Ascenseur, Concierge, Meublé, Façade extérieure, Salon européen, Antenne parabolique, Climatisation, Chauffage central, Sécurité, Double vitrage, Porte blindée, Cuisine équipée, Réfrigérateur, Four, TV, Machine à laver, Micro-ondes, Internet, Animaux domestiques autorisés","Appartement meublé haut standing – Hivernage, Marrakech À louer, bel appartement meublé de 65 m², situé au 1er étage d’une résidence bien entretenue dans le quartier prisé de l’Hivernage. Caractéristiques : * Superficie : 65 m² * 1er étage * Ascenseur * Parking * Résidence sécurisée * Appartement confortable et entièrement meublé * Wi-Fi inclus * Syndic inclus Loyer : 8 000 DH / mois Conditions de location : * 1 mois de caution * 1 mois d...",https://www.mubawab-media.com/ad/8/413/688F/h/photo_00_83245226.avif,11,2026-09-21
8347959,T3 vide location HIVERNAGE piscine inter',https://www.mubawab.ma/fr/a/8347959/t3-vide-location-hivernage-piscine-inter-,Location,Appartement,Marrakech,Hivernage,8 000 DH,8000,75m²,75,3 Pièces,2 Chambres,1 Salle de bain,"Garage, Ascenseur, Piscine","LES TAILLEURS DE L’IMMOBILIER Hivernage – Marrakech Location Longue Durée – Superbe T3 dans une résidence récente et sécurisée Situé au 4ᵉ étage avec ascenseur, ce bel appartement T3 offre un cadre de vie moderne et confortable au cœur du prestigieux quartier de l’Hivernage. Résidence récente Piscine intérieure Parking privé Disponible à partir d’août 2026 Tarifs : • 8 000 DH / mois en location vide • 12 000 DH /...",https://www.mubawab-media.com/ad/8/347/959F/h/WhatsApp%20Image%202026-05-11%20at%2018.10.47%20%282%29_82442456.avif,8,2026-09-30
8414611,Appartement en location à Hivernage. 3 pièces. Ascenseur et...,https://www.mubawab.ma/fr/a/8414611/appartement-en-location-%C3%A0-hivernage-3-pi%C3%A8ces-ascenseur-et-terrasse,Location,Appartement,Marrakech,Hivernage,8 000 DH,8000,100m²,100,3 Pièces,2 Chambres,1 Salle de bain,"Terrasse, Garage, Ascenseur, Concierge, Chambre rangement, Façade extérieure, Climatisation","Cet appartement moderne, situé dans le quartier prestigieux de l'Hivernage à Marrakech, offre une opportunité exceptionnelle de vie urbaine. Âgé de seulement 1 à 5 ans, l'immeuble se présente dans un état impeccable, bénéficiant de prestations haut de gamme. L'appartement comprend deux chambres spacieuses et une salle de bain, parfait pour répondre aux besoins d'une petite famille ou de professionnels. Implanté au quatrième étage d'un immeuble a...",https://www.mubawab-media.com/ad/8/414/611F/h/photo_00_83209167.avif,16,2026-09-30
8366070,Joli apparte 2 chs hivernage par mois,https://www.mubawab.ma/fr/a/8366070/joli-apparte-2-chs-hivernage-par-mois,Location,Appartement,Marrakech,Hivernage,8 000 DH,8000,86m²,86,6 Pièces,2 Chambres,1 Salle de bain,,on met en location mensuelle cet joli appartement bien sécurisé à hivernage Marrakech l'appartement est d'une superficie de 86m² au 4ème étage pour plus de renseignement veuillez nous contacter,https://www.mubawab-media.com/ad/8/366/070F/h/PPPP_82679047.avif,10,2026-09-30
8337904,Appartement meublé à louer sous location,https://www.mubawab.ma/fr/a/8337904/appartement-meubl%C3%A9-%C3%A0-louer-sous-location,Location,Appartement,Marrakech,Hivernage,8 000 DH,8000,60m²,60,3 Pièces,2 Chambres,1 Salle de bain,"Garage, Concierge, Meublé, Façade extérieure, Salon européen, Climatisation, Chauffage central, Sécurité, Cuisine équipée, Internet","Découvrez cet appartement à louer. Prix 8 000 DH. 2 chambres, 1 salle de bains, surface 60 m². 3 pièces lumineuses. 2ème étage. Moins de 20 ans. Type de sol: Marbre. Entièrement meublé. Cet appartement est proposé à la location à Hivernage. Nombreux équipements dont climatisation. La résidence dispose également d'un service de conciergerie. Cuisine bien équipée. Soyez le premier à visiter cet appartement à louer à Marrakech. Chauffage central...",https://www.mubawab-media.com/ad/8/337/904F/h/photo_0_82330084.avif,11,2026-09-30
8319899,Appartement en location à Hivernage. 2 chambres agréables. M...,https://www.mubawab.ma/fr/a/8319899/appartement-en-location-%C3%A0-hivernage-2-chambres-agr%C3%A9ables-meubl%C3%A9,Location,Appartement,Marrakech,Hivernage,8 000 DH,8000,88m²,88,3 Pièces,2 Chambres,1 Salle de bain,"Terrasse, Garage, Ascenseur, Concierge, Chambre rangement, Meublé, Façade extérieure, Salon Marocain, Salon européen, Climatisation, Chauffage central, Sécurité, Cuisine équipée, Réfrigérateur, Four, TV, Machine à laver, Micro-ondes","Belles prestations pour cet appartement à louer. Prix 8 000 DH. 2 chambres, 1 salle de bains, 88 m². 3 pièces lumineuses. 2ème étage. Moins de 5 ans. Revêtement: Carrelage. Propriété entièrement meublée. Cet appartement est à louer à Hivernage. Décoration traditionnelle avec beau salon marocain. La résidence est sécurisée. Dispose d'une terrasse. Résidence avec ascenseur. Programmez dès maintenant votre visite pour cet appartement d'exception à...",https://www.mubawab-media.com/ad/8/319/899F/h/photo_0_82139765.avif,15,2026-09-30
8423307,Superbe Appartement Avec Piscine et Jardin,https://www.mubawab.ma/fr/a/8423307/superbe-appartement-avec-piscine-et-jardin,Location,Appartement,Marrakech,Hivernage,8 500 DH,8500,60m²,60,2 Pièces,1 Ch.,1 Salle de bain,"Jardin, Terrasse, Garage, Ascenseur, Piscine, Concierge, Meublé, Salon européen, Climatisation, Sécurité, Cuisine équipée, Réfrigérateur, Four, TV, Machine à laver, Micro-ondes","Découvrez ce superbe appartement de 60m², idéalement situé au 3ème étage d'une résidence sécurisée avec piscine et espaces verts, en plein cœur du quartier prisé de l’hivernage. Parfaitement agencé pour offrir un confort absolu, le bien dispose d'un salon lumineux et moderne, d'une chambre à coucher spacieuse avec un balcon terrasse vue piscine ; d'une cuisine américaine entièrement fonctionnelle, ainsi qu’une salle de bain avec douche à l’ita...",https://www.mubawab-media.com/ad/8/423/307F/h/1_83305498.avif,6,2026-09-30
8396936,Superbe appartement à louer à Hivernage. Surface totale 66...,https://www.mubawab.ma/fr/a/8396936/superbe-appartement-%C3%A0-louer-%C3%A0-hivernage-surface-totale-66-m%C2%B2-bien-meubl%C3%A9,Location,Appartement,Marrakech,Hivernage,8 500 DH,8500,66m²,66,2 Pièces,1 Ch.,1 Salle de bain,"Garage, Ascenseur, Piscine, Concierge, Chambre rangement, Meublé, Façade extérieure, Salon européen, Antenne parabolique, Climatisation, Sécurité, Cuisine équipée, Réfrigérateur, Four, TV, Machine à laver, Micro-ondes","Ce spacieux appartement de 66 m² est idéalement situé dans le quartier huppé de l'Hivernage à Marrakech. Arborant une chambre élégante et une salle de bain moderne, ce bien se distingue par son agencement raffiné, complété par des sols en marbre qui confèrent une touche de luxe discrète. La cuisine est entièrement équipée, incluant un réfrigérateur moderne et un four, parfaits pour les amateurs de cuisine. Le salon européen offre un espace de dé...",https://www.mubawab-media.com/ad/8/396/936F/h/photo_0_83019127.avif,16,2026-09-30
8279876,Appartement Hivernage,https://www.mubawab.ma/fr/a/8279876/appartement-hivernage,Location,Appartement,Marrakech,Hivernage,8 500 DH,8500,80m²,80,3 Pièces,2 Chambres,2 Salles de bains,"Salon européen, Antenne parabolique, Climatisation, Cuisine équipée, Réfrigérateur, Four, TV, Machine à laver, Internet","Appartement Salon, spacieux, lumineux, deux chambres, deux salles de bain",https://www.mubawab-media.com/ad/8/279/876F/h/image_81715239.avif,8,2026-09-30
8416624,"Appartement 2 chambres, Piscine, Hivernage",https://www.mubawab.ma/fr/a/8416624/appartement-2-chambres-piscine-hivernage,Location,Appartement,Marrakech,Hivernage,9 000 DH,9000,100m²,100,3 Pièces,2 Chambres,1 Salle de bain,"Jardin, Terrasse, Garage, Ascenseur, Piscine, Concierge, Meublé, Façade extérieure, Salon européen, Antenne parabolique, Climatisation, Sécurité, Double vitrage, Porte blindée, Cuisine équipée, Réfrigérateur, Four, TV, Machine à laver, Internet, Animaux domestiques autorisés","Magnifique appartement T3 meublé à louer en longue durée d'une superficie de 100 m², Situé au 1er étage d'une résidence fermée et gardée avec Piscine, HIVERNAGE: - Espace de vie lumineux Salon, séjour avec smart TV, table à manger, - 2 chambres avec placard, 1 Balcon. - 1 salle de bain douche. - Cuisine ouverte équipée : Réfrigérateur, lave-vaisselle, four, - 2 Climatiseurs réversibles. - Chauffe-eau. - Ascenseur, interphone, - Piscin...",https://www.mubawab-media.com/ad/8/416/624F/h/appartement-hivernage__22__83231635.avif,19,2026-09-30
8415072,Location d'un appartement à Hivernage. Superficie 44 m². Meu...,https://www.mubawab.ma/fr/a/8415072/location-d-un-appartement-%C3%A0-hivernage-superficie-44-m%C2%B2-meubl%C3%A9,Location,Appartement,Marrakech,Hivernage,9 000 DH,9000,44m²,44,2 Pièces,1 Ch.,1 Salle de bain,"Terrasse, Garage, Ascenseur, Piscine, Meublé, Salon européen, Climatisation, Sécurité, Double vitrage, Cuisine équipée, Réfrigérateur, Four, TV, Machine à laver, Micro-ondes","Cet appartement moderne à louer, situé dans le quartier prisé de hivernage à Marrakech, est parfait pour ceux qui recherchent confort et commodité. Avec une surface de 44 m², l'appartement se situe au premier étage d'un immeuble récent, âgé de 1 à 5 ans, et est équipé d'un ascenseur pour un accès facile place de parking titre Dès l'entrée, vous êtes accueilli dans un salon européen spacieux et lumineux, avec des sols en carrelage moderne qui se...",https://www.mubawab-media.com/ad/8/415/072F/h/photo_00_83216165.avif,16,2026-09-30
8424365,"Hivernage – Appartement 2 Chambres, Idéal Habitation ou sous...",https://www.mubawab.ma/fr/a/8424365/hivernage-%E2%80%93-appartement-2-chambres-id%C3%A9al-habitation-ou-sous-location,Location,Appartement,Marrakech,Hivernage,9 000 DH,9000,55m²,55,3 Pièces,2 Chambres,1 Salle de bain,"Garage, Ascenseur, Piscine, Concierge, Salon européen, Antenne parabolique, Cheminée, Climatisation, Chauffage central, Sécurité, Double vitrage, Porte blindée, Cuisine équipée, Réfrigérateur, Four, TV, Machine à laver, Micro-ondes, Internet, Animaux domestiques autorisés","Appartement 2 Chambres à Louer – Hivernage À louer en longue durée, bel appartement situé au cœur de l’Hivernage, au sein d’une résidence avec piscine, calme et sécurisée avec concierge. Situé au 5ᵉ étage avec ascenseur, l’appartement se compose de : * 2 chambres avec balcons * Un salon * Une cuisine équipée * Une salle de douche * WC séparé * Parking au sous-sol Possibilité de sous-location, idéal pour un projet d’investissement locatif. Lo...",https://www.mubawab-media.com/ad/8/424/365F/h/photo_0_83316967.avif,11,2026-09-30
8213211,Appartement moderne meublé avec terrasse à l’hivernage,https://www.mubawab.ma/fr/a/8213211/appartement-moderne-meubl%C3%A9-avec-terrasse-%C3%A0-l%E2%80%99hivernage,Location,Appartement,Marrakech,Hivernage,9 000 DH,9000,75m²,75,3 Pièces,2 Chambres,1 Salle de bain,"Terrasse, Garage, Ascenseur, Piscine, Concierge, Meublé, Façade extérieure, Salon européen, Climatisation, Sécurité, Double vitrage, Cuisine équipée, Réfrigérateur, Four, TV, Machine à laver, Micro-ondes, Internet, Animaux domestiques autorisés","À louer – Appartement moderne meublé à l’Hivernage Situé au 3ᵉ étage d’une résidence privée et sécurisée dans le prestigieux quartier de l’Hivernage, cet appartement moderne et meublé offre un cadre de vie idéal pour une location longue durée. Avec son agencement pratique et son mobilier contemporain, il garantit confort, luminosité et proximité immédiate des commodités. Caractéristiques : • 2 chambres spacieuses • Salon lumineux et convivia...",https://www.mubawab-media.com/ad/8/213/211F/h/IMG_9240_81099688.avif,10,2026-09-30
8414436,Appartement à louer à Ain Mezouar. Superficie 56 m². Meublé,https://www.mubawab.ma/fr/a/8414436/appartement-%C3%A0-louer-%C3%A0-ain-mezouar-superficie-56-m%C2%B2-meubl%C3%A9,Location,Appartement,Marrakech,Hivernage,9 000 DH,9000,56m²,56,1 Pièce,1 Ch.,1 Salle de bain,"Terrasse, Garage, Ascenseur, Piscine, Concierge, Chambre rangement, Meublé, Façade extérieure, Salon européen, Climatisation, Sécurité, Double vitrage, Cuisine équipée, Réfrigérateur, Four, TV, Machine à laver, Micro-ondes, Internet","À LOUER – MEUBLÉ ET ÉQUIPÉ HAUT STANDING LONGUE DURÉE – PISCINE Marrakech, Hivernage 3 — Résidence Menara Garden T2 (une chambre) de 56m² entièrement meublé et équipé dans une résidence de standing sécurisée avec gardien, piscine et parking en sous-sol. L'appartement se compose d'une entrée, un salon avec cuisine ouverte équipée, une chambre avec placard aménagé et balcon, ainsi qu’une salle d'eau avec WC. • Résidence sécurisée, haut standin...",https://www.mubawab-media.com/ad/8/414/436F/h/photo_00_83207419.avif,15,2026-09-30
8400679,Appartement meublé 2 chambres neuf à la location longue duré...,https://www.mubawab.ma/fr/a/8400679/appartement-meubl%C3%A9-2-chambres-neuf-%C3%A0-la-location-longue-dur%C3%A9e-hivernage-r%C3%A9sidence-avec-piscine,Location,Appartement,Marrakech,Hivernage,9 500 DH,9500,92m²,92,3 Pièces,2 Chambres,2 Salles de bains,"Terrasse, Garage, Ascenseur, Piscine, Meublé, Salon européen, Antenne parabolique, Climatisation, Chauffage central, Sécurité, Double vitrage, Porte blindée, Cuisine équipée, Réfrigérateur, Four, TV, Machine à laver, Micro-ondes",Au cœur de l’hivernage Votre agence immobilière LYZ MARRAKECH SERVICES vous propose à la location longue durée uniquement un appartement meublé neuf à l’étage Dans une nouvelle résidence avec piscine Superficie de 92 m2 Composé de : - Un grand salon avec accès au balcon - 2 chambres dont une suite parentale - 2 salles de bains - Cuisine équipée séparée - place de parking en sous-sol - Piscine collective disponible Sous location interdite ...,https://www.mubawab-media.com/ad/8/400/679F/h/photo_0_83060580.avif,20,2026-09-30
8287220,Louez cet appartement à Hivernage. 4 pièces confortables. ...,https://www.mubawab.ma/fr/a/8287220/louez-cet-appartement-%C3%A0-hivernage-4-pi%C3%A8ces-confortables-syst%C3%A8me-de-climatisation,Location,Appartement,Marrakech,Hivernage,9 500 DH,9500,100m²,100,4 Pièces,2 Chambres,2 Salles de bains,"Terrasse, Climatisation","Appartement idéal en location. Prix 9 500 DH. 2 chambres, 2 salles de bains, superficie 100 m². 4 pièces lumineuses. Moins de 10 ans. Climatisation. Appartement vide à louer situé dans le prestigieux quartier de l’Hivernage, sécurisée, en face du Consulat de France. D’une superficie de 100 m², il se compose de : • 2 chambres • 2 salles de bain • Un salon lumineux • Une cuisine • Une grande terrasse Appartement spacieux, calme et idéalement...",https://www.mubawab-media.com/ad/8/287/220F/h/photo_00_81793013.avif,10,2026-09-30
8424460,Residence piscine appart 2 chbres meuble,https://www.mubawab.ma/fr/a/8424460/residence-piscine-appart-2-chbres-meuble,Location,Appartement,Marrakech,Hivernage,10 000 DH,10000,95m²,95,3 Pièces,2 Chambres,2 Salles de bains,"Terrasse, Garage, Ascenseur, Vue sur les montagnes, Piscine, Concierge, Chambre rangement, Meublé, Salon européen, Climatisation, Double vitrage, Cuisine équipée, Réfrigérateur, Four, TV, Machine à laver, Micro-ondes",appartement de 95 m 2 chbres 2 Sdb terrasse residence piscine et parking sous sol hivernage proche Menara all possible sous location 12000 dhs,https://www.mubawab-media.com/ad/8/424/460F/h/WhatsApp_Image_2026-09-28_at_19.12.41__3__83317989.avif,20,2026-09-30
8378940,Appartement T2 meublé en location à Hivernage,https://www.mubawab.ma/fr/a/8378940/appartement-t2-meubl%C3%A9-en-location-%C3%A0-hivernage,Location,Appartement,Marrakech,Hivernage,10 000 DH,10000,61m²,61,2 Pièces,1 Ch.,1 Salle de bain,"Jardin, Terrasse, Garage, Ascenseur, Piscine, Concierge, Meublé, Salon européen, Antenne parabolique, Climatisation, Chauffage central, Sécurité, Cuisine équipée, Réfrigérateur, Four, TV, Machine à laver","Appartement T2 meublé en location à Hivernage , Situé dans une résidence de standing fermée et sécurisée avec piscines et jardin, L'agence immobilière Marrakesh Opportunity vous présente un élégant appartement meublé de 61 m² offre un cadre de vie raffiné, alliant confort et emplacement d’exception, à proximité immédiate des meilleurs restaurants, hôtels et centres d’intérêt de Marrakech. Dès l’entrée, vous serez séduit par un salon spacieux et b...",https://www.mubawab-media.com/ad/8/378/940F/h/f6c9fd81-1929-45d9-9130-e09a287df46b_82821806.avif,10,2026-09-30
8389407,"Bail Habitation Appart 2 CH, Salon avec Terrasse",https://www.mubawab.ma/fr/a/8389407/bail-habitation-appart-2-ch-salon-avec-terrasse,Location,Appartement,Marrakech,Hivernage,10 000 DH,10000,87m²,87,3 Pièces,2 Chambres,1 Salle de bain,"Terrasse, Garage, Ascenseur, Concierge, Meublé, Façade extérieure, Salon européen, Antenne parabolique, Cheminée, Climatisation, Sécurité, Double vitrage, Porte blindée, Cuisine équipée, Réfrigérateur, Four, TV, Machine à laver, Micro-ondes, Animaux domestiques autorisés","Magnifique appartement meublé de 87 m² à louer en longue durée. Soigneusement meublé et équipé, usage exclusif habitation. « Sous-location non autorisée. » 1er étage d’une résidence sécurisée qu quartier Hivernage. 1 salon lumineux avec cheminée, coin salle à manger et grande terrasse avec salon aménagé. Toilette des invités. 2 chambres avec placards. 1 salle de bain avec douche à l’italienne. Cuisine séparée totalement équipée. Climatisation...",https://www.mubawab-media.com/ad/8/389/407F/h/appart-terrasse-hiverrnage__32_-_83181772.avif,17,2026-09-30
8410974,Superbe appartement duplex vide de 100 m² à l'Hivernage Long...,https://www.mubawab.ma/fr/a/8410974/superbe-appartement-duplex-vide-de-100-m%C2%B2-%C3%A0-l-hivernage-longue-dur%C3%A9e,Location,Duplex,Marrakech,Hivernage,10 000 DH,10000,100m²,100,4 Pièces,3 Chambres,2 Salles de bains,"Jardin, Terrasse, Garage, Ascenseur, Piscine, Salon européen, Antenne parabolique, Climatisation, Chauffage central, Sécurité, Double vitrage, Porte blindée, Cuisine équipée, Four","Situé dans le quartier prisé et recherché de l'Hivernage, ce bel appartement récent orienté sud offre un cadre de vie moderne, raffiné et lumineux. Agencement : 3 chambres avec parquet au sol, 2 salles de bains modernes, et un salon spacieux aux finitions en marbre. Cuisine séparée Confort : Climatisation, chauffage, double vitrage, ascenseur et garage sécurisé. Résidence : Piscine extérieure, espaces verts et terrasse commune. Emplacement : Proc...",https://www.mubawab-media.com/ad/8/410/974F/h/photo_0_83168239.avif,13,2026-09-30
8399855,Superbe appartement à louer à Hivernage. Surface totale 70 m...,https://www.mubawab.ma/fr/a/8399855/superbe-appartement-%C3%A0-louer-%C3%A0-hivernage-surface-totale-70-m%C2%B2-meubl%C3%A9,Location,Appartement,Marrakech,Hivernage,10 000 DH,10000,70m²,70,1 Pièce,2 Chambres,2 Salles de bains,"Terrasse, Garage, Ascenseur, Piscine, Meublé, Salon Marocain, Salon européen, Climatisation, Chauffage central, Cuisine équipée, Réfrigérateur, Four, TV, Machine à laver, Internet","Cet appartement moderne à louer, situé dans le prestigieux quartier de Hivernage à Marrakech, offre une surface de 70 m² avec une orientation sud, garantissant lumière et luminosité tout au long de la journée. L'intérieur se distingue par son design contemporain. Le salon européen spacieux et élégamment décoré dispose d'un sol moderne et offre une belle ouverture sur une terrasse, parfaite pour se détendre ou recevoir. Les deux chambres confortab...",https://www.mubawab-media.com/ad/8/399/855F/h/photo_00_83050360.avif,13,2026-09-30
8376028,"Appartement à Louer de 80.0 m² à Marrakech, Hivernage",https://www.mubawab.ma/fr/a/8376028/appartement-%C3%A0-louer-de-80-0-m%C2%B2-%C3%A0-marrakech-hivernage,Location,Appartement,Marrakech,Hivernage,10 000 DH,10000,80m²,80,4 Pièces,2 Chambres,3 Salles de bains,"Garage, Ascenseur, Meublé","À louer, bel appartement de 80 m² situé au 2ème étage d'un immeuble de 5 étages dans le quartier prisé de Hivernage, Marrakech. Il comprend 2 chambres et 2 salles de bain, offrant un cadre de vie confortable et moderne. Idéal pour les professionnels ou les familles. Loyer mensuel : 10 000 Dhs",https://www.mubawab-media.com/ad/8/376/028F/h/image_174684166_82789649.avif,8,2026-09-30
8369413,Apparemment à l'hivernage 3 BALCON,https://www.mubawab.ma/fr/a/8369413/apparemment-%C3%A0-l-hivernage-3-balcon,Location,Appartement,Marrakech,Hivernage,10 000 DH,10000,100m²,100,2 Pièces,2 Chambres,2 Salles de bains,"Terrasse, Garage","À louer – Appartement à l’Hivernage Situé dans le prestigieux quartier de l’Hivernage, côté Tennis, cet appartement de 100 m² au 2ᵉ étage offre un cadre de vie agréable et lumineux. Caractéristiques : • 100 m² habitables • 2 chambres • 1 salle de bain 1 salle d’eau invités • 3 balcons • Place de parking titrée au sous-sol • Résidence calme et sécurisée • Possibilité de retirer le canapé selon vos besoins Loyer : 10 000 DH/mois ...",https://www.mubawab-media.com/ad/8/369/413F/h/WhatsApp%20Image%202026-06-22%20at%2013.33.00-2_82714304.avif,10,2026-09-30
8294261,Très bel appartement en location à Hivernage. Surface totale...,https://www.mubawab.ma/fr/a/8294261/tr%C3%A8s-bel-appartement-en-location-%C3%A0-hivernage-surface-totale-100-m%C2%B2-vide,Location,Appartement,Marrakech,Hivernage,10 000 DH,10000,100m²,100,3 Pièces,2 Chambres,2 Salles de bains,"Jardin, Terrasse, Garage, Ascenseur, Piscine, Concierge, Meublé, Façade extérieure, Climatisation, Chauffage central, Double vitrage, Cuisine équipée, Réfrigérateur, Four, TV, Machine à laver, Micro-ondes","Appartement idéal en location vide . Prix 10 000 DH. 3 pièces, 2 salles de bains, surface 100 m². 2 chambres. 4ème étage. Moins de 20 ans. Revêtement: Marbre. Meublé. Cet appartement est à louer à Hivernage. Nombreux équipements dont climatisation et piscine. La résidence dispose également d'un service de conciergerie,. Dispose d'une terrasse, ascenseur et places de parking. Contactez-nous si vous êtes intéressé par cet appartement à Marrakech...",https://www.mubawab-media.com/ad/8/294/261F/h/photo_5_81867107.avif,26,2026-09-30
8302385,Appartement 2 chambres salon à hivernage Marrakech,https://www.mubawab.ma/fr/a/8302385/appartement-2-chambres-salon-%C3%A0-hivernage-marrakech,Location,Appartement,Marrakech,Hivernage,10 500 DH,10500,116m²,116,3 Pièces,2 Chambres,2 Salles de bains,"Terrasse, Garage, Ascenseur, Piscine, Concierge, Meublé, Façade extérieure, Salon européen, Antenne parabolique, Climatisation, Chauffage central, Sécurité, Double vitrage, Porte blindée, Cuisine équipée, Réfrigérateur, Four, TV, Machine à laver, Micro-ondes, Internet",Appartement 2 chambres salon haut standing bien équipé avec piscine 3 minutes à la gare du train centre de Guiliz avec place parking wifi gratuit pour la location longue durée,https://www.mubawab-media.com/ad/8/302/385F/h/IMG_5901_81957139.avif,15,2026-09-30
8424184,T3 refait à neuf Rés piscine parking gardien,https://www.mubawab.ma/fr/a/8424184/t3-refait-%C3%A0-neuf-r%C3%A9s-piscine-parking-gardien,Location,Appartement,Marrakech,Hivernage,10 900 DH,10900,90m²,90,3 Pièces,2 Chambres,2 Salles de bains,"Jardin, Terrasse, Garage, Ascenseur, Piscine, Concierge, Chambre rangement, Meublé, Salon européen, Climatisation, Chauffage central, Sécurité, Cuisine équipée, Réfrigérateur, Four, TV, Machine à laver, Micro-ondes","LEV IMMO vous propose à la location longue durée un magnifique appartement entièrement rénové, idéalement situé à l’Hivernage 3, entre la Gare de Marrakech et M Avenue. Au sein d’une résidence sécurisée, calme et parfaitement entretenue, avec gardien, piscine, ascenseur et parking, cet appartement d’environ 90 m² offre un cadre de vie privilégié dans l’un des quartiers les plus prisés de Marrakech. Il se compose de : • Deux chambres confortabl...",https://www.mubawab-media.com/ad/8/424/184F/h/Design_sans_titre__55__83315280.avif,12,2026-09-30
8395817,HIVERNAGE Beau T3 Meublé,https://www.mubawab.ma/fr/a/8395817/hivernage-beau-t3-meubl%C3%A9,Location,Appartement,Marrakech,Hivernage,10 900 DH,10900,85m²,85,3 Pièces,2 Chambres,2 Salles de bains,"Terrasse, Garage, Ascenseur, Concierge, Chambre rangement, Meublé, Salon européen, Climatisation, Chauffage central, Sécurité, Cuisine équipée, Réfrigérateur, Four, TV, Machine à laver, Micro-ondes","LEV IMMO vous présente un bel appartement meublé à la location longue durée, idéalement situé au cœur de l’Hivernage, à proximité du Café Lobo. D’une superficie de 85 m², cet appartement, meublé avec goût, offre un cadre de vie confortable dans l’un des quartiers les plus recherchés de Marrakech. Il se compose de : * Deux chambres * Deux salles de bain * Un salon lumineux * Une terrasse * Une cuisine entièrement équipée * Climatisation * Ascen...",https://www.mubawab-media.com/ad/8/395/817F/h/Design%20sans%20titre%20%2846%29_83007384.avif,9,2026-09-30
8254870,Magnifique appartement à louer à L’hivernage,https://www.mubawab.ma/fr/a/8254870/magnifique-appartement-%C3%A0-louer-%C3%A0-l%E2%80%99hivernage,Location,Appartement,Marrakech,Hivernage,11 000 DH,11000,85m²,85,3 Pièces,2 Chambres,2 Salles de bains,"Garage, Ascenseur, Piscine, Concierge, Meublé, Salon européen, Climatisation, Sécurité, Cuisine équipée, Réfrigérateur, Four, TV, Machine à laver, Micro-ondes, Internet, Animaux domestiques autorisés","Résidence Menara Garden – Marrakech À louer en location longue durée, bel appartement meublé avec goût, situé dans une résidence sécurisée avec piscine. 2 chambres Salon lumineux Résidence avec ascenseur Place de parking ‍️ Piscine Vue sur la piscine Appartement bien meublé et entièrement équipé Résidence calme et sécurisée Loyer : 11 000 DH / mois Location longue durée uniquement. Pour plus d’informations ou pour organiser...",https://www.mubawab-media.com/ad/8/254/870F/h/photo_0_83158975.avif,19,2026-09-21
8417335,À louer – Bel appartement 2 chambres à l’Hivernage,https://www.mubawab.ma/fr/a/8417335/%C3%A0-louer-%E2%80%93-bel-appartement-2-chambres-%C3%A0-l%E2%80%99hivernage,Location,Appartement,Marrakech,Hivernage,11 000 DH,11000,100m²,100,3 Pièces,2 Chambres,2 Salles de bains,"Jardin, Terrasse, Garage, Ascenseur, Piscine, Concierge, Meublé, Façade extérieure, Salon européen, Antenne parabolique, Climatisation, Chauffage central, Sécurité, Cuisine équipée, Réfrigérateur, Four, TV, Machine à laver, Micro-ondes, Animaux domestiques autorisés","À louer, agréable appartement de 2 chambres et salon, situé au 2ᵉ étage d’une résidence sécurisée avec piscine, au cœur du prestigieux quartier de l’Hivernage à Marrakech. L’appartement bénéficie d’un emplacement privilégié, dans un environnement calme et recherché. Il offre une belle luminosité et surtout aucun vis-à-vis, garantissant intimité et tranquillité. Il se compose de : Un salon confortable et lumineux Deux chambres Une c...",https://www.mubawab-media.com/ad/8/417/335F/h/PHOTO-2026-04-30-17-35-19_1_83239629.avif,21,2026-09-30
8423305,Menara Garden 2 ch 80 m² – sous location autorisée,https://www.mubawab.ma/fr/a/8423305/menara-garden-2-ch-80-m%C2%B2-%E2%80%93-sous-location-autoris%C3%A9e,Location,Appartement,Marrakech,Hivernage,11 000 DH,11000,72m²,72,3 Pièces,2 Chambres,2 Salles de bains,"Garage, Ascenseur, Piscine, Meublé, Sécurité","À louer à la résidence Menara Garden, au cœur de l’Hivernage à Marrakech : appartement meublé de 80 m² avec 2 chambres et 2 salles de bain. Atout majeur : la sous-location est autorisée, une opportunité adaptée à un projet de location gérée ou d’exploitation locative. Le bien se situe dans une résidence fermée et sécurisée avec piscine, ascenseur et parking en sous-sol, à quelques pas de M Avenue. Loyer : 11 000 DH par mois. Conditions :...",https://www.mubawab-media.com/ad/8/423/305F/h/55d2dc26dfac69d2_83305543.avif,13,2026-09-30
8419817,Appartement 2 chbres hivernage residence piscine,https://www.mubawab.ma/fr/a/8419817/appartement-2-chbres-hivernage-residence-piscine,Location,Appartement,Marrakech,Hivernage,11 000 DH,11000,122m²,122,3 Pièces,2 Chambres,2 Salles de bains,"Terrasse, Garage, Ascenseur, Vue sur les montagnes, Piscine, Concierge, Chambre rangement, Meublé, Salon européen, Climatisation, Sécurité, Double vitrage, Cuisine équipée, Réfrigérateur, Four, TV, Machine à laver, Micro-ondes","À LOUER – Hivernage Appartement 122 m² • 2 chambres • 2 salles de bain WC invités • Double terrasse • Résidence sécurisée avec piscine • Place de parking • Disponible immédiatement • Loyer : 12 000 DH/mois, négociable",https://www.mubawab-media.com/ad/8/419/817F/h/WhatsApp_Image_2026-09-19_at_13.41.34_83266728.avif,20,2026-09-30
8398692,Appartement lumineux à louer à Hivernage — 87 m²,https://www.mubawab.ma/fr/a/8398692/appartement-lumineux-%C3%A0-louer-%C3%A0-hivernage-%E2%80%94-87-m%C2%B2,Location,Appartement,Marrakech,Hivernage,11 000 DH,11000,87m²,87,3 Pièces,2 Chambres,1 Salle de bain,"Jardin, Terrasse, Garage, Piscine, Concierge, Meublé, Façade extérieure, Salon européen, Antenne parabolique, Climatisation, Sécurité, Double vitrage, Cuisine équipée, Réfrigérateur, Four, TV, Machine à laver, Micro-ondes, Animaux domestiques autorisés","L’Immobilier Sans Frontières vous propose à la location cet appartement situé à Hivernage, Marrakech, au 1er étage d’un immeuble, dans un quartier recherché à proximité des principales commodités. D’une superficie de 87 m², cet appartement climatisé bénéficie d’une belle luminosité, d’un agencement fonctionnel et d’une agréable terrasse. Cet appartement se compose de : Salon européen avec climatisation et télévision – Séjour – Cuisine équipée –...",https://www.mubawab-media.com/ad/8/398/692F/h/0%20image%20a%20la%20une%20Photo%20_83038234.avif,11,2026-09-30
8372387,"Appartement rénové avec terrasse, Hivernage",https://www.mubawab.ma/fr/a/8372387/appartement-r%C3%A9nov%C3%A9-avec-terrasse-hivernage,Location,Appartement,Marrakech,Hivernage,11 000 DH,11000,,,1 Pièce,1 Ch.,1 Salle de bain,"Terrasse, Ascenseur, Piscine, Concierge, Chambre rangement, Climatisation, Sécurité, Cuisine équipée","Idéalement situé au cœur du prestigieux quartier de l'Hivernage, à seulement quelques mètres du Sofitel, cet appartement entièrement rénové offre un cadre de vie confortable au sein d'une résidence sécurisée avec ascenseur. Situé au 5ᵉ étage, il bénéficie d'une belle luminosité, d'un séjour ouvrant sur une grande terrasse et de prestations modernes, parfaites pour une location longue durée. Caractéristiques : • Appartement entièrement...",https://www.mubawab-media.com/ad/8/372/387F/h/5_82746799.avif,6,2026-09-30
8379173,Appartement de 2 Chambres avec Piscine Commune,https://www.mubawab.ma/fr/a/8379173/appartement-de-2-chambres-avec-piscine-commune,Location,Riad,Marrakech,Hivernage,11 500 DH,11500,68m²,68,8 Pièces,2 Chambres,1 Salle de bain,"Terrasse, Ascenseur, Piscine, Concierge, Meublé, Façade extérieure, Salon européen, Antenne parabolique, Climatisation, Chauffage central, Sécurité, Double vitrage, Porte blindée, Cuisine équipée, Réfrigérateur, Four, TV, Machine à laver, Micro-ondes, Internet","Appartement de 2 Chambres avec Piscine Commune, Hivernage, Marrakech Découvrez ce charmant appartement meublé de 2 chambres, idéalement situé au 3ème étage avec ascenseur d'une résidence calme et sécurisée au cœur du prestigieux quartier de l'Hivernage. Offrant une superficie de 68 m², cet appartement séduit par son agencement simple et fonctionnel, son atmosphère chaleureuse inspirée des riads marocains et ses finitions contemporaines, créant u...",https://www.mubawab-media.com/ad/8/379/173F/h/ChatGPT%20Image%20Jul%206%2C%202026%2C%2007_18_11%20PM_82824505.avif,13,2026-09-30
8043535,App neuf avec Piscine,https://www.mubawab.ma/fr/a/8043535/app-neuf-avec-piscine,Location,Appartement,Marrakech,Hivernage,11 500 DH,11500,90m²,90,3 Pièces,2 Chambres,2 Salles de bains,"Terrasse, Garage, Ascenseur, Piscine, Concierge, Chambre rangement, Meublé, Salon européen, Antenne parabolique, Climatisation, Sécurité, Double vitrage, Porte blindée, Cuisine équipée, Réfrigérateur, Four, TV, Machine à laver, Micro-ondes, Internet, Animaux domestiques autorisés","À LOUER – APPARTEMENT 2 CHAMBRES HIVERNAGE, MARRAKECH Hivernage – à seulement 3 minutes de la gare Découvrez ce bel appartement moderne situé dans une résidence sécurisée, offrant confort, élégance et emplacement stratégique. CARACTÉRISTIQUES • 2 chambres – 3 lits • 2 salles de bains • Piscine • Wi-Fi • Climatisation • Cuisine équipée • Balcon • Parking • Ascenseur • Serrure connectée LES • Résidence sécurisée • Empl...",https://www.mubawab-media.com/ad/8/043/535F/h/ac766157-c410-4d38-94a7-4d828eaba206_83245560.avif,20,2026-09-30
8405465,Très bel appartement à louer Résidence à hivernage,https://www.mubawab.ma/fr/a/8405465/tr%C3%A8s-bel-appartement-%C3%A0-louer-r%C3%A9sidence-%C3%A0-hivernage,Location,Appartement,Marrakech,Hivernage,11 500 DH,11500,115m²,115,2 Pièces,2 Chambres,2 Salles de bains,"Jardin, Terrasse, Garage, Ascenseur, Vue sur les montagnes, Piscine, Antenne parabolique, Climatisation, Sécurité, Cuisine équipée, Réfrigérateur, Four","Très bel appartement à louer sur Boulevard Mohamed 6 près de toutes commodités, très ensoleillé avec une belle terrasse et sans vis à vis avec vue sur le jardin et piscine d'une superficie de 115 m², dans une résidence calme et sécurisée avec ascenseur, grand jardin et belle piscine, il se compose de : - 2 chambres très lumineuses. - 2 SDB plus toilette invités. - 1 salon. - 1 cuisine équipée. Prix de location : 11 500dhs/mois. Merci de n...",https://www.mubawab-media.com/ad/8/405/465F/h/WhatsApp%20Image%202024-06-14%20at%2013.20.41%20%282%29_83109296.avif,28,2026-09-30
8417949,Très bel appartement familial Bien meublé,https://www.mubawab.ma/fr/a/8417949/tr%C3%A8s-bel-appartement-familial-bien-meubl%C3%A9,Location,Appartement,Marrakech,Hivernage,11 500 DH,11500,96m²,96,4 Pièces,3 Chambres,2 Salles de bains,"Jardin, Terrasse, Garage, Ascenseur, Piscine, Concierge, Meublé, Salon européen, Antenne parabolique, Climatisation, Sécurité, Porte blindée, Cuisine équipée, Réfrigérateur, Four, TV, Machine à laver, Micro-ondes, Internet","Appartement Meublé à Louer – Marrakech, Ain Mezouar à la nouvelle extension de l'Hivernage(Menara Garden) L’agence Tinass Immo vous propose à la location longue durée un superbe appartement meublé de 96 m², situé au 1er étage de la résidence sécurisée Menara Garden, dans le quartier prisé d’Ain Mezouar, à proximité immédiate de l’hôtel Pestana CR7. Caractéristiques du bien : * 1 salon spacieux et lumineux * 3 chambres confortables * 2 sal...",https://www.mubawab-media.com/ad/8/417/949F/h/119014_83246229.avif,18,2026-09-30
8402552,Appartement premium meublé – Hivernage,https://www.mubawab.ma/fr/a/8402552/appartement-premium-meubl%C3%A9-%E2%80%93-hivernage,Location,Appartement,Marrakech,Hivernage,11 500 DH,11500,82m²,82,3 Pièces,2 Chambres,2 Salles de bains,"Terrasse, Garage, Ascenseur, Piscine, Concierge, Meublé, Façade extérieure, Salon européen, Antenne parabolique, Cheminée, Climatisation, Sécurité, Double vitrage, Porte blindée, Cuisine équipée, Réfrigérateur, Four, TV, Machine à laver, Micro-ondes","Appartement meublé à louer – Hivernage À louer en longue durée, magnifique appartement meublé de 77 m² habitables, idéalement situé au 2ᵉ étage d’une résidence sécurisée avec piscine, dans le très recherché quartier de l’Hivernage à Marrakech. Son emplacement stratégique permet de profiter pleinement des principales commodités et adresses de la ville : • À seulement 500 m de M Avenue • À 650 m du Menara Mall • À 1,4 km de la gare ferroviaire de M...",https://www.mubawab-media.com/ad/8/402/552F/h/photo_0_83227577.avif,20,2026-09-30
8411825,"Produit Rare en location meublée, Hivernage",https://www.mubawab.ma/fr/a/8411825/produit-rare-en-location-meubl%C3%A9e-hivernage,Location,Appartement,Marrakech,Hivernage,12 000 DH,12000,112m²,112,3 Pièces,2 Chambres,2 Salles de bains,"Jardin, Terrasse, Garage, Ascenseur, Piscine, Concierge, Meublé, Salon européen, Climatisation, Sécurité, Double vitrage, Porte blindée, Cuisine équipée, Réfrigérateur, Four, TV, Machine à laver, Micro-ondes","À louer en longue durée, coquet appartement entièrement meublé, situé au sein de la résidence Babylone 2 au cœur du quartier touristique et festif de Marrakech. D’une superficie de 112 m², cet appartement bénéficie d’un emplacement privilégié dans un environnement calme, verdoyant et parfaitement entretenu. Situé au 1er étage, il offre une belle luminosité ainsi qu’une agréable terrasse privée. L’appartement se compose d’un salon spacieux et con...",https://www.mubawab-media.com/ad/8/411/825F/h/Sejour_83178008.avif,8,2026-09-30
8223135,Hivernage T3 meublé neuf,https://www.mubawab.ma/fr/a/8223135/hivernage-t3-meubl%C3%A9-neuf,Location,Appartement,Marrakech,Hivernage,12 000 DH,12000,90m²,90,3 Pièces,2 Chambres,1 Salle de bain,"Jardin, Garage, Ascenseur, Concierge, Chambre rangement, Meublé, Salon européen, Climatisation, Chauffage central, Sécurité, Cuisine équipée, Réfrigérateur, Four, TV, Machine à laver, Micro-ondes","Les Tailleurs de l’Immobilier vous présente: À louer, un magnifique appartement moderne situé dans un immeuble récent avec gardien, garantissant sécurité et confort, au cœur de l’Hivernage 3, à proximité de la gare, du Jardin des Ménara, de M Avenue et de toutes commodités. L’appartement, entièrement meublé, se compose de : • 2 chambres, • 1 salle de bain, • 1 toilette indépendant, • une très belle cuisine moderne équipée, • un va...",https://www.mubawab-media.com/ad/8/223/135F/h/WhatsApp%20Image%202025-09-24%20%C3%A0%2014.52.51_2ccbdd82_81103532.avif,11,2026-09-30
8384007,Charmant Duplex Au Cœur Du Hivernage,https://www.mubawab.ma/fr/a/8384007/charmant-duplex-au-c%C5%93ur-du-hivernage,Location,Duplex,Marrakech,Hivernage,12 000 DH,12000,126m²,126,3 Pièces,2 Chambres,2 Salles de bains,"Jardin, Garage, Concierge, Meublé, Salon Marocain, Antenne parabolique, Climatisation, Double vitrage, Cuisine équipée, Réfrigérateur, Four, TV, Machine à laver, Micro-ondes","Le 25 Immobilier vous propose à la location ce charmant duplex de 126 m², idéalement situé au cœur du véritable Hivernage, dans une résidence de charme offrant un cadre de vie calme et agréable, à proximité immédiate de toutes les commodités. Réparti sur deux niveaux, ce duplex séduit par son agencement fonctionnel et ses espaces de vie confortables. Au rez-de-chaussée, vous découvrirez un vaste salon lumineux, une cuisine avec espace salle...",https://www.mubawab-media.com/ad/8/384/007F/h/A3%202_82876368.avif,10,2026-09-30
8417343,Appartement 2 chambres meublé avec balcon à louer hivernage...,https://www.mubawab.ma/fr/a/8417343/appartement-2-chambres-meubl%C3%A9-avec-balcon-%C3%A0-louer-hivernage-2-marrakech,Location,Appartement,Marrakech,Hivernage,12 000 DH,12000,84m²,84,3 Pièces,2 Chambres,1 Salle de bain,"Terrasse, Meublé, Cuisine équipée, Réfrigérateur, Four","À louer à Marrakech, cet appartement meublé de 2 chambres avec balcon, situé dans le quartier huppé d'Hivernage 2, offre un cadre de vie élégant et confortable. Une belle opportunité pour la location Marrakech, idéale pour une installation immédiate dans l'un des quartiers les plus recherchés de la ville. Il comprend un salon-salle à manger accueillant, une cuisine équipée d'une plaque électrique, d'un four, d'un réfrigérateur et d'un lave-vaisse...",https://www.mubawab-media.com/ad/8/417/343F/h/thumb_163054_property_xlarge_83239730.avif,12,2026-09-30
8416214,Appartement entièrement meublé Hivernage,https://www.mubawab.ma/fr/a/8416214/appartement-enti%C3%A8rement-meubl%C3%A9-hivernage,Location,Appartement,Marrakech,Hivernage,12 000 DH,12000,80m²,80,3 Pièces,2 Chambres,2 Salles de bains,"Terrasse, Garage, Ascenseur, Vue sur les montagnes, Piscine, Concierge, Chambre rangement, Meublé, Façade extérieure, Salon européen, Antenne parabolique, Climatisation, Chauffage central, Sécurité, Double vitrage, Porte blindée, Cuisine équipée, Réfrigérateur, Four, TV, Machine à laver, Micro-ondes, Internet, Animaux domestiques autorisés","Appartement entièrement meublé pour location longue durée au centre du quartier de l'Hivernage proche de M Avenue. Il est situé dans un bâtiment haut standing mais à également l’avantage supplémentaire d’Être proche d’équipements de qualité tels qu’un supermarchés et une richesse de cafés et restaurants et des boutiques de marque. Il est également idéal pour vos besoins de voyage car il est proche de la gare, un trajet de 10 minutes de l’aéroport...",https://www.mubawab-media.com/ad/8/416/214F/h/PHOTO-2026-09-11-14-21-46_6_83226985.avif,12,2026-09-30
8413713,Superbe Appart 2cham Locat longue durée Hivernage,https://www.mubawab.ma/fr/a/8413713/superbe-appart-2cham-locat-longue-dur%C3%A9e-hivernage,Location,Appartement,Marrakech,Hivernage,12 000 DH,12000,120m²,120,3 Pièces,2 Chambres,2 Salles de bains,"Jardin, Terrasse, Garage, Ascenseur, Piscine, Concierge, Chambre rangement, Meublé, Climatisation, Chauffage central, Sécurité, Cuisine équipée, Réfrigérateur, Four, TV, Machine à laver, Micro-ondes","Location longue durée Superbe Appart 2cham, 2sdb, grand terrasse. avec piscine, parking sous-sol. Hivernage 3, Marrakech Prix : 12.000 Dhs / Mois Conditions : 2 mois de caution 1 mois de loyer 1 mois frais d’agence Pour toute autre information, veuillez nous contacter",https://www.mubawab-media.com/ad/8/413/713F/h/WhatsApp_Image_2026-09-10_at_21.45.47fdgdfg_83199367.avif,17,2026-09-30
8411514,Superbe appartement à louer à Hivernage. Surface de 140 m². ...,https://www.mubawab.ma/fr/a/8411514/superbe-appartement-%C3%A0-louer-%C3%A0-hivernage-surface-de-140-m%C2%B2-bien-meubl%C3%A9,Location,Duplex,Marrakech,Hivernage,12 000 DH,12000,140m²,140,5 Pièces,3 Chambres,2 Salles de bains,"Jardin, Meublé, Salon européen, Climatisation, Sécurité, Cuisine équipée, Réfrigérateur, Four, TV, Machine à laver","À LOUER – APPARTEMENT 3 CH MEUBLÉ STYLE DUPLEX HIVERNAGE Découvrez ce bel appartement meublé, style duplex, idéalement situé dans le quartier prisé de l’Hivernage à Marrakech. Il se compose de : • ️ 3 chambres • 2 salles de bains modernes • 1 WC • ️ 1 salon spacieux • ️ 1 cuisine ouverte • Un petit cour extérieur • 2 accès à l’appartement • 1er étage – sans ascenseur • ️ Entièrement meublé Emplacement privilégié : • À 12 min de Jemaa el-...",https://www.mubawab-media.com/ad/8/411/514F/h/photo_00_83174470.avif,13,2026-09-30
8305549,Duplex Meublé 110 m² 3 Chambres Hivernage,https://www.mubawab.ma/fr/a/8305549/duplex-meubl%C3%A9-110-m%C2%B2-3-chambres-hivernage,Location,Duplex,Marrakech,Hivernage,12 000 DH,12000,110m²,110,5 Pièces,3 Chambres,2 Salles de bains,"Terrasse, Concierge, Chambre rangement, Meublé, Façade extérieure, Salon européen, Antenne parabolique, Climatisation, Sécurité, Double vitrage, Porte blindée, Cuisine équipée, Réfrigérateur, Four, TV, Machine à laver, Internet, Animaux domestiques autorisés","À louer longue durée, superbe duplex meublé situé à l'Hivernage dans une rue très calme. Duplex moderne avec grande hauteur sous plafond, très lumineux grâce aux grandes fenêtres. Disposition : Niveau 1 : Grand salon moderne Cuisine américaine entièrement équipée (four, lave-vaisselle, machine à laver, frigo, grand évier) Espace salle à manger Étage : Deuxième salon 3 chambres - Suite parentale avec salle de bain, toilette et balcon sans vis...",https://www.mubawab-media.com/ad/8/305/549F/h/SALON%20HAUTEUR_81988311.avif,14,2026-09-30
8256787,Appartement à louer à Hivernage. Surface de 85 m². Meublé,https://www.mubawab.ma/fr/a/8256787/appartement-%C3%A0-louer-%C3%A0-hivernage-surface-de-85-m%C2%B2-meubl%C3%A9,Location,Appartement,Marrakech,Hivernage,12 000 DH,12000,85m²,85,4 Pièces,2 Chambres,2 Salles de bains,"Terrasse, Ascenseur, Concierge, Meublé, Salon européen, Climatisation, Cuisine équipée, Réfrigérateur, Four, TV, Machine à laver, Micro-ondes, Internet","Louez l'appartement de vos rêves. Prix 12 000 DH. 2 chambres, 2 salles de bains, 85 m². 4 pièces lumineuses. Bon état. Propriété entièrement meublée. Venez découvrir cet appartement en location à Hivernage. Confort et sécurité avec service de conciergerie et climatisation. Dispose d'une terrasse. Résidence avec ascenseur. Contactez-nous si vous êtes intéressé par cet appartement à Marrakech. Connexion Internet. Micro-ondes. Cuisine équipée",https://www.mubawab-media.com/ad/8/256/787F/h/photo_0_81455196.avif,15,2026-09-30
8300646,Tres bel appartement meuble hivernage marrakech,https://www.mubawab.ma/fr/a/8300646/tres-bel-appartement-meuble-hivernage-marrakech,Location,Appartement,Marrakech,Hivernage,12 000 DH,12000,100m²,100,3 Pièces,2 Chambres,2 Salles de bains,"Terrasse, Garage, Ascenseur, Piscine, Concierge, Meublé, Climatisation, Cuisine équipée","Notre agence immobilière Le Comptoir vous propose cet appartement meublé et équipé à la location longue durée, situé dans une résidence avec piscine à Hivernage, proche de toutes commodités et de M AVENUE. L’appartement offre 100m² avec salon, salle à manger et terrasse, deux chambres, deux salles de bains. La cuisine est entièrement équipée. Très bien situé à Hivernage, vous êtes à deux pas de tout. A visiter sans plus attendre!",https://www.mubawab-media.com/ad/8/300/646F/h/location-meuble-hivernage-piscine-marrakech-%287%29_81939070.avif,15,2026-09-30
8374663,"Appartement à Louer de 68.0 m² à Marrakech, Hivernage",https://www.mubawab.ma/fr/a/8374663/appartement-%C3%A0-louer-de-68-0-m%C2%B2-%C3%A0-marrakech-hivernage,Location,Appartement,Marrakech,Hivernage,12 000 DH,12000,68m²,68,4 Pièces,2 Chambres,2 Salles de bains,"Garage, Ascenseur, Meublé","À louer, bel appartement de 68 m² situé au 3ème étage dans le quartier prisé de Hivernage, Marrakech. Ce bien comprend 2 chambres et 1 salle de bain. Idéalement situé, à proximité des commodités, il offre un cadre de vie agréable. Loyer mensuel : 13 000 Dhs. Ne manquez pas cette opportunité !",https://www.mubawab-media.com/ad/8/374/663F/h/image_32398018_82771229.avif,15,2026-09-30
8328503,Appartement non meublé 2 chambres piscine parking,https://www.mubawab.ma/fr/a/8328503/appartement-non-meubl%C3%A9-2-chambres-piscine-parking,Location,Appartement,Marrakech,Hivernage,12 000 DH,12000,113m²,113,7 Pièces,2 Chambres,2 Salles de bains,"Terrasse, Garage, Ascenseur, Vue sur les montagnes, Piscine, Concierge, Meublé, Façade extérieure, Climatisation, Chauffage central, Sécurité, Cuisine équipée, Réfrigérateur, Four, Machine à laver, Micro-ondes, Internet","Situé dans le quartier de Hivernage, l’un des secteurs les plus recherchés de Marrakech, connu pour ses résidences haut de gamme et sa proximité avec les hôtels, restaurants et l’avenue Mohammed VI. Appartement non meublé mais équipé entièrement en électroménager neuf (frigo, four, lave vaisselle, machine à lavée, plaque à gaz) de 113 m² situé au 3ᵉ étage d’une résidence avec piscine. Caractéristiques : • Salon • 2 chambres • 2 salles de bai...",https://www.mubawab-media.com/ad/8/328/503F/h/photo_00_82900788.avif,14,2026-09-30
8381806,Appartement centre hivernage a louer,https://www.mubawab.ma/fr/a/8381806/appartement-centre-hivernage-a-louer,Location,Appartement,Marrakech,Hivernage,12 000 DH,12000,100m²,100,3 Pièces,2 Chambres,1 Salle de bain,"Garage, Meublé, Salon Marocain, Climatisation, Cuisine équipée","Appartement composé de deux chambres spacieuses meublées de sommiers et matelas neufs, d’une salle de bain partagée avec WC, une cuisine semi équipée et toilette invités. Le sejour et salon sont partiellement meublé et peuvent être démeublé si nécessaire et souhaité. Surface de 100 m² louée en longue durée, avec parking sous terrain",https://www.mubawab-media.com/ad/8/381/806F/h/appartement-location-maroc-marrakech-hivernage-immo-centre-gueliz-agence%20%282%29_82852720.avif,7,2026-09-30
8421902,Au pied du parc el Harti,https://www.mubawab.ma/fr/a/8421902/au-pied-du-parc-el-harti,Location,Appartement,Marrakech,Hivernage,12 200 DH,12200,83m²,83,4 Pièces,2 Chambres,1 Salle de bain,"Garage, Ascenseur, Concierge, Meublé, Salon européen, Cheminée, Climatisation, Chauffage central, Double vitrage, Cuisine équipée, Réfrigérateur, Four, TV, Machine à laver, Micro-ondes, Internet","Situé dans le prestigieux quartier de l'Hivernage à Marrakech, cet appartement rénové avec soin offre un cadre de vie moderne et confortable. Le bien se trouve au deuxième étage d'un immeuble avec ascenseur, garantissant un accès aisé. Ce logement présente un agencement efficace sur une surface de 83 m², avec deux chambres lumineuses et une salle de bain moderne. La cuisine est entièrement équipée : réfrigérateur, un micro-ondes et un four, lave...",https://www.mubawab-media.com/ad/8/421/902F/h/IMG_4741_83289875.avif,6,2026-09-30
8386740,T2 meublé à louer au coeur de l'Hivernage,https://www.mubawab.ma/fr/a/8386740/t2-meubl%C3%A9-%C3%A0-louer-au-coeur-de-l-hivernage,Location,Appartement,Marrakech,Hivernage,12 500 DH,12500,70m²,70,2 Pièces,1 Ch.,1 Salle de bain,"Terrasse, Garage, Ascenseur, Concierge, Meublé, Salon européen, Antenne parabolique, Climatisation, Chauffage central, Sécurité, Cuisine équipée, Réfrigérateur, Four, TV, Machine à laver","Appartement T2 meublé à louer au coeur de l'Hivernage, Situé dans une résidence de standing fermée et sécurisée à proximité immédiate des Hôtels , Restaurants , loisirs ... L'agence immobilière Marrakesh Opportunity vous propose à la location un appartement meublé , comprenant un salon européen une cuisine américaine avec comptoir d'espace à manger , une chambre à coucher donnant sur une terrasse aménagée , une salle de bain avec jacuzzi , une...",https://www.mubawab-media.com/ad/8/386/740F/h/ZaFX4djExtsi2PayPdj1_82906090.avif,14,2026-09-30
8404484,"Appartement 2 chambres à louer – marrakech, à 3 min de la ga...",https://www.mubawab.ma/fr/a/8404484/appartement-2-chambres-%C3%A0-louer-%E2%80%93-marrakech-%C3%A0-3-min-de-la-gare,Location,Appartement,Marrakech,Hivernage,13 000 DH,13000,80m²,80,6 Pièces,2 Chambres,2 Salles de bains,"Terrasse, Garage, Ascenseur, Piscine, Concierge, Meublé, Façade extérieure, Salon européen, Climatisation, Sécurité, Cuisine équipée, Réfrigérateur, Four, TV, Machine à laver, Micro-ondes, Internet",Appartement moderne dans une résidence sécurisée : HIVERNAGE •2 chambres – 3 lits • 2 salles de bain •Piscine • Wi-Fi •Climatisation • Cuisine équipée • Balcon • Parking • Ascenseur • Serrure connectée Loyer : 13 000 DH/mois Conditions : 2 mois de caution 1 mois de frais d’agence Contactez-moi en privé pour plus d’informations ou une visite,https://www.mubawab-media.com/ad/8/404/484F/h/photo_00_83098345.avif,19,2026-09-30
8309729,A louer: Appartement de Standing meublé Hivernage,https://www.mubawab.ma/fr/a/8309729/a-louer-appartement-de-standing-meubl%C3%A9-hivernage,Location,Appartement,Marrakech,Hivernage,13 000 DH,13000,86m²,86,3 Pièces,2 Chambres,1 Salle de bain,"Terrasse, Garage, Ascenseur, Piscine, Meublé, Salon Marocain, Climatisation, Chauffage central, Sécurité, Cuisine équipée, Réfrigérateur, Four, Machine à laver, Micro-ondes","À LOUER : Appartement Meublé de Standing – 5ème Étage – Hivernage ​Emplacement privilégié au cœur de l'Hivernage (Rue Al Adarissa), à proximité immédiate du Boulevard Mohamed VI. Cet appartement se situe dans une résidence sécurisée 24h/24 avec piscine et jardins. ​Composition et caractéristiques : ​État : Parfaitement meublé. ​Étage : 5ème étage. ​Agencement : 2 chambres, un salon spacieux, une cuisine équipée, une salle de bain et des toil...",https://www.mubawab-media.com/ad/8/309/729F/h/IMG-20260226-WA0042_82032147.avif,14,2026-09-30
8370421,Appartement vide à louer à hivernage,https://www.mubawab.ma/fr/a/8370421/appartement-vide-%C3%A0-louer-%C3%A0-hivernage,Location,Appartement,Marrakech,Hivernage,13 000 DH,13000,120m²,120,5 Pièces,2 Chambres,2 Salles de bains,"Terrasse, Garage, Ascenseur, Vue sur les montagnes, Piscine, Concierge, Climatisation, Cuisine équipée, Réfrigérateur, Four, Machine à laver",Appartement vide à louer à hivernage contient 2 chambre avec terrasse et cuisine équipée avec balcon et 2 salle de bains et un salon parking sous sol et résidence avec piscine,https://www.mubawab-media.com/ad/8/370/421F/h/IMG_9538_82725423.avif,14,2026-09-30
8389063,Appartement à louer à Hivernage. Superficie 110 m². Antenn...,https://www.mubawab.ma/fr/a/8389063/appartement-%C3%A0-louer-%C3%A0-hivernage-superficie-110-m%C2%B2-antenne-parabolique-et-s%C3%A9curit%C3%A9,Location,Appartement,Marrakech,Hivernage,13 000 DH,13000,110m²,110,2 Pièces,2 Chambres,1 Salle de bain,"Terrasse, Garage, Ascenseur, Piscine, Concierge, Meublé, Antenne parabolique, Climatisation, Chauffage central, Sécurité, Double vitrage, Porte blindée, Cuisine équipée, Machine à laver","Appartement non meublé à la location longue durée d'une superficie de 110m2 situé au 2eme étage d'une résidence avec piscine commune, ascenseur et parking sous sol à l'hivernage Cet appartement comprend un salon, 2 chambres à coucher, une salle de bain, un WC invités, une cuisine entièrement équipée et deux terrasses Prix de location : 13 000 dh inclus syndic",https://www.mubawab-media.com/ad/8/389/063F/h/photo_00_82931951.avif,14,2026-09-30
8045984,Appartement d'Exception à Louer,https://www.mubawab.ma/fr/a/8045984/appartement-d-exception-%C3%A0-louer,Location,Appartement,Marrakech,Hivernage,13 000 DH,13000,145m²,145,2 Pièces,2 Chambres,2 Salles de bains,"Garage, Piscine, Meublé, Climatisation, Double vitrage, Cuisine équipée, Machine à laver","Élégance et Confort avec Suite Parentale Découvrez cet appartement d'exception de 145 m² à louer, situé dans le quartier prestigieux de l’Hivernage à Marrakech. Dès votre arrivée, vous serez séduit par un hall d'entrée spacieux, annonciateur de l'élégance qui caractérise cet espace de vie. L'appartement dispose de deux suites parentales, avec des salles de bains privatives aménagées avec soin pour votre confort. Pour votre bien-être, une salle de...",https://www.mubawab-media.com/ad/8/045/984F/h/Appartement%20%C3%A0%20louer%20%2815%29_79316490.avif,30,2026-09-30
8372562,"Appartement à louer – Hivernage, Marrakech",https://www.mubawab.ma/fr/a/8372562/appartement-%C3%A0-louer-%E2%80%93-hivernage-marrakech,Vente,Appartement,Marrakech,Hivernage,13 500 DH,13500,80m²,80,3 Pièces,2 Chambres,2 Salles de bains,"Terrasse, Ascenseur, Climatisation, Sécurité, Cuisine équipée","Découvrez ce magnifique appartement idéalement situé au cœur du prestigieux quartier de Hivernage, offrant un cadre de vie confortable et élégant à proximité des restaurants, hôtels et commodités.Caractéristiques : 2 chambres spacieuses avec rangements 1 salon lumineux et convivial 2 salles de bain modernes Une belle terrasse idéale pour profiter des journées ensoleillées Cuisine équipée Climatisation Résidence sécurisée avec ascenseur Place de p...",https://www.mubawab-media.com/ad/8/372/562F/h/2545dfc0-aa44-4ebb-977b-1019ac366ea5_82748678.avif,18,2026-09-30
8371519,Appartement en vente à Hivernage. 3 grandes pièces,https://www.mubawab.ma/fr/a/8371519/appartement-en-vente-%C3%A0-hivernage-3-grandes-pi%C3%A8ces,Vente,Appartement,Marrakech,Hivernage,14 000 DH,14000,90m²,90,3 Pièces,2 Chambres,2 Salles de bains,"Terrasse, Garage, Meublé, Cuisine équipée","Bel appartement meublé 2 chambres à louer – Quartier Harty / Hivernage Marrakech À découvrir, superbe appartement entièrement équipé et meublé, idéalement situé dans le quartier Harty, au cœur de l’Hivernage, à seulement 2 minutes du terrain de tennis. D’une surface de 90 m², cet appartement offre un cadre de vie agréable, calme et sécurisé, tout en étant proche de toutes les commodités : pharmacie, commerces de proximité, boutiques, restaurant...",https://www.mubawab-media.com/ad/8/371/519F/h/photo_00_82737501.avif,32,2026-09-30
8263556,À louer: Duplex en rez de jardin 2ch à l'hivernage,https://www.mubawab.ma/fr/a/8263556/%C3%A0-louer-duplex-en-rez-de-jardin-2ch-%C3%A0-l-hivernage,Location,Duplex,Marrakech,Hivernage,14 000 DH,14000,142m²,142,3 Pièces,2 Chambres,2 Salles de bains,"Jardin, Terrasse, Garage, Ascenseur, Piscine, Concierge, Chambre rangement, Meublé, Salon Marocain, Salon européen, Climatisation, Sécurité, Double vitrage, Cuisine équipée, Réfrigérateur, Four, TV, Machine à laver","Découvrez ce superbe duplex en rez-de-jardin de 142 m², idéalement situé dans une grande résidence de standing à l'Hivernage, à deux pas du Menara Mall. Résidence sécurisée 24/7, calme, parfaitement entretenue, avec piscine. Rez-de-chaussée (rez-de-jardin) : Grand salon lumineux ouvrant sur le jardin privatif Cuisine américaine moderne entièrement équipée Toilettes invités Jardin privatif, parfait pour se détendre ou recevoir Étage : 2...",https://www.mubawab-media.com/ad/8/263/556F/h/WhatsApp%20Image%202025-12-01%20at%2010.37.34%20%282%29_81534882.avif,21,2026-09-30
8418419,Bel appartement a L'hivernage de 2 chambres,https://www.mubawab.ma/fr/a/8418419/bel-appartement-a-l-hivernage-de-2-chambres,Location,Appartement,Marrakech,Hivernage,14 000 DH,14000,117m²,117,3 Pièces,2 Chambres,2 Salles de bains,"Terrasse, Garage, Ascenseur, Piscine, Concierge, Chambre rangement, Meublé, Salon européen, Antenne parabolique, Climatisation, Cuisine équipée, Réfrigérateur, Four, TV, Machine à laver, Micro-ondes, Internet","Description : Votre agence immobilière InMarrakech à le plaisir de vous proposer un appartement de standing au Rdc idéalement situé à 2 minutes à pied du Menara mall comprenant une entrée , salon avec terrasse , cuisine avec grande buanderie , deux chambres dont une parentale , deux salle d’eau Accès direct à la piscine de la résidence exclusivement réservée aux résidents. -Place de Parking au sous-sol. NB : LA SOUS LOCATION EST STRICTEMENT IN...",https://www.mubawab-media.com/ad/8/418/419F/h/08a84b2d-a6d0-4348-a4ab-1f97df86a051_83251581.avif,23,2026-09-30
8417899,"Location longue durée, hivernage, piscine",https://www.mubawab.ma/fr/a/8417899/location-longue-dur%C3%A9e-hivernage-piscine,Location,Appartement,Marrakech,Hivernage,14 000 DH,14000,107m²,107,3 Pièces,2 Chambres,2 Salles de bains,"Jardin, Garage, Ascenseur, Piscine, Concierge, Meublé, Salon européen, Climatisation, Cuisine équipée, Réfrigérateur, Four, TV, Machine à laver, Internet","Maison 26 vous propose en location longue durée, un appartement meublé de standing situé à l'Hivernage, dans une résidence avec piscine, à seulement 2 minutes du Menara Mall, avenue Mohammed VI. Caractéristiques du bien : 107 m², 4e étage avec ascenseur, 2 chambres, 2 salles d'eau avec toilettes Appartement traversant, très lumineux et parfaitement agencé. Meublé avec goût, ambiance moderne chic, atmosphère chaleureuse. Composition : Entrée s...",https://www.mubawab-media.com/ad/8/417/899F/h/WhatsApp_Image_2026-08-17_at_13.49.35_83089481_83245750.avif,14,2026-09-30
8416292,Hivernage – Appartement Spacieux avec Terrasse dans Résidenc...,https://www.mubawab.ma/fr/a/8416292/hivernage-%E2%80%93-appartement-spacieux-avec-terrasse-dans-r%C3%A9sidence-avec-piscine,Location,Appartement,Marrakech,Hivernage,14 000 DH,14000,124m²,124,4 Pièces,3 Chambres,2 Salles de bains,"Terrasse, Garage, Ascenseur, Piscine, Sécurité, Four","Appartement 3 Chambres à Louer – Hivernage Découvrez cet agréable appartement vide, situé au cœur du prestigieux quartier de l’Hivernage, au sein d’une résidence sécurisée avec piscine. L’appartement se compose de : * ️ 3 chambres, dont une suite avec sa salle de bain * ️ Salon lumineux avec terrasse * ️ Cuisine * 1 salle de bain * 1 salle d’eau Un bien idéal pour une location longue durée, offrant un cadre de vie confortable, calme et sécu...",https://www.mubawab-media.com/ad/8/416/292F/h/photo_0_83227548.avif,10,2026-09-30
8324738,"2 Chambres, Piscine, Grande Terrasse, Menara Mall",https://www.mubawab.ma/fr/a/8324738/2-chambres-piscine-grande-terrasse-menara-mall,Location,Appartement,Marrakech,Hivernage,14 000 DH,14000,90m²,90,3 Pièces,2 Chambres,1 Salle de bain,"Jardin, Terrasse, Garage, Ascenseur, Piscine, Concierge, Chambre rangement, Meublé, Façade extérieure, Salon européen, Climatisation, Sécurité, Double vitrage, Cuisine équipée, Réfrigérateur, Four, TV, Machine à laver, Micro-ondes, Internet","Découvrez ce superbe appartement meublé à louer, idéalement situé dans le quartier très prisé de l'Hivernage, à deux pas du Menara Mall. Ce bien de 90 m² offre un cadre de vie exceptionnel avec toutes les commodités à portée de main. Caractéristiques de l'appartement : • Surface de 90 m² • Situé au 4ème étage • Composé de 2 chambres et 1 salon • 1 salle de bain • Meublé • Cuisine équipée • Climatisation • Résidence avec ascenseur • Parking inclu...",https://www.mubawab-media.com/ad/8/324/738F/h/aeaf9e99-782a-4b6f-8ed4-a351ddbf5712_82191854.avif,12,2026-09-30
8416069,"Noria Golf Marrakech, appartement de Standing",https://www.mubawab.ma/fr/a/8416069/noria-golf-marrakech-appartement-de-standing,Location,Appartement,Marrakech,Hivernage,14 000 DH,14000,78m²,78,3 Pièces,2 Chambres,2 Salles de bains,"Jardin, Terrasse, Garage, Vue sur les montagnes, Piscine, Concierge, Meublé, Façade extérieure, Salon européen, Antenne parabolique, Climatisation, Sécurité, Double vitrage, Cuisine équipée, Réfrigérateur, Four, TV, Machine à laver, Micro-ondes, Internet","Location longue durée — Disponible à partir d'octobre 2026 Situé dans le prestigieux domaine sécurisé du Golf Noria, à quelques minutes du centre-ville et de l'Hivernage, découvrez ce superbe appartement très haut standing, entièrement meublé et équipé avec soin. Caractéristiques du bien : Étage : 1ᵉʳ étage Composition : 2 chambres à coucher spacieuses 1 grand salon lumineux Extérieur : Balcon aménagé avec vue dégagée sur la pisc...",https://www.mubawab-media.com/ad/8/416/069F/h/Screenshot_2026-09-21_at_18-56-42_Appartement___Marrakech____4_88___2_chambres___3_lits___2_salles_de_bain_83270929.avif,13,2026-09-30
8422842,Prestigieux Appartement Meublé à louer à L'Hivernage,https://www.mubawab.ma/fr/a/8422842/prestigieux-appartement-meubl%C3%A9-%C3%A0-louer-%C3%A0-l-hivernage,Location,Appartement,Marrakech,Hivernage,15 000 DH,15000,125m²,125,3 Pièces,2 Chambres,2 Salles de bains,"Jardin, Terrasse, Garage, Ascenseur, Vue sur les montagnes, Piscine, Concierge, Meublé, Salon européen, Climatisation, Cuisine équipée, Réfrigérateur, Four, TV, Machine à laver, Micro-ondes","À la location, découvrez ce bel appartement meublé d’environ 125 m², situé au 3ᵉ étage d’une résidence de standing avec piscine, au cœur du prestigieux quartier de l’Hivernage, à proximité de Menara Mall, des restaurants, hôtels, commerces et principales commodités de Marrakech. L’appartement bénéficie de beaux volumes, d’une excellente luminosité et d’une grande terrasse aménagée. Il offre un cadre de vie confortable et élégant, idéal pour une...",https://www.mubawab-media.com/ad/8/422/842F/h/WhatsApp_Image_2026-09-25_at_12.35.12__4__83300800.avif,21,2026-09-30
8173247,Hivernage bel appartement meublé à louer,https://www.mubawab.ma/fr/a/8173247/hivernage-bel-appartement-meubl%C3%A9-%C3%A0-louer,Location,Appartement,Marrakech,Hivernage,15 000 DH,15000,120m²,120,3 Pièces,2 Chambres,2 Salles de bains,"Terrasse, Garage, Ascenseur, Piscine, Concierge, Meublé, Salon européen, Climatisation, Sécurité, Cuisine équipée, Réfrigérateur, Four, TV, Machine à laver, Internet","Dans une copropriété calme, bien entretenu et sécurisée, nous vous invitons à découvrir ce bel appartement meublé en 2 chambres avec terasses individuelle 2 salles de bains, 1 wc invités, salon/sàm ouvrant sur la terasse, cuisine équipée, grande terrasse sans vis-à-vis. La résidence offre une piscine collective tres bien entretenu et un parking au sous sol. Emplacement premium au cœur de l’Hivernage. une visite est absolu ! Loyer: 15000 dhs pa...",https://www.mubawab-media.com/ad/8/173/247F/h/photo_0_83062951.avif,7,2026-09-30
8422878,Hivernage 2 chambres,https://www.mubawab.ma/fr/a/8422878/hivernage-2-chambres,Location,Appartement,Marrakech,Hivernage,15 000 DH,15000,100m²,100,3 Pièces,2 Chambres,2 Salles de bains,"Jardin, Ascenseur","Découvrez cet exceptionnel appartement à louer situé dans le prestigieux quartier de l'Hivernage à Marrakech, à proximité du consulat de France. Avec une surface généreuse de 100 m², cet appartement offre un cadre de vie unique, idéal pour ceux qui recherchent confort et authenticité. L'appartement se compose de deux chambres spacieuses et de deux salles de bains élégantes, où des détails de design marocain traditionnel créent une atmosphère cha...",https://www.mubawab-media.com/ad/8/422/878F/h/photo_01_83301270.avif,3,2026-09-30
8400552,Appartement à louer,https://www.mubawab.ma/fr/a/8400552/appartement-%C3%A0-louer,Location,Appartement,Marrakech,Hivernage,15 000 DH,15000,110m²,110,2 Pièces,2 Chambres,1 Salle de bain,"Terrasse, Garage","Appartement à louer – Hivernage, Marrakech Bel appartement de 110 m² situé au 1er étage de la Résidence Babylone, dans le quartier recherché de l’Hivernage. Il se compose de : 2 chambres 2 salles de bains Une cuisine Un grand balcon Une place de parking au sous-sol Loyer : 15 000 DH/mois Location longue durée",https://www.mubawab-media.com/ad/8/400/552F/h/thumb_155861_property_large_83056744.avif,14,2026-09-30
8412947,Appartement 2ch à louer à Hivernage,https://www.mubawab.ma/fr/a/8412947/appartement-2ch-%C3%A0-louer-%C3%A0-hivernage,Location,Appartement,Marrakech,Hivernage,15 000 DH,15000,78m²,78,3 Pièces,2 Chambres,1 Salle de bain,Terrasse,"Turnkey vous propose. Cet appartement de deux chambres et une salle de bain se situe au 5ème étage, à l'Hivernage, l'un des quartiers les plus prisés de Marrakech. Il dispose d'une grande terrasse qui fait le tour de l'appartement, offrant un bel espace extérieur et une vue dégagée. Honoraires d'agence : un mois de loyer hors taxes, à la charge du locataire",https://www.mubawab-media.com/ad/8/412/947F/h/ALZA013-photo6_83190408.avif,17,2026-09-30
8256931,Très bel appartement en location à Hivernage. Meublé,https://www.mubawab.ma/fr/a/8256931/tr%C3%A8s-bel-appartement-en-location-%C3%A0-hivernage-meubl%C3%A9,Location,Appartement,Marrakech,Hivernage,15 000 DH,15000,113m²,113,3 Pièces,2 Chambres,2 Salles de bains,"Terrasse, Garage, Ascenseur, Concierge, Chambre rangement, Meublé, Façade extérieure, Salon Marocain, Salon européen, Antenne parabolique, Climatisation, Chauffage central, Sécurité, Double vitrage, Porte blindée, Cuisine équipée, Réfrigérateur, Four, Machine à laver, Micro-ondes","Découvrez cet appartement à louer. Prix 15000 Dhs . 2 chambres à coucher, 2 salles de bains, 113 m². 3 pièces. 2ème étage. Moins de 10 ans. Type de sol: Marbre. Meublé. Cet appartement est à louer à Hivernage. Décoration traditionnelle avec beau salon marocain. Le bien est également équipé d'une antenne parabolique et la résidence est sécurisée. Confort et sécurité avec chauffage central, porte blindée et double vitrage. Appréciez le confort de...",https://www.mubawab-media.com/ad/8/256/931F/h/photo_0_81551818.avif,32,2026-09-30
8369032,Appartement de standing à l'Hivernage,https://www.mubawab.ma/fr/a/8369032/appartement-de-standing-%C3%A0-l-hivernage,Location,Appartement,Marrakech,Hivernage,15 000 DH,15000,117m²,117,3 Pièces,2 Chambres,2 Salles de bains,"Terrasse, Garage, Ascenseur, Piscine, Concierge, Chambre rangement, Meublé, Façade extérieure, Salon européen, Antenne parabolique, Climatisation, Chauffage central, Sécurité, Cuisine équipée, Réfrigérateur, Four, TV, Machine à laver, Micro-ondes, Internet",Appartement de standing idéalement situé au coeur de l''hivernage à 2 minutes à pied du Menara mall. Proche des commerces et Grands Boulevards de Marrakech tout en étant dans une résidence calme et sécurisée. Sécurité au sein de la residence et du parking 24h/24 et 7j/7. Une équipe sérieuse et efficace. Résidence extrêmement bien entretenue avec nettoyage des parties communes chaque matin. Appartement bien entretenu et équipé avec tous ce don...,https://www.mubawab-media.com/ad/8/369/032F/h/DSC07421-HDR_82710463.avif,23,2026-09-30
8297292,2 Studios à louer à l'hivernage,https://www.mubawab.ma/fr/a/8297292/2-studios-%C3%A0-louer-%C3%A0-l-hivernage,Location,Studio,Marrakech,Hivernage,15 000 DH,15000,100m²,100,4 Pièces,2 Chambres,2 Salles de bains,"Garage, Ascenseur, Piscine","2 Studios à louer vide à l'Hivernage En 2 éme étage dans une résidence avec ascenseur et parking et piscine. Chacun des studios se compose de : une chambre , un salon une petite cuisine et une salle de bain . Possibilité de sous location",https://www.mubawab-media.com/ad/8/297/292F/h/4d7b9e44-6697-4335-ab7c-cad1a261abd0_81902231.avif,9,2026-09-30
8387341,Appartement T4 meublé à louer à Hivernage,https://www.mubawab.ma/fr/a/8387341/appartement-t4-meubl%C3%A9-%C3%A0-louer-%C3%A0-hivernage,Location,Appartement,Marrakech,Hivernage,15 500 DH,15500,129m²,129,4 Pièces,3 Chambres,2 Salles de bains,"Terrasse, Garage, Ascenseur, Piscine, Concierge, Meublé, Salon européen, Antenne parabolique, Climatisation, Chauffage central, Sécurité, Cuisine équipée, Réfrigérateur, Four, TV, Machine à laver","Location Appartement hivernage Parfaitement situé au quartier de divertissement de Marrakech « hivernage », à proximité de toutes les commodités, des centres de loisirs et des zones de shopping . Niché au sein d’une résidence calme et sécurisée de haut standing avec piscine, cet appartement offre le parfait équilibre entre le confort moderne et la tranquillité. Comprenant un salon/séjour avec terrasse, trois chambres dont une avec salle de bain p...",https://www.mubawab-media.com/ad/8/387/341F/h/1-8_82912813.avif,12,2026-09-30
8344413,Superbe appartement à louer à Hivernage. Superficie 100 m²...,https://www.mubawab.ma/fr/a/8344413/superbe-appartement-%C3%A0-louer-%C3%A0-hivernage-superficie-100-m%C2%B2-bien-meubl%C3%A9,Location,Appartement,Marrakech,Hivernage,16 000 DH,16000,16000m²,16000,3 Pièces,2 Chambres,2 Salles de bains,"Jardin, Terrasse, Garage, Concierge, Meublé, Salon européen, Climatisation, Sécurité, Cuisine équipée, Réfrigérateur, Four, TV, Machine à laver, Micro-ondes, Animaux domestiques autorisés","Appartement à louer idéalement placé. 3 pièces, 2 salles de bains privatives, 100 m². 2 chambres à coucher. Projet neuf. Bien meublé. Cet appartement est proposé à la location à Hivernage. Les extérieurs sont constitués d'un jardin et d'une terrasse. Un garage est également à votre disposition. Contactez-nous si vous êtes intéressé par cet appartement à Marrakech. Nombreux équipements dont climatisation. La résidence dispose également d'un serv...",https://www.mubawab-media.com/ad/8/344/413F/h/photo_0_82401568.avif,10,2026-09-30
8203383,Appartement 2 chambres Terrasse Hivernage,https://www.mubawab.ma/fr/a/8203383/appartement-2-chambres-terrasse-hivernage,Location,Appartement,Marrakech,Hivernage,16 000 DH,16000,120m²,120,6 Pièces,2 Chambres,2 Salles de bains,"Terrasse, Garage, Piscine","L'agence ESPRIT-IMMO vous propose à la location longue durée un appartement comme suit : Au quartier de prestige l'hivernage, au 2ème étage d'une résidence de standing avec une piscine collective. Un salon moderne avec une table à manger Une terrasse sans vis à vis Une cuisine indépendante équipée Une salle de douche une chambre avec placards donnant sur la terrasse Une chambre avec placards et sa salle de douche donnant sur une terras...",https://www.mubawab-media.com/ad/8/203/383F/h/1000558031_83231333.avif,18,2026-09-30
8379027,Villa meublée située à coté de hivernage,https://www.mubawab.ma/fr/a/8379027/villa-meubl%C3%A9e-situ%C3%A9e-%C3%A0-cot%C3%A9-de-hivernage,Location,Villa,Marrakech,Hivernage,16 000 DH,16000,200m²,200,7 Pièces,4 Chambres,2 Salles de bains,,Villa meublée de 4 chambres située à coté de hivernage dans un quartier nommé ain mezzouar,https://www.mubawab-media.com/ad/8/379/027F/h/10151225697_magic_82822651.avif,8,2026-09-30
8285990,Location d'un appartement à Hivernage. 2 chambres agréables...,https://www.mubawab.ma/fr/a/8285990/location-d-un-appartement-%C3%A0-hivernage-2-chambres-agr%C3%A9ables-conciergerie-%C3%A0-disposition-syst%C3%A8me-de-climatisation,Location,Appartement,Marrakech,Hivernage,16 000 DH,16000,100m²,100,2 Pièces,2 Chambres,1 Salle de bain,"Terrasse, Ascenseur, Concierge, Salon européen, Climatisation, Cuisine équipée, Réfrigérateur, Four, TV, Machine à laver, Micro-ondes, Internet, Animaux domestiques autorisés","Louez l'appartement de vos rêves. Prix 16 000 DH. 2 pièces, 1 salle de bains, superficie 100 m². 2 chambres. 2ème étage. Moins de 10 ans. Revêtement: Marbre. Confort et sécurité avec service de conciergerie et climatisation. Cet appartement est proposé à la location à Hivernage. Dispose d'une terrasse. Résidence avec ascenseur. Cuisine entièrement équipée. Soyez le premier à visiter cet appartement à louer à Marrakech. Connexion Internet. Four...",https://www.mubawab-media.com/ad/8/285/990F/h/photo_00_81780260.avif,23,2026-09-30
8420749,Rdj t3 hivernage avec grand terrasse,https://www.mubawab.ma/fr/a/8420749/rdj-t3-hivernage-avec-grand-terrasse,Location,Autre,Marrakech,Hivernage,16 500 DH,16500,110m²,110,3 Pièces,2 Chambres,2 Salles de bains,"Jardin, Terrasse, Garage, Ascenseur, Piscine, Concierge, Meublé, Salon Marocain, Salon européen, Climatisation, Cuisine équipée, Réfrigérateur, Four, TV, Machine à laver, Micro-ondes","SUPERBE REZ-DE-JARDIN MEUBLÉ HIVERNAGE – MARRAKECH LOCATION LONGUE DURÉE Hivernage – Marrakech Dans l’une des plus belles résidences de Marrakech, découvrez ce magnifique rez-de-chaussée entièrement meublé, situé dans un environnement résidentiel recherché. 2 chambres Salon élégant et confortable Accès direct au jardin Grande piscine au sein de la résidence Résidence parfaitement entretenue Emplacement privilégié à proximité de l’Hivernage et...",https://www.mubawab-media.com/ad/8/420/749F/h/WhatsApp_Image_2026-09-22_at_2.24.05_PM_83277134.avif,9,2026-09-30
8270797,Bel appartement meublé hivernage,https://www.mubawab.ma/fr/a/8270797/bel-appartement-meubl%C3%A9-hivernage,Location,Appartement,Marrakech,Hivernage,16 500 DH,16500,165m²,165,5 Pièces,2 Chambres,2 Salles de bains,"Terrasse, Garage, Ascenseur, Vue sur les montagnes, Piscine, Concierge, Meublé, Salon européen, Antenne parabolique, Cheminée, Climatisation, Chauffage central, Sécurité, Double vitrage, Porte blindée, Cuisine équipée","Découvrez cet appartement à louer. Prix 16 500 DH. 2 chambres, 2 salles de bains, surface 165 m². 5 pièces lumineuses. 1er étage. Moins de 5 ans. Revêtement: Marbre. Propriété entièrement meublée. Cet appartement est à louer à Hivernage. Appréciez le confort de la climatisation. La résidence dispose également d'un service de concierge et d'une piscine. Bénéficiez du calme absolu avec fenêtres en double vitrage. Porte blindée et chauffage central...",https://www.mubawab-media.com/ad/8/270/797F/h/photo_00_81617272.avif,15,2026-09-30
8376451,Superbe appartement 3 chambres résidence piscine,https://www.mubawab.ma/fr/a/8376451/superbe-appartement-3-chambres-r%C3%A9sidence-piscine,Location,Appartement,Marrakech,Hivernage,16 500 DH,16500,98m²,98,4 Pièces,3 Chambres,2 Salles de bains,"Jardin, Terrasse, Garage, Ascenseur, Piscine, Concierge, Meublé, Salon européen, Antenne parabolique, Climatisation, Sécurité, Double vitrage, Porte blindée, Cuisine équipée, Réfrigérateur, Four, TV, Machine à laver, Micro-ondes, Internet","Emplacement premium à Marrakech - Opportunité rare Veri Immo Marrakech vous propose à la location longue durée un superbe appartement meublé 3 chambres salon située sur une résidence sécurisé avec piscine au quartier prisé de l’hivernage idéalement placé dans un endroit stratégique près des hôtels Four Seasons et Pestana, l'appartement est au 2 -ème étage avec une superficie de 98 m² offrant un espace de vie moderne et confortable L'appartement...",https://www.mubawab-media.com/ad/8/376/451F/h/WhatsApp%20Image%202026-07-03%20at%2023.04.15_82794289.avif,26,2026-09-30
8241104,Magnifique appartement 2 chambres à l’Hivernage,https://www.mubawab.ma/fr/a/8241104/magnifique-appartement-2-chambres-%C3%A0-l%E2%80%99hivernage,Location,Appartement,Marrakech,Hivernage,17 000 DH,17000,100m²,100,3 Pièces,2 Chambres,1 Salle de bain,Terrasse,Nous mettons à la location longue durée un magnifique appartement de 100m² situé dans le prestigieux quartier de l’Hivernage. L’appartement se compose de : • Un salon lumineux • Un coin salle à manger • Une cuisine • Deux chambres • Une salle de bain • Une belle terrasse Pour plus d’informations veuillez nous contacter,https://www.mubawab-media.com/ad/8/241/104F/h/WhatsApp%20Image%202025-10-25%20at%2010.53.15%20%281%29_81293639.avif,12,2026-09-30
8360103,Appartement à Louer Meublé – Hivernage CLOM26084,https://www.mubawab.ma/fr/a/8360103/appartement-%C3%A0-louer-meubl%C3%A9-%E2%80%93-hivernage-clom26084,Location,Appartement,Marrakech,Hivernage,17 000 DH,17000,117m²,117,3 Pièces,2 Chambres,2 Salles de bains,"Terrasse, Garage, Piscine, Meublé, Salon européen, Climatisation, Sécurité, Cuisine équipée, Internet","Votre agence immobilière PRESTIGE GALLERY IMMO vous propose à la location ce spacieux appartement meublé situé dans le prestigieux quartier de l’Hivernage à Marrakech, au sein d’une résidence calme, familiale et parfaitement entretenue. Idéalement situé à proximité immédiate des principales attractions de la ville, cet appartement offre un cadre de vie confortable et pratique dans l’un des secteurs les plus recherchés de Marrakech. Caractér...",https://www.mubawab-media.com/ad/8/360/103F/h/ChatGPT%20Image%20Jun%205%2C%202026%2C%2002_13_48%20PM_82573871.avif,23,2026-09-30
8177572,Vivez le Luxe à l’Hivernage – Appartement Meublé avec Grande...,https://www.mubawab.ma/fr/a/8177572/vivez-le-luxe-%C3%A0-l%E2%80%99hivernage-%E2%80%93-appartement-meubl%C3%A9-avec-grande-terrasse,Location,Appartement,Marrakech,Hivernage,18 000 DH,18000,250m²,250,5 Pièces,3 Chambres,2 Salles de bains,"Terrasse, Garage, Ascenseur, Vue sur les montagnes, Piscine, Meublé, Salon européen, Antenne parabolique, Cheminée, Climatisation, Chauffage central, Sécurité, Double vitrage, Porte blindée, Cuisine équipée, Réfrigérateur, Four, TV, Machine à laver, Micro-ondes, Internet, Animaux domestiques autorisés","Appartement Meublé à Louer – Hivernage Marrakech Surface : 250 m² avec terrasse 5ᵉ étage avec ascenseur 1 mois de Loyer : 18 000 Dh/mois Caution : 2 mois Frais d’agence : 1 mois Découvrez ce superbe appartement meublé situé au cœur du prestigieux quartier de l’Hivernage, dans une résidence sécurisée avec piscine. Caractéristiques : • 3 chambres confortables • 1 salon lumineux • 1 salle à manger spacieuse • 2 salles de bains modernes • Cu...",https://www.mubawab-media.com/ad/8/177/572F/h/photo_0_80638158.avif,15,2026-09-21
8387357,"Appartement 3 chambres, Dernier etage, Hivernage",https://www.mubawab.ma/fr/a/8387357/appartement-3-chambres-dernier-etage-hivernage,Location,Appartement,Marrakech,Hivernage,18 000 DH,18000,230m²,230,6 Pièces,3 Chambres,3 Salles de bains,"Terrasse, Garage, Ascenseur, Vue sur les montagnes, Piscine, Concierge, Meublé, Salon européen, Antenne parabolique, Climatisation, Sécurité, Cuisine équipée, Réfrigérateur, Four, TV, Machine à laver, Micro-ondes, Internet","Situé dans le prestigieux quartier de l'Hivernage, ce superbe appartement de 3 chambres offre un cadre de vie exceptionnel. Occupant le dernier étage d'une résidence de standing, il bénéficie d'une magnifique terrasse faisant le tour complet de l'appartement, offrant une luminosité remarquable ainsi qu'une vue panoramique imprenable sur les montagnes de l'Atlas. L'appartement comprend : 3 chambres spacieuses ; Un vaste salon lumineux ; Une cui...",https://www.mubawab-media.com/ad/8/387/357F/h/753954175_1050505397561836_3846736245411958062_n_82912966.avif,11,2026-09-30
8383876,"Magnifique appartement, trois pièces à louer",https://www.mubawab.ma/fr/a/8383876/magnifique-appartement-trois-pi%C3%A8ces-%C3%A0-louer,Location,Appartement,Marrakech,Hivernage,18 000 DH,18000,180m²,180,4 Pièces,3 Chambres,2 Salles de bains,"Terrasse, Garage, Ascenseur, Piscine, Concierge, Meublé, Salon européen, Climatisation, Sécurité, Cuisine équipée, Réfrigérateur, Four, TV, Machine à laver, Micro-ondes, Internet, Animaux domestiques autorisés","CH IMMOBILIER – Appartement à louer (Longue Durée) Magnifique appartement situé au cœur de l’Hivernage, dans une résidence sécurisée avec ascenseur et parking. Emplacement : Hivernage, Marrakech 3 chambres 1 salon Parking Ascenseur Location longue durée Loyer : 18 000 DH / mois Pour plus d’informations ou pour organiser une visite, contactez",https://www.mubawab-media.com/ad/8/383/876F/h/58a378cb-2c42-4f50-a0e8-229ca1d8f58f_82875277.avif,12,2026-09-30
8414274,Trois chambres avec terrasse à l'hivernage,https://www.mubawab.ma/fr/a/8414274/trois-chambres-avec-terrasse-%C3%A0-l-hivernage,Location,Appartement,Marrakech,Hivernage,18 500 DH,18500,160m²,160,4 Pièces,3 Chambres,2 Salles de bains,"Terrasse, Ascenseur, Piscine, Meublé","Situé dans le prestigieux quartier de l'Hivernage à Marrakech, cet appartement à louer offre un cadre luxueux et confortable. Avec une surface généreuse, il dispose de trois chambres spacieuses. Le salon élégant, s'ouvre sur une vaste terrasse, offrant une vue panoramique imprenable sur le paysage environnant, idéale pour profiter des couchers de soleil spectaculaires. La cuisine est entièrement équipée et conçue avec un goût esthétique, incorpo...",https://www.mubawab-media.com/ad/8/414/274F/h/photo_0_83205661.avif,16,2026-09-30
8394710,"Superbe appart de 3 chambres, terrasse hivernage",https://www.mubawab.ma/fr/a/8394710/superbe-appart-de-3-chambres-terrasse-hivernage,Location,Appartement,Marrakech,Hivernage,19 500 DH,19500,200m²,200,4 Pièces,3 Chambres,2 Salles de bains,"Terrasse, Garage, Ascenseur, Vue sur les montagnes, Concierge, Chambre rangement, Meublé, Salon européen, Antenne parabolique, Climatisation, Sécurité, Double vitrage, Porte blindée, Cuisine équipée, Réfrigérateur, Four, TV, Machine à laver, Micro-ondes, Internet","Appartement meublé de haut standing avec terrasse – L'Hivernage (204 m²) ​Situé dans le quartier très recherché de l'Hivernage, au sein d'une résidence calme et sécurisée, ce superbe appartement meublé est disponible en location longue durée. Sa localisation privilégiée permet de profiter pleinement des commodités, des établissements hôteliers d'exception et des restaurants de renom à proximité. ​Caractéristiques du bien : ​Surface totale : 20...",https://www.mubawab-media.com/ad/8/394/710F/h/1000584387_82995639.avif,15,2026-09-30
8399092,Appartement meublé de 204 m² à louer à Hivernage — 3 chambre...,https://www.mubawab.ma/fr/a/8399092/appartement-meubl%C3%A9-de-204-m%C2%B2-%C3%A0-louer-%C3%A0-hivernage-%E2%80%94-3-chambres,Location,Appartement,Marrakech,Hivernage,19 500 DH,19500,204m²,204,4 Pièces,3 Chambres,3 Salles de bains,"Jardin, Terrasse, Garage, Ascenseur, Concierge, Meublé, Façade extérieure, Salon Marocain, Salon européen, Antenne parabolique, Climatisation, Sécurité, Double vitrage, Cuisine équipée, Réfrigérateur, Four, TV, Machine à laver, Micro-ondes, Animaux domestiques autorisés","L’Immobilier Sans Frontières vous propose à la location longue durée ce spacieux appartement meublé situé à Hivernage, Marrakech, au 3ᵉ étage d’une résidence de haut standing, calme et sécurisée. D’une superficie totale de 204 m², cet appartement bénéficie de volumes généreux, d’une distribution fonctionnelle et d’une grande terrasse. Il occupe seul son étage et profite de plusieurs façades, lui offrant une agréable luminosité et davantage d’int...",https://www.mubawab-media.com/ad/8/399/092F/h/0%20image%20a%20la%20une%20Photo%20_83042672.avif,20,2026-09-30
8409067,Hivernage: appartement grand standing / terrasse,https://www.mubawab.ma/fr/a/8409067/hivernage-appartement-grand-standing-terrasse,Location,Appartement,Marrakech,Hivernage,20 000 DH,20000,140m²,140,3 Pièces,2 Chambres,2 Salles de bains,"Terrasse, Garage, Ascenseur, Piscine, Concierge, Chambre rangement, Meublé, Façade extérieure, Salon européen, Antenne parabolique, Climatisation, Sécurité, Double vitrage, Cuisine équipée, Réfrigérateur, Four, Machine à laver, Micro-ondes","Dans une résidence prestigieuse du quartier le plus recherché de l'Hivernage, cet appartement de 140 m2 dispose de 2 grandes chambres avec 2 salles de douche, 1 wc, une grande pièce de vie avec salon et salle à manger, cuisine entièrement équipée, et une grande terrasse sans vis à vis. Quartier au calme, standing, parking privatif en sous sol. Appartement loué meublé. proximité de toutes les commodités. Location longue durée uniquement. Loyer...",https://www.mubawab-media.com/ad/8/409/067F/h/photo_0_83146330.avif,14,2026-09-21
8408384,Élégance & Standing au Cœur de l’Hivernage,https://www.mubawab.ma/fr/a/8408384/%C3%A9l%C3%A9gance-standing-au-c%C5%93ur-de-l%E2%80%99hivernage,Location,Appartement,Marrakech,Hivernage,20 000 DH,20000,90m²,90,3 Pièces,2 Chambres,2 Salles de bains,"Terrasse, Garage, Ascenseur, Salon européen, Antenne parabolique, Cheminée, Climatisation, Chauffage central, Sécurité, Double vitrage, Porte blindée, Cuisine équipée, Réfrigérateur, Four, TV, Machine à laver, Micro-ondes, Internet, Animaux domestiques autorisés","Appartement de Prestige à Louer – Hivernage Élégance, confort & emplacement privilégié Découvrez ce magnifique appartement 2 chambres, idéalement situé au cœur de l’Hivernage, dans une résidence de haut standing, sécurisée et parfaitement entretenue. L’appartement offre de beaux volumes et un cadre de vie confortable et raffiné, idéal pour une location longue durée. Composition * 2 chambres confortables * Salon lumineux avec accès à une agré...",https://www.mubawab-media.com/ad/8/408/384F/h/photo_0_83138075.avif,11,2026-09-30
8408762,Appartement 160 m² – Résidence Hivernage Garden,https://www.mubawab.ma/fr/a/8408762/appartement-160-m%C2%B2-%E2%80%93-r%C3%A9sidence-hivernage-garden,Location,Appartement,Marrakech,Hivernage,20 000 DH,20000,160m²,160,4 Pièces,3 Chambres,3 Salles de bains,Terrasse,"Idéalement situé au cœur du prestigieux quartier de l’Hivernage, au sein de la résidence Hivernage Garden, à proximité immédiate de M Avenue, cet élégant appartement bénéficie d’un emplacement privilégié, à quelques minutes des meilleurs restaurants, hôtels, boutiques et adresses incontournables de Marrakech. D’une superficie de 160 m², il offre de beaux volumes et se compose de : ? 3 chambres ? 3 salles de bains ? Un vaste espace de vie lumi...",https://www.mubawab-media.com/ad/8/408/762F/h/WhatsApp_Image_2026-09-14_at_10.36.57__6__83217089.avif,24,2026-09-30
8200937,Belles magasin loyer à Marrakech,https://www.mubawab.ma/fr/a/8200937/belles-magasin-loyer-%C3%A0-marrakech,Location,Commerce,Marrakech,Hivernage,20 000 DH,20000,40m²,40,2 Pièces,1 Ch.,1 Salle de bain,"Jardin, Terrasse, Garage, Vue sur les montagnes, Piscine, Concierge, Chambre rangement, Meublé, Façade extérieure, Salon européen, Antenne parabolique, Climatisation, Chauffage central, Sécurité, Double vitrage, Porte blindée, Cuisine équipée, Réfrigérateur, Four, TV, Machine à laver, Internet",Très bonne affaire à Marrakech Petit magasin Très bien setuier à Hivernage 2 RDC : 29 M MDZ : 26M² 2 rideau Prei de la gard de trine et la censulat de France Prix : 20000 dh hour tax Pour plus d’information,https://www.mubawab-media.com/ad/8/200/937F/h/photo_0_81751682.avif,8,2026-09-30
8406165,Magnifique appartement à louer L’hivernage,https://www.mubawab.ma/fr/a/8406165/magnifique-appartement-%C3%A0-louer-l%E2%80%99hivernage,Location,Appartement,Marrakech,Hivernage,20 000 DH,20000,100m²,100,3 Pièces,2 Chambres,2 Salles de bains,"Garage, Ascenseur, Concierge, Meublé, Salon européen, Climatisation, Sécurité, Double vitrage, Cuisine équipée, Réfrigérateur, Four, TV, Machine à laver, Micro-ondes, Internet, Animaux domestiques autorisés","À LOUER – Hivernage, à proximité du Palais des Congrès mEmplacement privilégié – Hivernage Appartement composé de 2 chambres salon Résidence avec ascenseur Parking À proximité immédiate du Palais des Congrès Loyer : 20000 DH / mois Pour plus d’informations ou pour organiser une visite, contactez-nous",https://www.mubawab-media.com/ad/8/406/165F/h/photo_0_83255288.avif,23,2026-09-30
8418429,A louer appartement haut standing 2 ch hivernage,https://www.mubawab.ma/fr/a/8418429/a-louer-appartement-haut-standing-2-ch-hivernage,Location,Appartement,Marrakech,Hivernage,20 000 DH,20000,130m²,130,2 Pièces,2 Chambres,3 Salles de bains,"Terrasse, Garage, Ascenseur, Meublé, Salon Marocain, Climatisation, Chauffage central, Sécurité, Double vitrage, Porte blindée, Cuisine équipée","Appartement 2 pièces de 130 m² à louer à Hivernage Cet appartement de 130 m² est situé au premier étage d'une résidence sécurisée à Hivernage. Le bien est entièrement meublé et présente une décoration traditionnelle incluant un salon marocain. Le revêtement au sol est en marbre. La résidence dispose d'un ascenseur, d'un service de conciergerie et d'un parking. L'appartement est équipé d'une porte blindée, de la climatisation, du chauffage centr...",https://www.mubawab-media.com/ad/8/418/429F/h/thumb_162457_property_xlarge_83251715.avif,12,2026-09-30
8417547,Appartement meublé 3 chambres à l'hivernage,https://www.mubawab.ma/fr/a/8417547/appartement-meubl%C3%A9-3-chambres-%C3%A0-l-hivernage,Location,Appartement,Marrakech,Hivernage,20 000 DH,20000,200m²,200,4 Pièces,3 Chambres,4 Salles de bains,"Terrasse, Ascenseur, Vue sur les montagnes, Concierge, Meublé, Façade extérieure, Salon Marocain, Salon européen, Antenne parabolique, Climatisation, Chauffage central, Sécurité, Double vitrage, Porte blindée, Cuisine équipée, Réfrigérateur, Four, TV, Machine à laver, Micro-ondes, Internet, Animaux domestiques autorisés",Un bel Appartement meublé pour la location longue durée Au cœur de l'hivernage Dans une résidence sécurisée se situe au dernier étage Se compose de : 3 chambre avec 2 salles de bains Une cuisine équipée ainsi qu'une buanderie et toilette d invitée 2 grandes terrasses pour profiter du soleil et de la belle vue Une superficie de 200 m2 Le prix du loyer : 20 000 dh par mois,https://www.mubawab-media.com/ad/8/417/547F/h/IMG-20260917-WA0013_83241972.avif,10,2026-09-30
8391571,Appartement à louer,https://www.mubawab.ma/fr/a/8391571/appartement-%C3%A0-louer,Location,Appartement,Marrakech,Hivernage,20 000 DH,20000,,,2 Pièces,2 Chambres,1 Salle de bain,"Garage, Ascenseur, Piscine, Sécurité, Cuisine équipée","Appartement à louer – Hivernage, Marrakech Découvrez ce bel appartement situé au cœur du prestigieux quartier de l’Hivernage, dans une résidence sécurisée avec piscine, offrant un cadre de vie calme et agréable. Caractéristiques : 3 chambres 2 salles de bain 3 toilettes Grand salon lumineux Cuisine équipée Résidence sécurisée avec piscine Ascenseur Parking Loyer : 20 000 DH / mois Disponible en locatio...",https://www.mubawab-media.com/ad/8/391/571F/h/thumb_152982_property_large_82958726.avif,14,2026-09-30
8381794,À louer – Appartement meublé à Hivernage,https://www.mubawab.ma/fr/a/8381794/%C3%A0-louer-%E2%80%93-appartement-meubl%C3%A9-%C3%A0-hivernage,Location,Appartement,Marrakech,Hivernage,20 000 DH,20000,80m²,80,4 Pièces,2 Chambres,2 Salles de bains,"Terrasse, Garage, Piscine, Meublé, Salon européen, Sécurité, Cuisine équipée","Découvrez ce superbe appartement meublé de 80 m², situé dans le prestigieux quartier de Hivernage, offrant un cadre de vie élégant, confortable et sécurisé. Il se compose de : • 2 chambres lumineuses • 2 salles de bains modernes • Un séjour spacieux ouvrant sur une agréable terrasse • Une cuisine américaine entièrement équipée La résidence dispose également d'une piscine et d'une place de parking, pour un confort optimal au quotidien",https://www.mubawab-media.com/ad/8/381/794F/h/WhatsApp%20Image%202026-07-13%20at%2016.15.55_82852531.avif,17,2026-09-30
8393154,Appartement 140m² 2ch à louer – Hivernage,https://www.mubawab.ma/fr/a/8393154/appartement-140m%C2%B2-2ch-%C3%A0-louer-%E2%80%93-hivernage,Location,Appartement,Marrakech,Hivernage,20 000 DH,20000,140m²,140,4 Pièces,2 Chambres,3 Salles de bains,"Terrasse, Garage, Ascenseur, Vue sur les montagnes, Piscine, Concierge, Salon Marocain, Climatisation, Sécurité, Double vitrage, Porte blindée, Cuisine équipée, Réfrigérateur, Four, TV, Machine à laver, Animaux domestiques autorisés","Turnkey vous propose Bel appartement de 140 m² à louer à Hivernage, l'un des quartiers les plus prisés de Marrakech, à deux pas des restaurants, hôtels et commerces qui font la réputation de la zone. Situé au 3ème étage d'une résidence sécurisée avec piscine, ce bien lumineux et bien exposé (orientation sud) offre 2 chambres spacieuses, une terrasse de 30 m² idéale pour profiter du climat marrakchi. Une place de parking est incluse. Idéal p...",https://www.mubawab-media.com/ad/8/393/154F/h/WhatsApp%20Image%202026-07-25%20at%2011.51.22%20%281%29_82978235.avif,11,2026-09-30
8395242,"Appartement de Luxe à l'Hivernage, Marrakech",https://www.mubawab.ma/fr/a/8395242/appartement-de-luxe-%C3%A0-l-hivernage-marrakech,Location,Appartement,Marrakech,Hivernage,21 000 DH,21000,60m²,60,2 Pièces,1 Ch.,1 Salle de bain,"Terrasse, Garage, Ascenseur, Piscine, Concierge, Meublé, Façade extérieure, Salon européen, Antenne parabolique, Climatisation, Chauffage central, Sécurité, Double vitrage, Porte blindée, Cuisine équipée, Réfrigérateur, Four, TV, Machine à laver, Micro-ondes, Internet, Animaux domestiques autorisés","Situé au cœur de l’Hivernage, l'adresse la plus emblématique et recherchée de Marrakech, cet appartement neuf offre une expérience de vie urbaine d'un raffinement rare. Au sein d'une résidence sécurisée de très haut standing, ce bien incarne le luxe discret et l’efficacité moderne. Un Design Épuré et Fonctionnel D'une surface de 60 m², cet appartement a été conçu comme une suite de prestige. La terrasse de 60m2 est ici sublimée par une archit...",https://www.mubawab-media.com/ad/8/395/242F/h/IMG_9096_83001247.avif,12,2026-09-30
8277760,Projet en cours de construction Site de l'Hivernage Marrakec...,https://www.mubawab.ma/fr/a/8277760/projet-en-cours-de-construction-site-de-l-hivernage-marrakech-pr%C3%A8s-de-m-avenue,Vente,Appartement,Marrakech,Hivernage,22 000 DH,22000,30m²,30,1 Pièce,2 Chambres,1 Salle de bain,"Terrasse, Garage, Vue sur les montagnes, Piscine, Chambre rangement, Façade extérieure, Antenne parabolique, Sécurité, Double vitrage, Porte blindée, Four, Micro-ondes","Projet résidentiel haut de gamme en cours de construction, situé au cœur du quartier de l'Hivernage à Marrakech, à proximité de M Avenue et de l'avenue de la Minara. Il propose des appartements de différentes superficies à partir de 30 m², avec une piscine moderne et une salle de sport équipée. Vues imprenables sur la piscine et les montagnes de l'Atlas, dans un emplacement idéal pour y vivre ou investir. Date de livraison : 2027",https://www.mubawab-media.com/ad/8/277/760F/h/photo_00_81750605.avif,7,2026-09-30
7990730,Top affaire location bureau hivernage,https://www.mubawab.ma/fr/a/7990730/top-affaire-location-bureau-hivernage,Location,Bureau,Marrakech,Hivernage,22 000 DH,22000,200m²,200,,,1 Salle de bain,Garage,bureau situe a lhivernage a cote de m avenue avec disponibiite au rdc ; premier ; et 2 eme etagesur 200m avec 5 plateaux bureau separes complexe securise avec espace et place parking,https://www.mubawab-media.com/ad/7/990/730F/h/whatsipp_amage_2026-06-04_at_16.28.19_82668918.avif,24,2026-09-30
8421614,Beau local commercial en location à Hivernage. Surface total...,https://www.mubawab.ma/fr/a/8421614/beau-local-commercial-en-location-%C3%A0-hivernage-surface-totale-56-m%C2%B2-concierge,Location,Commerce,Marrakech,Hivernage,22 000 DH,22000,56m²,56,,,1 Salle de bain,Concierge,"Ce local commercial à louer, situé dans le prestigieux quartier de l'Hivernage à Marrakech, présente une opportunité unique pour les entreprises cherchant à s'établir dans l'un des endroits les plus convoités de la ville. Avec une surface totale de 56 m², le local est relativement récent avec une ancienneté de seulement 1 à 5 ans. Il est idéalement situé au rez-de-chaussée, ce qui offre un accès facile depuis la rue. L'intérieur du local est spa...",https://www.mubawab-media.com/ad/8/421/614F/h/photo_00_83286637.avif,7,2026-09-30
8396358,Appartement en location à Hivernage. 3 chambres. Bien meublé,https://www.mubawab.ma/fr/a/8396358/appartement-en-location-%C3%A0-hivernage-3-chambres-bien-meubl%C3%A9,Location,Appartement,Marrakech,Hivernage,22 000 DH,22000,130m²,130,4 Pièces,3 Chambres,3 Salles de bains,"Jardin, Terrasse, Garage, Ascenseur, Piscine, Concierge, Meublé, Façade extérieure, Salon européen, Antenne parabolique, Climatisation, Chauffage central, Sécurité, Porte blindée, Cuisine équipée, Réfrigérateur, Four, TV, Machine à laver, Micro-ondes, Internet, Animaux domestiques autorisés","Situé dans le quartier prestigieux de l'Hivernage à Marrakech, cet appartement spacieux de 130 m² offre à ses locataires un cadre de vie luxueux et confortable. Avec une orientation plein sud, la propriété bénéficie d'un ensoleillement optimal, créant une atmosphère lumineuse tout au long de la journée. Niché au troisième étage d'un immeuble moderne équipé d'un ascenseur, cet appartement de trois chambres et trois salles de bains est parfait pour...",https://www.mubawab-media.com/ad/8/396/358F/h/photo_00_83013357.avif,21,2026-09-30
8379440,Appartement d'Exception à l'Hivernage,https://www.mubawab.ma/fr/a/8379440/appartement-d-exception-%C3%A0-l-hivernage,Location,Appartement,Marrakech,Hivernage,22 000 DH,22000,220m²,220,4 Pièces,2 Chambres,2 Salles de bains,"Terrasse, Garage, Piscine, Cuisine équipée","Cette propriété finie et entièrement titrée offre une occasion rare de s'installer immédiatement dans le quartier le plus prestigieux de la ville. Proposé à la fois à la vente et à la location, cet appartement haut de gamme allie volumes impressionnants, confort moderne et prestations exclusives. - Emplacement : Idéalement situé au cœur du secteur résidentiel et hautement prisé de l'Hivernage, offrant un cadre de vie calme, sécurisé et une acces...",https://www.mubawab-media.com/ad/8/379/440F/h/1_82827463.avif,16,2026-09-30
8331920,Appartement à vendre – Hivernage,https://www.mubawab.ma/fr/a/8331920/appartement-%C3%A0-vendre-%E2%80%93-hivernage,Vente,Appartement,Marrakech,Hivernage,22 500 DH,22500,47m²,47,1 Pièce,1 Ch.,1 Salle de bain,"Garage, Ascenseur, Concierge, Façade extérieure, Climatisation, Chauffage central, Sécurité","Appartement à vendre – Hivernage Situé dans le prestigieux quartier de Hivernage, cet appartement moderne offre un cadre de vie élégant et confortable, idéal pour habitation ou investissement. Superficie : 47 m² Prix : 22 500 DH/m² Caractéristiques : • Situé au 3ᵉ étage avec ascenseur • Place de parking au sous-sol • Appartement donnant sur la rue (bonne exposition) • Résidence récente (moins d’un an) Points forts : • Très bon emplacement • Finit...",https://www.mubawab-media.com/ad/8/331/920F/h/Screenshot_2026-03-30-16-42-23-790_com.miui.videoplayer_82268130.avif,6,2026-09-30
8395483,Bel appartement en location à Hivernage. Surface de 173 m²...,https://www.mubawab.ma/fr/a/8395483/bel-appartement-en-location-%C3%A0-hivernage-surface-de-173-m%C2%B2-meubl%C3%A9,Location,Appartement,Marrakech,Hivernage,23 000 DH,23000,173m²,173,6 Pièces,3 Chambres,2 Salles de bains,"Jardin, Terrasse, Garage, Ascenseur, Piscine, Concierge, Meublé, Façade extérieure, Salon Marocain, Salon européen, Antenne parabolique, Cheminée, Climatisation, Chauffage central, Sécurité, Double vitrage, Porte blindée, Cuisine équipée, Réfrigérateur, Four, TV, Machine à laver, Micro-ondes, Internet, Animaux domestiques autorisés","Appartement de luxe à louer à Marrakech – Hivernage – 173 m² – Résidence avec piscine À louer en location longue durée, superbe appartement de 173,03 m² situé dans le prestigieux quartier de l’Hivernage à Marrakech, en face de l’hôtel Mövenpick, à quelques minutes du Menara Mall, des restaurants, hôtels de luxe et de toutes les commodités. Situé dans une résidence haut de gamme, parfaitement entretenue et ultra sécurisée (accès par empreinte di...",https://www.mubawab-media.com/ad/8/395/483F/h/photo_00_83003734.avif,3,2026-09-30
8199454,"Hivernage – Superbe 3 chambres meublé, résidence avec piscin...",https://www.mubawab.ma/fr/a/8199454/hivernage-%E2%80%93-superbe-3-chambres-meubl%C3%A9-r%C3%A9sidence-avec-piscine-location-longue-dur%C3%A9e,Location,Appartement,Marrakech,Hivernage,23 500 DH,23500,147m²,147,4 Pièces,3 Chambres,3 Salles de bains,"Terrasse, Garage, Ascenseur, Piscine, Concierge, Meublé, Façade extérieure, Salon européen, Antenne parabolique, Climatisation, Chauffage central, Sécurité, Double vitrage, Porte blindée, Cuisine équipée, Réfrigérateur, Four, TV, Machine à laver, Micro-ondes, Internet","Location longue durée – Appartement meublé haut standing à l’Hivernage Hivernage – Marrakech 23 500 DHS / mois Contrat longue durée Cet appartement entièrement meublé de 147 m² vous offre confort et élégance au cœur de l’un des quartiers les plus prisés de Marrakech. Situé au 4ème étage d’une résidence sécurisée avec piscine, il bénéficie d’une luminosité exceptionnelle et d’une belle vue dégagée. Composition : • 3 chambres avec placards inté...",https://www.mubawab-media.com/ad/8/199/454F/h/photo_0_80856361.avif,12,2026-09-30
8417340,Appartement 3 chambres rénové en 2025 avec terrasse à louer...,https://www.mubawab.ma/fr/a/8417340/appartement-3-chambres-r%C3%A9nov%C3%A9-en-2025-avec-terrasse-%C3%A0-louer-hivernage-marrakech,Location,Appartement,Marrakech,Hivernage,23 800 DH,23800,173m²,173,5 Pièces,3 Chambres,2 Salles de bains,"Terrasse, Garage, Piscine, Réfrigérateur, Machine à laver","Appartement de 173 m² au sol avec PISCINE collective, situé au 5ème étage dans le prestigieux quartier d'Hivernage, offre un cadre de vie lumineux et raffiné grâce à sa double exposition sur deux façades. Une belle opportunité pour la location Marrakech, idéale pour une clientèle exigeante en quête de standing et de confort moderne au cœur de la ville. Dès l'entrée, un hall équipé de placards de rangement dessert un salon-salle à manger ouvert s...",https://www.mubawab-media.com/ad/8/417/340F/h/thumb_163104_property_xlarge_83239704.avif,17,2026-09-30
8365510,Appart meublé hivernage modern ch 204 M 3 CH 3 WC,https://www.mubawab.ma/fr/a/8365510/appart-meubl%C3%A9-hivernage-modern-ch-204-m-3-ch-3-wc,Location,Appartement,Marrakech,Hivernage,24 000 DH,24000,204m²,204,4 Pièces,3 Chambres,3 Salles de bains,"Jardin, Terrasse, Garage, Ascenseur, Vue sur les montagnes, Concierge, Chambre rangement, Meublé, Façade extérieure, Salon Marocain, Salon européen, Antenne parabolique, Cheminée, Climatisation, Chauffage central, Sécurité, Double vitrage, Porte blindée, Cuisine équipée, Réfrigérateur, Four, TV, Machine à laver, Micro-ondes, Internet","Un emplacement idéal, dans le quartier de l'Hivernage ses salons à cocktails, ses discothèques dans les hôtels et ses restaurants internationaux chics, vous propose à la location longue durée ce magnifique Appartement dans une résidence calme et sécurisée de haut standing. Cet Appartement meublé d'une surface totale de 204 m² vous offre un double salon donnant sur une grande terrasse, une cuisine moderne entièrement aménagée , 1 suite parenta...",https://www.mubawab-media.com/ad/8/365/510F/h/IMG-20260820-WA0006_83074914.avif,19,2026-09-30
8414158,Appartement d'exception à louer à Hivernage,https://www.mubawab.ma/fr/a/8414158/appartement-d-exception-%C3%A0-louer-%C3%A0-hivernage,Location,Appartement,Marrakech,Hivernage,25 000 DH,25000,190m²,190,5 Pièces,3 Chambres,2 Salles de bains,"Jardin, Terrasse, Garage, Ascenseur, Piscine, Concierge, Meublé, Salon européen, Antenne parabolique, Climatisation, Chauffage central, Sécurité, Cuisine équipée, Réfrigérateur, Four, TV, Machine à laver","Appartement d'exception à louer à Hivernage, Situé dans une résidence de standing proche de toutes commodités , dotée d'une piscine et jardin , vous propose à la location un charmant appartement lumineux , meublé avec goût comprenant un salon , un séjour , une salle à manger , une grande terrasse aménagée, une cuisine équipée , une suite parentale avec sa salle de bain privative , deux autres chambres avec une salle de douche commune",https://www.mubawab-media.com/ad/8/414/158F/h/Gemini_Generated_Image_2sximd2sximd2sxi_83204444.avif,12,2026-09-21
8418324,Appartement spacieux à louer à l'Hivernage,https://www.mubawab.ma/fr/a/8418324/appartement-spacieux-%C3%A0-louer-%C3%A0-l-hivernage,Location,Appartement,Marrakech,Hivernage,25 000 DH,25000,130m²,130,3 Pièces,2 Chambres,2 Salles de bains,"Terrasse, Garage, Ascenseur, Concierge, Meublé, Salon européen, Antenne parabolique, Climatisation, Chauffage central, Sécurité, Cuisine équipée, Réfrigérateur, Four, TV, Machine à laver, Micro-ondes","Appartement spacieux à louer au cœur de l’Hivernage, au sein d’une résidence fermée et sécurisée, à proximité immédiate de toutes les commodités : restaurants, hôtels et centres commerciaux. L’agence immobilière Marrakesh Opportunity vous propose en location un bel appartement meublé d’une superficie de 130 m². Il se compose d’un salon européen lumineux, d’une salle à manger conviviale, ainsi que d’une cuisine américaine ouverte donnant sur une...",https://www.mubawab-media.com/ad/8/418/324F/h/1777390456_8_83250375.avif,13,2026-09-30
8359158,Appartement à louer,https://www.mubawab.ma/fr/a/8359158/appartement-%C3%A0-louer,Location,Appartement,Marrakech,Hivernage,25 000 DH,25000,,,3 Pièces,3 Chambres,1 Salle de bain,,"Appartement à louer – Hivernage, Marrakech Découvrez cet élégant appartement de 3 chambres, idéalement situé dans le prestigieux quartier de l’Hivernage, à proximité des restaurants, hôtels de luxe et commodités. 3 chambres spacieuses Emplacement privilégié à Hivernage Résidence de standing Location vide : 25 000 DH/mois Location meublée : 30 000 DH/mois Un bien idéal pour profiter d’un cadre de vie confortable dans l’un des quartiers les plus r...",https://www.mubawab-media.com/ad/8/359/158F/h/thumb_137830_property_large_82563891.avif,17,2026-09-30
8307486,Superbe appartement à louer à Hivernage. 2 chambres. Bien me...,https://www.mubawab.ma/fr/a/8307486/superbe-appartement-%C3%A0-louer-%C3%A0-hivernage-2-chambres-bien-meubl%C3%A9,Location,Appartement,Marrakech,Hivernage,25 000 DH,25000,130m²,130,3 Pièces,2 Chambres,2 Salles de bains,"Terrasse, Ascenseur, Chambre rangement, Meublé, Façade extérieure, Salon européen, Antenne parabolique, Climatisation, Réfrigérateur, Four, TV, Machine à laver, Internet","Agréable appartement à louer. Prix 22 000 DH. 2 chambres à coucher, 2 salles de bains, 130 m². 3 pièces lumineuses. 2ème étage. Moins de 5 ans. Type de sol: Carrelage. Bien meublé. Venez découvrir cet appartement en location à Hivernage. Résidence équipée d'un ascenseur. Vous profiterez également d'une belle terrasse. Spacieux salon européen. Programmez dès maintenant votre visite pour cet appartement d'exception à Marrakech. Lave-linge. Antenn...",https://www.mubawab-media.com/ad/8/307/486F/h/photo_0_82008632.avif,12,2026-09-30
8344643,Appartement rez de jardin meublé à louer hivernage,https://www.mubawab.ma/fr/a/8344643/appartement-rez-de-jardin-meubl%C3%A9-%C3%A0-louer-hivernage,Location,Appartement,Marrakech,Hivernage,25 000 DH,25000,120m²,120,3 Pièces,2 Chambres,2 Salles de bains,"Jardin, Terrasse, Garage, Ascenseur, Piscine, Concierge, Meublé, Salon européen, Climatisation, Sécurité, Cuisine équipée, Réfrigérateur, Four, TV, Machine à laver","Appartement rez-de-jardin meublé à louer à Hivernage, Au cœur du très exclusif quartier de l’Hivernage, à Marrakech, se dévoile une adresse rare, nichée au sein d’une résidence de standing, confidentielle, sécurisée et sublimée par de somptueux jardins et une piscine élégante. Proposé à la location longue durée par l’agence Marrakesh Opportunity, cet appartement en rez-de-jardin incarne un art de vivre raffiné, où chaque détail a été pensé pour...",https://www.mubawab-media.com/ad/8/344/643F/h/A7404556_82403931.avif,19,2026-09-30
8330529,200 m² 5ᵉ étage zone ultra premium,https://www.mubawab.ma/fr/a/8330529/200-m%C2%B2-5%E1%B5%89-%C3%A9tage-zone-ultra-premium,Location,Appartement,Marrakech,Hivernage,25 800 DH,25800,200m²,200,6 Pièces,3 Chambres,3 Salles de bains,"Terrasse, Garage, Ascenseur, Piscine, Concierge, Chambre rangement, Meublé, Salon européen, Chauffage central, Sécurité, Double vitrage, Cuisine équipée, Internet, Animaux domestiques autorisés","Superbe appartement spacieux de 200 m² situé au 5ᵉ étage, dans une zone ultra premium à l’Hivernage, proche de toutes les commodités Cet appartement offre de beaux volumes et une excellente distribution des espaces. Il se compose de : Trois grandes chambres, chacune équipée de son dressing et de sa salle de bain privative Un salon lumineux, idéal pour recevoir Une très grande cuisine, offrant un espace fonctionnel et convivial Deux toilettes in...",https://www.mubawab-media.com/ad/8/330/529F/h/WhatsApp%20Image%202026-04-09%20at%2000.18.00%20%284%29_82253949.avif,17,2026-09-30
8395246,"Sublime appartement avec piscine, Marrakech",https://www.mubawab.ma/fr/a/8395246/sublime-appartement-avec-piscine-marrakech,Location,Appartement,Marrakech,Hivernage,26 000 DH,26000,95m²,95,3 Pièces,2 Chambres,2 Salles de bains,"Terrasse, Garage, Ascenseur, Vue sur les montagnes, Piscine, Concierge, Meublé, Façade extérieure, Salon européen, Antenne parabolique, Climatisation, Chauffage central, Sécurité, Double vitrage, Porte blindée, Cuisine équipée, Réfrigérateur, Four, TV, Machine à laver, Micro-ondes, Internet, Animaux domestiques autorisés","Situé au cœur de l’Hivernage, l'adresse la plus emblématique et recherchée de Marrakech, cet appartement neuf offre une expérience de vie urbaine d'un raffinement rare. Au sein d'une résidence sécurisée de très haut standing, ce bien incarne le luxe discret et l’efficacité moderne. Un Design Épuré et Extérieur d'Exception Cet appartement d'exception se distingue par sa sublime terrasse privée de 110 m², véritable prolongement extérieur des espac...",https://www.mubawab-media.com/ad/8/395/246F/h/IMG_9113_83001299.avif,18,2026-09-30
8332667,Louez cet appartement à Hivernage. 4 pièces. Bien meublé,https://www.mubawab.ma/fr/a/8332667/louez-cet-appartement-%C3%A0-hivernage-4-pi%C3%A8ces-bien-meubl%C3%A9,Location,Appartement,Marrakech,Hivernage,27 000 DH,27000,265m²,265,4 Pièces,2 Chambres,1 Salle de bain,"Jardin, Terrasse, Garage, Piscine, Concierge, Chambre rangement, Meublé, Façade extérieure, Salon européen, Antenne parabolique, Cheminée, Climatisation, Chauffage central, Sécurité, Double vitrage, Porte blindée, Cuisine équipée, Réfrigérateur, Four, TV, Machine à laver, Micro-ondes, Internet, Animaux domestiques autorisés","Louez l'appartement de vos rêves. Prix 27 000 DH. 2 chambres à coucher, 2 salles de bains, 265 m². 4 pièces lumineuses. Moins de 20 ans. Type de sol: Parquet. Entièrement meublé. Venez découvrir cet appartement en location à Hivernage. Équipé d'une antenne parabolique et d'une porte blindée. La résidence est sécurisée. Nombreux équipements dont climatisation et piscine. La résidence dispose également d'un service de conciergerie. Programmez dès...",https://www.mubawab-media.com/ad/8/332/667F/h/photo_0_82275929.avif,25,2026-09-30
8198593,Location d'un appartement à Hivernage. Superficie 130 m². Bi...,https://www.mubawab.ma/fr/a/8198593/location-d-un-appartement-%C3%A0-hivernage-superficie-130-m%C2%B2-bien-meubl%C3%A9,Location,Appartement,Marrakech,Hivernage,27 000 DH,27000,130m²,130,2 Pièces,2 Chambres,3 Salles de bains,"Terrasse, Garage, Ascenseur, Concierge, Meublé, Façade extérieure, Salon Marocain, Salon européen, Climatisation, Chauffage central, Sécurité, Double vitrage, Porte blindée, Cuisine équipée, Réfrigérateur, Four, TV, Machine à laver, Micro-ondes, Internet, Animaux domestiques autorisés","Ne laissez pas passer cet appartement à louer. Prix 35 000 DH. 2 pièces, 3 salles de bains, 130 m². 2 chambres. 1er étage. Moins d'un an. Revêtement: Marbre. Entièrement meublé. Cet appartement est proposé à la location à Hivernage. Décoration traditionnelle avec beau salon marocain. Le bien est également équipé d'une porte blindée et la résidence est sécurisée. Confort et sécurité avec service de conciergerie et climatisation. Contactez-nous s...",https://www.mubawab-media.com/ad/8/198/593F/h/photo_00_80848103.avif,17,2026-09-30
8316010,Appartement avec grande terrasse à l’Hivernage,https://www.mubawab.ma/fr/a/8316010/appartement-avec-grande-terrasse-%C3%A0-l%E2%80%99hivernage,Location,Appartement,Marrakech,Hivernage,28 000 DH,28000,200m²,200,3 Pièces,2 Chambres,1 Salle de bain,"Terrasse, Garage, Piscine, Concierge, Chambre rangement, Meublé, Salon européen, Climatisation, Sécurité, Cuisine équipée","Situé dans le prestigieux quartier de l’Hivernage, au sein d’une résidence avec piscine, cet appartement offre un cadre de vie agréable et spacieux, à proximité immédiate des hôtels de luxe, restaurants et commodités du centre de Marrakech. Développant une surface de 200 m², le bien se distingue par ses volumes généreux et sa grande terrasse, idéale pour profiter du climat de Marrakech. Caractéristiques : • Surface : 200 m² • 2 chambres...",https://www.mubawab-media.com/ad/8/316/010F/h/10_82100217.avif,12,2026-09-30
8413562,Hivernage: appartement grand standing 145 m2,https://www.mubawab.ma/fr/a/8413562/hivernage-appartement-grand-standing-145-m2,Location,Appartement,Marrakech,Hivernage,29 000 DH,29000,145m²,145,3 Pièces,2 Chambres,2 Salles de bains,"Terrasse, Ascenseur, Concierge, Meublé, Façade extérieure, Salon européen, Antenne parabolique, Climatisation, Chauffage central, Sécurité, Double vitrage, Cuisine équipée, Réfrigérateur, Four, TV, Machine à laver, Internet, Animaux domestiques autorisés","Situé dans le quartier le plus recherché de Marrakech, Hivernage haut ( proche Sofitel ) cet appartement der 145 m2 dispose d'une très grande pièce de vie avec cuisine ouverte, 2 chambres avec chacune leur terrasse et 2 salles de douche, 3 wc. Appartement entièrement rénové, prestations haut de gamme, mobilier de qualité. Etage élevé avec ascenseur, gardien, proximité des commerces . Loyer : 29 000 Dh",https://www.mubawab-media.com/ad/8/413/562F/h/photo_0_83197574.avif,20,2026-09-30
8368835,Grand appartement 2 chambres à l'Hivernage,https://www.mubawab.ma/fr/a/8368835/grand-appartement-2-chambres-%C3%A0-l-hivernage,Location,Appartement,Marrakech,Hivernage,29 500 DH,29500,145m²,145,,2 Chambres,,,"L’agence immobilière Vaneau Maroc vous propose à la location : Un grand appartement moderne 145 m2 habitable, entièrement refait à neuf, situé au 4ᵉ étage d’une résidence avec ascenseur. Baigné de lumière grâce à son exposition sud et ouest, ce bien offre de beaux volumes et des prestations de qualité. Il se compose d’une spacieuse pièce de vie avec grand salon et salle à manger, ouverte sur une cuisine contemporaine entièrement équipée, idéale...",https://www.mubawab-media.com/ad/8/368/835F/h/1817851d2e672e097a77281ba7931c3a_82708218.avif,28,2026-09-30
8424413,Vend appartement à Boulevard Med 6.1 chambre. Salon traditio...,https://www.mubawab.ma/fr/a/8424413/vend-appartement-%C3%A0-boulevard-med-6-1-chambre-salon-traditionnel-marocain-r%C3%A9sidence-s%C3%A9curis%C3%A9e,Vente,Appartement,Marrakech,Hivernage,30 000 DH,30000,48m²,48,1 Pièce,1 Ch.,1 Salle de bain,"Ascenseur, Piscine, Concierge, Salon Marocain, Climatisation, Sécurité, Double vitrage, Cuisine équipée, Four","Cet appartement moderne de Marrakech, situé sur l'Avenue Mohamed 6 dans le quartier animé de l'Hivernage, offre un espace de vie contemporain avec une surface totale de 48 m², en cours de finition, qui sera prêt dans 2 mois, il se trouve au deuxième étage d'une résidence sécurisée avec piscine, équipé d'un ascenseur, garantissant un accès facile. Avec une orientation à l'ouest, l'appartement bénéficie de la lumière naturelle durant l'après-midi...",https://www.mubawab-media.com/ad/8/424/413F/h/photo_00_83317514.avif,19,2026-09-30
8343795,À louer: appartement grand standing à l'hivernage,https://www.mubawab.ma/fr/a/8343795/%C3%A0-louer-appartement-grand-standing-%C3%A0-l-hivernage,Location,Appartement,Marrakech,Hivernage,30 000 DH,30000,145m²,145,3 Pièces,2 Chambres,2 Salles de bains,"Terrasse, Ascenseur, Piscine, Concierge, Meublé, Salon Marocain, Salon européen, Climatisation, Cuisine équipée, Réfrigérateur, Four, TV, Machine à laver","Nous vous proposons à la location un somptueux appartement de type 3 pièces, d'une superficie généreuse de 145 m², situé au 4ème étage d'un immeuble de 5 étages dans le prestigieux quartier de l'Hivernage à Marrakech. Ce bien d'exception, référencé 260039lom, bénéficie d'un cadre calme et raffiné, idéal pour une vie paisible en plein coeur de la ville. L'appartement se compose de deux chambres spacieuses, de deux salles de bain élégamment aménag...",https://www.mubawab-media.com/ad/8/343/795F/h/WhatsApp%20Image%202026-05-04%20at%2015.09.27%20%283%29_82395169.avif,27,2026-09-30
8255905,Terrain à acheter à Hivernage. Surface totale 2400 m²,https://www.mubawab.ma/fr/a/8255905/terrain-%C3%A0-acheter-%C3%A0-hivernage-surface-totale-2400-m%C2%B2,Vente,Terrain,Marrakech,Hivernage,35 000 DH,35000,2400m²,2400,,,,,"Très bon choix pour ce terrain à vendre. Prix 35 000 DH. Superficie 2400 m². Terrain à découvrir à Hivernage, Marrakech",https://www.mubawab-media.com/ad/8/255/905F/h/photo_0_81446034.avif,1,2026-09-30
7864523,Appartement haut de gamme à louer dans l'Hivernage,https://www.mubawab.ma/fr/a/7864523/appartement-haut-de-gamme-%C3%A0-louer-dans-l-hivernage,Location,Appartement,Marrakech,Hivernage,35 000 DH,35000,115m²,115,3 Pièces,2 Chambres,2 Salles de bains,"Terrasse, Garage, Ascenseur, Piscine, Concierge, Salon européen, Climatisation, Double vitrage, Cuisine équipée, Réfrigérateur, Four, Machine à laver, Micro-ondes","Découvrez avec Votre agence Akkar Immobilier cet immeuble d’exception au cœur de l’Hivernage, proposant des appartements luxueux, conçus spécialement pour des locations longue durée. Equipements : Piscine, Paddle, salle de sport, Hammam. Les appartements, situés aux premier et deuxième étages, offrent des superficies allant de 115m2 à 123m2. Ils sont composés de deux chambres avec salles de bains et dressings, d’un salon spacieux et d’une toi...",https://www.mubawab-media.com/ad/7/864/523F/h/img_8328-hdr_67859576.avif,15,2026-09-30
8301700,Duplex en location à l’hivernage,https://www.mubawab.ma/fr/a/8301700/duplex-en-location-%C3%A0-l%E2%80%99hivernage,Location,Duplex,Marrakech,Hivernage,35 000 DH,35000,300m²,300,7 Pièces,5 Chambres,5 Salles de bains,"Jardin, Garage, Piscine, Sécurité, Cuisine équipée","À louer en location longue durée, spacieux duplex vide de 300 m², situé au rez-de-chaussée dans une résidence de standing avec piscine et grand jardin, au cœur du quartier Hivernage. Composition : • 5 chambres • 5 salles de bain • Cuisine équipée et fermée • Toilette invités • 3 grands salons • Place de parking privée Résidence sécurisée, calme et bien entretenue. Bien idéal pour une famille ou un usage résidentiel haut standing. Prix :...",https://www.mubawab-media.com/ad/8/301/700F/h/IMG_3376_81949817.avif,9,2026-09-30
8303320,"Magnifique appartement moderne, Marrakech",https://www.mubawab.ma/fr/a/8303320/magnifique-appartement-moderne-marrakech,Location,Appartement,Marrakech,Hivernage,37 000 DH,37000,140m²,140,3 Pièces,2 Chambres,2 Salles de bains,"Terrasse, Garage, Ascenseur, Vue sur les montagnes, Piscine, Concierge, Chambre rangement, Façade extérieure, Salon européen, Antenne parabolique, Climatisation, Chauffage central, Sécurité, Double vitrage, Porte blindée, Cuisine équipée, Réfrigérateur, Four, TV, Machine à laver, Micro-ondes, Internet, Animaux domestiques autorisés","Au sein du très recherché quartier de l’Hivernage, cet appartement moderne de 140 m² conjugue élégance et confort dans un environnement exclusif. Il se compose de deux suites raffinées, d’espaces de vie lumineux et fonctionnels, offrant une atmosphère à la fois sobre et contemporaine. Les résidents bénéficient d’un ensemble de prestations haut de gamme : piscine chauffée, salle de fitness, terrain de padel, sauna et hammam. Un parking souterrai...",https://www.mubawab-media.com/ad/8/303/320F/h/IMG_4175_81966884.avif,17,2026-09-30
8303317,"Sublime appartement à louer, Marrakech",https://www.mubawab.ma/fr/a/8303317/sublime-appartement-%C3%A0-louer-marrakech,Location,Appartement,Marrakech,Hivernage,37 000 DH,37000,140m²,140,3 Pièces,2 Chambres,2 Salles de bains,"Terrasse, Garage, Ascenseur, Vue sur les montagnes, Piscine, Façade extérieure, Salon européen, Antenne parabolique, Climatisation, Chauffage central, Sécurité, Double vitrage, Cuisine équipée, Réfrigérateur, Four, TV, Machine à laver, Micro-ondes, Internet, Animaux domestiques autorisés","Au sein du très recherché quartier de l’Hivernage, cet appartement moderne de 140 m² conjugue élégance et confort dans un environnement exclusif. Il se compose de deux suites raffinées, d’espaces de vie lumineux et fonctionnels, offrant une atmosphère à la fois sobre et contemporaine. Les résidents bénéficient d’un ensemble de prestations haut de gamme : piscine chauffée, salle de fitness, terrain de padel, sauna et hammam. Un parking soute...",https://www.mubawab-media.com/ad/8/303/317F/h/IMG_4165_81966870.avif,15,2026-09-30
8084422,A Louer: Superbe Appartement à l'Hivernage,https://www.mubawab.ma/fr/a/8084422/a-louer-superbe-appartement-%C3%A0-l-hivernage,Location,Appartement,Marrakech,Hivernage,37 000 DH,37000,154m²,154,3 Pièces,2 Chambres,2 Salles de bains,"Jardin, Terrasse, Garage, Ascenseur, Piscine, Concierge, Chambre rangement, Meublé, Salon européen, Climatisation, Sécurité, Double vitrage, Cuisine équipée","Ce magnifique appartement est situé dans une résidence neuve de standing, au cœur du quartier prisé de l'Hivernage, à Marrakech. Caractéristiques : • 2 chambres spacieuses et lumineuses • 2 salles de bains modernes • Terrasse traversante offrant une vue imprenable • Place de parking avec accès direct par ascenseur • Prestations de luxe : hammam, sauna, salle de sport, espace détente, piscine chauffée, terrain de...",https://www.mubawab-media.com/ad/8/084/422F/h/4_79695659.avif,12,2026-09-30
8061085,Terrain R5 Hivernage 1443 m2 idéale pour un hôtel,https://www.mubawab.ma/fr/a/8061085/terrain-r5-hivernage-1443-m2-id%C3%A9ale-pour-un-h%C3%B4tel,Vente,Terrain,Marrakech,Hivernage,42 000 DH,42000,1443m²,1443,,,,,"Titrée Descriptif du Terrain à Vendre – Quartier Hivernage, Marrakech Superficie : 1 443 m² Localisation : Quartier prestigieux de l’Hivernage, à seulement 1 minute de l’Hôtel Essaadi. Caractéristiques : • Idéal pour un projet hôtelier ou résidentiel. • Autorisation R5 (rez-de-chaussée 5 étages). • Coefficient d’occupation des sols : 50%. • Excellente visibilité et emplacement stratégique dans l’un des quartiers les plus prisés de Marrake...",https://www.mubawab-media.com/ad/8/061/085F/h/WhatsApp%20Image%202026-05-02%20at%2009.42.15_82384652.avif,3,2026-09-30
8114685,Villa pour un emeuble à vadr sur Marrakech,https://www.mubawab.ma/fr/a/8114685/villa-pour-un-emeuble-%C3%A0-vadr-sur-marrakech,Vente,Villa,Marrakech,Hivernage,42 000 DH,42000,719m²,719,,,,,"Faites une affaire en achetant ce terrain R3 ،pour emeuble et R5 pour hôtel ou bien rénové pour un restaurant. Prix 30 198 000 DH. Superficie de 719 m². Venez découvrir ce terrain en vente à Hivernage, Marrakech. À proximité: hôtel sofitel . À-côtés de café restaurant capocino et",https://www.mubawab-media.com/ad/8/114/685F/h/photo_0_79990929.avif,7,2026-09-30
8329862,Bureaux et commerces à louer à Hivernage. Surface de 320 m²...,https://www.mubawab.ma/fr/a/8329862/bureaux-et-commerces-%C3%A0-louer-%C3%A0-hivernage-surface-de-320-m%C2%B2-avec-sous-sol-et-mezzanine,Location,Bureau,Marrakech,Hivernage,55 000 DH,55000,320m²,320,,,1 Salle de bain,Chambre rangement,"Local commercial à vendre ou à louer – Hivernage, Marrakech Idéalement situé à Hivernage, à proximité immédiate de la gare de Marrakech, ce local commercial bénéficie d’un emplacement stratégique et d’une excellente visibilité. * Rez-de-chaussée : 139 m² * Sous-sol : 137 m² * Mezzanine : 47 m² * Surface totale : 323 m² Idéal pour une banque, une grande enseigne, un restaurant, un showroom, un magasin, une supérette ou toute autre activité comm...",https://www.mubawab-media.com/ad/8/329/862F/h/photo_0_82248125.avif,8,2026-09-30
8344072,Appartement à louer à Hivernage. 3 pièces. Meublé,https://www.mubawab.ma/fr/a/8344072/appartement-%C3%A0-louer-%C3%A0-hivernage-3-pi%C3%A8ces-meubl%C3%A9,Location,Appartement,Marrakech,Hivernage,55 000 DH,55000,116m²,116,3 Pièces,2 Chambres,2 Salles de bains,"Terrasse, Garage, Ascenseur, Piscine, Concierge, Chambre rangement, Meublé, Façade extérieure, Salon européen, Climatisation, Chauffage central, Sécurité, Double vitrage, Porte blindée, Cuisine équipée, Réfrigérateur, Four, TV, Machine à laver, Micro-ondes, Internet","À LOUER – Appartement haut standing meublé de 116 m² – Résidence Four Seasons Marrakech / Secteur M Avenue Situé au cœur du prestigieux quartier M Avenue, dans l’environnement exclusif du Four Seasons Marrakech, ce sublime appartement meublé de 116 m² offre un cadre de vie luxueux, raffiné et parfaitement sécurisé. L’appartement se compose d’une grande pièce à vivre lumineuse avec salon et salle à manger, d’une cuisine entièrement équipée, de d...",https://www.mubawab-media.com/ad/8/344/072F/h/photo_0_82397655.avif,32,2026-09-30
8364269,Louez le local idéal à Hivernage. Superficie 360 m²,https://www.mubawab.ma/fr/a/8364269/louez-le-local-id%C3%A9al-%C3%A0-hivernage-superficie-360-m%C2%B2,Location,Autre,Marrakech,Hivernage,70 000 DH,70000,357m²,357,,,1 Salle de bain,,local à louer à côté de bank an Maghrib boulevard med 6 245m² au sol et 112m² de Mezzanine total de 357m² une grande terrasse. loyer 70000dhs 1 mois de frais d'agence deux mois de caution,https://www.mubawab-media.com/ad/8/364/269F/h/photo_0_82657301.avif,1,2026-09-30
8377530,Local commercial idéal pour magasin ou restaurant,https://www.mubawab.ma/fr/a/8377530/local-commercial-id%C3%A9al-pour-magasin-ou-restaurant,Location,Commerce,Marrakech,Hivernage,70 000 DH,70000,300m²,300,,,2 Salles de bains,"Concierge, Chambre rangement, Climatisation, Sécurité, Double vitrage, Cuisine équipée","CH IMMOBILIER – Opportunité Rare à L’Hivernage ! Emplacement : Quartier prisé de L’Hivernage, à proximité immédiate du Boulevard Mohammed VI. Surface : 300 m² Type de bien : Local commercial idéal pour magasin ou restaurant Loyer mensuel : 70 000 DHS Conditions : • 2 mois de caution • 1 mois de loyer • 1 mois de frais d’agence • Contrat 3 6 9 ans Points forts : • Quartier chic et très fréquenté • Fort potentiel pour activité commerciale...",https://www.mubawab-media.com/ad/8/377/530F/h/3bc7e260-134c-41ee-888a-ce5c873bb285_82805411.avif,6,2026-09-30
8301038,"Duplex signature dans l'hivernage, Marrakech",https://www.mubawab.ma/fr/a/8301038/duplex-signature-dans-l-hivernage-marrakech,Location,Duplex,Marrakech,Hivernage,80 000 DH,80000,900m²,900,5 Pièces,4 Chambres,4 Salles de bains,"Terrasse, Garage, Ascenseur, Vue sur les montagnes, Piscine, Concierge, Chambre rangement, Façade extérieure, Salon Marocain, Salon européen, Antenne parabolique, Cheminée, Climatisation, Chauffage central, Double vitrage, Porte blindée, Cuisine équipée, Réfrigérateur, Four, TV, Machine à laver, Micro-ondes","Situé au cœur de l'Hivernage, dans la résidences la plus sécurisées et exclusives de la ville, ce duplex neuf de 900 m² habitables avec terrasses redéfinit les codes de l'habitat urbain de prestige. Alliant architecture moderne et volumes spectaculaires, ce bien est proposé à la location pour une clientèle en quête de confidentialité et d'excellence. Une Configuration Unique Le duplex s'articule autour de volumes généreux, servis par une haut...",https://www.mubawab-media.com/ad/8/301/038F/h/IMG_6356_81943174.avif,18,2026-09-30
8228518,Appartement à l'achat à Hivernage. Superficie 40 m². Piscine...,https://www.mubawab.ma/fr/pa/8228518/appartement-%C3%A0-l-achat-%C3%A0-hivernage-superficie-40-m%C2%B2-piscine-et-service-de-conciergerie,Vente,Appartement,Marrakech,Hivernage,88 000 DH,88000,40m²,40,2 Pièces,1 Ch.,1 Salle de bain,"Jardin, Ascenseur, Piscine, Concierge, Façade extérieure, Climatisation, Double vitrage, Cuisine équipée, Réfrigérateur, Four, Micro-ondes","Agréable appartement à vendre. Prix 88 000 EUR. 2 pièces, 1 salle de bains, surface 40 m². 1 chambre à coucher. Nouveau. Appréciez le confort de la climatisation. La résidence dispose également d'un service de concierge et d'une piscine. Idéal si vous souhaitez acheter un appartement à Hivernage. Jardin privatif et ascenseur dans la résidence. Four micro-ondes. Programmez dès maintenant votre visite pour cet appartement d'exception à Marrakech...",https://www.mubawab-media.com/ad/8/228/518F/h/1_81153813_81161269.avif,12,2026-09-30
8228513,Superbe appartement à vendre à Hivernage. Surface totale 46m...,https://www.mubawab.ma/fr/pa/8228513/superbe-appartement-%C3%A0-vendre-%C3%A0-hivernage-surface-totale-46m2,Vente,Appartement,Marrakech,Hivernage,101 200 DH,101200,46m²,46,1 Pièce,1 Ch.,1 Salle de bain,"Jardin, Ascenseur, Piscine, Concierge, Façade extérieure, Climatisation, Sécurité, Double vitrage, Cuisine équipée, Réfrigérateur, Micro-ondes","Situé au cœur de l’Hivernage, l’un des quartiers les plus prisés de Marrakech, le projet Lunel se distingue par son emplacement stratégique à proximité immédiate des axes principaux, des commerces et des lieux de vie. Un cadre idéal pour investir dans un bien à forte valeur locative, aussi bien en location saisonnière qu’en location longue durée haut de gamme. Caractéristiques du projet : - Appartements modernes et fonctionnels, optimisés p...",https://www.mubawab-media.com/ad/8/228/513F/h/1_81153813_81161211.avif,12,2026-09-30
8228519,Appartement en vente à Hivernage. Superficie 56 m²,https://www.mubawab.ma/fr/pa/8228519/appartement-en-vente-%C3%A0-hivernage-superficie-56-m%C2%B2,Vente,Appartement,Marrakech,Hivernage,123 200 DH,123200,56m²,56,,,,Piscine,"Situé au cœur de l’Hivernage, l’un des quartiers les plus prisés de Marrakech, le projet Lunel se distingue par son emplacement stratégique à proximité immédiate des axes principaux, des commerces et des lieux de vie. Un cadre idéal pour investir dans un bien à forte valeur locative, aussi bien en location saisonnière qu’en location longue durée haut de gamme. Caractéristiques du projet : - Appartements modernes et fonctionnels, optimisés p...",https://www.mubawab-media.com/ad/8/228/519F/h/1_81153813_81161279.avif,12,2026-09-30
8387264,Appartement 49 m² Consulat de France Hivernage,https://www.mubawab.ma/fr/a/8387264/appartement-49-m%C2%B2-consulat-de-france-hivernage,Vente,Appartement,Marrakech,Hivernage,125 000 DH,125000,49m²,49,2 Pièces,1 Ch.,1 Salle de bain,"Garage, Ascenseur, Concierge, Façade extérieure, Salon Marocain, Salon européen, Antenne parabolique, Cheminée, Climatisation, Chauffage central, Sécurité, Double vitrage, Porte blindée","Idéalement situé à proximité du Consulat de France à Marrakech, dans un secteur recherché et bien desservi. Description du bien Ce charmant appartement de 49 m² se compose d’une chambre, d’un salon lumineux, d’une salle de bain et d’une cuisine américaine ouverte. Une place de parking complète ce bien fonctionnel et bien agencé. Prestations • Une chambre • Salon • Salle de bain • Cuisine américaine • Une place de parking Emplacement Un...",https://www.mubawab-media.com/ad/8/387/264F/h/photo_00_82911808.avif,10,2026-09-30
8407459,Appartement terrasse piscine Hivernage,https://www.mubawab.ma/fr/a/8407459/appartement-terrasse-piscine-hivernage,Vente,Appartement,Marrakech,Hivernage,165 000 DH,165000,59m²,59,2 Pièces,1 Ch.,1 Salle de bain,"Terrasse, Garage, Ascenseur, Piscine, Concierge, Meublé, Façade extérieure, Salon européen, Climatisation, Sécurité, Double vitrage, Cuisine équipée, Réfrigérateur, Machine à laver, Micro-ondes","ATLASIMMOBILIER vous propose ce bel appartement meublé de 59 m² terrasse comprise, situé au 5ᵉ étage d’une résidence de standing dans le quartier de l’Hivernage, à proximité immédiate de l’avenue Mohammed VI. Lumineux, entièrement équipé et prêt à vivre, il bénéficie surtout d’une grande terrasse d'environs 16 m² avec aperçu sur les montagnes de l’Atlas. Caractéristiques principales : - Surface titrée : 59 m² - 5ᵉ étage - 1 chambre - 1 salle d...",https://www.mubawab-media.com/ad/8/407/459F/h/appartement-meuble-terrasse-vue-atlas-piscine_83131062.avif,11,2026-09-30
8235427,Appartement à vendre à Hivernage. Surface de 80 m²,https://www.mubawab.ma/fr/pa/8235427/appartement-%C3%A0-vendre-%C3%A0-hivernage-surface-de-80-m%C2%B2,Vente,Appartement,Marrakech,Hivernage,178 200 DH,178200,80m²,80,2 Pièces,2 Chambres,1 Salle de bain,"Jardin, Terrasse, Garage, Ascenseur, Piscine, Concierge, Climatisation, Sécurité, Double vitrage, Cuisine équipée, Réfrigérateur, Micro-ondes","Situé au cœur de l’Hivernage, l’un des quartiers les plus prisés de Marrakech, le projet Lunel se distingue par son emplacement stratégique à proximité immédiate des axes principaux, des commerces et des lieux de vie. Un cadre idéal pour investir dans un bien à forte valeur locative, aussi bien en location saisonnière qu’en location longue durée haut de gamme. Caractéristiques du projet : - Appartements modernes et fonctionnels, optimisés p...",https://www.mubawab-media.com/ad/8/235/427F/h/Gemini_Generated_Image_9ukam69ukam69uka_81236868.avif,11,2026-09-30
8306136,Superbe appartement Hivernage à vendre à Marrakech,https://www.mubawab.ma/fr/a/8306136/superbe-appartement-hivernage-%C3%A0-vendre-%C3%A0-marrakech,Vente,Appartement,Marrakech,Hivernage,180 000 DH,180000,71m²,71,2 Pièces,1 Ch.,2 Salles de bains,Garage,"Superbe appartement Hivernage à vendre à Marrakech. Dans un emplacement de choix à côté du Menara Mall et à distance de marche du fabuleux Morocco Mall, cet appartement de 71 m2 est parfait comme votre pied-à-terre et un véritable bon plan AirBnB ! Une chambre. Deux salles de bains. Place de parking souterrain ! Exclusivité avec Bosworth Property Marrakech au prix excellent de seulement 180 000 euros",https://www.mubawab-media.com/ad/8/306/136F/h/01b1971c-fce5-442b-9330-ee3169525a76_81994654.avif,20,2026-09-30
8155969,Vente d'un bel appartement à l’hivernage. Surface de 90 m²...,https://www.mubawab.ma/fr/a/8155969/vente-d-un-bel-appartement-%C3%A0-l%E2%80%99hivernage-surface-de-90-m%C2%B2-porte-blind%C3%A9e-et-syst%C3%A8me-de-double-vitrage,Vente,Appartement,Marrakech,Hivernage,185 000 DH,185000,90m²,90,4 Pièces,3 Chambres,3 Salles de bains,"Garage, Ascenseur, Salon européen, Climatisation, Double vitrage, Porte blindée","Découvrez cet appartement à vendre. Prix 185 000 EUR. 4 pièces, 3 salles de bains, surface 90 m². 3 chambres à coucher. 3ème étage. Revêtement: Marbre. Confort et sécurité avec porte blindée et double vitrage. Venez découvrir cet appartement à vendre à l’hivernage, ( Menarra garden )Confortable salon européen. Système de climatisation. Pour visiter cet appartement à vendre à Marrakech. Ascenseur dans la résidence",https://www.mubawab-media.com/ad/8/155/969F/h/photo_00_80417912.avif,14,2026-09-30
8418609,Local commercial à vendre à l’Hivernage,https://www.mubawab.ma/fr/a/8418609/local-commercial-%C3%A0-vendre-%C3%A0-l%E2%80%99hivernage,Vente,Commerce,Marrakech,Hivernage,210 000 DH,210000,74m²,74,,,1 Salle de bain,,"Local commercial à vendre à l’Hivernage – 74 m² sur deux niveaux Donnez à votre activité une adresse stratégique dans le quartier prisé de l’Hivernage à Marrakech. Bénéficiant d’une bonne visibilité, ce local commercial offre 43 m² au rez-de-chaussée et 31 m² en mezzanine, soit une superficie totale de 74 m². Ses matériaux de qualité et son aménagement fonctionnel permettent d’adapter les espaces aux besoins de votre projet professionnel. Les...",https://www.mubawab-media.com/ad/8/418/609F/h/7_83254006.avif,9,2026-09-30
8417620,Appartement meublé 2 chambres avec terrasse et piscine Résid...,https://www.mubawab.ma/fr/a/8417620/appartement-meubl%C3%A9-2-chambres-avec-terrasse-et-piscine-r%C3%A9sidence-babylone-hivernage,Vente,Appartement,Marrakech,Hivernage,215 000 DH,215000,100m²,100,3 Pièces,2 Chambres,1 Salle de bain,"Terrasse, Garage, Ascenseur, Piscine, Concierge, Meublé, Façade extérieure, Salon Marocain, Salon européen, Antenne parabolique, Cheminée, Climatisation, Chauffage central, Sécurité, Double vitrage, Porte blindée, Cuisine équipée, Réfrigérateur, Four, Micro-ondes","Century 21 - Agence 7132 Real Estate vous propose un appartement de 100 m² dans la Résidence Babylone, au cœur de l'Hivernage, l'un des quartiers les plus prisés de Marrakech. Situé au 5ᵉ étage, l'appartement est vendu meublé et équipé. Il comprend : • un séjour lumineux ouvrant sur un grand balcon, • une superbe terrasse de 20 m² sans vis-à-vis, • 2 chambres, • 1 salle de bain, • 1 toilette invités. La résidence est sécurisée et réputée...",https://www.mubawab-media.com/ad/8/417/620F/h/photo_0_83242782.avif,16,2026-09-30
8384651,Hivernage appartement 3 pièces,https://www.mubawab.ma/fr/a/8384651/hivernage-appartement-3-pi%C3%A8ces,Vente,Appartement,Marrakech,Hivernage,250 000 DH,250000,131m²,131,3 Pièces,2 Chambres,1 Salle de bain,"Terrasse, Garage, Ascenseur, Piscine, Concierge, Meublé, Salon européen, Climatisation, Sécurité, Double vitrage, Cuisine équipée, Réfrigérateur, Four, Machine à laver, Micro-ondes","Au sein d'une résidence de grand standing avec ascenseurs et piscine, cet appartement très joliment décoré est situé au 4eme étage et profite d'une terrasse avec vues dégagées. L'entrée dessert une double réception avec cuisine US très bien équipée, deux chambres qui se partagent une salle de bains et un wc invités (possible seconde douche). Un grand parking de 25m² titré. Vendu meublé",https://www.mubawab-media.com/ad/8/384/651F/h/DSC_9656-HDR_82883599.avif,15,2026-09-30
8394389,Appartement meublé à vendre au cœur de l'Hivernage,https://www.mubawab.ma/fr/a/8394389/appartement-meubl%C3%A9-%C3%A0-vendre-au-c%C5%93ur-de-l-hivernage,Vente,Appartement,Marrakech,Hivernage,280 000 DH,280000,105m²,105,3 Pièces,2 Chambres,1 Salle de bain,"Terrasse, Ascenseur, Meublé, Sécurité","Appartement meublé à vendre au cœur de l'Hivernage – 105 m² Idéalement situé au cœur du prestigieux quartier de l'Hivernage, cet élégant appartement meublé de 105 m², situé au 1er étage d'une résidence avec ascenseur, offre un cadre de vie confortable et raffiné à proximité des meilleures adresses de Marrakech. L'appartement comprend deux chambres lumineuses, une salle de bains, ainsi qu'une salle d'eau pouvant être facilement transformée en un...",https://www.mubawab-media.com/ad/8/394/389F/h/11_82992135.avif,16,2026-09-30
8390412,Appartement de très haut standing à vendre,https://www.mubawab.ma/fr/a/8390412/appartement-de-tr%C3%A8s-haut-standing-%C3%A0-vendre,Vente,Appartement,Marrakech,Hivernage,360 000 DH,360000,125m²,125,3 Pièces,2 Chambres,2 Salles de bains,"Terrasse, Garage, Sécurité, Cuisine équipée","Appartement de très haut standing à vendre – Hivernage Découvrez ce magnifique appartement de 125 m², idéalement situé dans le prestigieux quartier de l'Hivernage, en face de l'Hôtel CR7 Cristiano et à seulement quelques pas de M Avenue, l'une des adresses les plus prisées de Marrakech. Niché au sein d'une résidence de très haut standing, cet appartement séduit par ses volumes généreux, sa luminosité et la qualité de ses prestations, offrant...",https://www.mubawab-media.com/ad/8/390/412F/h/3_82945922.avif,8,2026-09-30
8255761,Luxury Hivernage Apartment For Sale,https://www.mubawab.ma/fr/a/8255761/luxury-hivernage-apartment-for-sale,Vente,Autre,Marrakech,Hivernage,375 000 DH,375000,176m²,176,4 Pièces,3 Chambres,3 Salles de bains,Garage,"What a location and what an apartment! First floor. On the Mohammed 6 Boulevard towards Victor Hugo, close to restaurants and shops, with a dedicated underground parking space, 24 hour security, good lift, this 176m2 freehold apartment has it all. 3 generous bedrooms and 3 bathrooms. A superb reception lounge with it's fireplace. A modern fully equipped kitchen. And a courtyard that is crying out for development. Perfect as your Marrakech home fr...",https://www.mubawab-media.com/ad/8/255/761F/h/ab7273d0-f419-433e-bdb5-ce3d017c1e42_81444598.avif,11,2026-09-30
8356704,Spacieux 3 chambres au dernier étage Hivernage,https://www.mubawab.ma/fr/a/8356704/spacieux-3-chambres-au-dernier-%C3%A9tage-hivernage,Vente,Appartement,Marrakech,Hivernage,398 500 DH,398500,150m²,150,4 Pièces,3 Chambres,2 Salles de bains,"Terrasse, Garage, Ascenseur, Piscine, Concierge, Meublé, Salon européen, Climatisation, Chauffage central, Cuisine équipée, Réfrigérateur, Four, Machine à laver, Micro-ondes","Dans une résidence de standing sécurisée avec piscine, installez vous dans ce spacieux 3 chambres de 150m2 dans le prestigieux quartier hivernage avec tous les commerces à proximité . Situé au 5eme étage avec ascenseur, l'appartement bénéficie d'un balcon filant desservant chaque chambre et le vaste séjour. Une place de parking vous est réservée en sous sol Prix de vente 398500 Frais d'agence 3%",https://www.mubawab-media.com/ad/8/356/704F/h/Screenshot_20240404-212915_Airbnb-1729726670532_82536163.avif,12,2026-09-30
8224791,Appartement à Vendre Hivernage,https://www.mubawab.ma/fr/a/8224791/appartement-%C3%A0-vendre-hivernage,Vente,Appartement,Marrakech,Hivernage,430 000 DH,430000,158m²,158,4 Pièces,3 Chambres,3 Salles de bains,"Jardin, Terrasse, Garage, Piscine","À VENDRE – Appartement de Prestige 3 Chambres – Hivernage Situé en plein cœur du quartier prisé de l’Hivernage, dans une résidence de grand standing avec jardin paysager et piscine, cet élégant appartement de 158m², au 3ème étage, offre une atmosphère à la fois raffinée et apaisante. Lappartement se compose de : Un vaste salon lumineux avec coin salle à manger, souvrant sur un balcon offrant une vue dégagée sur le Mall M Avenue T...",https://www.mubawab-media.com/ad/8/224/791F/h/file_1758895405_6178578_81121761.avif,19,2026-09-30
8296190,À vendre appartement à l'hivernage,https://www.mubawab.ma/fr/a/8296190/%C3%A0-vendre-appartement-%C3%A0-l-hivernage,Vente,Appartement,Marrakech,Hivernage,480 000 DH,480000,110m²,110,4 Pièces,2 Chambres,2 Salles de bains,"Ascenseur, Concierge, Façade extérieure, Salon européen, Climatisation, Double vitrage, Cuisine équipée, Réfrigérateur, Four, Machine à laver, Micro-ondes","Superbe appartement situé en plein coeur du quartier très recherché de l'Hivernage à Marrakech. Niché au 4ème étage d'un bel immeuble d'architecte parfaitement entretenu, cet appartement de 110 m² a été entièrement rénové avec soin. L'espace se compose de salon, salle à manger, salon bibliothèque, cuisine équipée, salle de douche et d'une suite avec sa propre salle de bains. Grâce à ses prestations de haute qualité et sa localisation pri...",https://www.mubawab-media.com/ad/8/296/190F/h/Accroche_81890888.avif,10,2026-09-30
8378256,Rez de chaussée duplex en plein coeur de l'Hivernage,https://www.mubawab.ma/fr/a/8378256/rez-de-chauss%C3%A9e-duplex-en-plein-coeur-de-l-hivernage,Vente,Duplex,Marrakech,Hivernage,500 000 DH,500000,110m²,110,4 Pièces,2 Chambres,2 Salles de bains,"Terrasse, Garage, Piscine, Meublé, Chauffage central, Sécurité, Double vitrage, Porte blindée, Cuisine équipée","VANEAU MAROC, agence immobilière à Marrakech, vous propose ce magnifique duplex en rez-de-chaussée, idéalement situé au cœur de l'Hivernage, au sein d'un immeuble avec piscine ensoleillée, et sécurisé 24h/24. Ce bien se développe sur deux niveaux, offrant une superficie totale de 174 m², dont 64 m² de terrasse. Le rez-de-chaussée comprend une cuisine semi-ouverte et un vaste salon-séjour, à l'étage, vous trouverez deux chambres, chacune avec le...",https://www.mubawab-media.com/ad/8/378/256F/h/6be57d764d2290213052c750ad77a51c_5e10739a2d_1920-big_82813507.avif,22,2026-09-30
8213351,Rez de chaussée duplex en plein coeur de l'Hivernage,https://www.mubawab.ma/fr/a/8213351/rez-de-chauss%C3%A9e-duplex-en-plein-coeur-de-l-hivernage,Vente,Duplex,Marrakech,Hivernage,500 000 DH,500000,110m²,110,,,,,"Rez-de-chaussée duplex en plein coeur de l'Hivernage, vous propose ce magnifique duplex en rez-de-chaussée, idéalement situé au cœur de l'Hivernage, au sein d'un immeuble avec piscine ensoleillée, et sécurisé 24h/24. Ce bien se développe sur deux niveaux, offrant une superficie totale de 174 m², dont 64 m² de terrasse. Le rez-de-chaussée comprend une cuisine semi-ouverte et un vaste salon-séjour, à l'étage, vous trouverez deux chambres, chacu...",https://www.mubawab-media.com/ad/8/213/351F/h/944f91b12b87fd6a0e20f15e5a2d91bc_80998367.avif,22,2026-09-30
8326514,Superbe Appartement à vendre 2 chambres Hivernage,https://www.mubawab.ma/fr/a/8326514/superbe-appartement-%C3%A0-vendre-2-chambres-hivernage,Vente,Appartement,Marrakech,Hivernage,510 000 DH,510000,112m²,112,4 Pièces,2 Chambres,2 Salles de bains,"Terrasse, Piscine, Meublé",Superbe Appartement à vendre 2 chambres Hivernage L'appartement est composé de deux chambres et deux salles de bains et a été entièrement rénové. Chaques chambres à sa salle de bain privative. Une piscine dans la résidence vient compléter ce bien d'exception. L'appartement est vendu titré et meublé,https://www.mubawab-media.com/ad/8/326/514F/h/db498cd8aacc3acb29021bd326e970c0_82210968.avif,33,2026-09-30
8376388,Superbe appartement Comptemporain Hivernage,https://www.mubawab.ma/fr/a/8376388/superbe-appartement-comptemporain-hivernage,Vente,Appartement,Marrakech,Hivernage,590 000 DH,590000,280m²,280,5 Pièces,2 Chambres,2 Salles de bains,"Jardin, Cuisine équipée","MARRAKECH – HIVERNAGE Appartement d’Exception – Off Market Idéalement situé au cœur de l’Hivernage, le quartier le plus prestigieux et recherché de Marrakech, cet appartement d’exception offre 130 m² habitables aux prestations haut de gamme. Il se compose de deux magnifiques suites parentales, chacune disposant de sa salle de bains privative, d’un vaste séjour baigné de lumière, ainsi que d’une cuisine entièrement équipée. Son véritable atout...",https://www.mubawab-media.com/ad/8/376/388F/h/photo_0_82793582.avif,1,2026-09-21
8334772,Appartement de prestige avec jardin privatif,https://www.mubawab.ma/fr/a/8334772/appartement-de-prestige-avec-jardin-privatif,Vente,Appartement,Marrakech,Hivernage,610 000 DH,610000,130m²,130,3 Pièces,2 Chambres,2 Salles de bains,"Jardin, Salon européen, Climatisation, Cuisine équipée","Situé au cœur de l’Hivernage, le quartier le plus recherché de Marrakech, cet élégant appartement offre un cadre de vie rare alliant confort, intimité et prestations haut de gamme, à proximité immédiate des meilleures adresses de la ville. Développant 130 m² habitables, le bien se compose de deux suites parentales et bénéficie d’un magnifique jardin privatif de 150 m², véritable havre de paix en plein centre-ville. Caractéristiques : • Surf...",https://www.mubawab-media.com/ad/8/334/772F/h/5_82297656.avif,11,2026-09-30
8195616,Appartement Hivernage,https://www.mubawab.ma/fr/a/8195616/appartement-hivernage,Vente,Appartement,Marrakech,Hivernage,615 000 DH,615000,203m²,203,5 Pièces,2 Chambres,1 Salle de bain,"Terrasse, Sécurité","Appartement Hivernage Situé au cœur d'un emplacement privilégié, cet appartement au 2ème étage offre un espace de vie spacieux et lumineux de 203m2. Dès que vous franchissez la porte d'entrée, vous arrivez dans un espace clair et chaleureux. L'appartement se compose de deux chambres élégamment aménagées, offrant des espaces intimes pour se détendre et se ressourcer. La chambre parentale bénéficie d'un balcon privé, créant un coin paisible pour...",https://www.mubawab-media.com/ad/8/195/616F/h/90e5833a9659d507cd19243cbbace6bf_80820047.avif,26,2026-09-30
8319598,Jolie Studio meublé à vendre à hivernage,https://www.mubawab.ma/fr/a/8319598/jolie-studio-meubl%C3%A9-%C3%A0-vendre-%C3%A0-hivernage,Vente,Studio,Marrakech,Hivernage,670 000 DH,670000,38m²,38,2 Pièces,1 Ch.,1 Salle de bain,"Ascenseur, Concierge, Meublé, Façade extérieure, Salon Marocain, Climatisation, Sécurité, Cuisine équipée, Réfrigérateur, Micro-ondes","À vendre, superbe studio meublé de 38 m², idéalement situé dans un secteur recherché à proximité de l’Hivernage à Marrakech. Ce bien, prêt à l’exploitation , offre un cadre de vie agréable et un emplacement stratégique, parfait pour un investissement locatif à fort rendement ou pour une résidence principale. Entièrement meublé avec goût, il se compose d’un salon lumineux avec espace détente, d’une chambre confortable avec rangements intégrés...",https://www.mubawab-media.com/ad/8/319/598F/h/1704279616-promo-immo-marrakech-appartement%20-location%20-%20meuble-Allm-806%20%287%29_82137064.avif,6,2026-09-30
8000139,Studio chic et convivial à vendre à l'hivernage,https://www.mubawab.ma/fr/pa/8000139/studio-chic-et-convivial-%C3%A0-vendre-%C3%A0-l-hivernage,Vente,Studio,Marrakech,Hivernage,680 000 DH,680000,40m²,40,2 Pièces,1 Ch.,1 Salle de bain,"Jardin, Terrasse, Garage, Ascenseur, Piscine, Façade extérieure, Sécurité","Studio lumineux : un espace de vie accueillant qui allie design contemporain et ambiance chaleureuse. en cours de construction (livraison prévue fin 2026) Coin salon convivial Finition haut standing Profitez des avantages d’un investissement sur plan avec des prix attractifs et un paiement flexible par tranches Emplacement stratégique : À 2 minutes de M. Avenue, 5 minutes de la gare, et 14 minutes de l’aéroport international de Marrake...",https://www.mubawab-media.com/ad/8/000/139F/h/%D8%B5%D9%88%D8%B1%D8%A9%20%D9%88%D8%A7%D8%AA%D8%B3%D8%A7%D8%A8%20%D8%A8%D8%AA%D8%A7%D8%B1%D9%8A%D8%AE%202024-10-01%20%D9%81%D9%8A%2020.11.01_75984a0d_79078129.avif,18,2026-09-30
8379195,Pas de porte restaurant – Hivernage,https://www.mubawab.ma/fr/a/8379195/pas-de-porte-restaurant-%E2%80%93-hivernage,Vente,Commerce,Marrakech,Hivernage,700 000 DH,700000,140m²,140,,,2 Salles de bains,"Garage, Chambre rangement, Climatisation, Sécurité, Cuisine équipée","À vendre, pas de porte d'un local commercial entièrement équipé pour une activité de restauration, situé dans le prestigieux quartier de l'Hivernage à Marrakech. Le local bénéficie d'un emplacement stratégique, idéal pour un restaurant, un café, un salon de thé ou tout autre concept de restauration. Caractéristiques : Superficie totale : 140 m² répartis sur 3 niveaux Terrasse extérieure de 30 m² 2 cuisines professionnelles avec système d'extra...",https://www.mubawab-media.com/ad/8/379/195F/h/WhatsApp%20Image%202026-06-24%20at%2021.24.04%20%287%29_82824716.avif,12,2026-09-30
8293600,App Studio rez de chausse hivernage a cote CTM,https://www.mubawab.ma/fr/a/8293600/app-studio-rez-de-chausse-hivernage-a-cote-ctm,Vente,Studio,Marrakech,Hivernage,800 000 DH,800000,41m²,41,1 Pièce,1 Ch.,1 Salle de bain,"Garage, Ascenseur, Antenne parabolique, Climatisation, Chauffage central, Sécurité, Double vitrage, Porte blindée, Four",Salam on propose un joli appartement studio chambre salon vide quartier l'hivernage près de la 7e le compose d'une superficie de 42 m² au rez-de-chaussée d'un immeuble sécurisé avec parking sous-sol au prix de 80 millions 0602008076,https://www.mubawab-media.com/ad/8/293/600F/h/20260127_104643_81859804.avif,15,2026-09-30
8288759,Bel appartement à vendre à Hivernage. 3 chambres. Environnem...,https://www.mubawab.ma/fr/a/8288759/bel-appartement-%C3%A0-vendre-%C3%A0-hivernage-3-chambres-environnement-calme-avec-vue-montagne-chauffage-central-,Vente,Appartement,Marrakech,Hivernage,880 000 DH,880000,41m²,41,2 Pièces,3 Chambres,3 Salles de bains,"Garage, Ascenseur, Vue sur les montagnes, Piscine, Concierge, Façade extérieure, Chauffage central, Sécurité","Opportunité unique pour cet appartement à vendre. Prix 880 000 DH. 3 chambres à coucher, 3 salles de bains, 41 m². 2 pièces. 3ème étage. Moins d'un an. Revêtement: Marbre. Profitez d'une vue magnifique sur les montagnes et du confort du chauffage central. Cet appartement est proposé à la vente à Hivernage. Nombreux équipements dont piscine et service de conciergerie. Avec ascenseur. Programmez dès maintenant votre visite pour cet appartement d'...",https://www.mubawab-media.com/ad/8/288/759F/h/1536_81809270.avif,9,2026-09-30
7257394,Appartement en vente à M Avenue. Surface de 147 m². Double v...,https://www.mubawab.ma/fr/a/7257394/appartement-en-vente-%C3%A0-m-avenue-surface-de-147-m%C2%B2-double-vitrage-et-chauffage-central,Vente,Appartement,Marrakech,Hivernage,900 000 DH,900000,185m²,185,3 Pièces,2 Chambres,2 Salles de bains,"Terrasse, Garage, Ascenseur, Vue sur les montagnes, Piscine, Concierge, Chambre rangement, Salon Marocain, Salon européen, Antenne parabolique, Climatisation, Chauffage central, Sécurité, Double vitrage, Porte blindée, Cuisine équipée, Réfrigérateur, Four, Machine à laver, Micro-ondes","Appartement de 185m² à vendre sur M Avenue. Il se compose de deux chambres, deux salles de bain, toilette d'invitée, un salon, un balcon, une buanderie, un box et deux places de parking. Une résidences privées d'une chaîne hôtelière de luxe sur Marrakech exceptionnel sur M Avenue hivernage proposent une expérience vibrante à leurs résidents en quête de détente. Tout en profitant de la magie de Marrakech, vous pourrez vous déconnecter dans un uni...",https://www.mubawab-media.com/ad/7/257/394F/h/photo_4_28670430.avif,12,2026-09-30
8000155,Bureau à vendre à l'hivernage,https://www.mubawab.ma/fr/pa/8000155/bureau-%C3%A0-vendre-%C3%A0-l-hivernage,Vente,Bureau,Marrakech,Hivernage,904 500 DH,904500,67m²,67,,,2 Salles de bains,"Jardin, Terrasse, Garage, Ascenseur, Sécurité","Plateau bureaux : un agencement ingénieux qui facilite votre quotidien tout en préservant une atmosphère chaleureuse et accueillante. le bien est encours de construction (livraison prévue fin 2026) -Finitions haut standing Profitez des avantages d’un investissement sur plan avec des prix attractifs et un paiement flexible par tranches Emplacement stratégique : À 2 minutes de M. Avenue, 5 minutes de la gare, et 14 minutes de l’aéroport int...",https://www.mubawab-media.com/ad/8/000/155F/h/WhatsApp%20Image%202023-09-13%20at%2011.41.49_82280507.avif,3,2026-09-30
8350910,Studios & Duplex à vendre à l’hivernage – a partir de 42m2 ...,https://www.mubawab.ma/fr/a/8350910/studios-duplex-%C3%A0-vendre-%C3%A0-l%E2%80%99hivernage-%E2%80%93-a-partir-de-42m2-livraison-octobre-2027,Vente,Duplex,Marrakech,Hivernage,924 000 DH,924000,42m²,42,2 Pièces,1 Ch.,1 Salle de bain,"Jardin, Terrasse, Garage, Ascenseur, Piscine, Concierge, Façade extérieure, Climatisation, Sécurité, Double vitrage, Porte blindée, Cuisine équipée, Four","Découvrez un immeuble moderne pensé pour l’investissement locatif et le confort haut de gamme. Prestations premium : * Piscine privée * Salle de sport équipée * Réception & accueil pour vos clients * Résidence sécurisée et élégante Emplacement stratégique : * À seulement 2 minutes de M Avenue * À 1 minute du Boulevard Mohammed VI * Proche de toutes les commodités : restaurants, cafés, loisirs et commerces Idéal pour : * Investissement lo...",https://www.mubawab-media.com/ad/8/350/910F/h/photo_01_82473882.avif,9,2026-09-30
8264381,Bureau à vendre 93 m² Hivernage Marrakech,https://www.mubawab.ma/fr/a/8264381/bureau-%C3%A0-vendre-93-m%C2%B2-hivernage-marrakech,Vente,Bureau,Marrakech,Hivernage,930 000 DH,930000,93m²,93,,,,Ascenseur,"Découvrez ce bureau idéalement situé dans le quartier prisé de Ménara, à Marrakech. Avec une surface de 93 m², cet espace offre un cadre de travail agréable et lumineux grâce à son orientation plein sud. Situé au 1er étage d'un immeuble bien entretenu, il bénéficie de la présence d’un ascenseur, facilitant l’accès à vos locaux. Il dispose de : - Un espace de reception - Espace bureau - Une salle d'eau - Une Kitchenette Ce bureau...",https://www.mubawab-media.com/ad/8/264/381F/h/annonce-agenz-2025-02-21T102000-318Z-20250221_110742_81545527.avif,12,2026-09-30
8421577,"Appartements, Duplex et Riads à Vendre VEPN26312",https://www.mubawab.ma/fr/a/8421577/appartements-duplex-et-riads-%C3%A0-vendre-vepn26312,Vente,Riad,Marrakech,Hivernage,938 000 DH,938000,39m²,39,2 Pièces,1 Ch.,1 Salle de bain,"Garage, Ascenseur, Piscine, Concierge, Climatisation, Sécurité","Votre agence immobilière à Marrakech PRESTIGE GALLERY IMMO a le plaisir de vous présenter un projet immobilier exceptionnel à l’Hivernage, l’un des quartiers les plus recherchés de Marrakech, à deux pas de la gare. Pensé comme une véritable destination résidentielle, ce projet propose une collection de résidences au design contemporain, avec des appartements et duplex de 1 à 4 chambres, certains bénéficiant de leur propre piscine privée. Un art...",https://www.mubawab-media.com/ad/8/421/577F/h/edhsjk_83286299.avif,23,2026-09-30
8421302,"Projet sur plan, Hivernage, Marrakech",https://www.mubawab.ma/fr/a/8421302/projet-sur-plan-hivernage-marrakech,Vente,Duplex,Marrakech,Hivernage,938 000 DH,938000,,,5 Pièces,4 Chambres,2 Salles de bains,"Garage, Ascenseur, Piscine, Concierge, Climatisation, Sécurité, Cuisine équipée","**PROJET RÉSIDENTIEL SUR PLAN – HIVERNAGE, MARRAKECH** Situé Avenue Hassan II, au cœur de l’Hivernage, ce projet résidentiel d’exception associe architecture contemporaine et caractère intemporel de Marrakech, à proximité de la Koutoubia. Le projet propose une collection d’appartements et de duplex répartis sur 8 entrées indépendantes, avec des configurations allant de 1 à 4 chambres. Certaines unités disposent également d’une piscine privé...",https://www.mubawab-media.com/ad/8/421/302F/h/thumb_162510_property_big_83283981.avif,1,2026-09-30
8416513,Vente d'un bel appartement à Hivernage. 2 belles chambres,https://www.mubawab.ma/fr/a/8416513/vente-d-un-bel-appartement-%C3%A0-hivernage-2-belles-chambres,Vente,Appartement,Marrakech,Hivernage,950 000 DH,950000,70m²,70,2 Pièces,2 Chambres,2 Salles de bains,,"Situé au cœur du quartier prisé de Hivernage à Marrakech, cet appartement de 70 m² offre un cadre de vie agréable et pratique. Composé de deux chambres et deux salles de bains, il se distingue par sa distribution fonctionnelle et son charme moderne. La cuisine, bien équipée, est dotée de rangements en bois et de tous les appareils essentiels, prête à recevoir de délicieux repas. Les chambres, lumineuses, bénéficient de placards intégrés pour opti...",https://www.mubawab-media.com/ad/8/416/513F/h/photo_00_83230389.avif,15,2026-09-30
8265109,Bureau à vendre 70 m² Hivernage Marrakech,https://www.mubawab.ma/fr/a/8265109/bureau-%C3%A0-vendre-70-m%C2%B2-hivernage-marrakech,Vente,Bureau,Marrakech,Hivernage,960 000 DH,960000,70m²,70,,,1 Salle de bain,"Garage, Ascenseur","Nous vous proposons à la vente ce bureau d’une superficie de 70 m², situé dans le quartier recherché de Hivernage à Marrakech. Ce bien, en bon état et d’une ancienneté de 1 à 5 ans, se trouve au 1er étage d’un immeuble de 3 étages. Il bénéficie d’une belle luminosité grâce à son orientation Nord, vous offrant ainsi un cadre de travail agréable tout au long de la journée. Ce bureau est équipé d’un ascenseur pour un accès facilité et dispose éga...",https://www.mubawab-media.com/ad/8/265/109F/h/annonce-agenz-2024-12-11T200159-477Z-1000022645_81553601.avif,8,2026-09-30
8352595,Hivernage à vendre idéal pour investissement,https://www.mubawab.ma/fr/a/8352595/hivernage-%C3%A0-vendre-id%C3%A9al-pour-investissement,Vente,Appartement,Marrakech,Hivernage,1 050 000 DH,1050000,45m²,45,2 Pièces,1 Ch.,1 Salle de bain,"Terrasse, Piscine, Sécurité, Cuisine équipée","enez découvrir ce charmant appartement de 2 pièces, d'une surface de 45 m², situé au 3ème étage (appartement 45) d'un immeuble récent de 5 étages dans le quartier prisé de l'Hivernage à Marrakech. Ce bien en très bon état général offre une chambre confortable, une cuisine américaine aménagée et équipée, une salle d'eau, ainsi qu'une terrasse agréable. L'appartement est calme et bénéficie d'une exposition sans vis-à-vis. Vous profiterez égalemen...",https://www.mubawab-media.com/ad/8/352/595F/h/unnamed_82491815.avif,10,2026-09-30
8321248,Studio Hivernage rentabilité Airbnb assurée,https://www.mubawab.ma/fr/a/8321248/studio-hivernage-rentabilit%C3%A9-airbnb-assur%C3%A9e,Vente,Studio,Marrakech,Hivernage,1 070 000 DH,1070000,41m²,41,2 Pièces,1 Ch.,1 Salle de bain,"Terrasse, Garage, Ascenseur, Meublé, Climatisation, Cuisine équipée, Réfrigérateur, Four, Machine à laver","Les Tailleurs de l’Immobilier À vendre – Rez-de-chaussée avec terrasse – Ivernage Immeuble Perle d’Atlas, à proximité de CTM Ivernage Superbe bien situé en rez-de-chaussée, d’une superficie de 41 m², complété par une terrasse de 2,8 m² et une place de parking en sous-sol titrée. Caractéristiques : • Rez-de-chaussée • Superficie : 41 m² • Terrasse : 2,8 m² • Parking sous-sol titré • Résidence bien située et sécurisée Idéal pour...",https://www.mubawab-media.com/ad/8/321/248F/h/1774476722289_82152833.avif,13,2026-09-30
8407394,Residence d exeption,https://www.mubawab.ma/fr/a/8407394/residence-d-exeption,Vente,Appartement,Marrakech,Hivernage,1 080 000 DH,1080000,50m²,50,1 Pièce,1 Ch.,1 Salle de bain,"Ascenseur, Concierge, Climatisation, Sécurité","RÉSIDENCE D’EXCEPTION · GRAND HIVERNAGE · MARRAKECH Découvrez une nouvelle adresse premium au cœur du Grand Hivernage, l’un des quartiers les plus prisés et recherchés de Marrakech. Une résidence haut de gamme • 142 appartements • 3 bâtiments — A, B & C • R5 avec 3 ascenseurs • Matériaux et finitions de qualité européenne • Architecture contemporaine et prestations premium Un emplacement stratégique À proximité immédiate de M Aven...",https://www.mubawab-media.com/ad/8/407/394F/h/WhatsApp%20Image%202026-08-31%20at%2016.48.24%20%282%29_83130319.avif,10,2026-09-30
8203192,Studio et duplex à L'hivernage avec piscine,https://www.mubawab.ma/fr/a/8203192/studio-et-duplex-%C3%A0-l-hivernage-avec-piscine,Vente,Duplex,Marrakech,Hivernage,1 080 000 DH,1080000,45m²,45,2 Pièces,1 Ch.,1 Salle de bain,"Jardin, Terrasse, Garage, Ascenseur, Vue sur les montagnes, Piscine, Concierge, Façade extérieure, Salon européen, Antenne parabolique, Climatisation, Chauffage central, Sécurité, Double vitrage, Cuisine équipée, Four","Découvrez l’art de vivre raffiné au cœur du prestigieux quartier L’Hivernage, l’adresse la plus prisée de Marrakech. La résidence L’Élysée incarne l’élégance et le confort absolu, alliant design contemporain et matériaux nobles. Caractéristiques exceptionnelles : Piscine et salle de sport Espace coworking en rooftop • Finitions haut standing avec sols en carrelage et parquet raffiné dans les chambres • Cuisine entièrement équipée au design mod...",https://www.mubawab-media.com/ad/8/203/192F/h/plaquette%20commerciale%20images%20-%20ilyzak%20ctm_002_82077036.avif,22,2026-09-30
8347328,Appartement Rez de chaussée CTM Hivernage,https://www.mubawab.ma/fr/a/8347328/appartement-rez-de-chauss%C3%A9e-ctm-hivernage,Vente,Appartement,Marrakech,Hivernage,1 100 000 DH,1100000,74m²,74,1 Pièce,2 Chambres,1 Salle de bain,"Garage, Ascenseur, Concierge, Chambre rangement, Façade extérieure, Salon européen, Antenne parabolique, Climatisation, Chauffage central, Sécurité, Double vitrage, Porte blindée","Bonjour, nous proposons un joli grand appartement à vendre se compose de deux chambres, salon d'une superficie de 74 m² au rez-de-chaussée résidence perle de l'Atlas fermée sécurisée avec ascenseur et parking sous-sol idéalement pour habitation ou pour l'exploitation comme bureau au prix de 110 millions 0662431377",https://www.mubawab-media.com/ad/8/347/328F/h/IMG-20260506-WA1097_82432782.avif,14,2026-09-30
8336518,Studio haut de gamme Grand Hivernage,https://www.mubawab.ma/fr/a/8336518/studio-haut-de-gamme-grand-hivernage,Vente,Studio,Marrakech,Hivernage,1 104 000 DH,1104000,41m²,41,2 Pièces,1 Ch.,1 Salle de bain,"Terrasse, Garage, Ascenseur, Vue sur les montagnes, Piscine, Chambre rangement, Façade extérieure, Salon européen, Climatisation, Sécurité, Cuisine équipée, Four","Voici un superbe studio de 41 m², situé au sein du prestigieux programme neuf EMERAUDE 3 – M Avenue, une résidence moderne alliant confort, sécurité et fort potentiel d’investissement. Un programme immobilier d’exception Résidence de 5 étages composée de 142 appartements, du studio au 2 chambres, conçus avec des prestations de qualité et livrés clé en main. Prestations & équipements premium • Rooftop aménagé avec piscine • Résidenc...",https://www.mubawab-media.com/ad/8/336/518F/h/WhatsApp%20Image%202026-04-21%20at%2012.27.32_82315087.avif,7,2026-09-30
8000099,Duplex spacieux et accueillant à vendre à l'hivernage,https://www.mubawab.ma/fr/pa/8000099/duplex-spacieux-et-accueillant-%C3%A0-vendre-%C3%A0-l-hivernage,Vente,Duplex,Marrakech,Hivernage,1 185 000 DH,1185000,69m²,69,3 Pièces,2 Chambres,2 Salles de bains,"Jardin, Terrasse, Garage, Ascenseur, Façade extérieure, Sécurité, Cuisine équipée","Offrez-vous une expérience de vie unique à Marrakech avec les duplex d’Abwab Menara : un lieu où l’élégance se conjugue avec le confort quotidien. encours de construction livrable en 2027 - 2 chambres spacieuses - Salon sophistiqué - Finition haut standing Profitez des avantages d’un investissement sur plan avec des prix attractifs et un paiement flexible par tranches Emplacement stratégique : À 2 minutes de M. Avenue, 5 minutes de...",https://www.mubawab-media.com/ad/8/000/099F/h/Immobilier%20X7-%2030_78841724_78859360.avif,8,2026-09-30
8000157,Superbe duplex à vendre à l'hivernage,https://www.mubawab.ma/fr/pa/8000157/superbe-duplex-%C3%A0-vendre-%C3%A0-l-hivernage,Vente,Duplex,Marrakech,Hivernage,1 190 000 DH,1190000,70m²,70,3 Pièces,2 Chambres,1 Salle de bain,"Jardin, Terrasse, Garage, Ascenseur, Piscine, Façade extérieure, Salon Marocain, Salon européen, Sécurité","Découvrez ce magnifique duplex de 70 m² au cœur du prestigieux quartier de l'Hivernage. en cours de construction (livraison prévue au fin 2026)-Doté de 2 chambres lumineuses et bien agencées, -Chambres spacieuses -Salon raffiné -Finitions haut standing Profitez des avantages d’un investissement sur plan avec des prix attractifs et un paiement flexible par tranches Emplacement stratégique : À 2 minutes de M. Avenue, 5 minutes de la gare...",https://www.mubawab-media.com/ad/8/000/157F/h/Immobilier%20X7-%2026_78860053.avif,21,2026-09-30
8353240,Appartement à Vendre 2 chambres à Hivernage,https://www.mubawab.ma/fr/a/8353240/appartement-%C3%A0-vendre-2-chambres-%C3%A0-hivernage,Vente,Appartement,Marrakech,Hivernage,1 200 000 DH,1200000,74m²,74,3 Pièces,2 Chambres,1 Salle de bain,"Garage, Concierge, Sécurité",composé de : - 1 salon - 1 sdb - wc - 1 cuisine - Rez de chaussée - 74 m²,https://www.mubawab-media.com/ad/8/353/240F/h/688402262_122186908352800855_9168690987685893361_n_82498669.avif,12,2026-09-30
8321252,Appart élégant hivernage vendu meublé,https://www.mubawab.ma/fr/a/8321252/appart-%C3%A9l%C3%A9gant-hivernage-vendu-meubl%C3%A9,Vente,Appartement,Marrakech,Hivernage,1 250 000 DH,1250000,50m²,50,2 Pièces,1 Ch.,1 Salle de bain,"Terrasse, Garage, Ascenseur, Meublé, Climatisation, Porte blindée, Cuisine équipée","Les Tailleurs de l’Immobilier vous proposent : Superbe appartement entièrement refait à neuf, idéalement situé à l’Hivernage, à proximité immédiate de la gare CTM. Superficie : 50 m² Situé au 4ème étage avec ascenseur Vendu entièrement meublé (mobilier neuf) Chambre confortable avec balcon Salon lumineux Possibilité d’aménager 2 chambres Salle de bain moderne Cuisine ouverte avec espace salle à manger Parking collectif Prix : 1...",https://www.mubawab-media.com/ad/8/321/252F/h/IMG-20260325-WA0007_82152907.avif,16,2026-09-30
8382614,Appartement avec piscine à Hivernage. 1 chambre,https://www.mubawab.ma/fr/a/8382614/appartement-avec-piscine-%C3%A0-hivernage-1-chambre,Vente,Appartement,Marrakech,Hivernage,1 260 000 DH,1260000,53m²,53,2 Pièces,1 Ch.,1 Salle de bain,"Garage, Piscine, Climatisation, Sécurité","À vendre, superbe appartement situé au rez-de-chaussée dans la prestigieuse résidence Caprice Palace, au cœur du quartier recherché de l’Hivernage à Marrakech. Caractéristiques du bien : Superficie : 53 m² Salon / séjour lumineux Coin salle à manger Grande chambre avec armoire encastrée Salle de bain avec WC et bidet Cuisine ouverte moderne Climatisation installée Place de parking en sous-sol Résidence : Résidence sécurisée 24h/24 Très bien entre...",https://www.mubawab-media.com/ad/8/382/614F/h/photo_0_82861731.avif,1,2026-09-30
8422913,Achat/vente Appartement 1 chambre hivernage,https://www.mubawab.ma/fr/a/8422913/achat-vente-appartement-1-chambre-hivernage,Vente,Appartement,Marrakech,Hivernage,1 260 000 DH,1260000,78m²,78,2 Pièces,1 Ch.,1 Salle de bain,"Terrasse, Ascenseur, Concierge, Meublé, Salon européen, Climatisation, Sécurité, Cuisine équipée, Réfrigérateur, Four","Idéal pour un investissement locatif. À vendre, appartement lumineux de 2 pièces situé au 5ème et dernier étage dans le quartier prisé de l'Hivernage. Ce bien de 78 m² offre une chambre confortable, un espace de vie agréable et une terrasse spacieuse de 26 m², idéale pour profiter du climat doux. Proche de nombreuses commodités telles que pharmacies, restaurants, supermarchés, cet appartement bénéficie d'un emplacement privilégié",https://www.mubawab-media.com/ad/8/422/913F/h/0bc73eb9-ed8f-4c70-8ea0-3ddfae98fca6_83301849.avif,17,2026-09-30
8209589,Appartement à vendre Hivernage,https://www.mubawab.ma/fr/a/8209589/appartement-%C3%A0-vendre-hivernage,Vente,Appartement,Marrakech,Hivernage,1 260 000 DH,1260000,52m²,52,2 Pièces,1 Ch.,1 Salle de bain,"Garage, Ascenseur, Meublé, Cuisine équipée","Découvrez cet appartement à vendre situé dans le quartier prisé de Hivernage à Marrakech. D'une superficie de 52 m², cet appartement comprend 2 pièces, dont une chambre confortable. Situé au 1er étage, il offre un accès facile et pratique. Le prix de vente est de 1.260.000 Dirhams. Ne manquez pas cette opportunité d'acquérir un bien dans un secteur dynamique et recherché. Très bon rendement locatif!!!",https://www.mubawab-media.com/ad/8/209/589F/h/DSC_6898-HDR_80959380.avif,14,2026-09-30
8372393,Local de prestige au coeur de l’Hivernage,https://www.mubawab.ma/fr/a/8372393/local-de-prestige-au-coeur-de-l%E2%80%99hivernage,Location,Autre,Marrakech,Hivernage,1 275 000 DH,1275000,200m²,200,,,2 Salles de bains,"Garage, Ascenseur, Concierge, Chambre rangement, Climatisation, Chauffage central, Sécurité, Double vitrage, Porte blindée, Cuisine équipée","Description (version complète) Au cœur de l’Hivernage, l’une des adresses les plus prisées de Marrakech, cédez-vous une opportunité rare : un local de prestige de 200 m² sur deux niveaux, dans un immeuble neuf de grand standing, derrière une devanture monumentale entièrement vitrée offrant une visibilité exceptionnelle. Entièrement aménagé, meublé et équipé, ce local se reprend clé en main — aucun délai, aucun chantier. Matières nobles partout...",https://www.mubawab-media.com/ad/8/372/393F/h/IMG_6025_82746845.avif,22,2026-09-30
8000042,Magasin d’exception à vendre à l’Hivernage,https://www.mubawab.ma/fr/pa/8000042/magasin-d%E2%80%99exception-%C3%A0-vendre-%C3%A0-l%E2%80%99hivernage,Vente,Commerce,Marrakech,Hivernage,1 281 600 DH,1281600,72m²,72,,,1 Salle de bain,"Garage, Ascenseur, Sécurité, Cuisine équipée","Découvrez nos magasins premium conçus pour offrir un cadre idéal à votre activité. Des espaces modernes, lumineux et fonctionnels, pensés pour allier visibilité, confort et potentiel d’investissement. Profitez d’une architecture élégante, de finitions soignées et de modalités de paiement flexibles",https://www.mubawab-media.com/ad/8/000/042F/h/WhatsApp%20Image%202023-09-13%20at%2011.41.50_82280858.avif,7,2026-09-30
8000098,Duplex avec vue panoramique à vendre à l'hivernage,https://www.mubawab.ma/fr/pa/8000098/duplex-avec-vue-panoramique-%C3%A0-vendre-%C3%A0-l-hivernage,Vente,Duplex,Marrakech,Hivernage,1 295 000 DH,1295000,70m²,70,3 Pièces,2 Chambres,2 Salles de bains,"Jardin, Terrasse, Garage, Ascenseur, Piscine, Façade extérieure, Sécurité, Cuisine équipée",Offrez-vous une expérience de vie unique à Marrakech avec les appartements d’Abwab Menara : un lieu où l’élégance se conjugue avec le confort quotidien. encours de construction (livraison prévue fin 2027) - 2 chambres spacieuses - Salon sophistiqué - Finition haut standing Profitez des avantages d’un investissement sur plan avec des prix attractifs et un paiement flexible par tranches Emplacement stratégique : À 2 minutes de M. Avenue...,https://www.mubawab-media.com/ad/8/000/098F/h/Immobilier%20X7-%2011_78841725_78859355.avif,18,2026-09-30
8363830,Apartment to purchase in Hivernage. 2 rooms. Furnishings,https://www.mubawab.ma/fr/a/8363830/apartment-to-purchase-in-hivernage-2-rooms-furnishings,Vente,Studio,Marrakech,Hivernage,1 300 000 DH,1300000,50m²,50,2 Pièces,1 Ch.,1 Salle de bain,"Terrasse, Garage, Ascenseur, Piscine, Meublé, Climatisation, Sécurité","STUDIO À VENDRE – À 3 MINUTES DE M AVENUE Emplacement premium 2ᵉ étage avec ascenseur Résidence sécurisée avec piscine Caractéristiques : Salon lumineux 1 chambre avec terrasse Cuisine américaine 1 salle de bain Superficie : 50 m² Parking en sous-sol Vendu meublé moderne Prix de vente : 1 300 000 DH (Négociable) Frais d’agence : 2,5 % HT",https://www.mubawab-media.com/ad/8/363/830F/h/photo_0_82652301.avif,8,2026-09-30
8419347,Vente d'un bel appartement à Hivernage. 2 grandes pièces. Me...,https://www.mubawab.ma/fr/a/8419347/vente-d-un-bel-appartement-%C3%A0-hivernage-2-grandes-pi%C3%A8ces-meubl%C3%A9,Vente,Appartement,Marrakech,Hivernage,1 300 000 DH,1300000,57m²,57,2 Pièces,1 Ch.,1 Salle de bain,"Terrasse, Garage, Ascenseur, Piscine, Concierge, Chambre rangement, Meublé, Façade extérieure, Salon européen, Climatisation, Cuisine équipée, Réfrigérateur, Four, Machine à laver, Micro-ondes","Ce superbe appartement en vente, situé dans le quartier prestigieux de l'Hivernage à Marrakech, incarne le mélange parfait entre modernité et confort. La propriété, âgée de seulement 1 à 5 ans, se trouve au deuxième étage d'un immeuble avec ascenseur et concierge, garantissant une sécurité et un confort accrus aux résidents. Avec une surface totale de 57 m², l'appartement est magnifiquement aménagé avec des sols en marbre qui ajoutent une touche...",https://www.mubawab-media.com/ad/8/419/347F/h/photo_00_83261936.avif,9,2026-09-30
8344043,Appartement meublé à vendre – Hivernage – Marrakech,https://www.mubawab.ma/fr/a/8344043/appartement-meubl%C3%A9-%C3%A0-vendre-%E2%80%93-hivernage-%E2%80%93-marrakech,Vente,Appartement,Marrakech,Hivernage,1 315 000 DH,1315000,50m²,50,2 Pièces,1 Ch.,1 Salle de bain,"Terrasse, Garage, Ascenseur, Concierge, Chambre rangement, Meublé, Salon Marocain, Climatisation, Sécurité, Double vitrage, Porte blindée, Cuisine équipée","L’agence Pics Atlas vous propose un appartement entièrement rénové à neuf, situé dans le prestigieux quartier de l’Hivernage à Marrakech, à proximité de la CTM, de M Avenue et de la gare. Ce bien, vendu meublé, se trouve au 5ᵉ et dernier étage d’une résidence sécurisée et bien entretenue, offrant confort et luminosité. Idéal pour un investissement locatif ou un pied-à-terre. Caractéristiques principales • Localisation : Hivernage – Marrak...",https://www.mubawab-media.com/ad/8/344/043F/h/Photos%20Mubawab_82397327.avif,14,2026-09-30
8374697,"Appartement à Vendre de 49.0 m² à Marrakech, Hivernage",https://www.mubawab.ma/fr/a/8374697/appartement-%C3%A0-vendre-de-49-0-m%C2%B2-%C3%A0-marrakech-hivernage,Vente,Studio,Marrakech,Hivernage,1 350 000 DH,1350000,49m²,49,3 Pièces,1 Ch.,2 Salles de bains,"Garage, Ascenseur","À vendre, studio de 49 m² situé dans le quartier prisé de Hivernage à Marrakech. Ce bien au 5ème étage comprend une chambre et deux salles de bain, offrant un confort optimal. Idéal pour un investissement ou un pied-à-terre. Prix : 1 350 000 Dhs",https://www.mubawab-media.com/ad/8/374/697F/h/image_728453042_82771678.avif,14,2026-09-30
8232229,Vend appartement à Hivernage. Superficie 72 m². Concierge et...,https://www.mubawab.ma/fr/a/8232229/vend-appartement-%C3%A0-hivernage-superficie-72-m%C2%B2-concierge-et-piscine,Vente,Appartement,Marrakech,Hivernage,1 350 000 DH,1350000,72m²,72,3 Pièces,2 Chambres,1 Salle de bain,"Terrasse, Ascenseur, Piscine, Concierge, Cuisine équipée","Opportunité unique pour cet appartement à vendre. Prix 1 350 000 DH. 2 chambres, 1 salle de bains, superficie 72 m². 3 pièces. 5ème étage. Moins de 5 ans. Revêtement: Marbre. Confort et sécurité avec service de conciergerie et piscine. Venez découvrir cet appartement à vendre à Hivernage. Profitez d'une belle terrasse. Dispose également d'un ascenseur. Cuisine bien équipée. Soyez le premier à visiter cet appartement en vente à Marrakech",https://www.mubawab-media.com/ad/8/232/229F/h/photo_00_81203451.avif,9,2026-09-30
8334296,Appartement 1 chambre Hivernage,https://www.mubawab.ma/fr/a/8334296/appartement-1-chambre-hivernage,Vente,Appartement,Marrakech,Hivernage,1 375 000 DH,1375000,50m²,50,2 Pièces,1 Ch.,1 Salle de bain,"Terrasse, Garage, Ascenseur, Concierge, Meublé, Salon européen, Climatisation, Sécurité, Double vitrage, Cuisine équipée, Réfrigérateur, Four, Machine à laver","Venez découvrir ce magnifique appartement entièrement rénové avec goût, idéalement situé à Marrakech à proximité immédiate de la gare ONCF. Ce bien se compose d’une belle pièce de vie lumineuse, d’une chambre confortable, d’une salle d’eau moderne, ainsi que d’une cuisine entièrement équipée. Vous apprécierez également son agréable balcon, parfait pour profiter des journées ensoleillées. L’appartement est vendu entièrement meublé, prêt à accuei...",https://www.mubawab-media.com/ad/8/334/296F/h/ChatGPT%20Image%2017%20avr.%202026%2C%2012_43_12_82293252.avif,8,2026-09-30
8343022,Appartement à vendre HIVERNAGE MARRAKECH 50 m²,https://www.mubawab.ma/fr/a/8343022/appartement-%C3%A0-vendre-hivernage-marrakech-50-m%C2%B2,Vente,Appartement,Marrakech,Hivernage,1 380 000 DH,1380000,50m²,50,2 Pièces,1 Ch.,1 Salle de bain,"Garage, Ascenseur, Piscine, Concierge, Climatisation, Sécurité, Cuisine équipée, Machine à laver","Appartement à vendre – Hivernage, Marrakech Emplacement premium à Hivernage, à proximité de CTM. Superficie : 50 m² 1 chambre Place de parking Appartement refait à neuf en début d’année, offrant confort et modernité dans une résidence calme et sécurisée. Résidence sécurisée 24h/24 et 7j/7 Pas de piscine Prix : 1380000 Quartier recherché Idéal pour habitation ou investissement locatif",https://www.mubawab-media.com/ad/8/343/022F/h/WhatsApp%20Image%202026-04-21%20at%2018.19.12_82386477.avif,22,2026-09-30
8240022,Appartement à l'achat à Hivernage. Surface totale 81 m². Ter...,https://www.mubawab.ma/fr/a/8240022/appartement-%C3%A0-l-achat-%C3%A0-hivernage-surface-totale-81-m%C2%B2-terrasse-et-ascenseur,Vente,Appartement,Marrakech,Hivernage,1 385 000 DH,1385000,81m²,81,2 Pièces,1 Ch.,1 Salle de bain,"Terrasse, Garage, Ascenseur, Concierge, Salon européen, Antenne parabolique, Cuisine équipée","Ne laissez pas passer cet appartement à vendre. Prix 1 385 000 DH. 2 pièces, 1 salle de bains, superficie 81 m². 1 chambre. 1er étage. Moins de 5 ans. Revêtement: Marbre. Résidence équipée d'un ascenseur. Vous profiterez également d'une belle terrasse. Idéal si vous souhaitez acheter un appartement à Hivernage. Équipé d'une parabole. Résidence avec concierge. Programmez dès maintenant votre visite pour cet appartement d'exception à Marrakech. C...",https://www.mubawab-media.com/ad/8/240/022F/h/photo_00_81282894.avif,8,2026-09-30
8411683,"Opportunité, appartement à vendre meublé L’hivernage",https://www.mubawab.ma/fr/a/8411683/opportunit%C3%A9-appartement-%C3%A0-vendre-meubl%C3%A9-l%E2%80%99hivernage,Vente,Appartement,Marrakech,Hivernage,1 450 000 DH,1450000,76m²,76,3 Pièces,2 Chambres,2 Salles de bains,"Terrasse, Garage, Ascenseur, Piscine, Concierge, Chambre rangement, Meublé, Salon européen, Climatisation, Sécurité, Double vitrage, Cuisine équipée, Réfrigérateur, Four, Machine à laver, Micro-ondes","À vendre – Appartement meublé à Menara Garden, Marrakech 76 m² 2 chambres Balcon Parking Piscine dans la résidence Vendu meublé Prix : 1 450 000 DH Pour plus d’informations ou pour organiser une visite",https://www.mubawab-media.com/ad/8/411/683F/h/photo_0_83261508.avif,15,2026-09-30
8286421,Appartement 116 m2 3 chambres terrasse 4 eme etage Hivernage,https://www.mubawab.ma/fr/a/8286421/appartement-116-m2-3-chambres-terrasse-4-eme-etage-hivernage,Vente,Appartement,Marrakech,Hivernage,1 490 000 DH,1490000,116m²,116,4 Pièces,3 Chambres,2 Salles de bains,"Terrasse, Garage, Ascenseur, Concierge, Meublé, Façade extérieure, Salon européen, Climatisation, Chauffage central, Sécurité, Double vitrage, Cuisine équipée, Réfrigérateur, Four, Machine à laver, Micro-ondes","OPPORTUNITÉ INVESTISSEMENT LOCATIF OU PIED A TERRE PRIX CHOC de 1 490 000 DRH ou environ 140 000 euros au taux de change actuel. Magnifique appartement de 116 M2, disposant de 3 belles chambres avec deux salles de bain et un toilette invité. Un grand salon séjour lumineux. Une cuisine ouverte sur la pièce de vie full équipé. Climatisation LG neuf dans toutes les pièces. Rénovation complète récente tout est neuf. ( sols, plomberie, électricité, p...",https://www.mubawab-media.com/ad/8/286/421F/h/0a98eb0d-14c3-4205-9187-14749fa0fcef_81784575.avif,22,2026-09-21
8145536,Local commercial pas de porte à vendre à l’hivernage,https://www.mubawab.ma/fr/a/8145536/local-commercial-pas-de-porte-%C3%A0-vendre-%C3%A0-l%E2%80%99hivernage,Vente,Commerce,Marrakech,Hivernage,1 500 000 DH,1500000,121m²,121,,,3 Salles de bains,"Chambre rangement, Climatisation, Porte blindée","Ne ratez pas l’occasion d’acquérir ce local commercial très bien situé à l’hivernage. Le local est actuellement en activité (spa) d’une superficie de 121 m2 avec un hammam, trois cabines de massage et un espace salon de coiffure. Pas de porte : 1 500 000 dhs Loyer : 3 000 Dhs",https://www.mubawab-media.com/ad/8/145/536F/h/photo_00_80303609.avif,18,2026-09-21
8424531,Marrakech I Hivernage,https://www.mubawab.ma/fr/a/8424531/marrakech-i-hivernage,Vente,Duplex,Marrakech,Hivernage,1 500 000 DH,1500000,180m²,180,3 Pièces,3 Chambres,3 Salles de bains,"Jardin, Terrasse, Garage, Piscine, Meublé, Sécurité, Cuisine équipée, Réfrigérateur, Four, Micro-ondes","Très rare appartement en duplex de 180 m² habitables, idéalement situé dans le très recherché et paisible quartier de l'Hivernage. Ce bien d'exception séduit par son architecture contemporaine, ses lignes élégantes et ses beaux volumes. Il prend place au sein d'une résidence moderne aux prestations de qualité, offrant un cadre de vie à la fois raffiné et confortable. L'appartement se compose d'un vaste espace de réception, avec une belle hauteur...",https://www.mubawab-media.com/ad/8/424/531F/h/1_83318798.avif,17,2026-09-30
8365804,Vente d'un joli appartement à Hivernage. Grande surface de 7...,https://www.mubawab.ma/fr/a/8365804/vente-d-un-joli-appartement-%C3%A0-hivernage-grande-surface-de-75-m%C2%B2-bien-d%C3%A9cor%C3%A9,Vente,Appartement,Marrakech,Hivernage,1 500 000 DH,1500000,75m²,75,3 Pièces,2 Chambres,2 Salles de bains,"Terrasse, Garage, Ascenseur, Piscine, Meublé, Climatisation","À VENDRE – Appartement avec piscine à 3 minutes de M Avenue – Hivernage - Marrakech Salon Cuisine fermée avec balcon 2 chambres, dont une suite principale Terrasse attenante à la chambre Salle de bain invités Surface : 75 m² Climatisation centrale 3ème étage avec ascenseur Parking souterrain Résidence sécurisée avec piscine Vendu meublé Prix : 1 500 000 DH Frais d'agence : 2,5 % hors TVA AGENCE MAGHREB PROPERTIES Ventes & Locations Long Terme...",https://www.mubawab-media.com/ad/8/365/804F/h/photo_0_82675810.avif,12,2026-09-30
8413738,Studio en vente à Hivernage. 1 belle chambre. Bien meublé,https://www.mubawab.ma/fr/a/8413738/studio-en-vente-%C3%A0-hivernage-1-belle-chambre-bien-meubl%C3%A9,Vente,Studio,Marrakech,Hivernage,1 500 000 DH,1500000,56m²,56,2 Pièces,1 Ch.,1 Salle de bain,"Garage, Ascenseur, Piscine, Concierge, Meublé, Salon européen, Climatisation, Sécurité, Porte blindée, Cuisine équipée","Cet studio moderne est situé dans le quartier prestigieux de L’Hivernage, à Marrakech, dans la région de Marrakech-Safi. Avec une superficie de 56 m², il se trouve au cinquième étage d'un immeuble de standing équipé d'un ascenseur et dispose d'un service de conciergerie. La construction de l'immeuble date de 5 à 10 ans, ce qui garantit une architecture moderne et bien conçue. Le salon européen spacieux est lumineux et bénéficie de la climatisati...",https://www.mubawab-media.com/ad/8/413/738F/h/photo_00_83199698.avif,15,2026-09-30
8358948,Vend appartement à Ain Mezouar. 2 chambres,https://www.mubawab.ma/fr/a/8358948/vend-appartement-%C3%A0-ain-mezouar-2-chambres,Vente,Appartement,Marrakech,Hivernage,1 500 000 DH,1500000,90m²,90,3 Pièces,2 Chambres,2 Salles de bains,,"Cet appartement de 90 m², situé à Marrakech dans le quartier prisé de l'Hivernage, combine confort moderne et emplacement idéal. Il est orienté à l'est, offrant ainsi une lumière naturelle généreuse tout au long de la journée. Situé au deuxième étage d'un immeuble bien entretenu, la propriété est en bon état et prête à être habitée. L'intérieur de l'appartement présente un design contemporain avec du parquet dans les chambres procurant une atmos...",https://www.mubawab-media.com/ad/8/358/948F/h/photo_00_82580505.avif,12,2026-09-30
8364418,"Appartement à vendre 110 m², 2 chambres Hivernage Marrakech",https://www.mubawab.ma/fr/a/8364418/appartement-%C3%A0-vendre-110-m%C2%B2-2-chambres-hivernage-marrakech,Vente,Appartement,Marrakech,Hivernage,1 500 000 DH,1500000,110m²,110,,2 Chambres,1 Salle de bain,"Terrasse, Ascenseur","Idéal pour une vie de famille confortable, cet appartement de 110 m² niché au 1er étage dans le quartier recherché de Hivernage à Marrakech bénéficie d'une orientation appréciée dont les pièces donnent toutes sur le boulevard. Pensé pour le quotidien, entouré d'hôtels, cet appartement offre un cadre de vie harmonieux où l'espace et la fonctionnalité se conjuguent parfaitement. Bien que des travaux soient à prévoir, cet espace constitue une base...",https://www.mubawab-media.com/ad/8/364/418F/h/annonce-agenz-20260611T212020363Z-1781212751222_82659009.avif,22,2026-09-30
8214642,Bel appartement au centre de Marrakech,https://www.mubawab.ma/fr/a/8214642/bel-appartement-au-centre-de-marrakech,Vente,Appartement,Marrakech,Hivernage,1 500 000 DH,1500000,68m²,68,3 Pièces,2 Chambres,2 Salles de bains,"Jardin, Terrasse, Garage, Ascenseur, Vue sur les montagnes, Piscine, Concierge, Salon Marocain, Salon européen, Climatisation, Sécurité, Double vitrage, Cuisine équipée",Je mets en vente un joli appartement situé a quartier hivernage près du centre commercial M Avenue dans une résidence sécurisée et fermée avec piscine et un jardin L appartement d’une super De 68m2 possède deux chambre salon deux salle de bain près de de toute commodité Pour plus d’info n’hésitez pas à nous contacter,https://www.mubawab-media.com/ad/8/214/642F/h/c962197c-e6c4-454a-a02d-f14bf7679587_81012283.avif,17,2026-09-30
8355267,Superbe appartement avec parking – Hivernage,https://www.mubawab.ma/fr/a/8355267/superbe-appartement-avec-parking-%E2%80%93-hivernage,Vente,Appartement,Marrakech,Hivernage,1 550 000 DH,1550000,50m²,50,2 Pièces,1 Ch.,1 Salle de bain,"Terrasse, Garage, Ascenseur, Concierge, Chambre rangement, Meublé, Façade extérieure, Salon européen, Climatisation, Sécurité, Cuisine équipée, Réfrigérateur, Four, Machine à laver, Micro-ondes","Je vends un superbe appartement de 50 m² situé dans le quartier très recherché de l’Hivernage à Marrakech, proche gare CTM. L’appartement a été entièrement refait à neuf en début d’année avec des finitions modernes et une décoration élégante. Il est vendu entièrement meublé et prêt à habiter. Un salon lumineux avec une belle verrière. Une cuisine ouverte entièrement équipée, une agréable chambre avec rangement et sa terrasse. Une salle de b...",https://www.mubawab-media.com/ad/8/355/267F/h/Hivernage%20-%20Photo%201_82520365.avif,9,2026-09-30
8357388,Appartement à vendre 2 ch Menara Garden – Hivernage,https://www.mubawab.ma/fr/a/8357388/appartement-%C3%A0-vendre-2-ch-menara-garden-%E2%80%93-hivernage,Vente,Appartement,Marrakech,Hivernage,1 580 000 DH,1580000,76m²,76,3 Pièces,2 Chambres,1 Salle de bain,"Terrasse, Garage, Ascenseur, Piscine, Concierge, Meublé, Salon européen, Climatisation, Chauffage central, Sécurité, Double vitrage, Cuisine équipée","Découvrez ce magnifique appartement de 76 m², idéalement situé au cœur du prestigieux quartier de l'Hivernage, au sein de la résidence sécurisée Menara Garden. Offrant un cadre de vie confortable et un emplacement de premier choix, ce bien constitue une excellente opportunité, aussi bien pour une résidence principale que pour un investissement locatif à fort potentiel. L'appartement se compose de : • Deux chambres confortables • Un salon spacie...",https://www.mubawab-media.com/ad/8/357/388F/h/WhatsApp%20Image%202026-03-30%20at%2017.02.58%20%281%29_82544992.avif,10,2026-09-30
8415024,Projet neuf près palais de congrès,https://www.mubawab.ma/fr/a/8415024/projet-neuf-pr%C3%A8s-palais-de-congr%C3%A8s,Vente,Autre,Marrakech,Hivernage,1 600 000 DH,1600000,64m²,64,3 Pièces,2 Chambres,1 Salle de bain,"Jardin, Garage, Piscine, Double vitrage, Porte blindée, Cuisine équipée, Réfrigérateur, Four, Machine à laver, Micro-ondes","UNE ADRESSE CONFIDENTIELLE À L'HIVERNAGE Au cœur de l'Hivernage, quartier emblématique de l'hôtellerie et de l'art de vivre à Marrakech, M Suites prend place rue Ibn Khattab, dans un environnement central et recherché, à proximité du boulevard Mohammed VI, de M Avenue, de la gare ONCF et du Consulat de France. Pensée comme une résidence contemporaine à taille humaine, M Suites réunit 16 unités aux configurations très optimisées, où chaque esp...",https://www.mubawab-media.com/ad/8/415/024F/h/photo_00_83315353.avif,9,2026-09-30
8366906,Ideal investissement Appartement hivernage,https://www.mubawab.ma/fr/a/8366906/ideal-investissement-appartement-hivernage,Vente,Appartement,Marrakech,Hivernage,1 675 000 DH,1675000,67m²,67,2 Pièces,1 Ch.,1 Salle de bain,"Garage, Ascenseur, Piscine, Concierge, Meublé, Double vitrage, Cuisine équipée","Découvrez ce magnifique appartement de 2 pièces, situé au 4ème étage d'un immeuble de 5 étages, au coeur du prestigieux quartier de l'Hivernage. Avec une surface généreuse de 67 m², cet appartement lumineux et spacieux offre une chambre confortable, idéale pour un couple ou un investisseur à la recherche d'un bien de qualité. Proposé au prix attractif de 1.675.000 DIRHAMS, ce bien rare sur le marché est une opportunité à ne pas manquer. L'agence...",https://www.mubawab-media.com/ad/8/366/906F/h/WhatsApp%20Image%202026-06-15%20at%2014.14.50%20%281%29_82688283.avif,15,2026-09-30
8323812,Sell apartment in Hivernage,https://www.mubawab.ma/fr/a/8323812/sell-apartment-in-hivernage,Vente,Studio,Marrakech,Hivernage,1 680 000 DH,1680000,71m²,71,2 Pièces,1 Ch.,2 Salles de bains,"Garage, Ascenseur, Piscine, Concierge, Meublé, Climatisation, Cuisine équipée, Réfrigérateur, Four, Machine à laver","Discover this beautifully renovated 71 m² studio, perfectly located just steps from Menara Mall, in one of Marrakech’s most sought-after neighborhoods. Residence features: • Swimming pool • Landscaped gardens • 24/7 security • Underground parking Apartment highlights: • Spacious and bright living room • Open, fully equipped kitchen • Large en-suite bedroom • Separate guest toilet • Recently renovated with quality finishes Prime...",https://www.mubawab-media.com/ad/8/323/812F/h/photo_0_82179088.avif,9,2026-09-30
8422656,"Appartement à vendre – Hivernage, Marrakech",https://www.mubawab.ma/fr/a/8422656/appartement-%C3%A0-vendre-%E2%80%93-hivernage-marrakech,Vente,Appartement,Marrakech,Hivernage,1 700 000 DH,1700000,71m²,71,5 Pièces,2 Chambres,2 Salles de bains,"Garage, Ascenseur, Piscine","Situé dans le prestigieux quartier de l'Hivernage à Marrakech, cet appartement moderne de 71 m² offre un cadre de vie exceptionnel. Niché au deuxième étage d'un immeuble sécurisé, il dispose d'un ascenseur pour un accès facile. Ce bien propose deux chambres spacieuses avec des parquets élégants, idéales pour un confort optimal. Les deux salles de bains contemporaines sont équipées de douches à l'italienne, apportant une touche de luxe supplémenta...",https://www.mubawab-media.com/ad/8/422/656F/h/photo_00_83298451.avif,14,2026-09-30
8278003,Marrakech – ideal investissement airbnb,https://www.mubawab.ma/fr/a/8278003/marrakech-%E2%80%93-ideal-investissement-airbnb,Vente,Appartement,Marrakech,Hivernage,1 700 000 DH,1700000,68m²,68,3 Pièces,2 Chambres,1 Salle de bain,Cuisine équipée,"Opportunité rare dans le quartier premium de l’Hivernage : appartement de 70 m², entièrement rénové, prêt à exploiter en résidence de tourisme (RB / NBB) avec un fort potentiel de rentabilité locative. Ce bien, clé en main, est parfaitement adapté à la location courte durée grâce à : son emplacement stratégique à proximité immédiate de la Médina, de la Kasbah, des hôtels de luxe et des centres d’intérêt touristiques, une configuration op...",https://www.mubawab-media.com/ad/8/278/003F/h/photo%204_81694459.avif,16,2026-09-30
8397716,Superbe Duplex 3 Chambres Avec Terrasse Piscine,https://www.mubawab.ma/fr/a/8397716/superbe-duplex-3-chambres-avec-terrasse-piscine,Vente,Duplex,Marrakech,Hivernage,1 750 000 DH,1750000,100m²,100,4 Pièces,3 Chambres,2 Salles de bains,"Terrasse, Garage, Ascenseur, Piscine, Concierge, Four","Le 25 Immobilier vous présente ce charmant duplex à vendre situé à l’Hivernage 2, l’un des quartiers en pleine évolution à Marrakech. D’une superficie de 100 m², ce duplex est situé dans une résidence bien entretenue avec piscine, offrant un cadre de vie confortable et agréable. Au rez-de-chaussée, il dispose d’un salon lumineux avec accès à une belle terrasse profitant d’une vue sur la piscine, d’une chambre avec placard également ouverte...",https://www.mubawab-media.com/ad/8/397/716F/h/IMG_3052._2K_202608061904_83027996.avif,9,2026-09-30
8332928,"Appartement à vendre – Hivernage, à deux pas de Menara Mall",https://www.mubawab.ma/fr/a/8332928/appartement-%C3%A0-vendre-%E2%80%93-hivernage-%C3%A0-deux-pas-de-menara-mall,Vente,Appartement,Marrakech,Hivernage,1 750 000 DH,1750000,71m²,71,2 Pièces,1 Ch.,1 Salle de bain,Meublé,"Situé dans le prestigieux quartier de l’Hivernage, à proximité immédiate du Menara Mall, cet appartement de 71 m² offre un cadre de vie agréable et central, idéal pour une résidence principale ou un investissement locatif. Il se compose de : Une suite confortable avec salle de bain Un salon lumineux Une cuisine fonctionnelle Des espaces bien optimisés L’appartement bénéficie d’un emplacement recherché, proche des restaurants, hôtels et commodit...",https://www.mubawab-media.com/ad/8/332/928F/h/bf84e1a9-714c-4001-8cc5-d41c266b61f0_82667214.avif,16,2026-09-30
8367434,Appartement de Trois chambres résidence avec piscine,https://www.mubawab.ma/fr/a/8367434/appartement-de-trois-chambres-r%C3%A9sidence-avec-piscine,Vente,Appartement,Marrakech,Hivernage,1 750 000 DH,1750000,85m²,85,4 Pièces,3 Chambres,1 Salle de bain,"Garage, Ascenseur, Piscine, Concierge, Meublé, Salon Marocain, Salon européen, Climatisation, Sécurité, Double vitrage, Porte blindée, Cuisine équipée, Réfrigérateur, Four, Machine à laver, Micro-ondes","Situé dans le prestigieux quartier de l'Hivernage à Marrakech, cet appartement exceptionnel de 85 m² offre un cadre de vie moderne et confortable, idéal pour les familles ou les investisseurs. Le bâtiment dispose d'une grande piscine accessible aux résidents, offrant une oasis de détente en plein cœur de la ville. L'appartement comprend trois chambres avec des sols en parqué. La cuisine est entièrement équipée, parfaite pour préparer de délic...",https://www.mubawab-media.com/ad/8/367/434F/h/53732_82693998.avif,15,2026-09-30
8357008,Appart 85m² 3 ch Piscine Hivernage 2,https://www.mubawab.ma/fr/a/8357008/appart-85m%C2%B2-3-ch-piscine-hivernage-2,Vente,Appartement,Marrakech,Hivernage,1 830 000 DH,1830000,85m²,85,6 Pièces,3 Chambres,2 Salles de bains,"Garage, Ascenseur, Piscine, Concierge, Meublé, Salon Marocain, Climatisation, Chauffage central, Sécurité, Porte blindée, Cuisine équipée, Réfrigérateur, Four, Machine à laver, Micro-ondes","DIRECT PROPRIÉTAIRE Appartement 85 m² meublé à vendre Hivernage 2 Marrakech Situé dans le quartier recherché d’Hivernage 2, cet appartement de 85 m² vendu entièrement meublé et équipé se trouve au sein d’une résidence sécurisée avec piscine. Il se compose de : • 3 chambres • 2 salles de bain • Un salon lumineux • Une cuisine équipée Situé au 4ᵉ étage d’une résidence de 5 étages avec ascenseur. Emplacement privilégié : • M...",https://www.mubawab-media.com/ad/8/357/008F/h/IMG_9724_82539107.avif,13,2026-09-30
8372029,Belle opportunité à l’Hivernage – 2 chambres avec parking ti...,https://www.mubawab.ma/fr/a/8372029/belle-opportunit%C3%A9-%C3%A0-l%E2%80%99hivernage-%E2%80%93-2-chambres-avec-parking-titr%C3%A9,Vente,Appartement,Marrakech,Hivernage,1 850 000 DH,1850000,91m²,91,3 Pièces,2 Chambres,1 Salle de bain,"Garage, Ascenseur, Sécurité, Double vitrage","Appartement à vendre – Hivernage Marrakech Idéalement situé dans le prestigieux quartier de l’Hivernage, à seulement 5 minutes de M Avenue et du Menara Mall, cet appartement de 91 m² au 2ᵉ étage offre un cadre de vie privilégié. Il se compose de : * 2 chambres * 1 salon lumineux * 1 salle de bain * Cuisine fonctionnelle * Place de parking titrée en sous-sol Emplacement recherché, proche des restaurants, hôtels, commerces et de toutes les comm...",https://www.mubawab-media.com/ad/8/372/029F/h/photo_0_82743132.avif,9,2026-09-30
8423572,Hivernage 3 T3 meublé vue piscine parking,https://www.mubawab.ma/fr/a/8423572/hivernage-3-t3-meubl%C3%A9-vue-piscine-parking,Vente,Appartement,Marrakech,Hivernage,1 900 000 DH,1900000,87m²,87,3 Pièces,2 Chambres,1 Salle de bain,"Jardin, Terrasse, Garage, Ascenseur, Piscine, Concierge, Chambre rangement, Meublé, Salon européen, Climatisation, Chauffage central, Sécurité, Cuisine équipée, Réfrigérateur, Four, Machine à laver, Micro-ondes","LEV IMMO vous présente à la vente un appartement quasi neuf situé à Hivernage 3, entre la gare et M Avenue. 87 m² – 2 chambres – 3ᵉ et dernier étage • Séjour • 2 chambres, dont une avec terrasse et vue piscine • Cuisine indépendante équipée avec balcon de service / espace rangement • 1 salle de bain avec WC • 1 WC indépendant • Climatisation dans tout l’appartement • Vendu meublé Résidence sécurisée 24h/24 avec piscine, ascenseur et parking so...",https://www.mubawab-media.com/ad/8/423/572F/h/Design_sans_titre__56__83308691.avif,13,2026-09-30
8371516,Appartement à vendre à Hivernage. 2 belles chambres,https://www.mubawab.ma/fr/a/8371516/appartement-%C3%A0-vendre-%C3%A0-hivernage-2-belles-chambres,Vente,Appartement,Marrakech,Hivernage,1 900 000 DH,1900000,115m²,115,3 Pièces,2 Chambres,2 Salles de bains,"Jardin, Garage, Piscine, Sécurité","Sublime appartement 2 chambres avec grande cour – Hivernage Marrakech Très belle opportunité d’investissement au cœur du prestigieux quartier de l’Hivernage, idéalement situé entre l’avenue Hassan II et l’avenue Mohamed V. Cet appartement de 113 m², situé au 1er étage d’une résidence sécurisée avec gardiennage 24h/24 et 7j/7, offre un emplacement stratégique, très recherché pour la location longue durée comme pour l’investissement locatif. Il...",https://www.mubawab-media.com/ad/8/371/516F/h/photo_00_82737466.avif,18,2026-09-30
8387192,Investissez au cœur de l’Hivernage – Appartement meublé à ve...,https://www.mubawab.ma/fr/a/8387192/investissez-au-c%C5%93ur-de-l%E2%80%99hivernage-%E2%80%93-appartement-meubl%C3%A9-%C3%A0-vendre,Vente,Appartement,Marrakech,Hivernage,1 950 000 DH,1950000,118m²,118,3 Pièces,2 Chambres,2 Salles de bains,"Garage, Ascenseur, Piscine, Concierge, Meublé, Salon européen, Antenne parabolique, Cheminée, Climatisation, Chauffage central, Sécurité, Double vitrage, Porte blindée, Cuisine équipée, Réfrigérateur, Four, Machine à laver, Micro-ondes","Appartement meublé à vendre – Hivernage, Marrakech Idéalement situé dans le prestigieux quartier de l’Hivernage, cet élégant appartement offre un cadre de vie confortable et constitue une excellente opportunité d’investissement. Caractéristiques : * 2 chambres * 2 salles de bains * Salon lumineux * Cuisine entièrement équipée * Appartement vendu entièrement meublé * Place de parking titrée * Résidence sécurisée avec piscine couverte Emplace...",https://www.mubawab-media.com/ad/8/387/192F/h/photo_0_82910863.avif,17,2026-09-30
8098692,Superbe appartement à vendre à Hivernage,https://www.mubawab.ma/fr/a/8098692/superbe-appartement-%C3%A0-vendre-%C3%A0-hivernage,Vente,Appartement,Marrakech,Hivernage,1 950 000 DH,1950000,100m²,100,3 Pièces,2 Chambres,1 Salle de bain,"Terrasse, Garage, Ascenseur, Piscine, Concierge, Antenne parabolique, Climatisation, Chauffage central, Sécurité, Double vitrage, Porte blindée","Nous vous proposons un bel appartement à vendre à l’hivernage dans une résidence propre et sécurisée. Cet appartement est composé de : - 2 chambres - 1 salon - Salle à manger - Cuisine avec terrasse - 1 salle de bain - 1 salle d’eau Prix de vente : 1.950.000 Dhs Commission agence : 2,5 % N’hésitez pas à nous contacter pour plus d’informations",https://www.mubawab-media.com/ad/8/098/692F/h/photo_00_79833084.avif,13,2026-09-30
8219002,VENTE Appartement 2 chambres Hivernage,https://www.mubawab.ma/fr/a/8219002/vente-appartement-2-chambres-hivernage,Vente,Appartement,Marrakech,Hivernage,1 950 000 DH,1950000,112m²,112,2 Pièces,2 Chambres,1 Salle de bain,"Terrasse, Garage, Concierge, Meublé, Salon européen, Climatisation, Sécurité, Double vitrage, Cuisine équipée","VENTE – Appartement 2 chambres – Hivernage – 112 m² À vendre, bel appartement d’une superficie de 112 m² situé au 3ᵉ étage d’une résidence de standing à l’Hivernage, avec parking au sous-sol. Il se compose de : • 2 chambres • 2 salles de bain • Un salon • Terrasse fermée avec possibilité de l’ouvrir • Cuisine Prix de vente : 1 950 000 DHS Honoraires d’agence : 2,5 % HT",https://www.mubawab-media.com/ad/8/219/002F/h/PHOTO-2025-11-17-13-06-41%205_81425684.avif,19,2026-09-30
8224744,Bel appartemnet a l'hivernage marrakech a vendre,https://www.mubawab.ma/fr/a/8224744/bel-appartemnet-a-l-hivernage-marrakech-a-vendre,Vente,Appartement,Marrakech,Hivernage,1 990 000 DH,1990000,100m²,100,3 Pièces,2 Chambres,1 Salle de bain,"Jardin, Terrasse, Garage, Ascenseur, Piscine, Concierge, Meublé, Salon européen, Climatisation, Sécurité, Cuisine équipée, Réfrigérateur, Four, Micro-ondes","APPARTEMENT SITUÉ AU TROISIÈME ÉTAGE D'UNE RÉSIDENCE SÉCURISÉE AVEC UN BEAU JARDIN ET UNE PISCINE. IL COMPREND UN SALON AVEC COTÉ SALLE A MANGER, UN COULOIR, DEUX CHAMBRES A COUCHER DONT UNE AVEC PLACARD, UNE SALLE DE BAINS UNE TOILETTE ET UNE CUISINE ÉQUIPÉE AVEC BALCON. L'APPARTEMENT EST TRES CLAIR, SPACIEUX ET TRÈS CALME. LE PARKING AU SOUS-SOL",https://www.mubawab-media.com/ad/8/224/744F/h/DSC_0781_81121301.avif,15,2026-09-30
8420964,Bel appartement rénové 94m² Hivernage,https://www.mubawab.ma/fr/a/8420964/bel-appartement-r%C3%A9nov%C3%A9-94m%C2%B2-hivernage,Vente,Appartement,Marrakech,Hivernage,2 000 000 DH,2000000,94m²,94,3 Pièces,2 Chambres,1 Salle de bain,"Terrasse, Garage, Concierge, Meublé, Climatisation, Cuisine équipée, Réfrigérateur, Four","Maison 26 propose à la vente un bel appartement de 94 m² au 3ᵉ étage d’une résidence recherchée, parfaitement entretenue et sécurisée 24h/24 au sein du quartier Hivernage, derrière le Bd Mohamed V. • Grand salon avec balcon • 2 chambres avec placards et penderies • 1 salle d’eau, avec WC • 1 WC invités • Cuisine équipée • Climatisation réversible • 1 Place de parking non titrée en sous-sol • À proximité immédiate des commerces et resta...",https://www.mubawab-media.com/ad/8/420/964F/h/WhatsApp_Image_2026-09-22_at_19.47.17__1__83279562.avif,10,2026-09-30
8262474,Studio à vendre 62 m² Hivernage Marrakech,https://www.mubawab.ma/fr/a/8262474/studio-%C3%A0-vendre-62-m%C2%B2-hivernage-marrakech,Vente,Studio,Marrakech,Hivernage,2 000 000 DH,2000000,62m²,62,,1 Ch.,1 Salle de bain,"Terrasse, Garage, Ascenseur, Piscine, Meublé, Cuisine équipée","Situé dans le quartier recherché de l'Hivernage à Marrakech, cet appartement entièrement rénové de 62 m² offre un cadre de vie moderne et confortable. Idéalement situé au 2e étage d'un immeuble de 5 niveaux dans une résidence avec piscine, il bénéficie d'une orientation nord, assurant une luminosité optimale. La résidence fermée, avec ascenseur et parking sécurisé, vous garantira calme et sécurité. L'appartement se compose des pièces suivantes...",https://www.mubawab-media.com/ad/8/262/474F/h/annonce-agenz-2025-03-21T144356-642Z-IMG-20250321-WA0011_81522745.avif,17,2026-09-30
8000097,Appartement chic à vendre à l'hivernage,https://www.mubawab.ma/fr/pa/8000097/appartement-chic-%C3%A0-vendre-%C3%A0-l-hivernage,Vente,Appartement,Marrakech,Hivernage,2 046 000 DH,2046000,93m²,93,3 Pièces,3 Chambres,1 Salle de bain,"Jardin, Terrasse, Garage, Ascenseur, Piscine, Concierge, Façade extérieure, Sécurité, Cuisine équipée","Vivez l’exception à Marrakech avec les appartements à AMIRAL: un sanctuaire de style et de confort. Chaque détail est soigneusement élaboré pour vous offrir une expérience de vie inégalée, où luxe et tranquillité se rencontrent. en cours de construction (livraison prévue fin 2027) - 2 chambres spacieuses: - Salon élégant - Finition haut standing Profitez des avantages d’un investissement sur plan avec des prix attractifs et un paiement f...",https://www.mubawab-media.com/ad/8/000/097F/h/Immobilier%20X7-%2030_78841724_78859348.avif,11,2026-09-30
8351350,Mise en vente d'un jolie duplex a l'Hivernage,https://www.mubawab.ma/fr/a/8351350/mise-en-vente-d-un-jolie-duplex-a-l-hivernage,Vente,Duplex,Marrakech,Hivernage,2 050 000 DH,2050000,81m²,81,4 Pièces,3 Chambres,2 Salles de bains,"Garage, Ascenseur, Piscine, Concierge, Meublé, Salon européen, Antenne parabolique, Cheminée, Climatisation, Chauffage central, Sécurité, Double vitrage, Porte blindée, Cuisine équipée, Réfrigérateur, Four, Machine à laver, Micro-ondes","Magnifique duplex de 80 m2 meublé situé au cœur de l'Hivernage, l'une des adresses les plus prisées de Marrakech. Ce bien de 4 pièces se compose de 3 chambres, 2 salles de bains, un salon moderne lumineux et une cuisine entièrement équipée. L'orientation Est garantit une luminosité douce le matin et une fraîcheur appréciable l'après-midi, atout précieux à Marrakech. La résidence fermée et sécurisée offre des prestations haut de gamme : ascenseur...",https://www.mubawab-media.com/ad/8/351/350F/h/WhatsApp%20Image%202026-05-16%20at%2022.04.14%20%2831%29_82478521.avif,19,2026-09-30
8425023,À vendre – bel appartement à l’hivernage,https://www.mubawab.ma/fr/a/8425023/%C3%A0-vendre-%E2%80%93-bel-appartement-%C3%A0-l%E2%80%99hivernage,Vente,Appartement,Marrakech,Hivernage,2 200 000 DH,2200000,85m²,85,6 Pièces,2 Chambres,2 Salles de bains,"Garage, Ascenseur, Piscine, Sécurité","Situé au cœur du prestigieux quartier de l’Hivernage, cet appartement bénéficie d’un emplacement recherché au sein d’une résidence sécurisée avec piscine et parking. Caractéristiques : * 2 chambres * Salon spacieux * 2 salles de bains * 4ᵉ étage * Résidence avec piscine * Parking * Quartier Hivernage Prix de vente : 2 200 000 DH Un bien idéal pour une résidence principale, secondaire ou un investissement locatif dans l’un des quartiers les pl...",https://www.mubawab-media.com/ad/8/425/023F/h/photo_00_83324587.avif,22,2026-09-30
8319890,Spacieux appartement à vendre à l’hivernage,https://www.mubawab.ma/fr/a/8319890/spacieux-appartement-%C3%A0-vendre-%C3%A0-l%E2%80%99hivernage,Vente,Appartement,Marrakech,Hivernage,2 200 000 DH,2200000,109m²,109,3 Pièces,2 Chambres,3 Salles de bains,"Jardin, Terrasse, Garage, Ascenseur, Vue sur les montagnes, Piscine, Concierge, Meublé, Façade extérieure, Salon européen, Antenne parabolique, Climatisation, Sécurité, Double vitrage, Cuisine équipée, Réfrigérateur, Four, Machine à laver",Immo sur mesure vous propose un moderne et spacieux appartement avec piscine à vendre dans une résidence sécurisée proche de toutes commodité à 10 mn de l’aéroport à 5 mn de la gare à 10 m’ de Jamaa Fna …. L’appartement est d’une superficie de 109 m2 soit 2 suites chacun avec sa salle de bain privative et placards un spacieux salon un coin salle à manger une cuisine équipée avec buanderie une terrasse avec une vue dégagée sur un jardin et les mo...,https://www.mubawab-media.com/ad/8/319/890F/h/photo_0_83112672.avif,16,2026-09-30
8231629,"Appartement à vendre à Hivernage, Marrakech",https://www.mubawab.ma/fr/a/8231629/appartement-%C3%A0-vendre-%C3%A0-hivernage-marrakech,Vente,Appartement,Marrakech,Hivernage,2 300 000 DH,2300000,61m²,61,2 Pièces,1 Ch.,1 Salle de bain,"Terrasse, Sécurité","Magnifique appartement a vendre dans une résidence calme et sécuriséeproche de toutes commodités. L’appartement offre un espace lumineux, bien agencé, idéal pour résidence principale ou investissement locatifse compose d'un salon avec terrasse une chambre avec placard salle de bainune cuisine américaine wc invité",https://www.mubawab-media.com/ad/8/231/629F/h/fa7efb1f-5b07-481b-b8d3-1d2c2c18642f_82668030.avif,20,2026-09-30
8012568,"Magasin à vendre Nouveau Hivernage, emplacement de prestige",https://www.mubawab.ma/fr/pa/8012568/magasin-%C3%A0-vendre-nouveau-hivernage-emplacement-de-prestige,Vente,Commerce,Marrakech,Hivernage,2 415 000 DH,2415000,110m²,110,,,1 Salle de bain,"Garage, Chambre rangement, Sécurité","Découvrez ce magnifique magasin de 51 m² situé dans l'un des quartiers les plus prisés de Marrakech, au Nouveau Hivernage. Situé au croisement des boulevards Er Rif et Abou Bakr Essediq, ce local offre une visibilité exceptionnelle dans un secteur en plein essor, idéal pour développer votre activité. en cours de construction (livraison prévue fin 2026) Superficie rez-de-chaussée : 51 m² Réserve pratique de 25 m², parfaite pour stockage ou ge...",https://www.mubawab-media.com/ad/8/012/568F/h/%D8%B5%D9%88%D8%B1%D8%A9%20%D9%88%D8%A7%D8%AA%D8%B3%D8%A7%D8%A8%20%D8%A8%D8%AA%D8%A7%D8%B1%D9%8A%D8%AE%202024-09-12%20%D9%81%D9%8A%2016.48.44_884906d2_78990165.avif,3,2026-09-30
8149008,"Appartement à Vendre de 146.0 m² à Marrakech, Hivernage",https://www.mubawab.ma/fr/a/8149008/appartement-%C3%A0-vendre-de-146-0-m%C2%B2-%C3%A0-marrakech-hivernage,Vente,Appartement,Marrakech,Hivernage,2 500 000 DH,2500000,146m²,146,5 Pièces,3 Chambres,2 Salles de bains,"Garage, Ascenseur, Meublé, Climatisation","À vendre, appartement spacieux de 146 m² situé dans le quartier prisé de Hivernage à Marrakech. Ce bien comprend 3 chambres et 2 salles de bain, offrant un cadre de vie confortable. L'appartement se trouve au 1er étage d'un immeuble de 5 étages. Prix : 2 500 000 Dhs. Ne manquez pas cette opportunité d'investir dans un secteur dynamique",https://www.mubawab-media.com/ad/8/149/008F/h/image_353294389_80337596.avif,11,2026-09-30
7488419,Bel appartement hivernage résidence securisee,https://www.mubawab.ma/fr/a/7488419/bel-appartement-hivernage-r%C3%A9sidence-securisee,Vente,Appartement,Marrakech,Hivernage,2 600 000 DH,2600000,125m²,125,5 Pièces,2 Chambres,2 Salles de bains,"Terrasse, Garage, Ascenseur, Piscine, Concierge, Salon Marocain, Salon européen, Antenne parabolique, Cheminée, Climatisation, Sécurité, Double vitrage, Porte blindée, Cuisine équipée","Affaire à saisir pour cet appartement à vendre. Prix 2 600 000 DH. 2 chambres, 2 salles de bains, surface 125 m². 5 pièces lumineuses. 3ème étage. Moins de 5 ans. Revêtement: Marbre. Confort et sécurité avec service de conciergerie, piscine, cheminée et climatisation. Cet appartement est proposé à la vente à Hivernage. Résidence sécurisée et porte blindée. Le bien dispose également d'un beau salon marocain traditionnel. Profitez d'une belle te...",https://www.mubawab-media.com/ad/7/488/419F/h/photo_0_28211718.avif,6,2026-09-30
8355611,Bel appartement Babylone à Ivernage,https://www.mubawab.ma/fr/a/8355611/bel-appartement-babylone-%C3%A0-ivernage,Vente,Appartement,Marrakech,Hivernage,2 650 000 DH,2650000,94m²,94,3 Pièces,2 Chambres,1 Salle de bain,"Terrasse, Garage, Ascenseur, Piscine, Concierge, Meublé, Climatisation, Chauffage central, Sécurité, Cuisine équipée, Réfrigérateur, Four, Machine à laver, Micro-ondes","Situé au cœur de Hivernage, l'un des quartiers les plus prisés et paisibles de Marrakech, ce bel appartement se trouve à quelques minutes du Menara Mall. L'appartement dispose de deux chambres confortables, d'un spacieux salon et d'une famille, et offre une vue imprenable sur la piscine, créant une atmosphère lumineuse et relaxante tout au long de la maison. La cuisine est entièrement équipée et l'appartement comprend une salle de bain prat...",https://www.mubawab-media.com/ad/8/355/611F/h/PHOTO-2025-08-01-18-35-20%203_82524366.avif,10,2026-09-30
8338515,Lot De Villa À Vendre 561 M² Bd Med V Marrakech,https://www.mubawab.ma/fr/a/8338515/lot-de-villa-%C3%A0-vendre-561-m%C2%B2-bd-med-v-marrakech,Vente,Villa,Marrakech,Hivernage,2 805 000 DH,2805000,561m²,561,,,,,Lot de terrain titré pour la construction d'une villa 4 façades à vendre d'un superficie de 561 m² au boulevard Med V hivernage Marrakech. Pour voir les documents et organiser une visite veuillez nous contacter,https://www.mubawab-media.com/ad/8/338/515F/h/7f07bo_82336495.avif,1,2026-09-30
7979666,Bel appartement à vendre à Hivernage. 2 chambres. Salon trad...,https://www.mubawab.ma/fr/a/7979666/bel-appartement-%C3%A0-vendre-%C3%A0-hivernage-2-chambres-salon-traditionnel-et-syst%C3%A8me-d-antenne-parabolique,Vente,Appartement,Marrakech,Hivernage,2 850 000 DH,2850000,93m²,93,4 Pièces,2 Chambres,2 Salles de bains,"Jardin, Terrasse, Garage, Ascenseur, Piscine, Concierge, Salon Marocain, Salon européen, Antenne parabolique, Climatisation, Sécurité, Double vitrage, Cuisine équipée, Réfrigérateur, Four, Machine à laver","Opportunité unique pour cet appartement à vendre. Prix 2 850 000 DH. 4 pièces, 2 salles de bains privatives, 93 m². 2 chambres. 1er étage. Moins de 10 ans. Revêtement: Marbre. Confort et sécurité avec service de conciergerie, piscine et climatisation. Cet appartement est proposé à la vente à Hivernage. Résidence parfaitement équipée avec ascenseur et parking. Vous profiterez également d'une belle terrasse. Antenne parabolique. Le bien dispose...",https://www.mubawab-media.com/ad/7/979/666F/h/photo_0_78664329.avif,10,2026-09-30
8268480,Appartement de 150 m² au cœur de l’Hivernage,https://www.mubawab.ma/fr/a/8268480/appartement-de-150-m%C2%B2-au-c%C5%93ur-de-l%E2%80%99hivernage,Vente,Appartement,Marrakech,Hivernage,2 850 000 DH,2850000,150m²,150,4 Pièces,3 Chambres,2 Salles de bains,"Garage, Concierge, Chambre rangement","Idéalement situé à proximité immédiate du Consulat de France, cet appartement spacieux de 150 m² offre un cadre de vie privilégié dans l’un des quartiers les plus recherchés de Marrakech. Composition : • 3 chambres • 2 salles de bain • Grand salon lumineux • Place de parking titrée Prix : 2 850 000 MAD Un appartement rare à l’Hivernage, parfait pour une résidence principale ou un investissement de qualité",https://www.mubawab-media.com/ad/8/268/480F/h/2_81592973.avif,10,2026-09-30
8000041,Appartement charmant à vendre à l'hivernage,https://www.mubawab.ma/fr/pa/8000041/appartement-charmant-%C3%A0-vendre-%C3%A0-l-hivernage,Vente,Appartement,Marrakech,Hivernage,2 884 000 DH,2884000,103m²,103,3 Pièces,3 Chambres,1 Salle de bain,"Jardin, Terrasse, Garage, Ascenseur, Piscine, Concierge, Façade extérieure, Climatisation, Sécurité, Double vitrage, Cuisine équipée, Micro-ondes","Investissez dans l'avenir avec des appartements et des locaux commerciaux projet HIVERNAGE (livraison dans 2 mois ) ! Plongez dans un cadre de vie exclusif, où la tradition marocaine rencontre le confort moderne. - 2 chambres spacieuses - Salon élégant - Finitions haut standing Profitez des avantages d’un investissement sur plan avec des prix attractifs et un paiement flexible par tranches Emplacement stratégique : À 2 minutes de M. Aven...",https://www.mubawab-media.com/ad/8/000/041F/h/WhatsApp%20Image%202026-05-04%20at%2010.27.19_82392488.avif,11,2026-09-30
8271747,Vente Résidence Babylone1 3 chambres 204m2,https://www.mubawab.ma/fr/a/8271747/vente-r%C3%A9sidence-babylone1-3-chambres-204m2,Vente,Appartement,Marrakech,Hivernage,2 900 000 DH,2900000,204m²,204,4 Pièces,3 Chambres,2 Salles de bains,"Terrasse, Garage, Ascenseur, Vue sur les montagnes, Piscine, Concierge, Chambre rangement, Meublé, Façade extérieure, Salon européen, Cheminée, Climatisation, Chauffage central, Sécurité, Double vitrage, Cuisine équipée, Réfrigérateur, Four, Machine à laver, Micro-ondes","À Vendre – Superbe Appartement 204 m² – Hivernage Marrakech Situé au cœur du prestigieux quartier de l’Hivernage, dans une résidence privée, sécurisée et parfaitement entretenue, cet appartement de 204 m² offre un cadre de vie exceptionnel alliant confort, espace et élégance. Caractéristiques : * 3 chambres spacieuses * Grand salon lumineux * Cuisine fonctionnelle * 2 salles de bain * Terrasse agréable * Résidence calme et sécurisée 24h/24 * A...",https://www.mubawab-media.com/ad/8/271/747F/h/photo_0_82698046.avif,30,2026-09-30
8316058,"Appartement grande terrasse à Hivernage, Marrakech",https://www.mubawab.ma/fr/a/8316058/appartement-grande-terrasse-%C3%A0-hivernage-marrakech,Vente,Appartement,Marrakech,Hivernage,2 900 000 DH,2900000,120m²,120,3 Pièces,2 Chambres,2 Salles de bains,"Terrasse, Garage, Ascenseur","Situé dans le prestigieux quartier de l’Hivernage à Marrakech, cet appartement bénéficie d’un emplacement privilégié à proximité immédiate des hôtels de luxe, restaurants réputés, cafés et de toutes les commodités. D’une surface habitable de 120 m², il se compose de deux chambres, de deux salles de bains, d’un salon spacieux et d’une cuisine fonctionnelle. Situé au 1er étage d’une résidence avec ascenseur, l’appartement offre des espaces confo...",https://www.mubawab-media.com/ad/8/316/058F/h/8ec0b588-ab0d-40e0-820d-c6ff1d9cc7ee_82100788.avif,12,2026-09-30
8416302,Hivernage – Sublime Appartement Meublé 3 Chambres avec Pisci...,https://www.mubawab.ma/fr/a/8416302/hivernage-%E2%80%93-sublime-appartement-meubl%C3%A9-3-chambres-avec-piscine-terrasse,Vente,Appartement,Marrakech,Hivernage,2 950 000 DH,2950000,124m²,124,4 Pièces,3 Chambres,2 Salles de bains,"Terrasse, Garage, Ascenseur, Piscine, Meublé, Salon européen, Antenne parabolique, Cheminée, Climatisation, Chauffage central, Sécurité, Double vitrage, Porte blindée, Cuisine équipée, Réfrigérateur, Four, Machine à laver, Micro-ondes","À Vendre – Élégant Appartement Meublé de 124 m² avec Piscine à l’Hivernage Découvrez ce bel appartement meublé de 124 m², idéalement situé dans le prestigieux quartier de l’Hivernage, au sein d’une résidence sécurisée avec piscine, offrant confort, tranquillité et proximité des principales commodités. L’appartement se compose de : * ️ 3 chambres, dont une suite avec salle de bain privative * 1 salle de bain * 1 salle d’eau * ️ Cuisine * ️ Sa...",https://www.mubawab-media.com/ad/8/416/302F/h/photo_0_83227640.avif,13,2026-09-30
8421523,Appartement meublé à vendre à l'Hivernage VE26321,https://www.mubawab.ma/fr/a/8421523/appartement-meubl%C3%A9-%C3%A0-vendre-%C3%A0-l-hivernage-ve26321,Vente,Appartement,Marrakech,Hivernage,3 150 000 DH,3150000,133m²,133,3 Pièces,2 Chambres,2 Salles de bains,"Garage, Ascenseur, Piscine, Concierge, Meublé, Climatisation, Chauffage central, Cuisine équipée","PRESTIGE GALLERY IMMO, votre agence immobilière à Marrakech, a le plaisir de vous présenter ce magnifique appartement à vendre au cœur du prestigieux quartier de l'Hivernage. Situé au 5ᵉ étage d'une résidence avec ascenseur, cet appartement de 133 m² séduit par ses beaux volumes, ses prestations de qualité et son emplacement privilégié à proximité des hôtels de luxe, restaurants et commodités. Composition : 2 chambres 2 salles de bain Salon spa...",https://www.mubawab-media.com/ad/8/421/523F/h/telechargement__4__83285629.avif,15,2026-09-30
8325640,"Pied à terre de Luxe à l'Hivernage, Marrakech",https://www.mubawab.ma/fr/a/8325640/pied-%C3%A0-terre-de-luxe-%C3%A0-l-hivernage-marrakech,Vente,Appartement,Marrakech,Hivernage,3 390 000 DH,3390000,60m²,60,2 Pièces,1 Ch.,1 Salle de bain,"Terrasse, Garage, Ascenseur, Vue sur les montagnes, Piscine, Meublé, Façade extérieure, Salon européen, Antenne parabolique, Cheminée, Climatisation, Sécurité, Double vitrage, Cuisine équipée, Réfrigérateur, Four, Machine à laver, Micro-ondes","Situé au cœur de l’Hivernage, l'adresse la plus emblématique et recherchée de Marrakech, cet appartement neuf offre une expérience de vie urbaine d'un raffinement rare. Au sein d'une résidence sécurisée de très haut standing, ce bien incarne le luxe discret et l’efficacité moderne. Un Design Épuré et Fonctionnel D'une surface de 93 m², cet appartement a été conçu comme une suite de prestige. L'absence de terrasse est ici sublimée par une archite...",https://www.mubawab-media.com/ad/8/325/640F/h/WhatsApp%20Image%202026-04-02%20at%2014.17.57%20copie%204_82201412.avif,10,2026-09-30
8375768,Appartement à vendre,https://www.mubawab.ma/fr/a/8375768/appartement-%C3%A0-vendre,Vente,Appartement,Marrakech,Hivernage,3 500 000 DH,3500000,93m²,93,2 Pièces,2 Chambres,1 Salle de bain,"Garage, Piscine","Appartement à vendre – Hivernage, Marrakech À seulement 150 mètres du Sofitel Marrakech Lounge & Spa, dans le prestigieux quartier de Hivernage. Superficie : 93 m² 2 chambres Salon lumineux 1 salle de bain WC invités Piscine dans la résidence Place de parking titrée Appartement très lumineux Prix de vente : 3 500 000 DH",https://www.mubawab-media.com/ad/8/375/768F/h/thumb_140183_property_large_82786523.avif,17,2026-09-30
8386390,Exclusive apartment for sale in Hivernage,https://www.mubawab.ma/fr/a/8386390/exclusive-apartment-for-sale-in-hivernage,Vente,Appartement,Marrakech,Hivernage,3 500 000 DH,3500000,106m²,106,3 Pièces,2 Chambres,2 Salles de bains,"Terrasse, Garage, Ascenseur, Vue sur les montagnes, Piscine, Concierge, Meublé, Climatisation, Sécurité, Cuisine équipée","À vendre Magnifique appartement 2 chambres à Hivernage – Marrakech Situé à seulement 800 mètres du Sofitel, dans l’une des plus belles rues du quartier Hivernage, cet appartement bénéficie d’un emplacement d’exception. Caractéristiques : * 106 m² * 2 chambres * Superbe terrasse avec une vue imprenable sur les montagnes de l’Atlas * Place de parking titrée * Résidence sécurisée avec piscine et jardins paysagers Une opportunité rare, idéale pou...",https://www.mubawab-media.com/ad/8/386/390F/h/photo_00_83122188.avif,3,2026-09-30
8357452,Appartement 3 chambres Hivernage,https://www.mubawab.ma/fr/a/8357452/appartement-3-chambres-hivernage,Vente,Appartement,Marrakech,Hivernage,3 500 000 DH,3500000,135m²,135,4 Pièces,3 Chambres,3 Salles de bains,"Terrasse, Garage, Ascenseur, Piscine, Concierge, Cheminée, Climatisation, Sécurité, Double vitrage","Venez découvrir ce magnifique appartement de 135 m² situé au cœur du prestigieux quartier de l’Hivernage, à quelques mètres de la Place de la Liberté et à proximité immédiate de toutes les commodités. Niché au premier étage d’une résidence sécurisée avec gardien et piscine, ce bien de standing séduit par ses beaux volumes et sa luminosité. Il se compose d’un vaste double salon avec cheminée, offrant un espace de vie chaleureux et convivial, id...",https://www.mubawab-media.com/ad/8/357/452F/h/ChatGPT%20Image%201%20juin%202026%2C%2017_13_30_82545956.avif,12,2026-09-30
8139129,Bel Appartement à vendre à l’Hivernage,https://www.mubawab.ma/fr/a/8139129/bel-appartement-%C3%A0-vendre-%C3%A0-l%E2%80%99hivernage,Vente,Appartement,Marrakech,Hivernage,3 500 000 DH,3500000,141m²,141,3 Pièces,2 Chambres,2 Salles de bains,"Jardin, Terrasse, Garage, Vue sur les montagnes, Piscine, Cuisine équipée, Four","Grand appartement situé au 1er étage d’une superficie de 141m² dans une très belle résidence au cœur de l’Hivernage, avec piscine et de vastes espaces verts, à proximité de M Avenue et du Four Seasons. L’appartement se compose de : 2 chambres à coucher avec de grands dressings 2 salles de bain, ainsi que des toilettes invités Un salon lumineux avec de grandes baies vitrées donnant sur une spacieuse terrasse sans vis-à-vis Une salle à manger ...",https://www.mubawab-media.com/ad/8/139/129F/h/Capture%20d%E2%80%99%C3%A9cran%202025-07-03%20144036_80592190.avif,27,2026-09-30
8306729,Appartement de standing 1 ch à vendre Hivernage,https://www.mubawab.ma/fr/a/8306729/appartement-de-standing-1-ch-%C3%A0-vendre-hivernage,Vente,Appartement,Marrakech,Hivernage,3 500 000 DH,3500000,96m²,96,1 Pièce,1 Ch.,1 Salle de bain,"Terrasse, Garage, Ascenseur, Piscine, Concierge, Salon européen, Cheminée, Climatisation, Cuisine équipée","Très joli appartement de 96 m² à vendre vide, situé à l'hivernage au 1er étage dans un bel immeuble sécurisé avec une piscine collective sur le toit. Composé d'un salon avec coin cheminée donnant accés à une belle terrasse avec vue dégagée exposée Sud, une cuisine américaine équipée, WC invités, une place de parking au sous sol",https://www.mubawab-media.com/ad/8/306/729F/h/8d64cc57-64a3-4094-a657-92149e94b68a_82000661.avif,13,2026-09-30
8316482,"Terrain titré à vendre – Hivernage, Marrakech",https://www.mubawab.ma/fr/a/8316482/terrain-titr%C3%A9-%C3%A0-vendre-%E2%80%93-hivernage-marrakech,Vente,Terrain,Marrakech,Hivernage,3 510 000 DH,3510000,1170m²,1170,,,,,"Terrain titré à vendre – Hivernage, Marrakech Situé dans le prestigieux quartier de Hivernage à Marrakech, l’un des secteurs les plus recherchés de la ville, offrant un emplacement stratégique à proximité immédiate des hôtels de luxe, restaurants et commodités. Superficie : 1 170 m² Zone : R5 Recul : 0 Le terrain bénéficie d’un fort potentiel de valorisation grâce à sa constructibilité optimisée et à sa situation privilégiée dans un environneme...",https://www.mubawab-media.com/ad/8/316/482F/h/c3c05b11-fe2b-42d7-a253-a9a99b0ee441_82105117.avif,1,2026-09-30
8357836,Appartement 3 ch à vendre à l'Hivernage VE26211,https://www.mubawab.ma/fr/a/8357836/appartement-3-ch-%C3%A0-vendre-%C3%A0-l-hivernage-ve26211,Vente,Appartement,Marrakech,Hivernage,3 550 000 DH,3550000,135m²,135,4 Pièces,3 Chambres,3 Salles de bains,"Terrasse, Garage, Ascenseur, Piscine, Cheminée, Sécurité, Cuisine équipée","Votre agence immobilière à Marrakech PRESTIGE GALLERY IMMO à le plaisir de vous présenter ce spacieux appartement idéalement situé au cœur du très prestigieux quartier de l’Hivernage. D’une superficie de 135 m², ce bien offre de beaux volumes et un cadre de vie confortable dans l’un des secteurs les plus recherchés de Marrakech. Composition : 3 chambres 3 salles de bain Un salon lumineux avec cheminée Une cuisine fonctionnelle avec terrasse S...",https://www.mubawab-media.com/ad/8/357/836F/h/094153_179067541490387_82550318.avif,17,2026-09-30
8213311,Terrain a batir exceptionnel au coeur de l'hivernage,https://www.mubawab.ma/fr/a/8213311/terrain-a-batir-exceptionnel-au-coeur-de-l-hivernage,Vente,Terrain,Marrakech,Hivernage,3 595 000 DH,3595000,719m²,719,,,,,"***TERRAIN A BATIR EXCEPTIONNEL AU COEUR DE L'HIVERNAGE*** vous présente une opportunité rare : un terrain à bâtir de 719 m² idéalement situé au cœur du dynamique quartier de l'Hivernage. Ce terrain, bénéficiant d'une adresse prestigieuse, représente une occasion unique de concrétiser un projet ambitieux. Sa situation stratégique, à proximité immédiate des palaces emblématiques, des restaurants renommés et des boutiques de luxe, en fait le l...",https://www.mubawab-media.com/ad/8/213/311F/h/d34b4d735f6d49ce9eb4bcb937aaa9a1_80997747.avif,2,2026-09-30
8294834,Bel appartement situé au 2ème étage d’une résidence au cœur...,https://www.mubawab.ma/fr/a/8294834/bel-appartement-situ%C3%A9-au-2%C3%A8me-%C3%A9tage-d%E2%80%99une-r%C3%A9sidence-au-c%C5%93ur-de-l-hivernage,Vente,Appartement,Marrakech,Hivernage,3 630 000 DH,3630000,125m²,125,3 Pièces,2 Chambres,,"Jardin, Terrasse, Garage, Ascenseur, Climatisation, Sécurité, Cuisine équipée","Bel appartement situé au 2ème étage d’une résidence au cœur de l'hivernage à seulement 50 mètres de la célèbre M Avenue Superficie habitable : 125 m2 Il se compose de : 1 Salon lumineux avec télévision, coin salle à manger et terrasse 1 Chambre parentale avec salle de bain, climatisation réversible 1 Chambre avec climatisation réversible 1 Salle de bain séparée 1 Cuisine équipée avec terrasse 1 Toilette invités Divers: Ascenseur Grand jardin...",https://www.mubawab-media.com/ad/8/294/834F/h/697cece54732ddb85_81873682.avif,14,2026-09-30
8139073,Hivernage I Marrakech,https://www.mubawab.ma/fr/a/8139073/hivernage-i-marrakech,Vente,Villa,Marrakech,Hivernage,3 800 000 DH,3800000,719m²,719,,,,,"Morocco Sotheby's International Realty vous présente une belle opportunité d'acquisition d'un terrain situé au cœur du prestigieux quartier de l'Hivernage à Marrakech. Situé en angle de rue, ce terrain peut accueillir un projet de villa, un immeuble résidentiel en R3, un hôtel en R5, ou encore un restaurant. Les terrains disponibles dans ce quartier se font de plus en plus rares. Atouts : Emplacement en angle de rue, quartier de l'Hivernage trè...",https://www.mubawab-media.com/ad/8/139/073F/h/1_80239851.avif,3,2026-09-30
8238882,Superbe appartement luxueux 126M² à l’Hivernage,https://www.mubawab.ma/fr/a/8238882/superbe-appartement-luxueux-126m%C2%B2-%C3%A0-l%E2%80%99hivernage,Vente,Appartement,Marrakech,Hivernage,3 800 000 DH,3800000,126m²,126,3 Pièces,2 Chambres,3 Salles de bains,"Garage, Piscine, Concierge, Meublé, Salon Marocain, Salon européen, Climatisation, Sécurité, Cuisine équipée","Nous mettons à la vente un magnifique appartement de 126M² situé au 1er étage d’une résidence sécurisée de haut standing, avec parking sous-sol et piscine collective, idéalement implantée à l’Hivernage. L’appartement se compose de : • Une vaste réception • Deux suites parentales, chacune avec salle de bain privative • Une cuisine entièrement équipée • Toilettes invités Pour plus d’informations veuillez nous contacter",https://www.mubawab-media.com/ad/8/238/882F/h/WhatsApp%20Image%202026-02-20%20at%2013.51.41%20%281%29_82000274.avif,24,2026-09-30
7995014,Appartement d'Exception à Vendre,https://www.mubawab.ma/fr/a/7995014/appartement-d-exception-%C3%A0-vendre,Vente,Appartement,Marrakech,Hivernage,3 850 000 DH,3850000,145m²,145,2 Pièces,2 Chambres,2 Salles de bains,"Piscine, Meublé, Climatisation, Double vitrage, Machine à laver","Élégance et Confort avec Suite Parentale Découvrez cet appartement d'exception de 145 m² à vendre, situé dans le quartier prestigieux de l’Hivernage à Marrakech. En entrant dans l’appartement, vous serez immédiatement séduit par un hall d'entrée spacieux, annonciateur de l'élégance qui caractérise cet espace de vie. Deux suites parentales, véritables havres de paix, sont dotées de salles de bains privatives soigneusement aménagées pour votre co...",https://www.mubawab-media.com/ad/7/995/014F/h/Appartement%20%C3%A0%20louer%20%2815%29_78807844.avif,30,2026-09-30
8326075,Appartement à l'achat à Hivernage. 6 pièces. Tout confort av...,https://www.mubawab.ma/fr/a/8326075/appartement-%C3%A0-l-achat-%C3%A0-hivernage-6-pi%C3%A8ces-tout-confort-avec-chemin%C3%A9e-et-climatisation,Vente,Appartement,Marrakech,Hivernage,4 000 000 DH,4000000,160m²,160,6 Pièces,3 Chambres,2 Salles de bains,"Garage, Ascenseur, Vue sur les montagnes, Salon européen, Cheminée, Climatisation, Cuisine équipée","Faites une belle affaire en achetant cet appartement. Prix 4 000 000 DH. 6 pièces, 2 salles de bains privatives, 160 m². 3 chambres. 4ème étage. Moins de 20 ans. Type de sol: Marbre. Confortable et bien équipé avec cheminée et climatisation. Idéal si vous souhaitez acheter un appartement à Hivernage. Profitez d'une vue inégalable sur les montagnes. Ascenseur. Programmez dès maintenant votre visite pour cet appartement d'exception à...",https://www.mubawab-media.com/ad/8/326/075F/h/d9cac14a-7997-4412-8f38-39ddb21eea68_82222069.avif,11,2026-09-30
8321648,Élégant Appartement 3 Chambres Avec Terrasse,https://www.mubawab.ma/fr/a/8321648/%C3%A9l%C3%A9gant-appartement-3-chambres-avec-terrasse,Vente,Appartement,Marrakech,Hivernage,4 100 000 DH,4100000,117m²,117,4 Pièces,3 Chambres,2 Salles de bains,"Terrasse, Garage, Ascenseur, Concierge, Façade extérieure","Le 25 Immobilier vous invite à découvrir un appartement d’exception de 111 m², situé au cœur d’un quartier prisé de Marrakech, à deux pas des jardins Al Harti et des commodités des quartiers Harti et Hivernage. Alliant emplacement stratégique, confort moderne et prestations haut de gamme, ce bien rare offre une expérience de vie unique. Profitez d’une terrasse de 6 m² avec vue dégagée sur les jardins, idéale pour des moments conviviaux en fami...",https://www.mubawab-media.com/ad/8/321/648F/h/QZ1_82156844.avif,3,2026-09-30
8327961,"Appartement à Vendre de 166.0 m² à Marrakech, Hivernage",https://www.mubawab.ma/fr/a/8327961/appartement-%C3%A0-vendre-de-166-0-m%C2%B2-%C3%A0-marrakech-hivernage,Vente,Appartement,Marrakech,Hivernage,4 300 000 DH,4300000,166m²,166,5 Pièces,3 Chambres,3 Salles de bains,"Garage, Ascenseur, Meublé","À vendre, magnifique appartement de 166 m² situé au cœur du quartier prisé de Hivernage à Marrakech. Cet espace lumineux comprend 3 chambres, 2 salles de bain et se trouve au 4ème étage d'un immeuble de 5 étages. Idéal pour un cadre de vie agréable. Prix : 4 300 000 Dhs",https://www.mubawab-media.com/ad/8/327/961F/h/image_302910009_82226405.avif,23,2026-09-30
8276651,Appartement d’exception à l’Hivernage,https://www.mubawab.ma/fr/a/8276651/appartement-d%E2%80%99exception-%C3%A0-l%E2%80%99hivernage,Vente,Appartement,Marrakech,Hivernage,4 440 000 DH,4440000,117m²,117,4 Pièces,2 Chambres,2 Salles de bains,"Terrasse, Garage, Salon européen, Cuisine équipée, Réfrigérateur","Situé dans l’un des quartiers les plus prisés de Marrakech, ce superbe appartement de 117 m² offre un cadre de vie à la fois confortable et raffiné. Il se compose de 2 chambres, 2 salles de bain, d’un balcon agréable et d’une place de parking dédiée. Idéalement situé au 4ᵉ étage sur 5, l’appartement bénéficie d’une belle luminosité et d’un environnement calme, tout en étant à proximité immédiate des commodités, restaurants et hôtels de standi...",https://www.mubawab-media.com/ad/8/276/651F/h/WhatsApp%20Image%202025-12-24%20at%2013.14.29%20%282%29_81679369.avif,8,2026-09-30
8325605,"Bel appartement au coeur de l'hivernage, Marrakech",https://www.mubawab.ma/fr/a/8325605/bel-appartement-au-coeur-de-l-hivernage-marrakech,Vente,Appartement,Marrakech,Hivernage,4 490 000 DH,4490000,113m²,113,4 Pièces,3 Chambres,2 Salles de bains,"Terrasse, Garage, Ascenseur, Vue sur les montagnes, Piscine, Meublé, Façade extérieure, Salon européen, Antenne parabolique, Climatisation, Chauffage central, Sécurité, Double vitrage, Porte blindée, Cuisine équipée, Réfrigérateur, Four, Machine à laver, Micro-ondes","Situé dans le quartier le plus prestigieux de Marrakech, l’Hivernage, cet appartement neuf incarne l’alliance parfaite entre une architecture moderne épurée et un confort de vie absolu. Niché au sein d’une résidence sécurisée aux finitions exemplaires, ce bien s'adresse à une clientèle en quête de discrétion et de raffinement. Une Conception de Haute Volée D'une surface de 113 m², cet espace de vie a été pensé avec une exigence rare. La lumière...",https://www.mubawab-media.com/ad/8/325/605F/h/WhatsApp%20Image%202026-04-02%20at%2013.41.44%20copie%203_82201033.avif,12,2026-09-30
8395317,Vente d'un bel appartement à Hivernage. 2 chambres agréable...,https://www.mubawab.ma/fr/a/8395317/vente-d-un-bel-appartement-%C3%A0-hivernage-2-chambres-agr%C3%A9ables-bien-meubl%C3%A9,Vente,Appartement,Marrakech,Hivernage,4 498 000 DH,4498000,173m²,173,6 Pièces,2 Chambres,2 Salles de bains,"Terrasse, Garage, Ascenseur, Concierge, Meublé, Façade extérieure, Salon Marocain, Salon européen, Antenne parabolique, Cheminée, Climatisation, Chauffage central, Sécurité, Double vitrage, Porte blindée, Cuisine équipée, Réfrigérateur, Four, Machine à laver, Micro-ondes","VENDRE – Appartement d’exception à l’Hivernage Marrakech Situé au cœur du prestigieux quartier de l’Hivernage, sur la très recherchée avenue Mohammed VI, au-dessus du Café Six et en face du Menara Mall, ce magnifique appartement de 173 m² bénéficie d’un emplacement privilégié, à proximité immédiate des restaurants, hôtels de luxe, commerces et de toutes les commodités. L’appartement se trouve au 4ᵉ étage d’une résidence sécurisée et dispose d’...",https://www.mubawab-media.com/ad/8/395/317F/h/photo_00_83001913.avif,11,2026-09-30
8326247,Bel appartement à vendre à Hivernage. 3 chambres. Jardin et...,https://www.mubawab.ma/fr/a/8326247/bel-appartement-%C3%A0-vendre-%C3%A0-hivernage-3-chambres-jardin-et-ascenseur,Vente,Appartement,Marrakech,Hivernage,4 600 000 DH,4600000,113m²,113,4 Pièces,3 Chambres,2 Salles de bains,"Jardin, Terrasse, Garage, Ascenseur, Vue sur mer, Vue sur les montagnes, Piscine, Concierge, Salon européen, Antenne parabolique, Climatisation, Chauffage central, Sécurité, Porte blindée, Cuisine équipée, Réfrigérateur, Four, Micro-ondes","Agréable appartement à vendre. Prix 4 600 000 DH. 4 pièces, 2 salles de bains, surface 113 m². 3 chambres à coucher. 2ème étage. Moins de 5 ans. Type de sol: Marbre. Résidence sécurisée et porte blindée. Le bien dispose également d'une antenne parabolique. Cet appartement est en vente à Hivernage. Confort et sécurité avec service de conciergerie, piscine et climatisation. Résidence parfaitement équipée avec ascenseur et parking. Vous profiterez...",https://www.mubawab-media.com/ad/8/326/247F/h/photo_00_82208092.avif,13,2026-09-30
8415610,Appartement d’exception à vendre vide ou meublé à l’Hivernag...,https://www.mubawab.ma/fr/a/8415610/appartement-d%E2%80%99exception-%C3%A0-vendre-vide-ou-meubl%C3%A9-%C3%A0-l%E2%80%99hivernage,Vente,Villa,Marrakech,Hivernage,4 650 000 DH,4650000,234m²,234,3 Pièces,2 Chambres,2 Salles de bains,"Jardin, Terrasse, Garage, Piscine, Concierge, Meublé, Salon européen, Sécurité, Cuisine équipée","Découvrez ce magnifique appartement équivalent à une petite villa situé au cœur de l’Hivernage, au rez-de-chaussée d’une résidence sécurisée avec piscine. D’une superficie de 234 m², dont environ 118 m² de terrasse et jardin, ce bien bénéficie d’un cadre agréable et d’une belle ouverture sur les espaces extérieurs. Il se compose de : 2 spacieuses chambres Un grand salon avec salle à manger, donnant directement sur le jardin Une belle terrass...",https://www.mubawab-media.com/ad/8/415/610F/h/WhatsApp_Image_2026-09-14_at_14.20.01_83220121.avif,32,2026-09-30
8409143,Hivernage exceptionnel appartement,https://www.mubawab.ma/fr/a/8409143/hivernage-exceptionnel-appartement,Vente,Appartement,Marrakech,Hivernage,4 800 000 DH,4800000,138m²,138,3 Pièces,2 Chambres,2 Salles de bains,"Terrasse, Garage, Ascenseur, Piscine, Meublé, Salon européen, Climatisation, Chauffage central, Sécurité, Porte blindée, Cuisine équipée, Réfrigérateur, Four, Machine à laver, Micro-ondes","Tres bel appartement au coeur de l'hivernage, comprenant 2 belles suites, une cuisine entièrement équipée un toilette invités, un séjour, 2 terrasses. Refait a neuf avec beaucoup de gout, localisation exceptionnelle a deux pas du Sofitel, renovation avec beaucoup de gout; uns visite s'impose",https://www.mubawab-media.com/ad/8/409/143F/h/IMG_1785_83147224.avif,1,2026-09-30
8259540,Magnifique duplex en rez de jardin a l’hivernage,https://www.mubawab.ma/fr/a/8259540/magnifique-duplex-en-rez-de-jardin-a-l%E2%80%99hivernage,Vente,Duplex,Marrakech,Hivernage,5 000 000 DH,5000000,174m²,174,3 Pièces,2 Chambres,2 Salles de bains,"Jardin, Terrasse, Garage, Piscine, Climatisation, Chauffage central, Cuisine équipée","Situé dans une des plus belles résidences du quartier de l’authentique hivernage, notre agence LE COMPTOIR vous présente cet appartement spacieux d’une superficie de 174 m² habitables, composé en rez de chaussé d’un très bel espace sejour et salon donnant sur une terrasse spacieuse de 30 m² supplémentaires, une cuisine attenante équipée, et d’un toilette invité. Au premier étage de ce magnifique duplex, deux chambres spacieuses et deux salles de...",https://www.mubawab-media.com/ad/8/259/540F/h/appartement-hivernage-duplex-vente-immo-jardin-prestige-marrakech-maroc-piscine-invest-immo-agence%20%289%29_81482924.avif,13,2026-09-30
8337981,Duplex Meublé À Vendre 200 M² À Marrakech,https://www.mubawab.ma/fr/a/8337981/duplex-meubl%C3%A9-%C3%A0-vendre-200-m%C2%B2-%C3%A0-marrakech,Vente,Duplex,Marrakech,Hivernage,5 000 000 DH,5000000,200m²,200,4 Pièces,3 Chambres,2 Salles de bains,"Terrasse, Garage, Concierge, Meublé, Façade extérieure, Salon européen, Cuisine équipée, Réfrigérateur, Four, Machine à laver, Micro-ondes","Magnifique duplex meublé de 200 m², idéalement situé dans le prestigieux quartier de l’Hivernage, au 1er étage d’une résidence bien entretenue. Bénéficiant de deux façades, ce bien offre une excellente luminosité et un cadre de vie agréable. Ce compose de : 3 chambres à coucher spacieuses, grand salon lumineux, parfait pour recevoir, cuisine moderne et entièrement équipée, 2 salles de bains, terrasse avec vue dégagée sur le boulevard, place de pa...",https://www.mubawab-media.com/ad/8/337/981F/h/WhatsApp%20Image%202026-03-27%20at%2013.13.43%20%281%29_82330894.avif,10,2026-09-30
8184215,"Appartement à Vendre de 191.0 m² à Marrakech, Hivernage",https://www.mubawab.ma/fr/a/8184215/appartement-%C3%A0-vendre-de-191-0-m%C2%B2-%C3%A0-marrakech-hivernage,Vente,Duplex,Marrakech,Hivernage,5 000 000 DH,5000000,191m²,191,4 Pièces,2 Chambres,5 Salles de bains,"Jardin, Garage, Ascenseur, Meublé, Climatisation, Chauffage central","À vendre : Magnifique duplex de 191 m² situé dans le quartier prisé de l'Hivernage à Marrakech. Cet appartement lumineux dispose de 2 chambres, 2 salles de bain et bénéficie de 4 façades. Au sein d'un immeuble de 5 étages, ce bien rare est proposé au prix de 5 000 000 Dhs. Ne manquez pas cette opportunité unique d'acquérir un bien d'exception",https://www.mubawab-media.com/ad/8/184/215F/h/image_671958171_80704929.avif,16,2026-09-30
8304436,Appartement d'Exception à l'Hivernage Vue Atlas,https://www.mubawab.ma/fr/a/8304436/appartement-d-exception-%C3%A0-l-hivernage-vue-atlas,Vente,Appartement,Marrakech,Hivernage,5 300 000 DH,5300000,205m²,205,4 Pièces,3 Chambres,3 Salles de bains,"Terrasse, Garage, Ascenseur, Concierge, Meublé, Façade extérieure, Salon Marocain, Salon européen, Climatisation, Cuisine équipée, Réfrigérateur, Four, Machine à laver, Micro-ondes","Une Résidence de Prestige au Cœur de Marrakech Niché dans le quartier prisé de l'Hivernage, cet appartement trois chambres incarne l'élégance contemporaine et le raffinement à la marocaine. Entièrement rénové avec un souci du détail irréprochable, ce bien d'exception séduira les plus exigeants. Des Espaces de Vie Sublimes Le salon s'ouvre généreusement sur une vaste terrasse offrant une vue imprenable sur la majestueuse chaîne de l'Atlas. Ce p...",https://www.mubawab-media.com/ad/8/304/436F/h/IMG-20260216-WA0009_81977867.avif,12,2026-09-30
8354554,Projet de villa de luxe route d'Ourika,https://www.mubawab.ma/fr/a/8354554/projet-de-villa-de-luxe-route-d-ourika,Vente,Villa,Marrakech,Hivernage,5 300 000 DH,5300000,250m²,250,4 Pièces,4 Chambres,3 Salles de bains,"Jardin, Terrasse, Garage, Piscine, Concierge, Salon Marocain, Salon européen, Cheminée, Climatisation, Cuisine équipée","Magnifique projet de villas luxueuse et moderne trés bien placé sur la route d'Ourika à 15 min de l'Hivernage. Elaboré sur 10 hectares de terrains avec 97 villas types R1 isolées ou jumelées. Villa Jumelée: à partir de 500 m² au sol, avec 350 m² habitable . Composée au RDC : d'un salon marocain, salon européen , séjour , cuisine, salle de bain, jardin et piscine, garage. A l'étage : 2 suites et 2 chambres avec accés au Roof top avec possibilité...",https://www.mubawab-media.com/ad/8/354/554F/h/4cd9b48b-7744-412f-9be1-355d3fe93501_82512667.avif,24,2026-09-30
8340188,Magnifique Appartement à l'Hivernage,https://www.mubawab.ma/fr/a/8340188/magnifique-appartement-%C3%A0-l-hivernage,Vente,Appartement,Marrakech,Hivernage,5 350 000 DH,5350000,120m²,120,3 Pièces,2 Chambres,2 Salles de bains,"Terrasse, Ascenseur, Piscine, Concierge, Meublé, Salon européen, Cheminée, Climatisation, Chauffage central, Sécurité, Double vitrage, Cuisine équipée","Situé au cœur du très prisé quartier de Hivernage à Marrakech, découvrez ce superbe appartement de 112 m², niché au 3ᵉ étage d’une résidence prestigieuse, sécurisée 24h/24 avec ascenseur. L’appartement se compose de deux belles chambres, deux salles de bain, et d’un espace de vie lumineux, parfaitement agencé. Il est vendu entièrement meublé et décoré, avec goût et raffinement, prêt à vivre ou à louer immédiatement. Ce bien représente une opportu...",https://www.mubawab-media.com/ad/8/340/188F/h/PHOTO-2026-02-23-20-22-37%2026_82354360.avif,31,2026-09-30
8328795,À vendre – appartement prestigieux à l'hivernage,https://www.mubawab.ma/fr/a/8328795/%C3%A0-vendre-%E2%80%93-appartement-prestigieux-%C3%A0-l-hivernage,Vente,Appartement,Marrakech,Hivernage,5 500 000 DH,5500000,130m²,130,4 Pièces,2 Chambres,3 Salles de bains,"Jardin, Meublé, Salon européen, Sécurité, Cuisine équipée","Nichée au cœur du prestigieux quartier Hivernage, cette somptueuse appartement incarne le luxe, le confort et la modernité. Un bien rare, pensé pour une clientèle exigeante à la recherche d’un cadre de vie exclusif. Caractéristiques : 130 m² habitables élégamment agencés 2 suites parentales avec salles de bains attenantes Séjour spacieux et baigné de lumière naturelle Cuisine moderne entièrement équipée Jardin privatif exclusif de 150 m² Finit...",https://www.mubawab-media.com/ad/8/328/795F/h/WhatsApp%20Image%202026-04-06%20at%2019.06.21%20%282%29_82235451.avif,28,2026-09-30
8378880,Appartement d'Exception à l'Hivernage,https://www.mubawab.ma/fr/a/8378880/appartement-d-exception-%C3%A0-l-hivernage,Vente,Appartement,Marrakech,Hivernage,5 600 000 DH,5600000,220m²,220,6 Pièces,2 Chambres,2 Salles de bains,"Terrasse, Garage, Piscine, Cuisine équipée","Cette propriété finie et entièrement titrée offre une occasion rare de s'installer immédiatement dans le quartier le plus prestigieux de la ville. Proposé à la fois à la vente et à la location, cet appartement haut de gamme allie volumes impressionnants, confort moderne et prestations exclusives. - Emplacement : Idéalement situé au cœur du secteur résidentiel et hautement prisé de l'Hivernage, offrant un cadre de vie calme, sécurisé et une acces...",https://www.mubawab-media.com/ad/8/378/880F/h/1_82821098.avif,16,2026-09-30
8363575,Penthouse Hivernage 4 ch Terrasse,https://www.mubawab.ma/fr/a/8363575/penthouse-hivernage-4-ch-terrasse,Vente,Penthouse,Marrakech,Hivernage,7 500 000 DH,7500000,220m²,220,6 Pièces,4 Chambres,3 Salles de bains,"Jardin, Terrasse, Garage, Ascenseur, Vue sur les montagnes, Concierge, Salon européen, Cheminée, Climatisation, Cuisine équipée, Réfrigérateur, Four, Machine à laver, Micro-ondes","Appartement d’exception à Marrakech face au jardin du Harti. Découvrez cet appartement unique, niché au dernier étage d’un immeuble de bon standing, dans l’un des quartiers les plus prisés de Marrakech. Ce bien rare de 220m² dispose d’une incroyable terrasse privative de 150 m², offrant des vues panoramiques à 360 sur la ville et les montagnes environnantes. Aménagez cet espace en un véritable havre de paix grâce à sa cuisine extérieure déjà ins...",https://www.mubawab-media.com/ad/8/363/575F/h/DSC_5668-HDR_82633939.avif,20,2026-09-30
8367736,"Residence Privée four seasons, M Avenue, Marrakech",https://www.mubawab.ma/fr/a/8367736/residence-priv%C3%A9e-four-seasons-m-avenue-marrakech,Vente,Appartement,Marrakech,Hivernage,8 000 000 DH,8000000,145m²,145,3 Pièces,2 Chambres,3 Salles de bains,"Terrasse, Garage, Ascenseur, Vue sur les montagnes, Piscine, Concierge, Chambre rangement, Meublé, Salon européen, Antenne parabolique, Cheminée, Climatisation, Chauffage central, Sécurité, Double vitrage, Porte blindée, Cuisine équipée, Réfrigérateur, Four, Machine à laver, Micro-ondes","À vendre, magnifique appartement de 2 chambres situé au sein d'une résidence de standing sur M Avenue, dans le prestigieux quartier de l'Hivernage à Marrakech. Cet appartement se compose de deux chambres spacieuses, de deux salles de bain, d'un salon lumineux, d'une cuisine entièrement équipée ainsi que d'une agréable terrasse. Le bien est vendu entièrement meublé et équipé avec des prestations de qualité, offrant un cadre de vie confortable e...",https://www.mubawab-media.com/ad/8/367/736F/h/slide-2_82696897.avif,6,2026-09-30
8298974,Très beau et lumineux appartement situé au dernier étage,https://www.mubawab.ma/fr/a/8298974/tr%C3%A8s-beau-et-lumineux-appartement-situ%C3%A9-au-dernier-%C3%A9tage,Vente,Appartement,Marrakech,Hivernage,9 570 000 DH,9570000,250m²,250,4 Pièces,3 Chambres,,"Terrasse, Garage, Ascenseur, Climatisation, Double vitrage, Cuisine équipée","Très beau et lumineux appartement situé au dernier étage d’une belle résidence de l'hivernage Superficie habitable : 250 m2 Il se compose de : 1 Grand séjour et salon avec de grandes baies vitrées donnant sur une terrasse 1 Salle à manger 1 Suite parentale avec salle de bain, dressing, climatisation réversible et accès à deux terrasses 2 Chambres avec une salle de bain commune, climatisation réversible et dont l’une avec une terrasse 1 Grande...",https://www.mubawab-media.com/ad/8/298/974F/h/6985aa5a5632dbeed_81922532.avif,17,2026-09-30
8258176,"Appartement à Vendre de 161.0 m² à Marrakech, Hivernage",https://www.mubawab.ma/fr/a/8258176/appartement-%C3%A0-vendre-de-161-0-m%C2%B2-%C3%A0-marrakech-hivernage,Vente,Appartement,Marrakech,Hivernage,10 000 000 DH,10000000,161m²,161,4 Pièces,2 Chambres,3 Salles de bains,"Jardin, Garage, Ascenseur, Meublé, Climatisation, Chauffage central","À vendre, magnifique appartement de 150 m² situé au cœur du quartier prisé de l'Hivernage à Marrakech. Ce bien lumineux comprend 2 chambres et 2 salles de bain, idéal pour un cadre de vie agréable. Situé au 1er étage d'un immeuble de 3 étages, cet appartement est proposé au prix de 10 000 000 Dhs. Ne manquez pas cette opportunité unique !",https://www.mubawab-media.com/ad/8/258/176F/h/image_941837387_81468675.avif,15,2026-09-30
8294843,Magnifique appartement situé dans une résidence sécurisée su...,https://www.mubawab.ma/fr/a/8294843/magnifique-appartement-situ%C3%A9-dans-une-r%C3%A9sidence-s%C3%A9curis%C3%A9e-sur-une-des-avenues-les-plus-pris%C3%A9es-de-marrakech,Vente,Appartement,Marrakech,Hivernage,11 000 000 DH,11000000,165m²,165,3 Pièces,2 Chambres,,"Terrasse, Garage, Ascenseur, Climatisation, Sécurité, Cuisine équipée","Magnifique appartement situé dans une résidence sécurisée sur une des avenues les plus prisées de Marrakech au quartier de l’Hivernage. Superficie: 150 m2 dont 15 m2 de terrasse Il se compose de : 1 Agréable salon avec télévision donnant sur une terrasse couverte par une grande baie vitrée 1 Salle à manger pour 6 personnes 1 Cuisine entièrement équipée 2 Chambres avec salle de bain, climatisation réversible 1 Toilette invités Divers: Terrasse c...",https://www.mubawab-media.com/ad/8/294/843F/h/696e3242afeb6ff4d_81873816.avif,18,2026-09-30
8294882,Jolie villa contemporaine située au quartier de l’Agdal,https://www.mubawab.ma/fr/a/8294882/jolie-villa-contemporaine-situ%C3%A9e-au-quartier-de-l%E2%80%99agdal,Vente,Villa,Marrakech,Hivernage,19 250 000 DH,19250000,470m²,470,5 Pièces,4 Chambres,,"Jardin, Terrasse, Garage, Piscine, Cheminée, Climatisation","Jolie villa contemporaine située au quartier de l’Agdal à 10 minutes de l’Hivernage Marrakech. Superficie du terrain : 2.200 m2 Superficie habitable : 470 m2 Elle se compose de : 1 Grand salon avec cheminée, très lumineux grâce aux baies vitrées donnant sur la terrasse et piscine 1 Cuisine américaine entièrement équipée 1 Grande Suite parentale avec salle de bain, toilettes séparés, dressing, climatisation réversible 3 Chambres avec salle de bai...",https://www.mubawab-media.com/ad/8/294/882F/h/6902013df1b8e3cec_81874444.avif,19,2026-09-30
8264490,Villa de prestige Avenue Mohamed VI,https://www.mubawab.ma/fr/a/8264490/villa-de-prestige-avenue-mohamed-vi,Vente,Villa,Marrakech,Hivernage,19 500 000 DH,19500000,1200m²,1200,12 Pièces,11 Chambres,10 Salles de bains,"Jardin, Terrasse, Garage, Vue sur les montagnes, Piscine, Chambre rangement, Meublé, Entre-seul, Salon Marocain, Salon européen, Antenne parabolique, Cheminée, Climatisation, Sécurité, Double vitrage, Cuisine équipée, Réfrigérateur, Four, Machine à laver, Micro-ondes","VILLA D’ARCHITECTE DE PRESTIGE – AVENUE MOHAMMED VI, MARRAKECH Idéalement située, la villa bénéficie d’un emplacement privilégié à proximité des adresses les plus prisées de Marrakech : Menara Mall, Hivernage, M Avenue, ainsi que des nouveaux pôles haut de gamme en plein essor. Un environnement rare, offrant à ses occupants un cadre de vie harmonieux, pratique et raffiné. Par ailleurs, la propriété est idéalement agencée pour un projet de maiso...",https://www.mubawab-media.com/ad/8/264/490F/h/thumb_101458_property_xlarge_81547346.avif,14,2026-09-30
