id,title,url,transaction_type,house_type,city,quartier,price_raw,price_numeric,surface_raw,surface_m2,rooms,bedrooms,bathrooms,features,description,main_image,images_count,scraped_date
8355059,Terrain en vente à Agdal. Surface totale 2500 m²,https://www.mubawab.ma/fr/a/8355059/terrain-en-vente-%C3%A0-agdal-surface-totale-2500-m%C2%B2,Vente,Terrain,Marrakech,Agdal,Prix à consulter,,2500m²,2500,,,,,"Situé dans le quartier prisé d'Agdal à Marrakech, ce terrain offre une opportunité exceptionnelle pour votre projet immobilier. Avec une superficie de 2500 m², ce vaste espace est idéal pour divers types de constructions. Le terrain est plat et bien délimité, ce qui facilite les travaux de construction. Son emplacement à proximité du Maroco Mall offre un accès privilégié à de nombreuses commodités, telles que des centres commerciaux, des restaura...",https://www.mubawab-media.com/ad/8/355/059F/h/photo_0_82518355.avif,1,2026-09-21
8178552,Terrain à vendre à Agdal. Surface de 500 m²,https://www.mubawab.ma/fr/a/8178552/terrain-%C3%A0-vendre-%C3%A0-agdal-surface-de-500-m%C2%B2,Vente,Terrain,Marrakech,Agdal,Prix à consulter,,500m²,500,,,,,"Beau terrain bien situé, à vendre. Superficie 500 m². Venez découvrir ce terrain en vente à Agdal, Marrakech. 4200dhs /m² hors frais d'agence 3% de frais d'agence",https://www.mubawab-media.com/ad/8/178/552F/h/photo_0_80679568.avif,1,2026-09-30
8373046,Vend local commercial à Agdal. Surface de 120 m²,https://www.mubawab.ma/fr/a/8373046/vend-local-commercial-%C3%A0-agdal-surface-de-120-m%C2%B2,Vente,Commerce,Marrakech,Agdal,Prix à consulter,,120m²,120,,,1 Salle de bain,,"Découvrez ce local commercial exceptionnellement bien situé sur l'Avenue Mohammed VI à Marrakech, dans le vibrant quartier d'Agdal. Avec une superficie de 120 m², cet espace offre une excellente opportunité pour établir un restaurant, une boulangerie ou un concept gastronomique novateur. Le bâtiment présente une façade élégante avec de grandes vitrines qui permettent une visibilité maximale, idéales pour attirer l'attention des passants. Le revêt...",https://www.mubawab-media.com/ad/8/373/046F/h/photo_1_82753738.avif,2,2026-09-30
8363577,Beau terrain à la vente à Riad Al Atlas. Surface totale 2413...,https://www.mubawab.ma/fr/a/8363577/beau-terrain-%C3%A0-la-vente-%C3%A0-riad-al-atlas-surface-totale-2413-m%C2%B2,Vente,Riad,Marrakech,Agdal,Prix à consulter,,2413m²,2413,,,,,"Au prix de 5000 DH. Découvrez ce terrain exceptionnel de 2413 m² situé dans le prestigieux quartier de Riad Al Atlas, à Marrakech, au cœur de la région de Marrakech-Safi. Ce lot se trouve dans le district d'Agdal, une zone prisée pour sa proximité avec de nombreux points d'intérêt locaux. Le terrain est positionné stratégiquement, entouré de rues bien fréquentées et accessible via le Boulevard Mohamed VI, l'une des artères principales de la vill...",https://www.mubawab-media.com/ad/8/363/577F/h/photo_0_82634001.avif,1,2026-09-30
8363576,Terrain à acheter à Agdal. Surface totale 2413 m²,https://www.mubawab.ma/fr/a/8363576/terrain-%C3%A0-acheter-%C3%A0-agdal-surface-totale-2413-m%C2%B2,Vente,Terrain,Marrakech,Agdal,Prix à consulter,,2413m²,2413,,,,,"Au prix de 5000 DH / m2, Le bien immobilier proposé se situe dans le quartier prisé d'Agdal, avenue Mohammed VI, à Marrakech. Il s'agit d'un terrain spacieux à vendre, avec une superficie totale de 2413 m². Ce quartier dynamique et recherché est idéalement positionné, offrant un accès facile à plusieurs commodités essentielles. La localisation de ce terrain sur l'avenue Mohammed VI lui confère une accessibilité optimale depuis différents points...",https://www.mubawab-media.com/ad/8/363/576F/h/photo_0_82633961.avif,1,2026-09-30
8411335,Achat de terrain à Agdal. Surface de 2464 m²,https://www.mubawab.ma/fr/a/8411335/achat-de-terrain-%C3%A0-agdal-surface-de-2464-m%C2%B2,Vente,Terrain,Marrakech,Agdal,Prix à consulter,,2464m²,2464,,,,,"Voici une description détaillée du terrain mis en vente à Agdal, Marrakech. Ce bien unique, jamais habité ou réformé, s'étend sur une superficie généreuse de 2464 m², offrant un potentiel immense pour des projets résidentiels ou commerciaux. Situé dans le quartier prestigieux d'Agdal, ce terrain bénéficie d'une localisation idéale, appréciée pour son calme et sa proximité avec le centre de Marrakech. La parcelle est facilement accessible via une...",https://www.mubawab-media.com/ad/8/411/335F/h/photo_0_83172401.avif,1,2026-09-30
8395369,Vente de terrain à Agdal. Surface de 2171 m²,https://www.mubawab.ma/fr/a/8395369/vente-de-terrain-%C3%A0-agdal-surface-de-2171-m%C2%B2,Vente,Terrain,Marrakech,Agdal,Prix à consulter,,2171m²,2171,,,,,"La propriété à vendre est un terrain situé dans le prestigieux quartier d'Agdal à Marrakech, une région réputée pour ses paysages enchanteurs et son ambiance raffinée. Ce terrain de 2171 m² offre une vaste superficie propice à divers projets de développement, qu'il s'agisse d'une construction résidentielle ou d'un projet commercial. L'emplacement bénéficie d'une vue spectaculaire sur les paysages naturels environnants, lesquels sont sublimés par...",https://www.mubawab-media.com/ad/8/395/369F/h/photo_0_83069683.avif,1,2026-09-30
8399594,Appartement à vendre à Agdal. 2 belles chambres. Meublé,https://www.mubawab.ma/fr/a/8399594/appartement-%C3%A0-vendre-%C3%A0-agdal-2-belles-chambres-meubl%C3%A9,Vente,Appartement,Marrakech,Agdal,Prix à consulter,,123m²,123,3 Pièces,2 Chambres,2 Salles de bains,"Terrasse, Garage, Ascenseur, Piscine, Meublé, Façade extérieure, Salon européen, Antenne parabolique, Cheminée, Chauffage central, Sécurité, Double vitrage, Porte blindée, Cuisine équipée, Réfrigérateur, Four, Machine à laver, Micro-ondes","À vendre superbe appartement situé dans la prestigieuse résidence Golf City Prestigia à Marrakech, un secteur très recherché pour la résidence principale et l’investissement locatif. D’une superficie de 110 m² 13 m2 place de parking en sous-sol Cet appartement bénéficie d’une belle terrasse. Composition • 1 salon spacieux avec coin cheminée • 2 chambres • 2 salles de bains • 1 cuisine équipée avec buanderie • Grande terrasse aménagée Dép...",https://www.mubawab-media.com/ad/8/399/594F/h/photo_0_83047875.avif,17,2026-09-30
8301029,Terrain agdal marrakech,https://www.mubawab.ma/fr/a/8301029/terrain-agdal-marrakech,Vente,Villa,Marrakech,Agdal,Prix à consulter,,508m²,508,,,,,"Lot idéalement positionné, bénéficiant d’une orientation Ouest et d’une vue dégagée et permanente sur les montagnes de l’Atlas, sans aucun vis-à-vis direct avec la façade opposée. Situé dans un environnement résidentiel composé de villas, à proximité immédiate d’équipements de qualité : grande salle de sport, deux piscines couvertes et un grand supermarché (situés à la sortie). Accès rapide et direct à la sortie menant à l’avenue Mohammed VI",https://www.mubawab-media.com/ad/8/301/029F/h/WhatsApp%20Image%202026-02-10%20at%2013.08.35%20%281%29_81943045.avif,6,2026-09-30
8334931,Terrains d’exception à vendre Agdal,https://www.mubawab.ma/fr/a/8334931/terrains-d%E2%80%99exception-%C3%A0-vendre-agdal,Vente,Terrain,Marrakech,Agdal,Prix à consulter,,2400m²,2400,,,,,"Terrains d’exception à vendre – Agdal, Avenue Mohammed VI Opportunité rare au cœur d’un des emplacements les plus recherchés d’Agdal, sur la prestigieuse Avenue Mohammed VI. Nous proposons 3 lots de terrain, chacun d’une superficie de 2 400 m², offrant un fort potentiel pour des projets résidentiels ou d’investissement. Il est possible d’acquérir un seul lot ou plusieurs, selon votre besoin. Caractéristiques : • Superficie : 2 400 m² par lot...",https://www.mubawab-media.com/ad/8/334/931F/h/WhatsApp%20Image%202026-04-18%20at%2012.31.23_82298975.avif,1,2026-09-30
8350125,Lots de Villa 2500m isolée à Agdal Marrakech,https://www.mubawab.ma/fr/a/8350125/lots-de-villa-2500m-isol%C3%A9e-%C3%A0-agdal-marrakech,Vente,Riad,Marrakech,Agdal,Prix à consulter,,2500m²,2500,,,,,Lots de Villa 2500m isolée à Riad Al Atlas Agdal Marrakech Prix: 4300dhs/m,https://www.mubawab-media.com/ad/8/350/125F/h/photo_0_82465878.avif,1,2026-09-30
8228665,À vendre – Villa contemporaine récemment construite à Agdal...,https://www.mubawab.ma/fr/a/8228665/%C3%A0-vendre-%E2%80%93-villa-contemporaine-r%C3%A9cemment-construite-%C3%A0-agdal-marrakech,Vente,Villa,Marrakech,Agdal,Prix à consulter,,520m²,520,7 Pièces,5 Chambres,3 Salles de bains,"Jardin, Terrasse, Garage, Piscine, Concierge, Chambre rangement, Entre-seul, Salon Marocain, Salon européen, Antenne parabolique, Cheminée, Chauffage central, Sécurité, Double vitrage, Porte blindée, Cuisine équipée, Réfrigérateur, Four, Machine à laver, Micro-ondes","Découvrez cette superbe villa mitoyenne, récemment édifiée, offrant un cadre de vie moderne et confortable dans l’un des quartiers les plus prisés de Marrakech. • Superficie terrain : 300 m² • Superficie habitable : 520 m² répartis sur 3 niveaux • Exposition : plein sud, assurant une luminosité optimale Distribution : Sous-sol : • Chambre avec salle de bain • Placards de rangement • Coin débarras • Local technique Rez-de-chaussée : • S...",https://www.mubawab-media.com/ad/8/228/665F/h/photo_00_81162717.avif,22,2026-09-30
8328219,Terrain 500m2 zone villa a Agdal,https://www.mubawab.ma/fr/a/8328219/terrain-500m2-zone-villa-a-agdal,Vente,Villa,Marrakech,Agdal,Prix à consulter,,500m²,500,,,,,"A vendre un excellent terrain titre de 500m2 situe dans le quartier prestigieux de l Agdal a Marrakech. Ce terrain se trouve en zone villa, ideal pour la construction de votre future maison dans un cadre calme et une future belle residence securisee. Le prix est tres competitif pour le secteur a 3600 dh le m2. Emplacement strategique a proximite de l avenue Mohamed VI et de toutes les commodites. Opportunite a saisir rapidement. Pour...",https://www.mubawab-media.com/ad/8/328/219F/h/Gemini_Generated_Image_uua82juua82juua8-2_82228979.avif,2,2026-09-30
8236852,Terrain à vendre à Agdal 2003 m²,https://www.mubawab.ma/fr/a/8236852/terrain-%C3%A0-vendre-%C3%A0-agdal-2003-m%C2%B2,Vente,Villa,Marrakech,Agdal,Prix à consulter,,2003m²,2003,,,,,Belle opportunité à Marrakech Terrain exceptionnel à vendre situé dans le prestigieux quartier d’Agdal Marrakech Un emplacement rare et recherché entouré de magnifiques villas et résidences de luxe Ce bien offre une superficie généreuse de 2003 mètres carrés idéal pour construire une villa haut standing ou un projet élégant Un cadre calme raffiné et proche de toutes les commodités restaurants centres commerciaux écoles et golf Une véritable perle...,https://www.mubawab-media.com/ad/8/236/852F/h/photo_0_81250492.avif,1,2026-09-30
8242645,Appartement duplex dernier étage à vendre 3 chambres piscine,https://www.mubawab.ma/fr/a/8242645/appartement-duplex-dernier-%C3%A9tage-%C3%A0-vendre-3-chambres-piscine,Vente,Duplex,Marrakech,Agdal,Prix à consulter,,280m²,280,5 Pièces,3 Chambres,3 Salles de bains,"Jardin, Terrasse, Garage, Ascenseur, Vue sur mer, Vue sur les montagnes, Piscine, Concierge, Chambre rangement, Façade extérieure, Salon Marocain, Salon européen, Antenne parabolique, Cheminée, Climatisation, Chauffage central, Sécurité, Double vitrage, Porte blindée, Cuisine équipée, Réfrigérateur, Four, Micro-ondes","Marrakech-Agdal Appartement Duplex à vendre Dans une résidence calme et sécurisée, à deux pas du Boulevard Mohamed 6. Bâtie sur une superficielle 272 m2 Votre agence immobilière LYZ Marrakech Services vous propose à la vente cet appartement duplex construit comme suit : – Un grand séjour avec coin cheminée donnant sur une grande terrasse et aussi une grande terrasse avec vue piscine, 2 chambres avec 2 salles de bains, toilettes invités, grand...",https://www.mubawab-media.com/ad/8/242/645F/h/photo_00_81390869.avif,26,2026-09-30
8139606,Joli Maison propre melkya,https://www.mubawab.ma/fr/a/8139606/joli-maison-propre-melkya,Vente,Maison,Marrakech,Agdal,Prix à consulter,,76m²,76,3 Pièces,4 Chambres,2 Salles de bains,"Jardin, Terrasse","À vendre – Maison de charme à Bab Ahmer (76 m²) avec vue panoramique exceptionnelle Adresse : bab Ahmer derb Agdal N 27 Découvrez cette maison rare située au cœur de Bab Ahmer, un quartier authentique et recherché de Marrakech. D’une superficie de 76 m², cette propriété offre un cadre de vie paisible et lumineux, idéal pour une résidence principale, une maison secondaire ou un investissement locatif. Atouts majeurs : Vue panoramique imprenable...",https://www.mubawab-media.com/ad/8/139/606F/h/photo_0_80245442.avif,1,2026-09-30
8230528,Vente d'un bel appartement à Agdal prestigia Marrakech,https://www.mubawab.ma/fr/a/8230528/vente-d-un-bel-appartement-%C3%A0-agdal-prestigia-marrakech,Vente,Appartement,Marrakech,Agdal,Prix à consulter,,78m²,78,3 Pièces,2 Chambres,2 Salles de bains,"Terrasse, Garage, Vue sur mer, Vue sur les montagnes, Piscine, Salon Marocain, Salon européen, Antenne parabolique, Climatisation, Sécurité, Double vitrage, Cuisine équipée, Réfrigérateur, Four, Machine à laver, Micro-ondes","Appartement à la vente à Golf City Prestigia Votre agence immobilière LYZ Marrakech Services vous propose à la vente un bel appartement à l’étage . Avec son exposition est vue golf . Cet appartement à vendre se compose de : - Séjour avec accès à la terrasse - 2 chambres avec des rangements dont une chambre parentale - 2 salles douches - Cuisine séparée équipée le tout est complété de plusieurs piscines collectives, place de parking commune. N...",https://www.mubawab-media.com/ad/8/230/528F/h/photo_0_81203004.avif,15,2026-09-30
8093551,"Appartement à l'achat à Agdal. 2 chambres. Porte blindée, sé...",https://www.mubawab.ma/fr/a/8093551/appartement-%C3%A0-l-achat-%C3%A0-agdal-2-chambres-porte-blind%C3%A9e-s%C3%A9curit%C3%A9,Vente,Appartement,Marrakech,Agdal,Prix à consulter,,134m²,134,3 Pièces,2 Chambres,2 Salles de bains,"Jardin, Terrasse, Garage, Ascenseur, Piscine, Concierge, Façade extérieure, Salon européen, Antenne parabolique, Cheminée, Chauffage central, Sécurité, Double vitrage, Porte blindée, Cuisine équipée, Réfrigérateur, Four, Machine à laver, Micro-ondes",Golf City Prestigia – Appartement à vendre à Marrakech : Votre agence immobilière LYZ Marrakech Services vous propose à la vente. Cet à appartement à vendre se compose de : – 2 chambres et 2 salles de bains – Séjour avec coin cheminée donnant sur une belle terrasse. – Cuisine Séparée équipée avec buanderie. – Une grande terrasse couverte. – Places de Parking titrée et box ( 20 m2 ) Veuillez contacter votre conseiller en immobilier pour une éven...,https://www.mubawab-media.com/ad/8/093/551F/h/photo_00_79784263.avif,14,2026-09-30
8387887,Location appartement vide 2 chambres rez de jardin à l’agdal...,https://www.mubawab.ma/fr/a/8387887/location-appartement-vide-2-chambres-rez-de-jardin-%C3%A0-l%E2%80%99agdal-r%C3%A9sidence-avec-piscine,Location,Appartement,Marrakech,Agdal,Prix à consulter,,128m²,128,3 Pièces,2 Chambres,2 Salles de bains,"Jardin, Terrasse, Garage, Piscine, Chambre rangement, Salon européen, Antenne parabolique, Cheminée, Climatisation, Chauffage central, Sécurité, Double vitrage, Porte blindée, Cuisine équipée, Four, TV","Situé dans le quartier prisé d'Agdal à Marrakech, ce spacieux appartement de 128 m² offre un cadre de vie luxueux et confortable. Avec ses deux chambres et deux salles de bains, il est idéal pour une petite famille ou un couple cherchant un espace moderne et bien équipé. Le revêtement de sol en marbre apporte une élégance supplémentaire aux pièces, tandis que l'orientation sud assure une luminosité optimale tout au long de la journée. Le salon e...",https://www.mubawab-media.com/ad/8/387/887F/h/photo_0_82919012.avif,14,2026-09-30
8233195,Appartements à louer à Agdal,https://www.mubawab.ma/fr/a/8233195/appartements-%C3%A0-louer-%C3%A0-agdal,Location Vacances,Appartement,Marrakech,Agdal,800 DH,800,75m²,75,2 Pièces,1 Ch.,2 Salles de bains,"Jardin, Terrasse, Garage, Ascenseur, Piscine, Concierge, Façade extérieure, Salon européen, Antenne parabolique, Climatisation, Chauffage central, Double vitrage, Porte blindée, Cuisine équipée, Réfrigérateur, Four, TV, Machine à laver, Micro-ondes, Internet, Animaux domestiques autorisés","Appartement à louer pour des vacances de rêve. Prix 800DH. 2 pièces, 2 salles de bains, superficie 75 m². 1 chambre. Bon état. Type de sol: Marbre. Nombres de nuits minimum 2. Jardin privatif et terrasse. Dispose également d'un ascenseur et d'un garage. Très bel appartement saisonnier à Agdal. Confort et sécurité avec chauffage central, porte blindée et double vitrage. Confort et sécurité avec service de conciergerie, piscine et climatisation. ...",https://www.mubawab-media.com/ad/8/233/195F/h/photo_0_81213085.avif,13,2026-09-30
8313151,Appartement 2 chambres salon à prestigia agdal,https://www.mubawab.ma/fr/a/8313151/appartement-2-chambres-salon-%C3%A0-prestigia-agdal,Location Vacances,Appartement,Marrakech,Agdal,900 DH,900,105m²,105,3 Pièces,2 Chambres,2 Salles de bains,"Jardin, Terrasse, Garage, Ascenseur, Vue sur mer, Vue sur les montagnes, Piscine, Concierge, Façade extérieure, Salon européen, Antenne parabolique, Climatisation, Chauffage central, Sécurité, Double vitrage, Porte blindée, Cuisine équipée, Réfrigérateur, Four, TV, Machine à laver, Micro-ondes, Internet",Appartement 2 chambres salon haut standing avec une belle vue sur la picine à prestigia pour la location journalière,https://www.mubawab-media.com/ad/8/313/151F/h/a9a4525a-2853-45c4-ad5d-0d5ed1ec6943_82071139.avif,14,2026-09-30
7456327,Location d'un appartement à Agdal. Surface totale 80 m². Fen...,https://www.mubawab.ma/fr/a/7456327/location-d-un-appartement-%C3%A0-agdal-surface-totale-80-m%C2%B2-fen%C3%AAtres-avec-double-vitrage-et-porte-blind%C3%A9e,Location,Appartement,Marrakech,Agdal,1 000 DH,1000,80m²,80,3 Pièces,2 Chambres,2 Salles de bains,"Jardin, Terrasse, Vue sur les montagnes, Piscine, Concierge, Salon européen, Antenne parabolique, Climatisation, Chauffage central, Sécurité, Double vitrage, Porte blindée, Cuisine équipée, Réfrigérateur, Four, TV, Machine à laver, Micro-ondes, Internet","Appartement à louer pour des vacances de rêve. Prix 1 000 DH par jour. 3 pièces dont 2 chambres, 2 salles de bains, 80 m². Nouveau. Nombre minimum de nuitées 3. Profitez d'une vue magnifique sur les montagnes et du calme absolu avec fenêtres en double vitrage. Porte blindée et chauffage central. Très bel appartement saisonnier à Agdal. Nombreux équipements dont climatisation et piscine. La résidence dispose également d'un service de conciergerie...",https://www.mubawab-media.com/ad/7/456/327F/h/photo_0_82480255.avif,15,2026-09-30
8374856,Très bel appartement pour une location saisonnière à Agdal...,https://www.mubawab.ma/fr/a/8374856/tr%C3%A8s-bel-appartement-pour-une-location-saisonni%C3%A8re-%C3%A0-agdal-4-pi%C3%A8ces-prestation-de-conciergerie-belle-piscine,Location Vacances,Appartement,Marrakech,Agdal,1 200 DH,1200,110m²,110,4 Pièces,2 Chambres,2 Salles de bains,"Jardin, Terrasse, Garage, Vue sur les montagnes, Piscine, Concierge, Façade extérieure, Salon européen, Antenne parabolique, Cheminée, Climatisation, Chauffage central, Sécurité, Double vitrage, Porte blindée, Cuisine équipée, Réfrigérateur, Four, TV, Machine à laver, Micro-ondes, Internet, Animaux domestiques autorisés","Découvrez ce magnifique appartement à louer situé dans le prestigieux quartier d'Agdal à Marrakech, une région prisée pour sa tranquillité et son charme. Avec une superficie généreuse de 110 m², cet appartement est conçu pour offrir un confort optimal pour jusqu'à quatre personnes, comprenant deux chambres spacieuses et deux salles de bains modernes. Le salon européen est baigné de lumière naturelle, accentué par le marbre éclatant du sol, et s'...",https://www.mubawab-media.com/ad/8/374/856F/h/photo_0_82946076.avif,14,2026-09-30
8214705,Appartement à louer à Prestigia Golf city Ambre,https://www.mubawab.ma/fr/a/8214705/appartement-%C3%A0-louer-%C3%A0-prestigia-golf-city-ambre,Location,Appartement,Marrakech,Agdal,1 400 DH,1400,120m²,120,3 Pièces,2 Chambres,2 Salles de bains,"Jardin, Terrasse, Garage, Ascenseur, Piscine, Concierge, Meublé, Façade extérieure, Salon européen, Antenne parabolique, Cheminée, Climatisation, Chauffage central, Double vitrage, Porte blindée, Cuisine équipée, Réfrigérateur, Four, TV, Machine à laver, Micro-ondes","Agréable appartement à louer. Prix 14 000 DH. 3 pièces, 2 salles de bains, surface 120 m². 2 chambres. 2ème étage. Moins de 10 ans. Revêtement: Carrelage. Bien meublé. Venez découvrir cet appartement en location à Agdal. Nombreux équipements dont cheminée et piscine. La résidence dispose également d'un service de conciergerie. Dispose d'une terrasse, ascenseur et places de parking.",https://www.mubawab-media.com/ad/8/214/705F/h/photo_0_81013264.avif,16,2026-09-30
8423262,Villa de luxe Disponible pour sous location à Agdal. 9 pièce...,https://www.mubawab.ma/fr/a/8423262/villa-de-luxe-disponible-pour-sous-location-%C3%A0-agdal-9-pi%C3%A8ces-confortables-environnement-calme-avec-vue-sur-la-montagne-fen%C3%AAtre-double-vitrage,Location,Villa,Marrakech,Agdal,3 000 DH,3000,500m²,500,9 Pièces,5 Chambres,4 Salles de bains,"Jardin, Garage, Vue sur les montagnes, Piscine, Chambre rangement, Salon Marocain, Salon européen, Antenne parabolique, Climatisation, Double vitrage, Cuisine équipée, Réfrigérateur, Four, TV, Machine à laver, Micro-ondes, Internet, Animaux domestiques autorisés","Découvrez cette somptueuse villa située dans le prestigieux quartier d'Agdal, à Marrakech. Construit il y a entre 5 et 10 ans, ce luxueux domaine offre un équilibre parfait entre modernité et élégance. La propriété s'étend sur une parcelle de 700 m² et offre une surface habitable de 500 m². La villa dispose de cinq chambres spacieuses et quatre salles de bains bien aménagées. Les sols en parquet ajoutent une touche de chaleur et de sophisticatio...",https://www.mubawab-media.com/ad/8/423/262F/h/photo_00_83305081.avif,11,2026-09-30
8151297,Villa à Louer – Quartier Agdal,https://www.mubawab.ma/fr/a/8151297/villa-%C3%A0-louer-%E2%80%93-quartier-agdal,Location,Villa,Marrakech,Agdal,5 000 DH,5000,480m²,480,5 Pièces,4 Chambres,4 Salles de bains,"Jardin, Piscine, Entre-seul, Sécurité, Cuisine équipée","À Louer – Villa de prestige de 480 m² à Marrakech – Quartier Agdal Située dans l’un des quartiers résidentiels les plus recherchés de la ville, cette élégante villa de 480 m² offre un cadre de vie calme, sécurisé et parfaitement adapté à une clientèle en quête de confort et de standing. Distribution : Sous-sol : Cuisine moderne, spacieuse et entièrement équipée, avec une chambre fonctionnelle idéale pour le personnel ou un espace polyva...",https://www.mubawab-media.com/ad/8/151/297F/h/file_1748361833_5161635_80360694.avif,19,2026-09-30
8404501,Superbe appartement à louer à Agdal. 3 chambres agréables. M...,https://www.mubawab.ma/fr/a/8404501/superbe-appartement-%C3%A0-louer-%C3%A0-agdal-3-chambres-agr%C3%A9ables-meubl%C3%A9,Location,Appartement,Marrakech,Agdal,7 500 DH,7500,70m²,70,4 Pièces,3 Chambres,1 Salle de bain,"Ascenseur, Vue sur les montagnes, Concierge, Chambre rangement, Meublé, Salon européen, Climatisation, Sécurité, Cuisine équipée, Réfrigérateur, Four, TV, Machine à laver","Cet appartement à louer, situé dans le quartier prisé d'Agdal à Marrakech, offre une surface habitable de 70 m² et se trouve au quatrième étage d'un immeuble moderne avec ascenseur. La propriété, orientée à l'ouest, est contemporaine et bien entretenue, datant de seulement 1 à 5 ans. Avec trois pièces confortables, dont une chambre à coucher élégante et une salle de bain moderne, l'appartement présente un sol en marbre luxueux qui ajoute une touc...",https://www.mubawab-media.com/ad/8/404/501F/h/photo_00_83098564.avif,9,2026-09-21
8417229,Très beeu studio en location à prestigia Agdal. Meublé Vue,https://www.mubawab.ma/fr/a/8417229/tr%C3%A8s-beeu-studio-en-location-%C3%A0-prestigia-agdal-meubl%C3%A9-vue,Location,Studio,Marrakech,Agdal,8 000 DH,8000,48m²,48,1 Pièce,1 Ch.,1 Salle de bain,"Jardin, Terrasse, Garage, Vue sur les montagnes, Piscine, Concierge, Meublé, Façade extérieure, Salon Marocain, Salon européen, Antenne parabolique, Climatisation, Chauffage central, Sécurité, Double vitrage, Porte blindée, Cuisine équipée, Réfrigérateur, Four, TV, Machine à laver, Micro-ondes, Internet","Ce studio à louer, situé dans le quartier prisé prestigia d'Agdal à Marrakech, Maroc, offre une qualité de vie exceptionnelle. La propriété, datant d'environ 5 à 10 ans, présente un intérieur moderne avec un sol en parquet qui ajoute une touche d'élégance et de confort. de ce bâtiment propose un accès direct et facile, complété par des équipements haut de gamme. Doté de la climatisation et du chauffage, cet appartement assure un confort thermiqu...",https://www.mubawab-media.com/ad/8/417/229F/h/photo_0_83238564.avif,1,2026-09-30
8422741,Location d'un appartement à Agdal. 2 grandes pièces,https://www.mubawab.ma/fr/a/8422741/location-d-un-appartement-%C3%A0-agdal-2-grandes-pi%C3%A8ces,Location,Studio,Marrakech,Agdal,8 000 DH,8000,44m²,44,2 Pièces,1 Ch.,1 Salle de bain,"Meublé, Sécurité, Cuisine équipée","A LOUER - Studio Meuble 44 m2 - Prestigia Propose a la location un tres beau studio meuble de 44 m2, situe au 2e etage au sein de la residence Prestigia. Caracteristiques du bien : Superficie : 44 m2 Etage : 2e etage Amenagement : Salon lumineux Coin nuit / Chambre Salle de bain moderne Cuisine equipee Points forts : Mobilier et finitions de standing Residence securisee, calme et bien entretenue Conditions de location : Loyer : 8 000 DH...",https://www.mubawab-media.com/ad/8/422/741F/h/5ae56224-2d86-4a92-bdee-15bbcb0a34c9_83299355.avif,3,2026-09-30
8422756,Bel appartement en location à Agdal. 1 belle chambre,https://www.mubawab.ma/fr/a/8422756/bel-appartement-en-location-%C3%A0-agdal-1-belle-chambre,Location,Studio,Marrakech,Agdal,8 000 DH,8000,44m²,44,2 Pièces,1 Ch.,1 Salle de bain,"Meublé, Sécurité, Cuisine équipée","A LOUER - Studio Meuble 44 m2 - Prestigia Propose a la location un tres beau studio meuble de 44 m2, situe au 2e etage au sein de la residence Prestigia. Caracteristiques du bien : Superficie : 44 m2 Etage : 2e etage Amenagement : Salon lumineux Coin nuit / Chambre Salle de bain moderne Cuisine equipee Points forts : Mobilier et finitions de standing Residence securisee, calme et bien entretenue Conditions de location : Loyer : 8 000 DH...",https://www.mubawab-media.com/ad/8/422/756F/h/IMG_1845_83299535.avif,2,2026-09-30
8406021,Spacieux appartement à louer vide proche de l’agdal,https://www.mubawab.ma/fr/a/8406021/spacieux-appartement-%C3%A0-louer-vide-proche-de-l%E2%80%99agdal,Location,Appartement,Marrakech,Agdal,8 500 DH,8500,110m²,110,3 Pièces,2 Chambres,2 Salles de bains,"Terrasse, Garage, Vue sur les montagnes, Piscine, Concierge, Façade extérieure, Salon européen, Cheminée, Climatisation, Double vitrage, Porte blindée, Cuisine équipée, Réfrigérateur, Four, Machine à laver","Découvrez cet élégant appartement à louer situé dans le quartier prisé de Route de l'Ourika à Marrakech. Niché dans une résidence moderne de 5 à 10 ans d'ancienneté, cet appartement au premier étage offre une surface généreuse de 110 m². La propriété bénéficie d'une orientation sud, garantissant une luminosité naturelle abondante tout au long de la journée. Les sols en marbre ajoutent une touche de raffinement aux espaces de vie. Vous serez sédu...",https://www.mubawab-media.com/ad/8/406/021F/h/photo_0_83205040.avif,15,2026-09-30
8169132,Louez cet appartement à Agdal. Surface totale 50 m². Bien me...,https://www.mubawab.ma/fr/a/8169132/louez-cet-appartement-%C3%A0-agdal-surface-totale-50-m%C2%B2-bien-meubl%C3%A9,Location,Appartement,Marrakech,Agdal,8 500 DH,8500,50m²,50,2 Pièces,1 Ch.,1 Salle de bain,"Jardin, Terrasse, Garage, Ascenseur, Piscine, Concierge, Chambre rangement, Meublé, Façade extérieure, Salon européen, Climatisation, Cuisine équipée, Réfrigérateur, Four, TV, Machine à laver, Micro-ondes","Disponible le 1 septembre 2025 Ne laissez pas passer cet appartement à louer. Prix 8 500 DH. 2 pièces, 1 salle de bains, superficie 50 m². 1 chambre. 2ème étage. Moins de 10 ans. Revêtement: Parquet. Propriété entièrement meublée. Cet appartement est à louer à Agdal. Profitez d'une belle terrasse. Dispose également d'un ascenseur et d'un garage. Confort et sécurité avec service de conciergerie, piscine et climatisation. Machine à laver. Télévi...",https://www.mubawab-media.com/ad/8/169/132F/h/photo_00_80551303.avif,9,2026-09-30
8412455,Grand studio de 74m² a Louer a L'Agdal,https://www.mubawab.ma/fr/a/8412455/grand-studio-de-74m%C2%B2-a-louer-a-l-agdal,Location,Studio,Marrakech,Agdal,9 000 DH,9000,74m²,74,2 Pièces,1 Ch.,1 Salle de bain,"Terrasse, Garage, Piscine, Concierge, Meublé, Salon européen, Antenne parabolique, Climatisation, Cuisine équipée, Réfrigérateur, Four, TV, Machine à laver, Micro-ondes, Internet","Description : Votre agence immobilière HB-immo sur Marrakech à le plaisir de vous proposer un agréable et grand studio de 74m² situé au rdc dans une résidence avec piscine comprenant un grand salon avec sa cuisine américaine, une belle terrasse, buanderie, une chambre et une salle d’eau. Place de parking au sous-sol. NB : LA SOUS LOCATION EST STRICTEMENT INTERDITE. -JOIGNABLE AUX HEURES D’OUVERTURE DU LUNDI AU VENDREDI DE 9H a 17H30 ET LE SAME...",https://www.mubawab-media.com/ad/8/412/455F/h/IMG_6461_83184816.avif,21,2026-09-21
8417961,Bel appartement à Bd. Med 6 Meublé avec piscine,https://www.mubawab.ma/fr/a/8417961/bel-appartement-%C3%A0-bd-med-6-meubl%C3%A9-avec-piscine,Location,Appartement,Marrakech,Agdal,9 000 DH,9000,71m²,71,2 Pièces,1 Ch.,1 Salle de bain,"Jardin, Terrasse, Garage, Ascenseur, Piscine, Concierge, Chambre rangement, Meublé, Salon européen, Antenne parabolique, Climatisation, Sécurité, Double vitrage, Porte blindée, Cuisine équipée, Réfrigérateur, Four, TV, Machine à laver, Micro-ondes, Internet","Superbe appartement de 71 m² à louer – Agdal, Boulevard Mohammed VI (Marrakech) Situé au cœur de la prestigieuse zone touristique et résidentielle de l'Agdal, à deux pas du centre commercial (Mall) et à quelques minutes seulement du centre-ville, découvrez cet agréable appartement idéalement agencé au sein d'une résidence sécurisée haut de gamme. Caractéristiques du bien : * Superficie : 71 m² * Extérieurs : Belle terrasse privative et cour int...",https://www.mubawab-media.com/ad/8/417/961F/h/118393_83246402.avif,10,2026-09-21
8414252,Location d'un appartement à Agdal. Surface totale 79 m². Bie...,https://www.mubawab.ma/fr/a/8414252/location-d-un-appartement-%C3%A0-agdal-surface-totale-79-m%C2%B2-bien-meubl%C3%A9,Location,Appartement,Marrakech,Agdal,9 000 DH,9000,79m²,79,2 Pièces,1 Ch.,1 Salle de bain,"Terrasse, Meublé, Façade extérieure, Salon européen, Climatisation, Sécurité, Double vitrage, Cuisine équipée","Cet appartement moderne à Marrakech, situé dans le quartier prisé d'Agdal, représente l'opportunité idéale pour ceux qui recherchent confort et accessibilité. Avec une superficie de 79 m², la propriété montre un design contemporain et une finition haut de gamme. Le salon spacieux et lumineux, doté d'un parquet élégant et de la climatisation, offre un espace de vie chaleureux et accueillant. La cuisine est entièrement équipée, prête à satisfaire...",https://www.mubawab-media.com/ad/8/414/252F/h/photo_00_83205460.avif,10,2026-09-21
8417141,Appartement 1 chambre meublé location longue durée piscine,https://www.mubawab.ma/fr/a/8417141/appartement-1-chambre-meubl%C3%A9-location-longue-dur%C3%A9e-piscine,Location,Appartement,Marrakech,Agdal,9 000 DH,9000,45m²,45,2 Pièces,1 Ch.,1 Salle de bain,"Jardin, Terrasse, Garage, Piscine, Meublé, Salon européen, Antenne parabolique, Climatisation, Sécurité, Double vitrage, Porte blindée, Cuisine équipée, Réfrigérateur, Four, TV, Machine à laver, Micro-ondes","Cet appartement moderne à louer est situé dans le prestigieux quartier d'Agdal à Marrakech, à cinq à dix ans de son édification. S'étendant sur 45 m², il offre un cadre de vie contemporain et accueillant avec des sols en parquet élégants présents dans les principales pièces de vie. Cet hébergement comprend une chambre spacieuse et une salle de bains, idéal pour une personne seule ou un couple. L’appartement, orienté vers le sud, est lumineux et...",https://www.mubawab-media.com/ad/8/417/141F/h/photo_00_83237695.avif,10,2026-09-30
8416080,Studio Riad garden 1 chbres Agdal,https://www.mubawab.ma/fr/a/8416080/studio-riad-garden-1-chbres-agdal,Location,Riad,Marrakech,Agdal,9 000 DH,9000,60m²,60,2 Pièces,1 Ch.,1 Salle de bain,"Terrasse, Garage, Ascenseur, Piscine, Concierge, Chambre rangement, Meublé, Salon européen, Climatisation, Double vitrage, Cuisine équipée, Réfrigérateur, Four, TV, Machine à laver, Micro-ondes",residence piscine Agdal appartement de 60 m2 avec terrasse et parking sous sol 1 salle de bains cuisine équipée entièrement meuble,https://www.mubawab-media.com/ad/8/416/080F/h/WhatsApp_Image_2026-09-14_at_20.55.48_83227908.avif,14,2026-09-30
8296551,Magnifique rez de jardin 2 chambres – Agdal,https://www.mubawab.ma/fr/a/8296551/magnifique-rez-de-jardin-2-chambres-%E2%80%93-agdal,Location,Autre,Marrakech,Agdal,9 500 DH,9500,75m²,75,3 Pièces,2 Chambres,1 Salle de bain,"Jardin, Piscine, Concierge, Salon européen, Sécurité","Nous proposons à la location longue durée un superbe rez-de-jardin de 75 m2, situé au sein d’une résidence sécurisée avec espaces verts et piscine collective, idéalement implantée dans le quartier prisé de l’Agdal. Le bien se compose de : • Un salon lumineux • Une cuisine américaine • Deux chambres • Une salle de bain Conditions: 2 mois de caution 1 mois de loyer 1 mois de frais d'agence Pour plus d’informations veuillez nous contacter",https://www.mubawab-media.com/ad/8/296/551F/h/WhatsApp%20Image%202026-02-03%20at%2010.09.52%20%285%29_81894560.avif,21,2026-09-30
8183834,Agdal piscine F3 Piscine non meublé,https://www.mubawab.ma/fr/a/8183834/agdal-piscine-f3-piscine-non-meubl%C3%A9,Location,Appartement,Marrakech,Agdal,9 800 DH,9800,88m²,88,3 Pièces,2 Chambres,2 Salles de bains,"Jardin, Terrasse, Piscine, Meublé, Climatisation, Cuisine équipée, Four","Appartement non meuble il offre 2 Chambres , 2 SDB , salon, terrasse. cuisine avec buanderie bien situe a l agdal . L' appartement est destiné à la location longue durée en Habitation uniquement Loyer 9800 dh par mois",https://www.mubawab-media.com/ad/8/183/834F/h/5_81462549.avif,7,2026-09-30
8363752,Superbe appartement à louer vide à l'Agdal,https://www.mubawab.ma/fr/a/8363752/superbe-appartement-%C3%A0-louer-vide-%C3%A0-l-agdal,Location,Appartement,Marrakech,Agdal,10 000 DH,10000,105m²,105,3 Pièces,2 Chambres,2 Salles de bains,"Jardin, Terrasse, Garage, Ascenseur, Piscine, Concierge, Façade extérieure, Salon Marocain, Salon européen, Antenne parabolique, Cheminée, Climatisation, Sécurité, Four, Animaux domestiques autorisés","Cet appartement en location, situé dans le quartier prisé de L'Agdal à Marrakech, offre un espace de vie de 120 m² en excellent état. Composé de deux chambres et deux salles de bains, il propose tout le confort moderne avec une climatisation intégrée, une sécurité renforcée, et la possibilité d'accueillir des animaux. À l'extérieur, la résidence est entourée de magnifiques jardins, créant une oasis de tranquillité. Vous pourrez profiter d'une su...",https://www.mubawab-media.com/ad/8/363/752F/h/photo_0_82651491.avif,6,2026-09-30
8411746,Marrakech village Appartement à louer à Agdal. 2 belles cham...,https://www.mubawab.ma/fr/a/8411746/marrakech-village-appartement-%C3%A0-louer-%C3%A0-agdal-2-belles-chambres-avec-ascenseur-et-terrasse,Location,Appartement,Marrakech,Agdal,10 000 DH,10000,110m²,110,3 Pièces,2 Chambres,2 Salles de bains,"Terrasse, Garage, Ascenseur, Vue sur les montagnes, Concierge, Chambre rangement, Façade extérieure, Climatisation, Sécurité, Cuisine équipée, Réfrigérateur, Four, Micro-ondes, Animaux domestiques autorisés","Cet appartement exceptionnel à louer est situé dans le quartier prisé d'Agdal à Marrakech, offrant une vue imprenable sur les montagnes environnantes. Avec une superficie totale de 110 m², l'espace est optimisé pour un confort maximal, réparti sur un intérieur moderne avec des sols en marbre qui ajoutent une touche d'élégance aux salles de bains et une surface en parquet dans les pièces de vie et les chambres. La résidence comprend deux chambres...",https://www.mubawab-media.com/ad/8/411/746F/h/photo_0_83214943.avif,8,2026-09-30
8422362,Appartement neuf vide en location à prestigia chrifiya Agda...,https://www.mubawab.ma/fr/a/8422362/appartement-neuf-vide-en-location-%C3%A0-prestigia-chrifiya-agdal-surface-totale-85-m%C2%B2-r%C3%A9sidence-s%C3%A9curis%C3%A9e-calme-avec-vue-piscine-3-terrasses-ensoleill%C3%A9es,Location,Appartement,Marrakech,Agdal,10 000 DH,10000,85m²,85,1 Pièce,2 Chambres,2 Salles de bains,"Terrasse, Vue sur les montagnes, Piscine, Concierge, Climatisation, Chauffage central, Sécurité, Double vitrage, Porte blindée, Four, Internet","Découvrez ce charmant appartement neuf à louer vide dans le quartier prisé d'Agdal à prestigia Marrakech, offrant une vue imprenable sur les montagnes environnantes. Situé au premier étage d'un immeuble moderne, cet espace de vie de 85 m² combine confort et élégance, notamment grâce à des finitions en marbre de haute qualité. L'appartement dispose de deux chambres spacieuses et de deux salles de bains, idéales pour une famille ou des profession...",https://www.mubawab-media.com/ad/8/422/362F/h/photo_00_83295384.avif,6,2026-09-30
8422753,À LOUER – Appartement meublé 67 m² à Agdal,https://www.mubawab.ma/fr/a/8422753/%C3%A0-louer-%E2%80%93-appartement-meubl%C3%A9-67-m%C2%B2-%C3%A0-agdal,Location,Appartement,Marrakech,Agdal,10 000 DH,10000,67m²,67,2 Pièces,1 Ch.,1 Salle de bain,"Jardin, Terrasse, Garage, Piscine, Concierge, Chambre rangement, Meublé, Façade extérieure, Salon européen, Antenne parabolique, Chauffage central, Sécurité, Double vitrage, Porte blindée, Cuisine équipée, Four, TV, Machine à laver, Micro-ondes, Animaux domestiques autorisés","À louer longue durée , bel appartement meublé de 67 m², situé en rez-de-jardin dans une résidence calme, sécurisée et fermée, offrant un cadre de vie agréable et de belles prestations. L’appartement se compose de : * 1 chambre * 1 salon * 1 salle de bain * Terrasse * Rez-de-jardin * Appartement entièrement meublé La résidence dispose de : * Piscine * Salle de sport * Grand jardin * Parking en sous-sol * Résidence fermée et sécurisée Loyer :...",https://www.mubawab-media.com/ad/8/422/753F/h/933bdf1b-3e3a-41c3-bf6d-29699c1ba8c9_83299487.avif,13,2026-09-30
8421022,Superbe 1 chambre avec piscine Agdal,https://www.mubawab.ma/fr/a/8421022/superbe-1-chambre-avec-piscine-agdal,Location,Appartement,Marrakech,Agdal,10 000 DH,10000,68m²,68,3 Pièces,1 Ch.,1 Salle de bain,"Terrasse, Ascenseur, Piscine, Concierge, Meublé, Climatisation, Cuisine équipée, Réfrigérateur, Four, TV, Machine à laver","À louer en longue durée, magnifique appartement meublé de 68 m², situé dans une résidence de standing sécurisée avec piscine, au cœur du quartier recherché de l'Agdal. Soigné et décoré avec goût, cet appartement offre un cadre de vie calme, agréable et très confort. Il se compose de : Une belle pièce de vie lumineuse, aménagée avec goût et ouvrant sur l'extérieur. Une agréable terrasse aménagée, idéale pour profiter des beaux jours. Une cham...",https://www.mubawab-media.com/ad/8/421/022F/h/PHOTO-2026-09-22-16-21-24_18_83280477.avif,23,2026-09-30
8408366,Appartement meublé 1 chambre avec 2 terasses,https://www.mubawab.ma/fr/a/8408366/appartement-meubl%C3%A9-1-chambre-avec-2-terasses,Location,Appartement,Marrakech,Agdal,10 000 DH,10000,50m²,50,2 Pièces,1 Ch.,1 Salle de bain,"Jardin, Terrasse, Garage, Ascenseur, Piscine, Concierge, Chambre rangement, Meublé, Façade extérieure, Salon européen, Cheminée, Climatisation, Sécurité, Double vitrage, Cuisine équipée, Réfrigérateur, Four, TV, Machine à laver, Micro-ondes","À louer, bel appartement meublé d’environ 50 m², situé en rez-de-jardin dans une belle résidence sécurisée à Agdal, Marrakech. L’appartement dispose d’une chambre, d’un agréable espace de vie et de 2 terrasses offrant un espace extérieur appréciable. La résidence propose de nombreux équipements : piscine, salle de sport, parking et gardien, dans un environnement sécurisé et agréable. Loyer 11000DH Location longue durée minimum 1 an Hon...",https://www.mubawab-media.com/ad/8/408/366F/h/PHOTO-2026-08-31-13-00-29_83138007.avif,8,2026-09-30
8408695,Appartement à louer dans le Jardin de l'Atlas. Surface total...,https://www.mubawab.ma/fr/a/8408695/appartement-%C3%A0-louer-dans-le-jardin-de-l-atlas-surface-totale-70-m%C2%B2-meubl%C3%A9,Location,Appartement,Marrakech,Agdal,11 000 DH,11000,70m²,70,2 Pièces,2 Chambres,2 Salles de bains,"Jardin, Terrasse, Garage, Vue sur les montagnes, Piscine, Concierge, Meublé, Façade extérieure, Salon européen, Antenne parabolique, Climatisation, Sécurité, Cuisine équipée, Réfrigérateur, Four, TV, Machine à laver, Micro-ondes, Animaux domestiques autorisés","Appartement moderne à louer situé dans le quartier Agdal de Marrakech, âgé de 5 à 10 ans, alliant confort et élégance. Cet appartement est au premier étage et dispose de parquets dans les chambres. Il comprend deux chambres et deux salles de bain, ce qui le rend idéal pour les petites familles ou les couples à la recherche d'un espace spacieux et confortable. En plus de la climatisation et du chauffage, l'appartement dispose d'une cuisine entiè...",https://www.mubawab-media.com/ad/8/408/695F/h/photo_00_83141802.avif,21,2026-09-30
8421393,Superbe appartement à louer à Agdal. Surface 90 m². Climatis...,https://www.mubawab.ma/fr/a/8421393/superbe-appartement-%C3%A0-louer-%C3%A0-agdal-surface-90-m%C2%B2-climatisation-et-chemin%C3%A9e,Location,Appartement,Marrakech,Agdal,11 000 DH,11000,90m²,90,1 Pièce,2 Chambres,2 Salles de bains,"Jardin, Terrasse, Garage, Ascenseur, Piscine, Cheminée, Climatisation, Cuisine équipée, Réfrigérateur, Four, TV, Machine à laver, Internet","Situé dans le prestigieux quartier Agdal de Marrakech, cet appartement luxueux est niché au sein de la moderne Résidence Ennaim. Âgé de 1 à 5 ans, le bien offre une expérience de vie contemporaine agrémentée d'équipements de premier choix. S'étendant sur 90 mètres carrés, l'appartement dispose de deux chambres spacieuses et de deux salles de bains élégantes, le tout situé au troisième étage accessible par un ascenseur. L'intérieur présente un ma...",https://www.mubawab-media.com/ad/8/421/393F/h/photo_00_83288012.avif,32,2026-09-30
8349200,Appartement en location à Agdal. Surface de 90 m². Concierge...,https://www.mubawab.ma/fr/a/8349200/appartement-en-location-%C3%A0-agdal-surface-de-90-m%C2%B2-concierge-et-piscine,Location,Appartement,Marrakech,Agdal,11 000 DH,11000,90m²,90,6 Pièces,2 Chambres,2 Salles de bains,"Piscine, Concierge","Découvrez cet appartement à louer. Prix 11 000 DH. 3 chambres à coucher, 2 salles de bains, 90 m². 6 pièces. Jamais habité / rénové. Confort et sécurité avec service de conciergerie et piscine. Cet appartement est proposé à la location à Agdal, Marrakech",https://www.mubawab-media.com/ad/8/349/200F/h/photo_0_82456014.avif,10,2026-09-30
8417204,Superbe appartement à louer à Route de l'Ourika. Surface tot...,https://www.mubawab.ma/fr/a/8417204/superbe-appartement-%C3%A0-louer-%C3%A0-route-de-l-ourika-surface-totale-100-m%C2%B2-meubl%C3%A9,Location,Appartement,Marrakech,Agdal,11 000 DH,11000,100m²,100,4 Pièces,2 Chambres,2 Salles de bains,"Terrasse, Garage, Piscine, Chambre rangement, Meublé, Salon européen, Climatisation, Sécurité, Double vitrage, Cuisine équipée, Réfrigérateur, Four, TV, Machine à laver, Micro-ondes","Appartement moderne de 100 m², situé sur la Route de l’Ourika/Agdal à Marrakech, au 2ᵉ étage de la résidence Coralia récente avec sécurité 24h/24 et piscine. Il se compose de : * 2 chambres * 2 salles de bains * 1 salon / séjour et une grande terrasse * 1 cuisine entièrement équipée * 1 débarras * 1 garage privé L’appartement est entièrement meublé et équipé : linge de lit, climatisation, réfrigérateur, four, micro-ondes, machine à laver et...",https://www.mubawab-media.com/ad/8/417/204F/h/photo_0_83238408.avif,12,2026-09-30
8290611,Appartement idéal meublé à louer à Agdal,https://www.mubawab.ma/fr/a/8290611/appartement-id%C3%A9al-meubl%C3%A9-%C3%A0-louer-%C3%A0-agdal,Location,Appartement,Marrakech,Agdal,11 000 DH,11000,70m²,70,3 Pièces,1 Ch.,1 Salle de bain,"Jardin, Terrasse, Garage, Ascenseur, Piscine, Concierge, Chambre rangement, Meublé, Façade extérieure, Salon européen, Antenne parabolique, Climatisation, Sécurité, Double vitrage, Porte blindée, Cuisine équipée, Four, TV, Machine à laver, Micro-ondes, Internet, Animaux domestiques autorisés","Agréable appartement à louer. Prix 11 000 DH. 3 pièces, 1 chambre à coucher et une autre chambre avec un clic-clac, 1 salle de bain, il est bien agencé avec une climatisation centralisée, une piscine, une salle de sport et un parking sous-sol. Cet appartement est à louer à Agdal. Équipé d'une antenne parabolique et d'une porte blindée. La résidence est sécurisée. Nombreux équipements dont climatisation, wifi et piscine. La résidence dispose égale...",https://www.mubawab-media.com/ad/8/290/611F/h/photo_00_81828838.avif,9,2026-09-30
8307357,Appartement Meublé à louer – Prestigia Agdal – Résidence Gol...,https://www.mubawab.ma/fr/a/8307357/appartement-meubl%C3%A9-%C3%A0-louer-%E2%80%93-prestigia-agdal-%E2%80%93-r%C3%A9sidence-golf-%E2%80%93-marrakech,Location,Appartement,Marrakech,Agdal,11 000 DH,11000,69m²,69,3 Pièces,2 Chambres,2 Salles de bains,"Jardin, Terrasse, Garage, Vue sur les montagnes, Piscine, Concierge, Meublé, Façade extérieure, Salon Marocain, Antenne parabolique, Climatisation, Sécurité, Double vitrage, Porte blindée, Cuisine équipée, Réfrigérateur, Four, TV, Machine à laver, Micro-ondes, Animaux domestiques autorisés","L’agence Pics Atlas vous propose un appartement à louer situé au sein de la prestigieuse résidence Prestigia Agdal à Marrakech. Niché dans un environnement sécurisé et verdoyant avec vue sur golf, ce bien offre un cadre de vie haut standing alliant confort, calme et prestations de qualité. Caractéristiques principales • Étage : 2ᵉ étage • Résidence sécurisée avec golf • 3 piscines collectives • Superficie : 69 m² Composition 2 chambres - 1...",https://www.mubawab-media.com/ad/8/307/357F/h/1_82007233.avif,17,2026-09-30
8351718,Rez de jardin au cœur d'une oasis verdoyante à l'Agdal,https://www.mubawab.ma/fr/a/8351718/rez-de-jardin-au-c%C5%93ur-d-une-oasis-verdoyante-%C3%A0-l-agdal,Location,Appartement,Marrakech,Agdal,11 000 DH,11000,70m²,70,3 Pièces,2 Chambres,2 Salles de bains,"Jardin, Terrasse, Vue sur les montagnes, Piscine, Meublé","FOCH Real Estate vous propose à la location longue durée un superbe appartement non meublé en rez-de-jardin, idéalement situé dans le quartier très recherché de l’Agdal à Marrakech. Ce bien d'exception se distingue par son cadre de vie privilégié, offrant le parfait compromis entre l'intimité d'un extérieur privatif et le prestige d'une copropriété exclusive, sécurisée et idéalement située à proximité de toutes les commodités. L'espace de v...",https://www.mubawab-media.com/ad/8/351/718F/h/photo_02_82482454.avif,12,2026-09-30
8327057,Très bel appartement meublé au rez de chaussée avec un jardi...,https://www.mubawab.ma/fr/a/8327057/tr%C3%A8s-bel-appartement-meubl%C3%A9-au-rez-de-chauss%C3%A9e-avec-un-jardin,Location,Appartement,Marrakech,Agdal,11 000 DH,11000,112m²,112,3 Pièces,2 Chambres,2 Salles de bains,"Jardin, Terrasse, Garage, Vue sur les montagnes, Piscine, Concierge, Chambre rangement, Meublé, Façade extérieure, Salon européen, Cheminée, Climatisation, Sécurité, Double vitrage, Cuisine équipée, Réfrigérateur, Four, TV, Machine à laver, Micro-ondes, Animaux domestiques autorisés","Découvrez cet appartement à louer. Prix 11 000 DH. 2 chambres à coucher, 2 salles de bains, un salon contemporain, une cuisine entièrement équipée. Cet appartement est à louer à Agdal. Nombreux équipements dont climatisation et piscine. La résidence dispose également d'un service de conciergerie,. Les extérieurs se composent d'un jardin et d'une terrasse. Programmez dès maintenant votre visite pour cet appartement d'exception à Marrakech. Super...",https://www.mubawab-media.com/ad/8/327/057F/h/photo_00_82216895.avif,10,2026-09-30
8406234,Location d'un appartement à Riad Al Atlas. 3 grandes pièces...,https://www.mubawab.ma/fr/a/8406234/location-d-un-appartement-%C3%A0-riad-al-atlas-3-grandes-pi%C3%A8ces-r%C3%A9sidence-avec-concierge-climatisation-g%C3%A9n%C3%A9rale,Location,Riad,Marrakech,Agdal,11 500 DH,11500,85m²,85,3 Pièces,2 Chambres,2 Salles de bains,"Terrasse, Garage, Ascenseur, Piscine, Concierge, Chambre rangement, Salon européen, Climatisation, Chauffage central, Double vitrage, Cuisine équipée, Réfrigérateur, Four","Cet appartement à Marrakech, dans le quartier prisé de Agdal, offre une surface généreuse de 85 m² et est situé au deuxième étage d'un immeuble bien entretenu. La propriété se distingue par ses sols en marbre, ajoutant une touche de luxe et de sophistication, notamment dans le salon lumineux et les espaces communs. Avec deux chambres confortables et deux salles de bains modernes, l'une d'elles équipée d'une douche à l'italienne, l'espace assure c...",https://www.mubawab-media.com/ad/8/406/234F/h/photo_0_83118221.avif,19,2026-09-30
8344667,Agdal résidence piscine Location meublée,https://www.mubawab.ma/fr/a/8344667/agdal-r%C3%A9sidence-piscine-location-meubl%C3%A9e,Location,Appartement,Marrakech,Agdal,11 500 DH,11500,60m²,60,2 Pièces,1 Ch.,1 Salle de bain,"Jardin, Terrasse, Garage, Piscine, Concierge, Meublé, Salon européen, Climatisation, Cuisine équipée, Réfrigérateur, Four, TV, Machine à laver","Au sein d'une agréable résidence de standing avec piscine centrale et beau parc, cet appartement meublé profite d'une belle terrasse et une vue sur le jardin et la piscine. Il comprend une entrée, un double salon, une cuisine, une chambre et une salle de bains avec lave linge et wc. A 10 minutes de toutes les commodités, idéal pied à terre",https://www.mubawab-media.com/ad/8/344/667F/h/DSC_7088-HDR_82404229.avif,15,2026-09-30
8410186,Appartement meublé à louer piscine– Marrakech Agdal,https://www.mubawab.ma/fr/a/8410186/appartement-meubl%C3%A9-%C3%A0-louer-piscine%E2%80%93-marrakech-agdal,Location,Appartement,Marrakech,Agdal,12 000 DH,12000,92m²,92,3 Pièces,2 Chambres,2 Salles de bains,"Jardin, Terrasse, Garage, Ascenseur, Vue sur les montagnes, Piscine, Concierge, Chambre rangement, Meublé, Salon européen, Antenne parabolique, Climatisation, Sécurité, Cuisine équipée, Réfrigérateur, Four, TV, Machine à laver, Micro-ondes, Internet","À louer, bel appartement meublé de 92 m², situé au rez-de-chaussée d’une résidence avec piscine à Agdal, Marrakech. L’appartement se compose de : 2 chambres 2 salles de bain Un séjour confortablement aménagé Une cuisine équipée Un espace salle à manger Appartement entièrement meublé et prêt à habiter Agdal – Marrakech 92 m² 2 chambres 2 salles de bain Rez-de-chaussée 12 000 DH/mois",https://www.mubawab-media.com/ad/8/410/186F/h/photo_00_83159950.avif,19,2026-09-30
8423563,Bel appartement 2 chambres à louer longue durée piscine Agda...,https://www.mubawab.ma/fr/a/8423563/bel-appartement-2-chambres-%C3%A0-louer-longue-dur%C3%A9e-piscine-agdal-coralia-marrakech,Location,Appartement,Marrakech,Agdal,12 000 DH,12000,95m²,95,3 Pièces,2 Chambres,2 Salles de bains,"Jardin, Terrasse, Garage, Piscine, Concierge, Meublé, Façade extérieure, Salon européen, Antenne parabolique, Climatisation, Chauffage central, Sécurité, Double vitrage, Porte blindée, Cuisine équipée, Réfrigérateur, Four, TV, Machine à laver, Micro-ondes, Internet","Cet appartement élégant de 95 m², situé dans le quartier prisé d'Agdal à Marrakech, se distingue par sa modernité et son confort. Construit il y a 5 à 10 ans, il se trouve au deuxième étage d’un immeuble avec façade extérieure et orientation sud, garantissant une luminosité optimale toute la journée. À l'intérieur, on découvre un sol en marbre qui ajoute une touche de luxe. L'espace de vie principal est spacieux et accueillant, décoré avec goût...",https://www.mubawab-media.com/ad/8/423/563F/h/photo_0_83308555.avif,13,2026-09-30
8421683,Location d'un appartement à Agdal,https://www.mubawab.ma/fr/a/8421683/location-d-un-appartement-%C3%A0-agdal,Location,Appartement,Marrakech,Agdal,12 000 DH,12000,80m²,80,3 Pièces,2 Chambres,2 Salles de bains,"Ascenseur, Piscine, Meublé, Salon européen, Climatisation, Cuisine équipée, Réfrigérateur, Four, TV, Machine à laver","À LOUER – APPARTEMENT 2 CHAMBRES AGDAL À découvrir dans le secteur recherché de l’Agdal, appartement en location longue durée au sein d’une résidence avec piscine Caractéristiques : • 2 chambres • 2 salles de bain • Résidence avec piscine • Cadre agréable et résidentiel Loyer : 12 000 DHS / mois Conditions de location : • 2 mois de caution • 1 mois de loyer • Frais d’agence : 1 mois de loyer",https://www.mubawab-media.com/ad/8/421/683F/h/photo_00_83287456.avif,12,2026-09-30
8420694,Appartement à louer à Agdal,https://www.mubawab.ma/fr/a/8420694/appartement-%C3%A0-louer-%C3%A0-agdal,Location,Studio,Marrakech,Agdal,12 000 DH,12000,73m²,73,2 Pièces,1 Ch.,1 Salle de bain,"Jardin, Terrasse, Garage, Vue sur les montagnes, Piscine, Concierge, Chambre rangement, Meublé, Façade extérieure, Salon européen, Climatisation, Cuisine équipée","Studio de 73 m² à louer avec balcon à Agdal, Marrakech Situé au 1er étage dans le quartier touristique de l’Agdal à Marrakech, à côté de Morocco Mall, ce studio de 73 m² est proposé à la location dans une résidence de haut standing. Il comprend une chambre avec rangement, un salon avec salle à manger, une cuisine américaine équipée, une salle d’eau et une cour. La chambre et le salon disposent d’un balcon communiquant. L’architecture contemporain...",https://www.mubawab-media.com/ad/8/420/694F/h/IMG_6152_83276608.avif,23,2026-09-30
8360123,"Appartement F2 élégant, meublé à louer Bv. M6",https://www.mubawab.ma/fr/a/8360123/appartement-f2-%C3%A9l%C3%A9gant-meubl%C3%A9-%C3%A0-louer-bv-m6,Location,Appartement,Marrakech,Agdal,12 000 DH,12000,93m²,93,2 Pièces,1 Ch.,1 Salle de bain,"Terrasse, Garage, Piscine, Concierge, Meublé, Façade extérieure, Salon Marocain, Salon européen, Climatisation, Sécurité, Cuisine équipée, Réfrigérateur, Four, TV, Machine à laver, Internet","Appartement élégant avec grandes terrasses — Agdal, Boulevard Mohammed VI HBD Real Estate vous propose à la location un élégant appartement 1 chambre, idéalement situé à Agdal, sur le prestigieux Boulevard Mohammed VI. À seulement 1 minute à pied du Morocco Mall, cet appartement bénéficie d’un emplacement privilégié, à proximité immédiate des commerces, restaurants et principales commodités de Marrakech. D’une superficie de 73 m² habitables, c...",https://www.mubawab-media.com/ad/8/360/123F/h/1a45b4f1-f46c-4755-ae9e-0430a4d1399c_83222975.avif,25,2026-09-30
8418394,Appartement en location à Agdal. Superficie 80 m². Double vi...,https://www.mubawab.ma/fr/a/8418394/appartement-en-location-%C3%A0-agdal-superficie-80-m%C2%B2-double-vitrage-et-porte-blind%C3%A9e,Location,Appartement,Marrakech,Agdal,12 000 DH,12000,80m²,80,3 Pièces,2 Chambres,2 Salles de bains,"Terrasse, Garage, Ascenseur, Concierge, Façade extérieure, Salon européen, Climatisation, Chauffage central, Sécurité, Double vitrage, Porte blindée, Cuisine équipée","Cet appartement moderne et élégant est situé dans le quartier prisé d'Agdal à Marrakech. Avec ses 80 m², il se trouve au premier étage d'un immeuble récent (1 à 5 ans) disposant d'un ascenseur, ce qui garantit un accès facile et pratique. L'appartement comprend deux chambres spacieuses et deux salles de bains, offrant un cadre de vie confortable et pratique pour les locataires. Le salon lumineux et aéré s'ouvre sur une grande terrasse, idéale po...",https://www.mubawab-media.com/ad/8/418/394F/h/photo_00_83251340.avif,16,2026-09-30
8417766,Studio moderne à louer au rez de chaussée – Agdal,https://www.mubawab.ma/fr/a/8417766/studio-moderne-%C3%A0-louer-au-rez-de-chauss%C3%A9e-%E2%80%93-agdal,Location,Studio,Marrakech,Agdal,12 000 DH,12000,73m²,73,2 Pièces,1 Ch.,1 Salle de bain,"Terrasse, Piscine, Meublé, Climatisation, Sécurité, Cuisine équipée","Appartement moderne à louer – Agdal Appartement neuf, moderne et entièrement meublé, situé dans une résidence sécurisée avec piscine, au cœur du quartier Agdal, un secteur moderne et proche du centre-ville. * Superficie : 90 m² avec terrasse et balcon * 1 chambre * Salon moderne * Cuisine équipée * Résidence sécurisée avec piscine * Quartier calme et moderne, proche du centre Loyer : 12 000 DH/mois Caution : 2 mois Frais d’agence : 1 mois",https://www.mubawab-media.com/ad/8/417/766F/h/photo_00_83244212.avif,18,2026-09-30
8329012,LOCATION Appartement 2 chambres Coralia,https://www.mubawab.ma/fr/a/8329012/location-appartement-2-chambres-coralia,Location,Appartement,Marrakech,Agdal,12 000 DH,12000,90m²,90,2 Pièces,2 Chambres,2 Salles de bains,"Terrasse, Piscine, Concierge, Meublé, Salon européen, Climatisation, Sécurité, Cuisine équipée, Réfrigérateur, Four, TV, Machine à laver","LOCATION – Appartement meublé 2 chambres 80 m² – Coralia , Agdal Appartement moderne situé au sein de la résidence Coralia à Agdal, offrant un cadre de vie sécurisé.. Caractéristiques : •⁠ ⁠Superficie : 80 m² •⁠ ⁠2 chambres •⁠ ⁠2 salles de bain •⁠ ⁠Salon et salle à manger lumineux •⁠ ⁠Cuisine entièrement équipée •⁠ ⁠Terrasse •⁠ ⁠Appartement entièrement meublé •⁠ ⁠Résidence sécurisée •⁠ ⁠Piscine Loyer : 12 000 DHS / mois Conditi...",https://www.mubawab-media.com/ad/8/329/012F/h/thumb_126127_property_large_82237981.avif,14,2026-09-30
8371839,Appart meublé piscine près Av M6 route Ourika,https://www.mubawab.ma/fr/a/8371839/appart-meubl%C3%A9-piscine-pr%C3%A8s-av-m6-route-ourika,Location,Appartement,Marrakech,Agdal,12 000 DH,12000,80m²,80,3 Pièces,2 Chambres,2 Salles de bains,"Jardin, Terrasse, Garage, Piscine, Meublé","Vous rêvez de vivre dans l’adresse la plus prestigieuse et dynamique de Marrakech ? Découvrez ce véritable bijou niché au cœur de la zone touristique de l’Agdal, là où le luxe, le confort et le style de vie se rencontrent. UN EMPLACEMENT STRATÉGIQUE & ULTRA-PRISÉ Vivre ici, c'est appartenir à une communauté privilégiée, au centre de toutes les attractions majeures de Marrakech, sur la route menant vers la sublime vallée de l’Ourika et à deux...",https://www.mubawab-media.com/ad/8/371/839F/h/1_82741002.avif,32,2026-09-30
8413291,Bel appartement en location à Riad Al Atlas. Superficie 70 m...,https://www.mubawab.ma/fr/a/8413291/bel-appartement-en-location-%C3%A0-riad-al-atlas-superficie-70-m%C2%B2-meubl%C3%A9,Location,Riad,Marrakech,Agdal,12 000 DH,12000,70m²,70,3 Pièces,2 Chambres,1 Salle de bain,"Jardin, Terrasse, Garage, Ascenseur, Piscine, Concierge, Chambre rangement, Meublé, Salon européen, Climatisation, Sécurité, Double vitrage, Cuisine équipée, Réfrigérateur, Four, TV, Machine à laver, Micro-ondes","Appartement de charme au cœur d’Agdal — Marrakech Niché dans le quartier prisé d’Agdal, cet appartement de 70 m² au premier étage vous offre un cadre de vie moderne et lumineux. Le salon-séjour, aux sols en marbre, bénéficie d’une grande baie vitrée coulissante laissant entrer une belle lumière naturelle et offrant une vue sur la végétation environnante. Un intérieur pensé pour le confort L’appartement compte deux chambres : une chambre avec l...",https://www.mubawab-media.com/ad/8/413/291F/h/photo_0_83194379.avif,10,2026-09-30
8364517,Appartement à louer à Agdal. 2 belles chambres. Meublé,https://www.mubawab.ma/fr/a/8364517/appartement-%C3%A0-louer-%C3%A0-agdal-2-belles-chambres-meubl%C3%A9,Location,Appartement,Marrakech,Agdal,12 000 DH,12000,80m²,80,3 Pièces,2 Chambres,2 Salles de bains,"Terrasse, Piscine, Concierge, Meublé, Salon européen, Antenne parabolique, Climatisation, Chauffage central, Sécurité, Double vitrage, Porte blindée, Cuisine équipée, Réfrigérateur, Four, TV, Machine à laver, Micro-ondes, Internet","Cet appartement en location est idéalement situé dans le quartier prisé d'Agdal, à Marrakech. Offrant une surface de 80 m², cette propriété se situe au deuxième étage d'un bâtiment moderne et bien entretenu. Les sols en parquet ajoutent une touche d'élégance aux espaces de vie, notamment dans le salon spacieux, qui bénéficie d'une belle lumière naturelle grâce à ses grandes fenêtres. La propriété dispose de deux chambres, chacune aménagée de faç...",https://www.mubawab-media.com/ad/8/364/517F/h/photo_0_82660105.avif,10,2026-09-30
8406965,Location d'un appartement à Agdal. Surface de 108 m². Meub...,https://www.mubawab.ma/fr/a/8406965/location-d-un-appartement-%C3%A0-agdal-surface-de-108-m%C2%B2-meubl%C3%A9,Location,Appartement,Marrakech,Agdal,12 000 DH,12000,108m²,108,3 Pièces,2 Chambres,2 Salles de bains,"Jardin, Terrasse, Garage, Ascenseur, Piscine, Concierge, Meublé, Façade extérieure, Salon européen, Cheminée, Climatisation, Chauffage central, Sécurité, Double vitrage, Cuisine équipée, Réfrigérateur, Four, TV, Machine à laver, Micro-ondes","Découvrez ce superbe appartement en location situé dans le quartier prisé d'Agdal à Marrakech, au sein de la résidence Ennaim. La propriété, d'une superficie de 108 m², offre un cadre de vie confortable et moderne avec deux chambres spacieuses et deux salles de bains élégamment aménagées. Le sol en marbre, présent dans toutes les pièces, apporte une touche de sophistication à l'ensemble. L'appartement, situé au rez-de-chaussée, dispose de nombre...",https://www.mubawab-media.com/ad/8/406/965F/h/photo_0_83125885.avif,15,2026-09-30
8405089,"Appartement à Louer de 92.0 m² à Marrakech, Agdal",https://www.mubawab.ma/fr/a/8405089/appartement-%C3%A0-louer-de-92-0-m%C2%B2-%C3%A0-marrakech-agdal,Location,Appartement,Marrakech,Agdal,12 000 DH,12000,92m²,92,4 Pièces,2 Chambres,3 Salles de bains,"Jardin, Garage, Meublé","À louer, bel appartement de 92 m² situé dans le quartier prisé de l'Agdal à Marrakech. Ce bien comprend 2 chambres spacieuses et 2 salles de bain, idéal pour un cadre de vie confortable. L'immeuble de 3 étages offre un environnement calme et agréable. Loyer mensuel : 12 000 Dhs. Ne manquez pas cette opportunité!",https://www.mubawab-media.com/ad/8/405/089F/h/image_607437906_83110531.avif,13,2026-09-30
8386907,"Appartement 2 chambres avec vue piscine, Agdal",https://www.mubawab.ma/fr/a/8386907/appartement-2-chambres-avec-vue-piscine-agdal,Location,Riad,Marrakech,Agdal,12 000 DH,12000,90m²,90,3 Pièces,2 Chambres,2 Salles de bains,"Jardin, Terrasse, Garage, Ascenseur, Piscine, Chambre rangement","Situé au sein de la résidence Riad Garden à Agdal, cet appartement de 90 m² offre un cadre de vie agréable avec une belle vue sur la piscine, dans un environnement calme et sécurisé. Caractéristiques : • Surface : 90 m² • 2 chambres • Salon lumineux • 2 salles de bain • Terrasse Atouts : • Vue sur la piscine • Résidence avec jardin paysager • Grande piscine • Parking en sous-sol • Ascenseur • Enviro...",https://www.mubawab-media.com/ad/8/386/907F/h/3_82907965.avif,10,2026-09-30
8360636,Appartement pour la sous location a agdal,https://www.mubawab.ma/fr/a/8360636/appartement-pour-la-sous-location-a-agdal,Location,Appartement,Marrakech,Agdal,12 000 DH,12000,98m²,98,4 Pièces,2 Chambres,2 Salles de bains,"Jardin, Terrasse, Garage, Vue sur les montagnes, Piscine, Concierge, Façade extérieure, Salon européen, Climatisation, Chauffage central, Sécurité, Cuisine équipée","Appartement à louer en longue durée – Agdal Marrakech Disponible dès maintenant, superbe appartement situé dans une résidence sécurisée avec parking privé, et piscine . Au rez de chaussée Caractéristiques : • Surface : 88 m² • Nombre de pièces : 3 (2 chambres, salon lumineux) • Salle de bains : 2 • Terrasse spacieuse avec vue dégagée • Cuisine entièrement équipée • Climatisation et chauffage • Place de parking privée sécurisée ...",https://www.mubawab-media.com/ad/8/360/636F/h/667866065_1486928276688933_2311696250371870863_n_82579727.avif,8,2026-09-30
8359369,Appartement au rez de jardin à louer à Agdal,https://www.mubawab.ma/fr/a/8359369/appartement-au-rez-de-jardin-%C3%A0-louer-%C3%A0-agdal,Location,Appartement,Marrakech,Agdal,12 000 DH,12000,90m²,90,2 Pièces,1 Ch.,1 Salle de bain,"Jardin, Piscine, Concierge, Meublé, Salon européen, Climatisation, Sécurité, Cuisine équipée, Réfrigérateur, Four, TV, Machine à laver","Appartement T2 au rez-de-jardin à louer à Agdal, Situé dans une résidence calme, sécurisée et soigneusement entretenue, dotée d’une piscine et de jardins verdoyants, l’agence immobilière Marrakesh Opportunity vous propose à la location un élégant appartement meublé moderne au rez-de-jardin. Ce bien raffiné se compose d’un salon contemporain lumineux, d’une salle à manger ouverte sur le jardin avec une agréable vue sur la piscine, d’une cuisine e...",https://www.mubawab-media.com/ad/8/359/369F/h/b69268e4-7445-4dbb-a490-defb4f903eb6_82566226.avif,14,2026-09-30
8336855,Bel appartement en location à Marrakech,https://www.mubawab.ma/fr/a/8336855/bel-appartement-en-location-%C3%A0-marrakech,Location,Appartement,Marrakech,Agdal,12 000 DH,12000,100m²,100,3 Pièces,2 Chambres,2 Salles de bains,"Terrasse, Garage, Ascenseur, Piscine, Concierge, Façade extérieure, Salon européen, Antenne parabolique, Climatisation, Chauffage central, Double vitrage, Porte blindée, Cuisine équipée, Réfrigérateur, Four, TV, Machine à laver","Appartement idéal en location. Prix 12 000 DH. 3 pièces, 2 salles de bains, 100 m². 2 chambres. 1er étage. Moins de 5 ans. Type de sol: Marbre. Confort et sécurité avec service de conciergerie, piscine et climatisation. Cet appartement est proposé à la location à Agdal. Confort et sécurité avec chauffage central, porte blindée et double vitrage. Profitez d'une belle terrasse. Dispose également d'un ascenseur. Programmez dès maintenant votre vis...",https://www.mubawab-media.com/ad/8/336/855F/h/photo_0_82318815.avif,15,2026-09-30
8272000,Appartement agdal a louer longue duree,https://www.mubawab.ma/fr/a/8272000/appartement-agdal-a-louer-longue-duree,Location,Appartement,Marrakech,Agdal,12 000 DH,12000,84m²,84,3 Pièces,2 Chambres,1 Salle de bain,"Garage, Piscine, Meublé, Salon européen, Climatisation, Sécurité, Cuisine équipée","Notre Agence, Le Comptoir De L’immobilier, à Marrakech, vous présente cet appartement mis tout dernièrement en location, longue durée, comprenant deux chambres, salle de bain, entièrement meublé et équipé dans une résidence sécurisée à deux pas du centre de Marrakech. Piscine, climatisation",https://www.mubawab-media.com/ad/8/272/000F/h/Agdal-location-piscine-immo-agence-appartement-maroc-marrakech%20%20%281%29_81629787.avif,13,2026-09-30
8346666,Location d'un appartement à Agdal. 1 chambre. Bien meublé,https://www.mubawab.ma/fr/a/8346666/location-d-un-appartement-%C3%A0-agdal-1-chambre-bien-meubl%C3%A9,Location,Appartement,Marrakech,Agdal,12 000 DH,12000,85m²,85,2 Pièces,1 Ch.,1 Salle de bain,"Jardin, Terrasse, Garage, Piscine, Meublé, Salon européen, Climatisation","Appartement rez de jardin en location à saisir. Prix 12 000 DH. 2 pièces, 1 salle de bains, surface 85 m². 1 chambre à coucher. Bon état / habitable. Propriété entièrement meublée. Venez découvrir cet appartement en location à Agdal. Les extérieurs sont constitués d'un jardin et d'une terrasse. Un garage est également à votre disposition. Profitez du confort de la climatisation. La résidence dispose également d'une piscine.",https://www.mubawab-media.com/ad/8/346/666F/h/photo_00_82425625.avif,21,2026-09-30
8109489,Très bel appartement en location Agdal,https://www.mubawab.ma/fr/a/8109489/tr%C3%A8s-bel-appartement-en-location-agdal,Location,Appartement,Marrakech,Agdal,12 000 DH,12000,90m²,90,3 Pièces,2 Chambres,2 Salles de bains,"Jardin, Terrasse, Garage, Ascenseur, Piscine, Concierge, Salon européen, Antenne parabolique, Climatisation, Chauffage central, Double vitrage, Porte blindée, Cuisine équipée, Réfrigérateur, Four, TV, Machine à laver, Micro-ondes","Agréable appartement à louer. Prix 12 000 DH. 2 chambres à coucher, 2 salles de bains, 90 m². 3 pièces. 1er étage. Moins de 5 ans. Type de sol: Marbre. Appréciez le confort de la climatisation. La résidence dispose également d'un service de concierge et d'une piscine. Venez découvrir cet appartement en location à Agdal. Dispose d'une terrasse, ascenseur et places de parking. Confort et sécurité avec chauffage central, porte blindée et double vit...",https://www.mubawab-media.com/ad/8/109/489F/h/photo_0_82311547.avif,16,2026-09-30
8362351,Appartement à louer à Agdal. 2 chambres. Bien meublé,https://www.mubawab.ma/fr/a/8362351/appartement-%C3%A0-louer-%C3%A0-agdal-2-chambres-bien-meubl%C3%A9,Location,Riad,Marrakech,Agdal,12 500 DH,12500,110m²,110,2 Pièces,2 Chambres,2 Salles de bains,"Terrasse, Piscine, Meublé, Façade extérieure, Climatisation, Sécurité, Cuisine équipée, TV, Machine à laver","Cet appartement à louer, situé dans le quartier prisé d'Agdal à Marrakech, résidence Riad Garden, offre un cadre de vie confortable et moderne. Avec une superficie de 110 m², il se trouve au rez-de-chaussée et dispose de deux chambres et deux salles de bain, affichant une orientation ouest qui assure une belle luminosité naturelle tout au long de la journée. Ce bien, âgé de 5 à 10 ans, est en bon état et prêt à être habité. L'intérieur de l'appa...",https://www.mubawab-media.com/ad/8/362/351F/h/photo_00_83263173.avif,12,2026-09-21
8415306,A louer studio haut standing agdal,https://www.mubawab.ma/fr/a/8415306/a-louer-studio-haut-standing-agdal,Location,Studio,Marrakech,Agdal,12 500 DH,12500,90m²,90,1 Pièce,1 Ch.,1 Salle de bain,"Terrasse, Garage, Piscine, Meublé, Cuisine équipée","A LOUER - STUDIO HAUT STANDING - AGDAL Découvrez ce studio de haut standing situé dans le quartier prisé de l'Agdal à Marrakech. Ce bien, proposé entièrement meublé, offre une surface habitable de 73 m² pour une surface totale de 90 m². Il se distingue par ses prestations modernes, ses volumes soignés et son agencement optimisé, garantissant un confort de vie quotidien au sein d'une résidence de qualité. Le logement bénéficie d'une cuisine e...",https://www.mubawab-media.com/ad/8/415/306F/h/thumb_162173_property_large_83216576.avif,11,2026-09-30
8422897,Un cocon lumineux à l’Agdal,https://www.mubawab.ma/fr/a/8422897/un-cocon-lumineux-%C3%A0-l%E2%80%99agdal,Location,Appartement,Marrakech,Agdal,12 500 DH,12500,66m²,66,3 Pièces,2 Chambres,1 Salle de bain,"Terrasse, Garage, Sécurité, Cuisine équipée, Réfrigérateur, Four, TV, Machine à laver","FOCH Real Estate - Marrakech est heureux de vous présenter cet appartement à la location longue durée, situé dans une résidence sécurisée au cœur du quartier recherché de l’Agdal. Cet appartement contemporain et lumineux offre deux chambres bien agencées, idéales pour un cadre de vie confortable, ainsi qu'une salle de bain élégante et fonctionnelle. Le bien se distingue par son superbe salon baigné de lumière naturelle grâce à une grande baie v...",https://www.mubawab-media.com/ad/8/422/897F/h/photo_0_83301318.avif,15,2026-09-30
7997440,Joli appartement 2 chambres meublé Agdal,https://www.mubawab.ma/fr/a/7997440/joli-appartement-2-chambres-meubl%C3%A9-agdal,Location,Appartement,Marrakech,Agdal,12 500 DH,12500,120m²,120,2 Pièces,2 Chambres,2 Salles de bains,"Terrasse, Garage, Piscine, Concierge, Meublé, Façade extérieure, Salon européen, Cheminée, Climatisation, Chauffage central, Sécurité, Cuisine équipée, Réfrigérateur, Four, TV, Machine à laver, Micro-ondes, Internet","- MAGNIFIQUE APPARTEMENT 2 CHAMBRES MEUBLÉE MODERNE À LOUER-MARRAKECH : - je vous propose à la location longue durée un agréable et spacieux appartement 2 chambres meublé moderne avec goût.Au niveau du 2 eme étage le dernier d’une résidence fermée haut de gamme avec piscine,il se trouve dans la zone touristique Agdal ,située l’appartement sur l’avenue Mohammed 6,proche de Ménara mall et mazar,situé AV.Mohammed 6, il se composé de : -...",https://www.mubawab-media.com/ad/7/997/440F/h/photo_00_83071598.avif,18,2026-09-30
8425685,Bel appartement en location meublée à Agdal,https://www.mubawab.ma/fr/a/8425685/bel-appartement-en-location-meubl%C3%A9e-%C3%A0-agdal,Location,Appartement,Marrakech,Agdal,12 500 DH,12500,77m²,77,3 Pièces,2 Chambres,2 Salles de bains,"Terrasse, Meublé, Sécurité, Cuisine équipée","Superbe Appartement Meublé à Louer – Prestigia Découvrez ce magnifique appartement meublé de 77 m² idéalement situé au 2ème étage dans la résidence sécurisée de Prestigia. Caractéristiques du bien : • Salon lumineux, élégant et entièrement meublé • Suite parentale avec lit double, rangements et sa salle de bain privée • Deuxième chambre équipée et confortable • Deuxième salle de bain indépendante • Cuisine entièrement équipée et aménagée • Belle...",https://www.mubawab-media.com/ad/8/425/685F/h/fefed82e-1042-4710-aaa9-0f02c3b10876_83331712.avif,13,2026-09-30
8424733,Appartement à louer 2 ch Agdal,https://www.mubawab.ma/fr/a/8424733/appartement-%C3%A0-louer-2-ch-agdal,Location,Appartement,Marrakech,Agdal,12 500 DH,12500,75m²,75,2 Pièces,2 Chambres,1 Salle de bain,"Jardin, Garage, Ascenseur, Piscine, Concierge, Meublé, Salon européen, Climatisation, Double vitrage, Cuisine équipée, Réfrigérateur, Four, TV","Beautiful high-end furnished apartment available for long-term rent, ideally located in the sought-after Agdal district, within a secure residence offering a pleasant and green living environment. The apartment comprises an elegant living room, an open-plan American-style kitchen with a dining area, two bedrooms with built-in wardrobes, a shower room with toilet, and a balcony. It also benefits from an underground parking space. The residence...",https://www.mubawab-media.com/ad/8/424/733F/h/657462fd-079f-4b51-888f-d1d446be4f95_83321267.avif,12,2026-09-30
8421695,A louer appartement 2 ch coralia res les orangeers,https://www.mubawab.ma/fr/a/8421695/a-louer-appartement-2-ch-coralia-res-les-orangeers,Location,Appartement,Marrakech,Agdal,12 500 DH,12500,92m²,92,2 Pièces,2 Chambres,2 Salles de bains,"Terrasse, Garage, Meublé, Climatisation, Sécurité, Cuisine équipée","Appartement meublé à louer - Agdal, Marrakech Appartement meublé de 92 m² situé dans le quartier de l'Agdal à Marrakech. Ce bien est disponible immédiatement à la location. Le logement se situe au deuxième étage d'une résidence sécurisée avec service de conciergerie. Il comprend une cuisine équipée, deux chambres et deux salles de bains. L'appartement dispose également d'une terrasse, d'un parking, d'une pisicne et est équipé de la climatisatio...",https://www.mubawab-media.com/ad/8/421/695F/h/thumb_165072_property_xlarge_83287639.avif,14,2026-09-30
8387914,Appartement Spacieux de 90 m²,https://www.mubawab.ma/fr/a/8387914/appartement-spacieux-de-90-m%C2%B2,Location,Appartement,Marrakech,Agdal,12 500 DH,12500,90m²,90,3 Pièces,2 Chambres,2 Salles de bains,"Jardin, Terrasse, Garage, Ascenseur, Vue sur les montagnes, Piscine, Concierge, Façade extérieure, Antenne parabolique, Climatisation, Chauffage central, Sécurité, Double vitrage, Porte blindée, Réfrigérateur, Four, Machine à laver","et appartement spacieux de 90 m², nouvellement construit, est situé dans le quartier prisé d'Agdal à Marrakech. Situé au deuxième étage, il offre une vue imprenable sur le jardin et la piscine et bénéficie d'une orientation sud/est qui assure une luminosité naturelle abondante tout au long de la journée. À l'intérieur, le sol en marbre se déploie gracieusement dans les pièces à vivre, ajoutant une touche chaleureuse. Les deux chambres à coucher d...",https://www.mubawab-media.com/ad/8/387/914F/h/PHOTO-2026-07-22-15-30-02_82919274.avif,7,2026-09-30
8405040,Bel appartement a Louer a l'Agdal,https://www.mubawab.ma/fr/a/8405040/bel-appartement-a-louer-a-l-agdal,Location,Appartement,Marrakech,Agdal,13 000 DH,13000,92m²,92,3 Pièces,2 Chambres,2 Salles de bains,"Terrasse, Garage, Piscine, Concierge, Meublé, Salon européen, Antenne parabolique, Climatisation, Cuisine équipée, Réfrigérateur, Four, TV, Machine à laver, Micro-ondes, Internet","Description : Votre agence immobilière InMarrakech à le plaisir de vous proposer un appartement situé au 2e étage dans une résidence avec piscine comprenant un séjour avec une terrasse, deux chambres et deux salle d’eau, une cuisine avec buanderie -Place de Parking. NB : LA SOUS LOCATION EST STRICTEMENT INTERDITE. JOIGNABLE AUX HEURES D’OUVERTURE DU LUNDI AU VENDREDI DE 9H a 17H30 ET LE SAMEDI DE 9H A 13H. -N’hésitez pas à nous contacter au p...",https://www.mubawab-media.com/ad/8/405/040F/h/a1_83104232.avif,23,2026-09-21
8248134,Bel appartement en location à Agdal. 3 grandes pièces. Porte...,https://www.mubawab.ma/fr/a/8248134/bel-appartement-en-location-%C3%A0-agdal-3-grandes-pi%C3%A8ces-porte-blind%C3%A9e-et-r%C3%A9sidence-s%C3%A9curis%C3%A9e,Location,Appartement,Marrakech,Agdal,13 000 DH,13000,115m²,115,3 Pièces,2 Chambres,2 Salles de bains,"Jardin, Terrasse, Garage, Ascenseur, Vue sur les montagnes, Piscine, Concierge, Chambre rangement, Salon européen, Antenne parabolique, Cheminée, Climatisation, Chauffage central, Sécurité, Double vitrage, Porte blindée, Cuisine équipée, Réfrigérateur, Four, TV, Micro-ondes","Belles prestations pour cet appartement à louer. Prix 14 000 DH. 2 chambres, 2 salles de bains, 115 m². 3 pièces. Bon état. Parfaitement équipé avec porte blindée et double vitrage. Superbe vue sur les montagnes et chauffage central. Venez découvrir cet appartement en location à Agdal. Profitez d'une belle terrasse. Dispose également d'un ascenseur et d'un garage. Confortable et bien équipé avec piscine, cheminée et climatisation. Contactez-nou...",https://www.mubawab-media.com/ad/8/248/134F/h/photo_00_81369220.avif,9,2026-09-30
8424087,Appartement 2 chambres 104 m² avec piscine et parking Avenue...,https://www.mubawab.ma/fr/a/8424087/appartement-2-chambres-104-m%C2%B2-avec-piscine-et-parking-avenue-mohammed-vi-agdal,Location,Appartement,Marrakech,Agdal,13 000 DH,13000,104m²,104,3 Pièces,2 Chambres,2 Salles de bains,"Jardin, Garage, Ascenseur, Piscine, Concierge, Meublé, Salon européen, Antenne parabolique, Climatisation, Sécurité, Cuisine équipée, Réfrigérateur, Four, Machine à laver","Appartement 2 chambres 104 m² avec piscine et parking - Avenue Mohammed VI, Agdal Magnifique appartement lumineux de 104 m² situé sur la prestigieuse Avenue Mohammed VI à Agdal. Composition : · 2 chambres · Salon spacieux · Cuisine · Salle de bain Atouts : · Résidence avec grande piscine collective · Place de parking privée · Emplacement idéal au cœur d'Agdal, proche de toutes commodités Loyer : 13 000 DH/mois Frais d'agence : 1 mois de loye...",https://www.mubawab-media.com/ad/8/424/087F/h/photo_0_83313969.avif,12,2026-09-30
8360733,À louer: Joli Appartement 2 Chambres meublé à Agdal,https://www.mubawab.ma/fr/a/8360733/%C3%A0-louer-joli-appartement-2-chambres-meubl%C3%A9-%C3%A0-agdal,Location,Appartement,Marrakech,Agdal,13 000 DH,13000,98m²,98,3 Pièces,2 Chambres,2 Salles de bains,"Jardin, Terrasse, Garage, Piscine, Concierge, Meublé, Salon Marocain, Salon européen, Climatisation, Sécurité, Cuisine équipée, Réfrigérateur, Four, TV, Machine à laver, Internet","Découvrez ce bel appartement meublé, moderne et entièrement équipé, situé dans une résidence sécurisée et très bien située à Agdal, Marrakech, à seulement 2 minutes du futur Morocco Mall, Boulevard Mohamed 6. l’appartement se compose de : * 2 chambres, dont une avec terrasse * 2 salles de bains modernes avec douches à l’italienne * Un salon lumineux avec accès à une terrasse * Une cuisine moderne entièrement équipée * Mobilier contempor...",https://www.mubawab-media.com/ad/8/360/733F/h/WhatsApp_Image_2026-08-26_at_13.33.14-2_83168306.avif,10,2026-09-30
8424665,Superbe appartement meublé à louer à Agdal,https://www.mubawab.ma/fr/a/8424665/superbe-appartement-meubl%C3%A9-%C3%A0-louer-%C3%A0-agdal,Location,Appartement,Marrakech,Agdal,13 000 DH,13000,104m²,104,3 Pièces,2 Chambres,2 Salles de bains,"Jardin, Terrasse, Garage, Ascenseur, Piscine, Concierge, Chambre rangement, Meublé, Salon européen, Antenne parabolique, Cheminée, Climatisation, Sécurité, Double vitrage, Porte blindée, Cuisine équipée, Réfrigérateur, Four, TV, Machine à laver, Micro-ondes, Internet, Animaux domestiques autorisés","Cet appartement à Marrakech, situé dans le quartier recherché d'Agdal, allie confort moderne et élégance traditionnelle dans un environnement accueillant. il offre une surface généreuse de 104 m². Dès l’entrée, vous êtes accueilli par un salon spacieux et lumineux, équipé d'une cheminée, parfait pour des moments de détente. L'espace de vie bénéficie d'une belle luminosité grâce à son orientation sud. Il s'étend sur une terrasse charmante, idéale...",https://www.mubawab-media.com/ad/8/424/665F/h/photo_0_83320467.avif,13,2026-09-30
8424585,"Agdal – appartement meublé à louer, longue durée",https://www.mubawab.ma/fr/a/8424585/agdal-%E2%80%93-appartement-meubl%C3%A9-%C3%A0-louer-longue-dur%C3%A9e,Location,Appartement,Marrakech,Agdal,13 000 DH,13000,90m²,90,3 Pièces,2 Chambres,2 Salles de bains,"Terrasse, Piscine, Meublé","Situé dans le secteur de l’Agdal, au sein d’une résidence calme, sécurisée et familiale, cet appartement meublé bénéficie d’un emplacement agréable, à proximité de toutes les commodités. Il se compose de : * 2 chambres, dont une suite parentale * Un séjour lumineux * Une cuisine aménagée et équipée * Une belle terrasse avec vue sur la piscine La résidence dispose également d’une piscine et d’une salle de sport. Conditions de location : • 2 mo...",https://www.mubawab-media.com/ad/8/424/585F/h/photo_0_83319452.avif,17,2026-09-30
8391605,Appartement de luxe meublé à louer agdal,https://www.mubawab.ma/fr/a/8391605/appartement-de-luxe-meubl%C3%A9-%C3%A0-louer-agdal,Location,Appartement,Marrakech,Agdal,13 000 DH,13000,110m²,110,3 Pièces,2 Chambres,2 Salles de bains,"Terrasse, Garage, Ascenseur, Vue sur les montagnes, Piscine, Concierge, Chambre rangement, Meublé, Façade extérieure, Salon européen, Antenne parabolique, Cheminée, Climatisation, Chauffage central, Sécurité, Double vitrage, Porte blindée, Cuisine équipée, Réfrigérateur, Four, TV, Machine à laver, Micro-ondes, Internet, Animaux domestiques autorisés","Marrakech Expert Immo vous propose à la location ce magnifique appartement de luxe entièrement meublé, situé dans le prestigieux quartier de l'Agdal, au sein d'une résidence sécurisée avec piscine. Offrant des prestations haut de gamme, cet appartement est idéal pour les personnes à la recherche d'un cadre de vie élégant, confortable et paisible. D'une superficie de 110 m², ce bien se compose de deux chambres spacieuses, deux salles de bains mod...",https://www.mubawab-media.com/ad/8/391/605F/h/WhatsApp%20Image%202026-07-29%20at%2017.40.28_82959145.avif,18,2026-09-30
8146503,À louer Appartement Meublé avec terrasse Agdal Marrakech,https://www.mubawab.ma/fr/a/8146503/%C3%A0-louer-appartement-meubl%C3%A9-avec-terrasse-agdal-marrakech,Location,Appartement,Marrakech,Agdal,13 000 DH,13000,109m²,109,3 Pièces,2 Chambres,2 Salles de bains,"Jardin, Terrasse, Garage, Ascenseur, Vue sur les montagnes, Piscine, Concierge, Chambre rangement, Meublé, Salon Marocain, Salon européen, Antenne parabolique, Cheminée, Climatisation, Chauffage central, Sécurité, Porte blindée, Cuisine équipée, Réfrigérateur, Four, TV, Machine à laver, Micro-ondes, Animaux domestiques autorisés","Offrez vous un cadre de vie privilégié au sein d'une résidence sécurisée, calme et parfaitement entretenue, nichée dans le quartier recherché d'Agdal. Cet élégant appartement de plain-pied, entièrement meublé avec goût, allie confort, luminosité et qualité de vie. D'une superficie totale de 109 m², dont 18 m² de terrasses, il se compose de : • Un salon spacieux et lumineux, idéal pour recevoir ou se détendre • Deux belles chambres avec ran...",https://www.mubawab-media.com/ad/8/146/503F/h/thumb_47494_property_large_80359896.avif,17,2026-09-30
8424102,Appartement 2 chambres 104 m² avec piscine et parking Avenue...,https://www.mubawab.ma/fr/a/8424102/appartement-2-chambres-104-m%C2%B2-avec-piscine-et-parking-avenue-mohammed-vi-agdal,Location,Appartement,Marrakech,Agdal,13 000 DH,13000,104m²,104,3 Pièces,2 Chambres,2 Salles de bains,"Jardin, Garage, Ascenseur, Piscine, Concierge, Meublé, Façade extérieure, Salon européen, Antenne parabolique, Climatisation, Sécurité, Cuisine équipée","Appartement 2 chambres 104 m² avec piscine et parking - Avenue Mohammed VI, Agdal Magnifique appartement lumineux de 104 m² situé sur la prestigieuse Avenue Mohammed VI à Agdal. Composition : · 2 chambres · Salon spacieux · Cuisine · Salle de bain Atouts : · Résidence avec grande piscine collective · Place de parking privée · Emplacement idéal au cœur d'Agdal, proche de toutes commodités Loyer : 13 000 DH/mois Frais d'agence : 1 mois de loy...",https://www.mubawab-media.com/ad/8/424/102F/h/photo_0_83314037.avif,12,2026-09-30
8422276,Appartement à louer à Agdal. 2 chambres. Meublé,https://www.mubawab.ma/fr/a/8422276/appartement-%C3%A0-louer-%C3%A0-agdal-2-chambres-meubl%C3%A9,Location,Appartement,Marrakech,Agdal,13 000 DH,13000,80m²,80,2 Pièces,2 Chambres,2 Salles de bains,"Jardin, Terrasse, Garage, Vue sur les montagnes, Piscine, Concierge, Meublé, Façade extérieure, Salon européen, Antenne parabolique, Climatisation, Chauffage central, Sécurité, Double vitrage, Porte blindée, Cuisine équipée, Réfrigérateur, Four, TV, Machine à laver, Micro-ondes, Internet, Animaux domestiques autorisés","Appartement à louer à Agdal, Marrakech, d'une superficie de 80 mètres carrés et situé au premier étage, caractérisé par des finitions de haute qualité telles que des sols en marbre brillant et des vues imprenables sur les montagnes et des espaces extérieurs verdoyants. L'appartement dispose de deux chambres et de salles de bains élégantes équipées de douches en verre transparent et d'installations modernes. La cuisine est entièrement équipée...",https://www.mubawab-media.com/ad/8/422/276F/h/photo_00_83294318.avif,14,2026-09-30
8421694,A louer appartemenent 2 ch prestigia saphir,https://www.mubawab.ma/fr/a/8421694/a-louer-appartemenent-2-ch-prestigia-saphir,Location,Appartement,Marrakech,Agdal,13 000 DH,13000,70m²,70,2 Pièces,2 Chambres,,"Garage, Meublé","Appartement à louer - Marrakech, Agdal - Prestigia Saphir Appartement meublé disponible à la location situé dans le secteur de l'Agdal, au sein de la résidence Prestigia Saphir. Ce bien est situé au deuxième étage d'un immeuble résidentiel. Le logement comprend deux chambres et dispose d'une place de parking dédiée. Les conditions de location incluent le versement de deux mois de caution, d'un mois de loyer d'avance ainsi que des frais d'agence...",https://www.mubawab-media.com/ad/8/421/694F/h/thumb_165097_property_xlarge_83287627.avif,14,2026-09-30
8409821,Superbe appartement à louer à Agdal,https://www.mubawab.ma/fr/a/8409821/superbe-appartement-%C3%A0-louer-%C3%A0-agdal,Location,Appartement,Marrakech,Agdal,13 000 DH,13000,100m²,100,3 Pièces,2 Chambres,1 Salle de bain,"Terrasse, Piscine, Meublé, Climatisation, Cuisine équipée","Magnifique appartement très bien meublé situé à Agdal près du boulevard Mohamed VI, dans une résidence calme, sécurisée et haut standing avec piscine et salle de sport. Caractéristiques : • 2 chambres • 1 salles de bain • Terrasse • Cuisine entièrement équipée • Appartement entièrement meublé avec goût • Climatisation Résidence : • Sécurité 24h/24 • Piscine • Salle de sport • Environnement calme et agréable • Proche de toutes commodités Emplacem...",https://www.mubawab-media.com/ad/8/409/821F/h/photo_00_83155770.avif,13,2026-09-30
8371028,Superbe appartement de 92m2 résidence les orangers,https://www.mubawab.ma/fr/a/8371028/superbe-appartement-de-92m2-r%C3%A9sidence-les-orangers,Location,Appartement,Marrakech,Agdal,13 000 DH,13000,92m²,92,3 Pièces,2 Chambres,2 Salles de bains,"Jardin, Terrasse, Garage, Piscine, Concierge, Chambre rangement, Meublé, Façade extérieure, Salon Marocain, Salon européen, Antenne parabolique, Climatisation, Sécurité, Cuisine équipée, Réfrigérateur, Four, TV, Machine à laver, Micro-ondes, Animaux domestiques autorisés","Je mets en location (longue durée) un magnifique appartement haut standing entièrement meublé et équipé d'une superficie de 92 m², idéalement situé au 2ème étage de la Résidence fermée et sécurisée ""Coralia - Les Orangers"", sur le Boulevard Mohammed VI (Quartier Agdal). Bénéficiant d'une excellente orientation plein Sud, cet appartement est baigné de lumière naturelle tout au long de la journée. Le bien se compose de : Un grand salon spacieux et...",https://www.mubawab-media.com/ad/8/371/028F/h/6e54e6dc-fdc9-409b-9a44-1bb5d2195242_82732095.avif,12,2026-09-30
8410964,Appartement à louer à Agdal. 2 chambres agréables. Meublé,https://www.mubawab.ma/fr/a/8410964/appartement-%C3%A0-louer-%C3%A0-agdal-2-chambres-agr%C3%A9ables-meubl%C3%A9,Location,Appartement,Marrakech,Agdal,13 000 DH,13000,80m²,80,3 Pièces,2 Chambres,2 Salles de bains,"Jardin, Terrasse, Piscine, Meublé, Façade extérieure, Salon européen, Climatisation, Chauffage central, Sécurité, Double vitrage, Porte blindée, Cuisine équipée","Ce magnifique appartement à louer, de 80 m², se situe dans le prestigieux quartier d'Agdal à Marrakech. Bénéficiant d'une construction récente, il offre une expérience de vie moderne avec de nombreuses commodités. L'appartement est agrémenté d'un jardin privé et d'une terrasse spacieuse, parfaits pour profiter des journées ensoleillées et se détendre en plein air. À l'intérieur, la cuisine est entièrement équipée, mettant en avant des appareils...",https://www.mubawab-media.com/ad/8/410/964F/h/photo_00_83168076.avif,7,2026-09-30
8406495,Appartement à louer Agdal meublé,https://www.mubawab.ma/fr/a/8406495/appartement-%C3%A0-louer-agdal-meubl%C3%A9,Location,Appartement,Marrakech,Agdal,13 000 DH,13000,95m²,95,3 Pièces,2 Chambres,2 Salles de bains,"Jardin, Terrasse, Ascenseur, Piscine, Meublé, Sécurité, Cuisine équipée","Situé dans une très belle résidence sécurisée et parfaitement entretenue, à quelques minutes du boulevard Mohammed VI, cet agréable appartement meublé offre un cadre de vie calme et confortable. L’appartement est équipé d’un mobilier moderne et dispose d’un espace de vie lumineux ouvrant sur une jolie terrasse avec vue sur la piscine de la résidence. Les résidents bénéficient également de prestations de qualité : Grande piscine Salle de spor...",https://www.mubawab-media.com/ad/8/406/495F/h/photo_00_83121017.avif,18,2026-09-30
8406482,Location d'un appartement à Agdal,https://www.mubawab.ma/fr/a/8406482/location-d-un-appartement-%C3%A0-agdal,Location,Appartement,Marrakech,Agdal,13 000 DH,13000,95m²,95,3 Pièces,2 Chambres,2 Salles de bains,"Jardin, Terrasse, Piscine, Meublé, Sécurité, Cuisine équipée, Réfrigérateur, Four, TV","Situé dans une très belle résidence sécurisée et parfaitement entretenue, à quelques minutes du boulevard Mohammed VI, cet agréable appartement meublé offre un cadre de vie calme et confortable. L’appartement est équipé d’un mobilier moderne et dispose d’un espace de vie lumineux ouvrant sur une jolie terrasse avec vue sur la piscine de la résidence. Les résidents bénéficient également de prestations de qualité : Grande piscine Salle de spor...",https://www.mubawab-media.com/ad/8/406/482F/h/photo_00_83120959.avif,20,2026-09-30
8387576,"Appartement à Louer de 93.0 m² à Marrakech, Route De L'Ourik...",https://www.mubawab.ma/fr/a/8387576/appartement-%C3%A0-louer-de-93-0-m%C2%B2-%C3%A0-marrakech-route-de-l-ourika-agdal,Location,Appartement,Marrakech,Agdal,13 000 DH,13000,93m²,93,4 Pièces,2 Chambres,4 Salles de bains,"Jardin, Terrasse, Garage, Meublé","À louer, superbe appartement de 93 m² situé dans le quartier prisé de l'Agdal à Marrakech. Ce bien comprend 2 chambres, 2 salles de bain et bénéficie de 2 façades. Profitez également d'une terrasse de 9 m². Idéal pour un cadre de vie agréable. Loyer mensuel : 13 000 Dhs. Ne manquez pas cette opportunité!",https://www.mubawab-media.com/ad/8/387/576F/h/image_4162164_82915483.avif,11,2026-09-30
8325041,"Appartement à louer – Longue durée – Agdal, Avenue Mohammed...",https://www.mubawab.ma/fr/a/8325041/appartement-%C3%A0-louer-%E2%80%93-longue-dur%C3%A9e-%E2%80%93-agdal-avenue-mohammed-vi-marrakech,Location,Appartement,Marrakech,Agdal,13 000 DH,13000,83m²,83,6 Pièces,2 Chambres,2 Salles de bains,"Garage, Cuisine équipée","À louer, magnifique appartement 2 chambres salon, idéalement situé dans le quartier recherché de l’Agdal, sur la prestigieuse Avenue Mohammed VI à Marrakech. Un emplacement premium offrant confort et proximité de toutes les commodités. Caractéristiques du bien : Situé au rez-de-chaussée dans une résidence calme et sécurisée ️ 2 chambres spacieuses avec rangements ️ Salon lumineux et accueillant ️ Cuisine équipée Salle de bain moderne Accès fa...",https://www.mubawab-media.com/ad/8/325/041F/h/photo_0_82195722.avif,31,2026-09-30
8319468,Louez cet appartement à Agdal. 2 chambres agréables,https://www.mubawab.ma/fr/a/8319468/louez-cet-appartement-%C3%A0-agdal-2-chambres-agr%C3%A9ables,Location,Appartement,Marrakech,Agdal,13 000 DH,13000,90m²,90,3 Pièces,2 Chambres,2 Salles de bains,"Jardin, Piscine, Meublé, Sécurité","À LOUER – Sublime appartement à Prestigia Découvrez ce magnifique appartement meublé situé en rez-de-jardin au sein d’une résidence haut de gamme à Prestigia. D’une superficie de 90 m², ce bien offre : 2 chambres confortables Un agréable espace de vie lumineux Un accès direct au jardin Une résidence sécurisée avec piscine Cadre de vie calme, verdoyant et idéal pour profiter pleinement de Marrakech. Sous-location strictement interdite Loyer mensu...",https://www.mubawab-media.com/ad/8/319/468F/h/photo_00_82135894.avif,10,2026-09-30
8341443,Appartement 2 chambres avec piscine – Agdal,https://www.mubawab.ma/fr/a/8341443/appartement-2-chambres-avec-piscine-%E2%80%93-agdal,Location,Appartement,Marrakech,Agdal,13 000 DH,13000,110m²,110,4 Pièces,2 Chambres,2 Salles de bains,"Terrasse, Garage, Ascenseur, Piscine, Concierge, Meublé, Salon européen, Climatisation, Sécurité, Double vitrage, Cuisine équipée, Réfrigérateur, Four, TV, Machine à laver","Situé dans le quartier prisé de Agdal Marrakech, au sein d’une résidence sécurisée avec piscine, bel appartement très bien meublé à louer. Il se compose de : - Un salon lumineux avec terrasse - 2 chambres dont une suite parentale avec baignoire - 2 salles de bain (baignoire douche) - Terrasses accessibles depuis le salon et les chambres Appartement confortable, moderne et prêt à vivre, idéal pour une location longue durée. Contact...",https://www.mubawab-media.com/ad/8/341/443F/h/WhatsApp%20Image%202026-04-29%20at%2012.57.10%20%283%29_82368789.avif,12,2026-09-30
8057740,Très bel appartement en location à Agdal. 2 chambres. Bien m...,https://www.mubawab.ma/fr/a/8057740/tr%C3%A8s-bel-appartement-en-location-%C3%A0-agdal-2-chambres-bien-meubl%C3%A9,Location,Appartement,Marrakech,Agdal,13 000 DH,13000,75m²,75,3 Pièces,2 Chambres,2 Salles de bains,"Jardin, Terrasse, Garage, Vue sur les montagnes, Piscine, Concierge, Meublé, Façade extérieure, Salon européen, Antenne parabolique, Climatisation, Chauffage central, Sécurité, Double vitrage, Porte blindée, Cuisine équipée, Réfrigérateur, Four, TV, Machine à laver, Internet","Belles prestations pour cet appartement à louer. Prix 13 000 DH. 3 pièces, 2 salles de bains, 75 m². 2 chambres. 1er étage. Moins de 5 ans. Type de sol: Marbre. Bien meublé. Cet appartement est à louer à Agdal. Confort et sécurité avec chauffage central et double vitrage. En prime, une magnifique vue sur les montagnes. Nombreux équipements dont climatisation et piscine. La résidence dispose également d'un service de conciergerie,. Soyez le...",https://www.mubawab-media.com/ad/8/057/740F/h/c6bb3063-2ce2-4d84-975f-fe157e6fd382_79442093.avif,2,2026-09-30
8217848,"Appartement meublé 104 m² à louer – RDC, Agdal, Marrakech",https://www.mubawab.ma/fr/a/8217848/appartement-meubl%C3%A9-104-m%C2%B2-%C3%A0-louer-%E2%80%93-rdc-agdal-marrakech,Location,Appartement,Marrakech,Agdal,13 000 DH,13000,104m²,104,3 Pièces,2 Chambres,2 Salles de bains,"Jardin, Terrasse, Garage, Ascenseur, Piscine, Concierge, Chambre rangement, Meublé, Façade extérieure, Salon européen, Antenne parabolique, Cheminée, Climatisation, Chauffage central, Sécurité, Double vitrage, Porte blindée, Cuisine équipée, Réfrigérateur, Four, TV, Machine à laver, Micro-ondes, Internet, Animaux domestiques autorisés","L’Immobilier Sans Frontières vous propose à la location ce bel appartement meublé de 104 m², situé au rez-de-chaussée d’une résidence sécurisée et bien entretenue à Agdal, Marrakech. Le bien bénéficie d’une terrasse avec vue sur la piscine et d’un agencement lumineux et fonctionnel. Ce bien se compose de : Salon européen avec cheminée en bois et accès terrasse – Terrasse avec vue sur la piscine – Cuisine équipée avec débarras et toilette – Su...",https://www.mubawab-media.com/ad/8/217/848F/h/0%20image%20a%20la%20une%20copy_82148965.avif,29,2026-09-30
8406645,Un vrai havre de paix,https://www.mubawab.ma/fr/a/8406645/un-vrai-havre-de-paix,Location,Appartement,Marrakech,Agdal,13 500 DH,13500,120m²,120,3 Pièces,2 Chambres,2 Salles de bains,"Terrasse, Garage, Ascenseur, Piscine, Concierge, Chambre rangement, Meublé, Façade extérieure, Salon européen, Antenne parabolique, Cheminée, Climatisation, Double vitrage, Porte blindée, Cuisine équipée, Réfrigérateur, Four, Machine à laver, Micro-ondes, Internet","Découvrez ce superbe appartement 2 chambres, 2 salles de bain, entièrement rénové avec des prestations haut de gamme, situé au dernier étage d'une résidence calme et sécurisée a Agdal. Offrant une superficie de 120 m² dont une terrasse de 20 m, ce bien non meublé séduit par son design contemporain et ses matériaux nobles Grâce à sa rénovation complète, son emplacement recherché et ses prestations de qualité, cet appartement conviendra parfaiteme...",https://www.mubawab-media.com/ad/8/406/645F/h/WhatsApp%20Image%202026-08-30%20at%2000.19.10_83122602.avif,8,2026-09-30
8422353,Appartement à louer à prestigia Agdal. 2 chambres agréable...,https://www.mubawab.ma/fr/a/8422353/appartement-%C3%A0-louer-%C3%A0-prestigia-agdal-2-chambres-agr%C3%A9ables-bien-meubl%C3%A9,Location,Appartement,Marrakech,Agdal,13 500 DH,13500,85m²,85,1 Pièce,2 Chambres,2 Salles de bains,"Terrasse, Vue sur les montagnes, Piscine, Concierge, Meublé, Salon Marocain, Salon européen, Antenne parabolique, Climatisation, Chauffage central, Sécurité, Double vitrage, Porte blindée, Cuisine équipée, Réfrigérateur, Four, TV, Machine à laver, Micro-ondes, Internet","Découvrez ce magnifique appartement à louer situé dans le quartier recherché d'Agdal, prestigia à Marrakech. Avec une surface habitable de 85 m², cet appartement marie élégance et confort moderne. Il est idéalement placé au premier étage d'un immeuble bien entretenu, âgé de 5 à 10 ans. Le sol en marbre ajoute une touche de luxe et de raffinement à l'intérieur. Les résidents bénéficieront de deux chambres spacieuses et de deux salles de bains. La...",https://www.mubawab-media.com/ad/8/422/353F/h/photo_00_83295273.avif,3,2026-09-30
8402319,Appartement rez-de-jardin Prestigia Golf City,https://www.mubawab.ma/fr/a/8402319/appartement-rez-de-jardin-prestigia-golf-city,Location,Appartement,Marrakech,Agdal,13 500 DH,13500,105m²,105,3 Pièces,2 Chambres,2 Salles de bains,"Jardin, Terrasse, Garage, Ascenseur, Vue sur les montagnes, Piscine, Concierge, Chambre rangement, Meublé, Salon européen, Antenne parabolique, Cheminée, Climatisation, Chauffage central, Sécurité, Cuisine équipée, Réfrigérateur, Four, TV, Machine à laver, Micro-ondes","Cet appartement situé dans le quartier prisé de l'Agdal, à Marrakech, offre un cadre de vie confortable et moderne. Avec une superficie totale de 105 m², il se compose de deux chambres et deux salles de bains, convenant parfaitement à une famille . Situé au rez-de-jardin bien entretenu avec ascenseur direct du parking , il bénéficie d'un parquet élégant présent dans plusieurs pièces, apportant une touche chaleureuse à l'espace. L'appartement...",https://www.mubawab-media.com/ad/8/402/319F/h/PHOTO-2026-08-06-17-03-54%20%281%29_83076007.avif,11,2026-09-30
8360938,À louer longue durée Magnifique appartement meublé à Agdal,https://www.mubawab.ma/fr/a/8360938/%C3%A0-louer-longue-dur%C3%A9e-magnifique-appartement-meubl%C3%A9-%C3%A0-agdal,Location,Appartement,Marrakech,Agdal,13 500 DH,13500,95m²,95,3 Pièces,2 Chambres,2 Salles de bains,"Jardin, Terrasse, Ascenseur, Piscine, Meublé, Salon Marocain, Salon européen, Sécurité, Cuisine équipée","Situé dans une très belle résidence sécurisée et parfaitement entretenue, à quelques minutes du boulevard Mohammed VI, cet agréable appartement meublé offre un cadre de vie calme et confortable. L’appartement est équipé d’un mobilier moderne et dispose d’un espace de vie lumineux ouvrant sur une jolie terrasse avec vue sur la piscine de la résidence. Les résidents bénéficient également de prestations de qualité : Grande piscine Salle de spor...",https://www.mubawab-media.com/ad/8/360/938F/h/photo_00_82582968.avif,18,2026-09-30
8376483,Bel appartement en location à Agdal. Superficie 78 m². Meubl...,https://www.mubawab.ma/fr/a/8376483/bel-appartement-en-location-%C3%A0-agdal-superficie-78-m%C2%B2-meubl%C3%A9,Location,Appartement,Marrakech,Agdal,14 000 DH,14000,78m²,78,3 Pièces,2 Chambres,2 Salles de bains,"Jardin, Terrasse, Piscine, Concierge, Meublé, Façade extérieure, Salon européen, Antenne parabolique, Climatisation, Chauffage central, Sécurité, Double vitrage, Porte blindée, Cuisine équipée","Cet appartement moderne de 78 m², situé au rez-de-chaussée dans le quartier prisé d'Agdal à Marrakech, offre un cadre de vie exceptionnel avec un accès direct à un superbe jardin privé, idéal pour profiter des beaux jours. La résidence inclut des commodités de luxe telles qu'une piscine rafraîchissante et une sécurité renforcée pour votre tranquillité d'esprit. L'intérieur de l'appartement se distingue par une cuisine entièrement équipée, offran...",https://www.mubawab-media.com/ad/8/376/483F/h/photo_0_82860941.avif,14,2026-09-30
8425256,Appartement à louer à Agdal. 3 grandes pièces,https://www.mubawab.ma/fr/a/8425256/appartement-%C3%A0-louer-%C3%A0-agdal-3-grandes-pi%C3%A8ces,Location,Appartement,Marrakech,Agdal,14 000 DH,14000,90m²,90,3 Pièces,2 Chambres,2 Salles de bains,"Garage, Ascenseur, Meublé, Sécurité, Cuisine équipée","APPARTEMENT MEUBLE A LOUER - AGDAL EN FACE DU MAROCAN MALL - 14 000 DH A louer appartement meublé neuf en face du Marrocan Mall, quartier Agdal, dans résidence sécurisée avec ascenseur. Composition : • 2 chambres avec placards • Salon spacieux et lumineux • 2 salles de bain • Cuisine équipée • Terrasses • Parking au sous-sol Descriptif : Appartement neuf, jamais habité, très bon état, ensoleillé et calme. Emplacement stratégique en...",https://www.mubawab-media.com/ad/8/425/256F/h/f3196ad2-ae79-4a32-af69-c1a4740189d3_83326883.avif,11,2026-09-30
8408105,Louez cet appartement à prestigia Agdal en etage. 3 chambres...,https://www.mubawab.ma/fr/a/8408105/louez-cet-appartement-%C3%A0-prestigia-agdal-en-etage-3-chambres-confortables-bien-meubl%C3%A9,Location,Appartement,Marrakech,Agdal,14 000 DH,14000,120m²,120,2 Pièces,3 Chambres,2 Salles de bains,"Jardin, Terrasse, Vue sur les montagnes, Piscine, Concierge, Meublé, Façade extérieure, Salon Marocain, Salon européen, Antenne parabolique, Climatisation, Chauffage central, Sécurité, Double vitrage, Porte blindée, Cuisine équipée, Réfrigérateur, Four, TV, Machine à laver, Micro-ondes, Internet","Situé dans le prestigieux quartier de l'Agdal prestigia à Marrakech, cet appartement en 2 etage de 120 m² est une oasis moderne offrant un confort exceptionnel. Avec une façade extérieure soignée, la propriété se distingue par ses finitions contemporaines et son allure élégante. L'intérieur se compose de trois chambres et de deux salles de bains, offrant suffisamment d'espace pour une vie confortable. Le salon européen spacieux, doté de parquet...",https://www.mubawab-media.com/ad/8/408/105F/h/photo_0_83147693.avif,1,2026-09-30
8395261,Bel appartement en location à Agdal. 5 pièces confortables...,https://www.mubawab.ma/fr/a/8395261/bel-appartement-en-location-%C3%A0-agdal-5-pi%C3%A8ces-confortables-porte-blind%C3%A9e-salon-marocain-traditionnel,Location,Appartement,Marrakech,Agdal,14 000 DH,14000,97m²,97,5 Pièces,3 Chambres,2 Salles de bains,"Jardin, Terrasse, Garage, Piscine, Concierge, Façade extérieure, Salon Marocain, Salon européen, Antenne parabolique, Climatisation, Sécurité, Double vitrage, Porte blindée, Cuisine équipée, Four, TV, Internet, Animaux domestiques autorisés","Cet appartement moderne à louer est situé à Marrakech, dans le quartier prisé d'Agdal, région de Marrakech-Safi. Avec une surface de 97 m², il est idéal pour ceux qui recherchent un cadre de vie à la fois spacieux et confortable. Le logement comprend trois chambres et deux salles de bains, ce qui convient parfaitement aux familles ou aux colocataires. Le sol en marbre ajoute une touche élégante et sophistiquée à l'ensemble de la propriété. En en...",https://www.mubawab-media.com/ad/8/395/261F/h/photo_0_83068122.avif,8,2026-09-30
8401800,"Bel Appartement 2 Chambres, Piscine, Agdal",https://www.mubawab.ma/fr/a/8401800/bel-appartement-2-chambres-piscine-agdal,Location,Appartement,Marrakech,Agdal,14 000 DH,14000,105m²,105,3 Pièces,2 Chambres,1 Salle de bain,"Jardin, Terrasse, Garage, Ascenseur, Piscine, Concierge, Meublé, Façade extérieure, Salon Marocain, Salon européen, Climatisation, Sécurité, Double vitrage, Cuisine équipée, Réfrigérateur, Four, TV, Machine à laver, Micro-ondes, Internet","Nous vous proposons un bel appartement meublé de 105 m², haut standing, situé au 3ᵉ étage d'une prestigieuse résidence à Agdal. Lumineux et avec vue sur la piscine. Caractéristiques de l'appartement : Surface habitable de 105 m² Situé au 3ᵉ étage Cuisine équipée 2 chambres confortables Grand balcon Piscine Ascenseur Conditions de location : Prix de location : 14 000 DH / mois Caution : 2 mois Frais d'agence : 1 mois N'hésitez pas à nous con...",https://www.mubawab-media.com/ad/8/401/800F/h/1787172580750_5i6jm5huqgw_6_83069993.avif,15,2026-09-30
8390159,LOCATION – Appartement 2 chambres 80 m² – Prestigi,https://www.mubawab.ma/fr/a/8390159/location-%E2%80%93-appartement-2-chambres-80-m%C2%B2-%E2%80%93-prestigi,Location,Appartement,Marrakech,Agdal,14 000 DH,14000,80m²,80,2 Pièces,2 Chambres,1 Salle de bain,"Garage, Meublé, Climatisation, Sécurité, Cuisine équipée","LOCATION – Appartement 2 chambres 80 m² – Prestigia Jade Situé au sein de la résidence golfique sécurisée Prestigia Jade à Agdal, cet appartement meublé offre un cadre de vie calme et privilégié, avec accès à un environnement verdoyant, golf et restaurant. Idéal pour une location longue durée. Caractéristiques : • Superficie : 80 m² • 2 chambres avec climatisation • 1 suite parentale avec salle de bain • 1 salle de bain supplémentaire ...",https://www.mubawab-media.com/ad/8/390/159F/h/thumb_152296_property_large_82943241.avif,9,2026-09-30
8381961,Appartement à louer a prestigia agdal pour la sous location...,https://www.mubawab.ma/fr/a/8381961/appartement-%C3%A0-louer-a-prestigia-agdal-pour-la-sous-location-meubl%C3%A9,Location,Appartement,Marrakech,Agdal,14 000 DH,14000,115m²,115,3 Pièces,2 Chambres,2 Salles de bains,"Jardin, Terrasse, Garage, Vue sur les montagnes, Piscine, Concierge, Chambre rangement, Meublé, Façade extérieure, Salon européen, Climatisation, Chauffage central, Sécurité, Double vitrage, Porte blindée, Cuisine équipée, Réfrigérateur, Four, TV, Machine à laver, Micro-ondes, Internet, Animaux domestiques autorisés","Cet appartement moderne et élégant situé à Marrakech, dans le quartier de la Route de Tahanaout, offre un cadre de vie exceptionnel avec une vue imprenable sur les montagnes avoisinantes. D'une surface de 115 m², cette propriété se distingue par sa conception soignée et moderne, intégrant des sols en marbre de qualité supérieure qui confèrent une atmosphère luxueuse et raffinée à chaque pièce. L'appartement propose deux chambres lumineuses, doté...",https://www.mubawab-media.com/ad/8/381/961F/h/photo_00_82854321.avif,14,2026-09-30
8315054,À louer: Appartement 3 pièces à louer à Agdal,https://www.mubawab.ma/fr/a/8315054/%C3%A0-louer-appartement-3-pi%C3%A8ces-%C3%A0-louer-%C3%A0-agdal-,Location,Appartement,Marrakech,Agdal,14 000 DH,14000,89m²,89,3 Pièces,2 Chambres,2 Salles de bains,"Terrasse, Piscine, Concierge, Meublé, Salon Marocain, Salon européen, Cheminée, Climatisation, Cuisine équipée, Réfrigérateur, Four, TV, Machine à laver, Internet","Nous vous proposons à la location un appartement de 3 pièces, d'une surface de 89 m², situé au 2ème et dernier étage d'une résidence golfique calme et sécurisée dans le secteur prisé d'Agdal à Marrakech, Maroc. Ce bien bénéficie d'un environnement sans vis-à-vis, garantissant tranquillité et intimité. L'appartement comprend 2 chambres, 2 salles de bain, une cheminée, ainsi qu'une terrasse agréable. Il est équipé d'un ballon électrique pour l...",https://www.mubawab-media.com/ad/8/315/054F/h/7509374c_82090392.avif,18,2026-09-30
8319467,Superbe appartement à louer à Agdal. 3 pièces confortables,https://www.mubawab.ma/fr/a/8319467/superbe-appartement-%C3%A0-louer-%C3%A0-agdal-3-pi%C3%A8ces-confortables,Location,Appartement,Marrakech,Agdal,14 000 DH,14000,90m²,90,3 Pièces,2 Chambres,2 Salles de bains,"Jardin, Piscine, Meublé, Sécurité","À LOUER – Sublime appartement à Prestigia Découvrez ce magnifique appartement meublé situé en rez-de-jardin au sein d’une résidence haut de gamme à Prestigia. D’une superficie de 90 m², ce bien offre : 2 chambres confortables Un agréable espace de vie lumineux Un accès direct au jardin Une résidence sécurisée avec piscine Cadre de vie calme, verdoyant et idéal pour profiter pleinement de Marrakech. Sous-location strictement interdite Loyer mensu...",https://www.mubawab-media.com/ad/8/319/467F/h/photo_00_82135849.avif,27,2026-09-30
8269365,Appartement moderne au réez chaussée à louer à Prestigia,https://www.mubawab.ma/fr/a/8269365/appartement-moderne-au-r%C3%A9ez-chauss%C3%A9e-%C3%A0-louer-%C3%A0-prestigia,Location,Appartement,Marrakech,Agdal,14 000 DH,14000,95m²,95,3 Pièces,2 Chambres,2 Salles de bains,"Jardin, Terrasse, Garage, Vue sur les montagnes, Piscine, Concierge, Meublé, Façade extérieure, Salon européen, Antenne parabolique, Cheminée, Climatisation, Sécurité, Double vitrage, Porte blindée, Cuisine équipée","Appartement en location à saisir. Prix 14 000 DH. 3 pièces, 2 salles de bains, superficie 95 m². 2 chambres à coucher. Moins de 10 ans. Type de sol: Marbre. Bien meublé. Cet appartement est à louer à Agdal. Parfaitement équipé avec porte Blindée et double vitrage. Vue imprenable sur les montagnes. Nombreux équipements dont climatisation et piscine. La résidence dispose également d'un service de conciergerie. Soyez le premier à visiter cet appar...",https://www.mubawab-media.com/ad/8/269/365F/h/photo_00_81602504.avif,14,2026-09-30
8283264,À louer – Appartement meublé – 105 m²,https://www.mubawab.ma/fr/a/8283264/%C3%A0-louer-%E2%80%93-appartement-meubl%C3%A9-%E2%80%93-105-m%C2%B2,Location,Appartement,Marrakech,Agdal,14 000 DH,14000,105m²,105,3 Pièces,2 Chambres,2 Salles de bains,"Jardin, Terrasse, Garage, Ascenseur, Piscine, Concierge, Meublé, Façade extérieure, Salon Marocain, Salon européen, Antenne parabolique, Cheminée, Climatisation, Chauffage central, Sécurité, Double vitrage","Bel appartement meublé situé au 2ᵉ étage dans une résidence avec piscine et espaces verts , sécurisée 24h/24 bien entretenue au quartier Agdal . Il se compose de : Deux chambres avec placards, dont une suite parentale avec sa salle de bain Une grande cuisine Un salon lumineux avec cheminée Une grande terrasse Une deuxième salle de bain Une place de parking Appartement spacieux, bien agencé et idéal pour une habitation principale. Disponi...",https://www.mubawab-media.com/ad/8/283/264F/h/WhatsApp%20Image%202026-01-08%20at%2017.15.00%20%285%29_81751918.avif,28,2026-09-30
8257404,Appartement d'exception à louer à agdal,https://www.mubawab.ma/fr/a/8257404/appartement-d-exception-%C3%A0-louer-%C3%A0-agdal,Location,Appartement,Marrakech,Agdal,14 000 DH,14000,124m²,124,3 Pièces,2 Chambres,2 Salles de bains,"Jardin, Terrasse, Garage, Ascenseur, Vue sur les montagnes, Piscine, Concierge, Meublé, Façade extérieure, Salon européen, Antenne parabolique, Cheminée, Climatisation, Sécurité, Double vitrage, Cuisine équipée, Réfrigérateur, Four, TV, Machine à laver, Micro-ondes, Internet","Venez découvrir un bel appartement meublé contemporain, bien agencé avec goût, situé pas loin du nouveau moroco mall .il se compose de 2chambres à coucher avec 2 salles de bain un salon moderne avec un coin une cheminée, toutes les chambres sont entourées de belles terrasses ,une cuisine entièrement équipée d'un frigo ,d'une machine à laver et à vaisselle . Cet appartement est proposé à la location à Agdal,en exclusivité. Tout le Confort et la sé...",https://www.mubawab-media.com/ad/8/257/404F/h/photo_0_81460719.avif,19,2026-09-30
8424467,Appartement 2 chambres meublées location longue durée golf c...,https://www.mubawab.ma/fr/a/8424467/appartement-2-chambres-meubl%C3%A9es-location-longue-dur%C3%A9e-golf-city-prestigia-agdal-marrakech-piscine,Location,Appartement,Marrakech,Agdal,14 500 DH,14500,115m²,115,3 Pièces,2 Chambres,2 Salles de bains,"Terrasse, Garage, Ascenseur, Vue sur mer, Vue sur les montagnes, Piscine, Concierge, Chambre rangement, Meublé, Façade extérieure, Salon européen, Antenne parabolique, Cheminée, Climatisation, Chauffage central, Sécurité, Double vitrage, Porte blindée, Cuisine équipée, Réfrigérateur, Four, TV, Machine à laver, Micro-ondes",Golf City Prestigia – Appartement à louer meublé à Marrakech : Cet à appartement à la location se compose de : – 2 chambres et 2 salles de bains – Séjour avec coin cheminée donnant sur une belle terrasse. – Cuisine Séparée équipée avec buanderie. – Une grande terrasse couverte. – Place de Parking titrée Veuillez contacter votre conseiller en immobilier pour une éventuelle visite,https://www.mubawab-media.com/ad/8/424/467F/h/photo_0_83318081.avif,10,2026-09-30
8242283,Bel appartement moderne en location longue durée à Agdal,https://www.mubawab.ma/fr/a/8242283/bel-appartement-moderne-en-location-longue-dur%C3%A9e-%C3%A0-agdal,Location,Appartement,Marrakech,Agdal,14 500 DH,14500,95m²,95,3 Pièces,2 Chambres,2 Salles de bains,"Terrasse, Garage, Ascenseur, Vue sur les montagnes, Piscine, Concierge, Chambre rangement, Meublé, Façade extérieure, Salon européen, Antenne parabolique, Cheminée, Climatisation, Chauffage central, Sécurité, Double vitrage, Porte blindée, Cuisine équipée, Réfrigérateur, Four, TV, Machine à laver, Micro-ondes, Internet, Animaux domestiques autorisés","Belles prestations pour cet appartement à louer. Prix 14 500 DH. 3 pièces, 2 salles de bains, surface 95 m². 2 chambres. 1er étage. Entièrement meublé… Programmez dès maintenant votre visite pour cet appartement d'exception à Marrakech. Dispose d'une terrasse, ascenseur et places de parking. Parfaitement équipé avec chauffage central et double vitrage. Superbe vue sur les montagnes…. Conditions : 1 mois de loyer 2 mois de cautions 1 mois d...",https://www.mubawab-media.com/ad/8/242/283F/h/photo_00_81305230.avif,11,2026-09-30
8100549,Superbe appartement à louer à Agdal. 3 pièces. Bien meublé,https://www.mubawab.ma/fr/a/8100549/superbe-appartement-%C3%A0-louer-%C3%A0-agdal-3-pi%C3%A8ces-bien-meubl%C3%A9,Location,Appartement,Marrakech,Agdal,14 500 DH,14500,108m²,108,3 Pièces,2 Chambres,2 Salles de bains,"Terrasse, Garage, Ascenseur, Piscine, Salon européen, Cheminée, Climatisation, Chauffage central, Sécurité, Cuisine équipée, Réfrigérateur, Four, TV, Machine à laver, Micro-ondes","Situé dans une résidence sécurisée, cet appartement de 2 chambres et 2 salles de bain et un grand salon modernes vous offre un cadre de vie confortable et fonctionnel. D'une superficie de 108 m², il comprend un spacieux séjour lumineux, une grande cuisine séparée et entièrement équipée, ainsi qu'une terrasse agréable, idéale pour profiter des beaux jours. Les chambres sont spacieuses et dotées de rangements intégrés, tandis que les deux salles...",https://www.mubawab-media.com/ad/8/100/549F/h/photo_08_79851086.avif,27,2026-09-30
8403417,Agdal – Appartement meublé 2 chambres avec piscine,https://www.mubawab.ma/fr/a/8403417/agdal-%E2%80%93-appartement-meubl%C3%A9-2-chambres-avec-piscine,Location,Appartement,Marrakech,Agdal,15 000 DH,15000,140m²,140,3 Pièces,2 Chambres,2 Salles de bains,"Jardin, Terrasse, Garage, Ascenseur, Vue sur les montagnes, Piscine, Concierge, Chambre rangement, Meublé, Salon européen, Antenne parabolique, Cheminée, Climatisation, Chauffage central, Sécurité, Double vitrage, Porte blindée, Cuisine équipée, Réfrigérateur, Four, TV, Machine à laver, Micro-ondes, Internet, Animaux domestiques autorisés","À louer, bel appartement meublé de 140 m², situé dans une résidence sécurisée et recherchée à Agdal, Marrakech. L’appartement se compose de : * 2 chambres * 2 salles de bains * Un spacieux salon avec cheminée * Une cuisine équipée * Une arrière-cuisine * Une belle vue sur le jardin et la piscine La résidence est fermée et sécurisée, avec un magnifique jardin paysager et une piscine commune. Emplacement idéal à Agdal, à proximité des commerces...",https://www.mubawab-media.com/ad/8/403/417F/h/photo_0_83086668.avif,15,2026-09-21
8425411,Location longue durée bel Appartement meublé,https://www.mubawab.ma/fr/a/8425411/location-longue-dur%C3%A9e-bel-appartement-meubl%C3%A9,Location,Appartement,Marrakech,Agdal,15 000 DH,15000,110m²,110,5 Pièces,2 Chambres,2 Salles de bains,"Terrasse, Garage, Piscine, Sécurité, Cuisine équipée","LOCATION LONGUE DURÉE – MARRAKECH AGDAL Appartement de standing de 110 m² avec terrasse et vue directe sur la piscine Situé dans le prestigieux quartier de l’Agdal à Marrakech, au sein d’une résidence sécurisée et parfaitement entretenue, ce bel appartement de 110 m² offre un cadre de vie confortable, calme et raffiné. L’appartement bénéficie d’une belle terrasse avec vue directe sur la piscine, idéale pour profiter d’un agréable espace extéri...",https://www.mubawab-media.com/ad/8/425/411F/h/photo_0_83328725.avif,1,2026-09-30
8416659,Appartement à louer à Agdal. Superficie 96 m² vide,https://www.mubawab.ma/fr/a/8416659/appartement-%C3%A0-louer-%C3%A0-agdal-superficie-96-m%C2%B2-vide,Location,Appartement,Marrakech,Agdal,15 000 DH,15000,96m²,96,4 Pièces,3 Chambres,2 Salles de bains,,"Cet appartement de 96 m² à louer, situé dans le quartier prisé d'Agdal à Marrakech, est en excellent état, offrant un cadre moderne et élégant à ses futurs occupants. L'immeuble, âgé de seulement 1 à 5 ans, garantit une construction récente et bien entretenue. Dès l'entrée, les résidents sont accueillis par un sol en marbre luxueux, conférant une touche de sophistication immédiate. Les espaces de vie présentent un plancher en parquet, offrant...",https://www.mubawab-media.com/ad/8/416/659F/h/IMG_1585_83265963.avif,8,2026-09-30
8361317,Bel appartement en location à Agdal. 3 grandes pièces. Meubl...,https://www.mubawab.ma/fr/a/8361317/bel-appartement-en-location-%C3%A0-agdal-3-grandes-pi%C3%A8ces-meubl%C3%A9,Location,Appartement,Marrakech,Agdal,15 000 DH,15000,115m²,115,3 Pièces,2 Chambres,2 Salles de bains,"Terrasse, Garage, Ascenseur, Vue sur les montagnes, Piscine, Concierge, Chambre rangement, Meublé, Façade extérieure, Salon européen, Antenne parabolique, Cheminée, Climatisation, Chauffage central, Sécurité, Double vitrage, Porte blindée, Cuisine équipée, Réfrigérateur, Four, TV, Machine à laver, Micro-ondes","Cette magnifique propriété située dans le prestigieux quartier de Pristigia Golf City à Marrakech offre un cadre de vie exceptionnel. D'une surface de 115 m², l'appartement est en excellent état et prêt à être habité. Il se compose de deux chambres spacieuses, chacune dotée de parquet élégant qui ajoute une touche de chaleur et de confort. L'une des chambres principales dispose d'une salle de bains privative moderne avec des finitions haut de gam...",https://www.mubawab-media.com/ad/8/361/317F/h/photo_00_82586973.avif,14,2026-09-30
8414455,Superbe appartement à louer à Agdal. 2 chambres agréables. B...,https://www.mubawab.ma/fr/a/8414455/superbe-appartement-%C3%A0-louer-%C3%A0-agdal-2-chambres-agr%C3%A9ables-bien-meubl%C3%A9,Location,Appartement,Marrakech,Agdal,15 000 DH,15000,97m²,97,3 Pièces,2 Chambres,2 Salles de bains,"Terrasse, Garage, Vue sur les montagnes, Piscine, Concierge, Chambre rangement, Meublé, Façade extérieure, Salon européen, Antenne parabolique, Climatisation, Sécurité, Double vitrage, Cuisine équipée, Réfrigérateur, Four, TV, Machine à laver, Micro-ondes, Internet","Cet appartement moderne situé dans le quartier prisé d'Agdal à Marrakech offre un espace de vie de 97 mètres carrés au premier étage d'un immeuble de 5 à 10 ans. Avec deux chambres spacieuses, équipé de meubles contemporains, il allie confort et esthétique. Le sol en marbre confère une touche d'élégance, tandis que chaque chambre, décorée avec goût, bénéficie de vues pittoresques sur les montagnes environnantes. Le salon lumineux, doté de grands...",https://www.mubawab-media.com/ad/8/414/455F/h/photo_00_83207614.avif,12,2026-09-30
8115324,Très bel appartement moderne en location à Agdal,https://www.mubawab.ma/fr/a/8115324/tr%C3%A8s-bel-appartement-moderne-en-location-%C3%A0-agdal,Location,Appartement,Marrakech,Agdal,15 000 DH,15000,90m²,90,3 Pièces,2 Chambres,2 Salles de bains,"Terrasse, Garage, Ascenseur, Vue sur les montagnes, Piscine, Concierge, Chambre rangement, Meublé, Façade extérieure, Salon européen, Climatisation, Chauffage central, Sécurité, Double vitrage, Cuisine équipée, Réfrigérateur, Four, TV, Machine à laver, Micro-ondes, Internet, Animaux domestiques autorisés","Découvrez ce magnifique appartement moderne et meublé de 90 m2 disponible à la location. Stratégiquement situé sur le boulevard Mohamed6, Cet appartement offre un emplacement idéal pour profiter de la ville. Il se compose de 2 chambres spacieuses et confortables, de 2 salles de bains élégantes, et d'une cuisine entièrement équipée avec des appareils modernes... Vous profiterez également d'un ascenseur, d'un balcon, de la climatisation, et d'un...",https://www.mubawab-media.com/ad/8/115/324F/h/photo_1_79997681.avif,18,2026-09-30
8415099,Très bel appartement en location à Agdal. Surface de 120 m²...,https://www.mubawab.ma/fr/a/8415099/tr%C3%A8s-bel-appartement-en-location-%C3%A0-agdal-surface-de-120-m%C2%B2-meubl%C3%A9,Location,Appartement,Marrakech,Agdal,15 000 DH,15000,120m²,120,5 Pièces,2 Chambres,2 Salles de bains,"Jardin, Terrasse, Garage, Vue sur les montagnes, Piscine, Concierge, Chambre rangement, Meublé, Façade extérieure, Salon européen, Antenne parabolique, Cheminée, Climatisation, Chauffage central, Sécurité, Double vitrage, Porte blindée, Cuisine équipée, Réfrigérateur, Four, TV, Machine à laver, Micro-ondes, Internet, Animaux domestiques autorisés","Situé dans le prestigieux quartier d'Agdal à Marrakech, ce magnifique appartement de 120 m² offre un cadre de vie exceptionnel au sein de Prestigia Amber. Avec deux chambres spacieuses et deux salles de bains modernes, l'appartement est idéal pour ceux qui recherchent confort et luxe. Le salon européen, doté d'une cheminée, invite à la détente et s'ouvre sur une splendide terrasse d'où l'on peut admirer une vue imprenable sur les montagnes enviro...",https://www.mubawab-media.com/ad/8/415/099F/h/photo_0_83214260.avif,14,2026-09-30
8414122,Appartement meublé de 140 m² à louer à Agdal – Rez de jardin...,https://www.mubawab.ma/fr/a/8414122/appartement-meubl%C3%A9-de-140-m%C2%B2-%C3%A0-louer-%C3%A0-agdal-%E2%80%93-rez-de-jardin-2-chambres-terrasse-jardin-et-piscine,Location,Appartement,Marrakech,Agdal,15 000 DH,15000,140m²,140,3 Pièces,2 Chambres,2 Salles de bains,"Jardin, Terrasse, Garage, Ascenseur, Piscine, Concierge, Chambre rangement, Meublé, Façade extérieure, Salon européen, Antenne parabolique, Climatisation, Chauffage central, Sécurité, Double vitrage, Cuisine équipée, Réfrigérateur, Four, TV, Machine à laver, Micro-ondes, Internet, Animaux domestiques autorisés","L’Immobilier Sans Frontières vous propose à la location cet appartement meublé de 140 m² situé en rez-de-jardin à Agdal. Il comprend deux chambres, un salon, un séjour, une cuisine équipée, deux salles de bains ainsi qu’une toilette invités. Le logement bénéficie également d’une terrasse donnant accès au jardin. Composition : 2 chambres – Salon – Séjour – Cuisine équipée – 2 salles de bains – 1 toilette invités – Terrasse – Jardin Équipements &...",https://www.mubawab-media.com/ad/8/414/122F/h/0_image_a_la_une_Photo__83203982.avif,30,2026-09-30
8406226,Superbe appartement à louer à Agdal. Surface de 100 m²,https://www.mubawab.ma/fr/a/8406226/superbe-appartement-%C3%A0-louer-%C3%A0-agdal-surface-de-100-m%C2%B2,Location,Appartement,Marrakech,Agdal,15 000 DH,15000,100m²,100,3 Pièces,2 Chambres,2 Salles de bains,,Bel appartement a louer,https://www.mubawab-media.com/ad/8/406/226F/h/photo_00_83118166.avif,16,2026-09-30
8380195,Appartement à louer à Agdal Marrakech,https://www.mubawab.ma/fr/a/8380195/appartement-%C3%A0-louer-%C3%A0-agdal-marrakech,Location,Appartement,Marrakech,Agdal,15 000 DH,15000,97m²,97,1 Pièce,2 Chambres,2 Salles de bains,"Terrasse, Garage, Piscine, Concierge, Chambre rangement, Meublé, Façade extérieure, Salon européen, Antenne parabolique, Climatisation, Chauffage central, Sécurité, Porte blindée, Cuisine équipée, Réfrigérateur, Four, TV, Machine à laver, Micro-ondes, Internet","Nous proposons à la location longue durée ce superbe appartement meublé et équipé, situé au sein d'une résidence de standing, calme et hautement sécurisée au cœur du quartier recherché de l'Agdal. Alliant modernité, finitions de qualité et agencement optimal Descriptif du bien : Salon : Un grand espace de vie lumineux, moderne et soigneusement meublé. Chambres : 2 belles chambres à coucher confortables avec placards intégrés. Sall...",https://www.mubawab-media.com/ad/8/380/195F/h/WhatsApp%20Image%202026-02-06%20at%2020.59.42%20%288%29_82835575.avif,31,2026-09-30
8399329,Bel appartement en location à Agdal. Surface de 98 m². Bie...,https://www.mubawab.ma/fr/a/8399329/bel-appartement-en-location-%C3%A0-agdal-surface-de-98-m%C2%B2-bien-meubl%C3%A9,Location,Appartement,Marrakech,Agdal,15 000 DH,15000,98m²,98,3 Pièces,2 Chambres,2 Salles de bains,"Jardin, Terrasse, Piscine, Concierge, Chambre rangement, Meublé, Façade extérieure, Salon européen, Climatisation, Cuisine équipée, Réfrigérateur, Four, TV, Machine à laver, Micro-ondes","Situé dans le prestigieux quartier d'Agdal à Marrakech, cet appartement moderne de 98 m² offre un cadre de vie luxueux et fonctionnel. Récemment construit et âgé de 5 à 10 ans, il se trouve au rez-de-chaussée d'un bâtiment contemporain et est doté d'une façade extérieure accueillante. La propriété comprend deux chambres élégantes, chacune équipée de parquets en bois, et deux salles de bains modernes avec douches en verre et finitions contemporain...",https://www.mubawab-media.com/ad/8/399/329F/h/photo_00_83045175.avif,17,2026-09-30
8394089,"Appartement à Louer de 148.0 m² à Marrakech, Agdal",https://www.mubawab.ma/fr/a/8394089/appartement-%C3%A0-louer-de-148-0-m%C2%B2-%C3%A0-marrakech-agdal,Location,Appartement,Marrakech,Agdal,15 000 DH,15000,148m²,148,4 Pièces,2 Chambres,4 Salles de bains,"Jardin, Garage, Climatisation, Chauffage central","À louer dans le quartier prisé de l'Agdal à Marrakech, magnifique appartement de 120 m². Cet espace lumineux comprend 2 chambres et 2 salles de bain, idéal pour un confort optimal. Situé au sein d'un immeuble de 2 étages, ce bien est proposé au prix de 15 000 Dhs. Ne manquez pas cette opportunité de vivre dans un cadre agréable et recherché",https://www.mubawab-media.com/ad/8/394/089F/h/image_960097366_82989150.avif,11,2026-09-30
7292205,Appartement meublé à la location à Agdal golf City Prestigia...,https://www.mubawab.ma/fr/a/7292205/appartement-meubl%C3%A9-%C3%A0-la-location-%C3%A0-agdal-golf-city-prestigia-marrakech,Location,Appartement,Marrakech,Agdal,15 000 DH,15000,98m²,98,4 Pièces,3 Chambres,2 Salles de bains,"Jardin, Terrasse, Garage, Vue sur les montagnes, Piscine, Concierge, Chambre rangement, Meublé, Salon européen, Antenne parabolique, Climatisation, Sécurité, Double vitrage, Porte blindée, Cuisine équipée, Réfrigérateur, Four, TV, Machine à laver, Micro-ondes, Internet","Marrakech Prestigia, Votre agence immobilière LYZ Marrakech Services vous propose à la location longue durée un appartement à l’étage meublé. Cet à appartement à louer se compose de : - 3 chambres et 2 salles de bains - Séjour donnant sur une belle terrasse - Cuisine Séparée équipée Veuillez contacter votre conseiller en immobilier pour une éventuelle visite",https://www.mubawab-media.com/ad/7/292/205F/h/photo_0_79795451.avif,21,2026-09-30
8382479,LOCATION – Appartement meublé 2 chambres 85 m² – Prestigia J...,https://www.mubawab.ma/fr/a/8382479/location-%E2%80%93-appartement-meubl%C3%A9-2-chambres-85-m%C2%B2-%E2%80%93-prestigia-jade,Location,Appartement,Marrakech,Agdal,15 000 DH,15000,85m²,85,2 Pièces,2 Chambres,2 Salles de bains,"Terrasse, Piscine, Meublé, Sécurité, Cuisine équipée","LOCATION – Appartement meublé 2 chambres 85 m² – Prestigia Jade Situé au sein de la résidence golfique Prestigia Jade à Agdal, cet appartement moderne entièrement meublé offre un cadre de vie calme, sécurisé et privilégié. Idéal pour une location longue durée dans l’un des secteurs les plus recherchés de Marrakech. Disponible début octobre. Caractéristiques : • Superficie : 85 m² • 2 chambres • 2 salles de bain • Salon et salle à manger lumineux ...",https://www.mubawab-media.com/ad/8/382/479F/h/thumb_138067_property_large_82860127.avif,17,2026-09-30
8309371,"Appartement à Louer de 86.0 m² à Marrakech, Agdal",https://www.mubawab.ma/fr/a/8309371/appartement-%C3%A0-louer-de-86-0-m%C2%B2-%C3%A0-marrakech-agdal,Location,Appartement,Marrakech,Agdal,15 000 DH,15000,86m²,86,4 Pièces,2 Chambres,2 Salles de bains,"Garage, Ascenseur, Meublé, Climatisation, Chauffage central","Nouvelle annonce de Location d'un appartement à Marrakech, dans le quartier Agdal. Cette propriété spacieuse offre une surface de 86.0m² au 2 étage Ce bien lumineux est idéal. Prix attractif de 15000 Dhs",https://www.mubawab-media.com/ad/8/309/371F/h/image_127126882_82028398.avif,31,2026-09-30
8359884,Appartement à louer à Prestigia Agdal Marrakech,https://www.mubawab.ma/fr/a/8359884/appartement-%C3%A0-louer-%C3%A0-prestigia-agdal-marrakech,Location,Appartement,Marrakech,Agdal,15 000 DH,15000,78m²,78,3 Pièces,2 Chambres,2 Salles de bains,"Terrasse, Garage, Vue sur les montagnes, Piscine, Concierge, Chambre rangement, Meublé, Salon européen, Antenne parabolique, Climatisation, Chauffage central, Sécurité, Double vitrage, Porte blindée, Cuisine équipée, Réfrigérateur, Four, TV, Machine à laver, Internet, Animaux domestiques autorisés","Situé au 2ème étage d’une résidence calme et sécurisée, cet élégant appartement de 78 m² bénéficie d’une excellente exposition plein sud et d’une magnifique vue dégagée sur le golf. Il se compose d’une suite parentale avec salle de bain privative, placards intégrés et climatisation, d’une seconde chambre disposant également de sa salle de bain, placards et climatisation, ainsi que d’un agréable espace de vie ouvrant sur une jolie terrasse offran...",https://www.mubawab-media.com/ad/8/359/884F/h/WhatsApp%20Image%202026-05-21%20at%2017.11.36%20%284%29_82571538.avif,25,2026-09-30
8351052,"Appartement meublé à louer – Piscine collective – Agdal, Mar...",https://www.mubawab.ma/fr/a/8351052/appartement-meubl%C3%A9-%C3%A0-louer-%E2%80%93-piscine-collective-%E2%80%93-agdal-marrakech-%E2%80%93-95-m%C2%B2,Location,Appartement,Marrakech,Agdal,15 000 DH,15000,95m²,95,3 Pièces,2 Chambres,2 Salles de bains,"Jardin, Terrasse, Garage, Ascenseur, Vue sur les montagnes, Piscine, Concierge, Meublé, Façade extérieure, Salon européen, Antenne parabolique, Climatisation, Chauffage central, Sécurité, Double vitrage, Porte blindée, Cuisine équipée, Réfrigérateur, Four, TV, Machine à laver, Micro-ondes, Internet, Animaux domestiques autorisés","L’Immobilier Sans Frontières vous propose à la location cet appartement meublé situé à Agdal, Marrakech, au sein d’une résidence avec ascenseur, jardin collectif et piscine collective. Situé au 2ᵉ étage, cet appartement de 95 m² offre un cadre de vie agréable, avec des espaces bien agencés, une terrasse et des prestations pratiques. Il bénéficie également d’un bon emplacement, à proximité du nouveau Morocco Mall. Cet appartement se compose...",https://www.mubawab-media.com/ad/8/351/052F/h/0%20image%20a%20la%20une%20Photo%20_82475539.avif,15,2026-09-30
8289405,Appartement a deux pas du centre ville,https://www.mubawab.ma/fr/a/8289405/appartement-a-deux-pas-du-centre-ville,Location,Appartement,Marrakech,Agdal,15 000 DH,15000,70m²,70,2 Pièces,1 Ch.,1 Salle de bain,"Terrasse, Garage, Piscine, Meublé, Salon européen, Cheminée, Climatisation, Sécurité, Cuisine équipée","Situé dans une résidence de standing avec piscine, au cœur du quartier prisé d’Agdal, ce bel appartement d’une chambre séduit par son style marocain chic et son atmosphère chaleureuse. Il offre un salon lumineux avec coin cheminée ouvert sur une belle terrasse, une chambre confortable avec rangements, une cuisine fonctionnelle et une salle de bain élégante. La résidence sécurisée dispose d’espaces communs bien entretenus et d’une piscine, idéal...",https://www.mubawab-media.com/ad/8/289/405F/h/appartement-location-agdal-marrakech-maroc-immo-comptoir-aeroport-vacances%20%283%29_81816069.avif,10,2026-09-30
8266553,Louez cet appartement à Agdal. Surface de 127 m². Meublé,https://www.mubawab.ma/fr/a/8266553/louez-cet-appartement-%C3%A0-agdal-surface-de-127-m%C2%B2-meubl%C3%A9,Location,Appartement,Marrakech,Agdal,15 000 DH,15000,127m²,127,2 Pièces,3 Chambres,2 Salles de bains,"Jardin, Terrasse, Garage, Ascenseur, Vue sur les montagnes, Piscine, Concierge, Meublé, Façade extérieure, Salon Marocain, Salon européen, Antenne parabolique, Cheminée, Chauffage central, Sécurité, Double vitrage, Cuisine équipée, Réfrigérateur, Four, TV, Machine à laver, Micro-ondes, Internet","appartement 3 chambres à Agdal, Marrakech Situé dans une résidence fermée et sécurisée au cœur d’Agdal, ce magnifique appartement offre un cadre de vie confortable et moderne. Il se compose de : 2 chambres spacieuses, chacune dotée de son propre balcon et suite parentale. Un salon moderne lumineux avec cheminée vue sur balcon sur piscine. Une cuisine entièrement équipée Une salle de bains et toilettes invités La résidence met à disposition de...",https://www.mubawab-media.com/ad/8/266/553F/h/photo_0_81572862.avif,32,2026-09-30
8296781,Location d'un appartement à Agdal. Surface totale 115 m². Me...,https://www.mubawab.ma/fr/a/8296781/location-d-un-appartement-%C3%A0-agdal-surface-totale-115-m%C2%B2-meubl%C3%A9,Location,Appartement,Marrakech,Agdal,15 000 DH,15000,115m²,115,3 Pièces,2 Chambres,2 Salles de bains,"Jardin, Terrasse, Garage, Ascenseur, Piscine, Concierge, Meublé, Salon Marocain, Chauffage central, Cuisine équipée, Réfrigérateur, Four, TV, Machine à laver, Micro-ondes, Internet","Agréable appartement à louer. Prix 15 000 DH. 3 pièces, 2 salles de bains, superficie 115 m². 2 chambres. Moins de 10 ans. Type de sol: Marbre. Meublé. Venez découvrir cet appartement en location à Agdal. Dispose d'une terrasse, ascenseur et places de parking. Nous mettons à votre disposition un service de conciergerie ainsi qu'une piscine. Contactez-nous pour visiter cet appartement en location à Marrakech. Four micro-ondes. Four encastré. Con...",https://www.mubawab-media.com/ad/8/296/781F/h/photo_00_81896979.avif,18,2026-09-30
8107862,Appartement en location à Agdal. 3 grandes pièces. Meublé,https://www.mubawab.ma/fr/a/8107862/appartement-en-location-%C3%A0-agdal-3-grandes-pi%C3%A8ces-meubl%C3%A9,Location,Appartement,Marrakech,Agdal,15 000 DH,15000,124m²,124,3 Pièces,2 Chambres,2 Salles de bains,"Jardin, Terrasse, Garage, Ascenseur, Piscine, Concierge, Chambre rangement, Meublé, Façade extérieure, Salon européen, Antenne parabolique, Cheminée, Climatisation, Sécurité, Double vitrage, Porte blindée, Cuisine équipée, Réfrigérateur, Four, TV, Machine à laver, Micro-ondes, Internet, Animaux domestiques autorisés","Ne laissez pas passer cet appartement à louer. Prix 15000 DH. 3 pièces, 2 salles de bains privatives, 124 m². 2 chambres à coucher. 3ème étage. Moins de 5 ans. Revêtement: Marbre. Propriété entièrement meublée. Venez découvrir cet appartement en location à Agdal. Profitez d'une belle terrasse. Dispose également d'un ascenseur et d'un garage. Sécurité maximale avec système de surveillance et porte blindée. Équipé d'une antenne parabolique. Nombr...",https://www.mubawab-media.com/ad/8/107/862F/h/photo_0_80871247.avif,10,2026-09-30
8196491,Superbe Appartement Meublé à Louer à Agdal Marrakech,https://www.mubawab.ma/fr/a/8196491/superbe-appartement-meubl%C3%A9-%C3%A0-louer-%C3%A0-agdal-marrakech,Location,Appartement,Marrakech,Agdal,15 000 DH,15000,106m²,106,3 Pièces,2 Chambres,1 Salle de bain,"Jardin, Terrasse, Garage, Ascenseur, Vue sur les montagnes, Piscine, Concierge, Meublé, Façade extérieure, Salon européen, Antenne parabolique, Cheminée, Climatisation, Chauffage central, Sécurité, Double vitrage, Porte blindée, Cuisine équipée, Réfrigérateur, Four, TV, Machine à laver","L’IMMOBILIER SANS FRONTIÈRES vous propose cet appartement meublé à louer, situé en rez-de-chaussée d’un immeuble résidentiel à Agdal, au sein d’une résidence sécurisée avec jardin collectif, piscine collective et salle de sport. D’une superficie de 106 m², cet appartement bénéficie d’une vue dégagée sur la piscine et offre un cadre de vie confortable et moderne. Il se compose de : Salon européen avec cheminée et accès terrasse – Séjour - Cuisin...",https://www.mubawab-media.com/ad/8/196/491F/h/0%20image%20a%20la%20une_80828225.avif,21,2026-09-30
8379082,Location d'un appartement à Agdal. 2 chambres agréables. Bie...,https://www.mubawab.ma/fr/a/8379082/location-d-un-appartement-%C3%A0-agdal-2-chambres-agr%C3%A9ables-bien-meubl%C3%A9,Location,Appartement,Marrakech,Agdal,15 600 DH,15600,77m²,77,4 Pièces,2 Chambres,2 Salles de bains,"Jardin, Terrasse, Piscine, Concierge, Meublé, Façade extérieure, Salon européen, Antenne parabolique, Climatisation, Double vitrage, Porte blindée, Cuisine équipée, Réfrigérateur, Four, TV, Machine à laver, Internet","Cet appartement moderne disponible à la location à Marrakech, dans le quartier prisé d'Agdal, offre une superficie de 77 m² et se distingue par une orientation plein sud qui garantit une luminosité optimale. Situé au rez-de-chaussée, ce bien immobilier relativement récent (1 à 5 ans d'ancienneté) dispose de sols en marbre dans les espaces de vie commune, offrant une finition élégante et raffinée. Il comprend deux chambres, chacune équipée de parq...",https://www.mubawab-media.com/ad/8/379/082F/h/photo_0_82823177.avif,8,2026-09-30
8173346,Très bel appartement en location à Agdal. 3 chambres agréabl...,https://www.mubawab.ma/fr/a/8173346/tr%C3%A8s-bel-appartement-en-location-%C3%A0-agdal-3-chambres-agr%C3%A9ables-belle-terrasse-et-jardin,Location,Appartement,Marrakech,Agdal,16 000 DH,16000,140m²,140,4 Pièces,3 Chambres,3 Salles de bains,"Jardin, Terrasse, Garage, Ascenseur, Piscine, Concierge, Façade extérieure, Antenne parabolique, Climatisation, Chauffage central, Sécurité, Double vitrage, Porte blindée, Cuisine équipée, Réfrigérateur, Four","Appartement idéal en location. Prix 16 000 DH. 4 pièces, 3 salles de bains privatives, 140 m². 3 chambres. 1er étage. Moins de 5 ans. Revêtement: Marbre. Profitez d'une belle terrasse. Dispose également d'un ascenseur et d'un garage. Cet appartement est proposé à la location à Agdal. Bénéficiez du calme absolu avec fenêtres en double vitrage. Porte blindée et chauffage central. Appréciez le confort de la climatisation. La résidence dispose égale...",https://www.mubawab-media.com/ad/8/173/346F/h/photo_0_80595114.avif,19,2026-09-30
8414718,Appartement meublé de 160 m² à louer à Agdal – 3 chambres do...,https://www.mubawab.ma/fr/a/8414718/appartement-meubl%C3%A9-de-160-m%C2%B2-%C3%A0-louer-%C3%A0-agdal-%E2%80%93-3-chambres-dont-une-suite-chemin%C3%A9e-et-piscine-collective,Location,Appartement,Marrakech,Agdal,16 000 DH,16000,160m²,160,4 Pièces,3 Chambres,2 Salles de bains,"Jardin, Terrasse, Piscine, Concierge, Chambre rangement, Meublé, Façade extérieure, Salon Marocain, Antenne parabolique, Cheminée, Climatisation, Sécurité, Double vitrage, Cuisine équipée, Réfrigérateur, Four, TV, Machine à laver, Micro-ondes","L’Immobilier Sans Frontières vous propose à la location cet appartement meublé de 160 m² situé au 1er étage à Agdal. Il comprend trois chambres dont une suite avec salle de bains, un salon avec cheminée, un séjour, une cuisine équipée, une salle de bains extérieure ainsi qu’une toilette invités. Le bien bénéficie également d’un jardin collectif et d’une piscine collective. Composition : 3 chambres dont 1 suite avec salle de bains – Salon avec...",https://www.mubawab-media.com/ad/8/414/718F/h/0_image_a_la_une_Photo__83210431.avif,26,2026-09-30
8097601,Très bel appartement en location à Agdal. 3 chambres agréabl...,https://www.mubawab.ma/fr/a/8097601/tr%C3%A8s-bel-appartement-en-location-%C3%A0-agdal-3-chambres-agr%C3%A9ables-bien-meubl%C3%A9,Location,Appartement,Marrakech,Agdal,16 000 DH,16000,90m²,90,4 Pièces,3 Chambres,2 Salles de bains,"Jardin, Terrasse, Garage, Ascenseur, Vue sur les montagnes, Piscine, Concierge, Chambre rangement, Meublé, Façade extérieure, Salon Marocain, Antenne parabolique, Climatisation, Sécurité, Double vitrage, Cuisine équipée, Réfrigérateur, Four, TV, Machine à laver, Micro-ondes, Internet","Appartement à louer idéalement placé. Prix 16 000 DH. 3 chambres, 2 salles de bains, surface 90 m². 4 pièces. 2ème étage. Moins de 10 ans. Revêtement: Marbre. Meublé. Cet appartement est à louer à Agdal. Confort et sécurité avec service de conciergerie, piscine et climatisation. Profitez d'une belle terrasse. Dispose également d'un parking extérieur Programmez dès maintenant votre visite pour cet appartement d'exception à Marrakech. Décoration...",https://www.mubawab-media.com/ad/8/097/601F/h/photo_00_79822763.avif,15,2026-09-30
8425415,Appartement 3 chambres Meublée résidence Agdal Marrakech,https://www.mubawab.ma/fr/a/8425415/appartement-3-chambres-meubl%C3%A9e-r%C3%A9sidence-agdal-marrakech,Location,Appartement,Marrakech,Agdal,16 000 DH,16000,126m²,126,4 Pièces,3 Chambres,2 Salles de bains,"Jardin, Terrasse, Garage, Ascenseur, Piscine, Concierge, Chambre rangement, Meublé, Salon Marocain, Salon européen, Cheminée, Climatisation, Sécurité, Double vitrage, Porte blindée, Cuisine équipée, Réfrigérateur, Four, TV, Machine à laver, Micro-ondes, Internet, Animaux domestiques autorisés","Dans une résidence sécurisée et recherchée à Agdal, découvrez ce bel appartement meublé de 126 m², traversant et lumineux, offrant un cadre de vie confortable et agréable. La résidence dispose d’une piscine, d’une salle de sport et d’un parking en sous-sol. L’appartement se compose de : * Un salon spacieux avec cheminée * Une grande terrasse aménagée avec une agréable vue sur le jardin et la piscine * Une toilette invités avec vasque ...",https://www.mubawab-media.com/ad/8/425/415F/h/WhatsApp_Image_2026-09-29_at_19.05.44_83329346.avif,20,2026-09-30
8417309,Appartement en location à Agdal,https://www.mubawab.ma/fr/a/8417309/appartement-en-location-%C3%A0-agdal,Location,Appartement,Marrakech,Agdal,16 000 DH,16000,140m²,140,3 Pièces,2 Chambres,2 Salles de bains,Jardin,"Découvrez ce magnifique appartement à louer, situé dans le quartier prisé d'Agdal à Marrakech, un lieu où l'élégance et le confort se rencontrent harmonieusement. Ce bien, en excellent état, offre une surface habitable généreuse de 140 mètres carrés, permettant ainsi un véritable espace de vie spacieux et lumineux. Dès l'entrée, vous serez séduit par la qualité des matériaux, notamment le somptueux sol en parquet qui s'étend avec élégance dans l...",https://www.mubawab-media.com/ad/8/417/309F/h/d2a1200f-349c-4654-b6d6-0090dc8d3f59_83239360.avif,19,2026-09-30
8189471,Appartement à louer à Agdal. 3 chambres agréables. Bien meub...,https://www.mubawab.ma/fr/a/8189471/appartement-%C3%A0-louer-%C3%A0-agdal-3-chambres-agr%C3%A9ables-bien-meubl%C3%A9,Location,Appartement,Marrakech,Agdal,16 000 DH,16000,115m²,115,3 Pièces,2 Chambres,2 Salles de bains,"Jardin, Terrasse, Garage, Ascenseur, Vue sur les montagnes, Piscine, Concierge, Chambre rangement, Meublé, Façade extérieure, Salon européen, Antenne parabolique, Cheminée, Climatisation, Chauffage central, Sécurité, Double vitrage, Porte blindée, Cuisine équipée, Réfrigérateur, Four, TV, Machine à laver, Micro-ondes, Internet","Ne laissez pas passer cet appartement à louer. Prix 16 000 DH. 2 chambres, 2 salles de bains, surface 115 m². 3 pièces lumineuses. Bon état. Bien meublé. Cet appartement est à louer à Agdal. Dispose d'une terrasse, ascenseur et places de parking. Confort et sécurité avec Climatisation et Porte blindée. En prime, une magnifique vue sur les montagnes. Contactez-nous si vous êtes intéressé par cet appartement à Marrakech. Nombreux équipements : ch...",https://www.mubawab-media.com/ad/8/189/471F/h/photo_00_80758050.avif,19,2026-09-30
8410187,À louer – bel appartement à agdal,https://www.mubawab.ma/fr/a/8410187/%C3%A0-louer-%E2%80%93-bel-appartement-%C3%A0-agdal,Location,Appartement,Marrakech,Agdal,16 000 DH,16000,127m²,127,4 Pièces,3 Chambres,2 Salles de bains,"Terrasse, Ascenseur, Piscine, Meublé, Sécurité, Cuisine équipée, Réfrigérateur, Four, TV","Agdal – Marrakech, dans un secteur recherché, à proximité du centre commercial et de toutes les commodités. Découvrez ce bel appartement situé au sein d’une résidence familiale, sécurisée et parfaitement entretenue, offrant des prestations de qualité : 3 chambres, chacune disposant de sa petite terrasse 2 salles de bain Belle terrasse avec vue sur la piscine Piscine au sein de la résidence Salle de sport Résidence sécurisée et familiale Un app...",https://www.mubawab-media.com/ad/8/410/187F/h/photo_00_83209610.avif,17,2026-09-30
8263951,Appartement à louer à Agdal. 3 pièces. Bien meublé,https://www.mubawab.ma/fr/a/8263951/appartement-%C3%A0-louer-%C3%A0-agdal-3-pi%C3%A8ces-bien-meubl%C3%A9,Location,Appartement,Marrakech,Agdal,16 000 DH,16000,80m²,80,3 Pièces,2 Chambres,2 Salles de bains,"Jardin, Terrasse, Garage, Ascenseur, Piscine, Concierge, Meublé, Façade extérieure, Salon Marocain, Salon européen, Antenne parabolique, Cheminée, Climatisation, Chauffage central, Sécurité, Double vitrage, Porte blindée, Cuisine équipée, Réfrigérateur, Four, TV, Machine à laver, Micro-ondes, Internet","Louez l'appartement de vos rêves. Prix 16 000 DH. 3 pièces, 2 salles de bains, superficie 80 m². 2 chambres à coucher. 2ème étage. Moins de 10 ans. Type de sol: Marbre. Propriété entièrement meublée. Venez découvrir cet appartement en location à Agdal. Confort et sécurité avec service de conciergerie, cheminée et climatisation. Sécurité maximale avec système de surveillance et porte blindée. Équipé d'une antenne parabolique. Contactez-nous...",https://www.mubawab-media.com/ad/8/263/951F/h/photo_1_81538875.avif,6,2026-09-30
8386722,Appartement au rez de jardin à louer à Agdal,https://www.mubawab.ma/fr/a/8386722/appartement-au-rez-de-jardin-%C3%A0-louer-%C3%A0-agdal,Location,Appartement,Marrakech,Agdal,16 000 DH,16000,220m²,220,3 Pièces,2 Chambres,2 Salles de bains,"Jardin, Terrasse, Piscine, Concierge, Meublé, Salon européen, Antenne parabolique, Cheminée, Climatisation, Chauffage central, Sécurité, Double vitrage, Cuisine équipée, Réfrigérateur, Four, TV, Machine à laver","Appartement au rez-de-jardin à louer à Agdal, Situé dans une résidence golfique, fermée et sécurisée dotée d'une piscine et espaces verdoyants , l'agence immobilière Marrakesh Opportunity vous propose à la location un appartement meublé avec goût disposant d'un jardin privatif parfaitement entretenu ,un salon européen avec cheminée , une terrasse extérieure aménagée , une salle à manger , une cuisine entièrement équipée , une suite parentale avec...",https://www.mubawab-media.com/ad/8/386/722F/h/nyWgIzdAL1PUJenrvtZM_82905865.avif,15,2026-09-30
8296800,Location d'un appartement à Agdal. 2 chambres agréables. Bie...,https://www.mubawab.ma/fr/a/8296800/location-d-un-appartement-%C3%A0-agdal-2-chambres-agr%C3%A9ables-bien-meubl%C3%A9,Location,Appartement,Marrakech,Agdal,16 000 DH,16000,100m²,100,3 Pièces,2 Chambres,2 Salles de bains,"Ascenseur, Piscine, Meublé, Façade extérieure, Antenne parabolique, Cheminée, Climatisation, Chauffage central, Sécurité, Double vitrage, Porte blindée, Cuisine équipée, Réfrigérateur, TV, Machine à laver, Internet","Appartement idéal en location. Prix 15 000 DH. 3 pièces, 2 salles de bains privatives, 100 m². 2 chambres à coucher. Moins de 5 ans. Entièrement meublé. Cet appartement est proposé à la location à Agdal. Résidence sécurisée et porte blindée. Le bien dispose également d'une antenne parabolique. Profitez du confort de la cheminée et de la climatisation. La résidence dispose également d'une piscine. Pour visiter cet appartement en location à Marra...",https://www.mubawab-media.com/ad/8/296/800F/h/photo_00_81897162.avif,12,2026-09-30
8321910,Location d'un appartement à Agdal. Surface de 110 m². Meublé,https://www.mubawab.ma/fr/a/8321910/location-d-un-appartement-%C3%A0-agdal-surface-de-110-m%C2%B2-meubl%C3%A9,Location,Appartement,Marrakech,Agdal,16 000 DH,16000,110m²,110,6 Pièces,2 Chambres,2 Salles de bains,"Jardin, Terrasse, Piscine, Concierge, Meublé, Salon européen, Antenne parabolique, Climatisation, Chauffage central, Cuisine équipée, Four, TV, Machine à laver, Micro-ondes, Internet","Découvrez cet appartement à louer. Prix 17 000 DH. 2 chambres, 2 salles de bains, 110 m². 6 pièces lumineuses. Bon état / habitable. Meublé. Cet appartement est proposé à la location à Agdal. Appréciez le confort de la climatisation. La résidence dispose également d'un service de concierge et d'une piscine. Jardin et terrasse propices à la détente. Contactez-nous si vous êtes intéressé par cet appartement à Marrakech. Lave-linge. Équipé d'une T...",https://www.mubawab-media.com/ad/8/321/910F/h/photo_0_82159692.avif,10,2026-09-30
8334837,Louez cet appartement à Agdal. Superficie 130 m²,https://www.mubawab.ma/fr/a/8334837/louez-cet-appartement-%C3%A0-agdal-superficie-130-m%C2%B2,Location,Appartement,Marrakech,Agdal,16 000 DH,16000,130m²,130,4 Pièces,3 Chambres,2 Salles de bains,"Terrasse, Sécurité","Appartement à louer – Prestigia Golf, Marrakech Superbe appartement en location longue durée dans une résidence haut standing, calme et sécurisée Caractéristiques : ️ 3 chambres 2 salles de bain ️ Salon spacieux Terrasse ️ Résidence sécurisée 24/24 Environnement avec golf Loyer : 16 000 DH / mois Conditions : 2 mois de caution 1 mois de loyer d’avance 1 mois de frais d’agence Idéal pour une famille ou pour un cadre de vie calme et prestigieu...",https://www.mubawab-media.com/ad/8/334/837F/h/photo_00_82298196.avif,12,2026-09-30
8250607,Bel appartement en location à Agdal. 3 pièces confortables...,https://www.mubawab.ma/fr/a/8250607/bel-appartement-en-location-%C3%A0-agdal-3-pi%C3%A8ces-confortables-meubl%C3%A9,Location,Appartement,Marrakech,Agdal,16 000 DH,16000,77m²,77,3 Pièces,2 Chambres,2 Salles de bains,"Jardin, Terrasse, Vue sur les montagnes, Piscine, Concierge, Meublé, Façade extérieure, Salon Marocain, Salon européen, Antenne parabolique, Climatisation, Chauffage central, Sécurité, Double vitrage, Porte blindée, Cuisine équipée, Réfrigérateur, Four, TV, Machine à laver","Ne laissez pas passer cet appartement à louer. Prix 15 000 DH. 3 pièces, 2 salles de bains, 77 m². 2 chambres à coucher. 2ème étage. Moins de 10 ans. Revêtement: Marbre. Meublé. Cet appartement est à louer à Agdal. Profitez d'une vue imprenable sur les montagnes et du calme absolu avec fenêtres en double vitrage. Chauffage central. Sécurité maximale avec système de surveillance et porte blindée. Superbe salon marocain. Programmez dès mainte...",https://www.mubawab-media.com/ad/8/250/607F/h/6fb0edc6-e2a7-40b2-8253-7f94f790cde4_81480223.avif,8,2026-09-30
8423462,Louez cet appartement à Agdal. Superficie 115 m². Bien meubl...,https://www.mubawab.ma/fr/a/8423462/louez-cet-appartement-%C3%A0-agdal-superficie-115-m%C2%B2-bien-meubl%C3%A9,Location,Appartement,Marrakech,Agdal,16 500 DH,16500,145m²,145,3 Pièces,2 Chambres,3 Salles de bains,"Jardin, Terrasse, Garage, Ascenseur, Piscine, Concierge, Meublé, Façade extérieure, Salon européen, Cheminée, Climatisation, Chauffage central, Sécurité, Double vitrage, Porte blindée, Cuisine équipée, Réfrigérateur, Four, TV, Machine à laver, Micro-ondes","Ce magnifique appartement à louer est situé dans le prestigieux quartier d'Agdal à Marrakech, au sein de la somptueuse résidence Pristigia Golf City. D'une superficie généreuse de 115 m², cet espace offre un cadre de vie luxueux et confortable. À l'intérieur, vous trouverez deux chambres spacieuses avec des sols en parquet, créant une atmosphère chaleureuse et accueillante. L'appartement dispose de deux salles de bains modernes, bien équipées pou...",https://www.mubawab-media.com/ad/8/423/462F/h/photo_0_83307155.avif,16,2026-09-30
8300190,Appartement meublé en location longue durée,https://www.mubawab.ma/fr/a/8300190/appartement-meubl%C3%A9-en-location-longue-dur%C3%A9e,Location,Appartement,Marrakech,Agdal,17 000 DH,17000,95m²,95,4 Pièces,3 Chambres,2 Salles de bains,"Terrasse, Garage, Ascenseur, Piscine, Concierge, Meublé, Salon européen, Climatisation, Chauffage central, Sécurité, Cuisine équipée, Réfrigérateur, Four, TV, Machine à laver","Appartement meublé en location longue durée à Agdal, Situé dans une résidence de standing fermée et sécurisée, offrant piscine et jardins paysagers, l’agence immobilière Marrakesh Opportunity vous propose à la location annuelle un appartement meublé moderne. Il se compose d’un salon européen lumineux donnant sur un terrasse aménagée offrant une vue panoramique sans vis-à-vis , d’un espace salle à manger, d’une cuisine entièrement équipée, de tr...",https://www.mubawab-media.com/ad/8/300/190F/h/_ABC0785_81934572.avif,15,2026-09-21
8250108,"Appartement meublé à louer Piscine collective Agdal, Marra...",https://www.mubawab.ma/fr/a/8250108/appartement-meubl%C3%A9-%C3%A0-louer-piscine-collective-agdal-marrakech,Location,Appartement,Marrakech,Agdal,17 000 DH,17000,106m²,106,3 Pièces,2 Chambres,2 Salles de bains,"Jardin, Terrasse, Garage, Ascenseur, Vue sur les montagnes, Piscine, Concierge, Chambre rangement, Meublé, Salon européen, Antenne parabolique, Cheminée, Climatisation, Chauffage central, Sécurité, Double vitrage, Porte blindée, Cuisine équipée, Réfrigérateur, Four, Machine à laver, Micro-ondes, Internet, Animaux domestiques autorisés","L’Immobilier Sans Frontières vous propose à la location cet appartement meublé situé au rez-de-chaussée à Agdal, Marrakech, dans une résidence sécurisée et bien entretenue. La superficie communiquée est de 106 m². Cet appartement se compose de : Salon européen avec cheminée - Séjour - Terrasse couverte - Cuisine équipée - Buanderie - Suite parentale avec placard, salle de bain, terrasse et climatisation - Chambre avec placard et balcon - Salle...",https://www.mubawab-media.com/ad/8/250/108F/h/0%20image%20a%20la%20une%20copy_82101092.avif,32,2026-09-30
8357028,Équipement commercial R2 de 1400m à Agdal Marrakech,https://www.mubawab.ma/fr/a/8357028/%C3%A9quipement-commercial-r2-de-1400m-%C3%A0-agdal-marrakech,Vente,Autre,Marrakech,Agdal,18 000 DH,18000,1400m²,1400,,,,,Équipement commercial R2 de 1400m 4 façade À Agdal Marrakech Prix : 18000dhs/m,https://www.mubawab-media.com/ad/8/357/028F/h/photo_00_82539393.avif,3,2026-09-30
8337700,Terrain 9300m R3 Commercial 3 façades à Agdal Marrakech,https://www.mubawab.ma/fr/a/8337700/terrain-9300m-r3-commercial-3-fa%C3%A7ades-%C3%A0-agdal-marrakech,Vente,Terrain,Marrakech,Agdal,18 000 DH,18000,9300m²,9300,,,,,9300m R3 Commercial à Av Mohmmed 6 Agdal Marrakech 3 façades Prix: 18000dhs/m,https://www.mubawab-media.com/ad/8/337/700F/h/photo_0_82328123.avif,1,2026-09-30
8403343,Bel Appt 2 Ch. Rénové — Résidence Agdal & Piscine,https://www.mubawab.ma/fr/a/8403343/bel-appt-2-ch-r%C3%A9nov%C3%A9-%E2%80%94-r%C3%A9sidence-agdal-piscine,Vente,Appartement,Marrakech,Agdal,18 000 DH,18000,148m²,148,3 Pièces,2 Chambres,2 Salles de bains,"Terrasse, Ascenseur, Piscine, Meublé, Salon Marocain, Salon européen, Antenne parabolique, Cheminée, Climatisation, Chauffage central, Sécurité, Double vitrage, Porte blindée, Cuisine équipée, Réfrigérateur, Four, Machine à laver, Micro-ondes","Au cœur d'Agdal, dans une résidence sécurisée avec piscine, cet appartement de 2 chambres a été entièrement rénové et décoré avec goût, offrant un cadre de vie élégant et confortable, prêt à vivre. Ses Points forts : - Appartement entièrement meublé et équipé - Rénovation complète, prestations haut de gamme - 2 chambres spacieuses et lumineuses avec salle de bain en suite. - Cuisine équipée et moderne - Climatisation - Décoration soignée, m...",https://www.mubawab-media.com/ad/8/403/343F/h/appartement-52_83086026.avif,21,2026-09-30
8361414,Appartement a Prestigia Marrakech Ambre Vue golf,https://www.mubawab.ma/fr/a/8361414/appartement-a-prestigia-marrakech-ambre-vue-golf,Vente,Studio,Marrakech,Agdal,18 000 DH,18000,140m²,140,5 Pièces,2 Chambres,2 Salles de bains,"Jardin, Terrasse, Garage, Ascenseur, Piscine, Concierge, Chambre rangement, Meublé, Façade extérieure, Salon européen, Antenne parabolique, Cheminée, Climatisation, Chauffage central, Sécurité, Double vitrage, Cuisine équipée, Réfrigérateur, Four, Machine à laver, Micro-ondes","Je propose à la location un appartement meublé à Prestigia ambre de haut standing à Agdal, Marrakech, disponible immédiatement. - Surface habitable : 120 m² - Surface totale : 140 m² - Balcon - Ascenseur - Terrasse - Chauffage - Climatisation - Cuisine équipée - Concierge - Sécurité - Câblage téléphonique - Parking - Âge du bien : 6-10 ans - Caution : 1 mois - Type d'appartement : Studio - Condition...",https://www.mubawab-media.com/ad/8/361/414F/h/LNVA0339_82587794.avif,8,2026-09-30
8394284,LOCATION – Appartement meublé 2 chambres 80 m² – N,https://www.mubawab.ma/fr/a/8394284/location-%E2%80%93-appartement-meubl%C3%A9-2-chambres-80-m%C2%B2-%E2%80%93-n,Location,Appartement,Marrakech,Agdal,18 000 DH,18000,100m²,100,2 Pièces,2 Chambres,1 Salle de bain,"Jardin, Terrasse, Garage, Meublé, Sécurité","LOCATION – Appartement meublé 2 chambres 80 m² – Noria, Agdal Situé en rez-de-jardin au sein de la résidence prisée Noria à Agdal, cet appartement moderne et entièrement équipé offre un cadre de vie confortable dans un environnement calme et sécurisé. Avec son jardin privatif, sa terrasse couverte et ses prestations de qualité, il est idéal pour une location longue durée. Caractéristiques : • Superficie habitable : 80 m² • Jardin privatif de plus...",https://www.mubawab-media.com/ad/8/394/284F/h/thumb_153313_property_large_82991130.avif,13,2026-09-30
8334745,Appartement à louer à Agdal. 4 pièces,https://www.mubawab.ma/fr/a/8334745/appartement-%C3%A0-louer-%C3%A0-agdal-4-pi%C3%A8ces,Location,Appartement,Marrakech,Agdal,18 000 DH,18000,97m²,97,4 Pièces,3 Chambres,2 Salles de bains,"Terrasse, Ascenseur, Piscine, Sécurité, Cuisine équipée","Appartement à louer longue durée – Prestigia Golf Résidence sécurisée avec piscine 2ᵉ étage avec ascenseur Superficie : 97 m² 3 chambres spacieuses Salon lumineux Cuisine équipée 2 salles de bain Terrasse Cadre calme et agréable, idéal pour une famille ou un couple Loyer : 18 000 DH / mois Conditions : ️ 2 mois de caution ️ 1 mois de loyer d’avance ️ 1 mois frais d’agence Contactez-nous pour plus d’informations",https://www.mubawab-media.com/ad/8/334/745F/h/photo_00_82297426.avif,9,2026-09-30
8419201,Magnifique Appart 3cham rez de jardin à Prestigia,https://www.mubawab.ma/fr/a/8419201/magnifique-appart-3cham-rez-de-jardin-%C3%A0-prestigia,Location,Appartement,Marrakech,Agdal,19 000 DH,19000,123m²,123,4 Pièces,3 Chambres,2 Salles de bains,"Jardin, Terrasse, Piscine, Meublé, Sécurité, Internet","Splendide Appart 3cham rez de jardin Prestigia Location Longue Durée Splendide Appart 3cham meublé au rez de jardin de 123m² sur une résidence sécurisée avec piscine Prestigia. Agdal. Marrakech L'appartement comprend : 3chambre, 2salles de bains, une cuisine fermée équipée, salon et une grande terrasse. Un jardin et une piscine collective et des espaces verts. Prix : 19.000 Dhs inclus frais de syndic et Wifi. Conditions : 2 mois de caution 1...",https://www.mubawab-media.com/ad/8/419/201F/h/PHOTO-2026-09-19-16-50-38_83260543.avif,19,2026-09-30
8320536,Appartement en location à Agdal. Superficie 85 m². Meublé,https://www.mubawab.ma/fr/a/8320536/appartement-en-location-%C3%A0-agdal-superficie-85-m%C2%B2-meubl%C3%A9,Location,Appartement,Marrakech,Agdal,19 000 DH,19000,85m²,85,4 Pièces,3 Chambres,2 Salles de bains,"Jardin, Garage, Vue sur les montagnes, Piscine, Concierge, Meublé, Façade extérieure, Salon européen, Antenne parabolique, Climatisation, Chauffage central, Sécurité, Cuisine équipée","Découvrez cet appartement à louer. Prix 19 000 DH. 3 chambres, 2 salles de bains, superficie 85 m². 4 pièces lumineuses. Moins de 10 ans. Type de sol: Marbre. Propriété entièrement meublée. Cet appartement est proposé à la location à Agdal. Confort et sécurité avec service de conciergerie, piscine et climatisation. Équipé d'une parabole. La résidence est sécurisée. Profitez d'une vue magnifique sur les montagnes et du confort du chauffage centr...",https://www.mubawab-media.com/ad/8/320/536F/h/photo_0_82145598.avif,8,2026-09-30
8327088,Somptueuse villa à louer à Agdal. Surface totale 150 m². P...,https://www.mubawab.ma/fr/a/8327088/somptueuse-villa-%C3%A0-louer-%C3%A0-agdal-surface-totale-150-m%C2%B2-piscine-et-air-conditionn%C3%A9,Location,Villa,Marrakech,Agdal,19 000 DH,19000,150m²,150,4 Pièces,3 Chambres,2 Salles de bains,"Jardin, Terrasse, Garage, Vue sur les montagnes, Piscine, Concierge, Chambre rangement, Climatisation, Sécurité, Cuisine équipée, Four","Villa de prestige à louer. Prix 19 000 DH. 3 chambres, 2 salles de bains, superficie 150 m². 4 pièces lumineuses. Moins de 10 ans. Revêtement: Carrelage. Confort et sécurité avec service de conciergerie, piscine et climatisation. Cette magnifique villa est en location à Agdal. Les extérieurs se composent d'un jardin et d'une terrasse. Four. Cuisine bien équipée. Résidence sécurisée. Vue exceptionnelle sur la montagne",https://www.mubawab-media.com/ad/8/327/088F/h/photo_00_82217251.avif,27,2026-09-30
8411932,Beau rdc meuble golf prestigia,https://www.mubawab.ma/fr/a/8411932/beau-rdc-meuble-golf-prestigia,Location,Appartement,Marrakech,Agdal,20 000 DH,20000,195m²,195,8 Pièces,3 Chambres,3 Salles de bains,"Jardin, Terrasse, Garage, Ascenseur, Vue sur les montagnes, Piscine, Concierge, Meublé, Façade extérieure, Salon Marocain, Salon européen, Antenne parabolique, Cheminée, Climatisation, Chauffage central, Sécurité, Porte blindée, Cuisine équipée, TV","Cet appartement moderne et spacieux, situé dans le quartier prisé d'Agdal à Marrakech, offre une expérience de vie luxueuse et confortable. Avec une superficie généreuse de 195 m², ce bien est agencé au rez-de-chaussée d'un immeuble de 1 à 5 ans et dispose de trois chambres élégantes et de trois salles de bains bien équipées. Le salon européen, doté d'une cheminée et d'une vue imprenable sur les montagnes, présente un sol en marbre qui ajoute une...",https://www.mubawab-media.com/ad/8/411/932F/h/photo_0_83178175.avif,13,2026-09-30
8424432,Appartement de 130 m² à Marrakech,https://www.mubawab.ma/fr/a/8424432/appartement-de-130-m%C2%B2-%C3%A0-marrakech,Location,Appartement,Marrakech,Agdal,20 000 DH,20000,130m²,130,,,,"Jardin, Terrasse, Garage, Piscine, Meublé, Cheminée, Sécurité","FACILYKEY vous propose à la location un superbe appartement meublé à l’Agdal, Marrakech Situé dans le quartier très recherché de l’Agdal, à seulement 10 minutes du centre-ville de Marrakech, ce magnifique appartement meublé de 130 m² offre un cadre de vie paisible, sécurisé et verdoyant. Descriptif du bien •⁠ ⁠Rez-de-chaussée •⁠ ⁠2 chambres spacieuses •⁠ ⁠2 salles de bains •⁠ ⁠Grand séjour avec cheminée •⁠ ⁠Jardin privatif et terrasse avec...",https://www.mubawab-media.com/ad/8/424/432F/h/82ee092ddf54c84c761a_83317703.avif,9,2026-09-30
8424431,Appartement de 120 m² à Marrakech,https://www.mubawab.ma/fr/a/8424431/appartement-de-120-m%C2%B2-%C3%A0-marrakech,Location,Appartement,Marrakech,Agdal,20 000 DH,20000,120m²,120,,,,"Jardin, Terrasse, Garage, Piscine, Meublé, Cheminée, Sécurité","FACILYKEY vous propose à la location un superbe appartement meublé à l’Agdal, Marrakech Situé dans le quartier très recherché de l’Agdal, à seulement 10 minutes du centre-ville de Marrakech, ce magnifique appartement meublé de 120 m² offre un cadre de vie paisible, sécurisé et verdoyant. Descriptif du bien •⁠ ⁠Rez-de-chaussée •⁠ ⁠2 chambres spacieuses •⁠ ⁠2 salles de bains •⁠ ⁠Grand séjour avec cheminée •⁠ ⁠Jardin privatif et terrasse avec...",https://www.mubawab-media.com/ad/8/424/431F/h/cedb45d3d04d9e13fbf7_83317693.avif,12,2026-09-30
8363507,Sublime appartement meublé à louer BLVD Mohamed 6,https://www.mubawab.ma/fr/a/8363507/sublime-appartement-meubl%C3%A9-%C3%A0-louer-blvd-mohamed-6,Location,Appartement,Marrakech,Agdal,20 000 DH,20000,98m²,98,3 Pièces,2 Chambres,2 Salles de bains,"Jardin, Terrasse, Garage, Ascenseur, Piscine, Concierge, Meublé, Façade extérieure, Salon européen, Antenne parabolique, Climatisation, Chauffage central, Sécurité, Double vitrage, Porte blindée, Cuisine équipée, Réfrigérateur, Four, TV, Machine à laver, Micro-ondes",magnifique appartement Modern idéalement situé à Agdal sur l'avenue Mohamed 6 ! Neuf en location longue durée à usage d'habitation uniquement. Il se compose de : un grand salon meublé avec beaucoup de gouts Moderne une grande cuisine bien équipée avec buanderie une chambre parentale avec salle de bain privative et placard une chambre pour enfant avec placard une salle de bain une grande terrasse équipée en table à manger donnant sur le jardin et...,https://www.mubawab-media.com/ad/8/363/507F/h/WhatsApp%20Image%202024-06-25%20at%2017.11.46%20%281%29_82629568.avif,32,2026-09-30
8204750,Splendide Appart 3cham rez de jardin Prestigia,https://www.mubawab.ma/fr/a/8204750/splendide-appart-3cham-rez-de-jardin-prestigia,Location,Appartement,Marrakech,Agdal,20 000 DH,20000,123m²,123,4 Pièces,3 Chambres,2 Salles de bains,"Jardin, Terrasse, Vue sur les montagnes, Piscine, Concierge, Meublé, Salon européen, Climatisation, Chauffage central, Sécurité, Cuisine équipée, Internet","Location Longue Durée Splendide Appart 3cham meublé au rez de jardin de 123m² sur une résidence sécurisée avec piscine Prestigia. Agdal. Marrakech L'appartement comprend : 3chambre, 2salles de bains, une cuisine fermée équipée, salon et une grande terrasse. Un jardin et une piscine collective et des espaces verts. Prix : 20.000 Dhs inclus frais de syndic et Wifi. Conditions : 2 mois de caution 1 mois de loyer 1 mois de frais d'agence Pour...",https://www.mubawab-media.com/ad/8/204/750F/h/nbbv_82482493.avif,19,2026-09-30
8399639,Rez de jardin à prestigia vue sur golf meublé,https://www.mubawab.ma/fr/a/8399639/rez-de-jardin-%C3%A0-prestigia-vue-sur-golf-meubl%C3%A9,Location,Autre,Marrakech,Agdal,21 000 DH,21000,180m²,180,4 Pièces,2 Chambres,3 Salles de bains,"Jardin, Meublé, Sécurité","Rez-de-jardin meublé – Prestigia Marrakech Golf City À la location, magnifique rez-de-jardin entièrement meublé situé au sein de la prestigieuse résidence Prestigia Golf City – Agdal, Marrakech. Caractéristiques : - 2 chambres - 3 salles de bains - Entièrement meublé et aménagé avec goût - Grand jardin privatif - Vue dégagée et exceptionnelle sur le golf - Accès aux piscines et espaces verts de la résidence - Résidence sécurisée ...",https://www.mubawab-media.com/ad/8/399/639F/h/WhatsApp%20Image%202026-08-15%20at%2016.22.54_83048272.avif,2,2026-09-30
8281290,Projet résidentiel Paloma,https://www.mubawab.ma/fr/a/8281290/projet-r%C3%A9sidentiel-paloma,Vente,Studio,Marrakech,Agdal,22 000 DH,22000,53m²,53,1 Pièce,2 Chambres,2 Salles de bains,"Jardin, Terrasse, Garage, Ascenseur, Piscine, Concierge, Climatisation, Chauffage central, Sécurité, Double vitrage, Cuisine équipée","PALOMA RÉSIDENCE – L’OPPORTUNITÉ À NE PAS RATER À MARRAKECH ! Nouveau programme à Agdal, à 2 minutes du futur Morocco Mall et du Golf Prestigia. Studios et appartements 2 chambres à prix ultra compétitifs : Studios dès 23 000dh Appartements 2 chambres dès 22 000dh Vues piscine disponibles Rez-de-jardin à moitié prix dès 15m² Emplacement stratégique : Agdal, Marrakech, à 5 minutes de l’aéroport et de Gravity Parc. Livraison prévue : 20...",https://www.mubawab-media.com/ad/8/281/290F/h/Paloma%20facade%202_81734766.avif,3,2026-09-30
8409060,Riad garden 3 chambres meuble Jaccuzi,https://www.mubawab.ma/fr/a/8409060/riad-garden-3-chambres-meuble-jaccuzi,Location,Riad,Marrakech,Agdal,22 000 DH,22000,81m²,81,4 Pièces,3 Chambres,2 Salles de bains,"Jardin, Terrasse, Garage, Ascenseur, Piscine, Concierge, Chambre rangement, Meublé, Salon européen, Climatisation, Double vitrage, Cuisine équipée, Réfrigérateur, Four, TV, Machine à laver","Appartement 3 chambres avec jacuzzi à louer à Marrakech, quartier Agdal. Ce bien immobilier se compose d'un grand salon et d'une cuisine entièrement équipée. L'espace nuit comprend trois chambres, dont une suite. L'appartement est meublé et dispose d'un jacuzzi privé, un cellier ainsi que de deux terrasses dont une cour. Résidence avec piscine et jardin. Le loyer mensuel est fixé à 24 000 MAD. Les conditions de location incluent deux mois de caut...",https://www.mubawab-media.com/ad/8/409/060F/h/thumb_160007_property_large_83181053.avif,20,2026-09-30
8336106,Magnifique appartement en location meublé à Agdal,https://www.mubawab.ma/fr/a/8336106/magnifique-appartement-en-location-meubl%C3%A9-%C3%A0-agdal,Location,Appartement,Marrakech,Agdal,22 000 DH,22000,230m²,230,4 Pièces,3 Chambres,3 Salles de bains,"Terrasse, Garage, Vue sur les montagnes, Meublé, Façade extérieure, Salon européen, Antenne parabolique, Cheminée, Climatisation, Chauffage central, Sécurité, Double vitrage, Porte blindée, Cuisine équipée, Réfrigérateur, Four, TV, Machine à laver, Micro-ondes, Internet, Animaux domestiques autorisés","Découvrez cet appartement à louer. Prix 22 000 DH. 4 pièces, 3 salles de bains, surface 230 m². 3 chambres. Bon état / habitable. Meublé. Conditions : Loyer mensuel : 22 000 dh Modalité de paiement : par 3 ou 6 mois Caution : 3 mois Frais d’agence : 1 mois",https://www.mubawab-media.com/ad/8/336/106F/h/photo_0_82310863.avif,18,2026-09-30
8380855,Bel appartement en location à Agdal. Surface total 190 m²,https://www.mubawab.ma/fr/a/8380855/bel-appartement-en-location-%C3%A0-agdal-surface-total-190-m%C2%B2,Location,Appartement,Marrakech,Agdal,25 000 DH,25000,190m²,190,4 Pièces,3 Chambres,3 Salles de bains,"Terrasse, Garage, Ascenseur, Piscine, Concierge, Salon européen, Climatisation, Chauffage central, Double vitrage, Porte blindée, Cuisine équipée, Réfrigérateur, Four, TV, Machine à laver, Micro-ondes","Cet appartement luxueux en location est situé dans le quartier prisé d'Agdal, à Marrakech, le long de l'Avenue Mohmed 6. Avec une surface expansive de 190 m², il offre un espace de vie élégant et confortable. À l'intérieur, le sol en marbre confère une élégance intemporelle à l'appartement, tandis que le parquet dans les chambres ajoute une touche chaleureuse. Le bien dispose de trois chambres spacieuses et trois salles de bains modernes, parfai...",https://www.mubawab-media.com/ad/8/380/855F/h/photo_0_82842779.avif,20,2026-09-30
8370325,Charmante villa à louer,https://www.mubawab.ma/fr/a/8370325/charmante-villa-%C3%A0-louer,Location,Villa,Marrakech,Agdal,25 000 DH,25000,400m²,400,6 Pièces,4 Chambres,3 Salles de bains,"Jardin, Terrasse, Garage, Piscine","Villa meublée à louer – Agdal, Marrakech Située dans un environnement calme et recherché à Agdal, à proximité de la Clinique Internationale, cette charmante villa offre un cadre de vie agréable alliant confort, intimité et tranquillité. La villa se compose de : • 4 chambres, dont une belle suite parentale avec salle de bain privative et balcon • 3 salles de bain avec toilettes • Une toilette invités au rez-de-chaussée • 2 salons lumineu...",https://www.mubawab-media.com/ad/8/370/325F/h/IMG_6522_82724345.avif,13,2026-09-30
8315479,Location d'un appartement à prestigia topazze 1 Pièce. Meub...,https://www.mubawab.ma/fr/a/8315479/location-d-un-appartement-%C3%A0-prestigia-topazze-1-pi%C3%A8ce-meubl%C3%A9,Location,Appartement,Marrakech,Agdal,26 000 DH,26000,120m²,120,1 Pièce,3 Chambres,2 Salles de bains,"Jardin, Terrasse, Garage, Ascenseur, Vue sur les montagnes, Piscine, Concierge, Chambre rangement, Meublé, Façade extérieure, Salon Marocain, Salon européen, Climatisation, Sécurité, Porte blindée, Réfrigérateur, Four, TV, Machine à laver, Micro-ondes, Internet","Appartement à louer idéalement placé. Prix 26 000 DH. 3 chambres, 2 salles de bains, 120 m². 1 Pièces. Bon état / habitable. Propriété entièrement meublée. Venez découvrir cet appartement en location à Agdal. Profitez d'une belle terrasse. Dispose également d'un ascenseur et d'un garage. Résidence sécurisée et porte blindée. Le bien dispose également d'un beau salon marocain traditionnel. Soyez le premier à visiter cet appartement à louer à Mar...",https://www.mubawab-media.com/ad/8/315/479F/h/photo_0_82095092.avif,1,2026-09-30
8375540,"Agdal: Bel appartement à louer meublé, en 3 Ch, résidence av...",https://www.mubawab.ma/fr/a/8375540/agdal-bel-appartement-%C3%A0-louer-meubl%C3%A9-en-3-ch-r%C3%A9sidence-avec-jardin-et-piscine-commune,Location,Appartement,Marrakech,Agdal,28 000 DH,28000,248m²,248,14 Pièces,3 Chambres,2 Salles de bains,"Jardin, Terrasse, Garage, Piscine, Concierge, Meublé, Salon Marocain, Salon européen, Cheminée, Climatisation, Cuisine équipée, Réfrigérateur, TV, Machine à laver, Micro-ondes","Bel appartement à louer meublé , composé de 3 chambres dont 1 Master avec sa sdb privative , Dressing et Terrasse . Double Salon, Salon à manger , cheminée , grande terrasse , Cuisine équipée , arrière cuisine avec toilettes pour le personnel. 1 Place de Parking. L’appartement est située dans une résidence clôturée et sécurisée avec Jardin et Piscine commune. Très bel emplacement, proche de toute commodité . Loyer ferme : 28 000 Dh/mois- HFA",https://www.mubawab-media.com/ad/8/375/540F/h/photo_00_82786071.avif,32,2026-09-30
8369267,Magnifique villa 3 chambres sur résidence – Agdal,https://www.mubawab.ma/fr/a/8369267/magnifique-villa-3-chambres-sur-r%C3%A9sidence-%E2%80%93-agdal,Location,Villa,Marrakech,Agdal,30 000 DH,30000,200m²,200,5 Pièces,3 Chambres,3 Salles de bains,"Jardin, Piscine, Concierge, Meublé, Salon européen, Cheminée, Climatisation, Cuisine équipée","Nous mettons à la location longue durée une superbe villa de 400 M2, dont 200 M2 habitables, située dans une magnifique résidence calme et sécurisée avec plusieurs espaces verts à Agdal. La villa dispose d’une belle piscine privée et se compose de : Au rez-de-chaussée : * Un salon donnant sur le jardin et la piscine * Une spacieuse cuisine * Une toilette invités À l’étage : * 3 chambres, dont une suite parentale avec dressing et...",https://www.mubawab-media.com/ad/8/369/267F/h/WhatsApp%20Image%202026-06-22%20at%2009.48.40_82712769.avif,32,2026-09-30
8381429,Location villa de haut standing à Agdal. 3 grandes pièces...,https://www.mubawab.ma/fr/a/8381429/location-villa-de-haut-standing-%C3%A0-agdal-3-grandes-pi%C3%A8ces-meubl%C3%A9,Location,Villa,Marrakech,Agdal,32 000 DH,32000,350m²,350,3 Pièces,3 Chambres,3 Salles de bains,"Jardin, Terrasse, Garage, Vue sur les montagnes, Piscine, Concierge, Chambre rangement, Meublé, Salon européen, Antenne parabolique, Cheminée, Climatisation, Chauffage central, Sécurité, Double vitrage, Porte blindée, Cuisine équipée, Réfrigérateur, Four, TV, Machine à laver, Micro-ondes, Internet, Animaux domestiques autorisés","Cette villa de luxe située dans le quartier prisé d'Agdal à Marrakech offre une expérience de vie exceptionnelle, alliant confort moderne et charme local. Avec une superficie de 350 m², la propriété est nichée sur un terrain de 400 m². Elle propose trois chambres spacieuses, chacune baignée de lumière naturelle grâce aux grandes fenêtres, et dotée de sols en parquet dans les espaces de vie réceptifs, créant une atmosphère chaude et accueillante...",https://www.mubawab-media.com/ad/8/381/429F/h/photo_00_82848838.avif,10,2026-09-30
8276704,"Spacieuse, Golf, proche du centre ville",https://www.mubawab.ma/fr/a/8276704/spacieuse-golf-proche-du-centre-ville,Location,Villa,Marrakech,Agdal,35 000 DH,35000,402m²,402,7 Pièces,4 Chambres,4 Salles de bains,"Jardin, Vue sur les montagnes, Piscine, Meublé, Entre-seul, Salon Marocain, Salon européen, Cheminée, Climatisation, Chauffage central, Cuisine équipée, Réfrigérateur, Four, TV, Machine à laver, Micro-ondes, Animaux domestiques autorisés","FOCH Real Estate Marrakech est ravi de vous présenter cette superbe villa meublée, disponible à la location longue durée idéalement située au sein d’un golf prisé à Agdal. Implantée sur un terrain de 460 m² de jardin avec piscine privative, cette villa bénéficie de quatre façades, offrant une excellente luminosité et une parfaite ventilation naturelle. Elle développe une surface habitable d’environ 200 m², répartie sur plusieurs niveaux. Le...",https://www.mubawab-media.com/ad/8/276/704F/h/photo_0_81679960.avif,18,2026-09-30
8402951,Moderne et Arabo Andalouse,https://www.mubawab.ma/fr/a/8402951/moderne-et-arabo-andalouse,Location,Villa,Marrakech,Agdal,35 000 DH,35000,400m²,400,7 Pièces,4 Chambres,3 Salles de bains,"Jardin, Terrasse, Piscine, Entre-seul","FOCH Real Estate – Marrakech présente à la location longue durée cette superbe villa d’exception non meublée située au cœur d’une prestigieuse résidence golfique sécurisée dans le quartier prisé de l’Agdal. Conçue pour offrir un cadre de vie d'une élégance rare, cette demeure allie avec harmonie le charme authentique marocain et le confort contemporain. Proposée non meublée, elle vous offre toute la liberté d'aménager ses généreux volumes à votr...",https://www.mubawab-media.com/ad/8/402/951F/h/photo_0_83082316.avif,9,2026-09-30
8418083,"Moderne, Chic",https://www.mubawab.ma/fr/a/8418083/moderne-chic,Location,Villa,Marrakech,Agdal,38 000 DH,38000,230m²,230,4 Pièces,3 Chambres,2 Salles de bains,"Jardin, Terrasse, Garage, Piscine, Chambre rangement, Meublé, Entre-seul, Salon européen, Cheminée, Climatisation, Chauffage central, Sécurité, Double vitrage, Porte blindée, Cuisine équipée, Réfrigérateur, Four, TV, Machine à laver, Micro-ondes, Animaux domestiques autorisés","FOCH Real Estate – Marrakech vous propose cette magnifique villa sur 3 façades, disponible à la location longue durée, idéalement située dans le quartier prisé de l’Agdal. Au rez-de-chaussée, vous découvrirez un lumineux et spacieux triple salon, un coin salle à manger convivial, des toilettes pour invités, ainsi qu’une cuisine fermée accompagnée d'une buanderie pratique directement accessible depuis le jardin. L'extérieur dispose d’un bel espa...",https://www.mubawab-media.com/ad/8/418/083F/h/photo_0_83247482.avif,17,2026-09-30
8415680,Sublime villa 5 suite proche agdal,https://www.mubawab.ma/fr/a/8415680/sublime-villa-5-suite-proche-agdal,Location,Villa,Marrakech,Agdal,39 000 DH,39000,350m²,350,6 Pièces,5 Chambres,5 Salles de bains,"Jardin, Terrasse, Vue sur les montagnes, Piscine, Concierge, Chambre rangement, Meublé, Salon européen, Cheminée, Climatisation, Double vitrage, Cuisine équipée, Réfrigérateur, Four, TV, Machine à laver, Micro-ondes","Découvrez cette villa contemporaine de 500 m² de terrain, un véritable havre de paix alliant luxe et confort. Elle comprend : •⁠ ⁠5 suites avec dressing et salle de bain •⁠ ⁠1 chambre de personnel •⁠ ⁠Grand salon avec cheminée •⁠ ⁠Cuisine moderne équipée •⁠ ⁠Climatisation centrale •⁠ ⁠Piscine privée 10x3m",https://www.mubawab-media.com/ad/8/415/680F/h/WhatsApp_Image_2026-09-14_at_21.58.24__2__83224741.avif,20,2026-09-30
8408097,Somptueuse villa à louer à Agdal. Superficie 400 m². Bien me...,https://www.mubawab.ma/fr/a/8408097/somptueuse-villa-%C3%A0-louer-%C3%A0-agdal-superficie-400-m%C2%B2-bien-meubl%C3%A9,Location,Villa,Marrakech,Agdal,40 000 DH,40000,400m²,400,6 Pièces,5 Chambres,4 Salles de bains,"Jardin, Terrasse, Garage, Piscine, Concierge, Meublé, Entre-seul, Salon européen, Antenne parabolique, Cheminée, Climatisation, Chauffage central, Sécurité, Double vitrage, Porte blindée, Cuisine équipée, Réfrigérateur, Four, TV, Machine à laver, Micro-ondes, Internet, Animaux domestiques autorisés","Découvrez cette somptueuse villa de luxe située à Amelkis, dans le quartier prisé d'Agdal à Marrakech, datant de 1 à 5 ans. Avec une superficie spacieuse de 400 m², ce joyau moderne offre un cadre de vie exceptionnel. À l'intérieur, l'ambiance est modernisée par un parquet prestigieux dans les chambres, créant une atmosphère cosy et chaleureuse. La villa comporte cinq chambres décorées avec élégance et quatre salles de bains luxueuses, dont l'un...",https://www.mubawab-media.com/ad/8/408/097F/h/photo_0_83135198.avif,13,2026-09-30
8382783,Spacieuse Villa a LOUER VIDE,https://www.mubawab.ma/fr/a/8382783/spacieuse-villa-a-louer-vide,Location,Villa,Marrakech,Agdal,43 000 DH,43000,600m²,600,8 Pièces,5 Chambres,3 Salles de bains,"Jardin, Garage, Piscine, Chambre rangement, Entre-seul, Salon européen, Antenne parabolique, Climatisation, Cuisine équipée, Four, Internet, Animaux domestiques autorisés","Description : Votre agence immobilière HB-immo sur Marrakech à le plaisir de vous proposer cette somptueuse et spacieuse villa à LOUER VIDE édifié sur un terrain de 1130m² situé à l’Agdal situé à quelque minute du centre de Marrakech proche de l’école Montessori Cette villa sans vis-à-vis comprend au rdc une belle entrée debouchant sur une grande superficie de vie avec coin salle à manger offrant, toilette reception , cuisine, petit salon à c...",https://www.mubawab-media.com/ad/8/382/783F/h/IMG_0826_82863287.avif,23,2026-09-21
8379623,"Villa Moderne aux Volumes Généreux, 5min du Centre",https://www.mubawab.ma/fr/a/8379623/villa-moderne-aux-volumes-g%C3%A9n%C3%A9reux-5min-du-centre,Location,Villa,Marrakech,Agdal,43 000 DH,43000,750m²,750,11 Pièces,5 Chambres,3 Salles de bains,"Jardin, Terrasse, Garage, Piscine, Chambre rangement, Entre-seul, Cheminée, Climatisation, Double vitrage","*** 4 chambres, 1 bureau, un parking sous sol, chambre avec slb personnel FOCH Real Estate est ravi de proposer cette villa de 5 chambres non meublée à la location longue durée à Marrakech. Idéalement située aux abords immédiats du Golf , dans le quartier chic et familial de l’Agdal, cette propriété bénéficie d’un emplacement stratégique à seulement 5 minutes du centre-ville et à quelques pas de l’école Montessori. Elle offre l’avantage rare d...",https://www.mubawab-media.com/ad/8/379/623F/h/photo_0_82829473.avif,17,2026-09-30
8404836,Villa Familiale – Emplacement Premium à l’Agdal,https://www.mubawab.ma/fr/a/8404836/villa-familiale-%E2%80%93-emplacement-premium-%C3%A0-l%E2%80%99agdal,Location,Villa,Marrakech,Agdal,43 000 DH,43000,750m²,750,12 Pièces,5 Chambres,3 Salles de bains,"Jardin, Terrasse, Garage, Vue sur les montagnes, Piscine, Chambre rangement, Meublé, Entre-seul, Salon Marocain, Salon européen, Cheminée, Climatisation, Sécurité, Double vitrage, Porte blindée, Cuisine équipée, Réfrigérateur, Four, TV, Machine à laver, Micro-ondes, Internet, Animaux domestiques autorisés","Située dans le quartier résidentiel et recherché de l’Agdal, à proximité immédiate du golf et à seulement 5 minutes du centre-ville, cette villa moderne non meublée offre un cadre de vie privilégié. Édifiée sur un terrain de 750 m², elle se distingue par ses beaux volumes, sa luminosité et ses espaces parfaitement adaptés à une vie de famille. Un Rez-de-Chaussée Ouvert sur les Extérieurs Le rez-de-chaussée accueille un vaste espace de récep...",https://www.mubawab-media.com/ad/8/404/836F/h/Appartement%20%2B%20Villa-01_83102270.avif,18,2026-09-30
8409501,Villa de haut standing à louer à Agdal. 5 grandes pièces. Me...,https://www.mubawab.ma/fr/a/8409501/villa-de-haut-standing-%C3%A0-louer-%C3%A0-agdal-5-grandes-pi%C3%A8ces-meubl%C3%A9,Location,Villa,Marrakech,Agdal,45 000 DH,45000,600m²,600,5 Pièces,4 Chambres,4 Salles de bains,"Jardin, Terrasse, Garage, Piscine, Concierge, Meublé, Salon européen, Climatisation, Sécurité, Double vitrage, Cuisine équipée, Réfrigérateur, Four, TV, Machine à laver, Micro-ondes, Internet, Animaux domestiques autorisés","Villa Argan Découvrez cette magnifique villa située dans le prestigieux domaine d’Argan, offrant un cadre de vie calme élégant et verdoyant. 4 suites spacieuses Beaux espaces verts Résidence sécurisée et recherchée Cadre idéal pour une vie familiale et confortable Emplacement privilégié à Marrakech Loyer : 45.000 DH / mois Location longue durée — Pour plus d’informations ou pour organiser une visite",https://www.mubawab-media.com/ad/8/409/501F/h/23eb3224-cc29-48e7-8dde-d0d102f48ca6_83151253.avif,17,2026-09-21
8304925,LOCATION Villa 5 suites haut standing Agdal,https://www.mubawab.ma/fr/a/8304925/location-villa-5-suites-haut-standing-agdal,Location,Villa,Marrakech,Agdal,45 000 DH,45000,500m²,500,5 Pièces,5 Chambres,4 Salles de bains,"Jardin, Garage, Piscine, Concierge, Meublé, Salon européen, Climatisation, Sécurité, Double vitrage, Cuisine équipée, Réfrigérateur, Four, TV, Machine à laver, Internet","Location – Villa Haut Standing Agdal – Derrière Morocco Mall SOUS LOCATION AUTORISÉE Superbe villa haut standing située dans un secteur très recherché d’Agdal, au sein d’une résidence sécurisée, idéale pour habitation ou sous-location autorisée. Caractéristiques : • Terrain : 500 m² • Surface bâtie : • RDC : 150 m² • Étage : 150 m² • Villa 3 façades • Aucun vis-à-vis • 4 chambres à l’étage • Salle d’eau entièrement refai...",https://www.mubawab-media.com/ad/8/304/925F/h/PHOTO-2026-06-08-12-53-08%206_82586136.avif,29,2026-09-30
8424158,Villa 5 suites piscine chauffée sous location,https://www.mubawab.ma/fr/a/8424158/villa-5-suites-piscine-chauff%C3%A9e-sous-location,Location,Villa,Marrakech,Agdal,45 000 DH,45000,300m²,300,6 Pièces,5 Chambres,6 Salles de bains,"Jardin, Terrasse, Garage, Vue sur les montagnes, Piscine, Concierge, Chambre rangement, Meublé, Entre-seul, Salon Marocain, Salon européen, Antenne parabolique, Climatisation, Chauffage central, Sécurité, Double vitrage, Cuisine équipée, Réfrigérateur, Four, TV, Machine à laver, Micro-ondes, Internet, Animaux domestiques autorisés","Villa rénovée avec piscine chauffée et sous-location autorisée Située dans le quartier Agdal, cette villa récemment rénovée offre un cadre élégant et confortable, idéal pour une résidence familiale ou un projet locatif. Elle comprend 5 chambres, 6 salles de bains, un salon européen, un salon marocain, une cuisine entièrement équipée, ainsi qu’une grande terrasse donnant sur un jardin privatif et une piscine chauffée. Prestations : climatisatio...",https://www.mubawab-media.com/ad/8/424/158F/h/IMG_3098_83314836.avif,30,2026-09-30
8288838,Opportunité 5 suites,https://www.mubawab.ma/fr/a/8288838/opportunit%C3%A9-5-suites,Location,Villa,Marrakech,Agdal,45 000 DH,45000,300m²,300,6 Pièces,5 Chambres,6 Salles de bains,"Jardin, Terrasse, Garage, Vue sur les montagnes, Piscine, Concierge, Chambre rangement, Meublé, Entre-seul, Salon Marocain, Salon européen, Climatisation, Chauffage central, Sécurité, Double vitrage, Cuisine équipée, Réfrigérateur, Four, TV, Machine à laver, Micro-ondes, Internet, Animaux domestiques autorisés","Villa Haut Standing Agdal – Proche morroco mall Disponible à partir du mois de septembre. Superbe villa haut standing située dans un secteur très recherché d’Agdal, au sein d’une résidence sécurisée, idéale pour habitation ou sous-location autorisée. Caractéristiques : • Terrain : 500 m² • Surface bâtie : • RDC : 150 m² • Étage : 150 m² • Villa 3 façades • Aucun vis-à-vis • 4 suites à l’étage chacune sa salle de bain ainsi qu’un espace rangemen...",https://www.mubawab-media.com/ad/8/288/838F/h/IMG_1974_82304100.avif,32,2026-09-30
8418315,Belle villa meublée à louer à Agdal,https://www.mubawab.ma/fr/a/8418315/belle-villa-meubl%C3%A9e-%C3%A0-louer-%C3%A0-agdal,Location,Villa,Marrakech,Agdal,45 000 DH,45000,220m²,220,5 Pièces,3 Chambres,3 Salles de bains,"Jardin, Garage, Piscine, Concierge, Meublé, Entre-seul, Salon européen, Antenne parabolique, Cheminée, Climatisation, Chauffage central, Sécurité, Cuisine équipée, Réfrigérateur, Four, TV, Machine à laver","Jolie villa meublée en location longue durée à Agdal , Située dans une résidence Golfique fermée et sécurisée , L'agence immobilière Marrakesh Opportunity vous propose à la location une villa moderne meublée épurée et chic ,disposant d'un grand salon avec coin cheminée ,salle à manger.3 chambres ,2 salles de bains, des toilettes d'invités , une chambre de Personnel avec sa salle de douche une buanderie, une Piscine avec pompe à chaleur pour chauf...",https://www.mubawab-media.com/ad/8/418/315F/h/nWCWfErY1u6WoDNPbksK_83250243.avif,18,2026-09-30
7245301,Très belle villa en location saisonnière à Agdal. Surface to...,https://www.mubawab.ma/fr/a/7245301/tr%C3%A8s-belle-villa-en-location-saisonni%C3%A8re-%C3%A0-agdal-surface-totale-400-m%C2%B2-bien-meubl%C3%A9,Location,Villa,Marrakech,Agdal,45 000 DH,45000,400m²,400,6 Pièces,4 Chambres,4 Salles de bains,"Jardin, Terrasse, Garage, Ascenseur, Vue sur les montagnes, Piscine, Concierge, Chambre rangement, Meublé, Entre-seul, Salon Marocain, Salon européen, Antenne parabolique, Cheminée, Climatisation, Chauffage central, Sécurité, Double vitrage, Porte blindée, Cuisine équipée, Réfrigérateur, Four, TV, Machine à laver, Micro-ondes, Internet","Une villa idéal en location Longue durée. Prix 45 000 DH. 6 pièces, 04 chambres, 4 salles de bains, superficie 400 m². Moins de 20 ans. Revêtement: Marbre. Meublé. Cette villa est à louer saisonnièrement à Agdal. Dispose d'une terrasse, une places de parking. Confort et sécurité avec service de conciergerie, piscine et cheminée. Pour visiter cette villa en location saisonnière à Marrakech. Confort et sécurité avec chauffage central, porte blin...",https://www.mubawab-media.com/ad/7/245/301F/h/19c01af3-4df0-4741-9c67-d5bcdffb1067_79168428.avif,20,2026-09-30
8287808,Somptueuse villa à louer à Agdal. 6 grandes pièces. Meublé,https://www.mubawab.ma/fr/a/8287808/somptueuse-villa-%C3%A0-louer-%C3%A0-agdal-6-grandes-pi%C3%A8ces-meubl%C3%A9-,Location,Villa,Marrakech,Agdal,50 000 DH,50000,500m²,500,6 Pièces,5 Chambres,6 Salles de bains,"Jardin, Terrasse, Garage, Vue sur les montagnes, Piscine, Chambre rangement, Meublé, Salon européen, Cheminée, Climatisation, Chauffage central, Cuisine équipée, Réfrigérateur, Four, Machine à laver, Micro-ondes","Louez cette somptueuse villa. Prix 50 000 DH. 6 pièces, 6 salles de bains privatives, 500 m². 5 chambres à coucher. Moins de 5 ans. Revêtement: Marbre. Propriété entièrement meublée. Cette magnifique villa est en location à Agdal. Nombreux équipements : cheminée, climatisation et piscine. Les extérieurs se composent d'un jardin et d'une terrasse. Contactez-nous pour visiter cette villa à vendre à Marrakech. Confort absolu avec le chauffage cent...",https://www.mubawab-media.com/ad/8/287/808F/h/photo_00_81799120.avif,25,2026-09-30
8406628,Villa d’exception,https://www.mubawab.ma/fr/a/8406628/villa-d%E2%80%99exception,Location,Villa,Marrakech,Agdal,55 000 DH,55000,500m²,500,7 Pièces,5 Chambres,4 Salles de bains,"Jardin, Piscine, Double vitrage, Cuisine équipée, Réfrigérateur, Four, TV, Machine à laver, Micro-ondes, Internet, Animaux domestiques autorisés","FOCH Real Estate – Marrakech vous propose cette superbe villa entièrement meublée à la location longue durée, idéalement située en première ligne de golf dans le secteur très prisé de l'Agdal. La villa propose de magnifiques prestations réparties sur plusieurs niveaux : Au premier étage : Une élégante suite comprenant une chambre confortable et sa salle de bain privative. Au rez-de-jardin : Trois suites supplémentaires, portant l'ensemble à 4...",https://www.mubawab-media.com/ad/8/406/628F/h/photo_0_83122381.avif,13,2026-09-30
8308508,A LOUER Luxueuse Villa neuve 5 suites meublée,https://www.mubawab.ma/fr/a/8308508/a-louer-luxueuse-villa-neuve-5-suites-meubl%C3%A9e,Location,Villa,Marrakech,Agdal,55 000 DH,55000,300m²,300,8 Pièces,5 Chambres,6 Salles de bains,"Jardin, Terrasse, Garage, Vue sur les montagnes, Piscine, Concierge, Chambre rangement, Meublé, Salon européen, Cheminée, Climatisation, Sécurité, Double vitrage, Cuisine équipée, Réfrigérateur, Four, TV, Machine à laver, Micro-ondes","ABFR IMMO PRESTIGE vous propose cette villa neuve meublée à louer en longue durée, située dans le secteur prisé de l’Agdal à Marrakech, au sein d’une résidence sécurisée et à seulement 10 minutes du centre-ville. Cette villa, entièrement meublée et équipée, offre de beaux volumes et des prestations de qualité. Caractéristiques et prestations : * 5 suites, chacune disposant de sa salle de bain privative et de placards * Cuisine entièreme...",https://www.mubawab-media.com/ad/8/308/508F/h/WhatsApp_Image_2026-09-06_at_17.55.06__1__83167538.avif,32,2026-09-30
8397130,Luxueuse Villa 4 suites Locat longue durée Bd M6,https://www.mubawab.ma/fr/a/8397130/luxueuse-villa-4-suites-locat-longue-dur%C3%A9e-bd-m6,Location,Villa,Marrakech,Agdal,75 000 DH,75000,600m²,600,7 Pièces,5 Chambres,6 Salles de bains,"Jardin, Terrasse, Garage, Ascenseur, Vue sur les montagnes, Piscine, Entre-seul, Salon européen, Antenne parabolique, Cheminée, Climatisation, Chauffage central, Sécurité, Double vitrage, Porte blindée, Cuisine équipée, Réfrigérateur, Four, TV, Machine à laver, Micro-ondes, Internet","LUXUEUSE VILLA LOCATION LONGUE DURÉE Agdal Marrakech Villa 4 façades avec piscine privée, jardin paysager et 3 suites avec terrasses. Sous-sol : Salle de cinéma, Bar, Suite avec terrasse, Chambre pour femme de ménage avec cuisine et salle de bain, Ascenseur. Rez-de-chaussée : Double salon, Espace salle à manger, Cuisine fermée entièrement équipée avec accès au jardin, Jardin paysager, Grande piscine, Plusieurs places de parking, Villa 4...",https://www.mubawab-media.com/ad/8/397/130F/h/WhatsApp%20Image%202026-08-08%20at%2017.57.15yutyu_83021053.avif,32,2026-09-30
8358210,Villa Contemporaine d’exception Agdal En Location,https://www.mubawab.ma/fr/a/8358210/villa-contemporaine-d%E2%80%99exception-agdal-en-location,Location,Villa,Marrakech,Agdal,90 000 DH,90000,764m²,764,9 Pièces,4 Chambres,6 Salles de bains,"Jardin, Terrasse, Garage, Vue sur les montagnes, Piscine, Concierge, Chambre rangement, Meublé, Entre-seul, Salon Marocain, Salon européen, Antenne parabolique, Cheminée, Climatisation, Sécurité, Double vitrage, Porte blindée, Cuisine équipée, Réfrigérateur, Four, TV, Machine à laver, Micro-ondes, Internet, Animaux domestiques autorisés","LOCATION LONGUE DUREE PRIX : 90.000 DHS/MOIS FRAIS D'AGENCE : 30.000 DHS Villa contemporaine d’exception – Avenue Mohammed VI, Marrakech Située sur la prestigieuse Avenue Mohammed VI, à seulement 5 minutes de l’aéroport et du centre-ville, cette villa contemporaine neuve offre un cadre de vie exclusif au cœur de Marrakech. La propriété développe environ 764 m² répartis sur sous-sol, rez-de-chaussée et étage. Elle sé...",https://www.mubawab-media.com/ad/8/358/210F/h/WhatsApp%20Image%202026-03-30%20at%2023.50.07%20%282%29_82553625.avif,27,2026-09-30
8413525,Très bel appartement en location à Agdal. 2 belles chambres...,https://www.mubawab.ma/fr/a/8413525/tr%C3%A8s-bel-appartement-en-location-%C3%A0-agdal-2-belles-chambres-bien-meubl%C3%A9,Location,Appartement,Marrakech,Agdal,140 000 DH,140000,85m²,85,3 Pièces,2 Chambres,2 Salles de bains,"Piscine, Concierge, Meublé, Salon européen, Climatisation, Cuisine équipée, Réfrigérateur, Four, TV","Situé dans le quartier prisé d'Agdal à Marrakech, cet appartement offre à ses locataires un cadre de vie raffiné et confortable. Cette propriété, qui présente un excellent état de conservation, s'étend sur une surface de 85 m² et se distingue par un sol en parquet d'une élégance indéniable. Le parquet est présent dans tout l'espace intérieur, apportant une touche chaleureuse et sophistiquée aussi bien dans le salon européen que dans les chambres...",https://www.mubawab-media.com/ad/8/413/525F/h/692096e2-ee58-47e7-8260-474a2a1915b4_83197177.avif,19,2026-09-30
8378423,Appartement deux chambres à Agdal avec piscine,https://www.mubawab.ma/fr/a/8378423/appartement-deux-chambres-%C3%A0-agdal-avec-piscine,Vente,Appartement,Marrakech,Agdal,304 000 DH,304000,141m²,141,5 Pièces,2 Chambres,2 Salles de bains,"Jardin, Garage, Piscine, Chambre rangement, Cheminée, Chauffage central, Sécurité, Double vitrage, Cuisine équipée","L’agence immobilière Vaneau Maroc vous présente un magnifique appartement à vendre dans une résidence avec piscine, située dans le quartier prisé d’Agdal, à 10 minutes du centre ville. Cet appartement spacieux de 141 m² se compose de deux chambres, dont une avec salle de bain privative. Vous y trouverez également une cuisine entièrement équipée, un coin salon avec cheminée et télévision, un grand salon, une salle à manger, ainsi qu’une véranda a...",https://www.mubawab-media.com/ad/8/378/423F/h/befc91ae9f5f71da1ed8d26aa4364313_698c2bb137_1920-big_82816087.avif,30,2026-09-30
8285613,Terrain à bâtir – Résidence Atlas Golf Chrifia,https://www.mubawab.ma/fr/a/8285613/terrain-%C3%A0-b%C3%A2tir-%E2%80%93-r%C3%A9sidence-atlas-golf-chrifia,Vente,Villa,Marrakech,Agdal,398 000 DH,398000,1107m²,1107,,,,,"En exclusivité chez PAVIMMO, découvrez ce terrain de 11,07 ares (1 107 m²) idéalement situé autour de l’Atlas Golf Chrifia / Agdal, sur la route d’Amizmiz. Son emplacement est particulièrement recherché : • 4 minutes du nouveau Morocco Mall, • 4 minutes d’une nouvelle école, • À quelques minute du Gravity Park et de l’Oasiria. Le terrain permet la construction d’une villa 4 façades sur 3 niveaux avec rooftop ( cave REZ 1 ), offrant une...",https://www.mubawab-media.com/ad/8/285/613F/h/611648239_2100761567341232_2979849491289252735_n_81776647.avif,10,2026-09-30
8402998,"Villa plain pied 184 m² 4 suites Route de l’Ourika, Marrake...",https://www.mubawab.ma/fr/a/8402998/villa-plain-pied-184-m%C2%B2-4-suites-route-de-l%E2%80%99ourika-marrakech,Vente,Villa,Marrakech,Agdal,440 000 DH,440000,184m²,184,5 Pièces,4 Chambres,4 Salles de bains,"Jardin, Garage, Piscine, Meublé, Salon Marocain, Salon européen, Antenne parabolique, Cheminée, Climatisation, Chauffage central, Sécurité, Double vitrage, Porte blindée, Cuisine équipée, Réfrigérateur, Four, Machine à laver, Micro-ondes","Magnifique villa de plain-pied à vendre sur la prestigieuse Route de l’Ourika, à seulement 9 minutes d’Almazar et du quartier recherché de l’Agdal. Un emplacement privilégié offrant un cadre paisible et verdoyant tout en restant à proximité immédiate du centre-ville de Marrakech. La villa développe 184 m² construits sur un terrain de 500 m². Elle s’organise autour d’un grand espace de vie lumineux et convivial, ouvert sur le jardin. Les 4 chamb...",https://www.mubawab-media.com/ad/8/402/998F/h/photo_0_83082970.avif,13,2026-09-30
8152022,Villa à Vendre – AGDAL,https://www.mubawab.ma/fr/a/8152022/villa-%C3%A0-vendre-%E2%80%93-agdal,Vente,Villa,Marrakech,Agdal,590 000 DH,590000,490m²,490,,5 Chambres,3 Salles de bains,"Jardin, Piscine, Entre-seul, Sécurité","À Vendre – Villa de prestige de 480 m² à Agdal, Marrakech – Proximité Menara Mall Nichée dans le quartier résidentiel et prisé d’Agdal, cette élégante villa de 480 m² offre un cadre de vie raffiné, calme et parfaitement adapté à un mode de vie familial ou à une résidence de standing. Caractéristiques de la villa : Sous-sol : Une cuisine moderne, spacieuse et entièrement équipée, accompagnée d’une chambre fonctionnelle, idéale pour le per...",https://www.mubawab-media.com/ad/8/152/022F/h/file_1748361833_5161635_80368011.avif,19,2026-09-30
8400597,Terrain dans un lotissement Riad Ourika,https://www.mubawab.ma/fr/a/8400597/terrain-dans-un-lotissement-riad-ourika,Vente,Riad,Marrakech,Agdal,630 000 DH,630000,134m²,134,,,,,"Bien situé! À proximité des jardins d'Agdal, à la fin de l'Avenue Mohamed 6, le Circuit My El Hassan et le nouveau Morocco Mall. 134 m2 dont 100 m2 constructible et 34m2 jardin",https://www.mubawab-media.com/ad/8/400/597F/h/Terrain%20koko_83057389.avif,1,2026-09-30
8413421,"Villa neuve 4 suites avec piscine – Agdal, Marrakech",https://www.mubawab.ma/fr/a/8413421/villa-neuve-4-suites-avec-piscine-%E2%80%93-agdal-marrakech,Vente,Villa,Marrakech,Agdal,700 000 DH,700000,555m²,555,5 Pièces,4 Chambres,4 Salles de bains,"Jardin, Terrasse, Garage, Piscine, Chambre rangement, Meublé, Salon Marocain, Salon européen, Antenne parabolique, Cheminée, Climatisation, Chauffage central, Sécurité, Double vitrage, Porte blindée, Cuisine équipée, Réfrigérateur, Four, Machine à laver, Micro-ondes","Century 21 Agence 7132 Real Estate vous présente en exclusivité cette superbe villa de construction récente, située dans l’un des quartiers les plus recherchés de Marrakech : l’Agdal. Érigée sur un terrain de 555 m², la villa offre 371 m² habitables aux finitions soignées. Elle se compose de quatre suites, chacune avec sa salle de bain, et d’une cuisine entièrement aménagée et équipée. À l’extérieur, une piscine privée complète ce cadre de vie c...",https://www.mubawab-media.com/ad/8/413/421F/h/photo_00_83195547.avif,10,2026-09-30
8340208,Vente d'un bel appartement à Agdal. Surface totale 75 m². ...,https://www.mubawab.ma/fr/a/8340208/vente-d-un-bel-appartement-%C3%A0-agdal-surface-totale-75-m%C2%B2-porte-blind%C3%A9e-salon-marocain,Vente,Appartement,Marrakech,Agdal,850 000 DH,850000,75m²,75,2 Pièces,2 Chambres,3 Salles de bains,"Jardin, Terrasse, Vue sur les montagnes, Salon Marocain, Porte blindée","Appartement idéal à la vente. Prix 850 000 DH. 2 pièces, 3 salles de bains, superficie 75 m². 2 chambres. 2ème étage. Moins d'un an. Revêtement: Carrelage. Porte blindée et superbe vue sur les montagnes. Cet appartement est en vente à Agdal. Les extérieurs se composent d'un jardin et d'une terrasse. Confort et tradition avec salon marocain. Programmez dès maintenant votre visite pour cet appartement d'exception à Marrakech",https://www.mubawab-media.com/ad/8/340/208F/h/photo_00_82361969.avif,19,2026-09-30
8192632,"Investissement à Agdal, à deux pas du Maroco MALL",https://www.mubawab.ma/fr/a/8192632/investissement-%C3%A0-agdal-%C3%A0-deux-pas-du-maroco-mall,Vente,Autre,Marrakech,Agdal,1 165 000 DH,1165000,57m²,57,1 Pièce,1 Ch.,1 Salle de bain,"Jardin, Terrasse, Garage, Ascenseur, Piscine, Concierge, Climatisation, Sécurité, Double vitrage, Cuisine équipée, Four","Située sur le prestigieux boulevard Mohammed VI, au cœur du quartier Agdal, cette nouvelle résidence de haut standing offre un cadre de vie moderne, pensé pour allier confort, prestations de qualité et services exclusifs. Une architecture contemporaine et des équipements premium La résidence se distingue par ses nombreuses infrastructures : Trois piscines extérieures (160 m², 100 m² et 60 m²) Une piscine intérieure chauffée Un kids c...",https://www.mubawab-media.com/ad/8/192/632F/h/WhatsApp%20Image%202025-07-28%20at%2015.59.43_80789468.avif,11,2026-09-30
8361326,Programme neuf à Agdal avec piscine,https://www.mubawab.ma/fr/a/8361326/programme-neuf-%C3%A0-agdal-avec-piscine,Vente,Appartement,Marrakech,Agdal,1 265 000 DH,1265000,41m²,41,2 Pièces,1 Ch.,1 Salle de bain,"Jardin, Garage, Ascenseur, Piscine, Concierge, Climatisation, Chauffage central, Sécurité, Double vitrage, Cuisine équipée, Four","Appartements neufs très haut standing à vendre à Agdal, Marrakech — résidence avec services premium Vous propose une opportunité rare dans le très recherché quartier Agdal, sur le Boulevard Mohammed V à Marrakech. Cette résidence contemporaine de très haut standing en R3 propose des appartements d'exception alliant architecture moderne, finitions premium et art de vivre incomparable, dans l'un des secteurs les mieux situés de la ville. Des...",https://www.mubawab-media.com/ad/8/361/326F/h/PHOTO-2026-05-19-11-34-01%202_82587822.avif,20,2026-09-30
8225132,Haut standing avec piscine,https://www.mubawab.ma/fr/a/8225132/haut-standing-avec-piscine,Vente,Villa,Marrakech,Agdal,1 300 000 DH,1300000,50m²,50,2 Pièces,1 Ch.,1 Salle de bain,"Terrasse, Garage, Piscine, Concierge, Meublé, Salon européen, Climatisation, Chauffage central, Sécurité, Double vitrage, Cuisine équipée, Réfrigérateur, Four, Machine à laver, Micro-ondes","Nous vous présentons un projet immobilier haut standing idéalement situé dans le prestigieux quartier Agdal à Marrakech. Une adresse d’exception pour investir ou s’installer, combinant emplacement stratégique, prestations premium et large choix de biens. ⸻ Magasins & Showrooms • Prix : 40 000 DH/m² • Petites surfaces : 30 000 DH/m² ⸻ Villas Haut Standing • Superficie : à partir de 430 m² • Prix : dès 5 800 000 DH ⸻ App...",https://www.mubawab-media.com/ad/8/225/132F/h/photo_0_81125300.avif,13,2026-09-30
8309572,"À vendre : villa exclusive à Agdal, Marrakech",https://www.mubawab.ma/fr/a/8309572/%C3%A0-vendre-villa-exclusive-%C3%A0-agdal-marrakech,Vente,Villa,Marrakech,Agdal,1 320 000 DH,1320000,1050m²,1050,2 Pièces,4 Chambres,4 Salles de bains,"Jardin, Terrasse, Ascenseur, Vue sur les montagnes, Piscine, Meublé, Entre-seul, Salon européen, Climatisation, Double vitrage, Porte blindée, Cuisine équipée, Réfrigérateur, Four, Machine à laver","Située dans le prestigieux quartier résidentiel d'Agdal, cette exceptionnelle villa entièrement meublée (design italien) offre un mode de vie raffiné et luxueux au cœur de Marrakech. Cette maison moderne et élégante allie architecture contemporaine et subtils influences marocaines, créant ainsi une atmosphère stylée et chaleureuse. La villa est vendue entièrement meublée (design italien) et décorée avec goût, prête à emménager ou idéale pour la...",https://www.mubawab-media.com/ad/8/309/572F/h/32F4ABEA-FA94-4806-B7A3-1AE67FD1534A_82030517.avif,31,2026-09-30
8389414,Lots de Villa 250m à Chrifia Agdal Marrakech,https://www.mubawab.ma/fr/a/8389414/lots-de-villa-250m-%C3%A0-chrifia-agdal-marrakech,Vente,Villa,Marrakech,Agdal,1 350 000 DH,1350000,250m²,250,,,,,Lots de Villa 250m Bond à Côté Argan Golf Resort Marrakech Prix: 135Million,https://www.mubawab-media.com/ad/8/389/414F/h/photo_00_82935413.avif,2,2026-09-30
8294753,O7O1O7O2O7 c'est mon numér Appartement à prestigia,https://www.mubawab.ma/fr/a/8294753/o7o1o7o2o7-c-est-mon-num%C3%A9r-appartement-%C3%A0-prestigia,Vente,Appartement,Marrakech,Agdal,1 350 000 DH,1350000,59m²,59,4 Pièces,1 Ch.,1 Salle de bain,"Jardin, Terrasse, Garage, Vue sur les montagnes, Piscine, Concierge, Façade extérieure, Climatisation, Chauffage central, Double vitrage, Porte blindée",Appartement de luxe à prestigia Résidence avec piscines jardin parking sécurisé agdal,https://www.mubawab-media.com/ad/8/294/753F/h/IMG-20251222-WA0092_81872709.avif,1,2026-09-30
8251076,Appartement 1 chambre à vendre à Agdal Marrakech,https://www.mubawab.ma/fr/a/8251076/appartement-1-chambre-%C3%A0-vendre-%C3%A0-agdal-marrakech,Vente,Appartement,Marrakech,Agdal,1 500 000 DH,1500000,77m²,77,1 Pièce,1 Ch.,1 Salle de bain,"Jardin, Terrasse, Garage, Ascenseur, Piscine, Concierge, Meublé, Façade extérieure, Salon européen, Climatisation, Sécurité, Cuisine équipée, Réfrigérateur, Four, Machine à laver, Micro-ondes","Vous cherchez un appartement moderne dans un cadre calme et verdoyant ? Cet appartement de 77 m², situé au 1er étage d’une résidence sécurisée avec piscines, est fait pour vous. Emplacement stratégique : • À 2 minutes du Morocco Mall • À 5 minutes de l’aéroport • À 12 minutes du centre-ville Composition : • Grande chambre avec salle de bain • Salon lumineux terrasse sans vis-à-vis • Cuisine équipée avec buanderie • Toilettes invités sépa...",https://www.mubawab-media.com/ad/8/251/076F/h/IMG_6272_81396271.avif,12,2026-09-30
8410663,Vente d'un bel appartement à Agdal,https://www.mubawab.ma/fr/a/8410663/vente-d-un-bel-appartement-%C3%A0-agdal,Vente,Appartement,Marrakech,Agdal,1 600 000 DH,1600000,94m²,94,2 Pièces,2 Chambres,2 Salles de bains,"Garage, Piscine","APPARTEMENT À VENDRE – REZ-DE-CHAUSSÉE – MARRAKECH L'agence M-Signature Luxury propose à la vente cet appartement en rez-de-chaussée, idéalement situé à Marrakech .Caractéristiques principales Superficie : 94 m² Configuration : 2 chambres et 2 salles de bains Prix : 1 600 000 DH Frais d'agence : 2,5 % Prestations & Équipements Appartement situé en rez-de-chaussée Résidence sécurisée avec piscine commune Place de parking attribuée Dossier et...",https://www.mubawab-media.com/ad/8/410/663F/h/IMG_7768_83164967.avif,15,2026-09-30
8418818,Vente d'un bel appartement à Agdal. Superficie 45 m². Meub...,https://www.mubawab.ma/fr/a/8418818/vente-d-un-bel-appartement-%C3%A0-agdal-superficie-45-m%C2%B2-meubl%C3%A9,Vente,Appartement,Marrakech,Agdal,1 650 000 DH,1650000,45m²,45,2 Pièces,1 Ch.,1 Salle de bain,"Jardin, Garage, Piscine, Concierge, Chambre rangement, Meublé, Façade extérieure, Salon européen, Climatisation, Cuisine équipée, Réfrigérateur, Four, Machine à laver, Micro-ondes","Situé dans le prestigieux quartier d'Agdal à Marrakech, cet appartement exceptionnel, construit il y a de 1 à 5 ans, offre un cadre de vie moderne et confortable avec une surface de 45 m². Le logement est situé au rez-de-chaussée et dispose d'une orientation nord, garantissant une fraîcheur agréable tout au long de l'année grâce également à son système de climatisation. La propriété présente une façade extérieure élégante et des sols en marbre...",https://www.mubawab-media.com/ad/8/418/818F/h/photo_00_83256225.avif,19,2026-09-30
8422951,"A vendre neuf jamais habité – Agdal Marrakech, 96 m², Piscin...",https://www.mubawab.ma/fr/a/8422951/a-vendre-neuf-jamais-habit%C3%A9-%E2%80%93-agdal-marrakech-96-m%C2%B2-piscine-terrasse,Vente,Appartement,Marrakech,Agdal,1 700 000 DH,1700000,96m²,96,3 Pièces,2 Chambres,2 Salles de bains,"Terrasse, Vue sur les montagnes, Piscine, Concierge, Chambre rangement, Façade extérieure, Sécurité, Cuisine équipée","Situé au cœur du quartier recherché de l’Agdal à Marrakech, cet appartement de 96 m², livré récemment et jamais habité, offre un cadre de vie moderne, élégant et confortable. Dès l’entrée, l’appartement séduit par ses finitions soignées et ses beaux volumes. Il se compose de : * Un salon lumineux ouvert sur l’extérieur * Une terrasse privée agréable * Une cuisine entièrement équipée * 2 chambres spacieuses avec parquet * 2 salles de bains moder...",https://www.mubawab-media.com/ad/8/422/951F/h/photo_0_83301911.avif,11,2026-09-30
8304131,A vendre dans l'agdal terrain pour villa,https://www.mubawab.ma/fr/a/8304131/a-vendre-dans-l-agdal-terrain-pour-villa,Vente,Villa,Marrakech,Agdal,1 700 000 DH,1700000,378m²,378,,,,,"Terrain très bien situé dans le quartier prisé de l'Agdal dans Argan extension. Collé au golf Argan, ce lot de terrain est très bien orienté. Constructible en R1 avec possibilité de disposer d'une cave. Ce lot de terrain peut être vendu à des non marocains puisqu'il n'y a pas de VNA à demander pour ce lot",https://www.mubawab-media.com/ad/8/304/131F/h/Capture%20d%27%C3%A9cran%202026-02-16%20115357_81974651.avif,1,2026-09-30
8343799,Restaurant & golf indoor à Marrakech à vendre,https://www.mubawab.ma/fr/a/8343799/restaurant-golf-indoor-%C3%A0-marrakech-%C3%A0-vendre,Vente,Autre,Marrakech,Agdal,1 800 000 DH,1800000,342m²,342,,,1 Salle de bain,"Climatisation, Sécurité, Cuisine équipée","Emplacement premium au centre de Marrakech, quartier Agdal, au sein d’un centre commercial dynamique. Concept clé en main comprenant un restaurant et un golf indoor sous une même enseigne, prêt à exploiter immédiatement. Superficie totale d’environ 220 m², hors mezzanine de stockage de 70 m² et hors grande terrasse extérieure permettant l’installation d'une dizaine de tables pour le service, aménagées de parasols et de plantes. Restaurant...",https://www.mubawab-media.com/ad/8/343/799F/h/Image%20%2874%29_82395297.avif,7,2026-09-30
8189385,Local commercial à vendre à Agdal. Superficie 1285 m². Cuisi...,https://www.mubawab.ma/fr/a/8189385/local-commercial-%C3%A0-vendre-%C3%A0-agdal-superficie-1285-m%C2%B2-cuisine-bien-%C3%A9quip%C3%A9e,Vente,Commerce,Marrakech,Agdal,1 800 000 DH,1800000,1285m²,1285,,,2 Salles de bains,"Climatisation, Sécurité, Cuisine équipée","Achetez votre local commercial. Prix 14 500 000 DH. 2 salles de bains, surface de 1285 m². 2ème étage. Moins de 20 ans. Air conditionné. Ce local est en vente à Agdal, Marrakech. Cuisine bien équipée. Résidence sécurisée",https://www.mubawab-media.com/ad/8/189/385F/h/hafid%20009_80756674.avif,8,2026-09-30
8186600,Appartement conçu pour votre confort,https://www.mubawab.ma/fr/pa/8186600/appartement-con%C3%A7u-pour-votre-confort,Vente,Riad,Marrakech,Agdal,1 830 000 DH,1830000,84m²,84,3 Pièces,2 Chambres,2 Salles de bains,"Jardin, Terrasse, Garage, Ascenseur, Piscine, Concierge, Salon Marocain, Sécurité, Cuisine équipée","Riad Garden dévoile sa nouvelle tranche dans le prestigieux quartier de l’Agdal, sur l’avenue Mohammed VI à Marrakech. Cette résidence haut standing incarne l’élégance et le raffinement grâce à ses matériaux nobles et son agencement optimisé, offrant un confort inégalé. Idéalement située, Riad Garden propose un cadre unique avec une vue imprenable sur les montagnes de l’Atlas, des espaces paysagers, des piscines et des équipements pensés pour...",https://www.mubawab-media.com/ad/8/186/600F/h/11_80666077_80729479.avif,15,2026-09-30
8219376,Votre nouvel appartement d’exception,https://www.mubawab.ma/fr/pa/8219376/votre-nouvel-appartement-d%E2%80%99exception,Vente,Riad,Marrakech,Agdal,1 830 000 DH,1830000,84m²,84,3 Pièces,2 Chambres,2 Salles de bains,"Jardin, Terrasse, Garage, Ascenseur, Piscine, Concierge, Salon Marocain, Sécurité, Cuisine équipée","Riad Garden dévoile sa nouvelle tranche dans le prestigieux quartier de l’Agdal, sur l’avenue Mohammed VI à Marrakech. Cette résidence haut standing incarne l’élégance et le raffinement grâce à ses matériaux nobles et son agencement optimisé, offrant un confort inégalé. Idéalement située, Riad Garden propose un cadre unique avec une vue imprenable sur les montagnes de l’Atlas, des espaces paysagers, des piscines et des équipements pensés pour...",https://www.mubawab-media.com/ad/8/219/376F/h/2_80666068_81062727.avif,14,2026-09-30
8417478,Appartement de standing a vendre,https://www.mubawab.ma/fr/a/8417478/appartement-de-standing-a-vendre,Vente,Appartement,Marrakech,Agdal,1 850 000 DH,1850000,98m²,98,3 Pièces,2 Chambres,2 Salles de bains,"Terrasse, Garage, Piscine, Concierge, Salon européen, Climatisation, Sécurité","A deux pas du centre ville, notre agence LE COMPTOIR vous présente ce magnifique appartement récent, moderne à la vente. Appartement 2 chambres – 98 m² – RDC – Résidence avec piscine – Zone Agdal Bel appartement de 98 m², situé au rez-de-chaussée d’une résidence sécurisée avec piscine dans le très recherché quartier Agdal. Ce bien offre un cadre de vie agréable, calme et fonctionnel, idéal pour une résidence principale ou un investissement loca...",https://www.mubawab-media.com/ad/8/417/478F/h/appartement-maroc-immo-vente-location-achat-marrakech-agdal-ville-vacances__1__83241213.avif,17,2026-09-30
8338949,Appartement à l'achat à Agdal. 3 pièces confortables. Bien m...,https://www.mubawab.ma/fr/a/8338949/appartement-%C3%A0-l-achat-%C3%A0-agdal-3-pi%C3%A8ces-confortables-bien-meubl%C3%A9,Vente,Appartement,Marrakech,Agdal,1 900 000 DH,1900000,90m²,90,3 Pièces,2 Chambres,2 Salles de bains,"Jardin, Garage, Vue sur les montagnes, Piscine, Concierge, Chambre rangement, Meublé, Façade extérieure, Salon européen, Climatisation, Sécurité, Cuisine équipée, Réfrigérateur, Four, Machine à laver, Micro-ondes","Faites une belle affaire en achetant cet appartement. Prix 1 900 000 DH. 2 chambres, 2 salles de bains, 90 m². 3 pièces. Moins de 5 ans. Type de sol: Marbre. Propriété entièrement meublée. Idéal si vous souhaitez acheter un appartement à Agdal. Appréciez le confort de la climatisation. La résidence dispose également d'un service de concierge et d'une piscine. Cuisine entièrement équipée. Profitez d'une vue inégalable sur les montagnes",https://www.mubawab-media.com/ad/8/338/949F/h/photo_00_82341243.avif,11,2026-09-30
8182945,Appartement haut de standing élégant et raffiné,https://www.mubawab.ma/fr/pa/8182945/appartement-haut-de-standing-%C3%A9l%C3%A9gant-et-raffin%C3%A9,Vente,Riad,Marrakech,Agdal,1 960 000 DH,1960000,89m²,89,3 Pièces,2 Chambres,2 Salles de bains,"Jardin, Terrasse, Garage, Ascenseur, Piscine, Concierge, Salon Marocain, Sécurité, Cuisine équipée","Riad Garden dévoile sa nouvelle tranche dans le prestigieux quartier de l’Agdal, sur l’avenue Mohammed VI à Marrakech. Cette résidence haut standing incarne l’élégance et le raffinement grâce à ses matériaux nobles et son agencement optimisé, offrant un confort inégalé. Idéalement située, Riad Garden propose un cadre unique avec une vue imprenable sur les montagnes de l’Atlas, des espaces paysagers, des piscines et des équipements pensés pour...",https://www.mubawab-media.com/ad/8/182/945F/h/2_80666068_80691969.avif,15,2026-09-30
8384659,Magnifique appartement 100 mètres carré agdal,https://www.mubawab.ma/fr/a/8384659/magnifique-appartement-100-m%C3%A8tres-carr%C3%A9-agdal,Vente,Appartement,Marrakech,Agdal,2 000 000 DH,2000000,100m²,100,3 Pièces,2 Chambres,2 Salles de bains,"Terrasse, Garage, Vue sur les montagnes, Salon européen, Climatisation, Double vitrage, Cuisine équipée, Réfrigérateur, Four, Machine à laver, Micro-ondes","Magnifique appartement de 100 m² à Coralia – Agdal, Marrakech Découvrez ce superbe appartement de 100 m², entièrement équipé et décoré avec des matériaux de qualité dans un style moderne et élégant. Il offre des espaces lumineux, des finitions soignées et un confort optimal, idéal pour une résidence principale ou un investissement locatif. Situé dans le quartier d’Agdal, l’un des secteurs les plus dynamiques de Marrakech, ce bien bénéficie...",https://www.mubawab-media.com/ad/8/384/659F/h/7fa6c76e-4330-409f-93d6-1801d90517d2_82895511.avif,19,2026-09-30
8305542,Bel appartement à vendre à Agdal,https://www.mubawab.ma/fr/a/8305542/bel-appartement-%C3%A0-vendre-%C3%A0-agdal,Vente,Appartement,Marrakech,Agdal,2 000 000 DH,2000000,92m²,92,3 Pièces,2 Chambres,2 Salles de bains,"Terrasse, Garage, Ascenseur, Piscine, Concierge, Façade extérieure, Salon européen, Antenne parabolique, Cheminée, Climatisation, Chauffage central, Sécurité, Double vitrage, Porte blindée, Cuisine équipée, Réfrigérateur, Four, Machine à laver, Micro-ondes","Agréable appartement à vendre. Prix 2 000 000 DH. 3 pièces, 2 salles de bains, superficie 92 m². 2 chambres à coucher. Project neuf. Profitez du confort de la cheminée et de la climatisation. La résidence dispose d'un service de concierge et d'une piscine. Idéal si vous souhaitez acheter un appartement à Agdal. Très belle Terrasse. La résidence est équipée d'un ascenseur et d'un parking. Équipé d'une antenne parabolique et d'une porte blindée. L...",https://www.mubawab-media.com/ad/8/305/542F/h/photo_0_81988122.avif,10,2026-09-30
8308799,"Appartement à Vendre de 95.0 m² à Marrakech, Agdal",https://www.mubawab.ma/fr/a/8308799/appartement-%C3%A0-vendre-de-95-0-m%C2%B2-%C3%A0-marrakech-agdal,Vente,Appartement,Marrakech,Agdal,2 000 000 DH,2000000,95m²,95,4 Pièces,2 Chambres,4 Salles de bains,"Jardin, Garage, Meublé","Nouvelle annonce de Vente d'un appartement à Marrakech, dans le quartier Zone touristique de l'agdal. Cette propriété spacieuse offre une surface de 95.0m² au 2 étage Ce bien lumineux est idéal. Prix attractif de 2000000 Dhs",https://www.mubawab-media.com/ad/8/308/799F/h/image_757167731_82022285.avif,14,2026-09-30
8330241,Appartement haut standing Agdal,https://www.mubawab.ma/fr/a/8330241/appartement-haut-standing-agdal,Vente,Appartement,Marrakech,Agdal,2 000 000 DH,2000000,80m²,80,3 Pièces,2 Chambres,2 Salles de bains,"Terrasse, Garage, Ascenseur, Piscine, Meublé","Appartement à vendre situé dans le quartier prisé d’Agdal, offrant un cadre de vie agréable et moderne. Ce bien se compose de deux chambres spacieuses, d’un salon lumineux, d’une cuisine fonctionnelle ainsi que d’une salle de bain. Il dispose également d’une belle terrasse idéale pour se détendre. La résidence propose des prestations de qualité, notamment une piscine, assurant confort et bien-être au quotidien. Prix de vente : 2 000 000 dirhams. ...",https://www.mubawab-media.com/ad/8/330/241F/h/06fced7c-8d71-4804-94e6-bc2e8498e5a4_82250757.avif,9,2026-09-30
8265076,Terrain à vendre à Agdal. Surface de 350 m²,https://www.mubawab.ma/fr/a/8265076/terrain-%C3%A0-vendre-%C3%A0-agdal-surface-de-350-m%C2%B2,Vente,Terrain,Marrakech,Agdal,2 000 000 DH,2000000,350m²,350,,,,,"Belle affaire pour ce terrain à vendre. Prix 2 000 000 DH. Superficie 350 m². Venez découvrir ce terrain en vente à Agdal, Marrakech",https://www.mubawab-media.com/ad/8/265/076F/h/photo_0_81553182.avif,1,2026-09-30
7783197,Appartement conçu pour votre confort,https://www.mubawab.ma/fr/pa/7783197/appartement-con%C3%A7u-pour-votre-confort,Vente,Riad,Marrakech,Agdal,2 010 000 DH,2010000,91m²,91,3 Pièces,2 Chambres,2 Salles de bains,"Jardin, Terrasse, Garage, Ascenseur, Piscine, Concierge, Salon Marocain, Sécurité, Cuisine équipée","Riad Garden dévoile sa nouvelle tranche dans le prestigieux quartier de l’Agdal, sur l’avenue Mohammed VI à Marrakech. Cette résidence haut standing incarne l’élégance et le raffinement grâce à ses matériaux nobles et son agencement optimisé, offrant un confort inégalé. Idéalement située, Riad Garden propose un cadre unique avec une vue imprenable sur les montagnes de l’Atlas, des espaces paysagers, des piscines et des équipements pensés pour...",https://www.mubawab-media.com/ad/7/783/197F/h/DSC08548_72434923.avif,13,2026-09-30
8351526,Appartement à vendre à Agdal. 3 pièces confortables. Meublé,https://www.mubawab.ma/fr/a/8351526/appartement-%C3%A0-vendre-%C3%A0-agdal-3-pi%C3%A8ces-confortables-meubl%C3%A9,Vente,Appartement,Marrakech,Agdal,2 100 000 DH,2100000,80m²,80,3 Pièces,2 Chambres,2 Salles de bains,"Terrasse, Piscine, Concierge, Meublé, Salon européen, Antenne parabolique, Climatisation, Chauffage central, Sécurité, Double vitrage, Porte blindée, Cuisine équipée, Réfrigérateur, Four, Machine à laver, Micro-ondes","Agréable appartement à vendre. Prix 2 500 000 DH. 3 pièces, 2 salles de bains, surface 80 m². 2 chambres. 2ème étage. Moins de 5 ans. Bien meublé. Cet appartement est en vente à Agdal. Confort et sécurité avec chauffage central, porte blindée et double vitrage. Nombreux équipements dont climatisation et piscine. La résidence dispose également d'un service de conciergerie. Contactez-nous pour visiter cet appartement à vendre à Marrakech. Sécurit...",https://www.mubawab-media.com/ad/8/351/526F/h/photo_00_82480319.avif,8,2026-09-30
8328994,Appartement à vendre à Agdal. Superficie 96 m². Bien meublé,https://www.mubawab.ma/fr/a/8328994/appartement-%C3%A0-vendre-%C3%A0-agdal-superficie-96-m%C2%B2-bien-meubl%C3%A9,Vente,Appartement,Marrakech,Agdal,2 100 000 DH,2100000,96m²,96,3 Pièces,2 Chambres,2 Salles de bains,"Terrasse, Piscine, Meublé, Façade extérieure, Salon européen, Climatisation, Sécurité, Cuisine équipée, Réfrigérateur, Four, Machine à laver, Micro-ondes","Bel appartement de 96 m² situé au sein de la résidence sécurisée Coralia, dans un quartier calme et recherché, à seulement 2 minutes du futur Morocco Mall. Composition : • 2 chambres • 2 salles de bain • Terrasse • Appartement lumineux et bien agencé La résidence offre : • Piscines (adultes & enfants) • Sécurité 24/7 • Environnement familial Vendu entièrement meublé ️ Canapés, lits, télévision dans chaque chambre, mobilier complet — clé...",https://www.mubawab-media.com/ad/8/328/994F/h/photo_00_82237959.avif,17,2026-09-30
8356469,Superbe appartement 2ch meublé à vendre,https://www.mubawab.ma/fr/a/8356469/superbe-appartement-2ch-meubl%C3%A9-%C3%A0-vendre,Vente,Appartement,Marrakech,Agdal,2 100 000 DH,2100000,94m²,94,3 Pièces,2 Chambres,2 Salles de bains,"Jardin, Terrasse, Piscine, Concierge, Meublé, Climatisation, Sécurité, Cuisine équipée, Réfrigérateur, Four, Machine à laver, Micro-ondes","Situé au cœur de la très recherchée résidence Coralia à Agdal, cet élégant appartement de 94 m² offre un cadre de vie agréable au sein d'une résidence sécurisée avec piscines et espaces verts. L'appartement se compose de : Un vaste salon lumineux avec espace salle à manger Deux chambres confortables avec rangements Deux salles de bain Une cuisine entièrement équipée Une terrasse agréable Situé au 3ème étage Décoré avec goût et vendu entièremen...",https://www.mubawab-media.com/ad/8/356/469F/h/120544_82533673.avif,17,2026-09-30
8311385,Appartement en vente à Agdal. 3 pièces. Meublé,https://www.mubawab.ma/fr/a/8311385/appartement-en-vente-%C3%A0-agdal-3-pi%C3%A8ces-meubl%C3%A9,Vente,Appartement,Marrakech,Agdal,2 100 000 DH,2100000,96m²,96,3 Pièces,2 Chambres,2 Salles de bains,"Terrasse, Piscine, Meublé, Salon européen, Climatisation, Sécurité, Cuisine équipée, Réfrigérateur, Four, Machine à laver, Micro-ondes","À VENDRE – Appartement 96 m² Bel appartement de 96 m² situé au sein de la résidence sécurisée, dans un quartier calme et recherché, à seulement 2 minutes du futur Morocco Mall. Composition : • 2 chambres • 2 salles de bain • Terrasse • Appartement lumineux et bien agencé La résidence offre : • Piscines (adultes & enfants) • Sécurité 24/7 • Environnement familial Vendu entièrement meublé ️ Canapés, lits, télévision dans chaque chambre...",https://www.mubawab-media.com/ad/8/311/385F/h/photo_00_82049795.avif,11,2026-09-30
8218312,Moderne appartement à vendre à Agdal,https://www.mubawab.ma/fr/a/8218312/moderne-appartement-%C3%A0-vendre-%C3%A0-agdal,Vente,Appartement,Marrakech,Agdal,2 150 000 DH,2150000,104m²,104,3 Pièces,2 Chambres,2 Salles de bains,"Jardin, Terrasse, Garage, Ascenseur, Vue sur les montagnes, Piscine, Concierge, Salon européen, Antenne parabolique, Cheminée, Climatisation, Sécurité, Double vitrage, Porte blindée, Cuisine équipée, Réfrigérateur, Four, Machine à laver",Immo sur mesure vous propose Cet agréable appartement à vendre dans une résidence sécurisée avec piscine salle de sport jardin L’appartement est au 3 ème étage d’une superficie habitables de 104 m2. Soit 2 chambres dont une parentale avec sa salle de bain privative une salle de bain invité une cuisine équipée une buanderie climatisation centrale réversible un coin cheminée et une terrasse panoramique Une place de parking titrer Prix 2 150...,https://www.mubawab-media.com/ad/8/218/312F/h/photo_00_81051789.avif,14,2026-09-30
8296898,Terrain à Blvd Med 6 Agdal Morocco Mall Vue Atlas,https://www.mubawab.ma/fr/a/8296898/terrain-%C3%A0-blvd-med-6-agdal-morocco-mall-vue-atlas,Vente,Terrain,Marrakech,Agdal,2 184 400 DH,2184400,508m²,508,,,,,"Terrain de prestige à vendre – à Blvd Med 6 Agdal / Nouveau Morocco Mall Marrakech - Vue dégagée et permanente sur les montagnes de l’Atlas – Sans vis-à-vis - Vente directe par le propriétaire - Taxe sur les terrains non bâtis TNB réglée jusqu’à mars 2027 Présentation du bien : Opportunité rare à Marrakech : terrain exceptionnel fraîchement livré, situé dans l’un des quartiers les plus prisés et en plein développement d’Agdal, à proximité i...",https://www.mubawab-media.com/ad/8/296/898F/h/IMG_1504_81927239.avif,12,2026-09-30
8425493,Appartement 105m² à Vendre résidence Agdal Marrakech,https://www.mubawab.ma/fr/a/8425493/appartement-105m%C2%B2-%C3%A0-vendre-r%C3%A9sidence-agdal-marrakech,Vente,Appartement,Marrakech,Agdal,2 200 000 DH,2200000,105m²,105,3 Pièces,2 Chambres,2 Salles de bains,"Jardin, Terrasse, Garage, Ascenseur, Vue sur les montagnes, Piscine, Concierge, Chambre rangement, Meublé, Salon Marocain, Cheminée, Climatisation, Sécurité, Double vitrage, Porte blindée, Cuisine équipée, Réfrigérateur, Four, Machine à laver","Dans une résidence sécurisée et recherchée à Agdal, découvrez ce bel appartement meublé de 105 m², traversant et lumineux, offrant un cadre de vie confortable et agréable au 3 -ème étage avec Ascenseur La résidence dispose de piscine, salle de sport et parking en sous-sol. L’appartement se compose de : Un salon spacieux et lumineux Une terrasse aménagée avec une agréable vue sur le jardin et la piscine Une toilette invités avec vasque Une cuis...",https://www.mubawab-media.com/ad/8/425/493F/h/images__1__83329656.avif,15,2026-09-30
8423588,Agdal piscine salle sport T3 meublé avec terrasse,https://www.mubawab.ma/fr/a/8423588/agdal-piscine-salle-sport-t3-meubl%C3%A9-avec-terrasse,Vente,Appartement,Marrakech,Agdal,2 200 000 DH,2200000,104m²,104,4 Pièces,3 Chambres,2 Salles de bains,"Jardin, Terrasse, Garage, Ascenseur, Piscine, Concierge, Chambre rangement, Meublé, Salon européen, Cheminée, Climatisation, Chauffage central, Sécurité, Cuisine équipée, Réfrigérateur, Four, Machine à laver, Micro-ondes","LEV IMMO – APPARTEMENT À VENDRE – AGDAL LEV IMMO vous présente à la vente un bel appartement de 104 m², situé à l’Agdal au sein d’une résidence sécurisée. L’appartement se compose de : * 2 chambres * 2 salles de bain * Chambre de personnel * Cuisine équipée * Climatisation centralisée * Très belle terrasse * Double vue : piscine et champs d’oliviers * Vue dégagée * Vendu non meublé * Ascenseur * Parking souterrain titré * Cheminée La résidenc...",https://www.mubawab-media.com/ad/8/423/588F/h/Design_sans_titre__47__83308844.avif,7,2026-09-30
8419580,Deux chambres vue piscine coralia,https://www.mubawab.ma/fr/a/8419580/deux-chambres-vue-piscine-coralia,Vente,Appartement,Marrakech,Agdal,2 200 000 DH,2200000,96m²,96,7 Pièces,2 Chambres,2 Salles de bains,Piscine,"Découvrez ce splendide appartement à vendre situé dans le quartier prisé d'Agdal à Marrakech. Offrant une surface généreuse de 96 m², ce bien propose deux chambres spacieuses et deux salles de bains modernes, dont l'une est dotée de finitions en marbre élégantes et d'une cabine de douche sophistiquée. L'appartement se trouve dans une résidence bien entretenue qui dispose d'une magnifique piscine extérieure, entourée d'un espace vert avec de maje...",https://www.mubawab-media.com/ad/8/419/580F/h/photo_0_83264366.avif,6,2026-09-30
8415777,Appartement à vendre à Agdal. 2 pièces merveilleuses. Balcon...,https://www.mubawab.ma/fr/a/8415777/appartement-%C3%A0-vendre-%C3%A0-agdal-2-pi%C3%A8ces-merveilleuses-balcon-et-jardin,Vente,Appartement,Marrakech,Agdal,2 200 000 DH,2200000,95m²,95,2 Pièces,2 Chambres,2 Salles de bains,"Jardin, Terrasse, Garage, Ascenseur, Piscine, Concierge, Chambre rangement, Façade extérieure, Salon européen, Climatisation, Chauffage central, Sécurité, Double vitrage, Porte blindée, Cuisine équipée","Cet appartement magnifique est situé dans le quartier animé d'Agdal à Marrakech, sur la rue distinctive Mohammed VI. Cet appartement s'étend sur 95 mètres carrés et combine luxe et confort grâce à son design moderne et aux nombreuses installations disponibles. L'appartement est situé au premier étage d'un bâtiment moderne avec une façade attrayante. L'appartement est équipé de chauffage et de climatisation pour garantir le confort tout au long de...",https://www.mubawab-media.com/ad/8/415/777F/h/photo_0_83221925.avif,15,2026-09-30
8403529,Bel appartement à vendre à Agdal. 1 partie. Meublé,https://www.mubawab.ma/fr/a/8403529/bel-appartement-%C3%A0-vendre-%C3%A0-agdal-1-partie-meubl%C3%A9,Vente,Appartement,Marrakech,Agdal,2 200 000 DH,2200000,76m²,76,1 Pièce,2 Chambres,2 Salles de bains,"Garage, Piscine, Concierge, Chambre rangement, Meublé, Façade extérieure, Salon européen, Antenne parabolique, Climatisation, Chauffage central, Sécurité, Double vitrage, Porte blindée, Cuisine équipée, Réfrigérateur, Four, Machine à laver, Micro-ondes","Ce luxueux appartement est proposé à la vente dans le quartier Agdal de Marrakech, offrant un mélange merveilleux de confort et de luxe, s'étendant sur une surface de 76 mètres carrés. L'appartement est situé au deuxième étage d'un immeuble moderne d'un âge compris entre 5 et 10 ans, profitant d'une vue magnifique sur de vastes espaces verts, offrant des paysages enchanteurs. L'appartement se compose de deux chambres et de deux salles de bains...",https://www.mubawab-media.com/ad/8/403/529F/h/photo_0_83087797.avif,15,2026-09-30
8125567,À Vendre: Superbe Appartement Meublé à l’Agdal,https://www.mubawab.ma/fr/a/8125567/%C3%A0-vendre-superbe-appartement-meubl%C3%A9-%C3%A0-l%E2%80%99agdal,Vente,Appartement,Marrakech,Agdal,2 200 000 DH,2200000,107m²,107,3 Pièces,2 Chambres,2 Salles de bains,"Garage, Piscine, Concierge, Meublé, Sécurité, Cuisine équipée","À Vendre : Superbe Appartement Meublé à l’Agdal – Résidence Sécurisée avec Piscine Vous propose ce magnifique appartement meublé, idéalement situé dans le quartier recherché de l’Agdal à Marrakech, au sein d’une résidence sécurisée avec piscine. Superficie : 107 m² Inclus : Place de parking titrée box Prix attractif : 2 300 000 DHS Composition : Deux chambres spacieuses Un salon élégant et lumineux Deux salles de bains Deu...",https://www.mubawab-media.com/ad/8/125/567F/h/PHOTO-2025-04-16-16-41-29_80103128.avif,19,2026-09-30
8367458,Terrain à vendre à Agdal,https://www.mubawab.ma/fr/a/8367458/terrain-%C3%A0-vendre-%C3%A0-agdal,Vente,Villa,Marrakech,Agdal,2 250 000 DH,2250000,546m²,546,,,,,"Terrain à vendre à Agdal Terrain de 546 m² pour villa jumelée, bénéficiant d’une orientation sud-ouest et situé au sein d’une résidence fermée et sécurisée",https://www.mubawab-media.com/ad/8/367/458F/h/photo_00_82694227.avif,2,2026-09-30
8219420,Appartement neuf vue piscine à vendre à Agdal Marrakech,https://www.mubawab.ma/fr/a/8219420/appartement-neuf-vue-piscine-%C3%A0-vendre-%C3%A0-agdal-marrakech,Vente,Appartement,Marrakech,Agdal,2 250 000 DH,2250000,90m²,90,3 Pièces,2 Chambres,2 Salles de bains,"Terrasse, Garage, Ascenseur, Piscine, Concierge, Chambre rangement, Salon européen, Antenne parabolique, Climatisation, Chauffage central, Sécurité, Double vitrage, Porte blindée, Cuisine équipée, Four, Micro-ondes","Faites une belle affaire en achetant cet appartement. Prix 2 250 000 DH. 3 pièces, 2 salles de bains, 90 m². 2 chambres. 2ème étage. Moins de 5 ans. Type de sol: Marbre. Bénéficiez du calme absolu avec fenêtres en double vitrage. Porte blindée et chauffage central. Cet appartement est proposé à la vente à Agdal. Confort et sécurité avec service de conciergerie, piscine et climatisation. Sécurité garantie avec surveillance. Système d'antenne para...",https://www.mubawab-media.com/ad/8/219/420F/h/photo_0_81063120.avif,13,2026-09-30
8069561,Agdal luxueux projet neuf,https://www.mubawab.ma/fr/a/8069561/agdal-luxueux-projet-neuf,Vente,Appartement,Marrakech,Agdal,2 286 000 DH,2286000,104m²,104,3 Pièces,2 Chambres,2 Salles de bains,"Terrasse, Garage, Piscine, Concierge, Salon européen, Climatisation, Sécurité, Cuisine équipée, Réfrigérateur, Four, Micro-ondes","Luxueux projet en cours de livraison, très bien situé dans le quartier de l'Agdal à 3 min de Morocco Mall. Il comprend des appartements de haut standing modernes et raffinés dans un complexe hôtelier sécurisé qui vous offre plusieurs moyens de divertissement tels que restaurants, cinéma, spa, salle de sport, piscines, jardins, musée et hôtel 5 étoiles. Les appartements se composent : d'un salon avec espace salle à manger donnant accès à la terra...",https://www.mubawab-media.com/ad/8/069/561F/h/31aa0b62-5f8f-4872-a199-fb60c685b8e2_79551222.avif,13,2026-09-30
8337483,Appartement à vendre à Agdal,https://www.mubawab.ma/fr/a/8337483/appartement-%C3%A0-vendre-%C3%A0-agdal,Vente,Appartement,Marrakech,Agdal,2 300 000 DH,2300000,87m²,87,3 Pièces,2 Chambres,2 Salles de bains,"Terrasse, Garage, Vue sur les montagnes, Piscine, Concierge, Façade extérieure, Salon européen, Antenne parabolique, Climatisation, Chauffage central, Double vitrage, Porte blindée, Cuisine équipée, Réfrigérateur, Four","Achetez votre appartement. Prix 2 300 000 DH. 2 chambres, 2 salles de bains, superficie 87 m². 3 pièces lumineuses. 1er étage. Moins de 5 ans. Type de sol: Marbre. Confort et sécurité avec chauffage central, porte blindée et double vitrage. En prime, une magnifique vue sur les montagnes. Idéal si vous souhaitez acheter un appartement à Agdal. Appréciez le confort de la climatisation. La résidence dispose également d'un service de concierge et d'...",https://www.mubawab-media.com/ad/8/337/483F/h/photo_0_82326039.avif,13,2026-09-30
8411019,"Confort, Tranquillité",https://www.mubawab.ma/fr/a/8411019/confort-tranquillit%C3%A9,Vente,Appartement,Marrakech,Agdal,2 300 000 DH,2300000,107m²,107,3 Pièces,2 Chambres,2 Salles de bains,"Jardin, Terrasse, Ascenseur, Piscine, Meublé, Cheminée, Climatisation, Chauffage central, Porte blindée, Cuisine équipée, Réfrigérateur, Four, Machine à laver, Micro-ondes","FOCH Real Estate – Marrakech vous propose ce magnifique appartement en rez-de-jardin entièrement meublé à la vente, idéalement situé dans le quartier prisé de l’Agdal. L’appartement offre de très belles prestations comprenant deux chambres confortables, deux salles de bain modernes, un salon chaleureux doté d'un coin salle à manger et d'une cheminée fonctionnelle, ainsi qu'une cuisine fermée avec sa buanderie attenante. Côté extérieur, vous pro...",https://www.mubawab-media.com/ad/8/411/019F/h/photo_0_83168626.avif,12,2026-09-30
8363467,"Prestigieux, Lumineux, Calme",https://www.mubawab.ma/fr/a/8363467/prestigieux-lumineux-calme,Vente,Appartement,Marrakech,Agdal,2 300 000 DH,2300000,104m²,104,3 Pièces,2 Chambres,2 Salles de bains,"Jardin, Terrasse, Garage, Piscine, Cheminée, Climatisation, Cuisine équipée, Réfrigérateur, Four, Machine à laver, Micro-ondes","FOCH Real Estate a le plaisir de vous présenter à la vente un appartement d'exception disponible au sein d'une résidence de prestige dans le quartier prisé de l'Agdal à Marrakech. Ce bien se distingue par son agencement optimisé et son absence totale de vis-à-vis, offrant une tranquillité absolue et une vue imprenable sur la grande piscine paysagée de la copropriété. Idéalement situé dans un environnement verdoyant et sécurisé, cet appartement...",https://www.mubawab-media.com/ad/8/363/467F/h/photo_1_82627618.avif,6,2026-09-30
8390099,"Appartement à Vendre de 106.0 m² à Marrakech, Route De L'Our...",https://www.mubawab.ma/fr/a/8390099/appartement-%C3%A0-vendre-de-106-0-m%C2%B2-%C3%A0-marrakech-route-de-l-ourika-agdal,Vente,Appartement,Marrakech,Agdal,2 300 000 DH,2300000,106m²,106,4 Pièces,2 Chambres,1 Salle de bain,"Jardin, Terrasse, Garage, Meublé","À vendre, appartement de 106 m² situé dans le quartier prisé de l'Agdal à Marrakech. Cet espace lumineux comprend 2 chambres, 1 salle de bain et bénéficie de 3 façades. Profitez également d'une terrasse de 10 m² pour vos moments de détente. L'immeuble compte 4 étages. Prix : 2 300 000 Dhs",https://www.mubawab-media.com/ad/8/390/099F/h/image_139539684_82942696.avif,7,2026-09-30
8379023,Superbe Appartement Moderne,https://www.mubawab.ma/fr/a/8379023/superbe-appartement-moderne,Vente,Appartement,Marrakech,Agdal,2 300 000 DH,2300000,96m²,96,3 Pièces,2 Chambres,2 Salles de bains,"Jardin, Terrasse, Garage, Piscine, Salon Marocain, Salon européen, Climatisation, Sécurité","Bel appartement situé dans une résidence sécurisée au quartier de l’Agdal à 7 minutes du centre-ville de Marrakech Superficie totale : 140 m2 Il se compose de : 1 Joli Hall 1 Salon marocain 1 Salon européen avec télévision 1 Salle à manger avec un petit coin salon entourés de grandes fenêtres 1 Cuisine entièrement équipé 2 Chambres avec salle de bain, jolie Terrasse, climatisation réversible 1 Toilette invités Dive...",https://www.mubawab-media.com/ad/8/379/023F/h/5ade3bf9-8594-4c5f-b96b-d19009807881_82822638.avif,1,2026-09-30
8345308,Bel appartement à vendre à Agdal. Surface totale 105 m². Che...,https://www.mubawab.ma/fr/a/8345308/bel-appartement-%C3%A0-vendre-%C3%A0-agdal-surface-totale-105-m%C2%B2-chemin%C3%A9e-piscine,Vente,Appartement,Marrakech,Agdal,2 300 000 DH,2300000,105m²,105,3 Pièces,2 Chambres,2 Salles de bains,"Terrasse, Garage, Piscine, Meublé, Cheminée, Sécurité","PÉPITE IMMOBILIÈRE À AGDAL – MARRAKECH Situé dans l’une des résidences les plus prisées et privées du secteur d’Agdal, ce superbe appartement traversant vendu entièrement meublé représente une opportunité rare, aussi bien pour une résidence principale haut de gamme que pour un investissement locatif saisonnier à forte rentabilité. Emplacement premium À seulement 5 minutes du célèbre Carrefour Al Mazar, dans un environnement calme, sécurisé et rec...",https://www.mubawab-media.com/ad/8/345/308F/h/photo_00_82411312.avif,15,2026-09-30
8201843,"Appartement vide à vendre à Agdal, 90 m², Marrakech",https://www.mubawab.ma/fr/a/8201843/appartement-vide-%C3%A0-vendre-%C3%A0-agdal-90-m%C2%B2-marrakech,Vente,Appartement,Marrakech,Agdal,2 350 000 DH,2350000,89m²,89,3 Pièces,2 Chambres,2 Salles de bains,"Jardin, Terrasse, Garage, Ascenseur, Piscine, Concierge, Meublé, Façade extérieure, Salon Marocain, Salon européen, Climatisation, Sécurité, Double vitrage, Porte blindée, Cuisine équipée, Four","L’Immobilier Sans Frontières vous propose cet appartement vide à vendre à Agdal, Marrakech, en rez-de-chaussée d’une résidence sécurisée. La résidence dispose d’un ascenseur, d’un jardin collectif, d’une piscine collective et d’un parking, à proximité immédiate des commodités. D’une superficie de 90 m². Cet appartement se compose de : salon - cuisine équipée avec le trio - suite parentale (climatisation, salle de bain) - chambre (placard, climat...",https://www.mubawab-media.com/ad/8/201/843F/h/0%20image%20a%20la%20une_82286233.avif,21,2026-09-30
8358354,Élégant Appartement en vente de 2 chambres et 2 salles de ba...,https://www.mubawab.ma/fr/a/8358354/%C3%A9l%C3%A9gant-appartement-en-vente-de-2-chambres-et-2-salles-de-bain-dans-un-luxueux-complexe-r%C3%A9sidentiel-%C3%A0-agdal-marrakech,Vente,Appartement,Marrakech,Agdal,2 376 000 DH,2376000,108m²,108,3 Pièces,2 Chambres,2 Salles de bains,"Terrasse, Garage, Ascenseur, Piscine, Concierge, Façade extérieure, Salon européen, Antenne parabolique, Climatisation, Chauffage central, Sécurité, Double vitrage, Porte blindée","En disponibilité cet luxueus appartement de 2 chambres et 2 salles de bain, dans un cadre résidentiel où chaque détail a été méticuleusement conçu pour offrir une vie d'un luxe inégalé. L’appartement offre une superbe suite master avec une belle terrasse, salle de bain et dressing Et une deuxième chambre avec une deuxième salle de bain une toilettes d’invités et salon séjour avec une architecture contemporaine des cuisines et des espaces séjou...",https://www.mubawab-media.com/ad/8/358/354F/h/photo_0_82555199.avif,11,2026-09-30
8415640,Vente terrain à Agdal. Surface totale 507 m²,https://www.mubawab.ma/fr/a/8415640/vente-terrain-%C3%A0-agdal-surface-totale-507-m%C2%B2,Vente,Terrain,Marrakech,Agdal,2 382 900 DH,2382900,507m²,507,,,,,"Situé dans le prestigieux quartier d'Agdal à Marrakech, ce terrain à vendre offre une opportunité exceptionnelle pour les investisseurs ou les particuliers souhaitant construire dans l'une des zones les plus prisées de la ville. Le terrain s'étend sur une surface généreuse de 507 mètres carrés, offrant suffisamment d'espace pour réaliser vos projets architecturaux les plus ambitieux. Les magnifiques sols en parqué, visibles sur certaines des zon...",https://www.mubawab-media.com/ad/8/415/640F/h/IMG_5248_83220428.avif,1,2026-09-30
8163900,Dernières opportunités de terrains pour villas isolées,https://www.mubawab.ma/fr/a/8163900/derni%C3%A8res-opportunit%C3%A9s-de-terrains-pour-villas-isol%C3%A9es,Vente,Villa,Marrakech,Agdal,2 400 000 DH,2400000,550m²,550,,,,,"Achetez votre terrain qui présente une surface totale de 550 m². Terrains à découvrir à Agdal, Marrakech",https://www.mubawab-media.com/ad/8/163/900F/h/photo_0_80499141.avif,1,2026-09-21
8286680,À Vendre – Élégant Rez de Jardin avec Terrasse & Piscine à l...,https://www.mubawab.ma/fr/a/8286680/%C3%A0-vendre-%E2%80%93-%C3%A9l%C3%A9gant-rez-de-jardin-avec-terrasse-piscine-%C3%A0-l%E2%80%99agdal,Location,Appartement,Marrakech,Agdal,2 400 000 DH,2400000,125m²,125,3 Pièces,2 Chambres,2 Salles de bains,"Jardin, Terrasse, Garage, Piscine, Concierge, Meublé, Salon européen, Cheminée, Climatisation, Chauffage central, Sécurité, Double vitrage, Porte blindée, Cuisine équipée, Réfrigérateur, Four, TV, Machine à laver, Micro-ondes, Internet, Animaux domestiques autorisés","À VENDRE – Bel Appartement Rez-de-Jardin avec Terrasse & Piscine à Agdal Situé dans le quartier recherché de l’Agdal, au sein d’une résidence sécurisée avec piscine et parking collectif, cet agréable appartement en rez-de-jardin offre une superficie totale de 125 m², terrasse comprise. Il se compose de : * ️ 2 chambres * 2 salles de bains * ️ Cuisine entièrement équipée * ️ Salon lumineux * Belle terrasse * Parking collectif sécurisé avec d...",https://www.mubawab-media.com/ad/8/286/680F/h/photo_0_83235522.avif,13,2026-09-30
8401854,Très bel appartement en location à Agdal. Surface totale 94...,https://www.mubawab.ma/fr/a/8401854/tr%C3%A8s-bel-appartement-en-location-%C3%A0-agdal-surface-totale-94-m%C2%B2-prestation-de-conciergerie-air-conditionn%C3%A9,Location,Appartement,Marrakech,Agdal,2 400 000 DH,2400000,94m²,94,3 Pièces,2 Chambres,2 Salles de bains,"Terrasse, Garage, Ascenseur, Piscine, Concierge, Façade extérieure, Antenne parabolique, Climatisation, Chauffage central, Sécurité, Double vitrage, Porte blindée, Cuisine équipée","Ce superbe appartement à louer, situé dans le quartier prisé d'Agdal à Marrakech, offre une surface généreuse de 94 m². Récemment construit, il bénéficie d'une modernité évidente avec seulement 1 à 5 ans d'âge. Situé au rez-de-chaussée, cet espace et sa conception élégante sont idéaux pour ceux qui recherchent le confort et le style. L'intérieur est spacieux, avec un sol en marbre éclatant dans le salon, ajoutant une touche de luxe. Les chambres...",https://www.mubawab-media.com/ad/8/401/854F/h/photo_0_83070671.avif,9,2026-09-30
8216910,Appartement élégant et raffiné avec piscine,https://www.mubawab.ma/fr/pa/8216910/appartement-%C3%A9l%C3%A9gant-et-raffin%C3%A9-avec-piscine,Vente,Riad,Marrakech,Agdal,2 410 000 DH,2410000,101m²,101,3 Pièces,2 Chambres,2 Salles de bains,"Jardin, Terrasse, Garage, Ascenseur, Piscine, Concierge, Salon Marocain, Sécurité, Cuisine équipée","Riad Garden dévoile sa nouvelle tranche dans le prestigieux quartier de l’Agdal, sur l’avenue Mohammed VI à Marrakech. Cette résidence haut standing incarne l’élégance et le raffinement grâce à ses matériaux nobles et son agencement optimisé, offrant un confort inégalé. Idéalement située, Riad Garden propose un cadre unique avec une vue imprenable sur les montagnes de l’Atlas, des espaces paysagers, des piscines et des équipements pensés pour...",https://www.mubawab-media.com/ad/8/216/910F/h/4_80666070_81036383.avif,15,2026-09-30
7596353,Appartement d’exception avec piscine,https://www.mubawab.ma/fr/pa/7596353/appartement-d%E2%80%99exception-avec-piscine,Vente,Riad,Marrakech,Agdal,2 410 000 DH,2410000,101m²,101,3 Pièces,2 Chambres,2 Salles de bains,"Jardin, Terrasse, Garage, Ascenseur, Piscine, Concierge, Salon Marocain, Sécurité, Cuisine équipée","Riad Garden dévoile sa nouvelle tranche dans le prestigieux quartier de l’Agdal, sur l’avenue Mohammed VI à Marrakech. Cette résidence haut standing incarne l’élégance et le raffinement grâce à ses matériaux nobles et son agencement optimisé, offrant un confort inégalé. Idéalement située, Riad Garden propose un cadre unique avec une vue imprenable sur les montagnes de l’Atlas, des espaces paysagers, des piscines et des équipements pensés pour...",https://www.mubawab-media.com/ad/7/596/353F/h/DSC08344_72434156.avif,14,2026-09-30
8383851,Appartement à vendre,https://www.mubawab.ma/fr/a/8383851/appartement-%C3%A0-vendre,Vente,Appartement,Marrakech,Agdal,2 450 000 DH,2450000,,,2 Pièces,2 Chambres,1 Salle de bain,"Piscine, Sécurité","# Appartement de Standing à Vendre – Agdal, Marrakech Offrez-vous un cadre de vie privilégié dans le quartier recherché de l'Agdal, avec ce superbe appartement situé au 1er étage d'une résidence sécurisée, bénéficiant d'une agréable vue sur la piscine. Dès l'entrée, vous serez séduit par ses volumes généreux, sa luminosité et ses prestations de qualité. **Caractéristiques :** * 2 chambres, dont une élégante suite parentale * 2 salles de bain...",https://www.mubawab-media.com/ad/8/383/851F/h/thumb_150224_property_large_82874970.avif,12,2026-09-30
8409170,Vente d'un bel appartement à prestigia Agdal. Meublé à vend...,https://www.mubawab.ma/fr/a/8409170/vente-d-un-bel-appartement-%C3%A0-prestigia-agdal-meubl%C3%A9-%C3%A0-vendre,Vente,Appartement,Marrakech,Agdal,2 450 000 DH,2450000,80m²,80,1 Pièce,2 Chambres,2 Salles de bains,"Jardin, Terrasse, Vue sur les montagnes, Piscine, Concierge, Meublé, Salon Marocain, Salon européen, Antenne parabolique, Climatisation, Chauffage central, Sécurité, Double vitrage, Porte blindée, Cuisine équipée, Réfrigérateur, Four, Machine à laver, Micro-ondes","Ce magnifique appartement situé dans le prestigieux quartier de l'Agdal prestigia à Marrakech offre un cadre de vie idéal pour ceux qui recherchent confort et élégance. L'appartement, d'une superficie de 80 m², s'étend au rez-de-chaussée d'une résidence calme et sécurisée, âgée de 5 à 10 ans et dotée d'un service de conciergerie. Le salon européen spacieux, orienté plein sud, est baigné de lumière naturelle, grâce à de grandes baies vitrées à d...",https://www.mubawab-media.com/ad/8/409/170F/h/photo_00_83147603.avif,9,2026-09-30
8307010,Beau terrain à la vente à Agdal. Superficie 560 m²,https://www.mubawab.ma/fr/a/8307010/beau-terrain-%C3%A0-la-vente-%C3%A0-agdal-superficie-560-m%C2%B2,Vente,Terrain,Marrakech,Agdal,2 500 000 DH,2500000,560m²,560,,,,,"Très bon choix pour ce terrain à vendre. Prix 2 500 000 DH. Présente une surface totale de 560 m². Venez découvrir ce terrain en vente à Agdal, Marrakech",https://www.mubawab-media.com/ad/8/307/010F/h/photo_0_82003523.avif,1,2026-09-21
8416187,Appartement en vente à Agdal. 3 pièces confortables,https://www.mubawab.ma/fr/a/8416187/appartement-en-vente-%C3%A0-agdal-3-pi%C3%A8ces-confortables,Vente,Appartement,Marrakech,Agdal,2 500 000 DH,2500000,95m²,95,3 Pièces,3 Chambres,2 Salles de bains,"Terrasse, Piscine",Très bel appartement de luxe bien situé dans un prestigieux quartier dans une résidence avec golf piscine club house l'appartement se compose de trois chambres une très belle terrasse avec une très belle vue,https://www.mubawab-media.com/ad/8/416/187F/h/photo_0_83226557.avif,18,2026-09-30
8350259,Villa Semi Finie à Vendre – Quartier Agdal,https://www.mubawab.ma/fr/a/8350259/villa-semi-finie-%C3%A0-vendre-%E2%80%93-quartier-agdal,Vente,Villa,Marrakech,Agdal,2 500 000 DH,2500000,400m²,400,5 Pièces,4 Chambres,4 Salles de bains,"Terrasse, Entre-seul","Située dans le prestigieux quartier de Agdal, cette villa semi-finie offre un excellent potentiel pour une résidence principale ou un investissement de qualité. Terrain : 225 m² Surface habitable : 400 m² Composition : Sous-sol : Grande cuisine Chambre du personnel Salle de sport Rez-de-chaussée : Grand salon lumineux Toilette invités Terrasse avec jardin Étage : 4 suites spacieuses avec salles de bain privatives Villa bénéficiant d’une belle dis...",https://www.mubawab-media.com/ad/8/350/259F/h/6156876c-fdfb-47ec-b4e3-06d5b96c17e7_82666936.avif,13,2026-09-30
8255256,"Appartement à vendre — Terrasse vue piscine Agdal, Marrakech",https://www.mubawab.ma/fr/a/8255256/appartement-%C3%A0-vendre-%E2%80%94-terrasse-vue-piscine-agdal-marrakech,Vente,Appartement,Marrakech,Agdal,2 500 000 DH,2500000,130m²,130,3 Pièces,2 Chambres,2 Salles de bains,"Jardin, Terrasse, Garage, Ascenseur, Piscine, Concierge, Meublé, Façade extérieure, Salon européen, Cheminée, Climatisation, Chauffage central, Sécurité, Double vitrage, Porte blindée, Cuisine équipée","L’Immobilier Sans Frontières vous propose à la vente cet appartement vide de 130 m², situé au 1er étage d’une résidence calme et sécurisée à Agdal, Marrakech. Cet appartement se compose de : Salon avec cheminée - Séjour - Terrasse spacieuse avec vue piscine - Cuisine équipée - Buanderie - Suite parentale avec placard et climatisation - Chambre avec balcon - Salle de bain extérieure Équipements & prestations : Climatisation centrale...",https://www.mubawab-media.com/ad/8/255/256F/h/0%20image%20a%20la%20une%20_82100689.avif,25,2026-09-30
8363909,Appartement 2 chambres Agdal,https://www.mubawab.ma/fr/a/8363909/appartement-2-chambres-agdal,Vente,Riad,Marrakech,Agdal,2 500 000 DH,2500000,98m²,98,3 Pièces,2 Chambres,1 Salle de bain,"Terrasse, Garage, Ascenseur, Piscine, Concierge, Meublé, Climatisation, Sécurité, Double vitrage, Porte blindée, Cuisine équipée","Venez découvrir ce magnifique appartement situé au sein de la résidence Riad Garden, sur la prestigieuse Avenue Mohammed VI à Marrakech. D’une superficie de 98 m², cet appartement entièrement rénové se trouve au 2ᵉ étage d’une résidence avec ascenseur. Il offre un cadre de vie confortable et lumineux grâce à ses deux chambres, sa salle de bain rénovée, sa peinture neuve et sa vue dégagée sur un terrain non construit, garantissant calme et intimi...",https://www.mubawab-media.com/ad/8/363/909F/h/photo_0_82653332.avif,10,2026-09-30
8367804,Magnifique appartement à l'achat à Agdal boulevard M6. Surfa...,https://www.mubawab.ma/fr/a/8367804/magnifique-appartement-%C3%A0-l-achat-%C3%A0-agdal-boulevard-m6-surface-de-98-m%C2%B2-piscine-climatisation,Vente,Appartement,Marrakech,Agdal,2 500 000 DH,2500000,98m²,98,3 Pièces,2 Chambres,2 Salles de bains,"Garage, Ascenseur, Piscine, Concierge, Façade extérieure, Salon européen, Antenne parabolique, Climatisation, Chauffage central, Sécurité, Cuisine équipée, Four","Magnifique appartement de haut standing à vendre Découvrez ce superbe appartement de 98 m², situé au 2ᵉ étage d’une résidence fermée et sécurisée avec ascenseur et surveillance 24h/24 et 7j/7, offrant un cadre de vie élégant, calme et privilégié. L’appartement se compose de : • Deux chambres confortables, • Deux salles de bain, • Un salon spacieux et lumineux, • De belles terrasses offrant un agréable espace de détente, • Une cuisine indép...",https://www.mubawab-media.com/ad/8/367/804F/h/photo_0_82697668.avif,12,2026-09-30
8354592,Appartement à vendre à Agdal. Surface totale 77 m². Meublé,https://www.mubawab.ma/fr/a/8354592/appartement-%C3%A0-vendre-%C3%A0-agdal-surface-totale-77-m%C2%B2-meubl%C3%A9,Vente,Appartement,Marrakech,Agdal,2 500 000 DH,2500000,77m²,77,3 Pièces,2 Chambres,2 Salles de bains,"Jardin, Terrasse, Piscine, Concierge, Meublé, Salon européen, Antenne parabolique, Climatisation, Chauffage central, Sécurité, Double vitrage, Porte blindée, Cuisine équipée, Réfrigérateur, Four, Machine à laver, Micro-ondes","Situé dans le quartier prisé d'Agdal à Marrakech, cet appartement flambant neuf de 77 m² offre un cadre de vie exceptionnel avec des finitions modernes et des installations luxueuses. Dès l'entrée, on découvre un accès direct à un vaste jardin bien entretenu, parfait pour se détendre ou accueillir des invités. Les grandes baies vitrées du logement permettent une vue imprenable sur le jardin, tandis que la terrasse adjacente offre un espace extéri...",https://www.mubawab-media.com/ad/8/354/592F/h/photo_0_82513088.avif,13,2026-09-30
8156393,Somptueuse villa contemporaine à 10 minutes du centre ville,https://www.mubawab.ma/fr/a/8156393/somptueuse-villa-contemporaine-%C3%A0-10-minutes-du-centre-ville,Vente,Villa,Marrakech,Agdal,2 500 000 DH,2500000,600m²,600,12 Pièces,7 Chambres,7 Salles de bains,"Jardin, Piscine","Somptueuse villa contemporaine à 10 minutes du centre-ville Située dans le prestigieux quartier de l’Agdal, à 10 minutes du centre-ville, cette villa contemporaine d’exception qui s’étend sur un magnifique terrain paysagé de 2400 m². Conçue pour offrir un art de vivre alliant confort, modernité et raffinement, la propriété propose 7 suites spacieuses, chacune avec sa salle de bain privative et son dressing. L’espace de vie se compose d’un vast...",https://www.mubawab-media.com/ad/8/156/393F/h/76fcc7ca57b59f08ea56eeededaa167c_80422748.avif,33,2026-09-30
8420017,Appartement 3 Chambres avec Piscine à Agdal,https://www.mubawab.ma/fr/a/8420017/appartement-3-chambres-avec-piscine-%C3%A0-agdal,Vente,Appartement,Marrakech,Agdal,2 600 000 DH,2600000,95m²,95,4 Pièces,3 Chambres,2 Salles de bains,"Jardin, Terrasse, Garage, Ascenseur, Piscine, Meublé, Climatisation, Cuisine équipée, Machine à laver","Le 25 Immobilier vous propose ce magnifique appartement de 3 chambres de 95 m², idéalement situé dans le quartier prisé de l’Agdal, au sein d’une résidence fermée de haut standing, parfaitement entretenue et entourée de verdure. L’appartement bénéficie d’un environnement particulièrement agréable, au calme et sans vis-à-vis. Son principal atout réside dans sa belle terrasse donnant directement sur les espaces verts de la résidence, offrant un...",https://www.mubawab-media.com/ad/8/420/017F/h/D-10_83270314.avif,12,2026-09-30
8409404,Magnifique appartement rénové à neuf à Agdal,https://www.mubawab.ma/fr/a/8409404/magnifique-appartement-r%C3%A9nov%C3%A9-%C3%A0-neuf-%C3%A0-agdal,Vente,Appartement,Marrakech,Agdal,2 600 000 DH,2600000,110m²,110,3 Pièces,2 Chambres,1 Salle de bain,"Jardin, Garage, Piscine, Meublé","Nous vous proposons à la vente à Marrakech un très bel appartement de 110 m2 dans une très belle résidence . Résidence sécurisé 24/24 Piscine , salle de sport , hammam magnifique verdure . Appartement rénové à neuf ( les travaux viennent de finir ) Vendu meublé 2 chambres 1 salle de bain Place de parking Titré Quartier Agdal Prix de vente : 2 600 000 dhs Plus 3% ttc FA — statut juridique: Titré",https://www.mubawab-media.com/ad/8/409/404F/h/03cec9f6-7eae-44cf-b388-ec5956d50907-d947e61d_730f_494d_b91c_78a22f9262f3_83150274.avif,32,2026-09-30
8407818,Appartement à l'achat à Agdal. 3 pièces,https://www.mubawab.ma/fr/a/8407818/appartement-%C3%A0-l-achat-%C3%A0-agdal-3-pi%C3%A8ces,Vente,Appartement,Marrakech,Agdal,2 600 000 DH,2600000,97m²,97,3 Pièces,3 Chambres,2 Salles de bains,,"Située dans le quartier recherché d’Agdal à Marrakech, cette propriété propose une qualité de vie enviable au sein de la prestigieuse zone de golf de Prestigia. Ce spacieux appartement dispose de trois chambres confortables et de deux salles de bains, et s'étend sur 97 m², alliant élégance et fonctionnalité. Très bien entretenue, cette habitation est en excellent état, prête à accueillir ses nouveaux occupants. À l'intérieur, le sol en parqué se...",https://www.mubawab-media.com/ad/8/407/818F/h/7fff446c-f61b-4c75-9326-c9f83f4a0025_83136799.avif,22,2026-09-30
8310295,Vend appartement à Agdal. Surface totale 88 m². Bien meubl...,https://www.mubawab.ma/fr/a/8310295/vend-appartement-%C3%A0-agdal-surface-totale-88-m%C2%B2-bien-meubl%C3%A9,Vente,Appartement,Marrakech,Agdal,2 600 000 DH,2600000,88m²,88,3 Pièces,2 Chambres,2 Salles de bains,"Jardin, Terrasse, Garage, Ascenseur, Vue sur les montagnes, Piscine, Concierge, Meublé, Façade extérieure, Salon européen, Antenne parabolique, Cheminée, Climatisation, Chauffage central, Sécurité, Double vitrage, Porte blindée, Cuisine équipée, Réfrigérateur, Four, Micro-ondes","Affaire à saisir pour cet appartement à vendre. Prix 2 600 000 DH. 3 pièces, 2 salles de bains, surface 88 m². 2 chambres. 1er étage. Moins de 10 ans. Type de sol: Marbre. Propriété entièrement meublée. Cet appartement est en vente à Agdal. Profitez d'une vue magnifique sur les montagnes et du confort de la Climatisation. Porte blindée. Profitez du confort de la cheminée et de la climatisation. La résidence dispose également d'une piscine. Prog...",https://www.mubawab-media.com/ad/8/310/295F/h/photo_00_82037983.avif,11,2026-09-30
8278899,"Appartement à vendre Meublé Agdal, Marrakech",https://www.mubawab.ma/fr/a/8278899/appartement-%C3%A0-vendre-meubl%C3%A9-agdal-marrakech,Vente,Appartement,Marrakech,Agdal,2 600 000 DH,2600000,107m²,107,3 Pièces,2 Chambres,2 Salles de bains,"Jardin, Terrasse, Garage, Ascenseur, Vue sur les montagnes, Piscine, Concierge, Chambre rangement, Meublé, Façade extérieure, Salon européen, Antenne parabolique, Cheminée, Climatisation, Chauffage central, Sécurité, Double vitrage, Porte blindée, Cuisine équipée, Réfrigérateur, Four, Machine à laver, Micro-ondes","L’Immobilier Sans Frontières vous propose à la vente cet appartement meublé situé à Agdal, Marrakech, au 1ᵉʳ étage d’une résidence calme, sécurisée et bien entretenue. La superficie communiquée est de 107 m². La résidence dispose d’un ascenseur, d’un jardin collectif, d’une piscine collective, d’une salle de sport et d’un parking en sous-sol. Cet appartement se compose de : Salon européen avec terrasse - Séjour - Cuisine équipée - Buanderie - Su...",https://www.mubawab-media.com/ad/8/278/899F/h/Appartement%20meuble%CC%81%20a%CC%80%20vendre%20a%CC%80%20Agdal%2C%20Marrakech_82099662.avif,31,2026-09-30
8096058,Appartement a vendre a agdal avenue Mohamed 6,https://www.mubawab.ma/fr/a/8096058/appartement-a-vendre-a-agdal-avenue-mohamed-6,Vente,Appartement,Marrakech,Agdal,2 600 000 DH,2600000,130m²,130,2 Pièces,2 Chambres,3 Salles de bains,"Jardin, Terrasse, Garage, Piscine, Sécurité",À vendre - superbe appartement à Marrakech ( agdal avenue Mohamed 6 ) Un magnifique appartement situé dans une résidence de standing avec piscines et parking privé . Caractéristiques : Superficie : 130 m² Salon lumineux avec un grand terrasse Cuisine avec un terrasse 2 chambre avec salle de bain et terrasse 1 WC invité Résidence sécurisée avec piscines et espaces verts Parking disponible Prix : 2 600 000 DH,https://www.mubawab-media.com/ad/8/096/058F/h/9c1d382e-93be-47e9-8943-4326014845c9_81232818.avif,8,2026-09-30
8309431,Spacieux apt 114m2 Riad Garden face mall,https://www.mubawab.ma/fr/a/8309431/spacieux-apt-114m2-riad-garden-face-mall,Vente,Riad,Marrakech,Agdal,2 650 000 DH,2650000,114m²,114,4 Pièces,2 Chambres,2 Salles de bains,"Terrasse, Garage, Ascenseur, Piscine, Concierge, Meublé, Salon européen, Climatisation, Chauffage central, Sécurité, Cuisine équipée, Réfrigérateur, Four, Machine à laver","Situé dans le quartier recherché de Agdal, en face du nouveau mall, cet appartement spacieux de 114 m² offre confort, modernité et emplacement stratégique. 2 grandes chambres lumineuses 2 salles de bain Salon spacieux et agréable Cuisine équipée Grande terrasse aménagée et fermée, transformée en véritable espace détente avec billard Résidence sécurisée avec piscine Emplacement idéal : Situé en face du centre commercial (no...",https://www.mubawab-media.com/ad/8/309/431F/h/IMG-20260210-WA0164_82029203.avif,19,2026-09-30
8216912,Appartement Haut de standing avec piscine,https://www.mubawab.ma/fr/pa/8216912/appartement-haut-de-standing-avec-piscine,Vente,Riad,Marrakech,Agdal,2 690 000 DH,2690000,116m²,116,3 Pièces,2 Chambres,2 Salles de bains,"Jardin, Terrasse, Garage, Ascenseur, Piscine, Concierge, Salon Marocain, Sécurité, Cuisine équipée","Riad Garden dévoile sa nouvelle tranche dans le prestigieux quartier de l’Agdal, sur l’avenue Mohammed VI à Marrakech. Cette résidence haut standing incarne l’élégance et le raffinement grâce à ses matériaux nobles et son agencement optimisé, offrant un confort inégalé. Idéalement située, Riad Garden propose un cadre unique avec une vue imprenable sur les montagnes de l’Atlas, des espaces paysagers, des piscines et des équipements pensés pour...",https://www.mubawab-media.com/ad/8/216/912F/h/2_80666068_81036439.avif,14,2026-09-30
8216911,Superbe appartement à vendre avec piscine,https://www.mubawab.ma/fr/pa/8216911/superbe-appartement-%C3%A0-vendre-avec-piscine,Vente,Riad,Marrakech,Agdal,2 690 000 DH,2690000,116m²,116,3 Pièces,2 Chambres,2 Salles de bains,"Jardin, Terrasse, Garage, Ascenseur, Piscine, Concierge, Salon Marocain, Sécurité, Cuisine équipée","Riad Garden dévoile sa nouvelle tranche dans le prestigieux quartier de l’Agdal, sur l’avenue Mohammed VI à Marrakech. Cette résidence haut standing incarne l’élégance et le raffinement grâce à ses matériaux nobles et son agencement optimisé, offrant un confort inégalé. Idéalement située, Riad Garden propose un cadre unique avec une vue imprenable sur les montagnes de l’Atlas, des espaces paysagers, des piscines et des équipements pensés pour...",https://www.mubawab-media.com/ad/8/216/911F/h/4_80666070_81036432.avif,15,2026-09-30
8383533,"Appartement à Vendre de 161.0 m² à Marrakech, Agdal",https://www.mubawab.ma/fr/a/8383533/appartement-%C3%A0-vendre-de-161-0-m%C2%B2-%C3%A0-marrakech-agdal,Vente,Appartement,Marrakech,Agdal,2 700 000 DH,2700000,161m²,161,5 Pièces,2 Chambres,3 Salles de bains,"Jardin, Terrasse, Garage, Ascenseur","À vendre, magnifique appartement de 161 m² situé dans le quartier prisé de l'Agdal à Marrakech. Ce bien lumineux comprend 2 chambres, 2 salles de bain et bénéficie de 2 façades. Profitez également d'une terrasse de 20 m². Idéalement situé dans un immeuble de 2 étages, cet appartement est proposé au prix de 2 700 000 Dhs. Ne manquez pas cette opportunité !",https://www.mubawab-media.com/ad/8/383/533F/h/image_195085008_82871587.avif,21,2026-09-30
8326217,Appartement à vendre à Agdal Marrakech,https://www.mubawab.ma/fr/a/8326217/appartement-%C3%A0-vendre-%C3%A0-agdal-marrakech,Vente,Appartement,Marrakech,Agdal,2 700 000 DH,2700000,240m²,240,4 Pièces,2 Chambres,2 Salles de bains,"Jardin, Garage, Piscine, Sécurité","Situé dans le quartier prisé de Agdal à Marrakech, au sein de la résidence sécurisée Les Parcs de l’Agdal , à seulement 5 minutes du centre-ville et à proximité immédiate de toutes les commodités. Caractéristiques du bien : Superficie : 240 m² Type : Rez-de-chaussée avec jardin 2 chambres spacieuses Salon lumineux Cuisine fonctionnelle Jardin privatif Garage Résidence haut standing : Résidence sécurisée avec espaces verts Piscine collective Terra...",https://www.mubawab-media.com/ad/8/326/217F/h/photo_0_82207798.avif,25,2026-09-30
8316337,Somptueuse villa à vendre à Agdal 2300m2,https://www.mubawab.ma/fr/a/8316337/somptueuse-villa-%C3%A0-vendre-%C3%A0-agdal-2300m2,Vente,Villa,Marrakech,Agdal,2 700 000 DH,2700000,1300m²,1300,5 Pièces,7 Chambres,7 Salles de bains,"Jardin, Terrasse, Garage, Vue sur les montagnes, Piscine, Chambre rangement, Meublé, Salon Marocain, Salon européen, Cheminée, Chauffage central, Sécurité, Double vitrage, Cuisine équipée, Réfrigérateur, Four, Machine à laver, Micro-ondes","R2C-Immo vous présente à la vente à Marrakech dans un quartier sécurisé proche centre-ville Située dans le quartier d’Agdal, l’un des plus prestigieux de Marrakech, cette villa de luxe à vendre se distingue par sa surface généreuse, son jardin paysager et la qualité de ses prestations. À seulement quelques du minutes centre-ville et des prestigieux golf, elle combine confort, discrétion et accessibilité. Édifiée sur une parcelle de 2 300 m², la...",https://www.mubawab-media.com/ad/8/316/337F/h/photo_0_82103713.avif,19,2026-09-30
8367703,Terrain pour villa dans le quartier agdal marrakec,https://www.mubawab.ma/fr/a/8367703/terrain-pour-villa-dans-le-quartier-agdal-marrakec,Vente,Villa,Marrakech,Agdal,2 772 000 DH,2772000,504m²,504,,,,,"TERRAIN À VENDRE DANS UN QUARTIER RÉSIDENTIEL AU CENTRE DE MARRAKECH Bastet Property propose à la vente ce superbe terrain de 504 m² avec 4 façades dans un quartier résidentiel très prisé de Marrakech, Agdal, où se trouvent des hôtels et des villas de luxe. Le terrain est entouré d’hôtels 5 et 4 étoiles, de villas et d’appartements de luxe, d’un centre commercial… À 5 minutes en voiture du centre-ville. Quatre façades. Centre-ville. Autorisatio...",https://www.mubawab-media.com/ad/8/367/703F/h/villa%20Marrakech%20Agdal-24_82696676.avif,1,2026-09-30
8203195,Terrain titré à la vente à Agdal Marrakech,https://www.mubawab.ma/fr/a/8203195/terrain-titr%C3%A9-%C3%A0-la-vente-%C3%A0-agdal-marrakech,Vente,Villa,Marrakech,Agdal,2 795 000 DH,2795000,553m²,553,,,,,À deux pas du bd mohamed 6 Terrain viabilisé et titré Lot pour villa Très bon emplacement Prix : 5000 dhs / m2 Honoraires agence 3% TTC à la charge de l’acquéreur,https://www.mubawab-media.com/ad/8/203/195F/h/photo_0_80893162.avif,1,2026-09-30
8378308,À VENDRE Superbe appartement de prestige à Agdal,https://www.mubawab.ma/fr/a/8378308/%C3%A0-vendre-superbe-appartement-de-prestige-%C3%A0-agdal-,Vente,Appartement,Marrakech,Agdal,2 800 000 DH,2800000,243m²,243,4 Pièces,3 Chambres,4 Salles de bains,"Jardin, Terrasse, Piscine, Cheminée, Sécurité, Cuisine équipée, Four, Machine à laver","Découvrez ce magnifique appartement en rez-de-jardin de 243 m², idéalement situé dans le quartier très recherché d’Agdal, à proximité immédiate du nouveau Morocco Mall. Niché au sein d’une résidence haut de gamme, sécurisée 24h/24, avec une superbe piscine et un environnement particulièrement calme, ce bien offre un cadre de vie exceptionnel. L’appartement se compose de : Deux magnifiques suites avec leurs salles de bain privatives. U...",https://www.mubawab-media.com/ad/8/378/308F/h/WhatsApp%20Image%202026-07-07%20at%2015.31.16_82814557.avif,17,2026-09-30
8374893,Superbe appartement à vendre à Agdal. 2 chambres agréables...,https://www.mubawab.ma/fr/a/8374893/superbe-appartement-%C3%A0-vendre-%C3%A0-agdal-2-chambres-agr%C3%A9ables-piscine-et-service-de-conciergerie,Vente,Appartement,Marrakech,Agdal,2 800 000 DH,2800000,243m²,243,4 Pièces,2 Chambres,2 Salles de bains,"Jardin, Garage, Piscine, Concierge, Chambre rangement, Cheminée, Sécurité","Appartement Rez-de-Jardin à Vendre – Agdal, Marrakech Découvrez ce magnifique appartement en rez-de-jardin situé dans une résidence calme et sécurisée, offrant un cadre de vie privilégié et de nombreuses prestations. Caractéristiques : * Surface totale : 243 m² * 2 chambres avec salle de bain privative et accès direct au jardin * Salon spacieux avec cheminée fonctionnelle * Cuisine avec accès au jardin * Toilette invités * Débarras * Jardin p...",https://www.mubawab-media.com/ad/8/374/893F/h/photo_00_82777023.avif,14,2026-09-30
8350052,Appartement 3 chambres à vendre dans l'Agdal Marra,https://www.mubawab.ma/fr/a/8350052/appartement-3-chambres-%C3%A0-vendre-dans-l-agdal-marra,Vente,Appartement,Marrakech,Agdal,2 835 000 DH,2835000,128m²,128,4 Pièces,3 Chambres,2 Salles de bains,"Jardin, Terrasse, Garage, Ascenseur, Vue sur les montagnes, Piscine, Concierge, Meublé, Façade extérieure, Salon Marocain, Salon européen, Antenne parabolique, Cheminée, Climatisation, Sécurité, Double vitrage, Cuisine équipée, Réfrigérateur, Four, Machine à laver, Micro-ondes","Nous vous proposons à la vente un appartement récent de 128 m² situé au 1er étage d'un immeuble de 3 étages dans le quartier prisé d'Agdal à Marrakech, Maroc. Ce bien d'exception comprend 4 pièces dont 3 chambres, une cuisine américaine aménagée et équipée, 2 salles de bain, 1 WC, et un séjour lumineux exposé plein sud avec cheminée. L'appartement bénéficie d'un calme absolu, de fenêtres en aluminium double vitrage, de volets électriques en PVC...",https://www.mubawab-media.com/ad/8/350/052F/h/WhatsApp%20Image%202026-04-25%20at%2012.38.25%20%288%29_82465232.avif,14,2026-09-30
8349692,Bel appartement a vendre a Agdal,https://www.mubawab.ma/fr/a/8349692/bel-appartement-a-vendre-a-agdal,Vente,Appartement,Marrakech,Agdal,2 940 000 DH,2940000,158m²,158,3 Pièces,2 Chambres,2 Salles de bains,"Terrasse, Garage, Ascenseur, Piscine, Concierge, Salon Marocain, Salon européen, Cheminée, Climatisation, Double vitrage, Cuisine équipée","Découvrez cet appartement à vendre, idéalement situé dans le quartier prisé d'Agdal à Marrakech. Avec une surface généreuse de 155 m², cet appartement au 2ème étage d'un immeuble de 2 étages offre un cadre de vie agréable et confortable. Il se compose de 3 pièces, dont 2 suites, parfait pour une famille ou comme résidence secondaire. Le standing de l'immeuble est bon. De plus, cet appartement dispose d'une place de parking titrée de 14 m² pour...",https://www.mubawab-media.com/ad/8/349/692F/h/7ad924f8-7968-4d24-8dc1-e2eb97f19647_82461126.avif,18,2026-09-30
8206080,Réez jardin à vendre Agdal,https://www.mubawab.ma/fr/a/8206080/r%C3%A9ez-jardin-%C3%A0-vendre-agdal,Vente,Appartement,Marrakech,Agdal,2 980 000 DH,2980000,150m²,150,3 Pièces,2 Chambres,3 Salles de bains,"Jardin, Terrasse, Garage, Ascenseur, Vue sur les montagnes, Piscine, Concierge, Meublé, Salon européen, Antenne parabolique, Cheminée, Chauffage central, Sécurité, Double vitrage, Porte blindée, Cuisine équipée, Réfrigérateur, Four, Machine à laver, Micro-ondes","Immo sur mesure vous propose Un appartement à vendre idéalement placé dans une résidence sécurisée avec 2 piscine et jardin L’appartement est au réez jardin soit 2 suites chacune avec sa salle de bain un salon salle à manger un coin cheminée une cuisine équipée une buanderie et un jardin privatif . Venez découvrir cet appartement en vente à Agdal. Confort et sécurité avec porte blindée et double vitrage. En prime, une magnifique vue sur les mon...",https://www.mubawab-media.com/ad/8/206/080F/h/photo_0_81808012.avif,16,2026-09-30
8307009,Terrain en vente à Agdal. Superficie 730 m²,https://www.mubawab.ma/fr/a/8307009/terrain-en-vente-%C3%A0-agdal-superficie-730-m%C2%B2,Vente,Terrain,Marrakech,Agdal,3 000 000 DH,3000000,730m²,730,,,,,"Faites une affaire en achetant ce terrain. Prix 3 000 000 DH. Superficie 730 m². Venez découvrir ce terrain en vente à Agdal, Marrakech",https://www.mubawab-media.com/ad/8/307/009F/h/photo_0_82003522.avif,1,2026-09-30
7677271,Vend appartement à Agdal. Surface totale 115 m². Environneme...,https://www.mubawab.ma/fr/a/7677271/vend-appartement-%C3%A0-agdal-surface-totale-115-m%C2%B2-environnement-calme-avec-vue-sur-la-montagne-porte-blind%C3%A9e,Vente,Appartement,Marrakech,Agdal,3 100 000 DH,3100000,115m²,115,3 Pièces,2 Chambres,2 Salles de bains,"Jardin, Terrasse, Garage, Ascenseur, Vue sur les montagnes, Piscine, Concierge, Chambre rangement, Meublé, Façade extérieure, Salon européen, Antenne parabolique, Cheminée, Climatisation, Chauffage central, Sécurité, Double vitrage, Porte blindée, Cuisine équipée, Réfrigérateur, Four, Micro-ondes","Faites une belle affaire en achetant cet appartement. Prix 3100000 DH. 3 pièces, 2 salles de bains privatives, 115 m². 2 chambres à coucher. Bon état. Confort et sécurité avec chauffage central, porte blindée et double vitrage. En prime, une magnifique vue sur les montagnes. Venez découvrir cet appartement à vendre à Agdal. Résidence parfaitement équipée avec ascenseur et parking. Vous profiterez également d'une belle terrasse. Profitez du confo...",https://www.mubawab-media.com/ad/7/677/271F/h/photo_0_45067387.avif,12,2026-09-30
8185872,"Terrain à vendre — Zone Villa Agdal, Marrakech",https://www.mubawab.ma/fr/a/8185872/terrain-%C3%A0-vendre-%E2%80%94-zone-villa-agdal-marrakech,Vente,Villa,Marrakech,Agdal,3 114 000 DH,3114000,519m²,519,,,,,"L’Immobilier Sans Frontières vous propose à la vente ce terrain de 519 m² situé à Agdal, Marrakech. Classé en zone villa, il est présenté dans un environnement calme, avec proximité indiquée des golfs, des commodités et du plus grand centre commercial d’Afrique. Caractéristiques du terrain : Superficie : 519 m² Zonage, usage & atouts : Zone : Villa - Prix au m² : 6 000 DHS/m² - Prix total : 3 114 000 DHS Convient à : un projet résidentiel en z...",https://www.mubawab-media.com/ad/8/185/872F/h/0%20image%20a%20la%20une_80720645.avif,1,2026-09-30
8295966,A vendre Penthouse à Agdal de trois pièces,https://www.mubawab.ma/fr/a/8295966/a-vendre-penthouse-%C3%A0-agdal-de-trois-pi%C3%A8ces,Vente,Penthouse,Marrakech,Agdal,3 180 000 DH,3180000,211m²,211,3 Pièces,2 Chambres,2 Salles de bains,"Jardin, Terrasse, Garage, Ascenseur, Vue sur les montagnes, Piscine, Concierge, Cheminée, Climatisation, Sécurité, Cuisine équipée, Réfrigérateur, Four, Machine à laver, Micro-ondes","Découvrez ce Penthouse à vendre, situé au dernier étage d'un immeuble de 3 étages dans le quartier prisé d'Agdal à Marrakech. Avec une surface généreuse de 211 m², cet appartement comprend 2 suites parentales et un toilette invités. La cuisine est indépendante, aménagée et équipée, idéale pour les amateurs de gastronomie. Profitez d'un cadre de vie calme, agrémenté d'une cheminée pour des soirées chaleureuses. L'appartement dispose également...",https://www.mubawab-media.com/ad/8/295/966F/h/7464504l_81888517.avif,20,2026-09-30
8420343,Appartement 2 chambres en rez de jardin avec piscine collect...,https://www.mubawab.ma/fr/a/8420343/appartement-2-chambres-en-rez-de-jardin-avec-piscine-collectif-agdal,Vente,Appartement,Marrakech,Agdal,3 300 000 DH,3300000,142m²,142,5 Pièces,2 Chambres,2 Salles de bains,"Jardin, Terrasse, Garage, Piscine, Meublé, Cuisine équipée, Réfrigérateur, Four","Cet appartement de 142 m² au sol, situé en rez-de-jardin dans le quartier prisé d'Agdal, offre un cadre de vie agréable au sein d'une résidence proposant des prestations collectives de qualité, dont une piscine et un court de tennis. Une belle opportunité pour les amateurs d'appartement à vendre à Marrakech en quête d'un bien de plain-pied, idéal pour une résidence principale, secondaire ou un investissement immobilier à Marrakech. Il comprend u...",https://www.mubawab-media.com/ad/8/420/343F/h/thumb_164253_property_xlarge_83272701.avif,11,2026-09-30
8129055,Bel appartement à vendre à Agdal. 3 chambres. Meublé,https://www.mubawab.ma/fr/a/8129055/bel-appartement-%C3%A0-vendre-%C3%A0-agdal-3-chambres-meubl%C3%A9,Vente,Appartement,Marrakech,Agdal,3 300 000 DH,3300000,147m²,147,5 Pièces,3 Chambres,2 Salles de bains,"Jardin, Terrasse, Garage, Ascenseur, Piscine, Concierge, Chambre rangement, Meublé, Façade extérieure, Salon Marocain, Salon européen, Cheminée, Climatisation, Sécurité, Double vitrage, Porte blindée, Cuisine équipée, Réfrigérateur, Four, Machine à laver, Micro-ondes","Affaire à saisir pour cet appartement à vendre. Prix 3 300 000 DH. 5 pièces, 2 salles de bains, 147 m². 3 chambres. 1er étage. Moins de 10 ans. Type de sol: Marbre. Meublé. Idéal si vous souhaitez acheter un appartement à Agdal. Nombreux équipements : cheminée, climatisation et piscine. Profitez d'une belle terrasse. Dispose également d'un ascenseur et d'un garage. Soyez le premier à visiter cet appartement en vente à Marrakech. Confort et trad...",https://www.mubawab-media.com/ad/8/129/055F/h/photo_0_80137916.avif,19,2026-09-30
8258879,Lot de villa à vendre avenue Mohamed6 à côté Morocco mall,https://www.mubawab.ma/fr/a/8258879/lot-de-villa-%C3%A0-vendre-avenue-mohamed6-%C3%A0-c%C3%B4t%C3%A9-morocco-mall,Vente,Riad,Marrakech,Agdal,3 300 000 DH,3300000,502m²,502,,,,,"Faites une affaire en achetant ce terrain. Prix 3 200 000 DH. Superficie de 520 m². Ce terrain est proposé à la vente à Riad Al Atlas, Marrakech.agdal, avenue Mohamed6",https://www.mubawab-media.com/ad/8/258/879F/h/photo_0_81476318.avif,1,2026-09-30
8230659,Bel appartement à vendre à Agdal. 3 pièces. Bien meublé,https://www.mubawab.ma/fr/a/8230659/bel-appartement-%C3%A0-vendre-%C3%A0-agdal-3-pi%C3%A8ces-bien-meubl%C3%A9,Vente,Appartement,Marrakech,Agdal,3 300 000 DH,3300000,127m²,127,3 Pièces,2 Chambres,1 Salle de bain,"Terrasse, Garage, Piscine, Concierge, Meublé, Salon européen, Cuisine équipée","Ne laissez pas passer cet appartement à vendre. Prix 3 300 000 DH. 2 chambres, 1 salle de bains, superficie 127 m². 3 pièces. Moins de 10 ans. Type de sol: Marbre. Propriété entièrement meublée. Idéal si vous souhaitez acheter un appartement à Agdal. Confort et sécurité avec service de conciergerie et piscine. Décoration moderne avec salon européen. Soyez le premier à visiter cet appartement en vente à Marrakech. Grand balcon. Cuisine équipée",https://www.mubawab-media.com/ad/8/230/659F/h/photo_00_81186532.avif,9,2026-09-30
8166538,"Appartement meublé à vendre à Agdal, 147 m², Marrakech",https://www.mubawab.ma/fr/a/8166538/appartement-meubl%C3%A9-%C3%A0-vendre-%C3%A0-agdal-147-m%C2%B2-marrakech,Vente,Appartement,Marrakech,Agdal,3 300 000 DH,3300000,147m²,147,3 Pièces,2 Chambres,2 Salles de bains,"Jardin, Garage, Ascenseur, Piscine, Concierge, Chambre rangement, Meublé, Façade extérieure, Salon européen, Cheminée, Climatisation, Sécurité, Porte blindée, Cuisine équipée, Réfrigérateur, Four, Machine à laver","L’Immobilier Sans Frontières vous propose à la vente cet appartement meublé de 147 m² situé au 1er étage à Agdal, Marrakech. La résidence est annoncée calme, sécurisée et bien entretenue, avec ascenseur, jardin collectif, piscine collective et parking. La distribution comprend une suite parentale avec dressing. Cet appartement se compose de : Salon européen avec cheminé - Séjour - Toilette invités avec vasque - Suite parentale avec dressing, s...",https://www.mubawab-media.com/ad/8/166/538F/h/0%20image%20a%20la%20une_82143650.avif,32,2026-09-30
8286769,À vendre – Appartement de standing à Agdal,https://www.mubawab.ma/fr/a/8286769/%C3%A0-vendre-%E2%80%93-appartement-de-standing-%C3%A0-agdal,Vente,Appartement,Marrakech,Agdal,3 400 000 DH,3400000,141m²,141,3 Pièces,2 Chambres,2 Salles de bains,"Terrasse, Garage, Piscine, Meublé, Cheminée, Sécurité","Situé dans une résidence sécurisée avec piscine, ce spacieux appartement offre un cadre de vie confortable et élégant. D’une superficie totale de 141 m², il se compose de : Deux chambres lumineuses Deux salles de bain Cuisine séparée Grand salon avec cheminée, idéal pour un espace chaleureux Terrasse agréable L’appartement dispose également de : Une cave Une place de parking Vendu non meublé",https://www.mubawab-media.com/ad/8/286/769F/h/WhatsApp%20Image%202026-01-15%20at%2013.28.26%20%283%29_81788486.avif,22,2026-09-30
8294840,Bel appartement situé dans une résidence sécurisée,https://www.mubawab.ma/fr/a/8294840/bel-appartement-situ%C3%A9-dans-une-r%C3%A9sidence-s%C3%A9curis%C3%A9e,Vente,Appartement,Marrakech,Agdal,3 410 000 DH,3410000,,,4 Pièces,2 Chambres,,"Jardin, Terrasse, Garage, Ascenseur, Piscine, Meublé, Salon Marocain, Salon européen, Climatisation, Sécurité, Cuisine équipée","Bel appartement situé dans une résidence sécurisée au quartier de l’Agdal à 7 minutes du centre-ville de Marrakech Superficie totale : 140 m2 Il se compose de : 1 Joli Hall 1 Salon marocain 1 Salon européen avec télévision 1 Salle à manger avec un petit coin salon entourés de grandes fenêtres 1 Cuisine entièrement équipée 2 Chambres avec salle de bain, terrasse, climatisation réversible 1 Toilette invités Divers: Beau jardin dans la résidence...",https://www.mubawab-media.com/ad/8/294/840F/h/6978a48365860f9a4_81873732.avif,26,2026-09-30
8367773,Villa jumelée très bon emplacement Agdal Marrakech,https://www.mubawab.ma/fr/a/8367773/villa-jumel%C3%A9e-tr%C3%A8s-bon-emplacement-agdal-marrakech,Vente,Villa,Marrakech,Agdal,3 600 000 DH,3600000,266m²,266,8 Pièces,4 Chambres,3 Salles de bains,"Jardin, Terrasse, Garage, Piscine, Entre-seul, Salon européen, Sécurité, Double vitrage, Cuisine équipée","Notre Agence Immobilière TERRE & DIAMANT, vous propose à la vente, cette villa jumelée titrée située dans une résidence sécurisée avec piscine collective. Elle se situe secteur Agdal route du barrage à seulement 5 Kms de la place Jemaa el Fna avec toutes commodités à deux pas de la villa. Villa neuve Surface villa : 266 m2 Surface terrain : 150 m2 Secteur recherché très proche du centre-ville de Marrakech Elle se compose comme suit : Sous-s...",https://www.mubawab-media.com/ad/8/367/773F/h/1_82697273.avif,24,2026-09-30
8252220,Superbe duplex de prestige en résidence fermée,https://www.mubawab.ma/fr/a/8252220/superbe-duplex-de-prestige-en-r%C3%A9sidence-ferm%C3%A9e,Vente,Duplex,Marrakech,Agdal,3 750 000 DH,3750000,243m²,243,6 Pièces,4 Chambres,3 Salles de bains,"Terrasse, Garage, Ascenseur, Piscine, Concierge, Chambre rangement, Salon européen, Cheminée, Climatisation, Cuisine équipée, Four","MARRAKECH JARDINS D'ABGHOUR - EXCLU YAKEEY - VENTE D'UN SUPERBE DUPLEX DE 170 M² HABITABLES (263 M² TITRÉS) - 4 CHAMBRES - 3 TERRASSES - 2 PLACES DE PARKING - 3.750.000 DHS Sur l'Agdal, au coeur de la prestigieuse résidence Les Jardins d'Abghour de TGCC (parcs, piscine, tennis, ...), au 2 derniers étages, vente d'un superbe duplex de 170 m² habitables, agrémenté de 3 terrasses pour plus de 70 m² supplémentaires et de 2 places de parking (20 m²...",https://www.mubawab-media.com/ad/8/252/220F/h/1_83189474.avif,12,2026-09-30
8119067,Vente Villa à agdal,https://www.mubawab.ma/fr/a/8119067/vente-villa-%C3%A0-agdal,Vente,Villa,Marrakech,Agdal,3 800 000 DH,3800000,400m²,400,8 Pièces,5 Chambres,3 Salles de bains,"Jardin, Terrasse, Piscine, Salon Marocain, Salon européen, Cheminée, Climatisation","Je mets en vente une spacieuse villa semi-finie, d’une surface habitable de 400 m², idéalement située dans le quartier prisé de l’Agdal, à Marrakech. Son emplacement est stratégique : à seulement 10 minutes de la célèbre place Jemaa el-Fna et de l’aéroport. Construite sur trois niveaux avec une grande terrasse sur le toit, la villa offre des volumes généreux et une belle répartition des espaces. Elle se compose de cinq chambres, dont une suite...",https://www.mubawab-media.com/ad/8/119/067F/h/db04e14dc1612559633e_80037715.avif,10,2026-09-30
8201105,Acheter une villa moderne à Marrakech Agdal en finition cour...,https://www.mubawab.ma/fr/a/8201105/acheter-une-villa-moderne-%C3%A0-marrakech-agdal-en-finition-cours-de-finition-sur-l-avenue-mohamed-6-km-6,Vente,Villa,Marrakech,Agdal,3 900 000 DH,3900000,257m²,257,5 Pièces,4 Chambres,5 Salles de bains,"Jardin, Terrasse, Garage, Piscine, Entre-seul, Salon Marocain, Cheminée, Sécurité, Double vitrage","- L’agence Marrakech Global Invest, spécialisée dans les biens haut standing à Marrakech, vous propose cette superbe villa à vendre idéalement située sur l’Avenue Mohammed VI, dans le quartier très prisé d’Agdal Marrakech. À seulement quelques minutes des centres commerciaux Al Mazar et Morocco Mall, cette propriété est parfaite pour un investissement locatif ou une résidence principale de luxe. - Construite sur un terrain de 257 m², la villa s’...",https://www.mubawab-media.com/ad/8/201/105F/h/kk0pvehVkAuKo71WQF5M_80872168.avif,9,2026-09-30
8210309,Vente maison à Agdal,https://www.mubawab.ma/fr/a/8210309/vente-maison-%C3%A0-agdal,Vente,Maison,Marrakech,Agdal,3 910 000 DH,3910000,400m²,400,7 Pièces,5 Chambres,4 Salles de bains,"Jardin, Terrasse, Garage, Vue sur les montagnes, Piscine, Entre-seul, Climatisation","Découvrez cette belle maison déjà achevée dans sa structure : gros oeuvre, menuiseries et installations principales sont finalisés. Il ne reste qu'à poser la cuisine, les sanitaires et à réaliser les peintures intérieures pour la mettre à votre goût. Avec une superficie généreuse de 400 m², cette propriété dispose de 7 pièces, dont 5 chambres spacieuses et 4 salles de bain offrant un cadre de vie idéal pour les familles. Le terrain de 257 m² com...",https://www.mubawab-media.com/ad/8/210/309F/h/WhatsApp%20Image%202025-08-28%20at%2015.33.50_80967186.avif,16,2026-09-30
8250684,Riad a renover,https://www.mubawab.ma/fr/a/8250684/riad-a-renover,Vente,Riad,Marrakech,Agdal,4 000 000 DH,4000000,160m²,160,8 Pièces,7 Chambres,2 Salles de bains,"Terrasse, Vue sur les montagnes, Meublé, Sécurité","Découvrez ce riad de 160 m² situé dans un emplacement recherché, avec une vue exceptionnelle sur les jardins de l’Agdal. Il se compose de : • 7 chambres • 2 salles de bains • 2 cuisines • Propriété en melkya (pleine propriété) Atout majeur : emplacement calme, vue dégagée, idéal pour un projet de maison d’hôtes ou une résidence familiale",https://www.mubawab-media.com/ad/8/250/684F/h/IMG_6289_81437122.avif,27,2026-09-30
8253800,"Appartement à Vendre de 263.0 m² à Marrakech, Agdal",https://www.mubawab.ma/fr/a/8253800/appartement-%C3%A0-vendre-de-263-0-m%C2%B2-%C3%A0-marrakech-agdal,Vente,Duplex,Marrakech,Agdal,4 050 000 DH,4050000,263m²,263,6 Pièces,4 Chambres,6 Salles de bains,"Jardin, Garage, Ascenseur, Climatisation","À vendre : superbe duplex de 263 m² situé dans le quartier prisé d'Agdal à Marrakech. Ce bien comprend 4 chambres spacieuses, 4 salles de bain et bénéficie de deux façades, offrant une luminosité optimale. Situé au 1er étage d'un immeuble de 3 étages, cet appartement est idéal pour une famille. Prix : 4 250 000 Dhs. Ne manquez pas cette opportunité!",https://www.mubawab-media.com/ad/8/253/800F/h/image_408337614_81424331.avif,15,2026-09-30
8386573,Villa de standing à vendre Route de l'Ourika,https://www.mubawab.ma/fr/a/8386573/villa-de-standing-%C3%A0-vendre-route-de-l-ourika,Vente,Villa,Marrakech,Agdal,4 300 000 DH,4300000,184m²,184,5 Pièces,4 Chambres,4 Salles de bains,"Jardin, Piscine, Salon Marocain, Cuisine équipée","Villa plein pied sur la Route de l’Ourika, cette villa bénéficie d’un emplacement idéal à seulement 9 minutes du centre commercial Almazar et du quartier prisé de l’Agdal",https://www.mubawab-media.com/ad/8/386/573F/h/WhatsApp%20Image%202026-07-21%20at%2012.16.19%20%283%29_82904340.avif,15,2026-09-30
8359011,Appartement de luxe avec piscine privée en vente de 2 chambr...,https://www.mubawab.ma/fr/a/8359011/appartement-de-luxe-avec-piscine-priv%C3%A9e-en-vente-de-2-chambres-2-salles-de-bains-dans-un-domaine-r%C3%A9sidentiel-%C3%A0-agdal-marrakech-5-minutes-du-centre-ville,Vente,Appartement,Marrakech,Agdal,4 300 000 DH,4300000,281m²,281,3 Pièces,2 Chambres,3 Salles de bains,"Jardin, Terrasse, Garage, Ascenseur, Piscine, Concierge, Façade extérieure, Salon européen, Antenne parabolique, Climatisation, Chauffage central, Sécurité, Double vitrage, Porte blindée, Cuisine équipée, Réfrigérateur, Four, Machine à laver, Micro-ondes","Magnifique appartement contemporain avec piscine privée au Rez-de-jardin dans un complexe résidentiel de haut standing au quartier brisé Agdal Marrakech. L’appartement offre : Une superficie habitable de 132 m2 Une surface jardin de 149 m2 Une piscine privée Deux chambres avec leur salle de bain et dressing Toilette d’invités Salon, salle à manger Cuisine entièrement équipé. Le tout dans un complexe exceptionnel qui offre modernité qualité de...",https://www.mubawab-media.com/ad/8/359/011F/h/photo_0_82562359.avif,8,2026-09-30
8214518,"Terrain zone villa à Agdal, 555 m² 8 000 DHS/m², Marrakech...",https://www.mubawab.ma/fr/a/8214518/terrain-zone-villa-%C3%A0-agdal-555-m%C2%B2-8-000-dhs-m%C2%B2-marrakech-%C3%A0-vendre,Vente,Villa,Marrakech,Agdal,4 440 000 DH,4440000,555m²,555,,,,,"L’Immobilier Sans Frontières vous propose à la vente ce terrain de 555 m² situé à Agdal, Marrakech. Classé en zone villa, il est présenté dans un environnement calme, à proximité immédiate des golfs, des commodités et du plus grand centre commercial d’Afrique. Caractéristiques du terrain : Superficie : 555 m² Zonage, usage & atouts : Zone : Villa - Prix au m² : 8 000 DHS/m² Convient à : un projet de construction en zone villa à Agdal pour un a...",https://www.mubawab-media.com/ad/8/214/518F/h/0%20image%20a%20la%20une%20copy_82299472.avif,1,2026-09-30
8416890,Offre exceptionnel villa agdal,https://www.mubawab.ma/fr/a/8416890/offre-exceptionnel-villa-agdal,Vente,Villa,Marrakech,Agdal,4 500 000 DH,4500000,360m²,360,4 Pièces,3 Chambres,4 Salles de bains,"Jardin, Terrasse, Vue sur les montagnes, Piscine, Entre-seul, Salon Marocain, Salon européen, Antenne parabolique, Climatisation, Cuisine équipée","Le Meurice Immobilier vous propose cette élégante villa située en plein cœur du prestigieux quartier de l’Agdal à Marrakech, à seulement 5 minutes du Morocco Mall. Édifiée sur 3 niveaux, la villa se compose comme suit : Sous-sol : un salon, un espace de jeux pour enfants, une cuisine ainsi qu’une cour anglaise apportant lumière et ventilation naturelles. Rez-de-chaussée : un double salon, un espace salle à manger et des toilettes invités...",https://www.mubawab-media.com/ad/8/416/890F/h/WhatsApp_Image_2026-09-14_at_13.37.46_83234769.avif,27,2026-09-30
8227705,"Villa à Vendre de 516.0 m² à Marrakech, Route De L'Ourika Ag...",https://www.mubawab.ma/fr/a/8227705/villa-%C3%A0-vendre-de-516-0-m%C2%B2-%C3%A0-marrakech-route-de-l-ourika-agdal,Vente,Villa,Marrakech,Agdal,4 500 000 DH,4500000,516m²,516,6 Pièces,5 Chambres,6 Salles de bains,,"À vendre, magnifique villa située dans le quartier prisé de la Route De L'Ourika à Marrakech. Cette propriété spacieuse de 516 m² comprend 5 chambres, 4 salles de bain, sur 2 niveaux. Profitez d'un cadre de vie exceptionnel pour un prix de 4 500 000 Dhs. Ne manquez pas cette opportunité unique d'acquérir un bien d'exception",https://www.mubawab-media.com/ad/8/227/705F/h/image_130685328_81152549.avif,14,2026-09-30
8270240,Villa moderne 300 m² construits Agdal,https://www.mubawab.ma/fr/a/8270240/villa-moderne-300-m%C2%B2-construits-agdal,Vente,Villa,Marrakech,Agdal,4 500 000 DH,4500000,266m²,266,7 Pièces,5 Chambres,5 Salles de bains,"Jardin, Terrasse, Garage, Piscine, Entre-seul, Salon Marocain, Climatisation, Chauffage central, Double vitrage, Cuisine équipée","Votre agence immobilière vous propose à la vente une belle villa d’une superficie de 266 m² de terrain et 300 m² construits, répartis comme suit : Rez-de-chaussée : 145 m² Premier étage : 155 m² Rez-de-chaussée : Grande cuisine Une suite avec salle de bain et placard Toilette de réception Deux salons ouverts donnant directement sur la piscine Premier étage : Quatre suites, chacune avec sa salle de bain Deux suites di...",https://www.mubawab-media.com/ad/8/270/240F/h/IMG_6172_81611141.avif,30,2026-09-30
7949914,Villa moderne à Avenue Mohammed 6,https://www.mubawab.ma/fr/a/7949914/villa-moderne-%C3%A0-avenue-mohammed-6,Vente,Villa,Marrakech,Agdal,4 500 000 DH,4500000,300m²,300,7 Pièces,4 Chambres,3 Salles de bains,"Jardin, Terrasse, Garage, Vue sur les montagnes, Piscine, Antenne parabolique, Cheminée, Climatisation, Cuisine équipée","Vente Villa Moderne – Agdal, Marrakech Magnifique villa moderne neuve, située dans l’un des meilleurs quartiers de villas à Marrakech, sur la prestigieuse avenue Mohamed VI, avec un accès rapide et facile au centre-ville. Implantée sur un terrain de 266 m² avec environ 300 m² habitables, cette villa offre des prestations haut de gamme et des finitions modernes . Composition 5 suites: • 4 suites à l’étage avec terrasses, dressings modernes...",https://www.mubawab-media.com/ad/7/949/914F/h/WhatsApp%20Image%202026-02-25%20at%2013.33.26%20%282%29_82084687.avif,8,2026-09-30
8105235,Belle villa à vendre meublée à Agdal,https://www.mubawab.ma/fr/a/8105235/belle-villa-%C3%A0-vendre-meubl%C3%A9e-%C3%A0-agdal,Vente,Villa,Marrakech,Agdal,4 650 000 DH,4650000,300m²,300,6 Pièces,3 Chambres,4 Salles de bains,"Terrasse, Garage, Piscine, Chambre rangement, Meublé, Salon européen, Antenne parabolique, Cheminée, Climatisation, Chauffage central, Sécurité, Double vitrage, Porte blindée, Cuisine équipée, Réfrigérateur, Four, Machine à laver, Micro-ondes","Le Comptoir Des Villas vous propose une belle villa à vendre meublée située à Agdal. Cette magnifique villa est composée de : *RDC* - Salle d’eau invitée - Cuisine bien équipée avec buanderie - Double salons - Espace salle à manger - Piscine chauffée *Étage* - 3 chambres (chaque chambre avec sa salle de bain et dressing ) Possibilité d’aménager la terrasse comme Rooftop. La villa n’est jamais habité, à vendre meublée Prix de vente : 4 650 0...",https://www.mubawab-media.com/ad/8/105/235F/h/photo_0_79897621.avif,23,2026-09-30
8376618,"Villa à Vendre de 1452.0 m² à Marrakech, Route De L'Ourika A...",https://www.mubawab.ma/fr/a/8376618/villa-%C3%A0-vendre-de-1452-0-m%C2%B2-%C3%A0-marrakech-route-de-l-ourika-agdal,Vente,Villa,Marrakech,Agdal,4 700 000 DH,4700000,1452m²,1452,6 Pièces,4 Chambres,6 Salles de bains,"Climatisation, Chauffage central","À vendre, magnifique villa située dans le quartier prisé de l'Agdal à Marrakech. D'une superficie de 1452 m², elle offre 260 m² de surface habitable, comprenant 4 chambres et 4 salles de bain. Idéale pour un cadre de vie paisible et raffiné. Prix : 4 700 000 Dhs",https://www.mubawab-media.com/ad/8/376/618F/h/image_444398074_82796107.avif,9,2026-09-30
8351355,Mise en vente d'un joli Riad de 214 m2,https://www.mubawab.ma/fr/a/8351355/mise-en-vente-d-un-joli-riad-de-214-m2,Vente,Riad,Marrakech,Agdal,4 800 000 DH,4800000,214m²,214,5 Pièces,3 Chambres,2 Salles de bains,"Jardin, Terrasse, Garage, Vue sur les montagnes, Piscine, Concierge, Chambre rangement, Meublé, Entre-seul, Salon Marocain, Salon européen, Antenne parabolique, Cheminée, Climatisation, Chauffage central, Sécurité, Double vitrage, Porte blindée, Cuisine équipée, Réfrigérateur, Four, Machine à laver, Micro-ondes","Magnifique riad de 214 m² situé à Agdal, l'un des quartiers résidentiels les plus prisés de Marrakech. Distribué sur deux niveaux (RDC 1er étage), ce bien d'exception conjugue l'âme traditionnelle du riad et le confort contemporain. Le rez-de-chaussée s'organise autour de deux patios offrant une vue imprenable sur la piscine de la résidence. Il accueille deux salons, une salle à manger et une cheminée, créant des espaces de vie chaleureux et ouv...",https://www.mubawab-media.com/ad/8/351/355F/h/WhatsApp%20Image%202026-05-16%20at%2022.44.18%20%285%29_82478667.avif,24,2026-09-30
7979447,Villa route d’ourika zone agdal a la vente,https://www.mubawab.ma/fr/a/7979447/villa-route-d%E2%80%99ourika-zone-agdal-a-la-vente,Vente,Villa,Marrakech,Agdal,4 900 000 DH,4900000,300m²,300,6 Pièces,5 Chambres,4 Salles de bains,"Jardin, Terrasse, Piscine, Meublé, Salon Marocain, Salon européen, Cheminée, Climatisation, Cuisine équipée, Réfrigérateur, Four, Machine à laver","Le Comptoir de l’Immobilier, agence immobilière à Marrakech, vous propose cette villa située au début de la route d’Ourika, zone Agdal. A quelques minutes du centre-ville, cette villa s’étend sur trois niveaux, offrant 300 m² de surface habitable avec terrasse et piscine privative. La villa est agencée sur trois niveaux. Au sous sol, cuisine, chambre personnel. Au rez de chaussé, un très grand salon et séjour avec wc invités et à l’étage, 4 cha...",https://www.mubawab-media.com/ad/7/979/447F/h/villa-location-agdal-piscine-meubl%C3%A9-longue%20dur%C3%A9e%20%281%29%20-%20Copie_78654769.avif,13,2026-09-30
8348534,A vendre terrain de 500m² à Agdal Chaabi Gold,https://www.mubawab.ma/fr/a/8348534/a-vendre-terrain-de-500m%C2%B2-%C3%A0-agdal-chaabi-gold,Vente,Villa,Marrakech,Agdal,5 000 000 DH,5000000,500m²,500,,,,,Très beau terrain pour construction d'une villa d'ans l'un des prestigieux lotissements de l'Agdal sur le boulevard Med6 à marrakech,https://www.mubawab-media.com/ad/8/348/534F/h/Capture%20d%E2%80%99e%CC%81cran%202026-05-12%20a%CC%80%2014.56.28_82448363.avif,1,2026-09-30
8341012,Villa d’exception à vendre Agdal VE26124,https://www.mubawab.ma/fr/a/8341012/villa-d%E2%80%99exception-%C3%A0-vendre-agdal-ve26124,Vente,Villa,Marrakech,Agdal,5 000 000 DH,5000000,300m²,300,6 Pièces,5 Chambres,3 Salles de bains,"Terrasse, Garage, Piscine, Meublé, Entre-seul, Salon Marocain, Cheminée, Climatisation, Chauffage central, Sécurité, Cuisine équipée","Votre agence immobilière PRESTIGE GALLERY IMMO vous propose une villa semi-meublée d’exception située au cœur du prestigieux quartier d’Agdal, l’un des environnements les plus recherchés de la ville. Cette propriété rare, alliant élégance, volumes généreux et prestations haut de gamme, offre une exposition plein sud et des finitions soignées. Caractéristiques du bien : • Superficie totale : 300 m² • Surface habitable : 520 m² • 5 chambres dont u...",https://www.mubawab-media.com/ad/8/341/012F/h/113455_575372720419314%20%281%29_82363776.avif,26,2026-09-30
8244004,"Villa à Vendre de 481.0 m² à Marrakech, Route De L'Ourika Ag...",https://www.mubawab.ma/fr/a/8244004/villa-%C3%A0-vendre-de-481-0-m%C2%B2-%C3%A0-marrakech-route-de-l-ourika-agdal,Vente,Villa,Marrakech,Agdal,5 200 000 DH,5200000,481m²,481,6 Pièces,4 Chambres,6 Salles de bains,"Garage, Meublé, Climatisation, Chauffage central","À vendre, magnifique villa située dans le quartier prisé de Route De L'Ourika (Agdal) à Marrakech. Cette propriété spacieuse de 481 m², comprenant 300 m² de surface habitable, offre 4 chambres et 3 salles de bain. Avec ses 4 façades et 2 niveaux, elle allie confort et élégance. Prix : 5 200 000 Dhs. Ne manquez pas cette opportunité unique!",https://www.mubawab-media.com/ad/8/244/004F/h/image_340839751_81322624.avif,21,2026-09-30
8201010,Villa beldi chic d’exception à vendre à agdal – 5 chambres é...,https://www.mubawab.ma/fr/a/8201010/villa-beldi-chic-d%E2%80%99exception-%C3%A0-vendre-%C3%A0-agdal-%E2%80%93-5-chambres-%C3%A9l%C3%A9gantes-%E2%80%93-vendue-meubl%C3%A9e-%E2%80%93-art-de-vivre-raffin%C3%A9-%C3%A0-marrakech,Vente,Riad,Marrakech,Agdal,5 600 000 DH,5600000,650m²,650,10 Pièces,5 Chambres,5 Salles de bains,"Jardin, Garage, Vue sur les montagnes, Piscine, Chambre rangement, Meublé, Entre-seul, Salon Marocain, Salon européen, Antenne parabolique, Cheminée, Climatisation, Sécurité, Double vitrage, Porte blindée, Cuisine équipée, Réfrigérateur, Four, Machine à laver, Micro-ondes","Découvrez cette villa de prestige style riad à Marrakech, alliant architecture marocaine traditionnelle et design contemporain. Pensée pour une résidence principale haut de gamme ou un investissement locatif à forte rentabilité, elle offre des prestations rares et recherchées. Caractéristiques clés : • 5 suites élégantes, dont une Master Suite • Cour intérieure privative avec piscine • Rooftop aménagé exclusif avec tente caïdale • Spa panora...",https://www.mubawab-media.com/ad/8/201/010F/h/photo_00_80871295.avif,24,2026-09-30
8367948,Villa Moderne Au Quartier Agdal Marrakech,https://www.mubawab.ma/fr/a/8367948/villa-moderne-au-quartier-agdal-marrakech,Vente,Villa,Marrakech,Agdal,6 400 000 DH,6400000,300m²,300,5 Pièces,4 Chambres,3 Salles de bains,"Jardin, Terrasse, Garage, Ascenseur, Piscine, Chambre rangement, Entre-seul, Salon Marocain, Salon européen, Antenne parabolique, Cheminée, Climatisation, Chauffage central, Sécurité, Double vitrage, Porte blindée",L’emplacement de cette villa sur l’avenue Mohamed VI vous permettra de profiter à la fois du dynamisme de la vie urbaine et du calme et de la tranquillité de ce quartier. Cette villa moderne allie une élégance intemporelle et un espace personnel extravagant à des vues exceptionnelles. Elle est située sur un terrain de 387 m² et offre une surface totale construite de 300 m². La décoration est un joli design intérieur contemporain. La propriété c...,https://www.mubawab-media.com/ad/8/367/948F/h/villa%20Marrakech%20Agdal-33_82699205.avif,16,2026-09-30
8350713,Villa moderne avec piscine à vendre à Agdal,https://www.mubawab.ma/fr/a/8350713/villa-moderne-avec-piscine-%C3%A0-vendre-%C3%A0-agdal,Vente,Villa,Marrakech,Agdal,6 500 000 DH,6500000,500m²,500,6 Pièces,4 Chambres,4 Salles de bains,"Jardin, Terrasse, Garage, Piscine, Entre-seul, Climatisation, Chauffage central, Sécurité, Cuisine équipée","Villa moderne avec piscine et jardin à vendre à Agdal, située dans une résidence calme, et sécurisé. Cette villa lumineuse comprend de beaux espaces de vie ouverts et chaleureux avec de larges baies vitrées donnant sur le jardin et la piscine, un salon moderne, un espace salle à manger convivial ainsi qu’une cuisine aménagée . La partie nuit se compose de 4 spacieuses chambres à coucher, offrant confort et intimité, dont de belles suites avec...",https://www.mubawab-media.com/ad/8/350/713F/h/image4_82472107.avif,7,2026-09-30
8329865,Prestige et Sérénité en Première Ligne de Golf,https://www.mubawab.ma/fr/a/8329865/prestige-et-s%C3%A9r%C3%A9nit%C3%A9-en-premi%C3%A8re-ligne-de-golf,Vente,Villa,Marrakech,Agdal,6 700 000 DH,6700000,300m²,300,5 Pièces,4 Chambres,4 Salles de bains,"Jardin, Garage, Vue sur les montagnes, Piscine, Chambre rangement, Entre-seul, Climatisation, Chauffage central, Double vitrage, Porte blindée","FOCH Real Estate est fier de présenter cette villa de très haut standing, idéalement située en première ligne de golf, proposée à la vente dans le prestigieux quartier de l'Agdal à Marrakech. Cette propriété d'exception allie une architecture raffinée à un emplacement géographique rare, offrant une perspective unique et apaisante sur les parcours verdoyants du domaine. Nichée au cœur d'un environnement sécurisé et verdoyant, la villa bénéfi...",https://www.mubawab-media.com/ad/8/329/865F/h/photo_0_82247099.avif,20,2026-09-30
8398837,Villa 4 chambres Agdal,https://www.mubawab.ma/fr/a/8398837/villa-4-chambres-agdal,Vente,Villa,Marrakech,Agdal,6 900 000 DH,6900000,371m²,371,9 Pièces,4 Chambres,4 Salles de bains,"Jardin, Terrasse, Piscine, Salon Marocain, Cheminée, Climatisation","Villa individuelle à vendre – Agdal, Marrakech L’agence Esprit-Immo vous propose à la vente une villa comme suit : Une belle villa individuelle située dans le quartier prisé de l’Agdal, à proximité du nouveau Morocco Mall, au sein d’un environnement résidentiel calme composé exclusivement de villas. Édifiée sur un terrain de 555 m², la villa développe une superficie construite de 371 m² et bénéficie d’un agréable jardin avec piscine et t...",https://www.mubawab-media.com/ad/8/398/837F/h/1000556878_83216253.avif,13,2026-09-30
8309184,Très jolie Villa neuve de style moderne & contemporain,https://www.mubawab.ma/fr/a/8309184/tr%C3%A8s-jolie-villa-neuve-de-style-moderne-contemporain,Vente,Villa,Marrakech,Agdal,6 938 800 DH,6938800,325m²,325,6 Pièces,4 Chambres,,"Jardin, Terrasse, Piscine, Cheminée, Climatisation, Sécurité, Cuisine équipée","Très jolie Villa neuve de style moderne & contemporain située à l'Agdal à moins de 15 minutes du centre ville Superficie du terrain : 505 m2 Superficie habitable : 325 m2 Elle se compose de : Rdc : 1 Double salon avec cheminée donnant sur la terrasse Salle à manger donnant sur la terrasse 1 Cuisine entièrement équipée avec îlot central Toilette invitée 1ier étage : 3 Chambres, 2 salles de bain 1 Suite avec salle de bain et dressing Divers : Pisci...",https://www.mubawab-media.com/ad/8/309/184F/h/achat-villa-marrakech-agdal-vmaa70-13_82026594.avif,12,2026-09-30
8423023,Villa à vendre à Secteur Agdal,https://www.mubawab.ma/fr/a/8423023/villa-%C3%A0-vendre-%C3%A0-secteur-agdal,Vente,Villa,Marrakech,Agdal,7 000 000 DH,7000000,555m²,555,8 Pièces,4 Chambres,5 Salles de bains,"Jardin, Terrasse, Garage, Piscine, Salon Marocain, Antenne parabolique, Climatisation, Double vitrage, Cuisine équipée, Réfrigérateur, Four, Machine à laver","Cette exceptionnelle villa de luxe, située dans le prestigieux quartier d’Agdal à Marrakech, est un véritable havre de paix contemporain, construit il y a seulement 1 à 5 ans. Avec une surface habitable impressionnante de 555 m² et un terrain de 371 m², cette propriété spacieuse offre une abondance de lumière et de confort moderne. Elle est dotée de quatre chambres généreuses et de cinq salles de bains luxueuses, toutes finies avec des matériaux...",https://www.mubawab-media.com/ad/8/423/023F/h/photo_00_83302590.avif,20,2026-09-30
8347186,Mise en vente d'un lot de terrain pour villa,https://www.mubawab.ma/fr/a/8347186/mise-en-vente-d-un-lot-de-terrain-pour-villa,Vente,Villa,Marrakech,Agdal,7 467 000 DH,7467000,1965m²,1965,,,,,un lot de terrain pour villa de 1965 m2 en R1 dans le quartier residentiel de reve Agdal a cote de l'hopital americain Agdal constitue un havre de paix et de tranquilite,https://www.mubawab-media.com/ad/8/347/186F/h/IMG_5936_82431223.avif,2,2026-09-30
8158056,Villa a vendre sans vis a vis agdal,https://www.mubawab.ma/fr/a/8158056/villa-a-vendre-sans-vis-a-vis-agdal,Vente,Villa,Marrakech,Agdal,7 500 000 DH,7500000,371m²,371,7 Pièces,4 Chambres,4 Salles de bains,"Jardin, Terrasse, Garage, Vue sur les montagnes, Piscine, Chambre rangement, Salon Marocain, Salon européen, Cheminée, Climatisation, Sécurité, Double vitrage, Porte blindée, Cuisine équipée, Réfrigérateur, Four, Machine à laver, Micro-ondes","Dans un quartier les plus recherchés et reposant de Marrakech une très belle demeure Situe dans un quartier résidentiel d’Agdal, , cette magnifique villa de charme pleine de luminosité, sans vis-à-vis grâce à ses 4 façades, et sa vue exceptionnel sur les montagnes de l’Atlas. Construite sur 555 m² de terrain, elle développe 371 m² habitables répartis sur deux niveaux et un rooftop. Très bien entretenue, elle offre un cadre de vie agréable...",https://www.mubawab-media.com/ad/8/158/056F/h/19_80439021.avif,25,2026-09-30
8350720,Villa moderne avec piscine en vente à Agdal,https://www.mubawab.ma/fr/a/8350720/villa-moderne-avec-piscine-en-vente-%C3%A0-agdal,Vente,Villa,Marrakech,Agdal,7 500 000 DH,7500000,296m²,296,5 Pièces,3 Chambres,4 Salles de bains,"Jardin, Terrasse, Garage, Piscine, Concierge, Entre-seul, Cheminée, Climatisation, Chauffage central, Sécurité, Porte blindée, Cuisine équipée","Villa moderne avec piscine en vente à Agdal, située dans un environnement résidentiel prestigieux, calme et sécurisé. La villa dispose de spacieux espaces de vie lumineux avec de larges ouvertures sur le jardin et la piscine, un élégant salon moderne, un espace salle à manger ainsi qu’une cuisine aménagée . La partie nuit comprend 3 belles chambres à coucher , ainsi que 4 salles de bains modernes aux finitions soignées, offrant confort et inti...",https://www.mubawab-media.com/ad/8/350/720F/h/874c18e1-6061-4565-87f7-80a43a93cd96_82472156.avif,18,2026-09-30
8302316,À vendre – Très belle villa individuelle – Agdal,https://www.mubawab.ma/fr/a/8302316/%C3%A0-vendre-%E2%80%93-tr%C3%A8s-belle-villa-individuelle-%E2%80%93-agdal,Vente,Villa,Marrakech,Agdal,7 500 000 DH,7500000,555m²,555,7 Pièces,5 Chambres,5 Salles de bains,"Jardin, Terrasse, Garage, Piscine, Salon Marocain, Salon européen, Cheminée, Cuisine équipée","Réf : 009S/026 À vendre – Très belle villa individuelle – Agdal, Boulevard Mohammed VI L’intérieur séduit dès les premiers instants par ses volumes généreux, sa luminosité naturelle et la qualité de ses finitions. Le rez-de-chaussée accueille un élégant double salon composé d’un salon européen avec cheminée et d’un salon marocain raffiné. Les grandes baies vitrées offrent une ouverture directe sur la piscine et le jardin, créant une harmonie pa...",https://www.mubawab-media.com/ad/8/302/316F/h/WhatsApp%20Image%202026-02-12%20at%2015.01.48_81956338.avif,22,2026-09-30
8404250,Excellente villa à vendre à Agdal. La superficie est de 550...,https://www.mubawab.ma/fr/a/8404250/excellente-villa-%C3%A0-vendre-%C3%A0-agdal-la-superficie-est-de-550-m%C2%B2-meubl%C3%A9,Vente,Villa,Marrakech,Agdal,7 800 000 DH,7800000,550m²,550,5 Pièces,5 Chambres,6 Salles de bains,"Jardin, Terrasse, Garage, Vue sur les montagnes, Piscine, Concierge, Chambre rangement, Meublé, Entre-seul, Salon Marocain, Salon européen, Antenne parabolique, Cheminée, Climatisation, Chauffage central, Sécurité, Double vitrage, Porte blindée, Cuisine équipée, Réfrigérateur, Four, Machine à laver, Micro-ondes","Cette villa luxueuse dans la région d'Agdal à Marrakech présente un style architectural moderne et luxueux, s'étendant sur une surface de 550 mètres carrés. Elle se compose de cinq chambres et de six salles de bain, offrant des espaces de vie spacieux et confortables. Les sols sont en marbre dans les parties communes, comme le salon. Les chambres, quant à elles, sont dotées de sols élégants en parquet. La villa est soigneusement conçue pour offr...",https://www.mubawab-media.com/ad/8/404/250F/h/photo_0_83096075.avif,31,2026-09-21
8306981,Terrain à agdal. Surface totale 1965 m²,https://www.mubawab.ma/fr/a/8306981/terrain-%C3%A0-agdal-surface-totale-1965-m%C2%B2,Vente,Villa,Marrakech,Agdal,7 860 000 DH,7860000,1965m²,1965,,,,,Faites une affaire en achetant ce terrain. Prix 7 860 000 DH. Superficie de 1965 m². Terrain à découvrir à agdal dvd mohamed 6 Marrakech. Très bonne affaire pour une villa de prestige ou bien une maison d'hôte Pour la visit contacter nous ou,https://www.mubawab-media.com/ad/8/306/981F/h/photo_0_82003343.avif,3,2026-09-30
8396190,"Villa moderne en première ligne de golf, Marrakech",https://www.mubawab.ma/fr/a/8396190/villa-moderne-en-premi%C3%A8re-ligne-de-golf-marrakech,Vente,Villa,Marrakech,Agdal,8 000 000 DH,8000000,420m²,420,4 Pièces,3 Chambres,2 Salles de bains,"Jardin, Terrasse, Garage, Vue sur les montagnes, Piscine, Concierge, Chambre rangement, Entre-seul, Salon Marocain, Salon européen, Antenne parabolique, Cheminée, Climatisation, Chauffage central, Sécurité, Double vitrage, Porte blindée, Cuisine équipée, Réfrigérateur, Four, Machine à laver, Micro-ondes","Idéalement située au cœur de la prestigieuse résidence Prestigia, dans le quartier prisé de l'Agdal, cette propriété d'exception offre un cadre de vie privilégié, alliant sérénité, sécurité et élégance contemporaine. Positionnée en première ligne de golf, la villa bénéficie d’une vue dégagée et verdoyante, parfaite pour une résidence familiale ou un pied-à-terre de haut standing à Marrakech. Édifiée sur deux niveaux, cette villa développe une su...",https://www.mubawab-media.com/ad/8/396/190F/h/IMG_9147_83011596.avif,26,2026-09-30
8002079,Vente Villa Marrakech • Agdal,https://www.mubawab.ma/fr/a/8002079/vente-villa-marrakech-%E2%80%A2-agdal,Vente,Villa,Marrakech,Agdal,8 300 000 DH,8300000,362m²,362,7 Pièces,4 Chambres,4 Salles de bains,"Jardin, Terrasse, Garage, Piscine, Chambre rangement, Meublé, Entre-seul, Salon Marocain, Salon européen, Cheminée, Climatisation, Sécurité, Double vitrage, Cuisine équipée, Réfrigérateur, Machine à laver, Micro-ondes","Villa Moderne au coeur de Marrakech Chestertons Maroc vous propose cette somptueuse villa moderne située au cœur de Marrakech, dans le prestigieux quartier de l’Agdal, à proximité immédiate de toutes les commodités. Construite en 2021, cette résidence allie élégance et confort sur une superficie habitable de 362 m², nichée sur un terrain de 533 m². La villa offre 4 suites spacieuses, chacune avec sa propre salle de bain, garantissant intimité...",https://www.mubawab-media.com/ad/8/002/079F/h/Picture-85283041-1_78879509.avif,32,2026-09-30
8337590,Villa De Luxe Avec Piscine Chauffée À AGDAL,https://www.mubawab.ma/fr/a/8337590/villa-de-luxe-avec-piscine-chauff%C3%A9e-%C3%A0-agdal,Vente,Villa,Marrakech,Agdal,8 900 000 DH,8900000,370m²,370,7 Pièces,5 Chambres,4 Salles de bains,"Jardin, Terrasse, Garage, Vue sur les montagnes, Piscine, Meublé, Entre-seul","Le 25 Immobilier vous propose une somptueuse villa contemporaine située au cœur du prestigieux domaine de l’Agdal, à Marrakech, une adresse prisée pour son cadre exclusif, sa sécurité et sa proximité immédiate avec les plus belles infrastructures de la ville. Implantée sur un terrain de 800 m², cette propriété d’exception développe une surface habitable de 370 m², pensée dans les moindres détails pour offrir un équilibre parfait entre élégance...",https://www.mubawab-media.com/ad/8/337/590F/h/a8_82326944.avif,14,2026-09-30
8261841,Terrain à vendre à Marrakech dans la région d'agdal,https://www.mubawab.ma/fr/a/8261841/terrain-%C3%A0-vendre-%C3%A0-marrakech-dans-la-r%C3%A9gion-d-agdal,Vente,Terrain,Marrakech,Agdal,9 360 000 DH,9360000,2340m²,2340,,,,,"Terrain à Vendre – Quartier Agdal, Marrakech À vendre, un très beau terrain idéalement situé dans le prestigieux quartier Agdal à Marrakech, l’un des secteurs les plus recherchés de la ville. Ce terrain bénéficie d’un emplacement stratégique, proche des principaux axes, des centres commerciaux, des écoles, des hôtels et à quelques minutes seulement du centre-ville et de l’aéroport. Caractéristiques du terrain : Superficie : (2340m²) Localisa...",https://www.mubawab-media.com/ad/8/261/841F/h/photo_0_81513550.avif,1,2026-09-30
8346509,Villa de Prestige à Vendre à Agdal avenue Mohamed VI Marrak...,https://www.mubawab.ma/fr/a/8346509/villa-de-prestige-%C3%A0-vendre-%C3%A0-agdal-avenue-mohamed-vi-marrakech,Vente,Villa,Marrakech,Agdal,9 500 000 DH,9500000,780m²,780,9 Pièces,5 Chambres,6 Salles de bains,"Jardin, Terrasse, Garage, Piscine, Entre-seul, Climatisation, Cuisine équipée","Magnifique villa moderne édifiée sur un terrain de 800 m² avec 780 m² construits, offrant des prestations haut de gamme, de grands espaces de vie et un confort exceptionnel. Composition de la villa : Sous-sol : Hammam beldi traditionnel Salle cinéma Chambre avec salle de bain Salon traditionnel marocain Cuisine Parking pouvant accueillir jusqu’à 5 voitures Rez-de-chaussée : 4 grands salons lumineux Cuisine équipée Toilette invités Grande terrasse...",https://www.mubawab-media.com/ad/8/346/509F/h/photo_0_82423832.avif,31,2026-09-30
8309845,"Agdal – avenue mohammed vi, terrain premium",https://www.mubawab.ma/fr/a/8309845/agdal-%E2%80%93-avenue-mohammed-vi-terrain-premium,Vente,Villa,Marrakech,Agdal,9 600 000 DH,9600000,2400m²,2400,,,,,"AGDAL – AVENUE MOHAMMED VI TERRAIN PREMIUM À VENDRE – MARRAKECH Off Market – Opportunité rare sur l’une des zones les plus recherchées de Marrakech. Situé derrière le Mall, sur l’Avenue Mohammed VI, ce superbe terrain premium de 2 400 m² bénéficie d’un emplacement stratégique exceptionnel au cœur du prestigieux quartier Agdal. Idéal pour la réalisation d’une villa de luxe, d’une résidence haut de gamme ou d’un projet immobilier de standing, c...",https://www.mubawab-media.com/ad/8/309/845F/h/photo_0_82059784.avif,1,2026-09-30
8308800,"Villa à Vendre de 1619.0 m² à Marrakech, Route De L'Ourika A...",https://www.mubawab.ma/fr/a/8308800/villa-%C3%A0-vendre-de-1619-0-m%C2%B2-%C3%A0-marrakech-route-de-l-ourika-agdal,Vente,Villa,Marrakech,Agdal,10 000 000 DH,10000000,1619m²,1619,7 Pièces,4 Chambres,11 Salles de bains,"Jardin, Meublé, Climatisation, Chauffage central","À vendre : magnifique villa située dans la Zone Touristique de l'Agdal à Marrakech. Cette propriété spacieuse de 1650 m² comprend 5 chambres et 6 salles de bain, offrant tout le confort nécessaire. Idéale pour un cadre de vie paisible ou un investissement. Prix : 8 000 000 Dhs",https://www.mubawab-media.com/ad/8/308/800F/h/image_726730683_82022297.avif,23,2026-09-30
8293677,Lot de terrain de 2222m² en zone villa Agdal,https://www.mubawab.ma/fr/a/8293677/lot-de-terrain-de-2222m%C2%B2-en-zone-villa-agdal,Vente,Villa,Marrakech,Agdal,10 442 000 DH,10442000,2200m²,2200,,,,,"Terrain à vendre – Agdal, Marrakech Lot de terrain 2000 m² en zone villa, idéal pour la construction d’une villa individuelle. Emplacement recherché dans le quartier Agdal, proche des commodités, axes principaux et Morocco Mall. Prix demandé : 10120000DH (à confirmer selon négociation et titre foncier). Terrain titré, prêt pour projet de construction. Pour plus d’informations ou visite :",https://www.mubawab-media.com/ad/8/293/677F/h/IMG_3118_81860567.avif,1,2026-09-30
8291137,"Villa à Vendre de 34852.0 m² à Marrakech, Route De L'Ourika...",https://www.mubawab.ma/fr/a/8291137/villa-%C3%A0-vendre-de-34852-0-m%C2%B2-%C3%A0-marrakech-route-de-l-ourika-agdal,Vente,Villa,Marrakech,Agdal,10 500 000 DH,10500000,34852m²,34852,6 Pièces,4 Chambres,5 Salles de bains,Garage,"Nouvelle annonce de Vente d'une villa à Marrakech, dans le quartier Sidi bouzguia. Cette propriété spacieuse offre une surface de 34852.0m² Elle offre une luminosité exceptionnelle. Prix attractif de 10500000 Dhs",https://www.mubawab-media.com/ad/8/291/137F/h/image_496636040_81834434.avif,13,2026-09-30
8367951,Villa Contemporaine au Quartier Agdal Marrakech,https://www.mubawab.ma/fr/a/8367951/villa-contemporaine-au-quartier-agdal-marrakech,Vente,Villa,Marrakech,Agdal,12 000 000 DH,12000000,780m²,780,5 Pièces,4 Chambres,3 Salles de bains,"Jardin, Terrasse, Garage, Vue sur les montagnes, Piscine, Chambre rangement, Meublé, Entre-seul, Salon européen, Antenne parabolique, Cheminée, Climatisation, Chauffage central, Sécurité, Double vitrage, Porte blindée, Cuisine équipée, Réfrigérateur, Four, Machine à laver, Micro-ondes","L’emplacement de la propriété sur l’avenue Mohamed VI vous permettra de profiter à la fois du dynamisme de la vie urbaine et de la tranquillité Villa 800 m Construit 780 m Sous sol; hammam beldi, cinema, chambre avec toilettes , salon traditionnel et cuisine et parking de 5 voiture Rez de chaussé: 4 salon et cuisine et toilette avec terrasse et piscine et pergoula 1 er étage: 4 suite avec leur dressing et leur 4 toilettes et un bureau La vill...",https://www.mubawab-media.com/ad/8/367/951F/h/photo_0_82761473.avif,26,2026-09-30
8316326,Villa avenue mohammed 6 avec cinéma meublé,https://www.mubawab.ma/fr/a/8316326/villa-avenue-mohammed-6-avec-cin%C3%A9ma-meubl%C3%A9,Vente,Villa,Marrakech,Agdal,13 500 000 DH,13500000,560m²,560,5 Pièces,4 Chambres,6 Salles de bains,"Jardin, Terrasse, Garage, Ascenseur, Vue sur les montagnes, Piscine, Meublé, Entre-seul, Salon européen, Climatisation, Sécurité, Double vitrage, Porte blindée, Cuisine équipée, Réfrigérateur, Four, Machine à laver, Micro-ondes","Installations de haute qualité avec cette belle maison à vendre. Prix 13 500 000 DH. 5 espaces de vie, 6 salles de bains, surface de 560 m². 4 chambres. Moins de 5 ans. Type de sol : Marbre. Dressing. Cette belle villa est à vendre à Agdal. Parfaitement équipée avec porte renforcée et double vitrage. Vue imprenable sur les montagnes. Zones vertes Pas d'ascenseur, Balcon. Contactez-nous si vous êtes intéressé par cette villa. Confortable et bien...",https://www.mubawab-media.com/ad/8/316/326F/h/photo_00_82103587.avif,17,2026-09-30
8207195,Villa de luxe à vendre – 560 m² de terrain,https://www.mubawab.ma/fr/a/8207195/villa-de-luxe-%C3%A0-vendre-%E2%80%93-560-m%C2%B2-de-terrain,Vente,Villa,Marrakech,Agdal,13 500 000 DH,13500000,550m²,550,5 Pièces,4 Chambres,4 Salles de bains,"Jardin, Terrasse, Ascenseur, Piscine, Chambre rangement, Entre-seul, Salon européen, Cuisine équipée","Prestations premium, domotique intégrale et finitions soignées dans un cadre unique Découvrez cette magnifique villa contemporaine, située à Agdal dans un environnement calme et recherché, offrant des prestations haut de gamme sur une superficie totale de 550 m², édifiée sur un terrain de 560 m². Le sous-sol de 175 m² est un véritable espace de vie indépendant, composé d’une suite avec salle de douche, toilettes invités, d’un home cinéma équipé d...",https://www.mubawab-media.com/ad/8/207/195F/h/villa-agdal-360835_00001_80932501.avif,32,2026-09-30
8346524,"Villa de Prestige Extra Luxe à Vendre – Agdal, Avenue Mohamm...",https://www.mubawab.ma/fr/a/8346524/villa-de-prestige-extra-luxe-%C3%A0-vendre-%E2%80%93-agdal-avenue-mohammed-vi-marrakech,Vente,Villa,Marrakech,Agdal,14 000 000 DH,14000000,500m²,500,6 Pièces,4 Chambres,6 Salles de bains,"Jardin, Ascenseur, Piscine","Découvrez cette somptueuse villa de prestige située dans l’un des quartiers les plus recherchés de Marrakech, à Agdal sur l’Avenue Mohammed VI, bénéficiant d’un emplacement stratégique à proximité immédiate du Morocco Mall et de toutes les commodités. Édifiée sur un terrain de 543 m² avec deux façades, cette propriété d’exception allie élégance, confort moderne et prestations haut de gamme. La villa comprend : • 4 suites spacieuses avec salles de...",https://www.mubawab-media.com/ad/8/346/524F/h/photo_0_82424066.avif,32,2026-09-30
7461134,Très belle villa de maître sur agdal,https://www.mubawab.ma/fr/a/7461134/tr%C3%A8s-belle-villa-de-ma%C3%AEtre-sur-agdal,Vente,Villa,Marrakech,Agdal,16 000 000 DH,16000000,1000m²,1000,11 Pièces,4 Chambres,4 Salles de bains,"Jardin, Terrasse, Garage, Vue sur les montagnes, Piscine, Concierge, Chambre rangement, Salon Marocain, Salon européen, Antenne parabolique, Cheminée, Climatisation, Sécurité, Porte blindée, Cuisine équipée","Prestations haut de gamme pour cette magnifique maison en vente. Prix 16 000 000 DH. 11 pièces, 4 chambres, 4 salles de bains, 1000 m². Moins de 10 ans. Revêtement: Marbre. Nombreux équipements : cheminée, climatisation et piscine. La résidence dispose également d'un service de conciergerie. Cette superbe villa est en vente à Agdal. Résidence sécurisée. Superbe salon marocain et antenne parabolique. Porte blindée et superbe vue sur les montagn...",https://www.mubawab-media.com/ad/7/461/134F/h/photo_0_26099747.avif,13,2026-09-30
8083925,Villa usage commercial Bd Mohammed 6,https://www.mubawab.ma/fr/a/8083925/villa-usage-commercial-bd-mohammed-6,Vente,Villa,Marrakech,Agdal,17 500 000 DH,17500000,450m²,450,5 Pièces,5 Chambres,5 Salles de bains,"Jardin, Terrasse, Garage, Piscine, Salon Marocain, Salon européen, Climatisation, Cuisine équipée","Ideale pour projet commercial comme banque, salle de sport, un café restaurant, un hammam spa…. Jolie villa isolée trés bien située sur le Bd Mohammed 6 au quartier Agdal ideal pour un projet commercial comme café/restaurants ou habitation. Construite sur un terrain de 1000 m² dont 450 m² habitables. Composée d'un triple séjour donnant accés au jardin, une cuisine équipée, WC visiteurs, cinq chambres à coucher avec salles de bain, jardin et pi...",https://www.mubawab-media.com/ad/8/083/925F/h/31f4e4f5-51f9-4958-8334-605fa88e2cf41_79691053.avif,11,2026-09-30
8413253,Villa de prestige à vendre à Agdal Marrakech,https://www.mubawab.ma/fr/a/8413253/villa-de-prestige-%C3%A0-vendre-%C3%A0-agdal-marrakech,Vente,Villa,Marrakech,Agdal,18 000 000 DH,18000000,800m²,800,6 Pièces,3 Chambres,5 Salles de bains,"Jardin, Piscine, Entre-seul","Emplacement exceptionnel à Agdal, à proximité du Mall de Marrakech et de l’avenue Mohammed VI À vendre, magnifique villa située dans l’un des quartiers les plus recherchés de Marrakech, bénéficiant d’un emplacement privilégié à quelques minutes de l’avenue Mohammed VI et du Mall. Caractéristiques Terrain : 2 049 m² ️ Surface constructible : environ 800 m² ️ 3 suites ️ 2 grands salons Grande piscine Grand jardin arboré et paysagé Cave Environn...",https://www.mubawab-media.com/ad/8/413/253F/h/photo_00_83193709.avif,32,2026-09-30
8353302,Villa contemporaine d’exception à vendre à Agdal Marrakech,https://www.mubawab.ma/fr/a/8353302/villa-contemporaine-d%E2%80%99exception-%C3%A0-vendre-%C3%A0-agdal-marrakech,Vente,Villa,Marrakech,Agdal,28 000 000 DH,28000000,750m²,750,10 Pièces,6 Chambres,7 Salles de bains,"Jardin, Terrasse, Garage, Vue sur les montagnes, Piscine, Chambre rangement, Meublé, Entre-seul, Salon Marocain, Salon européen, Antenne parabolique, Cheminée, Climatisation, Chauffage central, Sécurité, Double vitrage, Porte blindée, Cuisine équipée, Réfrigérateur, Four, Machine à laver, Micro-ondes","Magnifique villa moderne édifiée sur un terrain de 2 500 m² avec 750 m² habitables, offrant des prestations haut de gamme dans un cadre élégant et raffiné. La villa dispose de 6 suites spacieuses, chacune avec sa propre salle de bain, dressing, placards intégrés et climatisation. Répartition des espaces : Sous-sol : Salle de sport, séjour, espace salon, salle de bain, hammam beldi ainsi qu’une salle de massage. Rez-de-chaussée : Dou...",https://www.mubawab-media.com/ad/8/353/302F/h/PHOTO-2026-05-15-14-40-50_82499358.avif,32,2026-09-30
8294887,Très belle villa contemporaine idéalement située dans le qua...,https://www.mubawab.ma/fr/a/8294887/tr%C3%A8s-belle-villa-contemporaine-id%C3%A9alement-situ%C3%A9e-dans-le-quartier-de-l%E2%80%99agdal,Vente,Villa,Marrakech,Agdal,30 745 000 DH,30745000,880m²,880,9 Pièces,7 Chambres,,"Jardin, Terrasse, Piscine, Concierge, Cheminée, Climatisation, Chauffage central, Sécurité, Double vitrage, Cuisine équipée","Très belle villa contemporaine idéalement située dans le quartier de l’Agdal à 7 minutes du centre-ville de Marrakech. Superficie du terrain : 2.400 m2 Superficie habitable : 880 m2 Elle se compose de : RDC Double salon spacieux donnant sur la terrasse grâce à de grandes baies vitrées avec cheminée 1 Salle à manger pour 8 personnes 1 Espace bibliothèque 1 Chambre avec salle de bain, climatisation réversible 1 Suite avec salle de bain, climatisati...",https://www.mubawab-media.com/ad/8/294/887F/h/68fa4d3ce4ce2bc6d_81874522.avif,32,2026-09-30
7788769,Villa de toute beauté à vendre,https://www.mubawab.ma/fr/a/7788769/villa-de-toute-beaut%C3%A9-%C3%A0-vendre,Vente,Villa,Marrakech,Agdal,35 000 000 DH,35000000,2500m²,2500,5 Pièces,5 Chambres,5 Salles de bains,"Jardin, Piscine, Salon européen, Cuisine équipée, Réfrigérateur, Four, Machine à laver, Micro-ondes","AB DEVELOPMENT MARRAKECH vous propose cette séduisante et charmante villa meublée à la vente, située à Agdal , seulement 10 min du centre de la villa . elle est construite sur un terrain de 2500 m2 . Cette villa de charme avec des magnifiques meubles importé de l'Italie et avec une finitions de haut de gamme , comprend 5 suites, 3 salons, une cuisine équipée, un coin salle à manger, une salle de sport, un hamam . Sous sol avec un logement...",https://www.mubawab-media.com/ad/7/788/769F/h/Unknown-17_57583760.avif,23,2026-09-30
8320541,Vend local commercial à Agdal. Superficie 204 m². Résidence...,https://www.mubawab.ma/fr/a/8320541/vend-local-commercial-%C3%A0-agdal-superficie-204-m%C2%B2-r%C3%A9sidence-avec-concierge-climatisation-g%C3%A9n%C3%A9rale,Vente,Commerce,Marrakech,Agdal,36 000 000 DH,36000000,204m²,204,,,16 Salles de bains,"Ascenseur, Concierge, Chambre rangement, Climatisation, Porte blindée","Opportunité unique pour ce local à vendre. Prix 36 000 000 DH. 16 salles de bains, superficie de 204 m². 3ème étage. Moins de 10 ans. Type de sol: Marbre. Appréciez le confort de la climatisation. La résidence dispose également d'un service de concierge. Idéal si vous souhaitez acheter un local à Agdal, Marrakech. Sécurité maximale avec porte blindée. Ascenseur. Superficies : 1er Étage : 906 m2 2eme Étage : 638 m2 Rouftop : 509 m2 Entrée au RDC...",https://www.mubawab-media.com/ad/8/320/541F/h/photo_00_82145617.avif,13,2026-09-30
8346552,"Terrain d’Exception de ***-****** m² à Vendre – Agdal, Rout...",https://www.mubawab.ma/fr/a/8346552/terrain-d%E2%80%99exception-de-10-000-m%C2%B2-%C3%A0-vendre-%E2%80%93-agdal-route-d%E2%80%99amezmiz-marrakech,Vente,Terrain,Marrakech,Agdal,120 000 000 DH,120000000,10000m²,10000,,,,,"Nous vous proposons un magnifique terrain titré de 10 000 m² idéalement situé à Agdal Marrakech, sur la prestigieuse Route d’Amezmiz, à proximité immédiate de Morocco Mall Marrakech et de toutes les commodités : hôtels, restaurants, golfs, écoles internationales et axes principaux. Le terrain bénéficie d’un emplacement stratégique avec un fort potentiel de valorisation et d’investissement, dans un environnement résidentiel et touristique haut de...",https://www.mubawab-media.com/ad/8/346/552F/h/photo_00_82424505.avif,2,2026-09-30
