id,title,url,transaction_type,house_type,city,quartier,price_raw,price_numeric,surface_raw,surface_m2,rooms,bedrooms,bathrooms,features,description,main_image,images_count,scraped_date
8418829,Rare. Authentique riad 18ème/19ème 2 magnifiques patios jard...,https://www.mubawab.ma/fr/a/8418829/rare-authentique-riad-18%C3%A8me-19%C3%A8me-2-magnifiques-patios-jardins,Vente,Riad,Marrakech,Médina,Prix à consulter,,350m²,350,9 Pièces,2 Chambres,1 Salle de bain,"Jardin, Terrasse, Garage, Cheminée","Posséder son carré de ciel bleu d'où surnage la cime d'un palmier au coeur de la Médina de Marrakech est un vrai luxe. Ce riad élégant dans sa sobriété, monacal presque, offre de magnifiques espaces de respiration. Chacun de ses recoins est une invitation à découvrir le suivant. Situé à proximité du parking Douar Graoua et à moins de 5mn à pied des Palais Bahia et du Musée Dar Si Said, il bénéficie d'une situation fort agréable dans un e...",https://www.mubawab-media.com/ad/8/418/829F/h/IMG_9631-Grande_83256371.avif,18,2026-09-30
8416565,Superbe opportunité à saisir ruine de 750 m² Medina,https://www.mubawab.ma/fr/a/8416565/superbe-opportunit%C3%A9-%C3%A0-saisir-ruine-de-750-m%C2%B2-medina,Vente,Riad,Marrakech,Médina,Prix à consulter,,2000m²,2000,1 Pièce,1 Ch.,1 Salle de bain,Garage,"Superbe opportunité à saisir ruine, complètement à reconstruire avec double façade un accès facile. Parking à quelques mètres de l’emplacement de Riad, possibilité de créer un bien exceptionnel avec deux entrées voisinage de qualité plusieurs maisons d’hôtes",https://www.mubawab-media.com/ad/8/416/565F/h/photo_0_83230995.avif,1,2026-09-30
8352505,Villa à vendre à Route Casablanca. Surface totale 450 m². Me...,https://www.mubawab.ma/fr/a/8352505/villa-%C3%A0-vendre-%C3%A0-route-casablanca-surface-totale-450-m%C2%B2-meubl%C3%A9,Vente,Riad,Marrakech,Route de Casablanca,Prix à consulter,,450m²,450,6 Pièces,4 Chambres,3 Salles de bains,"Terrasse, Garage, Vue sur les montagnes, Piscine, Chambre rangement, Meublé, Entre-seul, Salon Marocain, Salon européen, Antenne parabolique, Cheminée, Climatisation, Sécurité, Cuisine équipée, Réfrigérateur, Four, Machine à laver, Micro-ondes","À vendre – Jolie villa rénovée située sur la Route de Casablanca, dans le quartier recherché de Riad Salam à Marrakech, à proximité immédiate du Hammam et de l’École Benabdellah. Cette villa d’angle bénéficie de trois façades, offrant une excellente luminosité ainsi qu’un cadre de vie agréable avec zéro vis-à-vis. La propriété dispose d’une surface habitable d’environ 450 m² édifiée sur un terrain de 300 m². La villa a été rénovée récemment : l...",https://www.mubawab-media.com/ad/8/352/505F/h/photo_00_82491050.avif,2,2026-09-30
8424445,2 terrain 3 façades a vendre route Amizmiz km8,https://www.mubawab.ma/fr/a/8424445/2-terrain-3-fa%C3%A7ades-a-vendre-route-amizmiz-km8,Vente,Riad,Marrakech,Route d'Amizmiz,Prix à consulter,,319m²,319,,,,,Lotissement RIAD MARRAKECH km8 route Amizmiz en face de l’eden andalou 2 terrains titrée 3 façades très bien placé en extrémité côte à côte tranche 10 voir photo ** LOT 255 319m2 ** ** LOT 256 299m2 ** Prix au m2 3400dhs,https://www.mubawab-media.com/ad/8/424/445F/h/IMG_7531_83317935.avif,2,2026-09-30
8340829,Riad à vendre – bab dokala,https://www.mubawab.ma/fr/a/8340829/riad-%C3%A0-vendre-%E2%80%93-bab-dokala,Vente,Riad,Marrakech,Médina,Prix à consulter,,115m²,115,6 Pièces,5 Chambres,2 Salles de bains,"Terrasse, Piscine, Cuisine équipée","Magnifique riad de 115 m², entièrement titré et prêt à habiter, sans aucun travaux à prévoir. Il se compose de : * 3 suites avec salles de bain * 2 salons spacieux * Cuisine équipée * Construction sur 2 niveaux À l’étage, une belle terrasse avec pergola offrant une vue panoramique sur la médina. Le riad dispose également d’une petite piscine, idéale pour se détendre",https://www.mubawab-media.com/ad/8/340/829F/h/photo_0_82361611.avif,1,2026-09-30
8421389,Riad de prestige route d'Ourika prix sur demande,https://www.mubawab.ma/fr/a/8421389/riad-de-prestige-route-d-ourika-prix-sur-demande,Vente,Riad,Marrakech,Route de l'Ourika,Prix à consulter,,1000m²,1000,13 Pièces,7 Chambres,8 Salles de bains,"Jardin, Terrasse, Vue sur les montagnes, Piscine, Chambre rangement, Cheminée","Demeure de Prestige aux Portes de Marrakech – Un Chef-d’Œuvre Architectural à Finaliser ​Située à seulement 25 minutes du centre-ville de Marrakech — accessible par 14 kilomètres sur la route de l’Ourika suivis de 6 kilomètres sur la route de Zaraba —, cette majestueuse propriété s’érige au cœur d’un domaine verdoyant et préservé de 15 092 m² , agrémenté de palmiers et d'une oliveraie. et dotée d'un puits. ​Conçue dans l'esprit de l'architecture...",https://www.mubawab-media.com/ad/8/421/389F/h/WhatsApp_Image_2026-09-23_at_15.24.46_83290979.avif,28,2026-09-30
8363577,Beau terrain à la vente à Riad Al Atlas. Surface totale 2413...,https://www.mubawab.ma/fr/a/8363577/beau-terrain-%C3%A0-la-vente-%C3%A0-riad-al-atlas-surface-totale-2413-m%C2%B2,Vente,Riad,Marrakech,Agdal,Prix à consulter,,2413m²,2413,,,,,"Au prix de 5000 DH. Découvrez ce terrain exceptionnel de 2413 m² situé dans le prestigieux quartier de Riad Al Atlas, à Marrakech, au cœur de la région de Marrakech-Safi. Ce lot se trouve dans le district d'Agdal, une zone prisée pour sa proximité avec de nombreux points d'intérêt locaux. Le terrain est positionné stratégiquement, entouré de rues bien fréquentées et accessible via le Boulevard Mohamed VI, l'une des artères principales de la vill...",https://www.mubawab-media.com/ad/8/363/577F/h/photo_0_82634001.avif,1,2026-09-30
8419586,Riad à vent à Bab doukala derd sidi lhsen ou ali,https://www.mubawab.ma/fr/a/8419586/riad-%C3%A0-vent-%C3%A0-bab-doukala-derd-sidi-lhsen-ou-ali,Vente,Riad,Marrakech,Médina,Prix à consulter,,300m²,300,11 Pièces,9 Chambres,3 Salles de bains,"Jardin, Terrasse, Salon Marocain","Situé en plein cœur de la vibrante et historique Médina de Marrakech, dans le quartier prisé de bab doukala, ce riad authentique incarne le charme intemporel de l'architecture marocaine traditionnelle tout en offrant le confort moderne. Érigé il y a 30 à 50 ans, ce riad en vente s'étend sur une parcelle de 124 m² et offre une surface habitable d'environ 300 m², parfaitement distribuée sur plusieurs niveaux. La propriété est bien conservée et habi...",https://www.mubawab-media.com/ad/8/419/586F/h/IMG-20260807-WA0012_83264408.avif,12,2026-09-30
8256914,Terrain en angle à la vente à Riad Marrakech,https://www.mubawab.ma/fr/a/8256914/terrain-en-angle-%C3%A0-la-vente-%C3%A0-riad-marrakech,Vente,Riad,Marrakech,Tassoultante,Prix à consulter,,1050m²,1050,,,,,Nombreuses possibilités pour ce terrain à la vente. Présente une surface totale de 1050 m². Ce terrain est en vente à Tassoultante,https://www.mubawab-media.com/ad/8/256/914F/h/photo_0_81456495.avif,1,2026-09-30
8410947,Achetez votre riad à Sidi Ben Slimane El Jazouli. 1 Pièce,https://www.mubawab.ma/fr/a/8410947/achetez-votre-riad-%C3%A0-sidi-ben-slimane-el-jazouli-1-pi%C3%A8ce,Vente,Riad,Marrakech,Médina,Prix à consulter,,121m²,121,1 Pièce,6 Chambres,3 Salles de bains,,"Le riad, situé dans le quartier Sidi Ben Slimane El Jazouli de la Médina de Marrakech, est une propriété d'une superficie de 121 m² et datant de 70 à 100 ans. Ce riad traditionnel, orienté à l'est, bénéficie de six chambres et trois salles de bains, réparties autour d'un patio central typique des maisons marocaines traditionnelles. Les images révèlent un espace central ouvert, agrémenté de carreaux de céramique géométriques qui caractérisent le s...",https://www.mubawab-media.com/ad/8/410/947F/h/photo_00_83167972.avif,8,2026-09-30
8410877,Très beau riad à vendre à Bab Aylan. Surface de 60 m²,https://www.mubawab.ma/fr/a/8410877/tr%C3%A8s-beau-riad-%C3%A0-vendre-%C3%A0-bab-aylan-surface-de-60-m%C2%B2,Vente,Riad,Marrakech,Médina,Prix à consulter,,60m²,60,1 Pièce,5 Chambres,2 Salles de bains,,"Cette propriété est un magnifique riad en vente situé dans le quartier animé de Bab Aylan, au cœur de la vibrante médina de Marrakech. Jamais habité et récemment rénové, ce riad offre une expérience unique alliant tradition marocaine et confort moderne. Avec une surface totale de 60 m², le riad se compose de cinq pièces, dont deux salles de bains bien aménagées. Le sol en parqué élégant ajoute une touche de chaleur et de sophistication, se retro...",https://www.mubawab-media.com/ad/8/410/877F/h/24423_83167257.avif,9,2026-09-30
8410043,Trouvez votre riad à acheter à Ben Saleh. Superficie 154 m²,https://www.mubawab.ma/fr/a/8410043/trouvez-votre-riad-%C3%A0-acheter-%C3%A0-ben-saleh-superficie-154-m%C2%B2,Vente,Riad,Marrakech,Médina,Prix à consulter,,154m²,154,1 Pièce,8 Chambres,2 Salles de bains,,"Ce riad en vente, situé dans le quartier historique de Ben Saleh à Marrakech, est une propriété qui offre un potentiel considérable pour ceux qui souhaitent rénover et personnaliser un espace authentique au cœur de la médina de Marrakech. S'étendant sur une surface de 154 m², ce riad est idéal pour être transformé en une maison de rêve après quelques travaux d'amélioration. La propriété dispose de huit pièces, toutes révélant un charme distinc...",https://www.mubawab-media.com/ad/8/410/043F/h/23184_83158474.avif,12,2026-09-30
8409732,Marrakech I Medina,https://www.mubawab.ma/fr/a/8409732/marrakech-i-medina,Vente,Riad,Marrakech,Médina,Prix à consulter,,350m²,350,,5 Chambres,6 Salles de bains,"Terrasse, Meublé, Climatisation","Au cœur de la médina, à proximité du quartier Riad Laarous, ce riad authentique offre un patio spacieux et cinq chambres. Entièrement restauré tout en gardant son authenticité et son originalité, ce vaste riad qui occupe une surface au sol de 213 m² offre un cadre atypique, discret et agréable pour recevoir ses hôtes. Le vaste patio avec sa fontaine est particulièrement propice à l'évasion, au coeur de la trépidante de la médina. Le riad possède...",https://www.mubawab-media.com/ad/8/409/732F/h/1_83154678.avif,24,2026-09-30
8089157,Marrakech I Medina,https://www.mubawab.ma/fr/a/8089157/marrakech-i-medina,Vente,Riad,Marrakech,Médina,Prix à consulter,,,,8 Pièces,8 Chambres,9 Salles de bains,"Terrasse, Meublé","Morocco Sotheby's International Realty à Marrakech, vous présente dans le cœur historique de Marrakech, ce riad de 260 m² au sol avec huit chambres à proximité immédiate de la fameuse place Jemaa El Fna. Ce riad présente une décoration singulière, harmonieux mariage entre tradition et modernité. Il est aménagé sur trois niveaux autour d'un spacieux patio. Le rez-de-chaussée comprend un espace spa, plusieurs pièces de vie, une cuisine moderne bi...",https://www.mubawab-media.com/ad/8/089/157F/h/1_79742764.avif,3,2026-09-30
7924320,"KASBAH, à remettre au goût du jour",https://www.mubawab.ma/fr/a/7924320/kasbah-%C3%A0-remettre-au-go%C3%BBt-du-jour,Vente,Riad,Marrakech,Médina,Prix à consulter,,165m²,165,5 Pièces,3 Chambres,1 Salle de bain,Terrasse,"90 m2 au sol. Dans la configuration actuelle : Rez-de-chaussée : entrée, petit patio, 1 grande pièce , 1 pièce, cuisine, WC 1er étage : 3 pièces, 1 salle de bains/WC, coursive, WC 2e étage : terrasse, salon ouvert, sur-terrasse avec superbe vue sur la médina. Riad sain en bon état, à remettre au goût du jour. Possibilité de créer 3 chambres, chacune avec salle de douche/WC. Dans un bon quartier et un derb facile d’accès.",https://www.mubawab-media.com/ad/7/924/320F/h/10_75960173.avif,7,2026-09-30
7717227,"KASBAH, lumineux riad à renover, idéal pied à terre",https://www.mubawab.ma/fr/a/7717227/kasbah-lumineux-riad-%C3%A0-renover-id%C3%A9al-pied-%C3%A0-terre,Vente,Riad,Marrakech,Kasbah,Prix à consulter,,140m²,140,5 Pièces,3 Chambres,1 Salle de bain,Terrasse,"80 m2 au sol. Dans la configuration actuelle : Rez-de-chaussée : patio, 3 grandes pièces, cuisine, WC 1er niveau : 2 grandes pièces, grande salle de douche/WC, coursive 2e niveau : terrasse à créer et à aménager pour solarium, cuisine d’été, etc. *** Riad sain, lumineux, bien situé, bon potentiel de rénovation. Facile d’accès dans un bon quartier, près d’un marché traditionnel quotidien. Possibilité de créer 3 chambres, chacune avec...",https://www.mubawab-media.com/ad/7/717/227F/h/1%20-%20335%20AR_49248517.avif,14,2026-09-30
8375757,Airbnb invest,https://www.mubawab.ma/fr/a/8375757/airbnb-invest,Vente,Riad,Marrakech,Médina,Prix à consulter,,70m²,70,5 Pièces,4 Chambres,2 Salles de bains,"Terrasse, Vue sur les montagnes",This small riad at the heart of the medina Marrakech is for sale . It s a chance for beginner investor to start as an Airbnb owner . Contact for more infos,https://www.mubawab-media.com/ad/8/375/757F/h/IMG-20260604-WA0008%281%29_82786393.avif,2,2026-09-30
8373612,Riad ruiné à vendre,https://www.mubawab.ma/fr/a/8373612/riad-ruin%C3%A9-%C3%A0-vendre,Vente,Riad,Marrakech,Médina,Prix à consulter,,100m²,100,5 Pièces,5 Chambres,5 Salles de bains,Vue sur les montagnes,2 minutes de la place jamaa lfna. Ce riad en ruine est un bon choix pour investir. C'est hors marché et si près de tous les marchés de la médina. L'emplacement est très important avec un prix très équitable. Mlkya et très facile d'accès,https://www.mubawab-media.com/ad/8/373/612F/h/Screenshot_20260629_132628_Gallery_82759576.avif,10,2026-09-30
8373191,Baba Taghzout,https://www.mubawab.ma/fr/a/8373191/baba-taghzout,Vente,Riad,Marrakech,Autre / Centre,Prix à consulter,,100m²,100,10 Pièces,10 Chambres,1 Salle de bain,Antenne parabolique,Maison de propriété est un merveilleux projet de Riads,https://www.mubawab-media.com/ad/8/373/191F/h/1000156152_82755463.avif,20,2026-09-30
8295907,Magnifique Palais de style Morocco Andalou sous forme de Ria...,https://www.mubawab.ma/fr/a/8295907/magnifique-palais-de-style-morocco-andalou-sous-forme-de-riad-de-tr%C3%A8s-haut-standing-au-parc-habilement-entretenu,Vente,Riad,Marrakech,Palmeraie,Prix à consulter,,1650m²,1650,16 Pièces,8 Chambres,,"Jardin, Terrasse, Garage, Piscine, Entre-seul, Cheminée, Climatisation, Sécurité, Cuisine équipée","Magnifique Palais de style Morocco- Andalou sous forme de Riad de très haut standing au parc habilement entretenu à la Palmeraie Superficie du terrain : 1 hectare Superficie habitable : 1650 m2 Il se compose de : Bâtisse principale : RDC 1 Hall d’entrée 4 Chambres spacieuses et lumineuses chacune avec salle de bain (baignoire jacuzzi), toilettes séparés, TV et cheminée 1 Salle à manger pour 12 convives 5 Salons de différentes assises et thémat...",https://www.mubawab-media.com/ad/8/295/907F/h/60f5c55668c0c8b16_81887776.avif,14,2026-09-30
8294908,Joli Riad situé dans le quartier Bab Ghmat,https://www.mubawab.ma/fr/a/8294908/joli-riad-situ%C3%A9-dans-le-quartier-bab-ghmat,Vente,Riad,Marrakech,Koutoubia,Prix à consulter,,135m²,135,6 Pièces,5 Chambres,,"Terrasse, Salon Marocain, Climatisation, Cuisine équipée",Exclusivité KNA Joli Riad situé dans le quartier Bab Ghmat de Marrakech à 15 minutes de marche de la place Jaama El Fna ou de la fameuse Mosquée Koutoubia et à 10 minutes à pied du centre-ville de Marrakech. Superficies : Rez-de-chaussée : 135 m² Étage : 135 m² Terrasse : 135 m² Il se compose de : 1 Jolie Réception 1 Patio avec une fontaine aménagé en espaces restauration et joliment décoré 1 Agréable Salon marocain 5 Chambres et suites chacune...,https://www.mubawab-media.com/ad/8/294/908F/h/68d42aadd9783eb16_81874915.avif,30,2026-09-30
8350466,Riad à vendre à kasbah Marrakech,https://www.mubawab.ma/fr/a/8350466/riad-%C3%A0-vendre-%C3%A0-kasbah-marrakech,Vente,Riad,Marrakech,Médina,Prix à consulter,,526m²,526,12 Pièces,7 Chambres,7 Salles de bains,,"Palais d’Exception Titré à Vendre – Kasbah, Médina de Marrakech Prix : à nous consulter Situé dans le prestigieux quartier de la Kasbah, à proximité immédiate du Palais Royal, ce riad unique, connu sous le nom de Medinaprivilege, est une véritable œuvre architecturale chargée d’histoire. Édifié en partie au XVIIe siècle et ayant appartenu au célèbre Pacha Glaoui, ce palais d’exception a été entièrement restauré avec un soin remarquable, allian...",https://www.mubawab-media.com/ad/8/350/466F/h/IMG_3045_82469697.avif,22,2026-09-30
8311434,Riad titré autorisé maison d’hôte Dar Bacha,https://www.mubawab.ma/fr/a/8311434/riad-titr%C3%A9-autoris%C3%A9-maison-d%E2%80%99h%C3%B4te-dar-bacha,Vente,Riad,Marrakech,Médina,Prix à consulter,,460m²,460,12 Pièces,10 Chambres,10 Salles de bains,"Terrasse, Piscine","Riad maison d’hôtes titré – Dar El Bacha, Médina de Marrakech Riad titré de 230 m² au sol, idéalement situé dans le quartier recherché de Dar El Bacha. Autorisé maison d’hôtes, ce bien comprend 10 chambres, chacune avec sa salle de bain privative. Il dispose également d’une piscine, d’un agréable espace détente et d’une terrasse aménagée, offrant un fort potentiel d’exploitation touristique. Surface au sol : 230 m² 10 chambres avec salles de b...",https://www.mubawab-media.com/ad/8/311/434F/h/IMG_1360_82050246.avif,13,2026-09-30
8320014,Riad titré à Sidi ayoub,https://www.mubawab.ma/fr/a/8320014/riad-titr%C3%A9-%C3%A0-sidi-ayoub,Vente,Riad,Marrakech,Autre / Centre,Prix à consulter,,240m²,240,6 Pièces,4 Chambres,4 Salles de bains,"Terrasse, Piscine","À vendre – Charmant riad titré à Sidi Ayoub, Marrakech Situé dans le quartier prisé de Sidi Ayoub, ce riad titré de 120 m² au sol offre un cadre authentique et un fort potentiel, idéal pour une résidence privée ou un projet de maison d’hôtes. Le riad se compose de 4 chambres avec possibilité d’aménager une 5ᵉ chambre, d’un grand salon, d’un agréable patio, ainsi que d’une belle terrasse aménagée avec cuisine d’été, parfaite pour profiter des be...",https://www.mubawab-media.com/ad/8/320/014F/h/46c5af41-de76-4cf1-8a28-97119050d61e_82141169.avif,20,2026-09-30
8327902,Riad titré autorisé maison d’hôte à Marrakech,https://www.mubawab.ma/fr/a/8327902/riad-titr%C3%A9-autoris%C3%A9-maison-d%E2%80%99h%C3%B4te-%C3%A0-marrakech,Vente,Riad,Marrakech,Médina,Prix à consulter,,800m²,800,11 Pièces,7 Chambres,7 Salles de bains,Terrasse,"RIAD D’EXCEPTION TITRÉ – MAISON D’HÔTE AUTORISÉE – RAHBA, MÉDINA DE MARRAKECH Superbe riad titré de 397 m² au sol, idéalement situé au cœur de la médina de Marrakech, dans le quartier prisé de Rahba Lkdima (Place des Épices). Maison d’hôte autorisée et en activité, ce bien rare représente une opportunité d’investissement clé en main. Le riad s’articule autour de deux magnifiques patios et bénéficie de deux accès, offrant confort d’exploitation...",https://www.mubawab-media.com/ad/8/327/902F/h/IMG_2543_82225872.avif,22,2026-09-30
8306364,Riad a mouassine,https://www.mubawab.ma/fr/a/8306364/riad-a-mouassine,Vente,Riad,Marrakech,Médina,Prix à consulter,,214m²,214,4 Pièces,4 Chambres,2 Salles de bains,Terrasse,"Riad à rénover à vendre – Quartier Mouassine, Médina de Marrakech Situé dans l’un des quartiers les plus prisés de la médina, ce riad offre un excellent potentiel d’investissement. • Surface au sol : 95 m² • 1er étage : 119 m² • 2ᵉ étage terrasse : 119 m² • Documents administratifs disponibles • Riad à rénover Prix : à nous consulter Une belle opportunité au cœur historique de Marrakech",https://www.mubawab-media.com/ad/8/306/364F/h/IMG_1051_81997049.avif,6,2026-09-30
8350125,Lots de Villa 2500m isolée à Agdal Marrakech,https://www.mubawab.ma/fr/a/8350125/lots-de-villa-2500m-isol%C3%A9e-%C3%A0-agdal-marrakech,Vente,Riad,Marrakech,Agdal,Prix à consulter,,2500m²,2500,,,,,Lots de Villa 2500m isolée à Riad Al Atlas Agdal Marrakech Prix: 4300dhs/m,https://www.mubawab-media.com/ad/8/350/125F/h/photo_0_82465878.avif,1,2026-09-30
8343385,Somptueux riad à vendre à Ben Saleh. Surface totale 60 m². M...,https://www.mubawab.ma/fr/a/8343385/somptueux-riad-%C3%A0-vendre-%C3%A0-ben-saleh-surface-totale-60-m%C2%B2-meubl%C3%A9,Vente,Riad,Marrakech,Autre / Centre,Prix à consulter,,60m²,60,1 Pièce,6 Chambres,3 Salles de bains,"Terrasse, Garage, Vue sur mer, Vue sur les montagnes, Meublé, Salon Marocain, Salon européen, Antenne parabolique, Cheminée, Climatisation, Porte blindée, Cuisine équipée, Réfrigérateur, Machine à laver, Micro-ondes","Riad d'exception à vendre. 6 chambres, 3 salles de bains, superficie 60 m². 1 Pièces. Bon état / habitable. Bien meublé. Venez découvrir ce riad à vendre à Ben Saleh. Porte blindée. Le bien dispose également d'une Antenne parabolique et d'un beau salon marocain traditionnel. Programmez dès maintenant votre visite pour ce riad d'exception à Marrakech. Confortable et bien équipé avec cheminée et climatisation. Places de stationnement pour votre v...",https://www.mubawab-media.com/ad/8/343/385F/h/photo_0_82390352.avif,1,2026-09-30
8313139,Terrain titré à moissine,https://www.mubawab.ma/fr/a/8313139/terrain-titr%C3%A9-%C3%A0-moissine,Vente,Riad,Marrakech,Médina,Prix à consulter,,198m²,198,,,,,"Terrain titré à vendre – Mouassine, Médina de Marrakech Situé dans le quartier très recherché de Mouassine, au cœur de la médina de Marrakech, ce terrain titré de 198 m² au sol offre un excellent potentiel pour la réalisation d’un riad ou d’un projet touristique. Prix : à nous consulter Frais d’agence : 2,5 % HT. Opportunité rare dans l’un des quartiers les plus prisés de la médina",https://www.mubawab-media.com/ad/8/313/139F/h/IMG_1443_82070983.avif,1,2026-09-30
8343161,"Riad à fort potentiel melkia propre Quartier Mellah, Marrake...",https://www.mubawab.ma/fr/a/8343161/riad-%C3%A0-fort-potentiel-melkia-propre-quartier-mellah-marrakech,Vente,Riad,Marrakech,Mellah,Prix à consulter,,123m²,123,2 Pièces,8 Chambres,2 Salles de bains,Terrasse,"Riad authentique de 123 m² au sol, situé au cœur du Mellah, idéal pour habitation ou projet maison d’hôtes. 8 chambres 2 salles de bains Cuisine Patio lumineux Terrasse aménageable Melkia propre Prix : 1 600 000 DHS Emplacement stratégique, proche de toutes commodités.",https://www.mubawab-media.com/ad/8/343/161F/h/photo_00_82387884.avif,6,2026-09-30
8334401,Riad de luxe à vendre dans le quartier Brima – Opportunité d...,https://www.mubawab.ma/fr/a/8334401/riad-de-luxe-%C3%A0-vendre-dans-le-quartier-brima-%E2%80%93-opportunit%C3%A9-d-investissement-rare-de-150m%C2%B2,Vente,Riad,Marrakech,Autre / Centre,Prix à consulter,,150m²,150,2 Pièces,7 Chambres,2 Salles de bains,,"Une opportunité unique d'acquérir un Riyad de 150 mètres carrés au cœur du quartier Brima, l'un des quartiers authentiques et calmes de la vieille ville. Cette propriété bénéficie d'un emplacement stratégique près des principales attractions touristiques, ce qui la rend idéale pour un projet de maison d'hôtes ou un investissement touristique rentable. Conception traditionnelle marocaine authentique avec un grand potentiel de rénovation selon vos...",https://www.mubawab-media.com/ad/8/334/401F/h/photo_00_82294155.avif,3,2026-09-30
8296332,Riad Istimrar à la vente à Bab Doukala Derb Bomba. Surface...,https://www.mubawab.ma/fr/a/8296332/riad-istimrar-%C3%A0-la-vente-%C3%A0-bab-doukala-derb-bomba-surface-de-56-m%C2%B2,Vente,Riad,Marrakech,Autre / Centre,Prix à consulter,,320m²,320,8 Pièces,6 Chambres,6 Salles de bains,,"Magnifique riad en vente. Prix 400000 euros. 8pièces, 6salles de bains, surface 154m². 6chambres à coucher. À rénover. Très bien placé et pas besoin de demolition Ce riad est en vente à Arset Ihiri, Marrakech",https://www.mubawab-media.com/ad/8/296/332F/h/photo_00_82311930.avif,9,2026-09-30
8255312,Terrain en vente à Riad Al Atlas. Surface de 2003 m²,https://www.mubawab.ma/fr/a/8255312/terrain-en-vente-%C3%A0-riad-al-atlas-surface-de-2003-m%C2%B2,Vente,Riad,Marrakech,Autre / Centre,Prix à consulter,,2003m²,2003,,,,,"Belle affaire pour ce terrain à vendre. Présente une surface totale de 2003 m². Venez découvrir ce terrain en vente à Riad Al Atlas, Marrakech",https://www.mubawab-media.com/ad/8/255/312F/h/photo_0_81439873.avif,2,2026-09-30
8241611,Riad à vendre à Zaouia Sidi Ghalem. 6 chambres agréables,https://www.mubawab.ma/fr/a/8241611/riad-%C3%A0-vendre-%C3%A0-zaouia-sidi-ghalem-6-chambres-agr%C3%A9ables,Vente,Riad,Marrakech,Autre / Centre,Prix à consulter,,244m²,244,2 Pièces,6 Chambres,3 Salles de bains,,"Riad d'exception à vendre. 6 chambres, 3 salles de bains, superficie 244 m². 2 pièces. À rénover. Ce riad est en vente à Zaouia Sidi Ghalem, Marrakech",https://www.mubawab-media.com/ad/8/241/611F/h/photo_00_81298377.avif,7,2026-09-30
8235474,Très beau riad à vendre à l'ancienne médina,https://www.mubawab.ma/fr/a/8235474/tr%C3%A8s-beau-riad-%C3%A0-vendre-%C3%A0-l-ancienne-m%C3%A9dina,Vente,Riad,Marrakech,Médina,Prix à consulter,,120m²,120,2 Pièces,4 Chambres,4 Salles de bains,"Terrasse, Piscine, Antenne parabolique, Climatisation, Chauffage central, Sécurité, Porte blindée, Cuisine équipée, Réfrigérateur, Four, Machine à laver, Micro-ondes","Le riad est en vente à 500 000 euros négociable. Il fait 120m2 au sol, 4 chambres possibles 5 si on retire le salon du 1 er étage qui fait 25 m2 environ. Tout est refait aux normes européennes. Électricité, tableau électrique et eau. Le titrage en cours",https://www.mubawab-media.com/ad/8/235/474F/h/photo_0_81236328.avif,1,2026-09-30
8221131,Marrakech medina lkessour,https://www.mubawab.ma/fr/a/8221131/marrakech-medina-lkessour,Vente,Riad,Marrakech,Médina,Prix à consulter,,196m²,196,1 Pièce,12 Chambres,5 Salles de bains,"Jardin, Vue sur mer","Riad idéalement situé., 196 m². 1 Pièces. Bon état. Venez découvrir ce riad à vendre à lkssour Marrakech. Espace vert. Profitez d'une vue inégalable sur la mer. 5 minute a jamaa lafna",https://www.mubawab-media.com/ad/8/221/131F/h/photo_00_81081566.avif,10,2026-09-30
8144786,Vente d'un superbe riad à Riad Zitoun. 5 pièces. Grande terr...,https://www.mubawab.ma/fr/a/8144786/vente-d-un-superbe-riad-%C3%A0-riad-zitoun-5-pi%C3%A8ces-grande-terrasse,Vente,Riad,Marrakech,Riad Zitoun,Prix à consulter,,73m²,73,5 Pièces,4 Chambres,3 Salles de bains,Terrasse,"Opportunité unique pour ce riad à vendre. Prix 2 500 000 dh Entouré par des maisons d'hôtes et des restaurants. Proche de Riad monso et 5 minutes de Jamalfna , Se compose de : 5 pièces, 3 salles de bains, 70 m². 4 chambres. Moins de 30 ans. À rénover. Grand balcon. Ce riad est en vente à Riad Zitoun, Marrakech",https://www.mubawab-media.com/ad/8/144/786F/h/photo_1_80886339.avif,24,2026-09-30
7881273,Tres belle maison sous forme d'un riad,https://www.mubawab.ma/fr/a/7881273/tres-belle-maison-sous-forme-d-un-riad,Vente,Riad,Marrakech,Autre / Centre,Prix à consulter,,250m²,250,7 Pièces,6 Chambres,1 Salle de bain,Terrasse,"Ne laissez pas passer cet riad à vendre Une perle à ne pas rater Utilisable pour une maison d'hôte Prix 2 500 000 DH. 6 chambres, 2 salles de bains, 7 pièces lumineuses Type de sol: Carrelage. Superbe terrasse vue panoramique Proche de toute commodité Venez découvrir cette maison à vendre à Bab Ahmer Marrakech",https://www.mubawab-media.com/ad/7/881/273F/h/photo_00_80586464.avif,7,2026-09-30
8113776,Vente d'un superbe riad titré à Bab taghzout,https://www.mubawab.ma/fr/a/8113776/vente-d-un-superbe-riad-titr%C3%A9-%C3%A0-bab-taghzout,Vente,Riad,Marrakech,Médina,Prix à consulter,,350m²,350,3 Pièces,6 Chambres,3 Salles de bains,Terrasse,Nous mettons à votre disposition Une perle en plein centre médina quartier proche de toute commodité Même pas 10 minutes à pied du centre Jamalfna Surface au sol 176 m Habitable 300 m Prix : 7 mdh,https://www.mubawab-media.com/ad/8/113/776F/h/photo_0_81700796.avif,6,2026-09-30
8052731,Très beau riad à vendre à Guéliz. 2 chambres. Ascenseur et t...,https://www.mubawab.ma/fr/a/8052731/tr%C3%A8s-beau-riad-%C3%A0-vendre-%C3%A0-gu%C3%A9liz-2-chambres-ascenseur-et-terrasse,Vente,Riad,Marrakech,Guéliz,Prix à consulter,,80m²,80,1 Pièce,2 Chambres,1 Salle de bain,"Terrasse, Ascenseur, Concierge, Sécurité, Cuisine équipée, Réfrigérateur, Four, Machine à laver","Ne laissez pas passer ce riad à vendre. 2 chambres, 1 salle de bains, 80 m². 1 Pièces. Nouveau. Ce riad est proposé à la vente à Guéliz. Dispose d'une terrasse. Résidence avec ascenseur. Lave-linge. Soyez le premier à visiter ce riad en vente à Marrakech. Cuisine équipée. Concierge. Cuisinière avec four",https://www.mubawab-media.com/ad/8/052/731F/h/photo_00_79385612.avif,7,2026-09-30
8407928,Villa à louer – Route d'Ourika,https://www.mubawab.ma/fr/a/8407928/villa-%C3%A0-louer-%E2%80%93-route-d-ourika,Location,Riad,Marrakech,Route de l'Ourika,2 400 DH,2400,250m²,250,7 Pièces,5 Chambres,3 Salles de bains,"Jardin, Terrasse, Garage, Piscine, Cuisine équipée","Villa à louer – Route d'Ourika, Découvrez cette belle villa de 250 m², située dans le secteur recherché de Riad Ourika, à seulement 5 minutes du Mall Mazar. Entièrement meublée avec goût et bénéficiant d’une cuisine parfaitement équipée, cette propriété offre des espaces généreux et confortables, idéale pour une résidence familiale. La villa se compose de 5 chambres, de deux salons, d’un séjour, ainsi que d’une grande cuisine avec espace salle...",https://www.mubawab-media.com/ad/8/407/928F/h/15_83136146.avif,20,2026-09-30
8200777,Deux locaux commerciaux,https://www.mubawab.ma/fr/a/8200777/deux-locaux-commerciaux,Location,Riad,Marrakech,Route de l'Ourika,3 000 DH,3000,22m²,22,,,1 Salle de bain,,"Localisation Riad d’Ourika – Shams Al Madina Locaux commerciaux n 1 et n 2 (côte à côte) Description: Deux locaux commerciaux à louer, ensemble ou séparément Superficie :22 m² Aménagements inclus : Installation eau et électricité déjà en place Carrelage au sol Toilette privative Loyer: 3 000 DH / mois par local Possibilité de louer les deux ensemble Avantages Situés dans un secteur en développement Idéal pour commerce de proximité, bure...",https://www.mubawab-media.com/ad/8/200/777F/h/Coco-1_80868900.avif,2,2026-09-30
8419567,Splendide Riad de charme oriental,https://www.mubawab.ma/fr/a/8419567/splendide-riad-de-charme-oriental,Location,Riad,Marrakech,Autre / Centre,3 500 DH,3500,350m²,350,10 Pièces,7 Chambres,3 Salles de bains,"Jardin, Terrasse, Garage, Vue sur les montagnes, Piscine, Chambre rangement, Meublé, Salon Marocain, Salon européen, Antenne parabolique, Cheminée, Climatisation, Sécurité, Cuisine équipée, Réfrigérateur, Four, TV, Machine à laver, Micro-ondes, Internet","Ce riad époustouflant offre un cadre de vie paisible et séduisant. Son design unique doté de cours, d’arcades et de fontaines vont plongera dans le Maroc traditionnel d’antan. Il est également agrémenté de conforts modernes tel qu’un confortable salon européen. L'intérieur de ce riad est spacieux, avec une surface habitable de 350 m², comprenant sept chambres toutes généreusement dimensionnées et trois salles de bains bien équipées. La cuisine...",https://www.mubawab-media.com/ad/8/419/567F/h/bfac0991-baf8-438f-b37d-41daf9cea38a_83264212.avif,16,2026-09-30
8101121,Al Madeen Golf Villa 4 chambres neuve,https://www.mubawab.ma/fr/a/8101121/al-madeen-golf-villa-4-chambres-neuve,Location,Riad,Marrakech,Autre / Centre,4 200 DH,4200,270m²,270,6 Pièces,4 Chambres,4 Salles de bains,"Jardin, Terrasse, Garage, Piscine, Concierge, Chambre rangement, Meublé, Salon européen, Cheminée, Climatisation, Sécurité, Double vitrage, Cuisine équipée, Réfrigérateur, Four, TV, Machine à laver, Micro-ondes, Internet","Splendide villa riad de 4 chambres à la location longue durée meublée située au sein du domaine Al Maaden golf resort. Cette villa neuve avec des matériaux nobles (tadlak, bejmat) a fait l’objet d’une rénovation récente. La villa comprend une entrée, un bel espace double salon et séjour avec cheminée, une chambre avec salle de bain au rez de chaussé, d’une cuisine équipée et aménagée (LV, LL, Sèche linge, frigo, four etc...) prolongée d'une buand...",https://www.mubawab-media.com/ad/8/101/121F/h/DSC_7746-HDR_79856571.avif,26,2026-09-21
8415403,Location d'un appartement à Riad Al Atlas. 2 chambres agréab...,https://www.mubawab.ma/fr/a/8415403/location-d-un-appartement-%C3%A0-riad-al-atlas-2-chambres-agr%C3%A9ables-salon-marocain,Location,Riad,Marrakech,Autre / Centre,4 500 DH,4500,70m²,70,4 Pièces,2 Chambres,1 Salle de bain,"Terrasse, Salon Marocain, Cuisine équipée, Réfrigérateur, Four, TV, Machine à laver","Appartement disponible situé aux Portes de Marrakech zone 25 au 2e étage Conditions de Locations: - 1 mois d’avance 4500dh - le mois en cours 4500dh - 1000 dirhams d’avance sur les charges d’eau & électricité - 2000 dirhams de frais d’agence Total: 12000 dirhams pour entrer dans l’appartement Eau/Electricite, syndic (100 dhs/mois) à la charge du locataire",https://www.mubawab-media.com/ad/8/415/403F/h/photo_00_83217744.avif,15,2026-09-30
8344385,Maison à louer,https://www.mubawab.ma/fr/a/8344385/maison-%C3%A0-louer,Location,Riad,Marrakech,Médina,4 500 DH,4500,70m²,70,1 Pièce,2 Chambres,1 Salle de bain,Terrasse,"Maison à louer – Riad Laarous, Médina de Marrakech Charmante maison idéalement située dans le quartier prisé de Riad Laarous, au cœur de la Médina de Marrakech. Cette maison bénéficie d’un emplacement stratégique, proche de toutes les commodités, tout en étant nichée dans un quartier calme et tranquille. La maison est propre, bien entretenue et offre un cadre de vie agréable. Elle se compose de : * Deux chambres confortables * Un salon accueil...",https://www.mubawab-media.com/ad/8/344/385F/h/PHOTO-2026-05-02-21-48-15%205_82401134.avif,20,2026-09-30
8419473,Terrain à la vente. Surface totale 174 m²,https://www.mubawab.ma/fr/a/8419473/terrain-%C3%A0-la-vente-surface-totale-174-m%C2%B2,Vente,Riad,Marrakech,Route de l'Ourika,7 000 DH,7000,174m²,174,,,,,"Situé au lotissement Riad Ourika, à 15 min du centre Marrakech, titré, 2 façades 1 devant parc et l'autre devant collège. R2, opportunité pour réalisation de 6 appartements garage. prix 7000 dhs le mètre carré",https://www.mubawab-media.com/ad/8/419/473F/h/20171212_100435_83263163.avif,1,2026-09-30
8420148,Entre sol aménagé 110 m² à louer à Riad Salam,https://www.mubawab.ma/fr/a/8420148/entre-sol-am%C3%A9nag%C3%A9-110-m%C2%B2-%C3%A0-louer-%C3%A0-riad-salam,Location,Riad,Marrakech,Route de Casablanca,7 000 DH,7000,110m²,110,3 Pièces,2 Chambres,2 Salles de bains,"Garage, Entre-seul","À louer en longue durée à Riad Salam, route de Casablanca à Marrakech : entre-sol aménagé de 110 m² au sein d’une villa. Le logement comprend 2 chambres, un salon, 2 salles de bain et une cuisine avec accès direct à l’extérieur. Un espace de stationnement peut accueillir 2 voitures. Loyer : 7 000 DH par mois. Conditions : 2 mois de caution et 1 mois de loyer d’avance. Honoraires d’agence : 1 mois de loyer hors taxes, à la charge du locataire. ...",https://www.mubawab-media.com/ad/8/420/148F/h/dafa98c6fdd1d7cc_83270583.avif,12,2026-09-30
8344178,Etage de villa a Louer quartier Riad Salam,https://www.mubawab.ma/fr/a/8344178/etage-de-villa-a-louer-quartier-riad-salam,Location,Riad,Marrakech,Route de Casablanca,8 500 DH,8500,120m²,120,4 Pièces,3 Chambres,2 Salles de bains,"Terrasse, Garage, Meublé, Cheminée, Climatisation, Cuisine équipée, Réfrigérateur, Four, TV, Machine à laver, Internet, Animaux domestiques autorisés","Description : Votre agence immobilière à le plaisir de vous proposer un étage de villa dans le quartier Riad Salam route de Casablanca comprenant une entrée, cuisine ouverte, salon avec cheminée , une chambre avec terrasse et deux autre chambres dont une pouvant servir de bureau ,salle de bain. Place de stationnement. LIBRE FIN AOUT 2026 -JOIGNABLE AUX HEURES D’OUVERTURE DU LUNDI AU VENDREDI DE 9H a 17H30 ET LE SAMEDI DE 9H A 13H. -N’hésitez...",https://www.mubawab-media.com/ad/8/344/178F/h/IMG_1448_82398919.avif,21,2026-09-30
8420923,Riad excellent à louer à Bab Elan. 3 excellentes chambres. M...,https://www.mubawab.ma/fr/a/8420923/riad-excellent-%C3%A0-louer-%C3%A0-bab-elan-3-excellentes-chambres-meubl%C3%A9,Location,Riad,Marrakech,Autre / Centre,8 500 DH,8500,85m²,85,3 Pièces,3 Chambres,4 Salles de bains,"Jardin, Garage, Piscine, Concierge, Meublé, Antenne parabolique, Climatisation, Sécurité, Réfrigérateur, Four, TV, Machine à laver, Micro-ondes, Internet","### Riad merveilleux à louer à Marrakech - la ville Ce riad luxueux est situé au cœur de Marrakech, dans le quartier de Bab Elan, et se distingue par son emplacement idéal à proximité de toutes les installations dynamiques de la ville. Il n'est qu'à quelques minutes de la vieille ville, ce qui vous permet d'explorer facilement les marchés traditionnels et les sites historiques. Le riad a été construit il y a 10 à 20 ans et comprend trois chambr...",https://www.mubawab-media.com/ad/8/420/923F/h/photo_0_83279206.avif,1,2026-09-30
8123290,Appartement. Type Riad 3 chambres route des rempart,https://www.mubawab.ma/fr/a/8123290/appartement-type-riad-3-chambres-route-des-rempart,Location,Riad,Marrakech,Guéliz,9 000 DH,9000,130m²,130,5 Pièces,3 Chambres,3 Salles de bains,"Terrasse, Piscine, Concierge, Chambre rangement, Meublé, Salon Marocain, Antenne parabolique, Cheminée, Climatisation, Chauffage central, Sécurité, Cuisine équipée, Réfrigérateur, Four, TV, Machine à laver","Dans une résidence sécurisée avec piscine, commerces, restaurants, cet appartement type Riad de 130 m2 dispose de 3 chambres avec 3 salles de bain, un salon, salle à manger, cuisine, une terrasse sur le toit. Le charme d'un Riad et le confort d'un appartement dans une résidence sécurisée et bien fréquentée. Loué entièrement meublé et équipé. Bon état général. Situé route des remparts, proche Médina, 5 minutes en voiture de Guéliz et porches toute...",https://www.mubawab-media.com/ad/8/123/290F/h/photo_5_80079552.avif,18,2026-09-30
8416080,Studio Riad garden 1 chbres Agdal,https://www.mubawab.ma/fr/a/8416080/studio-riad-garden-1-chbres-agdal,Location,Riad,Marrakech,Agdal,9 000 DH,9000,60m²,60,2 Pièces,1 Ch.,1 Salle de bain,"Terrasse, Garage, Ascenseur, Piscine, Concierge, Chambre rangement, Meublé, Salon européen, Climatisation, Double vitrage, Cuisine équipée, Réfrigérateur, Four, TV, Machine à laver, Micro-ondes",residence piscine Agdal appartement de 60 m2 avec terrasse et parking sous sol 1 salle de bains cuisine équipée entièrement meuble,https://www.mubawab-media.com/ad/8/416/080F/h/WhatsApp_Image_2026-09-14_at_20.55.48_83227908.avif,14,2026-09-30
8366451,Très bel appartement en location longueé,https://www.mubawab.ma/fr/a/8366451/tr%C3%A8s-bel-appartement-en-location-longue%C3%A9,Vente,Riad,Marrakech,Autre / Centre,9 500 DH,9500,70m²,70,3 Pièces,2 Chambres,1 Salle de bain,"Jardin, Terrasse, Meublé, Façade extérieure, Salon européen, Antenne parabolique, Climatisation, Sécurité, Double vitrage, Porte blindée, Cuisine équipée, Réfrigérateur, Four, Machine à laver, Micro-ondes","Votre Agence Immobilière SERGHINI IMMO vous propose à la location longue durée Un APPARTEMENT MEUBLÉ au rez-de-chaussée sur la résidence ALLIANCE RIAD MARRAKECH à 70m² de superficie , qui se compose de: *02 chambres *01 salle de bain *Une Cuisine équipée *01 Salon *01 terrasse *Jardin privé *Une jouissance d environ 100m² *Une place de parking Le prix de location : 16 500dh inclus charge syndic Condition: 2 mois de caution 01 mois de...",https://www.mubawab-media.com/ad/8/366/451F/h/d9e0368d-5624-471e-bf14-74872d2e14a8_82683224.avif,11,2026-09-30
8257141,Vente terrain à Route de Safi. Superficie 1459 m²,https://www.mubawab.ma/fr/a/8257141/vente-terrain-%C3%A0-route-de-safi-superficie-1459-m%C2%B2,Vente,Riad,Marrakech,Route de Safi,10 000 DH,10000,1459m²,1459,,,,,"Nombreuses possibilités pour ce terrain à la vente. Prix 10 000 DH. Surface du bien : 1459 m².1002 pour clinique 457 plateau bureaux Ce terrain est proposé à la vente à Route de riad mly smail tamnsourtSafi, Marrakech",https://www.mubawab-media.com/ad/8/257/141F/h/photo_0_81458298.avif,3,2026-09-30
8326528,Bel appartement en location à Riad Al Atlas,https://www.mubawab.ma/fr/a/8326528/bel-appartement-en-location-%C3%A0-riad-al-atlas,Location,Riad,Marrakech,Autre / Centre,10 500 DH,10500,75m²,75,2 Pièces,1 Ch.,1 Salle de bain,"Terrasse, Garage, Ascenseur, Piscine, Concierge, Meublé, Façade extérieure, Salon européen, Antenne parabolique, Climatisation, Chauffage central, Sécurité, Double vitrage, Porte blindée, Cuisine équipée, Réfrigérateur, Four, TV, Machine à laver, Micro-ondes","Ne laissez pas passer cet appartement à louer. Prix 10 500 DH. 2 pièces, 1 salle de bains, superficie 75 m². 1 chambre. Moins de 5 ans. Revêtement: Marbre. Entièrement meublé. Cet appartement est proposé à la location à Riad Al Atlas. Sécurité maximale avec système de surveillance et porte blindée. Équipé d'une antenne parabolique. Appréciez le confort de la climatisation. La résidence dispose également d'un service de concierge et d'une piscine...",https://www.mubawab-media.com/ad/8/326/528F/h/photo_1_82240756.avif,14,2026-09-30
8418626,Vente d'un superbe riad à Kaat Ben Nahid. 3 belles chambres...,https://www.mubawab.ma/fr/a/8418626/vente-d-un-superbe-riad-%C3%A0-kaat-ben-nahid-3-belles-chambres-meubl%C3%A9,Vente,Riad,Marrakech,Médina,11 000 DH,11000,56m²,56,4 Pièces,3 Chambres,3 Salles de bains,"Vue sur les montagnes, Meublé, Cuisine équipée","Découvrez ce magnifique riad situé au cœur de la médina de Marrakech, dans le quartier prisé de Kaat Ben Nahid. Avec une ancienneté de 5 à 10 ans, cette propriété est en bon état et parfaitement habitable. Le riad dispose de trois chambres et de trois salles de bains, offrant un confort optimal pour ses occupants. À l’intérieur, vous trouverez une cuisine entièrement équipée, accueillante et fonctionnelle. Bien que la propriété soit meublée, cel...",https://www.mubawab-media.com/ad/8/418/626F/h/DJI_0014_83270108.avif,1,2026-09-21
8207563,"Appartement à Louer de 62.0 m² à Marrakech, Riad Essalam",https://www.mubawab.ma/fr/a/8207563/appartement-%C3%A0-louer-de-62-0-m%C2%B2-%C3%A0-marrakech-riad-essalam,Location,Riad,Marrakech,Route de Casablanca,11 000 DH,11000,62m²,62,3 Pièces,2 Chambres,3 Salles de bains,"Jardin, Terrasse, Garage, Ascenseur, Meublé, Climatisation","À louer, magnifique duplex de 62 m² situé dans le quartier prisé de la Route de Casablanca à Marrakech. Cet appartement lumineux comprend 2 chambres et 2 salles de bain, idéal pour un cadre de vie agréable. Profitez également d'une terrasse de 5 m². Situé au sein d'un immeuble de 3 étages, ce bien est proposé à 11 000 Dhs par mois. Ne manquez pas cette opportunité !",https://www.mubawab-media.com/ad/8/207/563F/h/image_446058109_80936215.avif,9,2026-09-30
8379173,Appartement de 2 Chambres avec Piscine Commune,https://www.mubawab.ma/fr/a/8379173/appartement-de-2-chambres-avec-piscine-commune,Location,Riad,Marrakech,Hivernage,11 500 DH,11500,68m²,68,8 Pièces,2 Chambres,1 Salle de bain,"Terrasse, Ascenseur, Piscine, Concierge, Meublé, Façade extérieure, Salon européen, Antenne parabolique, Climatisation, Chauffage central, Sécurité, Double vitrage, Porte blindée, Cuisine équipée, Réfrigérateur, Four, TV, Machine à laver, Micro-ondes, Internet","Appartement de 2 Chambres avec Piscine Commune, Hivernage, Marrakech Découvrez ce charmant appartement meublé de 2 chambres, idéalement situé au 3ème étage avec ascenseur d'une résidence calme et sécurisée au cœur du prestigieux quartier de l'Hivernage. Offrant une superficie de 68 m², cet appartement séduit par son agencement simple et fonctionnel, son atmosphère chaleureuse inspirée des riads marocains et ses finitions contemporaines, créant u...",https://www.mubawab-media.com/ad/8/379/173F/h/ChatGPT%20Image%20Jul%206%2C%202026%2C%2007_18_11%20PM_82824505.avif,13,2026-09-30
8406234,Location d'un appartement à Riad Al Atlas. 3 grandes pièces...,https://www.mubawab.ma/fr/a/8406234/location-d-un-appartement-%C3%A0-riad-al-atlas-3-grandes-pi%C3%A8ces-r%C3%A9sidence-avec-concierge-climatisation-g%C3%A9n%C3%A9rale,Location,Riad,Marrakech,Agdal,11 500 DH,11500,85m²,85,3 Pièces,2 Chambres,2 Salles de bains,"Terrasse, Garage, Ascenseur, Piscine, Concierge, Chambre rangement, Salon européen, Climatisation, Chauffage central, Double vitrage, Cuisine équipée, Réfrigérateur, Four","Cet appartement à Marrakech, dans le quartier prisé de Agdal, offre une surface généreuse de 85 m² et est situé au deuxième étage d'un immeuble bien entretenu. La propriété se distingue par ses sols en marbre, ajoutant une touche de luxe et de sophistication, notamment dans le salon lumineux et les espaces communs. Avec deux chambres confortables et deux salles de bains modernes, l'une d'elles équipée d'une douche à l'italienne, l'espace assure c...",https://www.mubawab-media.com/ad/8/406/234F/h/photo_0_83118221.avif,19,2026-09-30
8413291,Bel appartement en location à Riad Al Atlas. Superficie 70 m...,https://www.mubawab.ma/fr/a/8413291/bel-appartement-en-location-%C3%A0-riad-al-atlas-superficie-70-m%C2%B2-meubl%C3%A9,Location,Riad,Marrakech,Agdal,12 000 DH,12000,70m²,70,3 Pièces,2 Chambres,1 Salle de bain,"Jardin, Terrasse, Garage, Ascenseur, Piscine, Concierge, Chambre rangement, Meublé, Salon européen, Climatisation, Sécurité, Double vitrage, Cuisine équipée, Réfrigérateur, Four, TV, Machine à laver, Micro-ondes","Appartement de charme au cœur d’Agdal — Marrakech Niché dans le quartier prisé d’Agdal, cet appartement de 70 m² au premier étage vous offre un cadre de vie moderne et lumineux. Le salon-séjour, aux sols en marbre, bénéficie d’une grande baie vitrée coulissante laissant entrer une belle lumière naturelle et offrant une vue sur la végétation environnante. Un intérieur pensé pour le confort L’appartement compte deux chambres : une chambre avec l...",https://www.mubawab-media.com/ad/8/413/291F/h/photo_0_83194379.avif,10,2026-09-30
8386907,"Appartement 2 chambres avec vue piscine, Agdal",https://www.mubawab.ma/fr/a/8386907/appartement-2-chambres-avec-vue-piscine-agdal,Location,Riad,Marrakech,Agdal,12 000 DH,12000,90m²,90,3 Pièces,2 Chambres,2 Salles de bains,"Jardin, Terrasse, Garage, Ascenseur, Piscine, Chambre rangement","Situé au sein de la résidence Riad Garden à Agdal, cet appartement de 90 m² offre un cadre de vie agréable avec une belle vue sur la piscine, dans un environnement calme et sécurisé. Caractéristiques : • Surface : 90 m² • 2 chambres • Salon lumineux • 2 salles de bain • Terrasse Atouts : • Vue sur la piscine • Résidence avec jardin paysager • Grande piscine • Parking en sous-sol • Ascenseur • Enviro...",https://www.mubawab-media.com/ad/8/386/907F/h/3_82907965.avif,10,2026-09-30
8354715,Location maison dans résidence,https://www.mubawab.ma/fr/a/8354715/location-maison-dans-r%C3%A9sidence,Location,Riad,Marrakech,Autre / Centre,12 000 DH,12000,130m²,130,2 Pièces,3 Chambres,3 Salles de bains,"Terrasse, Piscine, Chambre rangement, Meublé, Salon Marocain, Climatisation, Sécurité, Cuisine équipée, Réfrigérateur, Four, TV, Machine à laver, Micro-ondes, Animaux domestiques autorisés",Maison style Riad dans résidence sécurisé. 3 piscines commune. Maison entièrement équipé. Café épicerie pharmacie dans la résidence,https://www.mubawab-media.com/ad/8/354/715F/h/PHOTO-2026-03-30-14-16-24%208_82514395.avif,12,2026-09-30
7879549,Appartement à louer À Riad Garden,https://www.mubawab.ma/fr/a/7879549/appartement-%C3%A0-louer-%C3%A0-riad-garden,Location,Riad,Marrakech,Autre / Centre,12 000 DH,12000,95m²,95,3 Pièces,2 Chambres,2 Salles de bains,"Jardin, Terrasse, Garage, Ascenseur, Piscine, Concierge, Façade extérieure, Salon européen, Climatisation, Chauffage central, Double vitrage, Porte blindée, Cuisine équipée, Réfrigérateur, Four","Ne laissez pas passer cet appartement à louer. Entièrement renouvelé,Prix 12000 DH. 3 pièces, 2 salles de bains, superficie 95 m². 2 chambres. 1er étage. Moins de 5 ans. Revêtement: Marbre. Bénéficiez du calme absolu avec fenêtres en double vitrage. Porte blindée et chauffage central. Venez découvrir cet appartement en location à Riad Al Atlas. Résidence parfaitement équipée avec ascenseur et parking. Vous profiterez également d'une belle terras...",https://www.mubawab-media.com/ad/7/879/549F/h/photo_0_75427991.avif,13,2026-09-30
8362351,Appartement à louer à Agdal. 2 chambres. Bien meublé,https://www.mubawab.ma/fr/a/8362351/appartement-%C3%A0-louer-%C3%A0-agdal-2-chambres-bien-meubl%C3%A9,Location,Riad,Marrakech,Agdal,12 500 DH,12500,110m²,110,2 Pièces,2 Chambres,2 Salles de bains,"Terrasse, Piscine, Meublé, Façade extérieure, Climatisation, Sécurité, Cuisine équipée, TV, Machine à laver","Cet appartement à louer, situé dans le quartier prisé d'Agdal à Marrakech, résidence Riad Garden, offre un cadre de vie confortable et moderne. Avec une superficie de 110 m², il se trouve au rez-de-chaussée et dispose de deux chambres et deux salles de bain, affichant une orientation ouest qui assure une belle luminosité naturelle tout au long de la journée. Ce bien, âgé de 5 à 10 ans, est en bon état et prêt à être habité. L'intérieur de l'appa...",https://www.mubawab-media.com/ad/8/362/351F/h/photo_00_83263173.avif,12,2026-09-21
8401584,Tres bel Appartement meublé Riad garden,https://www.mubawab.ma/fr/a/8401584/tres-bel-appartement-meubl%C3%A9-riad-garden,Location,Riad,Marrakech,Autre / Centre,13 000 DH,13000,90m²,90,4 Pièces,2 Chambres,2 Salles de bains,"Terrasse, Garage, Ascenseur, Piscine, Concierge, Meublé, Salon européen, Climatisation, Sécurité, Double vitrage, Porte blindée, Cuisine équipée, Réfrigérateur, Four, TV, Machine à laver",Tres bel appartement t en longue duré 2 chambre neuf Meublè,https://www.mubawab-media.com/ad/8/401/584F/h/pmllk_83067724.avif,11,2026-09-30
7879423,Agréable appartement en location à Riad garden,https://www.mubawab.ma/fr/a/7879423/agr%C3%A9able-appartement-en-location-%C3%A0-riad-garden,Location,Riad,Marrakech,Autre / Centre,15 000 DH,15000,100m²,100,3 Pièces,2 Chambres,2 Salles de bains,"Jardin, Terrasse, Garage, Ascenseur, Piscine, Meublé, Façade extérieure, Salon européen, Antenne parabolique, Climatisation, Chauffage central, Double vitrage, Porte blindée, Cuisine équipée, Réfrigérateur, Four, TV, Machine à laver, Micro-ondes","Ne laissez pas passer cet appartement à louer entièrement renouvelé avec des meubles neufs Prix 15000 DH. 2 chambres, 2 salles de bains, superficie 100 m². 3 pièces. Moins de 5 ans. Revêtement: Marbre. Cet appartement est proposé à la location à Riad Garden. Parfaitement équipé avec porte blindée, chauffage central et double vitrage. Dispose d'une terrasse, ascenseur et places de parking. Contactez-nous pour visiter cet appartement en location...",https://www.mubawab-media.com/ad/7/879/423F/h/photo_0_80100507.avif,20,2026-09-30
8349190,"Villa au charme de Riad, proche de Marrakech",https://www.mubawab.ma/fr/a/8349190/villa-au-charme-de-riad-proche-de-marrakech,Location,Riad,Marrakech,Autre / Centre,15 000 DH,15000,200m²,200,2 Pièces,3 Chambres,3 Salles de bains,"Jardin, Terrasse, Garage, Meublé, Entre-seul, Salon Marocain, Cheminée, Climatisation, Cuisine équipée, Réfrigérateur, Four, TV, Machine à laver, Micro-ondes","Charmante villa décorée comme un Riad, située à Tamensourt, à quelques minutes de Marrakech (10 Km de Marrakech/ 25 minutes du centre-ville de Marrakech). Vous profiterez d’un intérieur authentique avec salon marocain, un espace repas, un espace cheminée, une cuisine équipée et une salle d’eau au rez de chaussée. À l’étage, on y trouve 2 chambres confortables (dont 1 avec un balcon), une salle de bain et 1 suite parentale (avec salle de bain, d...",https://www.mubawab-media.com/ad/8/349/190F/h/IMG_3848_82455889.avif,15,2026-09-30
8343090,Location appartement 2 chambres riad garden,https://www.mubawab.ma/fr/a/8343090/location-appartement-2-chambres-riad-garden,Location,Riad,Marrakech,Autre / Centre,15 000 DH,15000,115m²,115,3 Pièces,2 Chambres,2 Salles de bains,"Jardin, Terrasse, Meublé, Salon européen, Climatisation, Sécurité, Réfrigérateur, Four","LOCATION APPARTEMENT 2 CHAMBRES - RIAD GARDEN - BOULEVARD MOHAMED VI Situé dans la résidence sécurisée Riad Garden, cet appartement de 115 m² offre un cadre de vie exceptionnel sur le Boulevard Mohamed VI, directement en face du nouveau centre commercial. Ce bien bénéficie d'une vue dégagée sur les jardins et les piscines de la résidence. CARACTÉRISTIQUES DU BIEN Superficie : 115 m². Espace Nuit : 2 chambres avec dressings, incluant une suite...",https://www.mubawab-media.com/ad/8/343/090F/h/9b5ab616-4eaf-4827-9d65-828f13b1e6ae%20-%20Copie_82387141.avif,11,2026-09-30
8405304,Maison de campagne VIDE 3 chbs piscine lagon,https://www.mubawab.ma/fr/a/8405304/maison-de-campagne-vide-3-chbs-piscine-lagon,Location,Riad,Marrakech,Autre / Centre,16 500 DH,16500,150m²,150,4 Pièces,3 Chambres,2 Salles de bains,"Jardin, Piscine, Cheminée, Climatisation","La CIBLE IMMOBILIER vous présente cette charmante maison de campagne au style beldi, située route de fes, à 20 minutes du centre ville. Sur un beau jardin arboré de 350 m2, avec magnifique piscine lagon. La maison style riad de plain pied, comprenant 3 chambres SDB, salon, cuisine amenagée et equipée. Louée non meublée, en longue durée Pour plus d'informations, n'hesitez pas à me contacter",https://www.mubawab-media.com/ad/8/405/304F/h/IMG-20260615-WA0011_83107617.avif,16,2026-09-30
8402311,"Riad, Sous Loc Possible, à côté de Jemaa el Fna",https://www.mubawab.ma/fr/a/8402311/riad-sous-loc-possible-%C3%A0-c%C3%B4t%C3%A9-de-jemaa-el-fna,Location,Riad,Marrakech,Médina,17 000 DH,17000,80m²,80,3 Pièces,2 Chambres,1 Salle de bain,"Meublé, Salon Marocain, Climatisation, Cuisine équipée, Réfrigérateur, TV, Internet","Location longue durée - Sous-location autorisée Nous vous proposons un charmant Riad meublé de 80 m², en bon état, situé dans le quartier authentique de Riad Zitoun, à moins de 5 minutes à pied de la mythique Place Jemaa el-Fna. La sous-location étant autorisée, ce Riad représente également une belle opportunité d'exploitation en location courte durée, dans l'un des emplacements les plus recherchés de la Médina de Marrakech. Caractéristiques d...",https://www.mubawab-media.com/ad/8/402/311F/h/1787268474142_vbez4960ntn_1_83075763.avif,11,2026-09-30
8420712,Riad 4 chambres en gerance libre,https://www.mubawab.ma/fr/a/8420712/riad-4-chambres-en-gerance-libre,Location,Riad,Marrakech,Bab Doukkala,20 000 DH,20000,56m²,56,5 Pièces,4 Chambres,2 Salles de bains,"Terrasse, Garage, Chambre rangement, Meublé, Salon européen, Climatisation, Porte blindée, Cuisine équipée, Réfrigérateur, Four, Machine à laver","Petit riad de 4 chambres à Bab Doukkala, à proximité immédiate de Dar El Bacha, disponible en gérance libre. Le riad dispose d’environ 56 m² par niveau : • Rez-de-chaussée • 1er étage • Terrasse entièrement couverte, lumineuse grâce à de grandes baies vitrées Très bon emplacement : • Accès voiture jusqu’à la porte • Parking à proximité immédiate • Quartier central et facilement accessible Conditions : • 1ère année : 20.000 DH/mois HTVA • 2ème...",https://www.mubawab-media.com/ad/8/420/712F/h/WhatsApp_Image_2026-09-22_at_14.06.20_83276782.avif,6,2026-09-30
8409060,Riad garden 3 chambres meuble Jaccuzi,https://www.mubawab.ma/fr/a/8409060/riad-garden-3-chambres-meuble-jaccuzi,Location,Riad,Marrakech,Agdal,22 000 DH,22000,81m²,81,4 Pièces,3 Chambres,2 Salles de bains,"Jardin, Terrasse, Garage, Ascenseur, Piscine, Concierge, Chambre rangement, Meublé, Salon européen, Climatisation, Double vitrage, Cuisine équipée, Réfrigérateur, Four, TV, Machine à laver","Appartement 3 chambres avec jacuzzi à louer à Marrakech, quartier Agdal. Ce bien immobilier se compose d'un grand salon et d'une cuisine entièrement équipée. L'espace nuit comprend trois chambres, dont une suite. L'appartement est meublé et dispose d'un jacuzzi privé, un cellier ainsi que de deux terrasses dont une cour. Résidence avec piscine et jardin. Le loyer mensuel est fixé à 24 000 MAD. Les conditions de location incluent deux mois de caut...",https://www.mubawab-media.com/ad/8/409/060F/h/thumb_160007_property_large_83181053.avif,20,2026-09-30
8412497,Superbe Villa Meublée À Louer À La Route De Casa,https://www.mubawab.ma/fr/a/8412497/superbe-villa-meubl%C3%A9e-%C3%A0-louer-%C3%A0-la-route-de-casa,Location,Riad,Marrakech,Autre / Centre,24 000 DH,24000,387m²,387,5 Pièces,3 Chambres,3 Salles de bains,"Jardin, Piscine, Concierge, Meublé, Entre-seul, Salon Marocain, Climatisation, Cuisine équipée, Réfrigérateur, Four, Machine à laver, Micro-ondes","Le 25 Immobilier vous propose à la location longue durée une magnifique villa meublée, située dans une résidence fermée et sécurisée sur la route de Casa, en direction du quartier Riad Salam. Caractéristiques de la propriété : Superficie : Terrain de 188 m² avec 387 m² habitables. Rez-de-chaussée : Un vaste double salon, un salon séparé, une salle d’eau, une cuisine fermée, ainsi qu’un espace d’entrée accueillant et une zone dédiée côté pi...",https://www.mubawab-media.com/ad/8/412/497F/h/A7__1__83185296.avif,12,2026-09-30
8411985,Magnifique villa à louer à Route Casablanca. 7 pièces. Bie...,https://www.mubawab.ma/fr/a/8411985/magnifique-villa-%C3%A0-louer-%C3%A0-route-casablanca-7-pi%C3%A8ces-bien-meubl%C3%A9,Location,Riad,Marrakech,Autre / Centre,24 000 DH,24000,700m²,700,7 Pièces,3 Chambres,3 Salles de bains,"Jardin, Terrasse, Garage, Vue sur les montagnes, Piscine, Concierge, Meublé, Salon Marocain, Salon européen, Cheminée, Climatisation, Chauffage central, Sécurité, Porte blindée, Cuisine équipée, Réfrigérateur, Four, TV, Machine à laver, Micro-ondes, Animaux domestiques autorisés","Découvrez cette somptueuse villa de luxe à Marrakech, située dans le prestigieux quartier de Route Casablanca, à seulement quelques minutes en voiture de Riad Salam. Avec son architecture moderne, la propriété est un véritable havre de paix et de confort, s'étendant sur un vaste terrain de 700 m². À l'extérieur, vous serez enchanté par un grand jardin verdoyant et une spacieuse piscine qui offre une vue imprenable sur les montagnes environnantes...",https://www.mubawab-media.com/ad/8/411/985F/h/photo_00_83178821.avif,15,2026-09-30
8412179,Riad à louer soumis fini,https://www.mubawab.ma/fr/a/8412179/riad-%C3%A0-louer-soumis-fini,Location,Riad,Marrakech,Médina,25 000 DH,25000,70m²,70,7 Pièces,4 Chambres,3 Salles de bains,"Terrasse, Chambre rangement, Entre-seul, Antenne parabolique, Cheminée, Climatisation, Sécurité","RIAD À LOUER – MÉDINA DE MARRAKECH Situé au cœur de l’ancienne Médina de Marrakech, à proximité de la Médersa Ben Youssef, ce riad semi-fini offre un excellent potentiel pour un projet de maison d’hôtes, de location touristique ou de résidence privée. Caractéristiques * Superficie : 110 m² * Cuisine ouverte de style américain * Patio avec cheminée * 1er étage : 2 chambres, chacune avec sa salle de bain privative * 2ème étage : 2 chambres, un...",https://www.mubawab-media.com/ad/8/412/179F/h/photo_00_83181361.avif,6,2026-09-21
8301759,Villa Riad de Prestige à Louer,https://www.mubawab.ma/fr/a/8301759/villa-riad-de-prestige-%C3%A0-louer,Location,Riad,Marrakech,Route de Tahanaout,25 000 DH,25000,431m²,431,7 Pièces,4 Chambres,4 Salles de bains,"Jardin, Garage, Vue sur les montagnes, Piscine, Chambre rangement, Meublé, Salon européen, Cheminée, Chauffage central, Cuisine équipée, Réfrigérateur, Four, Machine à laver","Villa Riad de Prestige à Louer Élégance marocaine, confort moderne et cadre paisible aux portes de Marrakech Découvrez cette magnifique villa de style Riad à louer à Marrakech, idéalement située sur la Route de Tahanaout, au cœur de la Province d’El Haouz. Nichée dans un environnement calme, verdoyant et sécurisé, cette propriété d’exception offre une parfaite alliance entre architecture marocaine traditionnelle et prestations modernes haut de ga...",https://www.mubawab-media.com/ad/8/301/759F/h/IMG_8253_81950500.avif,32,2026-09-30
8395608,Riad à louer prés de la Médersa Ben Youssef,https://www.mubawab.ma/fr/a/8395608/riad-%C3%A0-louer-pr%C3%A9s-de-la-m%C3%A9dersa-ben-youssef,Location,Riad,Marrakech,Médina,25 000 DH,25000,110m²,110,5 Pièces,4 Chambres,4 Salles de bains,"Terrasse, Cheminée","Réf : 047R/026 Situé au cœur de l’ancienne Médina de Marrakech, à proximité de la Médersa Ben Youssef, ce riad semi-fini offre un excellent potentiel pour un projet de maison d’hôtes, de location touristique ou de résidence privée. Caractéristiques * Superficie : 110 m² * Cuisine ouverte de style américain * Patio avec cheminée * 1er étage : 2 chambres, chacune avec sa salle de bain privative * 2ème étage : 2 chambres, un hammam traditionnel...",https://www.mubawab-media.com/ad/8/395/608F/h/WhatsApp%20Image%202026-08-07%20at%2011.54.33_83005099.avif,8,2026-09-30
8342387,"Villa à Louer de 283.0 m² à Marrakech, Riad Essalam",https://www.mubawab.ma/fr/a/8342387/villa-%C3%A0-louer-de-283-0-m%C2%B2-%C3%A0-marrakech-riad-essalam,Location,Riad,Marrakech,Route de Casablanca,25 000 DH,25000,283m²,283,4 Pièces,2 Chambres,5 Salles de bains,"Jardin, Garage, Meublé","À louer, belle villa de 2 chambres située dans le quartier prisé de la Route De Casablanca à Marrakech. Avec une surface habitable de 138 m² et un terrain de 283 m², cette villa offre tout le confort nécessaire. Elle dispose de 2 salles de bain et s'étend sur 2 niveaux. Profitez de ce bien exceptionnel pour un loyer mensuel de 25 000 Dhs",https://www.mubawab-media.com/ad/8/342/387F/h/image_799766280_82378918.avif,9,2026-09-30
8315240,Location Villa à route d'ourika,https://www.mubawab.ma/fr/a/8315240/location-villa-%C3%A0-route-d-ourika,Location,Riad,Marrakech,Route de l'Ourika,25 000 DH,25000,750m²,750,,,,,"Amine HADDANI propose à la location une superbe propriété de caractère, à mi-chemin entre l'auberge de charme et le riad traditionnel, située au 62 km sur la route de Taroudant. Édifiée sur une parcelle de 750 m², cette demeure offre une immersion totale dans la nature avec son grand jardin arboré et sa piscine, tout en restant à une distance idéale de Marrakech pour une escapade paisible. Contactez-le vite pour organiser une visite ou pour en...",https://www.mubawab-media.com/ad/8/315/240F/h/8b821b7163f9d4082b15_82092458.avif,13,2026-09-30
8416240,Riad meublée à louer au Golf Al Maaden,https://www.mubawab.ma/fr/a/8416240/riad-meubl%C3%A9e-%C3%A0-louer-au-golf-al-maaden,Location,Riad,Marrakech,Autre / Centre,28 000 DH,28000,300m²,300,3 Pièces,2 Chambres,3 Salles de bains,"Jardin, Terrasse, Garage, Vue sur les montagnes, Piscine, Concierge, Chambre rangement, Meublé, Entre-seul, Salon européen, Antenne parabolique, Climatisation, Chauffage central, Double vitrage, Porte blindée, Cuisine équipée, Réfrigérateur, Four, TV, Machine à laver, Micro-ondes, Internet, Animaux domestiques autorisés",Un magnifique Riad en location longue durée sur le Golf Al Maaden se compose de: 2 chambres meublées 2 salles de bain Une Cuisine équipée Une toilette d invitée Un Rooftop aménagé Une place de parking privé Une piscine et jardin privé Sur une superficie d environ de 300m² Le prix lu loyer: 28 000dh par mois incluant charge syndic,https://www.mubawab-media.com/ad/8/416/240F/h/WhatsApp_Image_2026-09-15_at_13.22.49__5__83227184.avif,9,2026-09-30
8406431,"Riad meublé moderne à louer – Palmeraie, Marrakech",https://www.mubawab.ma/fr/a/8406431/riad-meubl%C3%A9-moderne-%C3%A0-louer-%E2%80%93-palmeraie-marrakech,Location,Riad,Marrakech,Palmeraie,28 000 DH,28000,160m²,160,5 Pièces,2 Chambres,4 Salles de bains,"Jardin, Terrasse, Garage, Concierge, Meublé, Entre-seul, Salon européen, Antenne parabolique, Cheminée, Climatisation, Chauffage central, Sécurité, Cuisine équipée, Réfrigérateur, Four, TV, Machine à laver, Micro-ondes, Internet, Animaux domestiques autorisés","Riad meublé moderne à louer – Palmeraie, Marrakech Situé dans le quartier prisé de la Palmeraie à Marrakech, ce magnifique riad meublé offre un cadre de vie exceptionnel, alliant charme traditionnel et confort moderne. Édifié sur un terrain de 300 m², le riad dispose d’une surface habitable de 160 m² et bénéficie d’une belle orientation sud, offrant une luminosité agréable tout au long de la journée. La propriété comprend 2 chambres confortables...",https://www.mubawab-media.com/ad/8/406/431F/h/photo_00_83120255.avif,21,2026-09-30
8394688,Beau riad en location à Ennakhil Palmeraie. 4 grandes pièces...,https://www.mubawab.ma/fr/a/8394688/beau-riad-en-location-%C3%A0-ennakhil-palmeraie-4-grandes-pi%C3%A8ces-meubl%C3%A9,Location,Riad,Marrakech,Palmeraie,30 000 DH,30000,280m²,280,4 Pièces,2 Chambres,2 Salles de bains,"Jardin, Terrasse, Garage, Vue sur les montagnes, Concierge, Chambre rangement, Meublé, Salon Marocain, Salon européen, Antenne parabolique, Cheminée, Climatisation, Chauffage central, Porte blindée, Cuisine équipée, Réfrigérateur, Four, TV, Machine à laver, Micro-ondes, Internet, Animaux domestiques autorisés","Située dans le quartier prisé d'Ennakhil (Palmeraie) à Marrakech, cette magnifique propriété de style riad offre une expérience de vie unique et luxueuse. Avec une surface de 280 m² et un terrain de 180 m², le riad combine harmonieux éléments traditionnels et confort moderne. La maison dispose de deux chambres spacieuses et de deux salles de bains élégamment aménagées. L'orientation sud assure un ensoleillement optimal tout au long de la journée...",https://www.mubawab-media.com/ad/8/394/688F/h/photo_0_82995318.avif,25,2026-09-30
8416315,Un Riad Meublé à louer sur Al Maaden Golf Marrakech,https://www.mubawab.ma/fr/a/8416315/un-riad-meubl%C3%A9-%C3%A0-louer-sur-al-maaden-golf-marrakech,Location,Riad,Marrakech,Autre / Centre,32 000 DH,32000,450m²,450,4 Pièces,3 Chambres,4 Salles de bains,"Jardin, Terrasse, Garage, Vue sur les montagnes, Piscine, Chambre rangement, Meublé, Entre-seul, Antenne parabolique, Cheminée, Climatisation, Double vitrage, Porte blindée",Un Magnifique Riad Meublé sur Al Maaden Golf Marrakech Pour la location longue durée se compose de: 3 chambres meublées 3 salles de bain Une toilette d invitée Double salon Une cheminée Une piscine et jardin privé Une superficie de 450m² Le prix du loyer: 32 000dh par mois inclus charge syndic Entretien jardin et piscine à la charge du locataire,https://www.mubawab-media.com/ad/8/416/315F/h/WhatsApp_Image_2026-09-15_at_13.40.37__3__83227904.avif,9,2026-09-30
8350182,Beau riad a al maaden en location,https://www.mubawab.ma/fr/a/8350182/beau-riad-a-al-maaden-en-location,Location,Riad,Marrakech,Autre / Centre,35 000 DH,35000,400m²,400,5 Pièces,3 Chambres,3 Salles de bains,"Jardin, Terrasse, Garage, Vue sur les montagnes, Piscine, Concierge, Chambre rangement, Meublé, Entre-seul, Salon européen, Antenne parabolique, Cheminée, Climatisation, Double vitrage, Porte blindée, Cuisine équipée, Réfrigérateur, Four, TV, Machine à laver, Internet","Votre Agence Immobilière SERGHINI IMMO vous propose à la location longue durée Un BEAU RIAD meublé au GOLF AL MAADEN à 400m² de superficie , qui se compose de: *03 chambres *03 salles de bain *Une Cuisine équipée fermée *01 Salon * 02 terrasses *Piscine et jardin privée *Une place de parking *Une toilette d'invitée *Une chambre de personnel Le prix de location : 35 000dh inclus charge syndic l'entretien jardin et piscine a la charge...",https://www.mubawab-media.com/ad/8/350/182F/h/a17b8006-782b-46bd-a397-e863700c9980_82466518.avif,10,2026-09-30
8245466,Riad en location gérance à Marrakech,https://www.mubawab.ma/fr/a/8245466/riad-en-location-g%C3%A9rance-%C3%A0-marrakech,Location,Riad,Marrakech,Kasbah,40 000 DH,40000,120m²,120,5 Pièces,5 Chambres,5 Salles de bains,"Terrasse, Meublé, Salon Marocain, Antenne parabolique, Climatisation, Cuisine équipée, Réfrigérateur, Four, TV, Machine à laver, Internet","À Louer : Riad de Charme à La Kasbah, Marrakech Découvrez ce magnifique Riad à la location gérance, idéalement situé dans le quartier historique de La Kasbah à Marrakech. Ce bien d’exception, d’une superficie de 120 mètres carrés, offre un cadre authentique et raffiné, parfait pour une exploitation hôtelière ou une maison d’hôtes. Caractéristiques du Riad : Chambres : Le Riad comprend 5 chambres spacieuses, chacune dotée de sa propre salle de...",https://www.mubawab-media.com/ad/8/245/466F/h/porte%203_81342956.avif,1,2026-09-30
8340810,Riad à louer Route de l’Ourika Km 5 Marrakech,https://www.mubawab.ma/fr/a/8340810/riad-%C3%A0-louer-route-de-l%E2%80%99ourika-km-5-marrakech,Location,Riad,Marrakech,Route de l'Ourika,50 000 DH,50000,1000m²,1000,8 Pièces,6 Chambres,8 Salles de bains,"Piscine, Cuisine équipée","Découvrez ce magnifique riad de standing, idéalement situé à seulement 5 km du centre-ville de Marrakech, offrant calme, confort et accessibilité. Caractéristiques : * 5 suites élégantes avec salles de bain privatives * Un salon spacieux et lumineux * Une grande piscine dans un cadre agréable et relaxant * Une cuisine entièrement équipée * Un mobilier haut de gamme avec une décoration raffinée",https://www.mubawab-media.com/ad/8/340/810F/h/photo_0_82361412.avif,1,2026-09-30
8392716,Magnifique riad à louer à Moulay Lyazid. 7 grandes pièces à...,https://www.mubawab.ma/fr/a/8392716/magnifique-riad-%C3%A0-louer-%C3%A0-moulay-lyazid-7-grandes-pi%C3%A8ces-%C3%A0-vivre-jardin-et-terrasse,Location,Riad,Marrakech,Kasbah,50 000 DH,50000,160m²,160,7 Pièces,7 Chambres,7 Salles de bains,"Jardin, Terrasse, Garage, Vue sur les montagnes, Piscine","Ce magnifique Riad à louer est situé dans le quartier historique et vibrant de la Kasbah à Marrakech, dans le quartier de Moulay Lyazid. La propriété s'étend sur une superficie spacieuse de 160 m², sur un terrain de 340 m², mettant en valeur le charme et l'élégance typiques de la région. Le Riad dispose de sept chambres et sept salles de bains, offrant un espace et une intimité suffisants pour les invités. Récemment construit, avec un âge de 1 à...",https://www.mubawab-media.com/ad/8/392/716F/h/photo_0_83007760.avif,1,2026-09-30
8306019,Villa style riad location vide route de fes km21,https://www.mubawab.ma/fr/a/8306019/villa-style-riad-location-vide-route-de-fes-km21,Location,Riad,Marrakech,Autre / Centre,50 000 DH,50000,500m²,500,11 Pièces,6 Chambres,5 Salles de bains,"Piscine, Salon Marocain",villa style riad a location vide route de fes km21 sperficie 500 habitable et 3000 terrain 6 chambres 5 salles de bain cuisine piscine / jardain 1 mois caution 1 mois avance 1 mois frais d agence 50 000 DH,https://www.mubawab-media.com/ad/8/306/019F/h/WhatsApp%20Image%202026-02-14%20at%2023.57.51_81993448.avif,1,2026-09-30
8371204,"À louer en longue durée, magnifique riad contemporain situé...",https://www.mubawab.ma/fr/a/8371204/%C3%A0-louer-en-longue-dur%C3%A9e-magnifique-riad-contemporain-situ%C3%A9-au-sein-du-prestigieux-al-maaden-golf-%C3%A0-marrakech,Location,Riad,Marrakech,Autre / Centre,60 000 DH,60000,290m²,290,4 Pièces,3 Chambres,3 Salles de bains,"Jardin, Piscine, Cheminée",Domaine sécurisé et très recherché offrant un cadre de vie exceptionnel face aux montagnes de l'Atlas. (Al Maaden Golf) Ce riad moderne se compose de : 3 grandes suites avec salles de bain privatives 1 chambre de personnel indépendante Un vaste salon lumineux avec cheminée Salle à manger élégante Cuisine moderne entièrement équipée Jardin paysager et piscine privée Terrasses aménagées avec vue dégagée Mobilier neuf et prestations haut de gamme Se...,https://www.mubawab-media.com/ad/8/371/204F/h/photo_0_82734093.avif,1,2026-09-30
8361425,Magnifique Riad à rénové à la Kasbah,https://www.mubawab.ma/fr/a/8361425/magnifique-riad-%C3%A0-r%C3%A9nov%C3%A9-%C3%A0-la-kasbah,Vente,Riad,Marrakech,Kasbah,60 000 DH,60000,2200m²,2200,15 Pièces,13 Chambres,3 Salles de bains,Entre-seul,"Magnifique Riad à rénové à la Kasbah Caractéristiques du bien : Superficie : 1140 m² au sol Titre foncier : Propriété avec titre foncier en règle Sous-sol : Espace polyvalent pouvant être utilisé pour le stockage ou d'autres activités Ce Riad représente une opportunité unique d'investissement, que ce soit pour un projet hôtelier, une maison d'hôtes ou une résidence personnelle. Sa localisation stratégique et ses nombreuses chambres en font un...",https://www.mubawab-media.com/ad/8/361/425F/h/porte%203_82587939.avif,1,2026-09-30
8425536,"Villa Privée, Luxe & 3 suites, Al Maaden golf",https://www.mubawab.ma/fr/a/8425536/villa-priv%C3%A9e-luxe-3-suites-al-maaden-golf,Location,Riad,Marrakech,Autre / Centre,65 000 DH,65000,589m²,589,2 Pièces,3 Chambres,4 Salles de bains,"Jardin, Terrasse, Garage, Piscine, Concierge, Chambre rangement, Meublé, Salon européen, Cheminée, Climatisation, Chauffage central, Sécurité, Porte blindée, Cuisine équipée, Réfrigérateur, Four, TV, Machine à laver, Internet","Séjournez dans une élégante villa Riad au cœur d'Al Maaden Golf Resort, à quelques minutes du centre de Marrakech. Profitez de 3 suites raffinées, d'une piscine privée sans vis-à-vis, d'un cadre calme et sécurisé, ainsi que d'un service de ménage offert. Concierge à votre disposition et petit-déjeuner en option. Profitez d'une expérience haut de gamme avec Lys Hospitality",https://www.mubawab-media.com/ad/8/425/536F/h/villa34-2_83330185.avif,31,2026-09-30
8422385,Riad raffiné à Al Maaden avec vue sur le golf,https://www.mubawab.ma/fr/a/8422385/riad-raffin%C3%A9-%C3%A0-al-maaden-avec-vue-sur-le-golf,Location,Riad,Marrakech,Médina,70 000 DH,70000,450m²,450,7 Pièces,5 Chambres,5 Salles de bains,"Jardin, Piscine, Meublé, Salon Marocain, Salon européen, Cheminée, Climatisation, Chauffage central, Sécurité, Double vitrage, Cuisine équipée, Réfrigérateur, Four, TV, Machine à laver, Internet","Situé au cœur de la prestigieuse résidence golfique Al Maaden, avec vue dégagée sur le golf, et à seulement 10 minutes de la Médina, ce superbe riad développe environ 450 m² habitables et offre un cadre de vie élégant, calme et entièrement préservé des regards. Inspiré des plus beaux palaces de Marrakech, il séduit par son architecture marocaine raffinée, mêlant authenticité, volumes généreux et élégance contemporaine. Caractéristiques : 5 cha...",https://www.mubawab-media.com/ad/8/422/385F/h/990176bf-5b67-4202-8d0f-cd3271c4ef7e_83295593.avif,6,2026-09-30
8411421,Riad d’exception à louer à Al Maaden,https://www.mubawab.ma/fr/a/8411421/riad-d%E2%80%99exception-%C3%A0-louer-%C3%A0-al-maaden,Location,Riad,Marrakech,Autre / Centre,70 000 DH,70000,423m²,423,8 Pièces,5 Chambres,4 Salles de bains,"Jardin, Terrasse, Vue sur les montagnes, Piscine, Concierge, Chambre rangement, Meublé, Entre-seul, Salon Marocain, Salon européen, Cheminée, Climatisation, Sécurité, Double vitrage, Cuisine équipée","Au cœur du prestigieux domaine golfique d’Al Maaden Golf Resort, à quelques minutes du centre-ville de Marrakech, Le Douze est un riad d’exception disponible à la location longue durée. Son architecture marocaine traditionnelle s’accorde à une élégance contemporaine et à des prestations haut de gamme. Développée autour d’un patio central, la propriété offre environ 423 m² habitables sur un terrain de 500 m², complétés par des terrasses, un jar...",https://www.mubawab-media.com/ad/8/411/421F/h/02-Riad-12_83173506.avif,17,2026-09-30
8382049,Commerce à louer 157 m² Riad Zitoun Kedim Marrakech,https://www.mubawab.ma/fr/a/8382049/commerce-%C3%A0-louer-157-m%C2%B2-riad-zitoun-kedim-marrakech,Location,Riad,Marrakech,Riad Zitoun,70 000 DH,70000,157m²,157,,,1 Salle de bain,,"Découvrez ce commerce de 157 m², situé au rez-de-chaussée dans le quartier prisé de Riad Zitoun Kedim à Marrakech, à deux pas de la Koutoubia et de Jamaa El Fna. Cette opportunité rare offre un vaste espace, idéalement pensé pour accueillir une grande variété d'activités commerciales, dans un environnement dynamique et animé. Le bien se répartit en 66 m² au rez-de-chaussée, 65 m² en cave et 22 m² en mezzanine, offrant une belle flexibilité d'am...",https://www.mubawab-media.com/ad/8/382/049F/h/annonce-agenz-20260713T100831629Z-GeminiGeneratedImagergzwzgrgzwzgrgzw_82855359.avif,10,2026-09-30
8422947,"Riad à louer à Kasbah, Marrakech",https://www.mubawab.ma/fr/a/8422947/riad-%C3%A0-louer-%C3%A0-kasbah-marrakech,Location,Riad,Marrakech,Médina,84 000 DH,84000,180m²,180,14 Pièces,12 Chambres,12 Salles de bains,Meublé,"Situé dans la Médina de Marrakech, au cœur du quartier de la Kasbah et à proximité de la porte du Mechouar, ce riad proposé en location-gérance développe une superficie de 180 m² et comprend 12 chambres. Le riad est actuellement en dernière étape de finition. Il est proposé vide et non meublé, permettant ainsi au futur exploitant de finaliser son aménagement selon son projet. Les photos du bien seront partagées dès que les travaux de finition se...",https://www.mubawab-media.com/ad/8/422/947F/h/Riad_a_louer_83301864.avif,1,2026-09-30
8396791,Place Jemma el Fna RIAD A LOUER,https://www.mubawab.ma/fr/a/8396791/place-jemma-el-fna-riad-a-louer,Location,Riad,Marrakech,Autre / Centre,90 000 DH,90000,320m²,320,10 Pièces,10 Chambres,10 Salles de bains,"Piscine, Meublé","DIRECT PROPRIÉTAIRE – EMPLACEMENT EXCEPTIONNEL - PLACE JEMMA EL FNA Vous recherchez un bien à fort potentiel pour développer une activité touristique au cœur de Marrakech ? Le bien : Riad de 10 chambres - à moins de 2mn de la place Entièrement rénové en 2023 Piscine d'agrément Autorisation Maison d’hôtes Emplacement privilégié Contrat de location gérance durée à définir, minimum 1 ans Conditions : Loyer : 90 000 DH HT / mois Caution : 6 mo...",https://www.mubawab-media.com/ad/8/396/791F/h/ok-plaza-jemaa-el-fna_83017618.avif,1,2026-09-30
8165448,Riad authentique à rénover Fort potentiel 70m²,https://www.mubawab.ma/fr/a/8165448/riad-authentique-%C3%A0-r%C3%A9nover-fort-potentiel-70m%C2%B2,Vente,Riad,Marrakech,Médina,100 000 DH,100000,70m²,70,6 Pièces,5 Chambres,1 Salle de bain,Cuisine équipée,"Riad authentique de 70 m² à vendre dans la Médina de Marrakech, situé dans le quartier Zaouia El Abassia, entre Bab Doukkala et Bab Taghzout",https://www.mubawab-media.com/ad/8/165/448F/h/1000018572_80515018.avif,14,2026-09-30
8409411,Douiria Titré à rénover 42 M2 Bab Doukala,https://www.mubawab.ma/fr/a/8409411/douiria-titr%C3%A9-%C3%A0-r%C3%A9nover-42-m2-bab-doukala,Vente,Riad,Marrakech,Bab Doukkala,110 000 DH,110000,80m²,80,3 Pièces,3 Chambres,,,"Situé dans le quartier recherché de Bab Doukkala, au cœur du Derb Sidi Massaoud, ce petit riad de 42 m² au sol bénéficie d’un environnement qualitatif, exclusivement entouré de riads exploités en maisons d’hôtes. Surface : 42 m² Petit patio central Structure saine – rénovation uniquement, aucune démolition nécessaire Derb calme et recherché Environnement touristique établi Ce bien représente une opportunité idéale pour : Un projet de petite...",https://www.mubawab-media.com/ad/8/409/411F/h/004fc54e-aac2-4978-af71-a41a6d28c118-IMG_1530_83150397.avif,7,2026-09-30
8113904,"Riad 82m² à Rénover – Bab Doukkala, Derb Calme",https://www.mubawab.ma/fr/a/8113904/riad-82m%C2%B2-%C3%A0-r%C3%A9nover-%E2%80%93-bab-doukkala-derb-calme,Vente,Riad,Marrakech,Bab Doukkala,119 000 DH,119000,87m²,87,4 Pièces,3 Chambres,1 Salle de bain,Terrasse,"VENDU - Riad 82m² au sol à Rénover – Bab Doukkala, Patio Orangé et Quartier en Mutation Ce riad est situé dans le quartier vivant de Bab Doukkala, à 10 minutes de Riad Larouss, à deux pas des commerces, restaurants, et surtout du projet de coulée verte qui remplacera l’ancienne gare routière. Un emplacement stratégique en devenir, parfait pour une résidence de charme ou un investissement à fort potentiel. Son patio arboré avec oranger et ses vo...",https://www.mubawab-media.com/ad/8/113/904F/h/1%20Sidi%20Massoud%20petit_79983556.avif,7,2026-09-30
8340240,"Riad à Rénover, 68m2 Berrima",https://www.mubawab.ma/fr/a/8340240/riad-%C3%A0-r%C3%A9nover-68m2-berrima,Vente,Riad,Marrakech,Autre / Centre,120 000 DH,120000,68m²,68,5 Pièces,3 Chambres,1 Salle de bain,,"Riad ""Bijou"" 68m² Berrima – Investissement Locatif Clé en Main Description : Rare opportunité d'acquérir un riad à taille humaine dans le quartier très demandé de Berrima. Ce bien de 68 m² au sol est une véritable pépite pour un investisseur souhaitant créer un pied-à-terre de charme ou un produit locatif saisonnier à forte rentabilité. La Vision du Projet : • Produit ""Lifestyle"" : Idéal pour être transformé en un riad privé chic de 3 chambres av...",https://www.mubawab-media.com/ad/8/340/240F/h/WhatsApp%20Image%202026-04-27%20at%2012.18.32%20%281%29_82354919.avif,11,2026-09-30
8340222,"Petit Riad à Rénover 45m2, BERIMA",https://www.mubawab.ma/fr/a/8340222/petit-riad-%C3%A0-r%C3%A9nover-45m2-berima,Vente,Riad,Marrakech,Autre / Centre,120 000 DH,120000,45m²,45,4 Pièces,2 Chambres,3 Salles de bains,Terrasse,"Description : Opportunité stratégique à saisir dans le quartier très prisé de Berrima. Ce riad à fort potentiel est idéal pour un investisseur souhaitant créer un produit locatif premium (Airbnb de luxe) avec une gestion simplifiée. Points forts de l'investissement : • Vision future : Possibilité d'aménagement en 3 suites spacieuses avec patio lumineux, bassin de fraîcheur et terrasse panoramique. • Rentabilité : Très fort rendement locatif après...",https://www.mubawab-media.com/ad/8/340/222F/h/WhatsApp%20Image%202026-04-27%20at%2010.11.34%20%286%29%20-%20Copie_82354712.avif,10,2026-09-30
8305501,"Riad a renover, medina",https://www.mubawab.ma/fr/a/8305501/riad-a-renover-medina,Vente,Riad,Marrakech,Médina,120 000 DH,120000,70m²,70,4 Pièces,3 Chambres,1 Salle de bain,Terrasse,"Dans la configuration actuelle : Rez-de-chaussée : entrée, patio, 2 pièces, 1 salons, cuisine, WC 1er niveau : 2 pièces, salon 2e niveau : 1 pièce, belle terrasse à aménager Riad bien entretenu à rénover pour créer une habitation de charme. Dans un derb calme et recherché, près des commerces. Possibilité de créer 3à 4 chambres, chacune avec salle douche/WC. Idéal pour pied-à-terre ou exploitation commerciale. *******************...",https://www.mubawab-media.com/ad/8/305/501F/h/WhatsApp%20Image%202026-02-17%20at%2015.17.10%20%281%29_81987679.avif,11,2026-09-30
7849201,"KASBAH, riad 95 m2 à rénover",https://www.mubawab.ma/fr/a/7849201/kasbah-riad-95-m2-%C3%A0-r%C3%A9nover,Vente,Riad,Marrakech,Kasbah,125 000 DH,125000,98m²,98,5 Pièces,4 Chambres,2 Salles de bains,Terrasse,"98 m2 au sol. Dans la configuration actuelle : Rez-de-chaussée : entrée, patio, 2 grandes pièces, cuisine, WC 1er étage : 2 grandes pièces, 1 pièce, WC, coursive 2e étage : terrasse à créer et à aménager pour solarium, salon et cuisine d’été. Riad à rénover pour créer 5 ou 6 chambres, chacune avec salle de douche/WC. Bon emplacement dans un derb facile d’accès, parking proche. *** AUTRES RIADS A RENOVER OU DEJA RENOVES CHEZ SAHAJA...",https://www.mubawab-media.com/ad/7/849/201F/h/1%20-%20Loudaya_70753630.avif,11,2026-09-30
8109453,MELLAH – riad à rénover dans quartier en devenir,https://www.mubawab.ma/fr/a/8109453/mellah-%E2%80%93-riad-%C3%A0-r%C3%A9nover-dans-quartier-en-devenir,Vente,Riad,Marrakech,Mellah,125 000 DH,125000,110m²,110,5 Pièces,4 Chambres,1 Salle de bain,Terrasse,"110 m2 au sol. Dans la configuration actuelle : Rez-de-chaussée : entrée, patio en partie couvert, 1 grande pièce, 2 pièces, cuisine, WC 1er étage : à créer (3 chambres chacun avec salle de douche/WC) 2e étage : terrasse à créer et à aménager pour solarium, cuisine d’été. Riad ancien à rénover et à restructurer. Dans un quartier en devenir et dans un derb calme ; quelques maisons d’hôtes dans le voisinage. Bon rapport qualité/prix. ...",https://www.mubawab-media.com/ad/8/109/453F/h/1%20Lahri_79938760.avif,8,2026-09-30
7923191,KASBAH riad 85 m2 à rénover,https://www.mubawab.ma/fr/a/7923191/kasbah-riad-85-m2-%C3%A0-r%C3%A9nover,Vente,Riad,Marrakech,Kasbah,130 000 DH,130000,150m²,150,4 Pièces,3 Chambres,1 Salle de bain,Terrasse,"SOUS PROMESSE - 85 m2 au sol. Dans la configuration actuelle : Rez-de-chaussée : entrée, patio, 2 pièces, cuisine, WC 1er niveau : à reconstruire suite à effondrement. 2e niveau : terrasse à créer. Riad en état moyen, entièrement à rénover. Possibilité de réaliser une habitation complète avec 3 chambres, chacune avec salle de douche/ WC. Dans un beau derb, dans un quartier recherché. Accès facile, près des Tombeaux saadiens, commerces, resta...",https://www.mubawab-media.com/ad/7/923/191F/h/1%20Walidine_75889630.avif,6,2026-09-30
8187516,"À vendre – fonds de commerce riad, route de tahenaoute",https://www.mubawab.ma/fr/a/8187516/%C3%A0-vendre-%E2%80%93-fonds-de-commerce-riad-route-de-tahenaoute,Vente,Riad,Marrakech,Autre / Centre,130 000 DH,130000,200m²,200,12 Pièces,11 Chambres,11 Salles de bains,"Terrasse, Piscine","Notre agence immobilière ATLAS TOUAREG vous propose à la vente un fonds de commerce de Riad idéalement situé à 35 km de Marrakech, sur la route de Tahenaoute, dans un environnement calme et authentique, propice au tourisme et à l’investissement. Ce Riad se compose de : 11 chambres avec 11 salles de bains, Grande cuisine professionnelle, Espace restaurant, Grande salle de réception, patio. NB : Terrain attenant de 300 m² offrant la possibilité d...",https://www.mubawab-media.com/ad/8/187/516F/h/2025-04-26%281%29_80738702.avif,2,2026-09-30
8113137,Riad 108m² à Bab Doukkala – Opportunité Rare,https://www.mubawab.ma/fr/a/8113137/riad-108m%C2%B2-%C3%A0-bab-doukkala-%E2%80%93-opportunit%C3%A9-rare,Vente,Riad,Marrakech,Médina,140 000 DH,140000,108m²,108,6 Pièces,3 Chambres,1 Salle de bain,"Terrasse, Meublé","Riad 108m² au sol à Rénover – Double Potentiel à Bab Doukkala (Quartier Rmila) Un bien pour les amateurs de la médina comme pour les investisseurs, situé dans le quartier vivant et central de Bab Doukkala à seulement 12 minutes à pied de Jamaa el Fna. Pour les amoureux de la médina. Ce riad est idéal pour être transformé en résidence principale ou secondaire de caractère, avec ses espaces ouverts et son charme traditionnel à valoriser. Grâce à u...",https://www.mubawab-media.com/ad/8/113/137F/h/3%20Hajra_79975692.avif,3,2026-09-30
8113117,DAR EL BACHA Riad 65m² à rénvoer – Parfait pour y vivre,https://www.mubawab.ma/fr/a/8113117/dar-el-bacha-riad-65m%C2%B2-%C3%A0-r%C3%A9nvoer-%E2%80%93-parfait-pour-y-vivre,Vente,Riad,Marrakech,Médina,145 000 DH,145000,80m²,80,5 Pièces,3 Chambres,1 Salle de bain,Terrasse,"Riad 65m² au sol à Rénover – Idéal Résidence de Charme à Dar El Bacha SOUS PROMESSE ! Un bien rare pour les amoureux de la médina souhaitant créer une résidence principale ou secondaire personnalisée, dans l’un des quartiers les plus agréables et accessibles de Marrakech. Ce riad de 80 m² au sol, situé à Sidi Bou Amar, dans la zone prestigieuse de Dar El Bacha, bénéficie d’un emplacement stratégique, dans un derb calme, sécurisé et à proximité...",https://www.mubawab-media.com/ad/8/113/117F/h/1%20Hafaoui%2080%20m2_79975541.avif,7,2026-09-30
8101528,"RIAD LAROUSS, Riad 108 m2 à Rénover 4 Suites",https://www.mubawab.ma/fr/a/8101528/riad-larouss-riad-108-m2-%C3%A0-r%C3%A9nover-4-suites,Vente,Riad,Marrakech,Autre / Centre,148 500 DH,148500,180m²,180,5 Pièces,4 Chambres,4 Salles de bains,Terrasse,"Riad 108 m2 à Rénover – Emplacement intéressant, 4 Suites, Forte Rentabilité Une opportunité à fort potentiel Ce riad, autrefois habité par une seule famille, a été divisé en deux parties distinctes au fil du temps. Aujourd’hui, ces espaces se réunissent à nouveau dans cette vente, incluant une aile plus ancienne, identifiable par ses murs jaunes. Cette particularité offre une belle occasion de redonner unité et harmonie au bien, tout en optim...",https://www.mubawab-media.com/ad/8/101/528F/h/1%20Ben%20Brahim%20copy_79880436.avif,13,2026-09-30
8115835,Riad 74m² à Rénover – Berrima,https://www.mubawab.ma/fr/a/8115835/riad-74m%C2%B2-%C3%A0-r%C3%A9nover-%E2%80%93-berrima,Vente,Riad,Marrakech,Médina,150 000 DH,150000,74m²,74,6 Pièces,3 Chambres,1 Salle de bain,"Terrasse, Garage","Riad 74m² au sol à Rénover – Berrima, Potentiel Résidence ou Investissement Situé dans le quartier authentique de Berrima, ce riad de 74m² au sol offre une base solide pour un projet de rénovation à la fois simple à exécuter et à fort potentiel de valorisation. Il conviendra aussi bien à un passionné de la médina souhaitant créer une résidence principale ou secondaire sur-mesure, qu’à un investisseur recherchant une rentabilité locative optimis...",https://www.mubawab-media.com/ad/8/115/835F/h/4%20Berrima_80003474.avif,6,2026-09-30
8358978,Magnifique Riad à vendre au village touristique,https://www.mubawab.ma/fr/a/8358978/magnifique-riad-%C3%A0-vendre-au-village-touristique,Vente,Riad,Marrakech,Autre / Centre,150 000 DH,150000,150m²,150,5 Pièces,3 Chambres,3 Salles de bains,"Piscine, Meublé, Salon Marocain, Climatisation, Sécurité, Cuisine équipée","Beau Riad à vendre situé au village Touristique Ça surface est de 150 m², composé de : • 3 chambres • 3 salles de bains • 1 salon • 1 petit patio • 1 cuisine • belle piscine • clime idéal pour une famille qui souhaitent s’installer et qui cherchent un bien de qualité au calme et proche de toute commodité. Prix de vente : 150,000 Honoraires d’agence : 2,5%",https://www.mubawab-media.com/ad/8/358/978F/h/photo_0_82664099.avif,15,2026-09-30
8161877,"BERRIMA, lumineux riad à rénover",https://www.mubawab.ma/fr/a/8161877/berrima-lumineux-riad-%C3%A0-r%C3%A9nover,Vente,Riad,Marrakech,Autre / Centre,150 000 DH,150000,70m²,70,5 Pièces,3 Chambres,1 Salle de bain,"Terrasse, Garage","82 m2 au sol. Dans la configuration actuelle : Rez-de-chaussée : entrée, patio, 1 grande pièce, 1 pièce, cuisine, WC 1er niveau : 1 grande pièce, 2 pièces, palier 2e niveau : 1 pièce, terrasse à aménager. Riad sain, lumineux, bien entretenu, à rénover, près commerces et parking. Possibilité de créer 3 chambres, chacun avec salle douche/WC",https://www.mubawab-media.com/ad/8/161/877F/h/1%20Berrima_80478840.avif,12,2026-09-30
8099630,"KASBAH, Riad 118 m² à Rénover Projet Clé en Main avec 4 Suit...",https://www.mubawab.ma/fr/a/8099630/kasbah-riad-118-m%C2%B2-%C3%A0-r%C3%A9nover-projet-cl%C3%A9-en-main-avec-4-suites-et-forte-rentabilit%C3%A9,Vente,Riad,Marrakech,Médina,160 000 DH,160000,116m²,116,5 Pièces,4 Chambres,4 Salles de bains,"Jardin, Terrasse","Riad à Rénover 118 m2 au sol – Opportunité d’Investissement Locatif à Haut Potentiel de Rentabilité à Marrakech Avant tout, un mot pour vous ! Cette annonce est principalement axée sur l’investissement locatif et l’optimisation de la rentabilité. Mais si vous êtes un passionné de la médina et souhaitez un riad pour y vivre ou créer un projet unique et à votre image, nous sommes là pour vous accompagner. Nos rénovations peuvent être totalement su...",https://www.mubawab-media.com/ad/8/099/630F/h/1%20Massoud_79841870.avif,10,2026-09-30
8058343,KASBAH – riad traditionnnel à rénover,https://www.mubawab.ma/fr/a/8058343/kasbah-%E2%80%93-riad-traditionnnel-%C3%A0-r%C3%A9nover,Vente,Riad,Marrakech,Kasbah,162 000 DH,162000,150m²,150,6 Pièces,4 Chambres,1 Salle de bain,"Terrasse, Chambre rangement","84 m2 au sol. Dans la configuration actuelle : Rez-de-chaussée : entrée, patio, 2 grandes pièces, cuisine, débarras, WC 1er étage : 2 grandes pièces, 1 pièce, coursive 2e étage : hammam, 1 pièce, terrasse à aménager pour solarium, cuisine d’été. Riad sain à rénover. Bien situé dans un derb facile d’accès, près d’un marché quotidien, de commerces et restaurants. Possibilité de créer 3 ou 4 chambres, chacune avec salle de douche/WC",https://www.mubawab-media.com/ad/8/058/343F/h/2%20-%20El%20Badia_79441531.avif,6,2026-09-30
8101867,"RIAD LAROUSS, riad à Rénover",https://www.mubawab.ma/fr/a/8101867/riad-larouss-riad-%C3%A0-r%C3%A9nover,Vente,Riad,Marrakech,Autre / Centre,175 000 DH,175000,89m²,89,5 Pièces,5 Chambres,3 Salles de bains,Terrasse,"Riad 89 m2 au sol plus 15 m2 au 1er étage. A Rénover – 5 chambres, Rentabilité Élevée Une opportunité rare dans un emplacement stratégique, parfait pour un projet d’investissement locatif ou une résidence sur-mesure à votre image. Un riad au fort potentiel. Situé dans un beau derb calme du quartier Riad Larouss, à seulement 15 minutes de la place Jamaa el Fna, ce riad sain offre une base idéale pour une transformation réussie. Son espace encore...",https://www.mubawab-media.com/ad/8/101/867F/h/1%20-%20Sidi%20Bou%20Amar_79888467.avif,8,2026-09-30
8173240,"KASBAH, riad 100 m2 à rénover",https://www.mubawab.ma/fr/a/8173240/kasbah-riad-100-m2-%C3%A0-r%C3%A9nover,Vente,Riad,Marrakech,Kasbah,180 000 DH,180000,100m²,100,6 Pièces,4 Chambres,2 Salles de bains,Terrasse,"100 m2 au sol. Dans la configuration actuelle : Rez-de-chaussée : entrée, patio, 2 grandes pièces, 2 pièces, cuisine, douche/WC 1er niveau : 1 grande pièce, 2 pièces, coursive 2e niveau : 1 pièce, terrasse à aménager pour solarium, sur-terrasse. *** Riad traditionnel à rénover, réunion de 2 maisons avec différence de niveau conférant du charme à l’ensemble. Dans un derb calme, près des Tombeaux Saadiens, d’un marché quotidien et de sn...",https://www.mubawab-media.com/ad/8/173/240F/h/1%20Badia_80594003.avif,12,2026-09-30
7924100,RIAD LAROUSS terrain 175 m2 pour construire,https://www.mubawab.ma/fr/a/7924100/riad-larouss-terrain-175-m2-pour-construire,Vente,Riad,Marrakech,Autre / Centre,180 000 DH,180000,310m²,310,6 Pièces,5 Chambres,1 Salle de bain,,"Terrain nu de 175 m2 au sol pour construire. Possibilité de bâtir un riad complet comprenant de 5 - 6 chambres ou suites, chacune avec salle de douche/WC. Dans un quartier vivant près de tous commerces, snacks. Accessible en voiture. Pour habitation ou investissement en exploitation commerciale. *** RIADS A RENOVER OU DEJA RENOVES CHEZ SAHAJAR, www.sahajar.com ***",https://www.mubawab-media.com/ad/7/924/100F/h/1%20-%20Boumba_75951657.avif,2,2026-09-30
8108288,"RIAD ZITOUN, riad à rénover",https://www.mubawab.ma/fr/a/8108288/riad-zitoun-riad-%C3%A0-r%C3%A9nover,Vente,Riad,Marrakech,Riad Zitoun,182 000 DH,182000,160m²,160,5 Pièces,4 Chambres,1 Salle de bain,Terrasse,"96 m2 au sol. Dans la configuration actuelle : Rez-de-chaussée : entrée, patio, 1 grande pièce, 1 pièce, cuisine, WC 1er étage : 3 pièces, toilets, coursive 2e étage : terrasse à aménager pour solarium, cuisine d’été. Riad sain 3 côtés à rénover. Dans un bon quartier recherché et dans un beau derb facile d’accès. A 10 mn de Jamaa el Fna. Possibilité de créer 3 chambres, chacune avec salle de douche/WC",https://www.mubawab-media.com/ad/8/108/288F/h/1%20-%20Sidi%20Farez_79926806.avif,8,2026-09-30
8141845,"KASBAH, riad à rénover rez de chaussée plus 2 niveaux",https://www.mubawab.ma/fr/a/8141845/kasbah-riad-%C3%A0-r%C3%A9nover-rez-de-chauss%C3%A9e-plus-2-niveaux,Vente,Riad,Marrakech,Kasbah,185 000 DH,185000,180m²,180,9 Pièces,5 Chambres,2 Salles de bains,Terrasse,"76 m2 au sol. Dans la configuration actuelle : Rez-de-chaussée : entrée, patio, 1 grande pièce, 2 pièces, cuisine, WC 1er étage : 2 grandes pièces, 1 pièce, WC, coursive 2e étage : 2 grandes pièces, 1 pièce, WC, coursive 3e niveau : terrasse à créer et à aménager pour solarium. *** Riad traditionnel sain à rénover. Dans un derb facile d’accès, dans un quartier agréable, à 15 mn de Jamaa el Fna. Possibilité de créer 5 chambres, chacune...",https://www.mubawab-media.com/ad/8/141/845F/h/1_80266970.avif,10,2026-09-30
8422920,Appartement style Riad de 99 m² – Issil Marrakech,https://www.mubawab.ma/fr/a/8422920/appartement-style-riad-de-99-m%C2%B2-%E2%80%93-issil-marrakech,Vente,Riad,Marrakech,Autre / Centre,190 000 DH,190000,99m²,99,5 Pièces,4 Chambres,4 Salles de bains,"Terrasse, Piscine, Meublé, Sécurité","Nous vous proposons cette maison de style riad située au sein d'une résidence sécurisée , Issil à Marrakech. Développée en R2 sur une surface de 99 m², cette propriété est entièrement meublée et équipée. Elle se compose d'un grand salon, d'une cuisine et de quatre chambres, chacune disposant de sa propre salle d'eau. L'extérieur offre deux terrasses, l'une de 10 m² et l'autre de 20 m², permettant de profiter du climat local. La résidence sécurisé...",https://www.mubawab-media.com/ad/8/422/920F/h/299e1207-140b-467c-8997-a94d5daa75e3-f26920e4_16ad_4152_a868_fc31dda98e8b_83301561.avif,15,2026-09-30
8075440,"DOUAR GRAOUA riad à rénover, terrain adjacent",https://www.mubawab.ma/fr/a/8075440/douar-graoua-riad-%C3%A0-r%C3%A9nover-terrain-adjacent,Vente,Riad,Marrakech,Autre / Centre,190 000 DH,190000,250m²,250,6 Pièces,5 Chambres,1 Salle de bain,"Jardin, Terrasse, Vue sur les montagnes","150 m2 au sol. Dans la configuration actuelle : Rez-de-chaussée : entrée, grand patio, 2 grandes pièces, 1 pièce, bouh (petit salon traditionnel ouvert), cuisine, WC 1er étage : 2 grandes pièces, 1 pièce, coursive 2e étage : terrasse : accès à créer, à aménager pour solarium,cuisine d’été. *** Riad 3 côtés bien à rénover. Dans un quartier vivant, à 12 mn de Jamaa el Fna. Possibilité de créer 5 chambres, chacune avec salle de douche/WC...",https://www.mubawab-media.com/ad/8/075/440F/h/1%20Graoua_79609160.avif,13,2026-09-30
8409898,"Riad authentique à rénover 130 m² au sol / Médina, proche Ka...",https://www.mubawab.ma/fr/a/8409898/riad-authentique-%C3%A0-r%C3%A9nover-130-m%C2%B2-au-sol-m%C3%A9dina-proche-kasbah-sidi-amara,Vente,Riad,Marrakech,Médina,190 000 DH,190000,130m²,130,8 Pièces,6 Chambres,4 Salles de bains,"Jardin, Terrasse, Garage, Vue sur les montagnes, Piscine, Chambre rangement, Salon Marocain, Salon européen, Antenne parabolique, Cheminée, Climatisation, Chauffage central, Sécurité, Double vitrage, Porte blindée, Cuisine équipée, Réfrigérateur, Four, Machine à laver, Micro-ondes","A vendre Riad à rénover • Emplacement recherché : quartier Sidi Amara, proche Kasbah • 130 m² au sol sur 2 niveaux, 7/8 pièces • Patio central avec trois coursives • Dépose-minute et stationnement voirie à 200 m • Fort potentiel locatif après travaux Informations pratiques • Statut : Melkia (bien non titré, acte adoulaire) • État : à rénover • Prix : 185 000 HAI (honoraires d’agence inclus) Visites et dossier technique sur demande",https://www.mubawab-media.com/ad/8/409/898F/h/photo_00_83156765.avif,10,2026-09-30
8099901,"SIDI MIMOUN, riad traditionnel à rénover",https://www.mubawab.ma/fr/a/8099901/sidi-mimoun-riad-traditionnel-%C3%A0-r%C3%A9nover,Vente,Riad,Marrakech,Autre / Centre,190 000 DH,190000,130m²,130,5 Pièces,3 Chambres,1 Salle de bain,"Terrasse, Garage","85 m2 au sol. Dans la configuration actuelle : Rez-de-chaussée : entrée, patio, 1 pièce, cuisine, WC 1er étage : 2 grandes pièces, 1 pièce, WC, coursive 2e étage : 1 pièce, terrasse à aménager pour solarium, cuisine d’été. Vue sur le Palais et l’Atlas. Riad à rénover. Dans un bon quartier sécurisé, à 10 mn de la place Jamaa el Fna. Parking proche. Possibilité de créer 4 chambres, chacune avec salle de douche/WC. *** AUTRES RIADS A...",https://www.mubawab-media.com/ad/8/099/901F/h/1B%20Fondouk_79844678.avif,10,2026-09-30
8068837,"KASBAH, riad ancien à rénover",https://www.mubawab.ma/fr/a/8068837/kasbah-riad-ancien-%C3%A0-r%C3%A9nover,Vente,Riad,Marrakech,Kasbah,190 000 DH,190000,130m²,130,5 Pièces,4 Chambres,1 Salle de bain,Terrasse,"130 m2 au sol. Dans la configuration actuelle : Rez-de-chaussée : entrée, patio, 1 grande pièce, 2 pièces, 1 petite pièce, cuisine, WC 1er étage : à construire (possibilité de construire 3 chambres, chacune avec salle de douche/WC) 2e étage : terrasse à construire et à aménager pour solarium, cuisine d’été. ** Riad à rénover en totalité. Dans un derb facile d’accès, quartier vivant près des commerces, snacks et restaurants. Possibilit...",https://www.mubawab-media.com/ad/8/068/837F/h/1%20-%20Rahala_79544187.avif,12,2026-09-30
7810218,"KASBAH, riad ancien à rénover, bon quartier",https://www.mubawab.ma/fr/a/7810218/kasbah-riad-ancien-%C3%A0-r%C3%A9nover-bon-quartier,Vente,Riad,Marrakech,Kasbah,200 000 DH,200000,167m²,167,7 Pièces,5 Chambres,1 Salle de bain,Terrasse,"167 m2 au sol. Dans la configuration actuelle : Rez-de-chaussée : grande entrée, patio, 3 pièces, cuisine, WC 1er niveau : 3 grandes pièces, WC, coursive ; accès à douiria adjacente de 2 pièces à réunir avec le riad 2e niveau : 1 pièce ; terrasse à créer pour solarium, salon et cuisine d’été. Possibilité de sur-terrasse. Riad ancien à rénover en totalité, facile d’accès dans le quartier historique de la Kasbah, non loin des Tombeaux saadiens...",https://www.mubawab-media.com/ad/7/810/218F/h/2%20-%20Lalla%20Izamad_60446455.avif,19,2026-09-30
7923260,KASBAH terrain 175 m2,https://www.mubawab.ma/fr/a/7923260/kasbah-terrain-175-m2,Vente,Riad,Marrakech,Kasbah,200 000 DH,200000,300m²,300,6 Pièces,5 Chambres,1 Salle de bain,,"Terrain nu de 175 m2 pour construire. Possibilité de bâtir un riad de 5 - 6 chambres ou suites. Dans un quartier recherché, près du Palais Badi et de tous commerces, restaurants, marché quotidien. Pour habitation ou investissement en exploitation commerciale. *** RIADS A RENOVER OU DEJA RENOVES CHEZ SAHAJAR, www.sahajar.com ***",https://www.mubawab-media.com/ad/7/923/260F/h/20240522_171117_75892213.avif,1,2026-09-30
8274380,"Raid a renove, kasbah",https://www.mubawab.ma/fr/a/8274380/raid-a-renove-kasbah,Vente,Riad,Marrakech,Kasbah,200 000 DH,200000,95m²,95,4 Pièces,3 Chambres,2 Salles de bains,Terrasse,"Rez-de-chaussée : entrée, patio, 2 pièces, salon, WC 1er niveau : 2 pièces, salon, douche/WC, patio, petite cuisine 2e niveau : 1 pièce, belle terrasse à aménager Petit riad bien entretenu à rénover pour créer une habitation de charme. Dans un derb calme et recherché, près des commerces. Possibilité de créer 3 chambres, chacun avec salle douche/WC",https://www.mubawab-media.com/ad/8/274/380F/h/WhatsApp%20Image%202025-12-01%20at%2011.25.55%20%281%29%20-%20Copie_81654982.avif,13,2026-09-30
8145491,KASBAH charmant riad à rénover,https://www.mubawab.ma/fr/a/8145491/kasbah-charmant-riad-%C3%A0-r%C3%A9nover,Vente,Riad,Marrakech,Kasbah,200 000 DH,200000,100m²,100,5 Pièces,4 Chambres,1 Salle de bain,"Terrasse, Garage","SOUS PROMESSE - 70 m2 au sol. Dans la configuration actuelle : Rez-de-chaussée : entrée, patio, 1 grande pièce, 1 pièce, cuisine, WC 1er étage : 2 pièces ouvrant sur une spacieuse loggia 2e niveau : 1 pièce, terrasse à aménager pour solarium. *** Riad traditionnel sain à rénover. Dans un derb facile d’accès, près commerces, restaurants et d’un parking. Possibilité de créer 3 chambres, chacune avec salle de douche/WC. ***",https://www.mubawab-media.com/ad/8/145/491F/h/1%20Kadi_80319253.avif,13,2026-09-30
8147128,"DAR EL BACHA, riad à rénover",https://www.mubawab.ma/fr/a/8147128/dar-el-bacha-riad-%C3%A0-r%C3%A9nover,Vente,Riad,Marrakech,Autre / Centre,205 000 DH,205000,145m²,145,6 Pièces,3 Chambres,1 Salle de bain,Terrasse,"88 m2 au sol. Dans la configuration actuelle : Rez-de-chaussée : entrée, patio, 1 grande pièce, 2 pièces, cuisine, WC 1er étage : 1 grande pièce, 2 autres pièces, coursive, WC 2e niveau : terrasse à aménager pour solarium, cuisine d’été. Riad sain à rénover. Dans un quartier recherché et dans derb calme, près d’un marché quotidien. Possibilité de créer 3 à 4 chambres, chacune avec salle de douche/WC",https://www.mubawab-media.com/ad/8/147/128F/h/2%20patio_80319161.avif,13,2026-09-30
8423249,Superbe riad à vendre à Moulay Lyazid. 1 Pièce,https://www.mubawab.ma/fr/a/8423249/superbe-riad-%C3%A0-vendre-%C3%A0-moulay-lyazid-1-pi%C3%A8ce,Vente,Riad,Marrakech,Kasbah,210 000 DH,210000,66m²,66,1 Pièce,4 Chambres,2 Salles de bains,Terrasse,"Kasbah de Marrakech RIAD À VENDRE – KASBAH DE MARRAKECH Découvrez ce charmant riad situé au cœur de la Kasbah de Marrakech, dans un emplacement privilégié. Le riad se trouve à seulement 3 minutes de la mosquée Moulay El Yazid, 2 minutes du Palais Royal et environ 7 minutes de la célèbre place Jemaa el-Fna. Le bien dispose d’une superficie au sol de 66 m², répartie sur deux niveaux, soit environ 132 m² de surface bâtie, auxquels s’ajoute une g...",https://www.mubawab-media.com/ad/8/423/249F/h/IMG-20260926-WA1570_83304929.avif,6,2026-09-30
8340243,"Riad Titré 84m2, Berrima",https://www.mubawab.ma/fr/a/8340243/riad-titr%C3%A9-84m2-berrima,Vente,Riad,Marrakech,Autre / Centre,220 000 DH,220000,84m²,84,8 Pièces,6 Chambres,2 Salles de bains,Terrasse,"EXCLUSIVITÉ - Riad TITRÉ 84m² Berrima – Potentiel Transformation Luxe Description : Opportunité rare pour un investisseur exigeant dans le quartier de Berrima. Ce riad bénéficie d'un Titre Foncier définitif, garantissant une sécurité totale pour votre projet de rénovation haut de gamme. La Vision du Projet : • Réaménagement Qualitatif : La structure actuelle de 6 petites chambres offre le volume idéal pour être repensée en un riad de 3 ou 4 suite...",https://www.mubawab-media.com/ad/8/340/243F/h/WhatsApp%20Image%202026-04-27%20at%2012.32.53%20%281%29_82354963.avif,12,2026-09-30
8363293,Somptueux riad à vendre à Assouel. 5 grandes pièces,https://www.mubawab.ma/fr/a/8363293/somptueux-riad-%C3%A0-vendre-%C3%A0-assouel-5-grandes-pi%C3%A8ces,Vente,Riad,Marrakech,Médina,220 000 DH,220000,91m²,91,5 Pièces,5 Chambres,2 Salles de bains,,"Ce magnifique riad à vendre est situé au cœur de Marrakech, dans le quartier historique de la Médina, plus précisément dans le quartier d'Assouel. Avec une surface totale de 91 m², cette propriété est en bon état et prête à être habitée. Composée de cinq chambres et deux salles de bains, elle offre un espace de vie confortable au style traditionnel. En entrant dans la propriété, on est accueilli par une cour intérieure carrelée, entourée de murs...",https://www.mubawab-media.com/ad/8/363/293F/h/photo_00_82619352.avif,7,2026-09-30
8351508,Villa semi fini chrifia,https://www.mubawab.ma/fr/a/8351508/villa-semi-fini-chrifia,Vente,Riad,Marrakech,Chrifia,220 000 DH,220000,290m²,290,6 Pièces,4 Chambres,6 Salles de bains,"Jardin, Terrasse, Garage, Vue sur les montagnes, Piscine, Chambre rangement, Salon Marocain, Salon européen, Cheminée, Climatisation, Chauffage central, Sécurité",Villa semi fini à chrifia résidence riad marrakech alliance Superficie terrain 300m Superficie habitable 240m 4 suite rangement salle de bain Pour plus d'informations ou bien vidéo,https://www.mubawab-media.com/ad/8/351/508F/h/1000330257_82480119.avif,2,2026-09-30
7920137,"KASBAH, riads contigus à restructurer, 155 m2",https://www.mubawab.ma/fr/a/7920137/kasbah-riads-contigus-%C3%A0-restructurer-155-m2,Vente,Riad,Marrakech,Kasbah,240 000 DH,240000,270m²,270,6 Pièces,5 Chambres,1 Salle de bain,"Terrasse, Garage","155 m2 au sol. Dans la configuration actuelle, 2 riads contigus à restructurer. Rez-de-chaussée : entrée, patio, 2 grandes pièces, 1 pièce, cuisine 1er niveau : 2 grandes pièces, 1 pièce, WC, coursive 2e niveau : terrasse Petite maison adjacente : rez-de-chaussée (entrée, 1 pièce), 1er niveau (2 pièces, WC). Riad 4 côté formé de 2 habitations contiguës à réunir. Projet de réaliser 5 chambres, chacune avec salle de douche/WC. Dan...",https://www.mubawab-media.com/ad/7/920/137F/h/1%20-%20Sidi%20Massud_75590731.avif,15,2026-09-30
8363201,Riad à vendre à. 4 chambres,https://www.mubawab.ma/fr/a/8363201/riad-%C3%A0-vendre-%C3%A0-4-chambres,Vente,Riad,Marrakech,Médina,250 000 DH,250000,99m²,99,5 Pièces,4 Chambres,2 Salles de bains,,"située dans le quartier de Diour Al Saboun, sur la route de la mosquée Ibn Youssef. Superficie : 99 m². Accès direct à la route. Prix : 2 500 000 dh (négociable). Marrakech, ce riad à vendre est une opportunité exceptionnelle pour ceux qui souhaitent investir dans un bien offrant un fort potentiel de transformation. Avec une surface totale de 99 m², ce riad est idéalement situé dans le quartier historique de la Médina, riche en culture et en trad...",https://www.mubawab-media.com/ad/8/363/201F/h/photo_0_82614393.avif,1,2026-09-30
8345800,Riad à rénover 140 m² 6/7 chambres Place Sidi Ayoub,https://www.mubawab.ma/fr/a/8345800/riad-%C3%A0-r%C3%A9nover-140-m%C2%B2-6-7-chambres-place-sidi-ayoub,Vente,Riad,Marrakech,Médina,250 000 DH,250000,140m²,140,2 Pièces,7 Chambres,5 Salles de bains,"Salon Marocain, Salon européen, Antenne parabolique, Cheminée, Climatisation, Chauffage central, Sécurité, Double vitrage, Porte blindée","RIAD À RÉNOVER - MÉDINA DE MARRAKECH À deux pas de la Place Sidi Ayoub Prix : 250 000 HAI Surface : 140 m² au sol Potentiel : 6 à 7 chambres Statut : Melkia Idéalement situé au cœur de la médina, dans le quartier authentique de la médina à proximité immédiate de la Place Sidi Ayoub, ce riad à rénover constitue une opportunité rare pour un projet de maison d’hôtes ou de résidence de caractère. Avec ses 140 m² au sol et une configuration perme...",https://www.mubawab-media.com/ad/8/345/800F/h/photo_0_82416191.avif,8,2026-09-30
8331629,Petit Riad à Rénover 80m2 DOUAR GRAOUA,https://www.mubawab.ma/fr/a/8331629/petit-riad-%C3%A0-r%C3%A9nover-80m2-douar-graoua,Vente,Riad,Marrakech,Médina,260 000 DH,260000,80m²,80,4 Pièces,4 Chambres,1 Salle de bain,Terrasse,"Ce bien bénéficie d’un fort potentiel de transformation en riad de charme avec 3 à 4 chambres, idéal pour un projet d’investissement locatif type Airbnb. Situé dans un quartier calme au cœur de la médina, il offre un cadre authentique et recherché. Sa terrasse avec vue dégagée sur la ville constitue un véritable atout, tout comme sa bonne accessibilité. Une opportunité rare pour développer une maison d’hôtes ou un riad à fort rendement",https://www.mubawab-media.com/ad/8/331/629F/h/WhatsApp%20Image%202026-04-10%20at%2012.42.13_82264535.avif,7,2026-09-30
8122348,Beau Riad 4 chambres dans une résidence sécurisée,https://www.mubawab.ma/fr/a/8122348/beau-riad-4-chambres-dans-une-r%C3%A9sidence-s%C3%A9curis%C3%A9e,Vente,Riad,Marrakech,Autre / Centre,260 000 DH,260000,160m²,160,7 Pièces,4 Chambres,2 Salles de bains,"Terrasse, Vue sur les montagnes, Meublé, Salon Marocain, Climatisation, Cuisine équipée, Réfrigérateur, Four, Machine à laver","Très beau Riad habitation de 4 chambres, 2 salles d'eau 1 patio, 2 salons, 2 terrasses, possibilité d'une sur-terrasse, il est situé dans une résidence très calme et sécurisée dans laquelle se trouve 3 piscines, 2 épiceries, 6 restaurants, bientôt 7, 2 salons de coiffure homme, 2 autres pour femmes, une pharmacie, une mosquée et des espaces vert arborés et agrémentés de bancs, pour un prix net vendeur de 230 000 soit environ 2 350 000 de Dh selon...",https://www.mubawab-media.com/ad/8/122/348F/h/20250310_154835_80075008.avif,31,2026-09-30
8360865,Riad à vendre à Route Casablanca. 9 pièces confortables. Mac...,https://www.mubawab.ma/fr/a/8360865/riad-%C3%A0-vendre-%C3%A0-route-casablanca-9-pi%C3%A8ces-confortables-machine-%C3%A0-laver,Vente,Riad,Marrakech,Autre / Centre,260 000 DH,260000,144m²,144,9 Pièces,9 Chambres,3 Salles de bains,"Terrasse, Garage, Salon Marocain, Climatisation, Cuisine équipée, Four, Machine à laver","Proche de toutes commodités, facile d’accès en voiture. Opportunité rare dans le quartier d’Issil à Marrakech, idéal pour un projet d’habitation ou d’investissement locatif. Caractéristiques : Riad titré Surface : 144 m² 9 chambres 2 cuisines 3 salles de bains Prévoir quelques travaux de remise en état. Bonne répartition des espaces Fort potentiel après optimisation Pour plus d'information appelez par WhattsApp",https://www.mubawab-media.com/ad/8/360/865F/h/photo_00_82582281.avif,8,2026-09-30
8052020,"DABACHI – 170 m2 au sol douiria incluse, à rénover",https://www.mubawab.ma/fr/a/8052020/dabachi-%E2%80%93-170-m2-au-sol-douiria-incluse-%C3%A0-r%C3%A9nover,Vente,Riad,Marrakech,Autre / Centre,270 000 DH,270000,300m²,300,6 Pièces,5 Chambres,2 Salles de bains,Terrasse,"VENDU - 170 m2 au sol, douiria incluse. Dans la configuration actuelle : Rez-de-chaussée : entrée, patio arboré, 2 grandes pièces, 1 petite pièce, cuisine, WC 1er niveau : 3 pièces, salle de douche/WC, coursive 2e niveau : terrasse à aménager pour solarium, salon et cuisine d’été. *** Riad traditionnel et sa douiria à rénover avec possibilité de créer un ensemble de 5-6 chambres, chacune avec salle de douche et WC. Excellent emplacement dans un...",https://www.mubawab-media.com/ad/8/052/020F/h/1%20-%20d%20Jamaa_79378776.avif,11,2026-09-30
8363213,Très beau riad à vendre à Ben Saleh. Surface de 107 m²,https://www.mubawab.ma/fr/a/8363213/tr%C3%A8s-beau-riad-%C3%A0-vendre-%C3%A0-ben-saleh-surface-de-107-m%C2%B2,Vente,Riad,Marrakech,Médina,270 000 DH,270000,107m²,107,5 Pièces,4 Chambres,2 Salles de bains,,"Situé au cœur de Marrakech-Médina, dans le quartier prisé de Ben Saleh, ce riad à vendre offre une surface totale de 107 m². Proposé en bon état, ce bien authentique combine parfaitement charme traditionnel et fonctionnalité moderne. En entrant, vous êtes accueilli dans une vaste cour intérieure lumineuse, ornée de carreaux de mosaïque aux motifs géométriques colorés, qui rappelle l'essence même de l'architecture marocaine. Le rez-de-chaussée com...",https://www.mubawab-media.com/ad/8/363/213F/h/photo_0_82615007.avif,8,2026-09-30
8283593,Mellah riad a renove,https://www.mubawab.ma/fr/a/8283593/mellah-riad-a-renove,Vente,Riad,Marrakech,Mellah,280 000 DH,280000,120m²,120,3 Pièces,3 Chambres,2 Salles de bains,Terrasse,"Rez-de-chaussée : 2 pièces, cuisine, arrière-cuisine 1er niveau : 3 pièces Belle terrasse à aménager Riad bien entretenu à rénover pour créer une habitation de charme. Dans un Derb calme et recherché, près des commerces. Possibilité de créer 4 à 5 chambres, chacun avec salle douche/WC",https://www.mubawab-media.com/ad/8/283/593F/h/WhatsApp%20Image%202025-12-11%20at%2016.02.13%20%281%29_81755381.avif,9,2026-09-30
8346231,"Maison à Rénover 100m2, Kasbah",https://www.mubawab.ma/fr/a/8346231/maison-%C3%A0-r%C3%A9nover-100m2-kasbah,Vente,Riad,Marrakech,Kasbah,280 000 DH,280000,100m²,100,8 Pièces,5 Chambres,2 Salles de bains,Terrasse,"Maison à rénover – Kasbah – 100 m² au sol Opportunité rare dans le quartier historique de la Kasbah. Maison traditionnelle de 100 m² au sol offrant un grand potentiel de rénovation. Elle se compose de 8 pièces réparties autour d’un patio lumineux, avec une grande terrasse à l'étage. Emplacement calme, accès facile et idéal pour un projet de Riad privé ou investissement locatif. House to renovate – Kasbah – 100 sqm footprint Great opportunity in t...",https://www.mubawab-media.com/ad/8/346/231F/h/WhatsApp%20Image%202026-05-07%20at%2018.11.50%20%281%29_82421065.avif,10,2026-09-30
8378154,Maison Riad a vendre,https://www.mubawab.ma/fr/a/8378154/maison-riad-a-vendre,Vente,Riad,Marrakech,Autre / Centre,280 000 DH,280000,210m²,210,9 Pièces,6 Chambres,2 Salles de bains,,"Une petite maison riad bien située est à vendre à seulement 3 minutes de la jamaa lfna. Si vous êtes prêt à investir en tant que propriétaire d'airbnb, ce serait la meilleure offre à laquelle vous pouvez accéder immédiatement. Contactez-moi pour plus d'infos",https://www.mubawab-media.com/ad/8/378/154F/h/IMG-20260503-WA0025_82812410.avif,3,2026-09-30
8377212,"Riad 2 chambres à vendre – Kennaria, Marrakech Médina",https://www.mubawab.ma/fr/a/8377212/riad-2-chambres-%C3%A0-vendre-%E2%80%93-kennaria-marrakech-m%C3%A9dina,Vente,Riad,Marrakech,Médina,280 000 DH,280000,120m²,120,4 Pièces,2 Chambres,2 Salles de bains,,"Ce riad enchanteur, situé dans le quartier vibrant de Kennaria à Marrakech, offre une surface habitable de 120 m² et repose sur un terrain de 72 m². Avec une histoire récente de 5 à 10 ans, cette propriété séduit par son architecture traditionnelle et son atmosphère accueillante. Dès l'entrée, un vaste hall mène à une élégante salle à manger centrale, ornée de détails en carrelage aux motifs marocains. Les espaces de vie, lumineux et bien agencés...",https://www.mubawab-media.com/ad/8/377/212F/h/photo_00_82802258.avif,8,2026-09-30
8324049,Superbe Maison Riad de 4 suites – ***-****** euros,https://www.mubawab.ma/fr/a/8324049/superbe-maison-riad-de-4-suites-%E2%80%93-280-000-euros,Vente,Riad,Marrakech,Autre / Centre,280 000 DH,280000,52m²,52,5 Pièces,4 Chambres,4 Salles de bains,"Terrasse, Climatisation, Cuisine équipée","À vendre : Riad d'exception de 58 m2 d'emprise au sol, optimisé sur 3 niveaux offrant de très beaux volumes. ​Points forts : ​4 Chambres avec salles de bain attenantes. ​Climatisation individuelle partout. ​Cuisine équipée fonctionnelle. ​Toit ouvrant électrique (système rare et pratique). ​Belle terrasse privée. ​Produit rare sur le marché, parfait pour un pied-à-terre ou un investissement locatif à fort rendement. Dossier de réquisition en cour...",https://www.mubawab-media.com/ad/8/324/049F/h/photo_0_82181659.avif,16,2026-09-30
8422970,Riad avec rooftop – 148 m² – 7 chambres possibles – Médina...,https://www.mubawab.ma/fr/a/8422970/riad-avec-rooftop-%E2%80%93-148-m%C2%B2-%E2%80%93-7-chambres-possibles-%E2%80%93-m%C3%A9dina-zaouia,Vente,Riad,Marrakech,Médina,290 000 DH,290000,148m²,148,9 Pièces,7 Chambres,7 Salles de bains,"Terrasse, Garage, Vue sur les montagnes, Salon Marocain, Salon européen, Antenne parabolique, Cheminée, Climatisation, Chauffage central, Sécurité, Double vitrage, Porte blindée, Cuisine équipée, Réfrigérateur, Four, Machine à laver, Micro-ondes","Opportunité rare en médina de Marrakech : Deux Riad mitoyens totalisant 148 m², avec rooftop, réunies sur un seul et même titre. Idéal pour la création d'une maison d'hôtes. Situation : Quartier Zaouia Abbassia, Kaa El Machraa. Quartier calme et sécurisé, avec un bon voisinage. Accès voiture pour dépose, parking à 50 m. La place Jemaa El Fna est à 20 minutes à pied. À proximité de riads réputés comme le Palais Souleymane, le Riad Ayadina et le...",https://www.mubawab-media.com/ad/8/422/970F/h/photo_0_83302115.avif,10,2026-09-30
8113089,Vente Riad Rénover Titré À Sidi Ben Slimane,https://www.mubawab.ma/fr/a/8113089/vente-riad-r%C3%A9nover-titr%C3%A9-%C3%A0-sidi-ben-slimane,Vente,Riad,Marrakech,Autre / Centre,290 000 DH,290000,154m²,154,5 Pièces,3 Chambres,3 Salles de bains,Terrasse,"Notre agence immobilière ATLAS TOUAREG vous propose un Riad traditionnel de 96m² au sol et 154m² Habitable, composé de 3 chambres, situé dans un quartier calme et recherché de Sidi Ben Slimane, un bien qui offre un potentiel avec travaux Legé de rafraîchissement. RIAD composée de : RDC : une chambre avec SDB, salon, cuisine et patio ÉTAGE : 2 chambres avec 2 SDB, un coin salon. Terrasse. Surface habitable : 154m² (96m² au sol). Prix de vente...",https://www.mubawab-media.com/ad/8/113/089F/h/WhatsApp%20Image%202025-03-19%20at%2011.29.24%20%281%29_79975309.avif,12,2026-09-30
8374378,Riad à la vente à Ennakhil Palmeraie. Surface totale 74 m²...,https://www.mubawab.ma/fr/a/8374378/riad-%C3%A0-la-vente-%C3%A0-ennakhil-palmeraie-surface-totale-74-m%C2%B2-salon-typique-marocain-r%C3%A9sidence-s%C3%A9curis%C3%A9e,Vente,Riad,Marrakech,Palmeraie,290 000 DH,290000,74m²,74,5 Pièces,3 Chambres,3 Salles de bains,"Terrasse, Vue sur les montagnes, Piscine, Concierge, Salon Marocain, Sécurité, Cuisine équipée","RIAD À VENDRE – MARRAKECH Un riad de charme, déjà en exploitation, idéal pour un investissement locatif rentable ou une résidence de caractère. Caractéristiques : * 74 m² au sol * 222 m² habitables * 3 chambres, chacune avec sa salle de bain privative * Cuisine ouverte sur un agréable patio * Piscine * Terrasse avec fontaine, offrant la possibilité d’installer un jacuzzi et un espace barbecue * Magnifique sur-terrasse avec vue dégagée sur la m...",https://www.mubawab-media.com/ad/8/374/378F/h/photo_00_82768245.avif,19,2026-09-30
8221934,Riad de Charme au Cœur de la Kasbah,https://www.mubawab.ma/fr/a/8221934/riad-de-charme-au-c%C5%93ur-de-la-kasbah,Vente,Riad,Marrakech,Kasbah,300 000 DH,300000,64m²,64,5 Pièces,4 Chambres,4 Salles de bains,"Terrasse, Chambre rangement, Meublé, Climatisation, Cuisine équipée, Réfrigérateur, Four, Machine à laver, Micro-ondes","Riad de Charme au Cœur de la Kasbah Ce riad aux finitions soignées allie harmonieusement caractère traditionnel et confort moderne dans l'un des quartiers les plus convoités de Marrakech. La propriété est proposée entièrement meublée, offrant une solution ""clé en main"" idéale pour une résidence immédiate ou un projet locatif. -Emplacement : Situé dans le quartier recherché de la Kasbah, réputé pour son charme historique et son atmosphère vibran...",https://www.mubawab-media.com/ad/8/221/934F/h/WhatsApp%20Image%202025-09-20%20%C3%A0%2012.21.22_139d3023_81090510.avif,16,2026-09-30
8283502,Riad à rénover à la Médina,https://www.mubawab.ma/fr/a/8283502/riad-%C3%A0-r%C3%A9nover-%C3%A0-la-m%C3%A9dina,Vente,Riad,Marrakech,Médina,300 000 DH,300000,120m²,120,10 Pièces,8 Chambres,2 Salles de bains,Terrasse,"Riad à rénover à vendre – MELKIA Situé au cœur de la médina, ce riad à rénover offre un fort potentiel pour un projet d’habitation ou d’investissement. Édifié sur une surface au sol de 120 m², le bien se compose de : 8 chambres 2 salons Espaces intérieurs permettant une redistribution optimale Une terrasse, offrant un bel espace extérieur après rénovation Une rénovation complète est à prévoir, laissant libre cours à un aménage...",https://www.mubawab-media.com/ad/8/283/502F/h/file_1767871346_6254969_81754488.avif,12,2026-09-30
8348228,Riad de 90m2 au sol à Dabachi,https://www.mubawab.ma/fr/a/8348228/riad-de-90m2-au-sol-%C3%A0-dabachi,Vente,Riad,Marrakech,Koutoubia,300 000 DH,300000,90m²,90,7 Pièces,4 Chambres,2 Salles de bains,Terrasse,"À vendre Riad avec une superficie au sol de 90 m², idéalement situé dans une impasse calme au cœur de Derb Dabachi, à seulement 2 minutes de la place Jemaa el-Fna. Configuration actuelle : RDC : Entrée en chicane, patio lumineux avec fontaine, 2 pièces, cuisine et WC. 1er étage : 2 grandes chambres, 1 salle de bain et une coursive desservant l'étage. 2e étage : Terrasse spacieuse offrant une vue dégagée sur la Koutoubia et les montagnes de l'Atla...",https://www.mubawab-media.com/ad/8/348/228F/h/WhatsApp%20Image%202026-05-11%20at%2014.31.35%20%281%29_82445279.avif,8,2026-09-30
8236884,"Riad à vendre à Bab Lhmar. Surface totale 40 m². Piscine, cl...",https://www.mubawab.ma/fr/a/8236884/riad-%C3%A0-vendre-%C3%A0-bab-lhmar-surface-totale-40-m%C2%B2-piscine-climatisation,Vente,Riad,Marrakech,Autre / Centre,300 000 DH,300000,40m²,40,4 Pièces,3 Chambres,3 Salles de bains,"Terrasse, Piscine, Salon Marocain, Salon européen, Climatisation, Cuisine équipée","Riad idéalement situé. Prix 300 000 EUR. 4 pièces, 3 salles de bains privatives, 40 m². 3 chambres. Moins de 5 ans. Revêtement: Marbre. Confort absolu avec piscine et climatisation. Ce riad est en vente à Bab Lhmar. Cuisine entièrement équipée. Décoration moderne avec salon européen. Soyez le premier à visiter ce riad en vente à Marrakech. Grande terrasse. La décoration est traditionnelle avec un beau salon marocain",https://www.mubawab-media.com/ad/8/236/884F/h/photo_0_81250742.avif,7,2026-09-30
8315351,Riad à vendre à Sidi Benslimane,https://www.mubawab.ma/fr/a/8315351/riad-%C3%A0-vendre-%C3%A0-sidi-benslimane,Vente,Riad,Marrakech,Médina,309 000 DH,309000,150m²,150,5 Pièces,3 Chambres,3 Salles de bains,"Terrasse, Meublé, Entre-seul, Salon Marocain, Cuisine équipée","Charmant riad situé au calme, dans le quartier pittoresque de Sidi Benslimane, à seulement quelques minutes à pied des souks et des principaux points d'intérêt de la médina. D'une surface de 98 m² au sol pour environ 150 m² habitables, ce bien dispose de tout le cachet authentique recherché dans la ville rouge. Il est composé de: Salon, patio, cuisine, 3 chambres, 3 salles de bain et terrasse. Bien qu'un rafraîchissement soit à prévoir, ce ria...",https://www.mubawab-media.com/ad/8/315/351F/h/Accroche%20site_82093746.avif,9,2026-09-30
8346571,Vente riad à démolir réquisition à riad laarous,https://www.mubawab.ma/fr/a/8346571/vente-riad-%C3%A0-d%C3%A9molir-r%C3%A9quisition-%C3%A0-riad-laarous,Vente,Riad,Marrakech,Médina,310 000 DH,310000,78m²,78,1 Pièce,1 Ch.,1 Salle de bain,,"Notre agence immobilière Atlas Touareg, spécialiste des Riads à Marrakech, vous propose un Riad à démolir en réquisition, d’une superficie au sol de 78 m², idéalement situé au cœur de la Médina de Marrakech, dans le quartier recherché de Riad Laârous, À seulement 5 minutes de la célèbre Place Jamaâ el-Fna, 2 minutes du Dar El Bacha et à proximité immédiate des souks, ce bien représente une excellente opportunité pour un projet de maison d’hôtes...",https://www.mubawab-media.com/ad/8/346/571F/h/K_82424645.avif,2,2026-09-30
8104459,"BEN SALEH, Riad 165 m2 idéal maison d’hôtes 7 Suites",https://www.mubawab.ma/fr/a/8104459/ben-saleh-riad-165-m2-id%C3%A9al-maison-d%E2%80%99h%C3%B4tes-7-suites,Vente,Riad,Marrakech,Médina,313 000 DH,313000,165m²,165,8 Pièces,6 Chambres,2 Salles de bains,Terrasse,"Riad et Douiria 165 m2 au sol à Rénover – Projet Maison d’Hôtes 7 Suites, Fort Potentiel Locatif. Une opportunité rare pour un projet hôtelier rentable dans un quartier authentique de la médina. Ce riad et sa douiria indépendante, situés à Ben Saleh, offrent une surface de 165 m² au sol, idéale pour une transformation en maison d’hôtes haut de gamme. Grâce à son double accès, cette propriété permet une optimisation des espaces pour accueillir j...",https://www.mubawab-media.com/ad/8/104/459F/h/8%20Lalla%20Nejma_79889522.avif,6,2026-09-30
8408713,Riad de Charme Medina de Marrakech,https://www.mubawab.ma/fr/a/8408713/riad-de-charme-medina-de-marrakech,Vente,Riad,Marrakech,Médina,320 000 DH,320000,75m²,75,7 Pièces,2 Chambres,,"Terrasse, Meublé, Salon Marocain, Cheminée, Climatisation, Chauffage central, Cuisine équipée, Machine à laver","KENNARIA – À 2 MINUTES À PIED DE JEMAA EL-FNA UN EMPLACEMENT PREMIUM AU CŒUR DE LA MÉDINA Au cœur du très recherché quartier de Kennaria, à seulement 2 minutes à pied de la célèbre Place Jemaa el-Fna, ce charmant riad titré bénéficie d’un emplacement exceptionnel, au cœur de l’animation de la Médina tout en offrant un véritable espace de vie intimiste. Avec ses 75 m², ses espaces harmonieusement répartis sur plusieurs niveaux et sa terrasse aména...",https://www.mubawab-media.com/ad/8/408/713F/h/c516b53c8bc6bc3990da57003280956a_7232368bcd_1280-big_83142001.avif,21,2026-09-30
8349201,Marrakech I Medina,https://www.mubawab.ma/fr/a/8349201/marrakech-i-medina,Vente,Riad,Marrakech,Médina,320 000 DH,320000,75m²,75,3 Pièces,3 Chambres,3 Salles de bains,Meublé,"Rare et recherchée, la douiria est l'une des typologies les plus confidentielles de l'architecture marocaine : un appartement de caractère, souvent logé à l'étage d'un riad ou d'une demeure ancienne, doté de son propre accès et d'une identité forte. Celle-ci bénéficie d'un emplacement de premier ordre au cœur du quartier historique de la Kasbah, à proximité immédiate de la mosquée éponyme, des Tombeaux Saadiens et du Palais Badi. Un ancrage dans...",https://www.mubawab-media.com/ad/8/349/201F/h/1_82456029.avif,16,2026-09-30
8407393,Riad de charme a vendre medina marrakech,https://www.mubawab.ma/fr/a/8407393/riad-de-charme-a-vendre-medina-marrakech,Vente,Riad,Marrakech,Médina,320 000 DH,320000,75m²,75,7 Pièces,2 Chambres,2 Salles de bains,"Terrasse, Garage, Chambre rangement, Meublé, Salon Marocain, Salon européen, Antenne parabolique, Cheminée, Climatisation, Sécurité, Cuisine équipée, Réfrigérateur, Four, Machine à laver, Micro-ondes","Au cœur du très recherché quartier de Kennaria, à seulement 2 minutes à pied de la célèbre Place Jemaa el-Fna, ce charmant riad titré bénéficie d’un emplacement exceptionnel, au cœur de l’animation de la Médina tout en offrant un véritable espace de vie intimiste. Avec ses 75 m², ses espaces harmonieusement répartis sur plusieurs niveaux et sa terrasse aménagée, ce riad constitue une opportunité rare pour un investissement locatif à Marrakech. UN...",https://www.mubawab-media.com/ad/8/407/393F/h/PHOTO-2026-08-31-14-34-11_83130271.avif,21,2026-09-30
8305559,"Riad a renover, medina",https://www.mubawab.ma/fr/a/8305559/riad-a-renover-medina,Vente,Riad,Marrakech,Médina,320 000 DH,320000,110m²,110,6 Pièces,6 Chambres,1 Salle de bain,Terrasse,"Dans la configuration actuelle : Rez-de-chaussée : entrée, patio, 3 pièces, 1 salons, cuisine, WC 1er niveau : 3 pièces, salon, douche /WC, patio 2e niveau : Belle terrasse à aménager Riad bien entretenu nécessitante une rénovation pour créer une habitation de charme ou un projet de maison d’hôtes. Dans un derb calme et recherché, près des commerces. Possibilité d’aménage 4 à 5 chambres, chacune avec salle douche/WC. Idéal pour pied-à-terre ou in...",https://www.mubawab-media.com/ad/8/305/559F/h/WhatsApp%20Image%202026-02-17%20at%2014.44.06%20-%20Copie_81988381.avif,11,2026-09-30
8312075,Terrain à vendre à Riad Al Atlas. Superficie de 550 m²,https://www.mubawab.ma/fr/a/8312075/terrain-%C3%A0-vendre-%C3%A0-riad-al-atlas-superficie-de-550-m%C2%B2,Vente,Riad,Marrakech,Autre / Centre,320 000 DH,320000,550m²,550,,,,,"Belle affaire pour ce terrain à vendre. Prix 320 000 EUR. Superficie 550 m². Terrain à découvrir à Riad Al Atlas, Marrakech",https://www.mubawab-media.com/ad/8/312/075F/h/photo_00_82059710.avif,2,2026-09-30
8324760,Riad 3 chambres à rafraichir coeur de médina,https://www.mubawab.ma/fr/a/8324760/riad-3-chambres-%C3%A0-rafraichir-coeur-de-m%C3%A9dina,Vente,Riad,Marrakech,Médina,320 000 DH,320000,150m²,150,4 Pièces,3 Chambres,3 Salles de bains,Terrasse,"Riad 3 chambres à rafraichir coeur de médina Ce bien est une belle opportunité pour ceux qui recherchent un projet de rénovation au cœur de la médina. Avec ses trois chambres dotées de salles de bain privatives, il offre un confort appréciable. Le salon spacieux et le patio arboré apportent une touche de charme et de tranquillité. L’étage, dédié à la partie nuit, permet une certaine intimité, tandis que le toit terrasse avec solarium et sal...",https://www.mubawab-media.com/ad/8/324/760F/h/207c889df4e4ad98f30bc57eeefeed83_82191799.avif,16,2026-09-30
8304659,Superbe riad à vendre à Côté de grande Mosquée Bab Doukkala...,https://www.mubawab.ma/fr/a/8304659/superbe-riad-%C3%A0-vendre-%C3%A0-c%C3%B4t%C3%A9-de-grande-mosqu%C3%A9e-bab-doukkala-meubl%C3%A9,Vente,Riad,Marrakech,Bab Doukkala,320 000 DH,320000,120m²,120,4 Pièces,3 Chambres,3 Salles de bains,"Terrasse, Piscine, Meublé, Salon Marocain, Cheminée, Climatisation, Chauffage central, Sécurité, Porte blindée, Cuisine équipée, Réfrigérateur, Four, Machine à laver, Micro-ondes","Riad d'exception à vendre. Prix 320 000 EUR. 3 chambres, 3 salles de bains, surface 120 m². 4 pièces. Project neuf. Entièrement meublé. Proche du Café M bacha Ce riad est proposé à la vente à cote du Grande mosquée Bab Doukkala . Quartier sécurisée et porte blindée. Le bien dispose également d'un beau salon marocain traditionnel. Nombreux équipements : cheminée, climatisation et piscine. Soyez le premier à visiter ce riad en vente à Marrakech",https://www.mubawab-media.com/ad/8/304/659F/h/photo_00_81979537.avif,9,2026-09-30
8391453,Petit Riad de charme Titré bien situé,https://www.mubawab.ma/fr/a/8391453/petit-riad-de-charme-titr%C3%A9-bien-situ%C3%A9,Vente,Riad,Marrakech,Guéliz,330 000 DH,330000,180m²,180,4 Pièces,3 Chambres,3 Salles de bains,"Jardin, Terrasse, Vue sur les montagnes, Piscine, Chambre rangement, Meublé, Salon européen, Antenne parabolique, Cheminée, Climatisation, Sécurité, Double vitrage, Porte blindée, Cuisine équipée, Réfrigérateur, Four, Machine à laver, Micro-ondes","Charmant Riad Titré – Proche Dar El bach, Bab Doukkala, Guéliz & Majorelle, Marrakech Superficie au sol : 86m² (Titré) Superficie habitable environ 180m² Prix : 330 000 H.F.A (2.5% H) Emplacement : Emplacement stratégique, à la frontière de la Médina (Bab Doukkala / Dar El Bacha), à proximité immédiate de Guéliz et du Jardin Majorelle. Description du Bien Idéalement positionné pour allier l'authenticité de la Médina et le dynamisme de la v...",https://www.mubawab-media.com/ad/8/391/453F/h/119724_83254764.avif,30,2026-09-30
8279186,Riad réquisition avec 5 chambres à bab doukkala,https://www.mubawab.ma/fr/a/8279186/riad-r%C3%A9quisition-avec-5-chambres-%C3%A0-bab-doukkala,Vente,Riad,Marrakech,Bab Doukkala,330 000 DH,330000,87m²,87,9 Pièces,5 Chambres,3 Salles de bains,Terrasse,"ATLAS TOUAREG vous propose un Riad rénové réquisition, 87m² au sol et 220m² Habitable, situé dans l'un des meilleurs quartiers Bab Doukkala, 15 minutes de la place jamaa fna. Le Riad est composé de : RDC : entrée, Chambre, SDB, salon, cuisine, patio. Etage : Salon, 2 chambres, SDB, cuisine. Terrasse : 2 chambres, cuisine, SDB, panneaux solaires. Sur-Terrasse : Pergola. • Surface Habitable : 220m² (87m² au sol.) • Prix de vente : 3...",https://www.mubawab-media.com/ad/8/279/186F/h/WhatsApp%20Image%202025-12-12%20at%2016.58.39_81708302.avif,8,2026-09-30
8353414,Riad de 110m2 au sol à Kasbha,https://www.mubawab.ma/fr/a/8353414/riad-de-110m2-au-sol-%C3%A0-kasbha,Vente,Riad,Marrakech,Kasbah,330 000 DH,330000,110m²,110,12 Pièces,4 Chambres,2 Salles de bains,,"Opportunité rare au cœur de la Kasbah ! Ce riad authentique d'une superficie au sol de 110 m² offre un potentiel exceptionnel pour un projet de rénovation, une maison d'hôtes ou une demeure privée de charme. Déployé sur plusieurs niveaux, le bien se compose de 12 pièces au total, idéalement configurées : 6 chambres spacieuses 2 salons conviviaux 2 cuisines 2 salles de bains Situé dans l'un des quartiers les plus recherchés et sécurisés de la Méd...",https://www.mubawab-media.com/ad/8/353/414F/h/WhatsApp%20Image%202026-05-18%20at%2022.00.11_82500419.avif,9,2026-09-30
8348038,Riad 214 m² à rénover Bab El Khemis Rooftop vue médina,https://www.mubawab.ma/fr/a/8348038/riad-214-m%C2%B2-%C3%A0-r%C3%A9nover-bab-el-khemis-rooftop-vue-m%C3%A9dina,Vente,Riad,Marrakech,Médina,330 000 DH,330000,214m²,214,9 Pièces,7 Chambres,6 Salles de bains,"Terrasse, Garage, Vue sur les montagnes, Chambre rangement, Salon Marocain, Salon européen, Cheminée, Sécurité","À vendre Riad de charme à rénover - Bab El Khemis, Médina de Marrakech - 214 m² Magnifique opportunité dans la Médina historique de Marrakech : Riad authentique en pleine propriété,(Melkia)idéalement situé à Bab El Khemis, l’une des portes les plus vivantes et recherchées de la médina. Caractéristiques du bien : Riad principal de 180 m² douiria attenante de 34 m², soit une surface totale de 214 m². Le bien est actuellement organisé...",https://www.mubawab-media.com/ad/8/348/038F/h/photo_0_82443208.avif,16,2026-09-30
8318835,Riad a renover avec 7 chambres à quartier berrima,https://www.mubawab.ma/fr/a/8318835/riad-a-renover-avec-7-chambres-%C3%A0-quartier-berrima,Vente,Riad,Marrakech,Autre / Centre,330 000 DH,330000,220m²,220,9 Pièces,7 Chambres,1 Salle de bain,Terrasse,"Vente riad à rénover melkia de 3 chambres avec 2 garages, d'une superficie au sol 138m² et 220m² habitable, d'un accès commercial à quartier berrima avec un accès voiture jusqu'à le riad a seulement 10 min de la place de Jamaâ el Fna. Riad se compose de : RDC : entrée, WC, patio, 2 chambres, salon, cuisine. Etage : 4 chambres, WC et douche. Terrasse : chambre. Surface habitable :220 m² (138m² au sol). Prix de vente : 330 000 Euro",https://www.mubawab-media.com/ad/8/318/835F/h/2024_09_06_13_57_IMG_3306_82129437.avif,12,2026-09-30
8364434,Trouvez votre riad à acheter a bab Doukkala. 5 chambres,https://www.mubawab.ma/fr/a/8364434/trouvez-votre-riad-%C3%A0-acheter-a-bab-doukkala-5-chambres,Vente,Riad,Marrakech,Médina,330 000 DH,330000,93m²,93,2 Pièces,5 Chambres,3 Salles de bains,"Jardin, Terrasse","Situé au cœur de la vibrante Marrakech, dans le quartier prisé bab doukala à Marrakech-Médina, ce riad neuf présente une occasion unique d'acquérir un bien immobilier de caractère. Avec une surface habitable de 93 m² sur une parcelle de 87 m², cette propriété se distingue par son agencement spacieux comprenant cinq pièces et trois salles de bains. En entrant dans le riad, vous êtes accueilli par un hall lumineux et aéré, où le sol en parqué ajou...",https://www.mubawab-media.com/ad/8/364/434F/h/photo_00_82659264.avif,7,2026-09-30
8410188,Vente riad melkia à riad el moukha,https://www.mubawab.ma/fr/a/8410188/vente-riad-melkia-%C3%A0-riad-el-moukha,Vente,Riad,Marrakech,Médina,340 000 DH,340000,101m²,101,8 Pièces,4 Chambres,1 Salle de bain,Terrasse,"L'agence immobilière ATLAS TOUAREG vous propose en vente un Riad à rénover Melkia de 120m² surface étage et 101m² surface au sol, idéalement situé au cœur de la médina de Marrakech dans le quartier RIAD EL MOUKHA, à 2 min de Koutoubia, place Jamâa el Fna, et à 5 min du palais Bahia, du palais Badai, de la place des ferblantiers. Le Riad se compose de : RDC : Hall d’entrée, WC d’invité, chambre, salon, cuisine, patio. Étage : 3 chambres, pièce de...",https://www.mubawab-media.com/ad/8/410/188F/h/WhatsApp_Image_2026-09-03_at_15.42.03__1__83160282.avif,11,2026-09-30
8219326,Terrain 84 m² à vendre – Riad Al Misk Tamesnaourt,https://www.mubawab.ma/fr/a/8219326/terrain-84-m%C2%B2-%C3%A0-vendre-%E2%80%93-riad-al-misk-tamesnaourt,Vente,Riad,Marrakech,Autre / Centre,340 000 DH,340000,84m²,84,,,,,"Riad Al Misk – Lot n200 Superficie : 84 m² Terrain acquis en août 2012 à Tamesnaourt, dans le quartier résidentiel Riad Al Misk. Il est destiné à la construction d’une maison à deux étages avec terrasse. Coordonnées GPS : 31.767467, -8.102634 Vente directe par le propriétaire",https://www.mubawab-media.com/ad/8/219/326F/h/WhatsApp%20Image%202025-09-18%20%C3%A0%2015.16.06_54f98982_81062401.avif,2,2026-09-30
8380751,Riad titré avec bassin et terrasse à Bab Aylan,https://www.mubawab.ma/fr/a/8380751/riad-titr%C3%A9-avec-bassin-et-terrasse-%C3%A0-bab-aylan,Vente,Riad,Marrakech,Médina,350 000 DH,350000,208m²,208,5 Pièces,3 Chambres,3 Salles de bains,"Terrasse, Piscine, Meublé, Salon Marocain, Antenne parabolique, Cheminée, Climatisation, Sécurité, Cuisine équipée, Réfrigérateur, Four, Machine à laver, Micro-ondes","ATLASIMMOBILIER vous propose ce riad titré et vendu meublé de 114 m², idéalement situé dans le quartier recherché de Bab Aylan, au cœur de la Médina de Marrakech. Alliant le charme de l’architecture marocaine traditionnelle au confort moderne, cette propriété offre un cadre paisible et raffiné, idéal comme résidence principale, résidence secondaire ou investissement patrimonial. - Riad titré de 114 m² - Trois chambres doubles avec salles de bai...",https://www.mubawab-media.com/ad/8/380/751F/h/patio-central-riad-authentique-marrakech_82841640.avif,23,2026-09-30
8390820,Grand riad titré à rénover – Quartier Kasbah,https://www.mubawab.ma/fr/a/8390820/grand-riad-titr%C3%A9-%C3%A0-r%C3%A9nover-%E2%80%93-quartier-kasbah,Vente,Riad,Marrakech,Médina,350 000 DH,350000,250m²,250,9 Pièces,8 Chambres,2 Salles de bains,"Terrasse, Salon Marocain, Cuisine équipée","Grand riad titré à rénover à vendre – 120 m² au sol – 8 chambres – Quartier Kasbah, Marrakech Situé dans le quartier emblématique de la Kasbah, au cœur de la Médina de Marrakech, ce vaste riad titré de 120 m² au sol représente une excellente opportunité pour un projet de rénovation. Son emplacement recherché et sa configuration offrent un fort potentiel pour la création d'une maison d'hôtes, d'un riad de charme ou d'une résidence privée. Le r...",https://www.mubawab-media.com/ad/8/390/820F/h/1_82950777.avif,15,2026-09-30
8398742,Charmant Riad authentique 114 m2/sol Est medina,https://www.mubawab.ma/fr/a/8398742/charmant-riad-authentique-114-m2-sol-est-medina,Vente,Riad,Marrakech,Médina,350 000 DH,350000,190m²,190,6 Pièces,4 Chambres,4 Salles de bains,"Terrasse, Vue sur les montagnes, Piscine, Meublé, Salon Marocain, Cheminée, Climatisation, Cuisine équipée","COUP DE COEUR assuré! LA CIBLE IMMOBILIER vous propose a la vente ce charmant riad authentique , situé dans un joli quartier à Bab Aylan , à 15 minutes de la place jemma el fna. Il se compose d'un très beau et grand patio avec piscine, WC invités, 2 salons dont un avec cheminée, cuisine équipée, 3 chambres avec SDB, Enfin un magnifique rooftop, avec cuisine d'été , coin repas et espaces bronzage. vendu entièrement meublé et équipé, Ideal Airbn...",https://www.mubawab-media.com/ad/8/398/742F/h/IMG_20250507_123701_1_83039042.avif,26,2026-09-30
8413894,Riad Titulaire pour Rénovation Berrima 100m²,https://www.mubawab.ma/fr/a/8413894/riad-titulaire-pour-r%C3%A9novation-berrima-100m%C2%B2,Vente,Riad,Marrakech,Médina,350 000 DH,350000,100m²,100,7 Pièces,2 Chambres,2 Salles de bains,Terrasse,"Situé dans le quartier historique de Berrima, à quelques pas du Palais Royal, du Palais Bahia et du cœur vibrant de la Médina, ce riad totalement intitulé offre une opportunité exceptionnelle d'acquérir une propriété traditionnelle spacieuse dans l'un des quartiers les plus établis de Marrakech. S'étendant sur une empreinte de 100 m², le riad dispose de sept chambres et de deux grandes zones de vie disposées autour d'une cour traditionnelle. La...",https://www.mubawab-media.com/ad/8/413/894F/h/photo_00_83201453.avif,14,2026-09-30
8387219,Riad 165m² à Rénover – Ben Salah,https://www.mubawab.ma/fr/a/8387219/riad-165m%C2%B2-%C3%A0-r%C3%A9nover-%E2%80%93-ben-salah,Vente,Riad,Marrakech,Médina,350 000 DH,350000,165m²,165,6 Pièces,3 Chambres,2 Salles de bains,Terrasse,"À Vendre : Riad de 165 m² à Rénover – Quartier Ben Salah, Médina de Marrakech Emplacement : Situé dans un derb calme et recherché du quartier Ben Salah, au cœur de la médina, à proximité immédiate des commerces. Descriptif du bien : Riad bien entretenu offrant un fort potentiel de rénovation pour créer une habitation de charme. Idéal pour un pied-à-terre ou un investissement locatif. Distribution actuelle : Rez-de-chaussée : Entrée, patio, 1 salo...",https://www.mubawab-media.com/ad/8/387/219F/h/WhatsApp%20Image%202026-07-20%20at%2019.04.49_82911244.avif,10,2026-09-30
8325554,"Riad 230m2 à rénover, kasbah",https://www.mubawab.ma/fr/a/8325554/riad-230m2-%C3%A0-r%C3%A9nover-kasbah,Vente,Riad,Marrakech,Kasbah,350 000 DH,350000,230m²,230,6 Pièces,3 Chambres,1 Salle de bain,Terrasse,"Rez-de-chaussée : entrée, patio, salon ouvert sur patio, 6 grandes pièces, cuisine, 1 WC 1e étage : 1 pièce, terrasse à aménager pour solarium. Riad sain à rénover. Dans un beau derb facile d’accès, près des commerces et restaurants. Possibilité de créer 5 ou 6 chambres, chacune avec salle de douche/WC. ******************** Ground floor : entrance, patio, open room leading on the patio, 6 larges rooms, kitchen,1 toilet. 2nd floor: 1 room...",https://www.mubawab-media.com/ad/8/325/554F/h/WhatsApp%20Image%202026-04-01%20at%2016.49.02%20%282%29_82200588.avif,10,2026-09-30
7818178,Riad Rénové à Vendre – Confort et Élégance à la Kasbah,https://www.mubawab.ma/fr/a/7818178/riad-r%C3%A9nov%C3%A9-%C3%A0-vendre-%E2%80%93-confort-et-%C3%A9l%C3%A9gance-%C3%A0-la-kasbah,Vente,Riad,Marrakech,Kasbah,350 000 DH,350000,140m²,140,5 Pièces,3 Chambres,3 Salles de bains,"Terrasse, Vue sur les montagnes, Piscine, Meublé, Cheminée, Climatisation, Cuisine équipée","Riad de Charme Rénové – Confort & Élégance au Cœur de la Kasbah de Marrakech Un riad clé-en-main, rénové avec soin, mêlant confort moderne et charme marocain. Idéal pour une résidence principale ou un pied-à-terre à Marrakech. Ce riad titré de 80m² au sol, entièrement rénové et décoré avec goût, se situe dans le quartier recherché de la Kasbah, un environnement calme et facilement accessible. Parfaitement aménagé et prêt à vivre, il offre des e...",https://www.mubawab-media.com/ad/7/818/178F/h/12%20Sbaia_61081727.avif,9,2026-09-30
8393505,Riad neuf titre 4 chambres finitions sur mesure,https://www.mubawab.ma/fr/a/8393505/riad-neuf-titre-4-chambres-finitions-sur-mesure,Vente,Riad,Marrakech,Autre / Centre,360 000 DH,360000,220m²,220,6 Pièces,4 Chambres,4 Salles de bains,Terrasse,"Maison 26 propose à la vente ce riad neuf clé en main, à finaliser selon vos souhaits. Vous rêvez de posséder un riad unique et sur mesure ? Grâce à notre approche clé en main, nous vous offrons l'opportunité de personnaliser votre riad et de bénéficier d'une gestion complète de votre projet, de la conception à la livraison. Nous vous proposons ce riad de 220 m2 habitables avec son rooftop terrasse de 80 m2 (sur-rooftop possible) sur une surfa...",https://www.mubawab-media.com/ad/8/393/505F/h/VM472_3_original_82980745.avif,3,2026-09-30
8119993,Riad 122m² à Rénover – Dabachi à 3 mn de Jamaa el Fna,https://www.mubawab.ma/fr/a/8119993/riad-122m%C2%B2-%C3%A0-r%C3%A9nover-%E2%80%93-dabachi-%C3%A0-3-mn-de-jamaa-el-fna,Vente,Riad,Marrakech,Médina,360 000 DH,360000,122m²,122,8 Pièces,5 Chambres,2 Salles de bains,Terrasse,"Riad 122m² au sol à Rénover – Dabachi, Emplacement Prisé à Deux Pas de Jamaa el Fna Ce riad sain, construit sur 4 côtés, est situé dans le quartier recherché de Dabachi, à seulement 3 minutes de la place Jamaa el Fna. Il bénéficie d’un environnement calme, d’un accès facile, et d’une vraie vie de quartier avec commerces, snacks et restaurants à proximité immédiate. Un bien rare pour les amoureux de la médina ou les investisseurs à la recherche...",https://www.mubawab-media.com/ad/8/119/993F/h/1%20Hajra%20Dabachi%20copy_80046629.avif,9,2026-09-30
8335568,Riad à vendre à Derb Bomba Bab Doukala. 8 pièces confortable...,https://www.mubawab.ma/fr/a/8335568/riad-%C3%A0-vendre-%C3%A0-derb-bomba-bab-doukala-8-pi%C3%A8ces-confortables-salon-marocain-traditionnel,Vente,Riad,Marrakech,Autre / Centre,360 000 DH,360000,340m²,340,8 Pièces,7 Chambres,6 Salles de bains,Salon Marocain,"Magnifique riad en vente. Prix 360000euros. 7 chambres, 6 salles de bains, surface 340 m². 8 pièces lumineuses. Moins de 20 ans. À rénover. Revêtement: Marbre. Béton Armé Confort et tradition avec salon marocain. Riad Melkia propre La superficie du croquis La meme avec la Melkia Venez découvrir ce riad à vendre à Arset Ihiri, Marrakech",https://www.mubawab-media.com/ad/8/335/568F/h/photo_00_82305363.avif,13,2026-09-30
8332698,Riad à rénover,https://www.mubawab.ma/fr/a/8332698/riad-%C3%A0-r%C3%A9nover,Vente,Riad,Marrakech,Médina,360 000 DH,360000,154m²,154,3 Pièces,4 Chambres,1 Salle de bain,"Terrasse, Concierge, Chambre rangement","Emplacement privilégié : Situé dans l'un des quartiers historiques et paisibles de la Médina de Marrakech, ce riad offre une immersion totale dans l'art de vivre traditionnel. Sa localisation est idéale : un havre de paix à seulement 20 minutes à pied de l'effervescence de la célèbre Place Jemaa el-Fna. Idéal pour un projet de maison d'hôtes de charme ou une demeure privée d’exception. Situé dans un secteur recherché, alliant calme résidentiel...",https://www.mubawab-media.com/ad/8/332/698F/h/IMG-20260413-WA0021_82276271.avif,7,2026-09-30
8186759,Riad de 150m2 Titrè meublé a Assouel,https://www.mubawab.ma/fr/a/8186759/riad-de-150m2-titr%C3%A8-meubl%C3%A9-a-assouel,Vente,Riad,Marrakech,Autre / Centre,365 000 DH,365000,150m²,150,6 Pièces,5 Chambres,5 Salles de bains,"Terrasse, Meublé","La Cible Immobilier vous propose un superbe riad titré, rénové et meublé, à Assouel. Au rez-de-chaussée, vous trouverez une chambre, une salle de bain et un salon. Au premier étage, vous trouverez deux belles chambres avec chacune leur salle de bain. Au deuxième étage, vous trouverez deux chambres avec chacune leur salle de bain. Une grande terrasse sur deux niveaux avec buanderie est à votre disposition. Pour plus d'informations, n'hésitez...",https://www.mubawab-media.com/ad/8/186/759F/h/5%20%28Copier%29_80731503.avif,25,2026-09-30
8142553,"KASBAH, spacieux riad à rénover",https://www.mubawab.ma/fr/a/8142553/kasbah-spacieux-riad-%C3%A0-r%C3%A9nover,Vente,Riad,Marrakech,Kasbah,365 000 DH,365000,350m²,350,6 Pièces,5 Chambres,1 Salle de bain,Terrasse,"223 m2 au sol. Dans la configuration actuelle : Rez-de-chaussée : entrée, patio, 1 grande pièce, 3 pièces, cuisine, WC 1er étage : 2 pièces, loggia 2e niveau : terrasse à créer et à aménager pour solarium. Grand riad ancien à remanier et à rénover. Intéressante propriété dans un derb facile d’accès, près du Palais Badi, d’un marché quotidien et de snacks, à 12 mn de Jamaa el Fna. Possibilité de créer 5 à 6 chambres, chacune avec salle de douc...",https://www.mubawab-media.com/ad/8/142/553F/h/1%20patio_80274097.avif,14,2026-09-30
8076491,Vente villa style riad titre à km 6 route fès,https://www.mubawab.ma/fr/a/8076491/vente-villa-style-riad-titre-%C3%A0-km-6-route-f%C3%A8s,Vente,Riad,Marrakech,Médina,370 000 DH,370000,566m²,566,9 Pièces,5 Chambres,2 Salles de bains,"Terrasse, Garage","Notre agence immobilier ATLAS TOUAREG spécialité à la médina de Marrakech, vous propose villa style Riad sur un terrain de 471m² titré, 6 km Route Fès à 15min de centre de médina de Marrakech. Villa Composée de : RDC : hall d’entrée, WC, bhou, 2 chambres avec 2 SDB, salon, cuisine garage de voiture, patio avec fontaine au milieu. Terrasse : petite pièces, terrasse de 4 côtés. -Ancien Moulin RDC : 2 WC, grande pièce, chambre. étage : 2 chambre...",https://www.mubawab-media.com/ad/8/076/491F/h/WhatsApp%20Image%202025-01-16%20at%2015.54.51%20%282%29_79619464.avif,11,2026-09-21
8378376,Jolie riad de 3 chambres Medersa ben Youssef,https://www.mubawab.ma/fr/a/8378376/jolie-riad-de-3-chambres-medersa-ben-youssef,Vente,Riad,Marrakech,Guéliz,370 000 DH,370000,170m²,170,5 Pièces,3 Chambres,2 Salles de bains,"Terrasse, Meublé, Climatisation, Chauffage central, Cuisine équipée","L'agence immobilière Vaneau Maroc vous propose à la vente un riad situé dans un quartier très recherché de la médina de Marrakech, à proximité de Bab Doukkala et de Riad Larousse, ce charmant riad de 3 chambres séduit par son authenticité et son atmosphère paisible. Niché dans une ruelle calme avec accès voiture à seulement 100 mètres, il bénéficie d’un emplacement idéal permettant de rejoindre rapidement Majorelle et Guéliz. Édifié sur 75 m² au...",https://www.mubawab-media.com/ad/8/378/376F/h/04996fcaf57effaa167be9b91cb39418_26aa9e024c_900-big_82815293.avif,19,2026-09-30
8378425,Charmant riad de 3 chambres à 10 mn de Jemaa El Fna,https://www.mubawab.ma/fr/a/8378425/charmant-riad-de-3-chambres-%C3%A0-10-mn-de-jemaa-el-fna,Vente,Riad,Marrakech,Autre / Centre,370 000 DH,370000,100m²,100,5 Pièces,3 Chambres,3 Salles de bains,"Terrasse, Vue sur les montagnes, Piscine, Meublé, Chauffage central, Cuisine équipée","L'agence immobilière Vaneau Maroc vous propose à la vente ce charmant riad. Ce bien semble être une propriété magnifique et bien située à Marrakech ! Avec sa rénovation récente, ses commodités modernes et son emplacement proche de la célèbre place Jemaa el Fna, il pourrait être idéal pour ceux qui recherchent une maison de vacances ou un investissement locatif.Emplacement : À proximité du musée du parfum et à seulement 10 minutes de la place Jema...",https://www.mubawab-media.com/ad/8/378/425F/h/415a970915eccf77bf5f0a455d61eb63_2220ed4053_1600-big_82816138.avif,18,2026-09-30
8113824,Riad commercial avec deux magasins,https://www.mubawab.ma/fr/a/8113824/riad-commercial-avec-deux-magasins,Vente,Riad,Marrakech,Autre / Centre,370 000 DH,370000,70m²,70,4 Pièces,4 Chambres,4 Salles de bains,Terrasse,Riad bien situé proche de toute commodité Zone de Bab doukala Pas loin de Dar bacha et Arest awzal Riad accès voiture Prix 9.5 mdh,https://www.mubawab-media.com/ad/8/113/824F/h/photo_0_83028391.avif,1,2026-09-30
8409418,Riad rénové 3 Chambres Bab Doukkala / Réquisition,https://www.mubawab.ma/fr/a/8409418/riad-r%C3%A9nov%C3%A9-3-chambres-bab-doukkala-r%C3%A9quisition,Vente,Riad,Marrakech,Médina,375 000 DH,375000,120m²,120,,3 Chambres,,"Terrasse, Piscine, Cuisine équipée","Riad de Charme Restauré avec Goût Riad de Charme Rénové avec Piscine – Bab Doukkala, Médina de Marrakech Ce magnifique riad entièrement rénové, situé au cœur du quartier historique de Bab Doukkala, allie authenticité marocaine et confort moderne. Avec une surface optimisée de 64 m², il offre un cadre idéal pour une résidence principale ou un investissement rentable. Caractéristiques principales : Emplacement : Bab Doukkala, médina de Marrakech Su...",https://www.mubawab-media.com/ad/8/409/418F/h/ac0e16f4-b453-42ef-88a4-299202163964-WhatsApp_Image_2025_12_24_at_19.13.18_83150512.avif,18,2026-09-30
8182160,Riad rénové Medina de Marrakech,https://www.mubawab.ma/fr/a/8182160/riad-r%C3%A9nov%C3%A9-medina-de-marrakech,Vente,Riad,Marrakech,Médina,375 000 DH,375000,70m²,70,5 Pièces,4 Chambres,4 Salles de bains,"Terrasse, Vue sur les montagnes, Meublé, Entre-seul, Salon Marocain, Cheminée, Climatisation, Sécurité, Cuisine équipée","Chestertons Maroc vous propose un riad situé dans le quartier calme et authentique de Bab Taghzout, ce riad traditionnel allie charme marocain et confort moderne. Composition : • Rez-de-chaussée : un salon chaleureux, une salle à manger conviviale, et une cuisine fonctionnelle. • 1er étage : deux chambres spacieuses, chacune avec sa propre salle de bain et climatiseur. • 2e étage : deux autres chambres également équipées de leur salle de ba...",https://www.mubawab-media.com/ad/8/182/160F/h/Picture-86110127-2_80684151.avif,15,2026-09-30
8337271,"Riad titré entièrement rénové – Bab Aghmat, Médina de Marrak...",https://www.mubawab.ma/fr/a/8337271/riad-titr%C3%A9-enti%C3%A8rement-r%C3%A9nov%C3%A9-%E2%80%93-bab-aghmat-m%C3%A9dina-de-marrakech,Vente,Riad,Marrakech,Médina,380 000 DH,380000,104m²,104,6 Pièces,4 Chambres,4 Salles de bains,"Terrasse, Meublé, Cuisine équipée","Situé dans le quartier calme et authentique de Bab Aghmat, au cœur de la médina de Marrakech, ce riad titré de 104 m² au sol a été entièrement rénové avec des matériaux de qualité. Il offre une alliance parfaite entre charme traditionnel marocain et confort moderne, idéal aussi bien pour une résidence secondaire de prestige que pour un projet d'investissement locatif touristique. Composition du bien Le riad se compose d'un grand salon lumineux ou...",https://www.mubawab-media.com/ad/8/337/271F/h/photo_0_82323455.avif,24,2026-09-30
8386474,À Vendre – Riad à rénover titré,https://www.mubawab.ma/fr/a/8386474/%C3%A0-vendre-%E2%80%93-riad-%C3%A0-r%C3%A9nover-titr%C3%A9,Vente,Riad,Marrakech,Autre / Centre,380 000 DH,380000,280m²,280,6 Pièces,5 Chambres,2 Salles de bains,Terrasse,"À Vendre – Riad à rénover titré au cœur de Rahba Kdima Situé dans une rue facilement accessible, au cœur de Rahba Kdima, ce riad titré à rénover représente une opportunité rare pour les investisseurs souhaitant développer une maison d'hôte ou une résidence de caractère. Édifié sur un terrain de 111 m² avec environ 280 m² habitables, ce bien séduit par son authenticité, ses beaux volumes et son fort potentiel. Un projet de rénovation complet avec...",https://www.mubawab-media.com/ad/8/386/474F/h/WhatsApp%20Image%202026-07-16%20at%2019.15.51%20%283%29_82903186.avif,11,2026-09-30
8357975,Riad de 160 m² au sol – En cours de réquisition Bab Doukala,https://www.mubawab.ma/fr/a/8357975/riad-de-160-m%C2%B2-au-sol-%E2%80%93-en-cours-de-r%C3%A9quisition-bab-doukala,Vente,Riad,Marrakech,Autre / Centre,380 000 DH,380000,340m²,340,10 Pièces,8 Chambres,4 Salles de bains,,"Magnifique riad de 160 m² au sol, actuellement en procédure de réquisition, offrant un fort potentiel d’exploitation touristique ou résidentielle. * 7 grandes suites spacieuses avec salles de bains privatives * Grand patio lumineux * Accès voiture facile à proximité immédiate * Quartier recherché * Excellent potentiel pour maison d’hôtes ou investissement locatif Dossier et informations complémentaires disponibles sur demande",https://www.mubawab-media.com/ad/8/357/975F/h/photo_00_82551527.avif,9,2026-09-30
8271313,Riad avec terrasse et accès voiture – Derb Saboun,https://www.mubawab.ma/fr/a/8271313/riad-avec-terrasse-et-acc%C3%A8s-voiture-%E2%80%93-derb-saboun,Vente,Riad,Marrakech,Médina,380 000 DH,380000,110m²,110,4 Pièces,3 Chambres,3 Salles de bains,"Terrasse, Garage","Idéalement situé dans le quartier recherché de Derb Saboun, à proximité immédiate du Musée du Parfum, de la Medrassa Ben Youssef et du parking Taghzaout, ce riad à vendre dans la Médina de Marrakech bénéficie d’un accès voiture exceptionnel, extrêmement rare dans ce secteur. Caractéristiques : • 110 m² habitables • 3 chambres • Riad sur RDC 1er étage 2e étage terrasse • Belle terrasse avec vue panoramique à 360 sur les toits...",https://www.mubawab-media.com/ad/8/271/313F/h/6_81622710.avif,12,2026-09-30
8301446,Riad de Charme 4 chambres,https://www.mubawab.ma/fr/a/8301446/riad-de-charme-4-chambres,Vente,Riad,Marrakech,Médina,390 000 DH,390000,104m²,104,6 Pièces,4 Chambres,4 Salles de bains,"Terrasse, Piscine, Salon Marocain, Climatisation, Cuisine équipée","Riad de charme entièrement rénové – Médina de Marrakech, Situé au cœur de la médina de Marrakech, dans le quartier de Bab Aghmat, ce riad de charme titré de 104 m² au sol vient tout juste d’être entièrement rénové alliant authenticité marocaine et confort moderne. Accessible facilement, la dépose taxi se fait juste devant la porte, un véritable atout dans la médina. Le riad bénéficie également d’un quartier calme, entouré de nombreuses maisons...",https://www.mubawab-media.com/ad/8/301/446F/h/photo_0_82288504.avif,30,2026-09-30
8314010,Coquet Riad rénové et titré proche place des épice,https://www.mubawab.ma/fr/a/8314010/coquet-riad-r%C3%A9nov%C3%A9-et-titr%C3%A9-proche-place-des-%C3%A9pice,Vente,Riad,Marrakech,Autre / Centre,390 000 DH,390000,110m²,110,4 Pièces,3 Chambres,2 Salles de bains,"Terrasse, Vue sur les montagnes, Meublé, Salon Marocain, Salon européen, Antenne parabolique, Climatisation, Double vitrage, Cuisine équipée, Réfrigérateur, Four, Machine à laver","Ce petit riad titré, joliment rénové, offre 110m² d'espace habitable sur une surface de 54m² au sol, bénéficiant d'un emplacement exceptionnel à proximité de la Place des épices et à qq. Pas de la place jamaa lafna. La propriété démontre une forte rentabilité opérationnelle. Il dispose de trois chambres et de deux salles de bains. Une terrasse ensoleillée est incluse. Un charmant patio améliore la propriété. Un salon chaleureux et une salle à ma...",https://www.mubawab-media.com/ad/8/314/010F/h/1000483055_82079870.avif,21,2026-09-30
8220883,À Vendre – Riad rénové au cœur de la Médina,https://www.mubawab.ma/fr/a/8220883/%C3%A0-vendre-%E2%80%93-riad-r%C3%A9nov%C3%A9-au-c%C5%93ur-de-la-m%C3%A9dina,Vente,Riad,Marrakech,Médina,390 000 DH,390000,93m²,93,4 Pièces,3 Chambres,3 Salles de bains,"Terrasse, Piscine, Salon Marocain, Cuisine équipée","Situé à Derb Dabachi, l’un des quartiers les plus recherchés de la médina, ce magnifique riad de 93 m² au sol allie charme traditionnel et confort moderne. Caractéristiques principales : • Riad entièrement rénové en 2022 • Surface au sol : 93 m² • 3 chambres élégantes, chacune avec salle de bain • Piscine au patio, idéale pour se rafraîchir • Salon, cuisine équipée et espaces conviviaux • Toit-terrasse avec vue dégagée Atout investissemen...",https://www.mubawab-media.com/ad/8/220/883F/h/8_81079020.avif,11,2026-09-30
8106633,Vente d'un riad à rénover Bab Aylan,https://www.mubawab.ma/fr/a/8106633/vente-d-un-riad-%C3%A0-r%C3%A9nover-bab-aylan,Vente,Riad,Marrakech,Médina,390 000 DH,390000,140m²,140,9 Pièces,6 Chambres,6 Salles de bains,,"Riad à vendre – Bab Aylan, Marrakech Prix : 390 000 Faites une belle affaire avec ce riad à rénover, situé à Bab Aylan, un quartier authentique et dynamique de la médina de Marrakech. Caractéristiques du riad : • Superficie : 140 m² • Pièces : 9 • Chambres : 6 grandes chambres • Salles de bains : Chaque chambre dispose de sa salle de bain • Patio : Spacieux et lumineux • Statut juridique : Milkiya • État : À rénover Ce riad est une ex...",https://www.mubawab-media.com/ad/8/106/633F/h/photo_0_79910768.avif,10,2026-09-30
8308137,"Riad à rafraichir 3 chambres emplacement n1, Kennaria",https://www.mubawab.ma/fr/a/8308137/riad-%C3%A0-rafraichir-3-chambres-emplacement-n1-kennaria,Vente,Riad,Marrakech,Autre / Centre,395 000 DH,395000,180m²,180,7 Pièces,4 Chambres,3 Salles de bains,"Terrasse, Garage, Climatisation","Situé au cœur du quartier prisé de Kannaria, à quelques minutes des souks et de la célèbre Jemaa el-Fna, ce charmant riad allie authenticité et potentiel. Facile d’accès avec voiture et parking à seulement 5 minutes à pied. Le riad se compose actuellement de 3 chambres avec la possibilité d’en créer une quatrième. La structure est en très bon état général ; un simple rafraîchissement permettra de révéler tout son charme et d’y appor...",https://www.mubawab-media.com/ad/8/308/137F/h/IMG_5117_82015093.avif,18,2026-09-30
8023968,Riad à rénover au cœur de la médina,https://www.mubawab.ma/fr/a/8023968/riad-%C3%A0-r%C3%A9nover-au-c%C5%93ur-de-la-m%C3%A9dina,Vente,Riad,Marrakech,Médina,395 000 DH,395000,114m²,114,,10 Chambres,4 Salles de bains,Garage,"Riad à rénover ""MELKIA"", une opportunité exceptionnelle proposée par agence Kawtar Immobilier, situé dans le cœur vibrant de la médina, alliant charme traditionnel et potentiel de transformation.Superficie : 114 m²Chambres : 10Salles de bain : 4 Emplacement : Idéal, à proximité des attractions localesStationnement : Parking disponible à proximitéCe riad spacieux offre un potentiel exceptionnel pour les investisseurs ou les amoureux de la rénovati...",https://www.mubawab-media.com/ad/8/023/968F/h/file_1729788742_7610460_79099814.avif,22,2026-09-30
8423670,Riad 3 chambres rénové avec soin Bab Doukkala,https://www.mubawab.ma/fr/a/8423670/riad-3-chambres-r%C3%A9nov%C3%A9-avec-soin-bab-doukkala,Vente,Riad,Marrakech,Médina,395 000 DH,395000,110m²,110,5 Pièces,3 Chambres,3 Salles de bains,"Jardin, Terrasse, Cuisine équipée","Riad 3 chambres - Titre foncier permis d'habiter - Travaux de qualité Situé à Bab Doukkala, l’un des quartiers les plus accessibles et en pleine évolution de la Médina de Marrakech, ce riad de caractère a fait l’objet d’une rénovation complète, réalisée avec beaucoup de soin et dans une véritable logique de qualité et de durabilité. Le bien dispose d’une emprise au sol titrée de 62 m² et développe, grâce à ses différents niveaux, environ 11...",https://www.mubawab-media.com/ad/8/423/670F/h/riad_1_83310001.avif,12,2026-09-30
8329124,Vente riad réquisition avec bassin à la kasbah,https://www.mubawab.ma/fr/a/8329124/vente-riad-r%C3%A9quisition-avec-bassin-%C3%A0-la-kasbah,Vente,Riad,Marrakech,Médina,396 000 DH,396000,53m²,53,5 Pièces,3 Chambres,3 Salles de bains,"Terrasse, Garage","Nous vous proposons à la vente une belle réalisation d’un Riad entièrement rénové en réquisition, d’une superficie au sol 53 m² et 85 m², dispose de 3 chambres, Idéalement situé au cœur de la médina de Marrakech au quartier de la Kasbah, à proximité immédiate de la place des Ferblantiers, à 15 min à pied de Jamaâ El Fna et à 5 min du parking. Le Riad est composé de : RDC : salon, chambre, SDB, cuisine, bassin, patio. Étage : 2 chambres avec 2 SDB...",https://www.mubawab-media.com/ad/8/329/124F/h/WhatsApp%20Image%202026-06-16%20at%2012.15.38%20%282%29_82677203.avif,10,2026-09-30
8410219,"Idéal pour Investissement, au cœur de la Medina",https://www.mubawab.ma/fr/a/8410219/id%C3%A9al-pour-investissement-au-c%C5%93ur-de-la-medina-,Vente,Riad,Marrakech,Médina,400 000 DH,400000,150m²,150,1 Pièce,1 Ch.,1 Salle de bain,Cuisine équipée,"UNE PÉPITE AU CŒUR DE LA MÉDINA – DAR BACHA À VENDRE – RIAD DE CHARME AVEC ROOFTOP & BASSIN Prix demandé : 400 000 Euros négociable Disponible immédiatement ce bien possède son numéro de réquisition . Au cœur de Dar Bacha, l’un des quartiers les plus recherchés et les plus élégants de la Médina de Marrakech, se dévoile ce magnifique riad, véritable écrin de charme et de raffinement, bénéficiant d’un emplacement privilégié et d’un voisinage de g...",https://www.mubawab-media.com/ad/8/410/219F/h/photo_0_83160257.avif,10,2026-09-30
8372914,Riad Gros Œuvre à Vendre – Réquisition Bab Doukkala,https://www.mubawab.ma/fr/a/8372914/riad-gros-%C5%93uvre-%C3%A0-vendre-%E2%80%93-r%C3%A9quisition-bab-doukkala,Vente,Riad,Marrakech,Bab Doukkala,400 000 DH,400000,310m²,310,8 Pièces,6 Chambres,6 Salles de bains,,"Riad Gros Œuvre à Vendre – Bab Doukkala, Derb Bomba – Marrakech Riad de 154 m² au sol, en gros œuvre, situé dans le quartier de Bab Doukkala, Derb Bomba. * Statut foncier : Réquisition * 6 suites prévues * Autorisation Maison d’Hôtes * Travaux de finition à réaliser * Excellent potentiel pour un projet touristique ou un investissement locatif Une opportunité rare pour personnaliser un riad selon vos envies et développer une maison d’...",https://www.mubawab-media.com/ad/8/372/914F/h/photo_00_82752329.avif,8,2026-09-30
8365260,Idéal investisseur à 5 mn de la place jamaa El Fna,https://www.mubawab.ma/fr/a/8365260/id%C3%A9al-investisseur-%C3%A0-5-mn-de-la-place-jamaa-el-fna,Vente,Riad,Marrakech,Médina,400 000 DH,400000,150m²,150,7 Pièces,3 Chambres,3 Salles de bains,"Terrasse, Cuisine équipée","Magnifique Riad entièrement rénové dans la médina de Marrakech – À quelques minutes de la place Jemaa el-Fna Découvrez ce superbe Riad de charme, entièrement rénové avec beaucoup de goût, idéalement situé à quelques pas de la célèbre place Jemaa el-Fna. D’une superficie de 62 m² au sol, ce bien allie authenticité marocaine et confort moderne. Il se compose de trois belles suites, d’un agréable patio intérieur avec bassin et fontaine murale, d’u...",https://www.mubawab-media.com/ad/8/365/260F/h/photo_0_82669205.avif,1,2026-09-30
8240730,Terrain de 200 m2 titré à construire à bab aylan,https://www.mubawab.ma/fr/a/8240730/terrain-de-200-m2-titr%C3%A9-%C3%A0-construire-%C3%A0-bab-aylan,Vente,Riad,Marrakech,Palmeraie,400 000 DH,400000,200m²,200,1 Pièce,1 Ch.,1 Salle de bain,Garage,Je met en vente mon terrain de 200 m2 titré situé à Bab Aylan Médina-Est à 15 minutes à pied de la place Jemma El Fnà et à 5 minutes en voiture de la Palmeraie et du Golf d'Amelkis. Le riad dispose d'un accès voiture à 300m d'un grand parking gardé à l'entrée du quartier. Les fondations ont été réalisées. Possibilité d'obtenir un permis de construire pour maison d'hôtes avec 7 à 10 chambres,https://www.mubawab-media.com/ad/8/240/730F/h/WhatsApp%20Image%202025-10-24%20at%2015.41.11_81290287.avif,2,2026-09-30
8292362,"Kennaria riad 3 chambres rénové, bassin",https://www.mubawab.ma/fr/a/8292362/kennaria-riad-3-chambres-r%C3%A9nov%C3%A9-bassin,Vente,Riad,Marrakech,Autre / Centre,401 700 DH,401700,140m²,140,5 Pièces,3 Chambres,3 Salles de bains,"Terrasse, Vue sur les montagnes, Piscine, Meublé, Salon européen, Climatisation, Cuisine équipée, Réfrigérateur, Four","A 5 min de la Place Jemaa EL FNA, 5 min du palais Bahia, découvrez cette superbe opportunité d'un riad privatif de 3 chambres, rénové, exploité en privatif, dans un style beldi bohème. Ses espaces communs, ses suites confortables, ses équipements modernes, son bassin chauffé en terrasse et la décoration soignée, feront de ce riad un bien agréable pour vos séjours personnels ou ceux de vos locataires",https://www.mubawab-media.com/ad/8/292/362F/h/1_81846779.avif,14,2026-09-30
8354983,Riad à Rénover – Fort Potentiel Maison d’Hôte à Bab Doukkala,https://www.mubawab.ma/fr/a/8354983/riad-%C3%A0-r%C3%A9nover-%E2%80%93-fort-potentiel-maison-d%E2%80%99h%C3%B4te-%C3%A0-bab-doukkala,Vente,Riad,Marrakech,Médina,420 000 DH,420000,172m²,172,10 Pièces,7 Chambres,2 Salles de bains,,"Situé dans le quartier très recherché de Bab Doukkala, ce riad à rénover bénéficie d’un emplacement stratégique au cœur de la médina de Marrakech, offrant un accès rapide aux principaux centres d’intérêt de la ville. Développé sur une parcelle de 172 m² au sol, le bien présente un très fort potentiel d’aménagement pour la création d’une élégante maison d’hôte, d’un riad de charme ou d’un projet d’investissement à forte valeur ajoutée. Grâce à s...",https://www.mubawab-media.com/ad/8/354/983F/h/photo_0_82517539.avif,15,2026-09-30
8145522,"KASBAH, spacieux riad à rénover",https://www.mubawab.ma/fr/a/8145522/kasbah-spacieux-riad-%C3%A0-r%C3%A9nover,Vente,Riad,Marrakech,Kasbah,420 000 DH,420000,300m²,300,8 Pièces,6 Chambres,2 Salles de bains,"Terrasse, Garage","210 m2 au sol. Dans la configuration actuelle : Rez-de-chaussée : entrée, grand patio, 1 grande pièce, 2 pièces, cuisine, WC 1er étage : 2 grandes pièces, 1 pièce, coursive, WC 2e niveau : 2 pièces, terrasse à aménager pour solarium, cuisine d’été. *** Riad traditionnel sain entièrement à rénover. Dans un derb facile d’accès, près commerces, restaurants et d’un parking. Possibilité de créer 5 à 6 chambres, chacune avec salle de douc...",https://www.mubawab-media.com/ad/8/145/522F/h/1%20Amizmiz%20AU_80304243.avif,16,2026-09-30
8363184,Vente d'un superbe riad à Zaouiat Lahdar. Superficie 154 m²,https://www.mubawab.ma/fr/a/8363184/vente-d-un-superbe-riad-%C3%A0-zaouiat-lahdar-superficie-154-m%C2%B2,Vente,Riad,Marrakech,Médina,420 000 DH,420000,154m²,154,7 Pièces,7 Chambres,2 Salles de bains,,"Cet élégant riad, situé au cœur de la médina de Marrakech, dans le quartier pittoresque de Zaouiat Lahdar, propose une surface généreuse de 154 m² dans un état de conservation bien entretenu et habitable. Composé de sept pièces spacieuses et de deux salles de bains, ce riad se distingue par ses caractéristiques architecturales traditionnelles qui capturent l'essence du patrimoine marocain. Les sols sont habilement ornés de motifs étoilés en mosaï...",https://www.mubawab-media.com/ad/8/363/184F/h/photo_00_82613790.avif,6,2026-09-30
8320581,Riad à vendre,https://www.mubawab.ma/fr/a/8320581/riad-%C3%A0-vendre,Vente,Riad,Marrakech,Médina,420 000 DH,420000,184m²,184,3 Pièces,12 Chambres,3 Salles de bains,,"Situé dans la médina de Marrakech, ce magnifique riad allie charme traditionnel marocain et confort moderne. Idéalement placé, il offre un accès facile aux principaux sites touristiques tout en garantissant calme et intimité",https://www.mubawab-media.com/ad/8/320/581F/h/a95bfeb2-e130-4223-8e81-26f658be5085_82146087.avif,10,2026-09-30
8257366,Spacious Riad to be Rebuilt for Sale,https://www.mubawab.ma/fr/a/8257366/spacious-riad-to-be-rebuilt-for-sale,Vente,Riad,Marrakech,Autre / Centre,420 000 DH,420000,277m²,277,5 Pièces,5 Chambres,2 Salles de bains,,"I have for sale an ideal Riad Parcel. The Riad has been vacant for 10 years and was significantly touched by the latest earthquake. The Riad is in a Prime Location of the Old Madina of Marrakech; Rahba Kadima, Derb Aajane. This neighborhood is situated in the midst of all traditional Souks and is a 10 minutes walk to Jemaa El Fana. The ground floor of the Riad is of 170 square meters. This Riad can be rebuilt with three floors encompassing...",https://www.mubawab-media.com/ad/8/257/366F/h/IMG_8197_81460360.avif,7,2026-09-30
8190909,Somptueux riad à vendre 2mn de La Madrassa . Superficie 46...,https://www.mubawab.ma/fr/a/8190909/somptueux-riad-%C3%A0-vendre-2mn-de-la-madrassa-superficie-460-m%C2%B2,Vente,Riad,Marrakech,Autre / Centre,420 000 DH,420000,460m²,460,10 Pièces,4 Chambres,2 Salles de bains,,"Riad idéalement situé. À 2mn de la madrassa ben youssef A L'entre couloir qui mène directement au grand patio ou on trouve 2 grande chambre , à l'étage 4 pièces ,cuisine et WC et 2 salon qui donne sur le patio Prix 420 000 EUR. 4 chambres, 2 salles de bains, 460 m². 10 pièces. Moins de 70 ans. À rénover. Type de sol: Carrelage",https://www.mubawab-media.com/ad/8/190/909F/h/photo_00_80771323.avif,13,2026-09-30
8425418,Vente riad réquisition 86m² à kasbah,https://www.mubawab.ma/fr/a/8425418/vente-riad-r%C3%A9quisition-86m%C2%B2-%C3%A0-kasbah,Vente,Riad,Marrakech,Médina,430 000 DH,430000,142m²,142,5 Pièces,3 Chambres,3 Salles de bains,"Terrasse, Garage, Machine à laver","Emplacement stratégique au cœur du quartier prestigieux de la Médina Kasbah, à proximité des sites historiques (Palais Badiâ, Tombeaux Saadiens, Palais Royal…) et à seulement 10 min à pied de la Place Jamaâ El Fna, avec accès de voiture jusqu’à l’entrée de Derb et parking à proximité. Ce Riad représente une excellente opportunité d’investissement, avec tout le confort nécessaire. Composé de : RDC : Entrée avec WC invités, Cuisine avec salle à ma...",https://www.mubawab-media.com/ad/8/425/418F/h/2026_09_17_11_21_IMG_0941_83328823.avif,17,2026-09-30
8359855,Riad à rénover titré – Riad Laarous,https://www.mubawab.ma/fr/a/8359855/riad-%C3%A0-r%C3%A9nover-titr%C3%A9-%E2%80%93-riad-laarous,Vente,Riad,Marrakech,Médina,430 000 DH,430000,180m²,180,6 Pièces,5 Chambres,2 Salles de bains,,"Riad à rénover titré – Médina, Riad Laarous Situé dans le quartier recherché de Riad Laarous, ce riad titré offre une belle opportunité d’investissement au cœur de la médina, dans un emplacement central et vivant, à proximité des souks, des commerces et des principaux axes touristiques. D’une superficie de 90 m² au sol, cette propriété à rénover présente un fort potentiel pour un projet de maison d’hôtes ou de résidence privée de charme. Sa conf...",https://www.mubawab-media.com/ad/8/359/855F/h/3_82571207.avif,3,2026-09-30
8359852,Riad rénové titré à vendre – Dar El Bacha,https://www.mubawab.ma/fr/a/8359852/riad-r%C3%A9nov%C3%A9-titr%C3%A9-%C3%A0-vendre-%E2%80%93-dar-el-bacha,Vente,Riad,Marrakech,Médina,430 000 DH,430000,214m²,214,4 Pièces,3 Chambres,3 Salles de bains,Terrasse,"Riad rénové titré à vendre – Dar El Bacha, Médina de Marrakech Situé dans le quartier prisé de Dar El Bacha, ce riad titré entièrement rénové offre un cadre de vie authentique au cœur de la médina de Marrakech. Bénéficiant d’un emplacement privilégié, il se trouve à proximité des principaux sites touristiques, des souks et des commodités. Édifié sur une superficie de 107 m², ce riad a fait l’objet d’une rénovation soignée mettant en valeur son c...",https://www.mubawab-media.com/ad/8/359/852F/h/5_82796661.avif,53,2026-09-30
8420935,Riad Clé en Main – Derb Dabachi,https://www.mubawab.ma/fr/a/8420935/riad-cl%C3%A9-en-main-%E2%80%93-derb-dabachi,Vente,Riad,Marrakech,Médina,430 000 DH,430000,110m²,110,3 Pièces,3 Chambres,3 Salles de bains,"Terrasse, Concierge, Chambre rangement, Meublé, Entre-seul, Salon Marocain, Salon européen, Antenne parabolique, Climatisation, Chauffage central, Sécurité, Double vitrage, Porte blindée, Cuisine équipée, Réfrigérateur, Four, Machine à laver, Micro-ondes","Emplacement et Environnement : Une opportunité rare au cœur de Derb Dabachi, l'une des artères les plus dynamiques, commerçantes et recherchées de la Médina. Situé dans une ruelle calme à deux pas de l'effervescence principale et de la Place Jemaa el-Fna, ce Riad bénéficie d'une localisation stratégique idéale pour le tourisme. Fiche Technique et Caractéristiques : * Parcelle au sol : 62 m² (Titre foncier en règle) * Structure : R1 (Rez-de-cha...",https://www.mubawab-media.com/ad/8/420/935F/h/IMG-20260921-WA0066_83279308.avif,12,2026-09-30
7968594,Très belle villa style riad a Rte de Fes,https://www.mubawab.ma/fr/a/7968594/tr%C3%A8s-belle-villa-style-riad-a-rte-de-fes,Vente,Riad,Marrakech,Autre / Centre,430 000 DH,430000,300m²,300,6 Pièces,4 Chambres,4 Salles de bains,"Jardin, Terrasse, Vue sur les montagnes, Piscine, Concierge, Meublé, Salon Marocain, Salon européen, Cheminée, Climatisation, Cuisine équipée, Réfrigérateur, Four, Machine à laver, Micro-ondes","*Villa de Style Riad à Vendre à Route de Fes* Vente direct propriétaire (sans frais d'agence). Découvrez cette magnifique villa de style riad, située dans la charmante région de Route de Fes. Cette résidence exceptionnelle est une véritable oasis de tranquillité, entourée de palmiers majestueux et d’un cadre enchanteur. *Caractéristiques Principales :* •⁠ ⁠*Chambres :* 4 spacieuses chambres à coucher, chacune offrant un confort inégalé. ...",https://www.mubawab-media.com/ad/7/968/594F/h/Captura%20de%20pantalla%202026-01-20%20a%20las%2016.42.25_81813547.avif,15,2026-09-30
8332653,Grand Riad traditionnelle/Zaouia El Abbassia 250m,https://www.mubawab.ma/fr/a/8332653/grand-riad-traditionnelle-zaouia-el-abbassia-250m,Vente,Riad,Marrakech,Autre / Centre,440 000 DH,440000,250m²,250,8 Pièces,8 Chambres,2 Salles de bains,Terrasse,"Dans la configuration actuelle : Rez-de-chaussée : entrée, patio, 4 pièces, cuisine, WC 1er niveau :4 pièces, cuisine, WC 2e niveau :belle terrasse à aménager Riad bien entretenu à rénover pour créer une habitation de charme. Dans un derb calme et recherché, près des commerces. Possibilité de créer 6 à 7 chambres, chacune avec salle douche/WC. Idéal pour pied-à-terre ou exploitation commerciale. *********************** In its c...",https://www.mubawab-media.com/ad/8/332/653F/h/WhatsApp%20Image%202026-04-14%20at%2016.50.57%20%281%29%20-%20Copie_82275791.avif,11,2026-09-30
8399233,Un Riad d’Exception au Cœur de Medina,https://www.mubawab.ma/fr/a/8399233/un-riad-d%E2%80%99exception-au-c%C5%93ur-de-medina,Vente,Riad,Marrakech,Médina,440 000 DH,440000,200m²,200,5 Pièces,5 Chambres,5 Salles de bains,"Terrasse, Piscine, Concierge, Chambre rangement, Meublé, Salon Marocain, Salon européen, Cheminée, Climatisation, Chauffage central, Cuisine équipée, Réfrigérateur, Four, Machine à laver, Micro-ondes","RIAD À VENDRE – MARRAKECH MEDINA Riad Authentique & Entièrement Opérationnel Une opportunité exceptionnelle d'acquérir un riad entièrement meublé et opérationnel au cœur de la médina historique de Marrakech, l'une des destinations touristiques les plus prestigieuses et recherchées du Maroc. DÉTAILS DE LA PROPRIÉTÉ * Superficie du terrain : 65 m² * Superficie construite : Environ 200 m² * Chambres : 4 chambres, chacune avec une salle de bain p...",https://www.mubawab-media.com/ad/8/399/233F/h/WhatsApp%20Image%202026-08-14%20at%2014.48.54%20%281%29_83044234.avif,14,2026-09-30
8343765,Riad titré kannaria Marrakech,https://www.mubawab.ma/fr/a/8343765/riad-titr%C3%A9-kannaria-marrakech,Vente,Riad,Marrakech,Médina,440 000 DH,440000,255m²,255,6 Pièces,4 Chambres,4 Salles de bains,Climatisation,"DE MARRAKECH Situé dans le quartier très recherché de Kennaria, en plein cœur de la Médina de Marrakech, ce riad titré représente une excellente opportunité, aussi bien pour une résidence secondaire que pour un investissement locatif. Édifié sur une emprise au sol de 85 m², le bien développe environ 255 m² habitables répartis sur plusieurs niveaux, avec une distribution optimisée et fonctionnelle. Le riad se compose de 4 chambres confortables...",https://www.mubawab-media.com/ad/8/343/765F/h/IMG_2923_82394470.avif,9,2026-09-30
8364921,"Riad de charme avec piscine, Rénové facile d'accès",https://www.mubawab.ma/fr/a/8364921/riad-de-charme-avec-piscine-r%C3%A9nov%C3%A9-facile-d-acc%C3%A8s,Vente,Riad,Marrakech,Médina,450 000 DH,450000,150m²,150,5 Pièces,4 Chambres,4 Salles de bains,"Terrasse, Vue sur les montagnes, Piscine, Chambre rangement, Meublé, Salon Marocain, Salon européen, Antenne parabolique, Climatisation, Sécurité, Double vitrage, Porte blindée, Cuisine équipée, Réfrigérateur, Four, Machine à laver, Micro-ondes","[À VENDRE] Riad de charme authentique – Marrakech Médina (Quartier Bab Doukkala) très facile d'accès en voiture. Situé dans un secteur recherché à seulement 20 minutes à pied de la place Jemaa el-Fnaa, ce magnifique riad allie parfaitement charme traditionnel et confort moderne. Superficie au sol : 80 m² Superficie habitable : 150 m² Composition : 4 chambres spacieuses avec salles de bain privatives et espaces salons dédiés. Espaces de vie : Un g...",https://www.mubawab-media.com/ad/8/364/921F/h/cd18f818-e14d-4fd2-8981-1bb50c05ab19.jpg_82664253.avif,23,2026-09-30
8376675,Riad Rénové d'exception à la vendre Marrakech,https://www.mubawab.ma/fr/a/8376675/riad-r%C3%A9nov%C3%A9-d-exception-%C3%A0-la-vendre-marrakech,Vente,Riad,Marrakech,Kasbah,450 000 DH,450000,90m²,90,4 Pièces,3 Chambres,4 Salles de bains,"Terrasse, Piscine","Situé dans le quartier historique et très recherché de la Kasbah, à quelques pas des Tombeaux Saadiens et du Palais El Badi, découvrez ce magnifique riad entièrement rénové. Alliant avec élégance le charme de l'architecture marocaine traditionnelle et le confort moderne, ce bien est une opportunité rare sur le marché. Superficie : 90 m² au sol, idéalement optimisés. Espaces nuit : 3 belles chambres spacieuses, chacune dotée de sa propre salle d...",https://www.mubawab-media.com/ad/8/376/675F/h/WhatsApp%20Image%202026-02-17%20at%2017.57.00%20%284%29_82796740.avif,14,2026-09-30
8192424,Vente maison 388m² 3 appartements proche Jamaâ Fna,https://www.mubawab.ma/fr/a/8192424/vente-maison-388m%C2%B2-3-appartements-proche-jama%C3%A2-fna,Vente,Riad,Marrakech,Autre / Centre,450 000 DH,450000,388m²,388,16 Pièces,9 Chambres,3 Salles de bains,"Terrasse, Garage","L’Agence Immobilière ATLAS TOUAREG vous propose à la vente une maison avec 3 appartement louer en airbnb, Idéalement situé dans le quartier SIDI AYOUBE ( proche la place Jamaâ Fna). A seulement 15 min de la fameuse place Jamaâ El Fna et 2 min de parking. Le Riad Composé de : 1ere Appartement : 3 chambres, SDB en phase final de finition. 2eme Appartement : 3 Chambres, salon, cuisine, SDB. 3eme Appartement : 3 chambres, salon, cuisine, SDB. Terrass...",https://www.mubawab-media.com/ad/8/192/424F/h/WhatsApp%20Image%202025-07-31%20at%2008.25.48_80787515.avif,8,2026-09-30
8373478,Riad à vendre à Kasbah. Superficie 75 m²,https://www.mubawab.ma/fr/a/8373478/riad-%C3%A0-vendre-%C3%A0-kasbah-superficie-75-m%C2%B2,Vente,Riad,Marrakech,Médina,460 000 DH,460000,75m²,75,5 Pièces,4 Chambres,4 Salles de bains,Meublé,"Un Riad clé en main qui ne demande qu'à vous accueillir. Niché dans le quartier prisé de la Kasbah, ce Riad de 4 chambres bénéficie d'un atout rare dans la médina : un accès voiture. Fini les longues marches chargées, vous vous garez à proximité immédiate. Un confort de vie précieux qui change tout au quotidien. À savoir : Ce Riad n'est pas encore titré, il est actuellement en récusition. Une opportunité à saisir pour les acheteurs avisés. Ent...",https://www.mubawab-media.com/ad/8/373/478F/h/photo_0_82758137.avif,11,2026-09-30
8319801,Vente riad 136m² bassin titre à kennaria,https://www.mubawab.ma/fr/a/8319801/vente-riad-136m%C2%B2-bassin-titre-%C3%A0-kennaria,Vente,Riad,Marrakech,Autre / Centre,460 000 DH,460000,136m²,136,7 Pièces,4 Chambres,4 Salles de bains,Terrasse,"L’agence immobilière ATLAS TOUAREG vous propose un Riad titré avec 4 chambres, d’une surface au sol de 85 m² et de 136 m² habitables, idéalement situé dans l’un des meilleurs quartiers à Kennaria Marrakech, à 3 min de la place Jamaâ EL FNA et 2 min du Palais Bahia. Composée de : RDC : Entrée, WC d’invités, salon, cuisine avec salle à manger, chambre avec SDB, patio avec fontaine mural. Etage : 2 chambres avec 2 SDB. Terrasse : chambre...",https://www.mubawab-media.com/ad/8/319/801F/h/WhatsApp%20Image%202026-08-31%20at%2017.43.25_83130378.avif,15,2026-09-30
8418557,Marrakech I Medina,https://www.mubawab.ma/fr/a/8418557/marrakech-i-medina,Vente,Riad,Marrakech,Médina,460 000 DH,460000,,,2 Pièces,2 Chambres,2 Salles de bains,"Terrasse, Meublé, Cheminée, Climatisation","Niché dans l'authenticité de la Kasbah de Marrakech, à 100 mètres des tombeaux Saadiens, ce riad allie charme marocain traditionnel et confort contemporain, pour une parenthèse de sérénité au cœur battant de la ville. Ce riad de 92 m² au sol se compose, au rez-de-chaussée, d'un espace de vie confortable et convivial, avec son patio couvert baigné de lumière par un toit rétractable et sa cheminée pour les soirées d'hiver, entouré d'un espace repa...",https://www.mubawab-media.com/ad/8/418/557F/h/1_83253320.avif,18,2026-09-30
8411629,Somptueux riad à vendre à Moulay Lyazid. 6 chambres. Belle t...,https://www.mubawab.ma/fr/a/8411629/somptueux-riad-%C3%A0-vendre-%C3%A0-moulay-lyazid-6-chambres-belle-terrasse-et-jardin,Vente,Riad,Marrakech,Kasbah,460 000 DH,460000,200m²,200,8 Pièces,6 Chambres,8 Salles de bains,"Jardin, Terrasse, Vue sur les montagnes","Situé dans le quartier pittoresque de la Kasbah à Marrakech, ce riad centenaire offre une opportunité unique pour les amateurs d’histoire et de charme authentique. Avec ses 200 m² de surface, ce riad présente une configuration spacieuse comprenant six chambres et huit salles de bains, idéal pour un projet de rénovation ambitieux. Bien qu'il soit à rénover, le potentiel de cette propriété est immense, permettant de préserver l'authenticité tout en...",https://www.mubawab-media.com/ad/8/411/629F/h/Screenshot_20260907_231357_WhatsAppBusiness_83175648.avif,3,2026-09-30
8296922,"Raid rénover, Bab Doukala",https://www.mubawab.ma/fr/a/8296922/raid-r%C3%A9nover-bab-doukala,Vente,Riad,Marrakech,Autre / Centre,460 000 DH,460000,140m²,140,5 Pièces,5 Chambres,2 Salles de bains,"Terrasse, Meublé, Cuisine équipée","Rez-de-chaussée : entrée, patio avec bassin, ouvert sur le patio, 2 chambres avec salle de douche/WC, cuisine équipée, toilettes invités 1er étage : 3 chambres, salon, chacune avec salle de douche, WC, loggia, coursive 2e étage : spacieuse terrasse, salon et cuisine d’été. Riad rénové avec optimisation de l’espace, belles prestations, matériaux de qualité. Dans un bon quartier et un derb facile d’accès. Vendu meublé et équipé.",https://www.mubawab-media.com/ad/8/296/922F/h/WhatsApp%20Image%202026-02-02%20at%2020.19.33_81898259.avif,9,2026-09-30
8278262,Achetez votre riad à Kennaria. 4 belles chambres. Bien meubl...,https://www.mubawab.ma/fr/a/8278262/achetez-votre-riad-%C3%A0-kennaria-4-belles-chambres-bien-meubl%C3%A9,Vente,Riad,Marrakech,Autre / Centre,460 000 DH,460000,86m²,86,6 Pièces,4 Chambres,5 Salles de bains,"Terrasse, Piscine, Meublé, Salon Marocain, Climatisation, Cuisine équipée, Réfrigérateur, Four, Micro-ondes","Riad idéalement situé. Prix 450 000 EUR. 6 pièces, 5 salles de bains, 86 m². 4 chambres à coucher. Bon état. Revêtement: Carrelage. Propriété entièrement meublée. Venez découvrir ce riad à vendre à Kennaria. Profitez du confort de la climatisation. La résidence dispose également d'une piscine. Spacieux salon marocain traditionnel. Programmez dès maintenant votre visite pour ce riad d'exception à Marrakech. Superbe terrasse. Micro-ondes. Fou...",https://www.mubawab-media.com/ad/8/278/262F/h/DSCF5741_81697523.avif,9,2026-09-30
8419152,Riad neuf 3 suites à Hart Soura Marrakech,https://www.mubawab.ma/fr/a/8419152/riad-neuf-3-suites-%C3%A0-hart-soura-marrakech,Vente,Riad,Marrakech,Médina,463 500 DH,463500,182m²,182,4 Pièces,3 Chambres,3 Salles de bains,"Terrasse, Piscine, Cheminée, Climatisation, Cuisine équipée, Réfrigérateur, Machine à laver","ATLASIMMOBILIER vous propose ce riad neuf achevé en 2026, situé à Hart Soura, dans l’une des parties les plus anciennes et centrales de la médina de Marrakech. Implanté sur 103 m² de terrain, il développe environ 182 m² habitables et se distingue par sa luminosité, son architecture épurée et son patio de 35 m². Un patio lumineux avec bassin Le cœur du riad s’organise autour d’un vaste patio avec bassin de 2,30 x 2,60 m. Le rez-de-chaussée compr...",https://www.mubawab-media.com/ad/8/419/152F/h/marrakech-riad-neuf-patio-bassin-arches_83260013.avif,26,2026-09-30
8393149,Riad titré quartier riad Larousse,https://www.mubawab.ma/fr/a/8393149/riad-titr%C3%A9-quartier-riad-larousse,Vente,Riad,Marrakech,Médina,465 000 DH,465000,75m²,75,10 Pièces,4 Chambres,5 Salles de bains,"Jardin, Terrasse, Garage, Vue sur les montagnes, Piscine, Concierge, Chambre rangement, Salon Marocain, Salon européen, Climatisation, Porte blindée, Machine à laver","Idéalement situé dans le très recherché quartier de Riad Larousse, à quelques pas de la place Riad Larousse, ce riad titré d’environ 80 m² au sol et 220 m2 habitables bénéficie d’un accès voiture à proximité ainsi que de solutions de stationnement, un véritable atout au cœur de la médina. Édifié sur trois niveaux, ce bien se compose de : Rez-de-chaussée et premier étage : • Salon marocain • 4 chambres,(suites avec salles de bain) • Cui...",https://www.mubawab-media.com/ad/8/393/149F/h/IMG_7933_82976548.avif,17,2026-09-30
8385404,Joli Riad titré 3 Chambres bassin Kasbah,https://www.mubawab.ma/fr/a/8385404/joli-riad-titr%C3%A9-3-chambres-bassin-kasbah,Vente,Riad,Marrakech,Médina,470 000 DH,470000,160m²,160,5 Pièces,3 Chambres,3 Salles de bains,"Terrasse, Piscine, Meublé, Salon Marocain, Salon européen, Cheminée, Climatisation, Sécurité, Cuisine équipée, Réfrigérateur, Machine à laver","Scroll-immo.com vous propose à la vente ce riad situé dans le quartier très recherché de la Kasbah, au cœur de la médina de Marrakech, à proximité de Bab Ksiba. D'une superficie au sol de 87m², ce bien représente une opportunité idéale pour un premier investissement à budget maîtrisé. Le riad se compose de : 3 chambres Un grand bassin sur terrasse, véritable atout charme et fraîcheur de ce bien Situé dans l'un des quartiers les plus au...",https://www.mubawab-media.com/ad/8/385/404F/h/file_00000000eb1481f483d08b90f26a27c9_82892146.avif,11,2026-09-30
8363327,Magnifique Riad Boccara à vendre Marrakech,https://www.mubawab.ma/fr/a/8363327/magnifique-riad-boccara-%C3%A0-vendre-marrakech,Vente,Riad,Marrakech,Autre / Centre,475 000 DH,475000,103m²,103,6 Pièces,3 Chambres,4 Salles de bains,"Vue sur les montagnes, Meublé, Salon Marocain, Salon européen, Antenne parabolique, Cheminée, Climatisation, Sécurité, Cuisine équipée, Réfrigérateur, Four, Machine à laver, Micro-ondes","Wow! C'est un Riad spécial dans un emplacement idéal. Et à un prix d'investissement très raisonnable. J'aime l'ambiance créée par l'architecte célèbre Charles Boccara. C'est intime mais éloquent. Charmantement marocain mais résolument habitable. Dans l'ensemble, c'est un endroit simplement magnifique, que ce soit pour votre maison et/ou comme un investissement locatif. Ne manquez pas celui-ci! Situé stratégiquement à Berima, ce Charmant Riad...",https://www.mubawab-media.com/ad/8/363/327F/h/3b936c43-edd8-4656-a201-2c7d58e0edbe_82621592.avif,20,2026-09-30
8375571,Raid 198m2 au sol a Renover Raid zitoun jedid,https://www.mubawab.ma/fr/a/8375571/raid-198m2-au-sol-a-renover-raid-zitoun-jedid,Vente,Riad,Marrakech,Médina,475 000 DH,475000,198m²,198,3 Pièces,7 Chambres,2 Salles de bains,"Terrasse, Vue sur mer, Vue sur les montagnes","Riad 198m² au sol à Rénover – Double Potentiel à raid zitoun (jdid) Un bien pour les amateurs de la médina comme pour les investisseurs, situé dans le quartier vivant et central de Raid zitoun jedid à seulement 6 minutes à pied de Jamaa el Fna. Pour les amoureux de la médina. Ce riad est idéal pour être transformé en résidence principale ou secondaire de caractère, avec ses espaces ouverts et son charme traditionnel à valoriser. Grâce à une réno...",https://www.mubawab-media.com/ad/8/375/571F/h/WhatsApp%20Image%202026-07-01%20at%2021.12.13%20%287%29_82784256.avif,10,2026-09-30
8192091,Riad 4 chambres situé dans la Kasbah,https://www.mubawab.ma/fr/a/8192091/riad-4-chambres-situ%C3%A9-dans-la-kasbah,Vente,Riad,Marrakech,Kasbah,480 000 DH,480000,184m²,184,6 Pièces,4 Chambres,,"Meublé, Cheminée","Riad 4 chambres situé dans la Kasbah vous propose ce charmant Riad de 92 m² au sol, situé dans le quartier prisé de la Kasbah, offrant une atmosphère authentique et chaleureuse. Au rez-de-chaussée, découvrez une entrée accueillante menant à un vaste patio, agrémenté d'un espace repas convivial, ainsi qu'un coin salon chaleureux avec cheminée. Vous y trouverez également une cuisine semi-ouverte, accompagnée d'une buanderie pratique. À l'étage...",https://www.mubawab-media.com/ad/8/192/091F/h/98d2b6d60a87b3e22a6d725b87dbd8ae_80783150.avif,25,2026-09-30
8301617,Deux riads à bab Aylan,https://www.mubawab.ma/fr/a/8301617/deux-riads-%C3%A0-bab-aylan,Vente,Riad,Marrakech,Autre / Centre,480 000 DH,480000,292m²,292,7 Pièces,7 Chambres,6 Salles de bains,"Meublé, Salon Marocain, Cheminée, Cuisine équipée, Réfrigérateur","Deux riads en vente. Le premier fonctionnait comme un hôtel 4 étoiles. Tous ses détails sont réalisés dans un artisanat traditionnel authentique. Le rez-de-chaussée comprend 3 salons, une cuisine et une salle de bain. Le premier étage dispose de 4 chambres, chacune avec sa propre salle de bain, ainsi qu’une suite royale avec sa salle de bain privée. Le deuxième riad possède le même design, mais la construction n’est pas encore terminée. Il dis...",https://www.mubawab-media.com/ad/8/301/617F/h/photo_0_81948951.avif,12,2026-09-30
8344963,À vendre Riad au quartier de la Kasbah à Marrakech,https://www.mubawab.ma/fr/a/8344963/%C3%A0-vendre-riad-au-quartier-de-la-kasbah-%C3%A0-marrakech,Vente,Riad,Marrakech,Médina,480 000 DH,480000,170m²,170,6 Pièces,3 Chambres,3 Salles de bains,"Terrasse, Salon européen, Climatisation, Cuisine équipée, Réfrigérateur, Four, Machine à laver, Micro-ondes","D'une surface de 86 m² au sol pour environ 170 m² habitables, ce bien se compose d'un grand salon, d'une vaste cuisine ouverte sur la salle à manger et d'un patio couvert, 3 chambres, chacune avec sa propre salle de douche, grande terrasse avec une vue dégagée sur le palais et les toits de la médina. Ce riad représente une opportunité idéale pour un investissement en location de courte durée ou pour un pied-à-terre",https://www.mubawab-media.com/ad/8/344/963F/h/0_0025_82407443.avif,12,2026-09-30
8342673,Riad meublé à vendre – médina de marrakech,https://www.mubawab.ma/fr/a/8342673/riad-meubl%C3%A9-%C3%A0-vendre-%E2%80%93-m%C3%A9dina-de-marrakech,Vente,Riad,Marrakech,Médina,480 000 DH,480000,200m²,200,5 Pièces,4 Chambres,4 Salles de bains,"Terrasse, Meublé, Entre-seul, Salon Marocain, Salon européen, Antenne parabolique, Climatisation, Chauffage central, Porte blindée, Cuisine équipée, Réfrigérateur, Four, Machine à laver","L’Immobilier Sans Frontières vous propose à la vente ce Riad meublé situé au cœur de la Médina de Marrakech, dans un emplacement recherché pour l’activité touristique. Le bien est entièrement fonctionnel, ce qui en fait une opportunité intéressante pour un investissement prêt à l’emploi. La superficie du terrain est de 65 m², avec une surface construite d’environ 200 m². Ce Riad se compose de : Salon principal – Séjour avec salle à manger – Pat...",https://www.mubawab-media.com/ad/8/342/673F/h/0%20image%20a%20la%20une%20_82382609.avif,32,2026-09-30
8373769,Vente riad titré avec bassin au quartier kasbah,https://www.mubawab.ma/fr/a/8373769/vente-riad-titr%C3%A9-avec-bassin-au-quartier-kasbah,Vente,Riad,Marrakech,Médina,490 000 DH,490000,139m²,139,3 Pièces,3 Chambres,3 Salles de bains,"Terrasse, Garage, Cheminée","Emplacement stratégique au cœur du quartier prestigieux de la Médina la Kasbah, à proximité des sites historiques (Palais Badiâ, Tombeaux Saadiens, Palais Royal…) et à seulement 10 min à pied de la Place Jamaâ El Fna, avec accès de voiture facile et parking à proximité. Ce Riad représente une excellente opportunité d’investissement, avec tout le confort nécessaire. Composé de : RDC : Entrée, WC d’invité, cuisine ouverte salle mangé, salon avec ch...",https://www.mubawab-media.com/ad/8/373/769F/h/IMG_6388_82761639.avif,19,2026-09-30
8393487,Palmeraie Villa Riad 3chambres piscine,https://www.mubawab.ma/fr/a/8393487/palmeraie-villa-riad-3chambres-piscine,Vente,Riad,Marrakech,Palmeraie,490 000 DH,490000,338m²,338,5 Pièces,3 Chambres,3 Salles de bains,"Terrasse, Garage, Piscine, Meublé, Salon européen, Cheminée, Climatisation, Cuisine équipée, Réfrigérateur, Four, Machine à laver, Micro-ondes","Au cœur de la Palmeraie, au sein d'une résidence privée sécurisée avec conciergerie, cette élégante villa-riad de trois suites offre un concept rare : le confort d'une villa associé au charme authentique d'un riad marocain. Organisée autour d'un magnifique patio avec piscine privée, véritable cœur de la maison, elle bénéficie d'une belle luminosité et d'une parfaite intimité. Les espaces de vie comprennent un vaste salon avec cheminée, un salon b...",https://www.mubawab-media.com/ad/8/393/487F/h/Picture-87252101-1-watermark_82980479.avif,19,2026-09-30
8392788,Superbe Riad a vendre 250 m2 dar el bacha titré,https://www.mubawab.ma/fr/a/8392788/superbe-riad-a-vendre-250-m2-dar-el-bacha-titr%C3%A9,Vente,Riad,Marrakech,Médina,495 000 DH,495000,250m²,250,7 Pièces,4 Chambres,3 Salles de bains,"Terrasse, Piscine, Chambre rangement, Meublé, Salon Marocain, Climatisation, Sécurité, Cuisine équipée, Réfrigérateur, Four","SUPERBE RIAD A VENDRE TITRÉ 117 m2 au sol - 4 CHAMBRES Laarouss & Dar el bacha Medina Marrakech Fort rendement locatif Entièrement Rénové Neuf, Équipé et Décoré avec soins Clef en Main : (plomberie, électricité, murs enduit, sol, faux plafond, plâtre, portes et fenêtres, boiseries, carrelage, peinture ...) - Riad de 4 belles chambres avec salle de bain privative et climatisation - WC invité, entrée , piscine bassin chauffée, grand patio aména...",https://www.mubawab-media.com/ad/8/392/788F/h/file_00000000f148820caec0abc2e95c5294_83277340.avif,21,2026-09-30
8359285,Ben Salah Jewel Riad à vendre à Marrakech,https://www.mubawab.ma/fr/a/8359285/ben-salah-jewel-riad-%C3%A0-vendre-%C3%A0-marrakech,Vente,Riad,Marrakech,Autre / Centre,495 000 DH,495000,114m²,114,6 Pièces,3 Chambres,4 Salles de bains,"Piscine, Meublé, Salon européen, Cheminée, Climatisation, Cuisine équipée, Réfrigérateur","Ce Ben Salah Jewel Riad à vendre à Marrakech est une véritable beauté. Avec une surface de 114m² de titre de propriété en pleine propriété, vous obtenez plus de 300m² d'espace de vie. L'architecture et le design sont remarquables. Il est lumineux et super mignon. Les trois chambres en suite sont chacune confortables et bénéficient de beaucoup de lumière naturelle. La cour est magnifique - surplombée par une majestueuse Bougainvilliers en pleine f...",https://www.mubawab-media.com/ad/8/359/285F/h/57d65dcb-b6d4-4ec3-b47d-07f7fd1409e4_82565417.avif,23,2026-09-30
8418791,Riyad Omid – projet neuf dans la Médina,https://www.mubawab.ma/fr/a/8418791/riyad-omid-%E2%80%93-projet-neuf-dans-la-m%C3%A9dina,Vente,Riad,Marrakech,Médina,500 000 DH,500000,158m²,158,4 Pièces,3 Chambres,3 Salles de bains,,"Riyad Omid est un projet de reconstruction d’un riad privé au cœur de la médina de Marrakech, dans le quartier de Zaouia El Abbassia. L’adresse exacte est communiquée uniquement aux personnes sérieusement intéressées. Le projet prévoit trois chambres, trois salles de bains et un WC indépendant au rez-de-chaussée. Il comprend un salon, une cuisine sur mesure, un patio avec bassin et une terrasse sur le toit avec jacuzzi maçonné prévu. Le design...",https://www.mubawab-media.com/ad/8/418/791F/h/Codex-Bild_13._Sept._2026__09_03_27_83255957.avif,13,2026-09-30
8402666,Riad titré de 130 m2 au sol Riad zitoune,https://www.mubawab.ma/fr/a/8402666/riad-titr%C3%A9-de-130-m2-au-sol-riad-zitoune,Vente,Riad,Marrakech,Riad Zitoun,500 000 DH,500000,127m²,127,9 Pièces,4 Chambres,5 Salles de bains,"Terrasse, Vue sur les montagnes, Piscine, Chambre rangement, Meublé, Salon Marocain, Salon européen, Climatisation, Chauffage central, Cuisine équipée, Réfrigérateur, Four, Machine à laver, Micro-ondes","Idéalement situé dans le quartier très prisé de Riad Zitoun, entre le palais Bahia et la place Jemaa el-Fna, ce riad titré développe environ 130 m² au sol. Il dispose de quatre chambres et quatre salles de bain. Au rez-de-chaussée : un espace salle à manger, un coin salon, une cuisine, un WC avec douche pour les invités, un grand espace de rangement et un bassin dans le patio. Au premier étage : quatre belles suites avec salle de bain et...",https://www.mubawab-media.com/ad/8/402/666F/h/IMG_8194_83079447.avif,21,2026-09-30
8359231,Emplacement Prime Medina Riad à Vendre Marrakech,https://www.mubawab.ma/fr/a/8359231/emplacement-prime-medina-riad-%C3%A0-vendre-marrakech,Vente,Riad,Marrakech,Médina,500 000 DH,500000,108m²,108,5 Pièces,4 Chambres,5 Salles de bains,,"Emplacement Prime Medina Riad à Vendre Marrakech. Superficie de 108m2 dans une rue qui voit des milliers de personnes chaque jour. Juste à côté de Dar El Bacha et juste en face du centre religieux Sidi Abdelaziz. Emplacement absolument fabuleux pour vos locaux commerciaux - restaurant, concept store, etc. Vous pouvez ouvrir une vitrine sur cette rue à fort trafic. Waouh ! Le rez-de-chaussée, le premier étage et la terrasse vous offrent plus de 22...",https://www.mubawab-media.com/ad/8/359/231F/h/46349758-0249-4379-a7e4-64a4c5c79b2c_82564568.avif,12,2026-09-30
8410638,Riad à vendre à Marrakech – Proche de Jemaa el Fna,https://www.mubawab.ma/fr/a/8410638/riad-%C3%A0-vendre-%C3%A0-marrakech-%E2%80%93-proche-de-jemaa-el-fna,Vente,Riad,Marrakech,Médina,500 000 DH,500000,322m²,322,9 Pièces,7 Chambres,6 Salles de bains,"Salon Marocain, Salon européen","Riad à vendre à Marrakech – Proche de Jemaa el-Fna À vendre, charmant riad idéalement situé au cœur de la médina de Marrakech, à proximité immédiate de la célèbre place Jemaa el-Fna. Le riad est en très bon état général et conserve le charme de l’architecture traditionnelle marocaine. Il nécessite néanmoins quelques travaux de réfection et de rafraîchissement, offrant ainsi au futur acquéreur la possibilité de le personnaliser et de valoris...",https://www.mubawab-media.com/ad/8/410/638F/h/WhatsApp_Image_2026-09-05_at_22.28.31__4__83164948.avif,16,2026-09-30
8123061,Vente riad pour projet restaurent à sidi Abdelaziz,https://www.mubawab.ma/fr/a/8123061/vente-riad-pour-projet-restaurent-%C3%A0-sidi-abdelaziz,Vente,Riad,Marrakech,Médina,500 000 DH,500000,170m²,170,7 Pièces,4 Chambres,2 Salles de bains,"Terrasse, Machine à laver","Notre Agence Immobilière ATLAS TOUAREG spécialiste à la médina de Marrakech, vous propose à découvrez ce magnifique Riad traditionnel Réquisition. Idéal pour transformez à un projet commercial (restaurent, spa, bazar…) ou un rendement locatif, ce Riad est une opportunité rare dans un secteur en plein essor, Alliant le charme traditionnel marocain, d’une superficie habitable de 170m² et 108m² au sol. Niché au cœur de la médina à quartier sidi Abde...",https://www.mubawab-media.com/ad/8/123/061F/h/WhatsApp%20Image%202025-04-08%20at%2017.46.37%20%282%29_80077247.avif,11,2026-09-30
8150784,"RIAD ZITOUN JDID, spacieux riad à rénover",https://www.mubawab.ma/fr/a/8150784/riad-zitoun-jdid-spacieux-riad-%C3%A0-r%C3%A9nover,Vente,Riad,Marrakech,Riad Zitoun,500 000 DH,500000,300m²,300,8 Pièces,6 Chambres,3 Salles de bains,Terrasse,"173 m2 au sol. Dans la configuration actuelle : Rez-de-chaussée : entrée, patio arboré, 2 grandes pièces, 2 pièces, cuisine, WC 1er étage : 2 grandes pièces, 2 pièces, coursive, loggia 2e niveau : spacieuse terrasse à aménager pour solarium, cuisine d’été. *** Riad traditionnel sain et de charme à rénover. Dans un quartier recherché et dans derb calme. Possibilité de créer 6 chambres, chacune avec salle de douche/WC. ***",https://www.mubawab-media.com/ad/8/150/784F/h/1%20Sidi%20Fares_80355468.avif,11,2026-09-30
7892824,KASBAH beau riad titré rénové,https://www.mubawab.ma/fr/a/7892824/kasbah-beau-riad-titr%C3%A9-r%C3%A9nov%C3%A9,Vente,Riad,Marrakech,Kasbah,500 000 DH,500000,190m²,190,6 Pièces,5 Chambres,5 Salles de bains,"Terrasse, Meublé, Cheminée, Climatisation, Cuisine équipée","107 m2 au sol. Rez-de-chaussée : entrée, patio sol marbre, salon avec cheminée, 1 chambre avec salle de douche/WC, cuisine équipée, WC 1er étage : 3 chambres avec leur salle de douche/WC, coursive 2e étage : terrasse, 1 chambre avec salle de douche/WC, solarium, cuisine d’été, buanderie, sur-terrasse. Couverture patio électrifiée. *** Riad 3 côtés, excellent état, confortable, sans travaux, vendu équipé. Pour habitation ou exploitation...",https://www.mubawab-media.com/ad/7/892/824F/h/1%20Sharig%20G_72189200.avif,17,2026-09-30
8330915,"Terrain, Titré Au Cœur De la Médina 235m2",https://www.mubawab.ma/fr/a/8330915/terrain-titr%C3%A9-au-c%C5%93ur-de-la-m%C3%A9dina-235m2,Vente,Riad,Marrakech,Médina,500 000 DH,500000,235m²,235,,,,,"Situé au cœur de la Médina, à Douar Garoua, ce Terrain de 235m2 Offre un emplacement authentique et recherché. Idéal pour un projet de Riad, Maison d’hôtes ou Airbnb, Il présente un excellent potentiel d’investissement et de valorisation dans un secteur touristique Très attractif. Located in the heart of the Medina, in Douar Grawa, this 235 m² plot offers an authentic and highly sought-after location. Ideal for a riad project, guest house, or...",https://www.mubawab-media.com/ad/8/330/915F/h/WhatsApp%20Image%202026-04-10%20at%2012.25.47%20%281%29_82257893.avif,6,2026-09-30
8289007,"Raid rénover, Berima entre palais Bahia et badie",https://www.mubawab.ma/fr/a/8289007/raid-r%C3%A9nover-berima-entre-palais-bahia-et-badie,Vente,Riad,Marrakech,Koutoubia,500 000 DH,500000,175m²,175,5 Pièces,5 Chambres,3 Salles de bains,"Terrasse, Meublé","Dans la configuration actuelle : Rez-de-chaussée : chambre avec douche/WC , patio avec bassin, salle a manger ouverts, cuisine, WC. 1 : étage : 3 chambres chacune avec salle douche/WC, coursive. 2 : étage : 1 chambre avec salle douche/WC , belle terrasse avec vue sur atlas et koutoubia . Ce Riad rénover climatisé, vendu meuble avec vaisselle at linge de maison. A 10 mn de jemaa el fena , a coûté de palais Bahia et palais Badie...",https://www.mubawab-media.com/ad/8/289/007F/h/WhatsApp%20Image%202026-01-20%20at%2011.08.59_81812041.avif,3,2026-09-30
8289621,Riad de charme avec maisonnette attenante,https://www.mubawab.ma/fr/a/8289621/riad-de-charme-avec-maisonnette-attenante,Vente,Riad,Marrakech,Autre / Centre,500 000 DH,500000,147m²,147,7 Pièces,7 Chambres,3 Salles de bains,Terrasse,"Riad titré, idéalement situé dans le quartier prisé de Riad Zitoune, au cœur d’une rue dédiée aux riads hôteliers. Constructions solides en dur et béton Grande terrasse ensoleillée, parfaite pour se détendre ou recevoir Environnement authentique et touristique, idéal pour un projet de résidence ou d’investissement. Nous privilégions une transaction directe avec l’acquéreur, sans intermédiaire",https://www.mubawab-media.com/ad/8/289/621F/h/2_82336015.avif,1,2026-09-30
8328642,Riad 5 chambres Sidi Mimoune,https://www.mubawab.ma/fr/a/8328642/riad-5-chambres-sidi-mimoune,Vente,Riad,Marrakech,Médina,515 000 DH,515000,66m²,66,6 Pièces,5 Chambres,,"Terrasse, Piscine, Cuisine équipée","Vaneau Maroc vous propose à la vente un magnifique riad idéalement situé dans la médina, dans le quartier recherché de Sidi Mimoune, à proximité immédiate du Palais Royal. Édifié sur un terrain de 66 m², ce bien de charme allie authenticité et prestations haut de gamme. Niché au cœur de la médina de Marrakech, ce riad séduit par son agencement raffiné et ses prestations dédiées au bien-être. Dès l’entrée, un hall s’ouvre sur un patio lumineux su...",https://www.mubawab-media.com/ad/8/328/642F/h/34d4adf02b322096033365b31935009b_82233841.avif,33,2026-09-30
8378430,Joli Riad 4 chambres à Bab Doukala,https://www.mubawab.ma/fr/a/8378430/joli-riad-4-chambres-%C3%A0-bab-doukala,Vente,Riad,Marrakech,Autre / Centre,515 000 DH,515000,170m²,170,5 Pièces,4 Chambres,4 Salles de bains,"Jardin, Terrasse, Chauffage central, Cuisine équipée","L'agence immobilière Vaneau Maroc vous propose à la vente ce très joli riad dans le quartier recherché de Bab Doukala. Entièrement rénové, ce riad se compose d'un joli patio avec un coin repas et salon, une chambre avec salle de bain privative et une cuisine. À l'étage les trois autres chambres, un salon et une petite fontaine. Pour finir le toit-terrasse avec une cuisine d'été, un salon sous pergola et un joli coin solarium. Le riad est déjà...",https://www.mubawab-media.com/ad/8/378/430F/h/99740e2ed48ec2592d7765af3b28a0ee_94bb290d35_700-big_82816224.avif,22,2026-09-30
8341127,"Riad 4 chambres clé en main, quartier Kasbah",https://www.mubawab.ma/fr/a/8341127/riad-4-chambres-cl%C3%A9-en-main-quartier-kasbah,Vente,Riad,Marrakech,Médina,515 000 DH,515000,,,5 Pièces,4 Chambres,4 Salles de bains,"Meublé, Salon Marocain, Cuisine équipée","Situé dans le quartier très recherché de la Kasbah, ce riad bénéficie d’un emplacement stratégique au cœur de la médina de Marrakech, particulièrement prisé pour la location courte durée et les projets touristiques. Entièrement meublé et équipé, ce bien est exploitable immédiatement et représente une excellente opportunité pour un investisseur recherchant rendement et emplacement premium. Caractéristiques : • 4 chambres • Très bo...",https://www.mubawab-media.com/ad/8/341/127F/h/1_82364867.avif,12,2026-09-30
8349203,Marrakech I Medina,https://www.mubawab.ma/fr/a/8349203/marrakech-i-medina,Vente,Riad,Marrakech,Médina,520 000 DH,520000,160m²,160,4 Pièces,4 Chambres,4 Salles de bains,"Terrasse, Meublé","Niché au cœur du quartier historique de la Kasbah, ce riad bénéficie d'un emplacement d'exception alliant prestige patrimonial et praticité avec un accès voiture direct devant la porte, un atout rare dans la médina. Sur une surface au sol de 75 m², ce riad de quatre chambres offre un cadre de vie intime et soigné, à deux pas des monuments emblématiques de la Kasbah, la mosquée éponyme, le Palais Badi et les Tombeaux Saadiens. Le quartier, appréc...",https://www.mubawab-media.com/ad/8/349/203F/h/1_82456043.avif,17,2026-09-30
8388329,Boutique Zitoune Riad à vendre Marrakech,https://www.mubawab.ma/fr/a/8388329/boutique-zitoune-riad-%C3%A0-vendre-marrakech,Vente,Riad,Marrakech,Autre / Centre,520 000 DH,520000,75m²,75,4 Pièces,4 Chambres,5 Salles de bains,"Piscine, Meublé, Climatisation, Cuisine équipée","Emplacement fabuleux du Riad Zitoune Lkdim et situé sur 75m2 de terrain en pleine propriété, ce Riad de 4 suites à vendre Marrakech s'étend sur 4 niveaux. Design intérieur fabuleux et en parfait état dans l'ensemble. Idéal comme votre pied à terre et comme investissement locatif à court terme. Excellent rapport qualité-prix à seulement 520,000",https://www.mubawab-media.com/ad/8/388/329F/h/14_82924278.avif,16,2026-09-30
8393442,Riad rénové titré à vendre Riad Zitoun,https://www.mubawab.ma/fr/a/8393442/riad-r%C3%A9nov%C3%A9-titr%C3%A9-%C3%A0-vendre-riad-zitoun,Vente,Riad,Marrakech,Médina,530 000 DH,530000,210m²,210,5 Pièces,4 Chambres,4 Salles de bains,"Terrasse, Piscine, Cuisine équipée","Riad rénové titré à vendre – 210 m² – 4 chambres – Riad Zitoun, Médina de Marrakech Découvrez ce magnifique riad titré de 210 m², entièrement rénové dans un style contemporain sublimé par le charme de l'architecture marocaine. Situé au cœur du prestigieux quartier de Riad Zitoun, l'un des secteurs les plus recherchés de la Médina de Marrakech, il bénéficie d'un emplacement privilégié à proximité des principaux sites historiques, des restaurants...",https://www.mubawab-media.com/ad/8/393/442F/h/634269690_82979941.avif,16,2026-09-30
8186535,Beau Riad titre a Riad Larouss,https://www.mubawab.ma/fr/a/8186535/beau-riad-titre-a-riad-larouss,Vente,Riad,Marrakech,Autre / Centre,530 000 DH,530000,250m²,250,7 Pièces,5 Chambres,4 Salles de bains,"Terrasse, Garage, Vue sur les montagnes, Piscine, Salon Marocain, Climatisation, Cuisine équipée, Réfrigérateur, Four, Machine à laver, Micro-ondes","La Cible Immobilier vous propose un magnifique riad d'une superficie de 94 m² au sol, environ 250 M2 habitable . Merveilleusement bien placé à riad Larouss (côté souks, et à deux minutes du parking.) Le rez-de-chaussée comprend une grande piscine, une salle à manger, une cuisine américaine équipé et un salon avec bar.. Le premier étage comprend trois chambres spacieux avec salles de bains privatives. Le deuxième étage abrite deux chambres, éga...",https://www.mubawab-media.com/ad/8/186/535F/h/1000215906_80741020.avif,28,2026-09-30
8112315,Wonderful Sidi Mimoun Riad For Sale Marrakech,https://www.mubawab.ma/fr/a/8112315/wonderful-sidi-mimoun-riad-for-sale-marrakech,Vente,Riad,Marrakech,Autre / Centre,530 000 DH,530000,123m²,123,6 Pièces,5 Chambres,3 Salles de bains,,"Wonderful Sidi Mimoun Riad For Sale Marrakech. This exceptional Riad offers a generous 123m² freehold title footprint, providing nearly 400m² of living space. Built in 2016 by a German couple as their home away from home, the property is in excellent condition, with high-quality materials and structural integrity throughout. Furthermore, the Riad features a spacious living area, a modern kitchen, a guest toilet, and five bedrooms. Ideally located...",https://www.mubawab-media.com/ad/8/112/315F/h/9-1200x1000_79967360.avif,17,2026-09-30
8291900,Magnifique Riad 3 chambres Proche Dar el Bacha,https://www.mubawab.ma/fr/a/8291900/magnifique-riad-3-chambres-proche-dar-el-bacha,Vente,Riad,Marrakech,Médina,530 000 DH,530000,200m²,200,5 Pièces,3 Chambres,2 Salles de bains,"Terrasse, Vue sur les montagnes, Piscine, Meublé, Salon européen, Climatisation, Cuisine équipée, Réfrigérateur, Four, Machine à laver","A 3 min du musée Dar el Bacha, avec une dépose voiture à 30m, découvrez ce très joli riad rénové récemment exploité en privatif. Vous trouverez un joli patio, 3 chambres pour 6 personnes au total, 2 sdb, une cuisine toute équipée, une salle à manger, un salon. Sur la terrasse, profitez d'un coin salon, d'un bassin avec vue sur la médina et les montagnes. Idéal pour du locatif avec très bon rendement et en même temps votre pied à terre Marrakchi e...",https://www.mubawab-media.com/ad/8/291/900F/h/DSC04161_82545196.avif,12,2026-09-30
8378431,Très beau riad de 4 chambres Kasbah,https://www.mubawab.ma/fr/a/8378431/tr%C3%A8s-beau-riad-de-4-chambres-kasbah,Vente,Riad,Marrakech,Kasbah,535 000 DH,535000,180m²,180,6 Pièces,4 Chambres,4 Salles de bains,"Terrasse, Piscine, Meublé, Chauffage central, Cuisine équipée","L'agence immobilière Vaneau Maroc vous propose à la vente ce joli riad. Nichée au cœur de la Kasbah, le riad incarne l’élégance discrète et le raffinement d’une demeure d’exception, pensée pour accueillir jusqu’à 8 hôtes dans un cadre intimiste et exclusif. Dès l’entrée, le rez-de-chaussée dévoile des volumes harmonieux où chaque détail a été soigneusement étudié : une cuisine entièrement équipée aux finitions soignées, des toilettes invités, u...",https://www.mubawab-media.com/ad/8/378/431F/h/b61417e10a9430813d5cf6b9078fb85b_fc44ba88ac_720-big_82816244.avif,28,2026-09-30
8420825,Superbe Riad Clé en Main Dar El Bacha / Riad laarouss 540k e...,https://www.mubawab.ma/fr/a/8420825/superbe-riad-cl%C3%A9-en-main-dar-el-bacha-riad-laarouss-540k-euros,Vente,Riad,Marrakech,Médina,540 000 DH,540000,120m²,120,4 Pièces,4 Chambres,5 Salles de bains,"Terrasse, Vue sur les montagnes, Piscine, Meublé, Salon européen, Climatisation, Chauffage central, Cuisine équipée, Réfrigérateur, Four, Machine à laver, Micro-ondes","Riad Titré Entièrement Rénové – Laarouss / Dar El Bacha Beau riad titré de 120 m², idéalement situé dans le secteur prisé de Laarouss / Dar El Bacha dans la médina de Marrakech. La propriété a été entièrement rénovée et est vendue clé en main, avec des finitions de haute qualité tout au long, y compris la plomberie et l'électricité rénovées, les revêtements de sol, le plâtre, les faux plafonds, les portes et fenêtres, la menuiserie, le carrelag...",https://www.mubawab-media.com/ad/8/420/825F/h/photo_00_83278064.avif,25,2026-09-30
8378348,Beau riad de 4 chambres à coté palais El Badi,https://www.mubawab.ma/fr/a/8378348/beau-riad-de-4-chambres-%C3%A0-cot%C3%A9-palais-el-badi,Vente,Riad,Marrakech,Autre / Centre,540 000 DH,540000,190m²,190,6 Pièces,4 Chambres,4 Salles de bains,"Terrasse, Vue sur les montagnes, Meublé, Chauffage central, Cuisine équipée","L'agence immobilière Vaneau Maroc vous propose à la vente ce joli riad situé à 3 minutes de la place des Ferblantiers et de tous ses commerces. Ce riad entièrement rénové, d’une surface au sol de 90 m², se compose au rez-de-chaussée d’un patio, d’une cuisine équipée, d’un beau salon ainsi que d’une chambre avec sa salle de bains privative. Le premier étage est consacré à l’espace nuit, avec trois chambres supplémentaires, chacune disposant de s...",https://www.mubawab-media.com/ad/8/378/348F/h/ee46c5b1da8ee0e1eb2d5165a59a22c8_731e1982ec_1920-big_82814863.avif,33,2026-09-30
8326509,Beau riad de 4 chambres à coté palais El Badi,https://www.mubawab.ma/fr/a/8326509/beau-riad-de-4-chambres-%C3%A0-cot%C3%A9-palais-el-badi,Vente,Riad,Marrakech,Autre / Centre,540 000 DH,540000,190m²,190,,4 Chambres,4 Salles de bains,Cuisine équipée,"Beau riad de 4 chambres à coté palais El Badi Ce joli riad situé à 3 minutes de la place des Ferblantiers et de tous ses commerces. Ce riad entièrement rénové, d’une surface au sol de 90 m², se compose au rez-de-chaussée d’un patio, d’une cuisine équipée, d’un beau salon ainsi que d’une chambre avec sa salle de bains privative. Le premier étage est consacré à l’espace nuit, avec trois chambres supplémentaires, chacune disposant de sa propre sa...",https://www.mubawab-media.com/ad/8/326/509F/h/7687001ba7bb42e8c6ec3c4f2dfe139b_82210900.avif,20,2026-09-30
8403922,Vente riad titré avec bassin a arset el malak,https://www.mubawab.ma/fr/a/8403922/vente-riad-titr%C3%A9-avec-bassin-a-arset-el-malak,Vente,Riad,Marrakech,Médina,550 000 DH,550000,190m²,190,8 Pièces,4 Chambres,4 Salles de bains,"Terrasse, Cuisine équipée","L’Agence Immobilière ATLAS TOUAREG vous présente ce Riad titré d’une superficie au sol de 119m² et superficie habitable de 190m², doté de 4 chambres, Idéalement situé au cœur de la médina de Marrakech au quartier ARSET EL MALAK (plus proche du Riad Laarous) A seulement 10 min de la place Jamaâ El Fna, 5 min du souk El Mouassine et 5min du la place des épices, avec un accès voiture jusqu’à l’entrée du Riad. Composé de : RDC : WC invités, chambre a...",https://www.mubawab-media.com/ad/8/403/922F/h/IMG_3368_83092045.avif,17,2026-09-30
8255747,Superb Historical Riad For Sale Marrakech,https://www.mubawab.ma/fr/a/8255747/superb-historical-riad-for-sale-marrakech,Vente,Riad,Marrakech,Autre / Centre,550 000 DH,550000,100m²,100,5 Pièces,4 Chambres,2 Salles de bains,,"n a quiet street in the tourist friendly Kaat Ben Hiad quarter, close to Riad Star, the Foundouk restaurant, The Museum of Moroccan Elegance, the Storytelling Café and many more attractions, and just 4 minutes easy stroll to the Ben Youssef Madrassa and the great souks, this historic Riad is an amazing opportunity. It has been in the same hands since 2001 and the owners are selling reluctantly due to family committments. 100m2 of freehold footpri...",https://www.mubawab-media.com/ad/8/255/747F/h/1d5d9dd2-d18a-4d4a-a300-2e7fb727f514_81444468.avif,14,2026-09-30
8265802,"Riad d’Exception – 4 Suites & Bassin Intérieur, entre Bab Ta...",https://www.mubawab.ma/fr/a/8265802/riad-d%E2%80%99exception-%E2%80%93-4-suites-bassin-int%C3%A9rieur-entre-bab-taghazout-et-diour-saboune,Vente,Riad,Marrakech,Autre / Centre,550 000 DH,550000,129m²,129,6 Pièces,4 Chambres,4 Salles de bains,Meublé,"Découvrez ce magnifique riad de 119 m², véritable écrin de sérénité au cœur d’un quartier prisé. Alliant charme marocain et confort moderne, il se compose de 4 suites lumineuses et élégamment aménagées, parfaites pour accueillir famille ou amis lors de réceptions inoubliables. En son centre, un bassin intérieur apporte fraîcheur et quiétude, tandis que les équipements contemporains assurent un bien-être au quotidien. L’accès en voiture est aisé...",https://www.mubawab-media.com/ad/8/265/802F/h/photo_0_81561072.avif,15,2026-09-30
8347613,Riad de 207m2 au sol à Mouassine,https://www.mubawab.ma/fr/a/8347613/riad-de-207m2-au-sol-%C3%A0-mouassine,Vente,Riad,Marrakech,Autre / Centre,550 000 DH,550000,207m²,207,8 Pièces,4 Chambres,2 Salles de bains,"Terrasse, Garage","Riad Titré à Rénover – 207 m² au sol – Fort Potentiel (Mouassine) À vendre Riad avec une superficie au sol de 207 m², idéalement situé dans un derb facile d’accès au cœur de Mouassine (Parking proche). Configuration actuelle : RDC : Entrée, patio, 2 grandes pièces, cuisine et WC. 1er étage : 2 grandes pièces, 1 petite pièce, WC et coursive. 2e étage : Terrasse avec un fort potentiel d’aménagement (Solarium, salon et cuisine d’été). Points...",https://www.mubawab-media.com/ad/8/347/613F/h/WhatsApp%20Image%202026-05-09%20at%2017.35.17%20%281%29_82435331.avif,10,2026-09-30
8103161,Riad à vendre à Marrakech,https://www.mubawab.ma/fr/a/8103161/riad-%C3%A0-vendre-%C3%A0-marrakech,Vente,Riad,Marrakech,Médina,560 000 DH,560000,335m²,335,13 Pièces,4 Chambres,3 Salles de bains,Terrasse,"Riad à vendre à Marrakech : Le luxe rencontre la tradition Êtes-vous à la recherche d'un riad à vendre à Marrakech, alliant parfaitement luxe et tradition ? Ne cherchez plus, cette propriété est l'opportunité unique que vous attendiez. Situé au cœur de la médina de Marrakech, ce riad magnifiquement restauré allie l'architecture traditionnelle marocaine à des finitions modernes et raffinées, créant ainsi une atmosphère élégante et chaleureuse. ...",https://www.mubawab-media.com/ad/8/103/161F/h/image00006_81942659.avif,14,2026-09-30
8286369,Titré 4 Suites Derb Dabachi 9 min de la place,https://www.mubawab.ma/fr/a/8286369/titr%C3%A9-4-suites-derb-dabachi-9-min-de-la-place,Vente,Riad,Marrakech,Autre / Centre,570 000 DH,570000,240m²,240,6 Pièces,4 Chambres,5 Salles de bains,"Terrasse, Vue sur les montagnes, Piscine, Meublé, Salon européen, Climatisation, Cuisine équipée, Réfrigérateur, Four, Machine à laver","Magnifique riad rénové en 2023, très proche de la place, dans le très bon quartier de Derb Dabachi. Aujourd'hui exploité en privatif, avec entrée, patio avec bassin chauffé, cuisine, salle à manger, salon cosy, une suite. Au premier étage, 3 autres suites avec leurs salles d'eau. Sur la terrasse, cuisine d'été, espace repas, solarium, douche, verrière électrique pour un confort moderne. Une très belle rénovation, pour une qualité de finition perm...",https://www.mubawab-media.com/ad/8/286/369F/h/DSC04346_82545281.avif,12,2026-09-30
8380678,Vente riad à renover melkia au quartier mouassine,https://www.mubawab.ma/fr/a/8380678/vente-riad-%C3%A0-renover-melkia-au-quartier-mouassine,Vente,Riad,Marrakech,Médina,580 000 DH,580000,300m²,300,7 Pièces,4 Chambres,1 Salle de bain,"Jardin, Terrasse","L'Agence Immobilière ATLAS TOUAREG vous présente à la vente ce Riad à rénover, 4 chambres, de 130m² au sol et 300m² habitable. Idéalement situé dans un quartier touristique très recherché au cœur de la médina de Marrakech à MOUASSINE. A seulement 3 min de la fameuse place Jamaâ El Fna et à deux pas du jardin secret. Composé de : RDC : Hall d'entrée, WC d’invité, Petite pièce de rangement, Salon, chambre, Cuisine, Patio. Etage : 3 chambres dont un...",https://www.mubawab-media.com/ad/8/380/678F/h/WhatsApp%20Image%202026-07-08%20at%2015.59.20%20%281%29_82840836.avif,8,2026-09-30
8318077,Vente Riad Meublé 4 Chambres À La Kasbah,https://www.mubawab.ma/fr/a/8318077/vente-riad-meubl%C3%A9-4-chambres-%C3%A0-la-kasbah,Vente,Riad,Marrakech,Médina,580 000 DH,580000,93m²,93,6 Pièces,4 Chambres,4 Salles de bains,"Terrasse, Garage, Piscine, Meublé","Nous vous proposons à la vente une très belle réalisation d’un Riad entièrement rénové, meublé en réquisition. Il offre 149 m² habitable et 36 m² au sol et dispose de 4 chambres, Idéalement situé au cœur de la médina de Marrakech, dans le quartier recherché de la Kasbah, à proximité immédiate de la place des Ferblantiers, à 15 min à pied de Jamaâ El Fna et à 5 min du parking. Le Riad est composé de : RDC : WC d’invités, chambre avec SDB, Cuisine...",https://www.mubawab-media.com/ad/8/318/077F/h/WhatsApp%20Image%202026-05-18%20at%2016.29.06_82487933.avif,13,2026-09-30
8324747,Riad d'exception à Dar El Bacha,https://www.mubawab.ma/fr/a/8324747/riad-d-exception-%C3%A0-dar-el-bacha,Vente,Riad,Marrakech,Médina,585 000 DH,585000,100m²,100,6 Pièces,3 Chambres,3 Salles de bains,"Meublé, Cuisine équipée","Riad d'exception à Dar El Bacha Situé au cœur de Dar El Bacha, l’un des quartiers les plus prisés de la médina de Marrakech, vous présente ce riad d’exception, qui saura vous séduire par son charme authentique et son élégance raffinée. Vendu entièrement meublé et décoré, ce riad est agencé comme suit : au rez-de-chaussée, l’entrée s’ouvre sur un patio lumineux avec une beau salon et salle à manger, une cuisine entièrement équipée, ainsi qu’une pr...",https://www.mubawab-media.com/ad/8/324/747F/h/d19ce8d51697f60633e9810102ef79f8_82191557.avif,31,2026-09-30
8388348,Superbe Riad Bab Taghzout à vendre à Marrakech,https://www.mubawab.ma/fr/a/8388348/superbe-riad-bab-taghzout-%C3%A0-vendre-%C3%A0-marrakech,Vente,Riad,Marrakech,Médina,590 000 DH,590000,117m²,117,4 Pièces,4 Chambres,5 Salles de bains,"Piscine, Meublé, Climatisation, Cuisine équipée","Dans un emplacement très accessible de Bab Taghzout au cœur de la médina de Marrakech, et avec une généreuse surface de 117m2 de titre de propriété libre, ce Riad de 4 suites n'est pas seulement magnifique mais offre également de superbes vues. À seulement 590 000 euros, c'est un investissement très intelligent",https://www.mubawab-media.com/ad/8/388/348F/h/7bdeb25b-d9f8-4c38-9997-de9e429560f8_82924430.avif,18,2026-09-30
8376730,Marrakech I Medina,https://www.mubawab.ma/fr/a/8376730/marrakech-i-medina,Vente,Riad,Marrakech,Médina,590 000 DH,590000,140m²,140,5 Pièces,4 Chambres,5 Salles de bains,"Terrasse, Piscine, Meublé, Climatisation, Cuisine équipée","Situé au cœur de la médina dans une ruelle calme, ce riad authentique de 92 m² au sol dispose de 4 chambres et bénéficie d'un emplacement privilégié à proximité du Musée de Marrakech et à quelques minutes à pied de la place Jemaa El Fna. Entièrement restauré et joliment décoré avec beaucoup de goût, le riad se distingue par la finesse de ses aménagements, l'harmonie de ses volumes et une belle végétation qui apporte fraîcheur et sérénité à l'en...",https://www.mubawab-media.com/ad/8/376/730F/h/1_82797194.avif,17,2026-09-30
8376231,Riad de luxe meuble ***-****** euros 5 suites,https://www.mubawab.ma/fr/a/8376231/riad-de-luxe-meuble-590-000-euros-5-suites,Vente,Riad,Marrakech,Autre / Centre,590 000 DH,590000,115m²,115,6 Pièces,5 Chambres,5 Salles de bains,"Terrasse, Meublé","Magnifique riad titré situé dans le quartier authentique de Bab Ghmat, à Marrakech. Ce bien d'exception offre 5 chambres spacieuses, idéal pour une résidence familiale ou un investissement locatif à fort potentiel (Airbnb/Vrbo). Le riad dispose d'un charme typiquement marocain : patio central, bassin traditionnel pour se rafraîchir, et une terrasse panoramique équipée d'un jacuzzi, parfaite pour profiter du ciel de Marrakech et des soirées d'été...",https://www.mubawab-media.com/ad/8/376/231F/h/photo_0_82791897.avif,8,2026-09-30
8105372,Riad neuf Bab Doukala,https://www.mubawab.ma/fr/a/8105372/riad-neuf-bab-doukala,Vente,Riad,Marrakech,Médina,590 000 DH,590000,350m²,350,7 Pièces,5 Chambres,5 Salles de bains,"Terrasse, Piscine, Salon Marocain, Cheminée, Climatisation","Agence immobilière à Casablanca et Marrakech, Viaprestige propose une maison d’hôtes (riad) en vente dans la médina de Marrakech – Quartier Bab Doukala Le riad est actuellement en cours de finition – Il serait a livré totalement neuf clé en main Au rez de chaussée : - Hall d’accueil avec réception - Toilettes Homme et femme - Salon marocain - Cuisine - Salle à manger - 1 suite incluant chambre à coucher et salle de bain - Piscine 2,2 x 6 A l’é...",https://www.mubawab-media.com/ad/8/105/372F/h/001_79898834.avif,12,2026-09-30
8424332,"Riad titré à LAKSOUR, 3 chambres en suite, meublé, terrasse...",https://www.mubawab.ma/fr/a/8424332/riad-titr%C3%A9-%C3%A0-laksour-3-chambres-en-suite-meubl%C3%A9-terrasse-83-m2,Vente,Riad,Marrakech,Médina,590 000 DH,590000,250m²,250,5 Pièces,3 Chambres,4 Salles de bains,"Terrasse, Garage, Meublé, Climatisation, Sécurité, Cuisine équipée","Au cœur de Laksour, l’un des quartiers les plus recherchés de la Médina, ce riad de charme titré se trouve à seulement 3 minutes à pied de Jemaa el-Fna. Son titre foncier, établi il y a près d’un siècle, témoigne de l’histoire ancienne de la propriété. Dès l’entrée, le lieu séduit par son caractère et son atmosphère élégante. Entièrement rénové il y a deux ans, le riad a été restauré dans le respect de son identité : il conserve le charme et la...",https://www.mubawab-media.com/ad/8/424/332F/h/photo_00_83317915.avif,18,2026-09-30
8390206,Incroyable Riad Designer à Vendre Marrakech,https://www.mubawab.ma/fr/a/8390206/incroyable-riad-designer-%C3%A0-vendre-marrakech,Vente,Riad,Marrakech,Autre / Centre,595 000 DH,595000,75m²,75,3 Pièces,3 Chambres,4 Salles de bains,"Piscine, Climatisation, Cuisine équipée","Incroyable Riad Designer à Vendre Marrakech. Tout simplement époustouflant. Seulement 75 m2 au rez-de-chaussée mais déployant plus de 100 m2 au premier étage et sur la terrasse. 3 belles chambres avec salle de bain. La cour intérieure est fabuleuse et elle a un toit en verre, permettant un contrôle total du climat intérieur tout au long de l'année. La piscine sur le toit est délicieuse. Imaginez vos soirées ensoleillées avec un verre froid de que...",https://www.mubawab-media.com/ad/8/390/206F/h/633af64e-c44f-446c-9755-a3e94587fd4a_82943798.avif,14,2026-09-30
8171261,Superb Design Riad For Sale Marrakech,https://www.mubawab.ma/fr/a/8171261/superb-design-riad-for-sale-marrakech,Vente,Riad,Marrakech,Médina,600 000 DH,600000,127m²,127,5 Pièces,3 Chambres,4 Salles de bains,,"With just three beautiful en suite bedrooms and a genrous footprint of 127m2, this luxury Riad boasts elegance, superb interior design and a top location. In top condition throughout and fully titled. There are magnificent views from the terraces, taking in the Royal Palace, the High Atlas Mountains, Koutoubia Mosque and all the Medina. Stand out value at just 700'000 euros!",https://www.mubawab-media.com/ad/8/171/261F/h/b4bc7a95-df16-4144-b3aa-0cd9b95f21d9_80572356.avif,16,2026-09-30
8393518,Magnifique Riad Neuf – 4 Suites – Piscine Chauffée & Jacuzzi...,https://www.mubawab.ma/fr/a/8393518/magnifique-riad-neuf-%E2%80%93-4-suites-%E2%80%93-piscine-chauff%C3%A9e-jacuzzi-%E2%80%93-excellente-rentabilit%C3%A9-%E2%80%93-vendu-meubl%C3%A9,Vente,Riad,Marrakech,Autre / Centre,600 000 DH,600000,100m²,100,5 Pièces,4 Chambres,4 Salles de bains,"Terrasse, Garage, Piscine, Meublé, Climatisation","Situé dans le quartier prisé de Laârouss, ce superbe riad neuf de 100 m² au sol allie authenticité marocaine et confort moderne. En exploitation depuis un an, il bénéficie d'une excellente rentabilité et est vendu entièrement meublé, prêt à poursuivre son activité. Il comprend 4 suites spacieuses avec salle de bain privative, une piscine chauffée avec jacuzzi, la climatisation réversible dans tout le riad, une terrasse avec cuisine d'été ainsi q...",https://www.mubawab-media.com/ad/8/393/518F/h/photo_0_83066184.avif,23,2026-09-30
8405449,Riad entièrement titré à vendre à Riad Laarouss ***-******,https://www.mubawab.ma/fr/a/8405449/riad-enti%C3%A8rement-titr%C3%A9-%C3%A0-vendre-%C3%A0-riad-laarouss-600-000,Vente,Riad,Marrakech,Médina,600 000 DH,600000,132m²,132,2 Pièces,3 Chambres,4 Salles de bains,"Terrasse, Vue sur les montagnes, Piscine, Salon Marocain, Salon européen, Climatisation, Cuisine équipée, Réfrigérateur, Four, Machine à laver, Micro-ondes","Riad de luxe à vendre - Riad Laarouss, Marrakech Découvrez cet exceptionnel riad entièrement titré de 132 m² à vendre à Riad Laarouss, l'une des zones les plus recherchées de la médina de Marrakech. Magnifiquement rénové et fini selon des normes élevées, cette élégante propriété allie le caractère marocain authentique à un luxe contemporain, offrant une opportunité clé en main tant pour un usage privé que pour l'hospitalité haut de gamme. Le r...",https://www.mubawab-media.com/ad/8/405/449F/h/photo_00_83109096.avif,14,2026-09-30
8334121,Superbe Riad Rénové – 7 Chambres /piscine/jacouzi,https://www.mubawab.ma/fr/a/8334121/superbe-riad-r%C3%A9nov%C3%A9-%E2%80%93-7-chambres-piscine-jacouzi,Vente,Riad,Marrakech,Médina,600 000 DH,600000,120m²,120,8 Pièces,7 Chambres,7 Salles de bains,"Terrasse, Vue sur les montagnes, Piscine, Chambre rangement, Salon Marocain, Climatisation, Sécurité","Magnifique riad rénové à neuf, idéalement situé dans la médina de Marrakech. Ce bien offre actuellement 6 chambres, avec la possibilité d’aménager jusqu’à 8 chambres selon le projet souhaité. Ce riad représente une excellente opportunité pour une maison d’hôtes, un projet Airbnb ou une résidence privée de charme. Il dispose de très belles prestations, notamment une piscine, une grande cuisine, un jacuzzi sur la terrasse ainsi qu’une cuisine d’...",https://www.mubawab-media.com/ad/8/334/121F/h/IMG_2083_82733234.avif,10,2026-09-30
8148936,Riad et douria authentique a kaat bennahid,https://www.mubawab.ma/fr/a/8148936/riad-et-douria-authentique-a-kaat-bennahid,Vente,Riad,Marrakech,Médina,600 000 DH,600000,333m²,333,13 Pièces,8 Chambres,1 Salle de bain,Terrasse,"Nous vous proposons à la vente un Riad de caractère à rénover, Melkia avec possibilité de régularisation, une architecture traditionnelle marocaine, idéale pour une restauration de charme, d'une superficie de 208 m² au sol, situé dans le quartier authentique de Kaât Bennahid, l'un des emplacements stratégiques et les plus recherchés de la médina de Marrakech, à proximité immédiate de la Médersa Ben Youssef, des souks et de la place Jamaâ El-Fna. ...",https://www.mubawab-media.com/ad/8/148/936F/h/WhatsApp%20Image%202025-05-14%20at%2012.11.21_80336809.avif,11,2026-09-30
8419243,Magnifique maison à vendre à Ouirgane avec 6 chambres confor...,https://www.mubawab.ma/fr/a/8419243/magnifique-maison-%C3%A0-vendre-%C3%A0-ouirgane-avec-6-chambres-confortables-vues-imprenables-sur-les-montagnes-,Vente,Riad,Marrakech,Route de l'Ourika,600 000 DH,600000,90m²,90,6 Pièces,2 Chambres,2 Salles de bains,Vue sur les montagnes,"Ce charmant riad est situé sur la route d'Ouirgane, dans la zone attractive d'Ouirgane au sein de la région de Marrakech-Safi. Il s'étend sur une superficie de 90 mètres carrés, ce qui en fait un choix idéal pour ceux qui recherchent un espace confortable et élégant pour séjourner. Le riad dispose de deux chambres spacieuses et de deux salles de bains soigneusement conçues. L'emplacement offre une vue imprenable sur les montagnes, permettant aux...",https://www.mubawab-media.com/ad/8/419/243F/h/photo_00_83260858.avif,3,2026-09-30
8317544,Vente Riad Rénover titré 7chambres à Zaouia Abasia,https://www.mubawab.ma/fr/a/8317544/vente-riad-r%C3%A9nover-titr%C3%A9-7chambres-%C3%A0-zaouia-abasia,Vente,Riad,Marrakech,Médina,620 000 DH,620000,230m²,230,9 Pièces,7 Chambres,7 Salles de bains,"Terrasse, Piscine","Notre agence immobilière ATLAS TOUAREG vous propose un Riad titré rénover d’une superficie au sol de 230m² et 368m² habitable, très bien situé à Zaouia Abassia au cœur de la médina Marrakech, à seulement 15 minutes de la célèbre Place Jamaâ El Fna. Le Riad se compose de : RDC : l’entrée • Patio 1 : cuisine américaine, salon ouvert sur patio, piscine accès communiquant avec 2ème patio. • Patio 2 : 2 chambres avec 2 SDB, salon, WC d’invités. Étage...",https://www.mubawab-media.com/ad/8/317/544F/h/WhatsApp%20Image%202026-03-13%20at%2013.14.40_82116283.avif,12,2026-09-30
8409419,Riad d’exception 110m2,https://www.mubawab.ma/fr/a/8409419/riad-d%E2%80%99exception-110m2,Vente,Riad,Marrakech,Autre / Centre,620 000 DH,620000,110m²,110,5 Pièces,5 Chambres,5 Salles de bains,"Terrasse, Piscine, Meublé","À VENDRE – RIAD DE PRESTIGE 110 m² – QUARTIER DAR GRAWA – MARRAKECH Idéalement situé dans le très recherché quartier Dar Grawa, à deux pas du célèbre restaurant Peppenero, ce riad de 110 m² est une opportunité rare alliant emplacement premium, charme et rentabilité. Dès l’entrée, vous serez séduit par son caractère majestueux et son atmosphère authentique. Le riad se compose de : ️ 5 magnifiques chambres doubles, toutes avec leur salle de bain...",https://www.mubawab-media.com/ad/8/409/419F/h/4caa44f9-8d98-4ecc-bf7b-d3eb237fd74b-1000136694_83150534.avif,19,2026-09-30
8366481,Riad maison d’hôtes / Dar El Bacha Bab Doukkala,https://www.mubawab.ma/fr/a/8366481/riad-maison-d%E2%80%99h%C3%B4tes-dar-el-bacha-bab-doukkala,Vente,Riad,Marrakech,Médina,630 000 DH,630000,115m²,115,7 Pièces,5 Chambres,5 Salles de bains,"Terrasse, Piscine, Meublé, Salon Marocain, Antenne parabolique, Climatisation, Sécurité, Cuisine équipée, Réfrigérateur, Four, Machine à laver, Micro-ondes","ATLASIMMOBILIER vous propose ce riad titré et classé Maison d’Hôtes situé dans l’un des secteurs les plus recherchés de la médina de Marrakech, entre Dar El Bacha et Bab Doukkala. Exploité depuis près de vingt ans, l’établissement bénéficie d’une activité stable, d’une gestion éprouvée et de charges maîtrisées. Son fonctionnement repose actuellement sur une structure légère composée de trois salariés, permettant une exploitation efficace et immé...",https://www.mubawab-media.com/ad/8/366/481F/h/rooftop-riad-marrakech-solarium_82683568.avif,12,2026-09-30
8092404,Riad Maison d'Hôte à Vendre Médina de Marrakech,https://www.mubawab.ma/fr/a/8092404/riad-maison-d-h%C3%B4te-%C3%A0-vendre-m%C3%A9dina-de-marrakech,Vente,Riad,Marrakech,Médina,630 000 DH,630000,82m²,82,,5 Chambres,6 Salles de bains,Terrasse,"Riad Maison Hôte à Vendre - Médina de Marrakech Emplacement : Situé dans la médina historique de Marrakech, à seulement 5 minutes à pied de la célèbre place Jemaa el-Fna, un lieu vibrant et emblématique du cœur de la ville. Ce riad bénéficie ainsi un emplacement privilégié, à proximité des attractions principales, des souks et des restaurants. Superficie : Ce riad dispose une superficie de 82m², optimisée pour un usage touristique ou résident...",https://www.mubawab-media.com/ad/8/092/404F/h/file_1739269472_3128857_79773018.avif,27,2026-09-30
8400597,Terrain dans un lotissement Riad Ourika,https://www.mubawab.ma/fr/a/8400597/terrain-dans-un-lotissement-riad-ourika,Vente,Riad,Marrakech,Agdal,630 000 DH,630000,134m²,134,,,,,"Bien situé! À proximité des jardins d'Agdal, à la fin de l'Avenue Mohamed 6, le Circuit My El Hassan et le nouveau Morocco Mall. 134 m2 dont 100 m2 constructible et 34m2 jardin",https://www.mubawab-media.com/ad/8/400/597F/h/Terrain%20koko_83057389.avif,1,2026-09-30
8239761,Riad à vendre à Sidi Ben Slimane El Jazouli. Surface totale...,https://www.mubawab.ma/fr/a/8239761/riad-%C3%A0-vendre-%C3%A0-sidi-ben-slimane-el-jazouli-surface-totale-170-m%C2%B2-bien-meubl%C3%A9,Vente,Riad,Marrakech,Autre / Centre,630 000 DH,630000,170m²,170,1 Pièce,9 Chambres,4 Salles de bains,"Jardin, Terrasse, Vue sur les montagnes, Meublé, Salon Marocain, Cheminée","À vendre très beau riad. Prix 630 000 EUR. 9 chambres à coucher, 4 salles de bains, 170 m². 1 Pièces. Moins de 20 ans. Revêtement: Carrelage. Propriété entièrement meublée. Ce riad est proposé à la vente à Sidi Ben Slimane El Jazouli. Vous bénéficierez d'une terrasse et d'un jardin. Profitez du confort d'une belle cheminée. Soyez le premier à visiter ce riad en vente à Marrakech. En prime, une magnifique vue sur les montagnes. La décoration...",https://www.mubawab-media.com/ad/8/239/761F/h/WhatsApp%20Image%202025-10-22%20at%2010.13.37%20AM%20%282%29_81280029.avif,19,2026-09-30
8310661,Résidence Riad MARRAKECH appartement,https://www.mubawab.ma/fr/a/8310661/r%C3%A9sidence-riad-marrakech-appartement,Vente,Riad,Marrakech,Autre / Centre,640 000 DH,640000,57m²,57,3 Pièces,2 Chambres,1 Salle de bain,"Terrasse, Façade extérieure, Climatisation, Sécurité, Cuisine équipée",3 pièces – 57 m² – 2ᵉ étage Salon lumineux 2 chambres Idéal résidence principale ou investissement locatif,https://www.mubawab-media.com/ad/8/310/661F/h/1000045866_82041537.avif,2,2026-09-30
8259419,Riad 6 chambres,https://www.mubawab.ma/fr/a/8259419/riad-6-chambres,Vente,Riad,Marrakech,Kasbah,648 000 DH,648000,230m²,230,7 Pièces,6 Chambres,6 Salles de bains,"Terrasse, Piscine, Meublé, Climatisation, Sécurité, Cuisine équipée","Découvrez ce somptueux Riad titré de 230m², entièrement rénové avec un raffinement absolu, situé au cœur du quartier emblématique de la Kasbah à Marrakech avec une dépose en taxi devant la porte. Baigné de lumière, il s’épanouit autour d’un magnifique patio avec piscine, offrant un havre de paix et de sérénité en plein centre-ville. Ce riad exploité en maison d’hôtes compte 6 suites élégantes, parfaites pour accueillir une clientèle raffinée en...",https://www.mubawab-media.com/ad/8/259/419F/h/Capture%20d%E2%80%99%C3%A9cran%202025-11-26%20%C3%A0%2018.35.11_81481751.avif,27,2026-09-30
8390136,Riad Maison d'Hôtes Kasbah à Vendre Marrakech,https://www.mubawab.ma/fr/a/8390136/riad-maison-d-h%C3%B4tes-kasbah-%C3%A0-vendre-marrakech,Vente,Riad,Marrakech,Médina,650 000 DH,650000,117m²,117,6 Pièces,6 Chambres,7 Salles de bains,"Piscine, Meublé, Climatisation, Cuisine équipée","Idéalement situé dans le quartier excellent de Kasbah de la Médina de Marrakech et avec un dépôt de taxi à la porte, ce Riad Maison d'Hôtes de 6 chambres avec salle de bain à vendre a une superficie de 117m2 et des titres de propriété complets et une autorisation complète. Il est vendu clé en main et représente une fabuleuse opportunité d'investissement à seulement 650 000 Euros. Il y a une charmante petite cour avec sa piscine - le tout couvert...",https://www.mubawab-media.com/ad/8/390/136F/h/00662350-da37-48f5-88a7-d397a11833d2_82943095.avif,17,2026-09-30
8413530,Magnifique Riad à la Kasbah,https://www.mubawab.ma/fr/a/8413530/magnifique-riad-%C3%A0-la-kasbah,Vente,Riad,Marrakech,Kasbah,650 000 DH,650000,220m²,220,5 Pièces,4 Chambres,4 Salles de bains,"Terrasse, Vue sur les montagnes, Meublé, Salon Marocain, Climatisation, Cuisine équipée","Idéalement situé dans le quartier prisé et sécurisé de la Kasbah à Marrakech, à proximité immédiate des principaux centres d’intérêt, ce superbe riad titré offre un équilibre parfait entre authenticité, confort moderne et potentiel locatif. Entièrement reconstruit en 2017 en béton armé avec normes antisismiques, le riad développe environ 220 m² habitables sur une surface au sol de 77 m², offrant des espaces lumineux et parfaitement agencés. Dès...",https://www.mubawab-media.com/ad/8/413/530F/h/IMG_3671-HDR_83197157.avif,22,2026-09-30
8373469,Somptueux riad à vendre à alkasba. Superficie 106 m²,https://www.mubawab.ma/fr/a/8373469/somptueux-riad-%C3%A0-vendre-%C3%A0-alkasba-superficie-106-m%C2%B2,Vente,Riad,Marrakech,Médina,650 000 DH,650000,106m²,106,6 Pièces,5 Chambres,5 Salles de bains,,"Un Riad qui a déjà une âme, et qui n'attend plus que la vôtre. Niché au cœur du mythique quartier de la Kasbah, ce Riad de 106 m² vous offre le meilleur de la médina. Ici, tout est à portée de pas : les remparts chargés d'histoire, les ruelles animées, les souks, les terrasses de café où le temps s'écoule autrement. Un emplacement recherché, vivant, authentique, loin de l'agitation tout en restant au centre de tout. À savoir : Ce Riad n'est pas...",https://www.mubawab-media.com/ad/8/373/469F/h/photo_0_82758072.avif,9,2026-09-30
8367863,Maison magnifique à vendre à Qobur Al-Shaw. 3 pièces confort...,https://www.mubawab.ma/fr/a/8367863/maison-magnifique-%C3%A0-vendre-%C3%A0-qobur-al-shaw-3-pi%C3%A8ces-confortables,Vente,Riad,Marrakech,Bab Doukkala,650 000 DH,650000,36m²,36,3 Pièces,3 Chambres,1 Salle de bain,,"Rare opportunité d'investissement à Marrakech – près de Bab Doukkala À vendre, une maison dans une zone touristique avec toutes les commodités. La superficie de la maison est de 36 mètres – le prix est de 60 millions de centimes. À côté d'une autre maison de 96 mètres Possibilité d'acheter les deux et de les ouvrir pour un riad touristique. Un emplacement unique près de Bab Doukkala. Convient pour un investissement ou un projet de maison d'...",https://www.mubawab-media.com/ad/8/367/863F/h/photo_00_82698313.avif,6,2026-09-30
8318198,Riad de charme en exploitation kasbah Marrakech,https://www.mubawab.ma/fr/a/8318198/riad-de-charme-en-exploitation-kasbah-marrakech,Vente,Riad,Marrakech,Médina,650 000 DH,650000,240m²,240,8 Pièces,6 Chambres,6 Salles de bains,Terrasse,"Riad de charme en exploitation – Kasbah, Marrakech Situé dans le quartier prisé de la Kasbah, au cœur de la médina de Marrakech, ce riad de standing d’environ 120 m² au sol est actuellement exploité, offrant une excellente opportunité d’investissement. Il se compose de 6 chambres avec salles de bain privatives, organisées autour d’un agréable patio avec bassin. Une belle terrasse complète l’ensemble, idéale pour profiter du climat et du cadre p...",https://www.mubawab-media.com/ad/8/318/198F/h/3b46cb17-9ca9-490d-af02-2340335d7029_82122889.avif,11,2026-09-30
8315180,"Riad maison d’hôtes avec espace bien être, Médina",https://www.mubawab.ma/fr/a/8315180/riad-maison-d%E2%80%99h%C3%B4tes-avec-espace-bien-%C3%AAtre-m%C3%A9dina,Vente,Riad,Marrakech,Médina,650 000 DH,650000,121m²,121,6 Pièces,5 Chambres,5 Salles de bains,"Terrasse, Meublé, Salon Marocain, Cuisine équipée","Situé dans le quartier authentique de Bab Taghzout, au cœur de la médina de Marrakech, ce riad titré bénéficie d’une autorisation officielle de maison d’hôtes et est déjà exploité en activité touristique, offrant une opportunité d’investissement immédiate. Édifié sur une surface au sol de 121 m², le riad propose une capacité d’accueil d’environ 12 personnes, avec une distribution parfaitement adaptée à l’exploitation. Caractéristiques : • S...",https://www.mubawab-media.com/ad/8/315/180F/h/9_82091849.avif,12,2026-09-30
8314079,Riad exploité de 5 chambres quartier Kasbah Médina,https://www.mubawab.ma/fr/a/8314079/riad-exploit%C3%A9-de-5-chambres-quartier-kasbah-m%C3%A9dina,Vente,Riad,Marrakech,Médina,650 000 DH,650000,130m²,130,7 Pièces,5 Chambres,5 Salles de bains,"Terrasse, Chambre rangement, Salon Marocain, Cuisine équipée","Situé dans le quartier très prisé de la Kasbah, au cœur de la médina de Marrakech, ce riad bénéficie d’un emplacement stratégique et d’un accès facile, dans l’un des secteurs les plus recherchés pour les projets résidentiels ou touristiques. Développant une surface au sol de 130 m², le bien offre de beaux volumes, une excellente luminosité naturelle et une configuration parfaitement adaptée à l’exploitation locative. Caractéristiques : • Su...",https://www.mubawab-media.com/ad/8/314/079F/h/1_82080524.avif,12,2026-09-30
8309089,Riad à rénover dans la médina,https://www.mubawab.ma/fr/a/8309089/riad-%C3%A0-r%C3%A9nover-dans-la-m%C3%A9dina,Vente,Riad,Marrakech,Médina,650 000 DH,650000,288m²,288,1 Pièce,8 Chambres,2 Salles de bains,,"Riad 288 m² à vendre – Médina Marrakech – À côté de Dar el Bacha – 650 000 Emplacement exceptionnel dans la Médina, à quelques pas de Dar el Bacha. Superbe riad de 288 m² en R1, à rénover. Quartier très recherché Fort potentiel après rénovation Idéal maison d’hôtes ou résidence privée Belle superficie exploitable Investissement stratégique en plein cœur historique Prix : 650 000 Opportunité rare dans l’un des meilleurs secteurs de la Médina. Cont...",https://www.mubawab-media.com/ad/8/309/089F/h/photo_00_82025604.avif,7,2026-09-30
8238376,Achetez votre riad à Bab Lhmar. 5 belles chambres. Piscine e...,https://www.mubawab.ma/fr/a/8238376/achetez-votre-riad-%C3%A0-bab-lhmar-5-belles-chambres-piscine-et-air-conditionn%C3%A9,Vente,Riad,Marrakech,Autre / Centre,650 000 DH,650000,310m²,310,6 Pièces,5 Chambres,5 Salles de bains,"Terrasse, Piscine, Salon Marocain, Salon européen, Climatisation, Cuisine équipée","Opportunité unique pour ce riad à vendre. Prix 650 000 EUR. 6 pièces, 5 salles de bains privatives, 310 m². 5 chambres. Moins de 5 ans. Revêtement: Marbre. Profitez du confort de la climatisation. La résidence dispose également d'une piscine. Ce riad est proposé à la vente à Bab Lhmar. Salon traditionnel marocain. Grand balcon. Contactez-nous pour visiter ce riad à vendre à Marrakech. Salon contemporain. Cuisine équipée",https://www.mubawab-media.com/ad/8/238/376F/h/photo_0_81265791.avif,8,2026-09-30
8272197,Riad avec spa et terrasse – Bab Ghmat,https://www.mubawab.ma/fr/a/8272197/riad-avec-spa-et-terrasse-%E2%80%93-bab-ghmat,Vente,Riad,Marrakech,Autre / Centre,660 000 DH,660000,133m²,133,6 Pièces,5 Chambres,4 Salles de bains,"Terrasse, Cuisine équipée","D’une superficie de 133 m², ce riad Art Déco offre un cadre de vie élégant et raffiné, alliant prestations haut de gamme, bien-être et authenticité. Situé dans le quartier calme de Bab Ghmat, il est idéal en résidence privée ou pour un investissement locatif de standing à Marrakech. Caractéristiques : • 133 m² habitables • 3 suites 2 chambres • Spa avec hammam vapeur et salle de massage • Terrasse aménagée avec pergola en bois ...",https://www.mubawab-media.com/ad/8/272/197F/h/2_81631818.avif,9,2026-09-30
8209492,Riad de Charme au Cœur de la Médina de Marrakech,https://www.mubawab.ma/fr/a/8209492/riad-de-charme-au-c%C5%93ur-de-la-m%C3%A9dina-de-marrakech,Vente,Riad,Marrakech,Médina,660 000 DH,660000,97m²,97,9 Pièces,8 Chambres,8 Salles de bains,"Terrasse, Garage","Opportunité unique d’acquérir un Riad authentique à Marrakech, idéalement situé dans le quartier recherché de Riad Laarouss, au cœur de la Médina. À seulement quelques minutes à pied des souks, de la place Jemaa El Fna et des monuments emblématiques, ce bien immobilier allie charme marocain, potentiel d’investissement et excellente localisation. Un Riad avec fort potentiel touristique Ce Riad traditionnel dispose de 8 chambres spacieuses, dont 7...",https://www.mubawab-media.com/ad/8/209/492F/h/6_80958365.avif,12,2026-09-30
8244672,Maison style Riad à vendre facilement accessible en voitu,https://www.mubawab.ma/fr/a/8244672/maison-style-riad-%C3%A0-vendre-facilement-accessible-en-voitu,Vente,Riad,Marrakech,Sidi Youssef Ben Ali,670 000 DH,670000,120m²,120,5 Pièces,4 Chambres,1 Salle de bain,"Terrasse, Chambre rangement, Salon Marocain, Antenne parabolique, Porte blindée","Vente d’une maison titrée construite en 2 niveaux sur terrain de 69m² avec possibilité d’ajouter un étage. Situé dans une ruelle en pavé facilement accessible du quartier Sidi Youssef Ben Ali avec bon voisinage et proche des commodités (Souks, écoles..) Possible de stationner devant la maison. -RDC : 2 chambres, toilette, débarras, Patio central. -ETAGE 1 : 2 chambres, cuisine -ETAGE 2 : Toit terrasse vide; constructible. Idéal pour i...",https://www.mubawab-media.com/ad/8/244/672F/h/maison-a-vendre%20%289%29_82670811.avif,25,2026-09-30
8349511,Riad Maison D’hôtes 6 Chambres Arset Loughzail,https://www.mubawab.ma/fr/a/8349511/riad-maison-d%E2%80%99h%C3%B4tes-6-chambres-arset-loughzail,Vente,Riad,Marrakech,Médina,670 000 DH,670000,220m²,220,8 Pièces,6 Chambres,6 Salles de bains,"Terrasse, Salon Marocain, Chauffage central, Double vitrage, Porte blindée, Cuisine équipée, Réfrigérateur, Four, Machine à laver, Micro-ondes","L’agence Scroll Immo vous propose : RIAD MAISON D’HÔTES – ACCÈS VOITURE – MÉDINA MARRAKECH Arset Loughzail – Fin Derb Dabachi Superficie : 113 m² Authentique riad idéalement situé dans l’un des secteurs les plus recherchés de la médina de Marrakech, parfait pour un projet de maison d’hôtes ou un investissement locatif à fort potentiel. Caractéristiques du bien : • 6 chambres • Accès voiture à proximité • Excellent emplacement touristique • Qu...",https://www.mubawab-media.com/ad/8/349/511F/h/IMG_2630_82459227.avif,17,2026-09-30
8300866,Riad titré avec permis maison d’hôtes – Kasbah,https://www.mubawab.ma/fr/a/8300866/riad-titr%C3%A9-avec-permis-maison-d%E2%80%99h%C3%B4tes-%E2%80%93-kasbah,Vente,Riad,Marrakech,Kasbah,680 000 DH,680000,120m²,120,8 Pièces,6 Chambres,6 Salles de bains,"Terrasse, Vue sur les montagnes, Piscine, Meublé, Salon Marocain, Salon européen, Antenne parabolique, Cheminée, Climatisation, Chauffage central, Sécurité, Double vitrage, Porte blindée, Cuisine équipée, Réfrigérateur, Four, Machine à laver, Micro-ondes","Situé dans le quartier très recherché de la Kasbah à Marrakech, ce superbe riad bénéficie d’un emplacement premium, à proximité immédiate des principaux sites touristiques, restaurants et commodités. Entièrement titré et disposant d’un permis d’exploiter en maison d’hôtes, ce bien représente une opportunité rare, idéale pour un investissement locatif à forte rentabilité ou pour un projet d’exploitation touristique clé en main. Le riad se compos...",https://www.mubawab-media.com/ad/8/300/866F/h/photo_0_81941326.avif,16,2026-09-30
8168175,Ryad d’Architecte 5 Suites avec Piscine,https://www.mubawab.ma/fr/pa/8168175/ryad-d%E2%80%99architecte-5-suites-avec-piscine,Vente,Riad,Marrakech,Autre / Centre,690 000 DH,690000,500m²,500,8 Pièces,5 Chambres,5 Salles de bains,"Jardin, Terrasse, Garage, Ascenseur, Vue sur les montagnes, Piscine, Concierge, Chambre rangement, Meublé, Salon Marocain, Salon européen, Cheminée, Climatisation, Chauffage central, Sécurité, Double vitrage, Porte blindée, Cuisine équipée, Four","Vivre dans un Ryad contemporain à Marrakech, au sein d’une résidence sécurisée, entourée d’oliviers centenaires… c’est la promesse d’AMALĒ. Le Ryad est une villa jumelée contemporaine inspirée du riad marocain, offrant une superficie de 410 m² sur une parcelle privative de plus de 500 m². Il offre une organisation idéale pour une résidence principale, secondaire ou un investissement locatif haut de gamme. L’espace de vie central s’articule au...",https://www.mubawab-media.com/ad/8/168/175F/h/1%20NPRM_VJ_EXT01_81808015.avif,7,2026-09-30
8389617,A saisir. Superbe Riad 6 suites Kasbah,https://www.mubawab.ma/fr/a/8389617/a-saisir-superbe-riad-6-suites-kasbah,Vente,Riad,Marrakech,Médina,690 000 DH,690000,260m²,260,7 Pièces,6 Chambres,6 Salles de bains,"Terrasse, Piscine, Meublé, Salon Marocain, Cheminée, Climatisation, Sécurité, Cuisine équipée, Réfrigérateur, Four, Machine à laver, Micro-ondes","Scroll-Immo.com vous propose ce superbe Riad de caractère situé dans l’un des quartiers les plus authentiques et recherchés de la médina de Marrakech, à proximité immédiate des souks et des principaux centres d’intérêt de la ville. Ce Riad entièrement rénové conjugue architecture marocaine traditionnelle et confort contemporain, offrant une atmosphère élégante et chaleureuse idéale pour exploitation en maison d’hôtes. Organisé autour d’un p...",https://www.mubawab-media.com/ad/8/389/617F/h/WhatsApp%20Image%202026-07-27%20at%2013.54.5244_82937931.avif,21,2026-09-30
8366891,Riad Titré à rénover,https://www.mubawab.ma/fr/a/8366891/riad-titr%C3%A9-%C3%A0-r%C3%A9nover-,Vente,Riad,Marrakech,Médina,690 000 DH,690000,780m²,780,12 Pièces,5 Chambres,7 Salles de bains,"Terrasse, Vue sur les montagnes, Cheminée","Riad Titré à rénover, médina MARRAKECH. Accessibilité en voiture par l’angle route des remparts et Derb el Arsa. Proche de la place Sidi AYOUB. 15 mn à pied de la place Jemaa El Fna. Dans la configuration actuelle : Niveau -1 : Entrée, patio, cuisine, 2 salons, salle de douche avec WC, 2 WC. Surface 242 m2 Rez-de-chaussée : Entrée, Salon / bureau, 4 chambres avec salle douche/WC. Surface 200 m2 1er niveau : 1 chambre avec hammam, c...",https://www.mubawab-media.com/ad/8/366/891F/h/WhatsApp%20Image%202026-06-12%20at%2001.25.20%20%281%29_82688193.avif,14,2026-09-30
8413484,Vente riad 152 bassin à sidi ben slimane,https://www.mubawab.ma/fr/a/8413484/vente-riad-152-bassin-%C3%A0-sidi-ben-slimane,Vente,Riad,Marrakech,Médina,698 000 DH,698000,245m²,245,9 Pièces,6 Chambres,6 Salles de bains,"Terrasse, Cheminée","Vente joli Riad de 152m2 avec fontaine et bassin, situé dans la médina de Marrakech dans un quartier tranquille à 15 minutes à pied de la célèbre place "" Jamaâ El Fna"". Le ""Musée de Marrakech"" et la Medersa Ben Youssef "" sont à 7 minutes à pied. Se compose de : RDC : Hall d'entrée avec 2 placards d'arrangement et WC invité, patio avec fontaine murale et bassin, Cuisine, salon avec cheminée, 2 chambres avec 2 SDB, 2 escaliers dont un vers un cô...",https://www.mubawab-media.com/ad/8/413/484F/h/WhatsApp_Image_2026-09-10_at_17.36.31_83200956.avif,13,2026-09-30
8420845,Riad d’Exception à 2 pas de la Place des Épices,https://www.mubawab.ma/fr/a/8420845/riad-d%E2%80%99exception-%C3%A0-2-pas-de-la-place-des-%C3%A9pices,Vente,Riad,Marrakech,Médina,700 000 DH,700000,260m²,260,5 Pièces,5 Chambres,5 Salles de bains,"Chambre rangement, Meublé, Entre-seul, Salon Marocain, Salon européen, Antenne parabolique, Cheminée, Climatisation, Chauffage central, Sécurité, Double vitrage, Cuisine équipée, Réfrigérateur, Four, Machine à laver, Micro-ondes","Emplacement ultraprisé : Situé à seulement 2 minutes à pied de la célèbre Place des Épices (Rahba Kedima), au cœur du quartier le plus recherché et dynamique de la Médina. Une adresse rare qui allie le charme absolu du Marrakech historique à un accès privilégié aux meilleures tables et souks de la ville. Caractéristiques principales : * Surface : 130 m² au sol (Titre foncier en règle) * Prix : 700 000 ( 3% honoraires Agence IMMOKAD TTC)...",https://www.mubawab-media.com/ad/8/420/845F/h/IMG-20260921-WA0033_83278450.avif,11,2026-09-30
8405439,Riad Kasbah entièrement titré de 255m2,https://www.mubawab.ma/fr/a/8405439/riad-kasbah-enti%C3%A8rement-titr%C3%A9-de-255m2,Vente,Riad,Marrakech,Kasbah,700 000 DH,700000,255m²,255,2 Pièces,5 Chambres,6 Salles de bains,"Terrasse, Ascenseur, Vue sur les montagnes, Piscine, Meublé, Salon européen, Climatisation, Cuisine équipée, Réfrigérateur, Four, Machine à laver, Micro-ondes","Niché dans le quartier vibrant de la Kasbah, au sein du quartier Ksibat Nhas de Marrakech, ce magnifique riad offre un mélange sophistiqué de design traditionnel et de confort moderne. S'étendant sur une généreuse superficie de 255 m², cette propriété dispose de cinq chambres élégamment conçues et de six luxueuses salles de bains, idéales pour recevoir et se détendre. Les cours intérieures, mises en avant par des arceaux marocains classiques et u...",https://www.mubawab-media.com/ad/8/405/439F/h/photo_00_83108967.avif,24,2026-09-30
8249033,Magnifique Riad à proximité du Palais Bahia,https://www.mubawab.ma/fr/a/8249033/magnifique-riad-%C3%A0-proximit%C3%A9-du-palais-bahia,Vente,Riad,Marrakech,Autre / Centre,700 000 DH,700000,110m²,110,8 Pièces,5 Chambres,5 Salles de bains,"Terrasse, Garage, Piscine, Chambre rangement, Meublé, Salon Marocain, Salon européen, Climatisation, Sécurité, Cuisine équipée","Ce charmant riad, d’une superficie au sol de 110 m² et d’environ 200 m² habitables, bénéficie d’un emplacement privilégié à quelques pas de la place des Ferblantiers et du Palais de la Bahia. Il se compose d’un patio couvert avec toit électrique, d’un salon, d’une salle à manger et d’une cuisine ouverte sur le patio. L’espace nuit comprend cinq chambres, chacune avec sa salle de douche, ainsi qu’une buanderie. La terrasse offre un agréable...",https://www.mubawab-media.com/ad/8/249/033F/h/WhatsApp%20Image%202025-10-22%20at%2012.20.46_81375307.avif,28,2026-09-30
8246381,Magnifique Riad Rénové clé en main à Marrakech,https://www.mubawab.ma/fr/a/8246381/magnifique-riad-r%C3%A9nov%C3%A9-cl%C3%A9-en-main-%C3%A0-marrakech,Vente,Riad,Marrakech,Médina,700 000 DH,700000,117m²,117,7 Pièces,5 Chambres,5 Salles de bains,"Terrasse, Piscine, Meublé, Salon Marocain, Salon européen, Antenne parabolique, Climatisation, Chauffage central, Sécurité, Double vitrage, Cuisine équipée, Réfrigérateur, Four, Machine à laver, Micro-ondes","VENDRE — Magnifique Riad clé en main à Marrakech, Bab Doukkala Plongez dans l’élégance et la sérénité de ce superbe riad entièrement rénové avec goût, situé dans le quartier recherché de Bab Doukkala, au cœur de la Médina de Marrakech. Dès que vous franchissez la porte, vous serez séduit par le calme absolu, un véritable havre de paix loin de l’agitation, tout en restant à deux pas des principaux sites et souks. Caractéristiques principales :...",https://www.mubawab-media.com/ad/8/246/381F/h/PHOTO-2025-07-06-17-16-29%205_81349013.avif,27,2026-09-30
8226177,Riad de charme – Secteur Riad Laarous,https://www.mubawab.ma/fr/a/8226177/riad-de-charme-%E2%80%93-secteur-riad-laarous,Vente,Riad,Marrakech,Médina,700 000 DH,700000,145m²,145,7 Pièces,6 Chambres,6 Salles de bains,"Terrasse, Piscine, Salon Marocain","Vous recherchez une opportunité d’investissement à Marrakech ? Caractéristiques du bien : • Localisation : Secteur Riad Laarous, médina de Marrakech • 6 chambres spacieuses, idéales pour accueillir famille, amis ou développer un projet de maison d’hôtes • Surface au sol : 145 m² • Piscine privative, rare dans la médina • Prix : 700 000 Ce Riad Marrakech à vendre allie charme authentique et confort moderne. Son emplacement...",https://www.mubawab-media.com/ad/8/226/177F/h/1_81135714.avif,9,2026-09-30
8288938,Villa Riad 3 chambres et piscine Golf Al Maaden,https://www.mubawab.ma/fr/a/8288938/villa-riad-3-chambres-et-piscine-golf-al-maaden,Vente,Riad,Marrakech,Autre / Centre,718 900 DH,718900,320m²,320,7 Pièces,3 Chambres,4 Salles de bains,"Piscine, Meublé","Située au sein de la résidence golfique Al Maaden, à Marrakech, cette villa riad vendue meublée avec piscine privative offre un cadre de vie alliant confort et élégance, au cœur d’un environnement résidentiel recherché. Elle est idéalement localisée sur le golf d’Al Maaden. Disponible immédiatement La villa se compose d’une entrée, d’un salon convivial, d’une salle à manger, ainsi que d’une cuisine aménagée et équipée, pensée pour un quotidien...",https://www.mubawab-media.com/ad/8/288/938F/h/WhatsApp%20Image%202026-01-20%20at%2010.50.16%20%281%29_81811214.avif,2,2026-09-30
8031093,Riad d’Exception à Rénover – Titré –,https://www.mubawab.ma/fr/a/8031093/riad-d%E2%80%99exception-%C3%A0-r%C3%A9nover-%E2%80%93-titr%C3%A9-%E2%80%93,Vente,Riad,Marrakech,Médina,720 000 DH,720000,250m²,250,,10 Chambres,,Jardin,"Riad d’Exception à Rénover – Titré – Accès Voiture – Quartier Plais Badie Situé dans l’un des quartiers les plus prisés de la Médina, à Plais Badie, ce riad titré bénéficie d’un emplacement stratégique à quelques pas des souks animés et des principaux centres d’intérêt touristiques. Un véritable bijou d’architecture traditionnelle marocaine offrant un immense potentiel de transformation. Surface au sol : 250 m² Surface totale habitable...",https://www.mubawab-media.com/ad/8/031/093F/h/file_1730799543_8409099_79169456.avif,11,2026-09-30
8420925,Riad de Charme avec Espace Bien Être,https://www.mubawab.ma/fr/a/8420925/riad-de-charme-avec-espace-bien-%C3%AAtre,Vente,Riad,Marrakech,Médina,720 000 DH,720000,260m²,260,5 Pièces,5 Chambres,5 Salles de bains,"Terrasse, Concierge, Chambre rangement, Meublé, Entre-seul, Salon Marocain, Salon européen, Antenne parabolique, Cheminée, Climatisation, Chauffage central, Sécurité, Double vitrage, Porte blindée, Cuisine équipée, Réfrigérateur, Four, Machine à laver, Micro-ondes","Emplacement et Environnement : Situé dans le quartier historique de Ben Salah, ce bien bénéficie d'une situation idéale, à la fois calme, résidentielle et profondément authentique. Ce secteur recherché offre une immersion totale dans l'histoire de la Médina tout en restant très facilement accessible pour les visiteurs. Fiche Technique et Caractéristiques : * Parcelle au sol : 117 m² (Titre foncier en règle) * Structure : R2 (Rez-de-chaussée pl...",https://www.mubawab-media.com/ad/8/420/925F/h/IMG-20260921-WA0051_83279210.avif,15,2026-09-30
8377786,Riad de 7 chambres à Vendre,https://www.mubawab.ma/fr/a/8377786/riad-de-7-chambres-%C3%A0-vendre,Vente,Riad,Marrakech,Autre / Centre,720 000 DH,720000,380m²,380,9 Pièces,7 Chambres,7 Salles de bains,"Terrasse, Vue sur les montagnes, Piscine, Chambre rangement, Meublé, Salon Marocain, Antenne parabolique, Cheminée, Climatisation, Sécurité, Cuisine équipée, Réfrigérateur, Four, Machine à laver, Micro-ondes","Riad se situant quartier Sidi Ayoub - Se composant en 2 parties: la première partie un grand riad titré de 4 cotés avec beau patio arboré et une piscine. 5 chambres avec SDB privative. Salon/ séjour avec cheminée. Une cuisine équipée avec pièce de rangement. Toilette invités. Terrasse aménagée avec coin salon, un petit coin bar et solarium. La deuxième partie en étage est une douira de 2 chambres avec coin salon, cuisine aménagée , 1 salle de b...",https://www.mubawab-media.com/ad/8/377/786F/h/IMG-20260705-WA0000_82808208.avif,18,2026-09-30
7881483,Riad Authentique,https://www.mubawab.ma/fr/a/7881483/riad-authentique,Vente,Riad,Marrakech,Médina,730 000 DH,730000,240m²,240,,5 Chambres,4 Salles de bains,Terrasse,"Bienvenue dans ce charmant riad niché au cœur de la médina, un des quartiers les plus prisés de Marrakech. Avec une superficie habitable de 480m² et un terrain de 240m², ce riad offre un mélange parfait de tradition et de confort moderne.En franchissant les portes, vous êtes accueilli par un patio doté un magnifique bassin eau, créant une atmosphère rafraîchissante et apaisante dès votre arrivée.1er étage abrite un élégant salon, Une salle à mang...",https://www.mubawab-media.com/ad/7/881/483F/h/file_1710332368_7141520_70311281.avif,27,2026-09-30
8363312,Marrakech I Medina,https://www.mubawab.ma/fr/a/8363312/marrakech-i-medina,Vente,Riad,Marrakech,Médina,730 000 DH,730000,,,4 Pièces,4 Chambres,5 Salles de bains,"Terrasse, Meublé, Cuisine équipée, Réfrigérateur, Four, Micro-ondes","D'une superficie de 105 m² au sol, ce riad bénéficie d'un emplacement d'exception au cœur du quartier très recherché de Dar El Bacha, l'une des adresses les plus prestigieuses de la médina de Marrakech. Ce quartier emblématique, prisé pour son élégance et son authenticité, se situe à quelques minutes du Musée des Confluences (Dar El Bacha) et à proximité immédiate des plus belles adresses de la médina. Il offre un cadre de vie raffiné, particuli...",https://www.mubawab-media.com/ad/8/363/312F/h/1_82620567.avif,16,2026-09-30
8359825,Riad de charme rénové autorisé maison d'hôtes,https://www.mubawab.ma/fr/a/8359825/riad-de-charme-r%C3%A9nov%C3%A9-autoris%C3%A9-maison-d-h%C3%B4tes,Vente,Riad,Marrakech,Médina,730 000 DH,730000,180m²,180,7 Pièces,6 Chambres,6 Salles de bains,"Terrasse, Piscine, Chambre rangement, Meublé, Salon Marocain, Antenne parabolique, Climatisation, Sécurité, Porte blindée, Cuisine équipée, Réfrigérateur, Four, Machine à laver, Micro-ondes","À vendre, riad de charme entièrement rénové situé au cœur de la médina de Marrakech, à 15mn à pièds de la place Jemaa el‑Fna et des principaux centres d’intérêt, accessible en voiture. Le bien se compose de 6 chambres, chacune disposant de sa salle de bains privative, réparties autour d’un patio central avec bassin/petite piscine. Les espaces de vie comprennent un ou plusieurs salons, une salle à manger et une cuisine équipée, adaptés à une explo...",https://www.mubawab-media.com/ad/8/359/825F/h/patio-Noasid-0-scaled.jpg_82705387.avif,17,2026-09-30
8319380,"Riad exploité avec 6 suites à Douar Graoua, Médina",https://www.mubawab.ma/fr/a/8319380/riad-exploit%C3%A9-avec-6-suites-%C3%A0-douar-graoua-m%C3%A9dina,Vente,Riad,Marrakech,Médina,730 000 DH,730000,113m²,113,7 Pièces,6 Chambres,6 Salles de bains,,"Situé dans le quartier recherché de Douar Graoua, au cœur de la médina de Marrakech, ce riad bénéficie d’un emplacement stratégique à proximité immédiate des principaux sites touristiques et des accès, dans un secteur très prisé pour la location touristique. Édifié sur une parcelle de 113 m² au sol, le bien est actuellement exploité en maison d’hôtes et offre une configuration parfaitement optimisée pour l’accueil d’une clientèle exigeante. Cara...",https://www.mubawab-media.com/ad/8/319/380F/h/1_82135111.avif,10,2026-09-30
8404152,Vente riad titre a riad zitoune jdid,https://www.mubawab.ma/fr/a/8404152/vente-riad-titre-a-riad-zitoune-jdid,Vente,Riad,Marrakech,Médina,735 000 DH,735000,214m²,214,7 Pièces,4 Chambres,4 Salles de bains,"Terrasse, Garage","Au cœur de Riad Zitoun Jdid, l'un des quartiers les plus recherchés et prestigieux de la Médina de Marrakech, découvrez ce Riad traditionnel entièrement rénové, offrant des prestations de qualité et un cadre particulièrement élégant. Idéalement situé à proximité du Palais Bahia et à seulement 5 minutes à pied de la célèbre place Jamaâ el-Fna, le Riad bénéficie également d'un parking accessible environ 3 minutes à pied, un véritable atout dans la...",https://www.mubawab-media.com/ad/8/404/152F/h/2026_07_28_11_22_IMG_9678_83094992.avif,15,2026-09-30
8316112,Riad Maison d’Hôtes 6ch Quartier Larousse,https://www.mubawab.ma/fr/a/8316112/riad-maison-d%E2%80%99h%C3%B4tes-6ch-quartier-larousse,Vente,Riad,Marrakech,Autre / Centre,740 000 DH,740000,290m²,290,10 Pièces,6 Chambres,6 Salles de bains,"Terrasse, Vue sur les montagnes, Piscine, Meublé, Salon Marocain, Salon européen, Antenne parabolique, Cheminée, Climatisation, Chauffage central, Sécurité, Double vitrage, Porte blindée, Cuisine équipée, Réfrigérateur, Four, Machine à laver, Micro-ondes","Riad en activité — Maison d’hôtes classée 2ème catégorie Idéalement situé dans le quartier Larousse, proche de toutes commodités, ce beau riad en pleine activité offre un cadre de vie et d’investissement exceptionnel. Caractéristiques : Surface au sol : 134 m² Surface habitable : 290 m² Patio : 30 m² 6 chambres avec salle de bain privative 2 salons ouverts très lumineux Réception Cuisine équipée Bassin Solarium Statut : Maison...",https://www.mubawab-media.com/ad/8/316/112F/h/photo_0_82101267.avif,15,2026-09-30
8419545,Riad classé nouvelles normes piscine Bab Doukkala,https://www.mubawab.ma/fr/a/8419545/riad-class%C3%A9-nouvelles-normes-piscine-bab-doukkala,Vente,Riad,Marrakech,Médina,750 000 DH,750000,212m²,212,6 Pièces,5 Chambres,5 Salles de bains,"Terrasse, Vue sur les montagnes, Piscine, Concierge, Chambre rangement, Meublé, Salon Marocain, Climatisation, Sécurité, Cuisine équipée, Réfrigérateur, Four, Machine à laver, Micro-ondes","ATLASIMMOBILIER vous propose ce riad récent, titré et exploité en maison d’hôtes classée, idéalement situé dans la médina de Marrakech, entre Bab Doukkala et le très recherché quartier de Dar El Bacha. Construit et livré neuf en 2024, cet établissement répond aux normes touristiques 2026 et dispose de l’ensemble des documents nécessaires à son exploitation : titre foncier, autorisation d’exploitation, décision de classement et permis d’habiter. ...",https://www.mubawab-media.com/ad/8/419/545F/h/marrakech-riad-piscine-patio-salon_83263982.avif,26,2026-09-30
8417934,Riad Maison d’Hôtes à vendre – 6 Suites Bab Doukkala,https://www.mubawab.ma/fr/a/8417934/riad-maison-d%E2%80%99h%C3%B4tes-%C3%A0-vendre-%E2%80%93-6-suites-bab-doukkala,Vente,Riad,Marrakech,Guéliz,750 000 DH,750000,310m²,310,7 Pièces,6 Chambres,6 Salles de bains,"Terrasse, Meublé","Nous vous proposons à la vente ce charmant riad idéalement situé au cœur de la Médina, dans le quartier recherché de Bab Doukkala, à 8 minutes à pied du musée Dar El Bacha. Emplacement stratégique offrant un accès aisé aux souks, à la place Jemaa el-Fna, ainsi qu'aux Jardins Majorelle, à Guéliz et à l'Hivernage. Parkings et dépose voiture à proximité. Édifié sur 155 m² au sol et développant environ 310 m² habitables, ce riad titré dispose de son...",https://www.mubawab-media.com/ad/8/417/934F/h/1d892f38-a1f7-4d32-b875-6e3328f8fb4f-42890B3D_8E97_47FF_B177_534D130DD6E2_83246054.avif,14,2026-09-30
8421689,Achetez votre riad à a la kasba. Surface de 258 m²,https://www.mubawab.ma/fr/a/8421689/achetez-votre-riad-%C3%A0-a-la-kasba-surface-de-258-m%C2%B2,Vente,Riad,Marrakech,Kasbah,750 000 DH,750000,680m²,680,1 Pièce,5 Chambres,4 Salles de bains,"Terrasse, Garage",RIAD A VENDRE KASBAH MARRAKECH 300000 EUROS Magnifique Riad plein de charme et fort potentiel situe au coeur de la Kasbah dans le calme et authentique Derb Amizmiz Emplacement ideal au coeur de la Kasbah A 2 min a pied de la Mosquee Moulay El Yazid A 3 min du Palais Royal A 5 min des Tombeaux Saadiens A 8 min du Mellah et du Palais Bahia A 10 min de la Place Jemaa El Fna Quartier calme securise et tres prise par les investisseurs Acces facile p...,https://www.mubawab-media.com/ad/8/421/689F/h/IMG-20260923-WA3335_83287565.avif,3,2026-09-30
8229713,Vente Riad titré 8 chambres À Riad Laarous Médina,https://www.mubawab.ma/fr/a/8229713/vente-riad-titr%C3%A9-8-chambres-%C3%A0-riad-laarous-m%C3%A9dina,Vente,Riad,Marrakech,Médina,750 000 DH,750000,99m²,99,11 Pièces,8 Chambres,8 Salles de bains,"Jardin, Terrasse, Garage, Concierge","Découvrez ce magnifique Riad titré de 99 m² au sol, 200 m² habitables, idéalement situé à Riad Laârous, idéalement situé au cœur de la Médina de Marrakech. À proximité immédiate du Jardin Secret (5 min), à 10 minutes de la célèbre place Jamaâ El Fna et des souks, avec parking à seulement 3 minutes à pied. Le Riad se compose de : RDC : Entrée, WC d'invités, 3 chambres avec 3 SDB, Réception et pièce pour gardien. Étage : 4 chambre dont une avec SDB...",https://www.mubawab-media.com/ad/8/229/713F/h/WhatsApp%20Image%202025-10-06%20at%2010.05.54_81173466.avif,12,2026-09-30
8359406,Marrakech I Medina,https://www.mubawab.ma/fr/a/8359406/marrakech-i-medina,Vente,Riad,Marrakech,Médina,750 000 DH,750000,,,,4 Chambres,5 Salles de bains,"Terrasse, Garage, Cheminée, Cuisine équipée, Réfrigérateur, Four, Micro-ondes","Édifié sur une superficie de 150 m² au sol, ce riad est idéalement situé dans le quartier Riad Laarouss, avec un accès facile et un parking à proximité immédiate. Quartier recherché, il bénéficie d'un emplacement de premier ordre au cœur du quartier historique de Riad Laarouss, à quelques minutes de Dar El Bacha. Un ancrage dans le Marrakech le plus authentique, celui que recherchent les connaisseurs. Idéal pour un investissement locatif ou une...",https://www.mubawab-media.com/ad/8/359/406F/h/1_82566626.avif,14,2026-09-30
8277975,RIAD 5CH 280M2,https://www.mubawab.ma/fr/a/8277975/riad-5ch-280m2,Vente,Riad,Marrakech,Médina,750 000 DH,750000,280m²,280,6 Pièces,5 Chambres,5 Salles de bains,"Terrasse, Piscine, Meublé, Cuisine équipée","Riad de charme situé au cœur de la Médina de Marrakech, à proximité immédiate de la place des Épices et des principaux sites emblématiques. Ce riad d’environ 280 m² habitables, édifié sur une parcelle d’environ 185 m², a été entièrement rénové dans le respect de l’architecture marocaine traditionnelle, tout en offrant un excellent niveau de confort. Il s’organise autour d’un patio central avec bassin et comprend cinq chambres, chacune disposant d...",https://www.mubawab-media.com/ad/8/277/975F/h/658e230d-0adf-4faa-82e2-5da681d8d056_81694030.avif,21,2026-09-30
8251264,À vendre maison à renover au médina avec bon prix,https://www.mubawab.ma/fr/a/8251264/%C3%A0-vendre-maison-%C3%A0-renover-au-m%C3%A9dina-avec-bon-prix,Vente,Riad,Marrakech,Médina,750 000 DH,750000,80m²,80,4 Pièces,3 Chambres,1 Salle de bain,"Terrasse, Vue sur les montagnes, Salon Marocain, Sécurité","je mets une maison sous forme d'un Riad avec grand patio (malkiya) à rénover , superficie au sol 80m², il y a le rez de chaussé 1ér étage et terrasse environ 10 minutes de la mederssa ben youssef. prix vente raisonable 75k. je ne réponds pas aucun samsar et non sérieux",https://www.mubawab-media.com/ad/8/251/264F/h/c6896683-ac5e-446a-acc1-fc18275da82a_81398252.avif,3,2026-09-30
8259715,"Riad Maison d’Hôtes à Mouassine, Médina",https://www.mubawab.ma/fr/a/8259715/riad-maison-d%E2%80%99h%C3%B4tes-%C3%A0-mouassine-m%C3%A9dina,Vente,Riad,Marrakech,Médina,770 000 DH,770000,137m²,137,5 Pièces,4 Chambres,4 Salles de bains,"Piscine, Climatisation, Chauffage central, Sécurité, Cuisine équipée","Situé à Mouassine, l’un des quartiers les plus prisés de la Médina, ce riad magnifiquement entretenu offre un cadre authentique et chaleureux, idéal pour une activité de maison d’hôtes. Avec une superficie de 137 m², il se compose de : • 4 chambres avec salles de bain privatives • Séjour lumineux • 2 cuisines américaines équipées • Petite piscine agréable pour les clients Le riad allie charme traditionnel et confort moderne grâ...",https://www.mubawab-media.com/ad/8/259/715F/h/2_81484681.avif,12,2026-09-30
8412790,Petit Riad pas cher 50 m² au sol zaouia,https://www.mubawab.ma/fr/a/8412790/petit-riad-pas-cher-50-m%C2%B2-au-sol-zaouia,Vente,Riad,Marrakech,Autre / Centre,780 000 DH,780000,80m²,80,2 Pièces,2 Chambres,2 Salles de bains,Terrasse,"La Cible Immobilier vous propose ce charmant petit riad de 50 m² au sol, situé dans une ruelle calme du quartier Zaouia, à proximité immédiate d'un établissement haut de gamme. Caractéristiques clés : Superficie : 50 m² au sol. Agencement : Un patio, un salon, une cuisine, 2 chambres (dont une avec sa propre salle de bain), une pièce d'appoint, des toilettes et une terrasse ( escalier à construire) Environnement : Emplacement paisible, idéal...",https://www.mubawab-media.com/ad/8/412/790F/h/252108_83263769.avif,18,2026-09-30
8412816,Petit Riad de 64 m² en Cours de Titrage,https://www.mubawab.ma/fr/a/8412816/petit-riad-de-64-m%C2%B2-en-cours-de-titrage,Vente,Riad,Marrakech,Autre / Centre,780 000 DH,780000,100m²,100,2 Pièces,4 Chambres,2 Salles de bains,Terrasse,"La Cible Immobilier vous propose ce riad de 64 m² au sol, situé dans une ruelle très calme du quartier de Zaouia Bel Abbes, à proximité immédiate d'un riad haut de gamme. Caractéristiques clés : Superficie : 64 m² au sol. Agencement (sur 3 niveaux) : Rez-de-chaussée : un patio, une cuisine, 1 chambre et des toilettes. 1er étage : 3 chambres, 1 pièce supplémentaire et des toilettes. 2ème étage : 2 chambres, une seconde cuisine et...",https://www.mubawab-media.com/ad/8/412/816F/h/252130_83263824.avif,24,2026-09-30
8364454,Très beau riad titre à vendre à Derb dabachi 6 chambres agr...,https://www.mubawab.ma/fr/a/8364454/tr%C3%A8s-beau-riad-titre-%C3%A0-vendre-%C3%A0-derb-dabachi-6-chambres-agr%C3%A9ables,Vente,Riad,Marrakech,Médina,780 000 DH,780000,160m²,160,2 Pièces,6 Chambres,3 Salles de bains,,"Découvrez ce magnifique riad situé au cœur de Marrakech, dans le quartier authentique de Kennaria, à Marrakech-Médina. Cette propriété offre une superficie de 160 m², parfaitement conservée et habitable, intégrant des éléments traditionnels et une architecture marocaine exceptionnelle. En entrant, on est accueilli par un patio central orné de plantes luxuriantes, créant une atmosphère apaisante et naturelle au cœur du bâtiment. Le sol est orné d...",https://www.mubawab-media.com/ad/8/364/454F/h/photo_00_82659515.avif,12,2026-09-30
8378433,"Riad Maison d'hôte, Marrakech",https://www.mubawab.ma/fr/a/8378433/riad-maison-d-h%C3%B4te-marrakech,Vente,Riad,Marrakech,Médina,785 000 DH,785000,300m²,300,8 Pièces,6 Chambres,,"Terrasse, Vue sur les montagnes, Piscine, Meublé, Chauffage central, Sécurité, Cuisine équipée","L'Agence Immobilière Vaneau Maroc vous propose à la vente ce produit traditionnel marocain. Charmant Riad exotique maison d’hôtes à vendre idéalement situé à la Médina, niché au coeur du quartier de Bab Doukkala, vers le coté Dar Elbacha, Son emplacement stratégique au sein de la Médina, offre un accès facile aux souks animés et à la célèbre place Jamaâ el Fna. L'Emplacement du Riad permettant également de se rendre aisément aux autres attra...",https://www.mubawab-media.com/ad/8/378/433F/h/f222fee6c82dd9ffffe4eb971be0a636_87b7c0feb1_954-big_82816293.avif,22,2026-09-30
8271681,Riad titré avec agrément maison d’hôtes,https://www.mubawab.ma/fr/a/8271681/riad-titr%C3%A9-avec-agr%C3%A9ment-maison-d%E2%80%99h%C3%B4tes,Vente,Riad,Marrakech,Médina,785 000 DH,785000,175m²,175,7 Pièces,6 Chambres,6 Salles de bains,Terrasse,"Situé dans le quartier recherché de Bab Doukkala, ce riad titré dispose d’un agrément maison d’hôtes et est actuellement en exploitation, offrant une opportunité rare d’investissement clé en main dans la Médina de Marrakech. Caractéristiques : 175 m² au sol 300 m² habitables 6 chambres, chacune avec salle de bain et toilettes Possibilité d’aménager une 7ᵉ chambre Bassin dans le patio Bassin sur la terrasse Atouts : Riad titré Autorisation mai...",https://www.mubawab-media.com/ad/8/271/681F/h/Logo%20mode%CC%80le%20a%CC%80%20modifier%20-%206_81626579.avif,12,2026-09-30
8340230,Riad de 190m2 au sol à Berrima,https://www.mubawab.ma/fr/a/8340230/riad-de-190m2-au-sol-%C3%A0-berrima,Vente,Riad,Marrakech,Autre / Centre,800 000 DH,800000,190m²,190,9 Pièces,7 Chambres,3 Salles de bains,,"Riad de 190m² au sol à Berrima : Le Format Idéal pour Maison d’Hôtes Description : Opportunité exceptionnelle à Berrima. Ce riad de 190 m² au sol offre la configuration parfaite pour un projet hôtelier de charme. Situé dans un secteur calme et très accessible, il représente un investissement stratégique pour le marché touristique de luxe. La Vision du Projet : • Capacité Optimale : Volume permettant la création d'une Maison d'Hôtes de 8 à 10 suit...",https://www.mubawab-media.com/ad/8/340/230F/h/WhatsApp%20Image%202026-04-27%20at%2010.24.38%20%285%29_82354826.avif,14,2026-09-30
8363182,Douiria à vendre – 45 m² à Riad Zitoun Jdid,https://www.mubawab.ma/fr/a/8363182/douiria-%C3%A0-vendre-%E2%80%93-45-m%C2%B2-%C3%A0-riad-zitoun-jdid,Vente,Riad,Marrakech,Médina,800 000 DH,800000,45m²,45,4 Pièces,3 Chambres,1 Salle de bain,,"Douiria à vendre – 45 m² à Riad Zitoun Jdid À vendre, charmante douria traditionnelle de 45 m², située dans le quartier recherché de Riad Zitoun Jdid, au cœur d’un environnement authentique et proche des principales attractions de la Médina. Le bien bénéficie d’un emplacement stratégique, à seulement 10 minutes à pied du centre de la Médina, idéal pour un projet de petit riad, location courte durée, pied-à-terre ou investissement touristiq...",https://www.mubawab-media.com/ad/8/363/182F/h/WhatsApp%20Image%202026-06-11%20at%2011.54.27%20%281%29_82613705.avif,6,2026-09-30
8314644,Riad titré 5 suites avec hammam à Bab Doukkala,https://www.mubawab.ma/fr/a/8314644/riad-titr%C3%A9-5-suites-avec-hammam-%C3%A0-bab-doukkala,Vente,Riad,Marrakech,Médina,800 000 DH,800000,600m²,600,6 Pièces,5 Chambres,5 Salles de bains,"Terrasse, Piscine, Salon Marocain, Climatisation, Sécurité, Cuisine équipée","Situé dans le quartier authentique et très recherché de Bab Doukkala, dans le secteur de Diour Jdad, ce riad titré offre un cadre de vie élégant au cœur de la médina de Marrakech, à proximité immédiate des souks, restaurants et commodités. Édifié sur un terrain titré de 231 m², le riad développe environ 600 m² habitables incluant les terrasses, offrant de beaux volumes et un fort potentiel pour une résidence privée de charme ou une maison d’hôtes...",https://www.mubawab-media.com/ad/8/314/644F/h/2_82085890.avif,12,2026-09-30
8268555,Vente d'un superbe riad à rahba kdima à côté de café les épi...,https://www.mubawab.ma/fr/a/8268555/vente-d-un-superbe-riad-%C3%A0-rahba-kdima-%C3%A0-c%C3%B4t%C3%A9-de-caf%C3%A9-les-%C3%A9pice-4pi%C3%A8ces-bien-meubl%C3%A9,Vente,Riad,Marrakech,Autre / Centre,800 000 DH,800000,186m²,186,3 Pièces,4 Chambres,4 Salles de bains,"Jardin, Terrasse, Meublé, Salon Marocain, Cheminée, Climatisation, Chauffage central, Sécurité, Double vitrage, Porte blindée, Cuisine équipée, Réfrigérateur, Four, Machine à laver, Micro-ondes","idéalement situé au cœur historique de la ville, niché autour de la Place des Épices, proche de la célèbre Place Jemaa El Fna, dans le quartier Rahba Lakdima, nous proposons ce riad de rêve à la vente d’une superficie de 186m2. Il se distingue par son architecture atypique, ses volumes et son beau patio très lumineux. Au rdc: - un patio avec bassin - deux chambres avec sdb privative - un bhou (salon ouvert sur patio) - une cuisine équipée - un ca...",https://www.mubawab-media.com/ad/8/268/555F/h/photo_00_81593639.avif,11,2026-09-30
8242737,Riad diouiria,https://www.mubawab.ma/fr/a/8242737/riad-diouiria,Vente,Riad,Marrakech,Autre / Centre,800 000 DH,800000,50m²,50,1 Pièce,4 Chambres,1 Salle de bain,,A cote du palais Bahia au quartier Berima se trouve une diouiria de 50 m2 au 1 er etage pas de rez de chaussée 3 chambres une cuisine et un Rooftop,https://www.mubawab-media.com/ad/8/242/737F/h/1000125006_81309392.avif,8,2026-09-30
7688173,Vente Riad Maison D’hote Rénové Titré 260m² hab avec 6 chamb...,https://www.mubawab.ma/fr/a/7688173/vente-riad-maison-d%E2%80%99hote-r%C3%A9nov%C3%A9-titr%C3%A9-260m%C2%B2-hab-avec-6-chambres-%C3%A0-bab-doukala-m%C3%A9dina-marrakech,Vente,Riad,Marrakech,Médina,820 000 DH,820000,155m²,155,8 Pièces,6 Chambres,6 Salles de bains,"Terrasse, Piscine","Ce beau Riad à Marrakech est la résidence qui vous fera vivre aux mieux toutes les atmosphères exotiques qui rendent Marrakech unique. Il est situé dans le quartier Bab Doukkala, un endroitCe beau Riad à Marrakech est la résidence qui vous fera vivre aux mieux toutes les atmosphères exotiques qui rendent Marrakech unique. Il est situé au quartier Bab Doukkala à l’intérieur de la Médina, où vous pouvez facilement vous rendre à pied aux bazars du S...",https://www.mubawab-media.com/ad/7/688/173F/h/WhatsApp%20Image%202023-04-29%20at%2010.22.01%20%281%29_78690966.avif,8,2026-09-30
8277868,Charmant Riad Maison d hôtes,https://www.mubawab.ma/fr/a/8277868/charmant-riad-maison-d-h%C3%B4tes,Vente,Riad,Marrakech,Médina,820 000 DH,820000,310m²,310,8 Pièces,6 Chambres,7 Salles de bains,Terrasse,"Charmant Riad exotique maison d’hôtes à vendre idéalement situé à la Médina, niché au coeur du quartier de Bab Doukkala, vers le coté Dar Elbacha, (8 minutes à pied du musée dar Elbacha) emplacement stratégique au sein de la Médina, offrant un accès facile aux souks animés et à la célèbre place Jamaâ el Fna. Emplacement du Riad permettant également de se rendre aisément aux autres attractions de la ville rouge notamment Jardins Majorelle, quartie...",https://www.mubawab-media.com/ad/8/277/868F/h/PHOTO-2025-12-18-22-09-51_81692821.avif,21,2026-09-30
8388342,Riad de 5 suites de qualité supérieure à vendre à Marrakech,https://www.mubawab.ma/fr/a/8388342/riad-de-5-suites-de-qualit%C3%A9-sup%C3%A9rieure-%C3%A0-vendre-%C3%A0-marrakech,Vente,Riad,Marrakech,Autre / Centre,835 000 DH,835000,133m²,133,5 Pièces,5 Chambres,7 Salles de bains,"Piscine, Meublé, Climatisation, Cuisine équipée","Avec une généreuse superficie de 133m2 en pleine propriété et plus de 300m2 d'espace de vie, ce magnifique Riad est fini selon les normes les plus élevées. 5 chambres avec salles de bain privatives - et une 6ème actuellement utilisée comme salle de gym/espace yoga. Cuisine moderne et spacieuse. Piscine sur le toit. Terrasses avec vue excellente. Réellement accessible avec dépose de taxi à 40m. Ce Riad exceptionnel est d'une valeur merveilleuse à...",https://www.mubawab-media.com/ad/8/388/342F/h/49744364-f468-4194-a5ef-79fe47d9a8a0_82924347.avif,17,2026-09-30
8400799,Riad d'exception 7 chambres Titré Bassin chauffé & Jacuzzi B...,https://www.mubawab.ma/fr/a/8400799/riad-d-exception-7-chambres-titr%C3%A9-bassin-chauff%C3%A9-jacuzzi-bab-doukkala,Vente,Riad,Marrakech,Bab Doukkala,850 000 DH,850000,144m²,144,8 Pièces,7 Chambres,7 Salles de bains,,"Riad en vente – Secteur prisé de Bab Doukkala À vendre, superbe riad de 141 m² titré, idéalement situé dans le quartier recherché de Bab Doukkala, à proximité immédiate des remparts et des accès. Ce bien d'exception, entièrement restauré et exploité avec succès en maison d'hôtes, dispose de tous les agréments nécessaires pour une reprise d'activité immédiate ou pour en faire une résidence privée de grand standing. Points forts : · Surface : 1...",https://www.mubawab-media.com/ad/8/400/799F/h/photo_0_83059624.avif,9,2026-09-30
8420877,Maison d'Hôtes Officielle Prête à Exploiter,https://www.mubawab.ma/fr/a/8420877/maison-d-h%C3%B4tes-officielle-pr%C3%AAte-%C3%A0-exploiter,Vente,Riad,Marrakech,Médina,850 000 DH,850000,300m²,300,7 Pièces,7 Chambres,7 Salles de bains,"Terrasse, Piscine, Concierge, Chambre rangement, Meublé, Entre-seul, Salon Marocain, Salon européen, Antenne parabolique, Cheminée, Climatisation, Chauffage central, Sécurité, Double vitrage, Porte blindée, Cuisine équipée, Réfrigérateur, Four, Machine à laver, Micro-ondes","Emplacement et Opportunité : Une opportunité rare sur le marché au cœur du quartier historique de Berrima. Ce Riad bénéficie d'un emplacement privilégié, recherché pour son calme et sa proximité immédiate avec les grands palais de la Médina. Entièrement titré et disposant de l'autorisation officielle de maison d'hôtes, ce bien est une affaire clé en main prête à générer une excellente rentabilité locative. Fiche Technique et Caractéristiques :...",https://www.mubawab-media.com/ad/8/420/877F/h/IMG-20260921-WA0040_83278687.avif,9,2026-09-30
8420962,Riad Proche du Palais Bahia – Quartier Mellah,https://www.mubawab.ma/fr/a/8420962/riad-proche-du-palais-bahia-%E2%80%93-quartier-mellah,Vente,Riad,Marrakech,Mellah,850 000 DH,850000,160m²,160,2 Pièces,5 Chambres,2 Salles de bains,Terrasse,"La Cible Immobilier vous propose ce riad en béton de 70 m² au sol, bénéficiant d'un accès facile au cœur du quartier historique du Mellah. Caractéristiques clés : Superficie : 70 m² au sol. Agencement (sur 3 niveaux) : Rez-de-chaussée : une entrée aménagée en salon et 2 chambres. 1er étage : un patio, 2 chambres, une cuisine, une salle de bain et des toilettes. 2ème étage : une grande pièce supplémentaire et une terrasse. Emp...",https://www.mubawab-media.com/ad/8/420/962F/h/1000082727_83279570.avif,11,2026-09-30
8359277,Riad d'invités exceptionnel Bab Doukalla à vendre,https://www.mubawab.ma/fr/a/8359277/riad-d-invit%C3%A9s-exceptionnel-bab-doukalla-%C3%A0-vendre,Vente,Riad,Marrakech,Autre / Centre,850 000 DH,850000,174m²,174,9 Pièces,6 Chambres,8 Salles de bains,"Piscine, Chambre rangement, Meublé, Salon Marocain, Cheminée, Climatisation, Cuisine équipée, Réfrigérateur, Four, Machine à laver, Micro-ondes","Brochure Emplacement À propos Description Riad d'invités exceptionnel Bab Doukalla à vendre à Marrakech. Sur un très généreux emprise de titre de 174m2, ce riad de maison d'hôtes autorisé déploie plus de 400m2 d'espace de vie. Une belle cour avec une piscine profonde, arborant une superbe architecture à colonnades. Il est harmonieux et spacieux. Juste 6 belles chambres avec salle de bain. Une cuisine fabuleuse avec son îlot central - parfai...",https://www.mubawab-media.com/ad/8/359/277F/h/f3f5d8c0-cd7f-4d5d-abbe-6572a689f52a_82565200.avif,16,2026-09-30
8396666,Riad d'exception 7 chambres Titré Bassin chauffé & Jacuzzi ...,https://www.mubawab.ma/fr/a/8396666/riad-d-exception-7-chambres-titr%C3%A9-bassin-chauff%C3%A9-jacuzzi-bab-doukkala,Vente,Riad,Marrakech,Bab Doukkala,850 000 DH,850000,141m²,141,7 Pièces,7 Chambres,7 Salles de bains,,"Riad en vente – Secteur prisé de Bab Doukkala À vendre, superbe riad de 141 m² titré, idéalement situé dans le quartier recherché de Bab Doukkala, à proximité immédiate des remparts et des accès. Ce bien d'exception, entièrement restauré et exploité avec succès en maison d'hôtes, dispose de tous les agréments nécessaires pour une reprise d'activité immédiate ou pour en faire une résidence privée de grand standing. Points forts : · Surface : 1...",https://www.mubawab-media.com/ad/8/396/666F/h/photo_0_83016316.avif,9,2026-09-30
8326642,Maison Melkia à vendre à Riad Laarous,https://www.mubawab.ma/fr/a/8326642/maison-melkia-%C3%A0-vendre-%C3%A0-riad-laarous,Vente,Riad,Marrakech,Autre / Centre,850 000 DH,850000,37m²,37,3 Pièces,2 Chambres,1 Salle de bain,Terrasse,"Une belle maison melkia située dans le quartier recherché de Riad Laarous est à la vente * Superficie : 37 m² * Elle se compose de 2 chambres , une kichenette, une salle de bain et une terrasse. * Maison idéale pour investissement ou projet de rénovation * Située dans un quartier authentique et très demandé de Marrakech Prix de vente : 850 000 DH",https://www.mubawab-media.com/ad/8/326/642F/h/7963173e-8a76-40e4-b4b1-a9f6e65b25bf_82212551.avif,13,2026-09-30
8375927,Villa Riad 560 m2 titrée Ait Ourir Marrakech,https://www.mubawab.ma/fr/a/8375927/villa-riad-560-m2-titr%C3%A9e-ait-ourir-marrakech,Vente,Riad,Marrakech,Aït Ourir,850 000 DH,850000,140m²,140,2 Pièces,1 Ch.,2 Salles de bains,"Jardin, Garage, Vue sur mer, Vue sur les montagnes, Piscine, Chambre rangement, Meublé, Salon Marocain, Salon européen, Antenne parabolique, Réfrigérateur, Machine à laver","Très jolie maison atypique de 560 m2 titrée, zone urbaine, située Ait Ourir à 38 km de Marrakech (environ 1/2 heure, route à double voies). La maison est située dans un petit village, sécurisé et très bon voisinage Le transport et commerces sont proximités. La maison est écologique grâce à l'épaisseur des murs. Présence d'un patio lumineux. Le jardin contient un puit et sept oliviers et un terrain qui peut servir pour faire une piscine ou a...",https://www.mubawab-media.com/ad/8/375/927F/h/IMG20231115143130_82788331.avif,9,2026-09-30
8419457,Riad de 6 chambres maison d'hôtes,https://www.mubawab.ma/fr/a/8419457/riad-de-6-chambres-maison-d-h%C3%B4tes,Vente,Riad,Marrakech,Médina,860 000 DH,860000,260m²,260,8 Pièces,6 Chambres,6 Salles de bains,"Terrasse, Piscine, Meublé, Climatisation, Cuisine équipée","Médina, riad titré et classé en maison d’hôtes de 6 chambres à vendre, bénéficiant d’un accès facile en voiture ou en taxi. RDC (114 m² au sol) 1 Patio aménagé avec bassin 1 Salon 1 Cuisine équipée 2 Chambres 2 Salles d'eau 1er Étage 4 Chambres 4 Salles d'eau 2ème Étage 1 Cuisine aménagée 1 Terrasse équipée 1 Espace solarium 1 Coin repas 1 Salon repos Ce riad, exploité avec succès depuis plus de 20 ans, bénéficie d’une excellente notoriété...",https://www.mubawab-media.com/ad/8/419/457F/h/101737_83263002.avif,7,2026-09-21
8418551,Marrakech I Medina,https://www.mubawab.ma/fr/a/8418551/marrakech-i-medina,Vente,Riad,Marrakech,Médina,860 000 DH,860000,200m²,200,6 Pièces,6 Chambres,6 Salles de bains,"Terrasse, Meublé","Situé au cœur du quartier historique de la Kasbah, à deux pas des principaux monuments emblématiques de Marrakech, ce riad, maison d'hôtes de charme, développe 114 m² au sol pour environ 200 m² habitables répartis sur plusieurs niveaux. Il s'organise avec élégance autour d'un patio central agrémenté d'un bassin, véritable cœur de vie de la demeure, et comprend une salle à manger ouverte propice aux moments de convivialité, ainsi que six chambres...",https://www.mubawab-media.com/ad/8/418/551F/h/1_83253228.avif,17,2026-09-30
8370718,"Riad 7 suites, en exploitation Bab Doukkala",https://www.mubawab.ma/fr/a/8370718/riad-7-suites-en-exploitation-bab-doukkala,Vente,Riad,Marrakech,Bab Doukkala,875 000 DH,875000,141m²,141,8 Pièces,7 Chambres,7 Salles de bains,"Piscine, Concierge, Meublé, Salon Marocain, Cheminée, Climatisation, Sécurité","Les points forts du riad : -7 suites -Taux d'occupation exceptionnel de 95 % sur le premier semestre 2026 -Chiffre d'affaires annuel projeté d'environ 280 000 -Résultat d'exploitation estimé à près de 175 000 par an -Rentabilité nette estimée entre 16 % et 20 % -Réputation remarquable Carnet de réservations déjà sécurisé jusqu'à fin 2026 Équipe en place, stable et opérationnelle Aucun travaux à prévoir Cuisine professionnelle Jacu...",https://www.mubawab-media.com/ad/8/370/718F/h/patio%20R%2B1%20fusain%201_82728684.avif,13,2026-09-30
8370462,Riad Maison d'Hôtes Bab Doukkala,https://www.mubawab.ma/fr/a/8370462/riad-maison-d-h%C3%B4tes-bab-doukkala,Vente,Riad,Marrakech,Médina,875 000 DH,875000,141m²,141,,7 Chambres,,,"Vaneau Maroc vous propose à la vente un superbe riad en activité idéalement situé dans le quartier prisé de Bab Doukkala, au cœur de la médina de Marrakech et à proximité immédiate des principaux centres d’intérêt de la ville. Ce riad de charme, parfaitement entretenu et en excellent état général, développe de beaux volumes autour d’un élégant patio agrémenté d’un bassin. Il comprend 7 chambres spacieuses, chacune disposant de sa propre salle d’e...",https://www.mubawab-media.com/ad/8/370/462F/h/bdcbf7a488643b65bd33461639c199a3_82725850.avif,33,2026-09-30
8228170,Marrakech I Medina,https://www.mubawab.ma/fr/a/8228170/marrakech-i-medina,Vente,Riad,Marrakech,Médina,875 000 DH,875000,300m²,300,5 Pièces,5 Chambres,4 Salles de bains,"Terrasse, Meublé, Climatisation, Cuisine équipée, Réfrigérateur, Four, Micro-ondes","Situé au cœur de la médina de Marrakech, ce riad de 187 m² au sol, signé par un architecte de renom, offre cinq chambres et un cadre d'exception où l'authenticité dialogue harmonieusement avec des lignes contemporaines. Organisé sur deux niveaux autour d'un patio spacieux et arboré, le rez-de-chaussée propose de généreux espaces de vie ouverts, une salle à manger, une cuisine entièrement équipée, ainsi qu'un bassin au cœur du patio, idéal pour...",https://www.mubawab-media.com/ad/8/228/170F/h/1_81157602.avif,17,2026-09-30
8352682,Riad maison d’hôtes de charme à vendre,https://www.mubawab.ma/fr/a/8352682/riad-maison-d%E2%80%99h%C3%B4tes-de-charme-%C3%A0-vendre,Vente,Riad,Marrakech,Médina,880 000 DH,880000,300m²,300,7 Pièces,6 Chambres,6 Salles de bains,"Terrasse, Meublé","Riad maison d’hôtes de charme meublé à vendre – Médina Idéalement situé au cœur de la Médina, ce magnifique riad titré bénéficie d’un emplacement privilégié et d’un accès facile. Il dispose de l’autorisation d’exploitation en maison d’hôtes. Alliance subtile entre tradition marocaine et élégance contemporaine, cette propriété offre un cadre raffiné où l’architecture authentique se marie harmonieusement à une décoration soignée et chaleureuse. ...",https://www.mubawab-media.com/ad/8/352/682F/h/278e2cdb22d7b476196aa8bc5e6c2546_268ccf5059_1920-original_82492849.avif,27,2026-09-30
8213313,Riad d'exception 6 suites entre tradition et élégance,https://www.mubawab.ma/fr/a/8213313/riad-d-exception-6-suites-entre-tradition-et-%C3%A9l%C3%A9gance,Vente,Riad,Marrakech,Médina,880 000 DH,880000,294m²,294,8 Pièces,6 Chambres,,"Meublé, Cheminée","Riad d'exception 6 suites entre tradition et élégance Ce somptueux riad entièrement renové de 147 m² au sol, idéalement situé au cœur de la médina. Ce riad d’exception dévoile un univers poétique, où l’architecture traditionnelle marocaine dialogue avec une décoration contemporaine et soignée. Dès l’entrée, le regard est captivé par le patio central, sublimé par une fontaine murale et une pluie de luminaires artisanaux suspendus, créant une a...",https://www.mubawab-media.com/ad/8/213/313F/h/77d3d2fa4eb5e25bd3cda19a11e2c8f7_80997785.avif,26,2026-09-30
8212576,Marrakech I Medina,https://www.mubawab.ma/fr/a/8212576/marrakech-i-medina,Vente,Riad,Marrakech,Médina,890 000 DH,890000,,,5 Pièces,6 Chambres,7 Salles de bains,"Terrasse, Meublé, Climatisation, Cuisine équipée, Réfrigérateur, Four, Micro-ondes","Situé au cœur de la médina de Marrakech, dans le quartier très recherché de Bab Doukkala, ce riad de 147 m² au sol est agréé maison d'hôtes et propose six chambres luxueuses (deux au rez-de-chaussée et quatre à l'étage), un emplacement privilégié et un cadre mêlant authenticité et confort contemporain. Organisé sur deux niveaux autour d'un patio lumineux, le rez-de-chaussée accueille des espaces de vie ouverts sur le patio, une réception/coin a...",https://www.mubawab-media.com/ad/8/212/576F/h/1_80990080.avif,14,2026-09-30
8391559,Marrakech I Medina,https://www.mubawab.ma/fr/a/8391559/marrakech-i-medina,Vente,Riad,Marrakech,Médina,890 000 DH,890000,280m²,280,5 Pièces,5 Chambres,5 Salles de bains,"Terrasse, Meublé","Au cœur de la médina de Marrakech, ce riad jouit d'une adresse privilégiée, à quelques minutes à pied de la place Jemaa el-Fna, des souks traditionnels, des palais Bahia et El Badi, ainsi que des principaux sites culturels de la ville. Exploité en maison d'hôtes depuis 2008, il s'est forgé une solide réputation et affiche d'excellentes performances locatives, avec un taux d'occupation annuel supérieur à 80 %. Une opportunité rare pour les invest...",https://www.mubawab-media.com/ad/8/391/559F/h/1_82958569.avif,17,2026-09-30
8277322,Jolie villa/Riad en résidence sécurisée Route de l'Ourika Ma...,https://www.mubawab.ma/fr/a/8277322/jolie-villa-riad-en-r%C3%A9sidence-s%C3%A9curis%C3%A9e-route-de-l-ourika-marrakech,Vente,Riad,Marrakech,Route de l'Ourika,895 000 DH,895000,488m²,488,7 Pièces,4 Chambres,4 Salles de bains,"Jardin, Terrasse, Garage, Vue sur les montagnes, Piscine, Chambre rangement, Cheminée, Climatisation, Chauffage central, Sécurité, Cuisine équipée","Très jolie Villa située dans une résidence sécurisée de dix villas à 30 minutes du centre-ville de Marrakech sur la route de l’Ourika. Superficie du terrain : 4.400 m2 Superficie habitable : 488 m2 Elle dispose de : 1 Grand salon lumineux avec cheminée 1 Grande cuisine entièrement équipée 3 Suites avec chacune sa salle de bain, dressing et climatisation réversible 1 Suite parentale avec cheminée, grande terrasse privative, salle d...",https://www.mubawab-media.com/ad/8/277/322F/h/692862f9d4ed0e77243f01aad2284890_eafdfcdf1f_1296-big_81687226.avif,32,2026-09-30
8337506,Villa riad vue atlas marrakech rte Ourika,https://www.mubawab.ma/fr/a/8337506/villa-riad-vue-atlas-marrakech-rte-ourika,Vente,Riad,Marrakech,Route de l'Ourika,895 000 DH,895000,488m²,488,7 Pièces,4 Chambres,4 Salles de bains,"Jardin, Terrasse, Garage, Vue sur les montagnes, Piscine, Concierge, Chambre rangement, Salon Marocain, Salon européen, Antenne parabolique, Cheminée, Climatisation, Chauffage central, Sécurité, Cuisine équipée, Four, Machine à laver","Très jolie Villa située dans une résidence sécurisée de dix villas à 30 minutes du centre-ville de Marrakech sur la route de l’Ourika. Superficie du terrain : 4.400 m2 Superficie habitable : 488 m2 Elle dispose de : 1 Grand salon lumineux avec cheminée 1 Grande cuisine entièrement équipée 3 Suites avec chacune sa salle de bain, dressing et climatisation réversible 1 Suite parentale avec cheminée, grande terrasse privative, salle de b...",https://www.mubawab-media.com/ad/8/337/506F/h/0_82326226.avif,29,2026-09-30
8378434,Magnifique riad traditionel au cœur de la médina,https://www.mubawab.ma/fr/a/8378434/magnifique-riad-traditionel-au-c%C5%93ur-de-la-m%C3%A9dina,Vente,Riad,Marrakech,Médina,895 000 DH,895000,250m²,250,5 Pièces,3 Chambres,3 Salles de bains,"Terrasse, Vue sur les montagnes, Piscine, Meublé, Cheminée, Chauffage central, Cuisine équipée","L’agence immobilière Vaneau Maroc vous propose à la vente ce charmant riad d'un surface de 150 m2 au sol ,situé au cœur de la Médina, dans un quartier prisé proche de la mosquée Ben Salah. Construit avec des matériaux nobles, ce bien allie authenticité et élégance traditionnelle marocaine. Au rez-de-chaussée, vous découvrirez une cuisine entièrement équipée, une salle à manger conviviale, un salon chaleureux et un bassin central qui apporte fraî...",https://www.mubawab-media.com/ad/8/378/434F/h/46e5cd1074e44dbc40abbf556039585c_7c819774c9_1024-big_82816312.avif,24,2026-09-30
8097407,Vente Riad neuf de prestige avec 3 suites à kasbah,https://www.mubawab.ma/fr/a/8097407/vente-riad-neuf-de-prestige-avec-3-suites-%C3%A0-kasbah,Vente,Riad,Marrakech,Médina,899 000 DH,899000,450m²,450,6 Pièces,3 Chambres,2 Salles de bains,"Terrasse, Garage","ATLAS TOUAREG vous offre EN EXCLUSIVITÉ Ce Riad, d’une architecture marocaine, 3 suites spacieuses, offrant une superficie au sol 154m² et 450m² habitable, avec des espaces lumineux, Conçu avec élégance et raffinement, au cœur du quartier Kasbah à la Médina de Marrakech, à 10 min à pied de la fameuse place Jamaâ El Fna, avec accès facile et proche des sites emblématiques disposant d'un parking à 100m du Riad (24H/24H). Ce bien d'exception idéal p...",https://www.mubawab-media.com/ad/8/097/407F/h/WhatsApp%20Image%202025-02-19%20at%2016.51.25%20%281%29_79821210.avif,14,2026-09-30
8330936,Grand Riad A Rénover Dispose 3 façades,https://www.mubawab.ma/fr/a/8330936/grand-riad-a-r%C3%A9nover-dispose-3-fa%C3%A7ades,Vente,Riad,Marrakech,Médina,900 000 DH,900000,470m²,470,6 Pièces,7 Chambres,2 Salles de bains,,"Un riad plein de charme à rénover, offrant 470 m² au sol, idéalement situé au cœur de la médina. Ce bien dispose de beaux volumes et d’éléments architecturaux authentiques, offrant un fort potentiel pour la création d’un riad de 8 à 12 chambres ou d’une maison d’hôtes. Avec sa configuration spacieuse et son cachet traditionnel, il représente une excellente opportunité d’investissement, idéale pour un projet locatif type Airbnb ou activité tourist...",https://www.mubawab-media.com/ad/8/330/936F/h/WhatsApp%20Image%202026-04-10%20at%2012.33.57%20%286%29_82258020.avif,8,2026-09-30
8313134,Riad titré neuf autorisé maison d hôte cannaria,https://www.mubawab.ma/fr/a/8313134/riad-titr%C3%A9-neuf-autoris%C3%A9-maison-d-h%C3%B4te-cannaria,Vente,Riad,Marrakech,Médina,900 000 DH,900000,320m²,320,9 Pièces,7 Chambres,7 Salles de bains,"Terrasse, Garage, Piscine","Riad à vendre – Cannaria, Médina de Marrakech Magnifique riad titré et autorisé maison d’hôtes, situé dans le quartier recherché de Cannaria, au cœur de la médina de Marrakech. Édifié sur un terrain de 160 m² au sol, ce riad comprend 7 chambres, chacune avec sa salle de bain privative, un salon, une cuisine, une piscine et une belle terrasse aménagée. Ce bien représente une excellente opportunité pour un projet de maison d’hôtes ou un investiss...",https://www.mubawab-media.com/ad/8/313/134F/h/2d608fd9-5dac-46a4-ac98-f52750d576c5_82070974.avif,9,2026-09-30
8307222,Somptueux riad à vendre à Arset Ben Chebli. 2 grandes pièces,https://www.mubawab.ma/fr/a/8307222/somptueux-riad-%C3%A0-vendre-%C3%A0-arset-ben-chebli-2-grandes-pi%C3%A8ces,Vente,Riad,Marrakech,Autre / Centre,900 000 DH,900000,96m²,96,2 Pièces,1 Ch.,2 Salles de bains,,"Achetez le riad de vos rêves. Prix 900 000 DH. 2 pièces, 2 salles de bains, 96 m². 1 chambre à coucher. Moins de 30 ans. À rénover. Ce riad est en vente à Arset Ben Chebli, Marrakech",https://www.mubawab-media.com/ad/8/307/222F/h/photo_00_82005851.avif,22,2026-09-30
8283401,Riad rénové avec rooftop et jacuzzi Médina,https://www.mubawab.ma/fr/a/8283401/riad-r%C3%A9nov%C3%A9-avec-rooftop-et-jacuzzi-m%C3%A9dina,Vente,Riad,Marrakech,Médina,920 000 DH,920000,147m²,147,8 Pièces,7 Chambres,7 Salles de bains,"Meublé, Salon Marocain, Cheminée","Nous vous proposons ce somptueux riad entièrement rénové, d’une superficie au sol de 147 m², idéalement situé au cœur de la Médina de Marrakech. Alliant authenticité marocaine et raffinement contemporain, il est prêt à être habité ou exploité en maison d’hôtes. Caractéristiques : • 6 suites élégantes (2 au rez-de-chaussée, 4 à l’étage) • Suite triple spacieuse • Salon avec cheminée et décor en tadelakt • Cuisine fermée entièreme...",https://www.mubawab-media.com/ad/8/283/401F/h/1_81753360.avif,12,2026-09-30
8421577,"Appartements, Duplex et Riads à Vendre VEPN26312",https://www.mubawab.ma/fr/a/8421577/appartements-duplex-et-riads-%C3%A0-vendre-vepn26312,Vente,Riad,Marrakech,Hivernage,938 000 DH,938000,39m²,39,2 Pièces,1 Ch.,1 Salle de bain,"Garage, Ascenseur, Piscine, Concierge, Climatisation, Sécurité","Votre agence immobilière à Marrakech PRESTIGE GALLERY IMMO a le plaisir de vous présenter un projet immobilier exceptionnel à l’Hivernage, l’un des quartiers les plus recherchés de Marrakech, à deux pas de la gare. Pensé comme une véritable destination résidentielle, ce projet propose une collection de résidences au design contemporain, avec des appartements et duplex de 1 à 4 chambres, certains bénéficiant de leur propre piscine privée. Un art...",https://www.mubawab-media.com/ad/8/421/577F/h/edhsjk_83286299.avif,23,2026-09-30
8318383,"Grand Riad en cours de construction, livré fini",https://www.mubawab.ma/fr/a/8318383/grand-riad-en-cours-de-construction-livr%C3%A9-fini,Vente,Riad,Marrakech,Bab Doukkala,950 000 DH,950000,545m²,545,11 Pièces,7 Chambres,7 Salles de bains,"Terrasse, Vue sur les montagnes","BEST HOME IMMOBILIER vous invite à découvrir ce superbe Riad en cours de construction, idéalement situé dans le quartier prisé et paisible de Bab Doukkala. D’une surface généreuse de 199 m², ce bien sera livré entièrement terminé avec des prestations de qualité et tous les équipements nécessaires. Seuls le mobilier et la décoration resteront à votre libre choix, vous permettant de personnaliser les lieux selon vos envies et votre style. Le Riad...",https://www.mubawab-media.com/ad/8/318/383F/h/90B92B8D-B5A8-484C-A16F-0B86B19B5127%20%284%29%20%281%29_82125028.avif,14,2026-09-30
8409588,Terrain en vente à Route Amizmiz. Surface de 300 m²,https://www.mubawab.ma/fr/a/8409588/terrain-en-vente-%C3%A0-route-amizmiz-surface-de-300-m%C2%B2,Vente,Riad,Marrakech,Route d'Amizmiz,950 000 DH,950000,300m²,300,,,,,Lot de terrain a vendre dans le lotissement riad marrakech route d'amizmiz. Titré viabilisé Pas d'intermediaire Prix 950000dh construction,https://www.mubawab-media.com/ad/8/409/588F/h/1000204296_83180153.avif,1,2026-09-30
8365185,Vendita di riad a Zaouia Sidi Ghalem. Superficie 176 m². Gra...,https://www.mubawab.ma/fr/a/8365185/vendita-di-riad-a-zaouia-sidi-ghalem-superficie-176-m%C2%B2-grande-piscina,Vente,Riad,Marrakech,Médina,950 000 DH,950000,176m²,176,10 Pièces,7 Chambres,7 Salles de bains,"Garage, Piscine","Située dans le quartier historique de *Diour Jdad*, à proximité de la *Zaouia Sidi Bel Abbas*, cette maison d’hôtes titrée de *176 m² au sol* est une véritable pépite au cœur de la médina de Marrakech. Alliant charme traditionnel et équipements modernes, elle offre une expérience unique aux visiteurs. *Caractéristiques principales:* - *Maison titrée avec autorisation officielle d’exploitation en maison d’hôtes* - *7 chambres* réparties comme s...",https://www.mubawab-media.com/ad/8/365/185F/h/photo_0_82666768.avif,26,2026-09-30
8308686,Riad autorisé maison d’hôtes à Riad laros,https://www.mubawab.ma/fr/a/8308686/riad-autoris%C3%A9-maison-d%E2%80%99h%C3%B4tes-%C3%A0-riad-laros,Vente,Riad,Marrakech,Médina,950 000 DH,950000,358m²,358,10 Pièces,7 Chambres,7 Salles de bains,"Terrasse, Piscine, Sécurité, Cuisine équipée, Machine à laver, Micro-ondes","Riad titré – Riad Laros, Marrakech Médina Riad de 179 m² avec autorisation maison d’hôtes, idéal pour une exploitation locative rentable. 7 chambres – 7 salles de bain – piscine – salon & salle à manger – cuisine – terrasse Prix : 950 000 Frais d’agence : 2,5 % HT Bien rare au cœur de la Médina",https://www.mubawab-media.com/ad/8/308/686F/h/IMG_1190_82021111.avif,8,2026-09-30
8202114,Maison d’hôtes riad authentique Médina de Marrakech,https://www.mubawab.ma/fr/a/8202114/maison-d%E2%80%99h%C3%B4tes-riad-authentique-m%C3%A9dina-de-marrakech,Vente,Riad,Marrakech,Médina,950 000 DH,950000,176m²,176,10 Pièces,7 Chambres,7 Salles de bains,"Garage, Piscine","Située dans le quartier historique de *Diour Jdad*, à proximité de la *Zaouia Sidi Bel Abbas*, cette maison d’hôtes titrée de *176 m² au sol* est une véritable pépite au cœur de la médina de Marrakech. Alliant charme traditionnel et équipements modernes, elle offre une expérience unique aux visiteurs. *Caractéristiques principales:* - *Maison titrée avec autorisation officielle d’exploitation en maison d’hôtes* - *7 chambres* réparties comme s...",https://www.mubawab-media.com/ad/8/202/114F/h/photo_0_80882637.avif,20,2026-09-30
8249290,Riad d’exception marrakech médina,https://www.mubawab.ma/fr/a/8249290/riad-d%E2%80%99exception-marrakech-m%C3%A9dina,Vente,Riad,Marrakech,Médina,950 000 DH,950000,120m²,120,6 Pièces,6 Chambres,3 Salles de bains,"Terrasse, Piscine, Chambre rangement, Salon Marocain, Climatisation","OPPORTUNITÉ RARE - Prix exceptionnel : 950 000 (valeur réelle 1 200 000 ) EMPLACEMENT PRIVILÉGIÉ Situé derrière le mythique Palais Bahia, au cœur de la médina de Marrakech 2 parkings privés à moins de 2 minutes à pied (rarissime en médina !) CARACTÉRISTIQUES • Surface au sol : 120 m² • 6 chambres spacieuses réparties sur 2 étages • 1 chambre familiale pouvant accueillir 4 personnes • 6 salles de bains privatives AGENCEMENT Rez-de-chaussé...",https://www.mubawab-media.com/ad/8/249/290F/h/IMG_0155_81378166.avif,6,2026-09-30
8200510,Riad d’exception titré au cœur de la médina,https://www.mubawab.ma/fr/a/8200510/riad-d%E2%80%99exception-titr%C3%A9-au-c%C5%93ur-de-la-m%C3%A9dina,Vente,Riad,Marrakech,Médina,950 000 DH,950000,176m²,176,8 Pièces,7 Chambres,8 Salles de bains,"Terrasse, Piscine, Chambre rangement, Meublé, Salon Marocain, Salon européen, Cheminée, Climatisation, Sécurité, Porte blindée, Cuisine équipée, Réfrigérateur, Four, Machine à laver, Micro-ondes","Charmant Riad titré situé au cœur de la médina, à deux pas des souks et monuments historiques. Ce havre de paix de style traditionnel marocain allie authenticité et confort moderne. Le Riad compte 7 chambres avec salles de bains privées dont la capacité total des couchages est 20 personne, chacune décorée avec soin, combinant charme ancien (arches, stucs, arcs traditionnels) et équipements modernes (climatisation, électricité neuve, etc.). Plusi...",https://www.mubawab-media.com/ad/8/200/510F/h/RIAD%20BELDI-5_80866560.avif,10,2026-09-30
8293948,Villa d'architecte vue Atlas Route d'Amizmiz,https://www.mubawab.ma/fr/a/8293948/villa-d-architecte-vue-atlas-route-d-amizmiz,Vente,Riad,Marrakech,Route d'Amizmiz,975 000 DH,975000,551m²,551,7 Pièces,5 Chambres,5 Salles de bains,"Jardin, Terrasse, Garage, Vue sur les montagnes, Piscine, Concierge, Chambre rangement, Meublé, Salon Marocain, Salon européen, Antenne parabolique, Cheminée, Climatisation, Chauffage central, Sécurité, Double vitrage, Porte blindée, Cuisine équipée, Réfrigérateur, Four, Machine à laver, Micro-ondes","Superbe villa d’architecte située sur la route d’Amizmiz, à seulement 18 km (20 minutes) de l’aéroport de Marrakech et 30 minutes du centre-ville. Inspirée de l’architecture marocaine traditionnelle dans un esprit Riad, la villa s’organise autour d’un patio central couvert, apportant lumière naturelle et élégance. La propriété offre de magnifiques espaces de vie traversants, comprenant : • Un salon marocain avec cheminée, • Une salle à manger...",https://www.mubawab-media.com/ad/8/293/948F/h/Villa%20Benkiran%203_Plan%20de%20travail%201_81863302.avif,24,2026-09-30
8409394,Riad à reconstruire 73m2 Mellah proche Palais El Badii,https://www.mubawab.ma/fr/a/8409394/riad-%C3%A0-reconstruire-73m2-mellah-proche-palais-el-badii,Vente,Riad,Marrakech,Médina,980 000 DH,980000,73m²,73,,,,,"Nous vous proposons à la vente ce riad d’une superficie de 73 m² au sol, situé dans le secteur du Mellah – Hay Essalam, un quartier de la Médina actuellement en pleine restructuration et offrant un réel potentiel de valorisation, a quelques minutes du Palais el Badii et de la place des Ferblantiers. Le bien est à reconstruire, ce qui permet de concevoir entièrement un projet sur mesure : résidence privée, pied-à-terre à Marrakech ou investissemen...",https://www.mubawab-media.com/ad/8/409/394F/h/fc61b61b-4d2e-465a-8066-b684c8367d58-WhatsApp_Image_2026_08_24_at_18.19.34_83150064.avif,3,2026-09-30
8399896,Duplex style riad a vendre a Marrakech,https://www.mubawab.ma/fr/a/8399896/duplex-style-riad-a-vendre-a-marrakech,Vente,Riad,Marrakech,M'hamid,980 000 DH,980000,110m²,110,3 Pièces,3 Chambres,3 Salles de bains,"Jardin, Terrasse, Ascenseur, Concierge, Façade extérieure, Salon Marocain, Salon européen, Antenne parabolique, Climatisation, Sécurité, Porte blindée",Le duplex comprend 3 pieces 3 salles de bain 3 ch jardin placards castres > M'hamid pres de l'aeroport Menara .Le prix est negociable,https://www.mubawab-media.com/ad/8/399/896F/h/WhatsApp%20Image%202026-07-28%20at%207.47.30%20PM%20%281%29_83050718.avif,1,2026-09-30
8366096,Riad à vendre à Zaouiat Lahdar. Surface de 42 m²,https://www.mubawab.ma/fr/a/8366096/riad-%C3%A0-vendre-%C3%A0-zaouiat-lahdar-surface-de-42-m%C2%B2,Vente,Riad,Marrakech,Médina,980 000 DH,980000,42m²,42,2 Pièces,1 Ch.,1 Salle de bain,,"Situé au cœur historique de Marrakech, ce charmant riad en vente se trouve dans le quartier pittoresque de Zaouiat Lahdar, à Marrakech-Médina. Niché dans une ruelle typique de la médina, l'emplacement allie parfaitement tradition et accessibilité, offrant une expérience authentique de la ville. Le riad s'étend sur une superficie de 42 m², avec une chambre et une salle de bains, idéal pour une retraite cosy au sein de la vibrante atmosphère marra...",https://www.mubawab-media.com/ad/8/366/096F/h/photo_00_82679317.avif,6,2026-09-30
8284650,"Terrain Titré 300m² pour Villa – Riad Marrakech Tranche 6, R...",https://www.mubawab.ma/fr/a/8284650/terrain-titr%C3%A9-300m%C2%B2-pour-villa-%E2%80%93-riad-marrakech-tranche-6-route-d-amizmiz%E2%80%93%C3%A0-c%C3%B4t%C3%A9-eden-park,Vente,Riad,Marrakech,Guéliz,987 000 DH,987000,300m²,300,,,,,"Terrain titré (TF) 300m² – Riad Marrakech (Tranche 6), Route d'Amizmiz pour villa RDC/Etage avec sous-sol. - Eden Andalou / Eden Park (à côté) - 20 min de Guéliz - 15 min de Morocco Mall - 15-20mn de l'Aéroport Surface : 300 m² Prix : 987.000 DH légèrement négociable. Direct propriétaire. Sérieux uniquement",https://www.mubawab-media.com/ad/8/284/650F/h/Image%202_81787049.avif,2,2026-09-30
8400803,"Riad d'exception titré à Bab Dokala, 6 chambres, piscine, ha...",https://www.mubawab.ma/fr/a/8400803/riad-d-exception-titr%C3%A9-%C3%A0-bab-dokala-6-chambres-piscine-hammam-et-haut-potentiel,Vente,Riad,Marrakech,Autre / Centre,1 000 000 DH,1000000,181m²,181,7 Pièces,6 Chambres,6 Salles de bains,"Terrasse, Piscine","Situé dans le quartier prisé et authentique de Bab Dokala, ce riad de caractère entièrement titré représente une opportunité rare sur le marché de Marrakech . Alliant le charme de l'architecture traditionnelle à un excellent potentiel, cette propriété est idéale pour un projet de résidence principale, de maison d'hôtes ou d'investissement locatif de standing . Dès l'entrée, vous serez séduit par l'atmosphère paisible et l'agencement généreux de...",https://www.mubawab-media.com/ad/8/400/803F/h/photo_00_83059638.avif,16,2026-09-30
8397748,"Riad d'exception titré à Bab Dokala, 6 chambres, piscine, ha...",https://www.mubawab.ma/fr/a/8397748/riad-d-exception-titr%C3%A9-%C3%A0-bab-dokala-6-chambres-piscine-hammam-et-haut-potentiel,Vente,Riad,Marrakech,Autre / Centre,1 000 000 DH,1000000,181m²,181,6 Pièces,6 Chambres,6 Salles de bains,"Terrasse, Piscine","Situé dans le quartier prisé et authentique de Bab Dokala, ce riad de caractère entièrement titré représente une opportunité rare sur le marché de Marrakech . Alliant le charme de l'architecture traditionnelle à un excellent potentiel, cette propriété est idéale pour un projet de résidence principale, de maison d'hôtes ou d'investissement locatif de standing . Dès l'entrée, vous serez séduit par l'atmosphère paisible et l'agencement généreux de...",https://www.mubawab-media.com/ad/8/397/748F/h/photo_0_83028337.avif,17,2026-09-30
8387408,Riad d'exception au cœur de la médina de Marrakech,https://www.mubawab.ma/fr/a/8387408/riad-d-exception-au-c%C5%93ur-de-la-m%C3%A9dina-de-marrakech,Vente,Riad,Marrakech,Médina,1 000 000 DH,1000000,200m²,200,8 Pièces,6 Chambres,6 Salles de bains,"Terrasse, Vue sur les montagnes, Piscine, Chambre rangement, Meublé, Climatisation, Sécurité, Cuisine équipée","Le bien Riad traditionnel du XVIIe siècle entièrement restauré, situé au 42 Derb Derdouba, au cœur vibrant de la médina de Marrakech. Un lieu rare et confidentiel, à l'abri du bruit de la ville, alliant architecture préservée, décoration inspirée et hospitalité sincère. Composition 6 chambres et suites entièrement rénovées, chacune avec son propre cachet (Suite Asrari, Suite Junior, chambres doubles classique, deluxe, supérieure et vue pis...",https://www.mubawab-media.com/ad/8/387/408F/h/ASRARI%20TERRASSE_82913611.avif,7,2026-09-30
8189303,"Magnifique Riad à Rmila, près de Dar El Bacha",https://www.mubawab.ma/fr/a/8189303/magnifique-riad-%C3%A0-rmila-pr%C3%A8s-de-dar-el-bacha,Vente,Riad,Marrakech,Autre / Centre,1 000 000 DH,1000000,300m²,300,11 Pièces,10 Chambres,2 Salles de bains,"Terrasse, Vue sur les montagnes, Chambre rangement, Entre-seul","Nous sommes une agence immobilière basée à Marrakech et avons le plaisir de vous présenter ce Riad exceptionnel situé dans le quartier prisé de Rmila, à proximité de Dar El Bacha. Caractéristiques du bien : Superficie : 300 m² au sol Titre foncier : Propriété avec titre foncier en règle Sous-sol : Espace polyvalent pouvant être utilisé pour le stockage ou d'autres activités Rez-de-chaussée : Comprend un magasin, idéal pour une activité commerci...",https://www.mubawab-media.com/ad/8/189/303F/h/Rmila%202_80755806.avif,2,2026-09-30
8298343,Très grand riad titré à vendre à assouel,https://www.mubawab.ma/fr/a/8298343/tr%C3%A8s-grand-riad-titr%C3%A9-%C3%A0-vendre-%C3%A0-assouel,Vente,Riad,Marrakech,Autre / Centre,1 000 000 DH,1000000,394m²,394,10 Pièces,7 Chambres,1 Salle de bain,"Jardin, Terrasse","Rare très grand riad à rénover, idéalement situé . Facile d'accès. Etat semi finit un bien rare pour créer un produit d'exception. Riad douria à côté. Surface au sol: 394 M2",https://www.mubawab-media.com/ad/8/298/343F/h/photo_08_81915927.avif,12,2026-09-30
8317432,Achat de terrain à Riad Al Atlas. Superficie 100 m²,https://www.mubawab.ma/fr/a/8317432/achat-de-terrain-%C3%A0-riad-al-atlas-superficie-100-m%C2%B2,Vente,Riad,Marrakech,Autre / Centre,1 000 000 DH,1000000,100m²,100,,,,,"Beau terrain bien situé, à vendre. Prix 1 000 000 DH. Superficie de 100 m². Ce terrain est en vente à Riad Al Atlas, Marrakech",https://www.mubawab-media.com/ad/8/317/432F/h/photo_0_82115112.avif,2,2026-09-30
8223183,Villa avec superbe vue sur l’Atlas,https://www.mubawab.ma/fr/a/8223183/villa-avec-superbe-vue-sur-l%E2%80%99atlas,Vente,Riad,Marrakech,Autre / Centre,1 000 000 DH,1000000,550m²,550,8 Pièces,5 Chambres,4 Salles de bains,"Jardin, Garage, Vue sur les montagnes, Piscine, Meublé, Entre-seul, Salon européen, Antenne parabolique, Cheminée, Climatisation, Porte blindée, Cuisine équipée, Réfrigérateur, Four, Machine à laver, Micro-ondes","Villa route du barrage, 1 hectare de jardin, 550m² de superficie construite, style riad moderne, 5 chambres à coucher dont une suite parentale à l’étage, vue imprenable sur l’atlas. Acheteur de nationalité Marocaine obligatoire (pas de VNA)",https://www.mubawab-media.com/ad/8/223/183F/h/1_81103953.avif,6,2026-09-30
8394783,Terrain à vendre – 300 m² – Riad Marra,https://www.mubawab.ma/fr/a/8394783/terrain-%C3%A0-vendre-%E2%80%93-300-m%C2%B2-%E2%80%93-riad-marra,Vente,Riad,Marrakech,Route d'Amizmiz,1 000 000 DH,1000000,300m²,300,,,,,"À vendre, lot de terrain titré n163 de 300 m², idéal pour la construction d'une villa jumelée 3 façades, situé au sein de la résidence Riad Marrakech, sur la Route d'Amizmiz, en face de l'hôtel Eden Andalou. Terrain viabilisé de 300 m² Construction villa jumelée 3 façades Résidence de standing dans un environnement calme et verdoyant À proximité des golfs, de l'aéroport et du centre-ville de Marrakech Le secteur est en plein essor : de nombreus...",https://www.mubawab-media.com/ad/8/394/783F/h/Screenshot_20260614_160209_Samsung%20Notes_82996324.avif,2,2026-09-30
8392193,Terrain Constructible de 117 m² vers la la Kasbah,https://www.mubawab.ma/fr/a/8392193/terrain-constructible-de-117-m%C2%B2-vers-la-la-kasbah,Vente,Riad,Marrakech,Kasbah,1 025 000 DH,1025000,117m²,117,,,,,"La Cible Immobilier vous propose à la vente ce terrain de 117 m², stratégiquement situé dans le quartier de Sidi Amara, juste derrière le secteur très prisé de la Kasbah. Bénéficiant d'un excellent emplacement, ce terrain offre une belle opportunité pour la construction d'une maison individuelle, d'un projet de résidence privée style riad ou d'un investissement immobilier à fort potentiel. Points Forts : Emplacement privilégié à proximité...",https://www.mubawab-media.com/ad/8/392/193F/h/20260730_130712_82965541.avif,2,2026-09-30
8356019,Marrakech I Medina,https://www.mubawab.ma/fr/a/8356019/marrakech-i-medina,Vente,Riad,Marrakech,Médina,1 050 000 DH,1050000,,,,5 Chambres,6 Salles de bains,"Terrasse, Garage, Meublé, Cheminée, Cuisine équipée, Réfrigérateur, Four, Micro-ondes","D'une superficie de 180 m² au sol, ce riad est idéalement situé dans le quartier Riad Laarouss, avec un accès facile et un parking à proximité immédiate. Quartier recherché, il bénéficie d'un emplacement de premier ordre au cœur du quartier historique de Riad Laarouss, à quelques minutes de Dar El Bacha. Un ancrage dans le Marrakech le plus authentique, celui que recherchent les connaisseurs. Prêt à être exploité en maison d'hôte dans le strict...",https://www.mubawab-media.com/ad/8/356/019F/h/1_82529040.avif,12,2026-09-30
8423502,RIAD ZITOUN – Au Carrefour de la Médina de Marrakech Riad d'...,https://www.mubawab.ma/fr/a/8423502/riad-zitoun-%E2%80%93-au-carrefour-de-la-m%C3%A9dina-de-marrakech-riad-d-exception-de-9-suites-%E2%80%93-titre-autorisation-maison-d-h%C3%B4tes-%E2%80%93-rentabilit%C3%A9-90-,Vente,Riad,Marrakech,Médina,1 050 000 DH,1050000,200m²,200,11 Pièces,9 Chambres,9 Salles de bains,Terrasse,"Au cœur battant de la médina de Marrakech, à la croisée de tous les chemins… Bienvenue au Riad Zitoun – Lakhdin, une adresse rare où l'authenticité marocaine rencontre la performance d'un investissement d'exception. Idéalement situé au carrefour de la célèbre médina de Marrakech, ce riad vous place à seulement 5 à 10 minutes à pied des lieux les plus emblématiques de la ville ocre : la légendaire Place Jemaa el-Fna, la Place des Ferblantiers, l...",https://www.mubawab-media.com/ad/8/423/502F/h/photo_0_83307818.avif,24,2026-09-30
8423505,"RIAD ZITOUN, Au Carrefour de la Médina de Marrakech Riad d'e...",https://www.mubawab.ma/fr/a/8423505/riad-zitoun-au-carrefour-de-la-m%C3%A9dina-de-marrakech-riad-d-exception-de-9-suites-%E2%80%93-titre-autorisation-maison-d-h%C3%B4tes-%E2%80%93-rentabilit%C3%A9-90-,Vente,Riad,Marrakech,Médina,1 050 000 DH,1050000,200m²,200,11 Pièces,9 Chambres,9 Salles de bains,Terrasse,"Au cœur battant de la médina de Marrakech, à la croisée de tous les chemins… Bienvenue au Riad Zitoun – Lakhdin, une adresse rare où l'authenticité marocaine rencontre la performance d'un investissement d'exception. Idéalement situé au carrefour de la célèbre médina de Marrakech, ce riad vous place à seulement 5 à 10 minutes à pied des lieux les plus emblématiques de la ville ocre : la légendaire Place Jemaa el-Fna, la Place des Ferblantiers, l...",https://www.mubawab-media.com/ad/8/423/505F/h/photo_0_83307889.avif,24,2026-09-30
8417940,Riad de 110 m² à Proximité du Palais Bahia,https://www.mubawab.ma/fr/a/8417940/riad-de-110-m%C2%B2-%C3%A0-proximit%C3%A9-du-palais-bahia,Vente,Riad,Marrakech,Mellah,1 100 000 DH,1100000,200m²,200,3 Pièces,4 Chambres,2 Salles de bains,Terrasse,"La Cible Immobilier vous propose ce vaste riad de 110 m² au sol, idéalement situé dans le quartier historique du Mellah (secteur Berrima), à moins de 10 minutes à pied du Palais de la Bahia et à seulement 5 minutes de la Place des Ferblantiers. Caractéristiques clés : Superficie : 110 m² au sol. Agencement : Un patio, 5 chambres réparties sur le rez-de-chaussée et le premier étage, une cuisine, une pièce d'appoint, des sanitaires (une salle de...",https://www.mubawab-media.com/ad/8/417/940F/h/20260911_133838_83246116.avif,13,2026-09-30
8097799,MOUASSINE authentique riad 18e S. À rénover,https://www.mubawab.ma/fr/a/8097799/mouassine-authentique-riad-18e-s-%C3%A0-r%C3%A9nover,Vente,Riad,Marrakech,Koutoubia,1 100 000 DH,1100000,400m²,400,7 Pièces,5 Chambres,2 Salles de bains,Terrasse,"300 m2 au sol. Dans la configuration actuelle : Rez-de-chaussée : entrée, grand patio, grand salon, plusieurs pièces, cuisine, WC ; douiria 1er étage : plusieurs belles pièces 2e étage : spacieuse terrasse à aménager, vue sur Koutoubia et Atlas. Superbe et véritable riad de réception du 18e siècle, à rénover. Dans un derb facile d’accès. A 5 mn de Jamaa el Fna. Possibilité de créer 4-5 suites, chacune avec salle de douche/WC. Pour le...",https://www.mubawab-media.com/ad/8/097/799F/h/20250203_123909_79824943.avif,9,2026-09-30
8378437,Riad d'exception 5 chambres à Laksour,https://www.mubawab.ma/fr/a/8378437/riad-d-exception-5-chambres-%C3%A0-laksour,Vente,Riad,Marrakech,Autre / Centre,1 100 000 DH,1100000,300m²,300,8 Pièces,5 Chambres,5 Salles de bains,"Terrasse, Vue sur les montagnes, Piscine, Meublé, Cheminée, Chauffage central, Cuisine équipée","L'agence immobilière Vaneau Maroc vous propose à la vente ce magnifique riad situé dans le prestigieux quartier de Laksour. Ce riad vraiment exceptionnel et idéal pour ceux qui cherchent à investir à Marrakech. Sa proximité avec la place Jemaa El Fna permet de profiter facilement des attractions touristiques tout en bénéficiant d’un cadre paisible. Le grand bassin chauffé dans le patio, entouré de végétation, offre un espace de détente parfait...",https://www.mubawab-media.com/ad/8/378/437F/h/d7ce74957243642d106da65de72276b2_9a74816d57_1920-big_82816369.avif,33,2026-09-30
8378435,"Riad Maison d'hôte, Jamaa el Fnaa",https://www.mubawab.ma/fr/a/8378435/riad-maison-d-h%C3%B4te-jamaa-el-fnaa,Vente,Riad,Marrakech,Autre / Centre,1 100 000 DH,1100000,210m²,210,6 Pièces,5 Chambres,,"Vue sur les montagnes, Piscine, Meublé, Cheminée, Chauffage central, Sécurité, Double vitrage, Cuisine équipée","L'Agence Immobilière Vaneau Maroc vous propose à la vente un Riad d'exception avec l'agrément maison d'hôte situé à quelques mètres de la célèbre place Jamaa el Fnaa. Ce havre de paix sur 3 niveaux, dispose d'un joli patio constitué de deux suites doubles confortables, d'un bassin de baignade ainsi que d'un salon charmant et agréable. À l'étage, une suite double ainsi que d'une suite quadruple. Pour terminer, un Rooftop bien ensoleillé est...",https://www.mubawab-media.com/ad/8/378/435F/h/1970f8f947ce73eb29cd5525a4cc3e29_0abe82cb1f_1920-big_82816333.avif,33,2026-09-30
8318190,Riad autorisé maison d hôte à douar grawa,https://www.mubawab.ma/fr/a/8318190/riad-autoris%C3%A9-maison-d-h%C3%B4te-%C3%A0-douar-grawa,Vente,Riad,Marrakech,Médina,1 100 000 DH,1100000,300m²,300,11 Pièces,9 Chambres,9 Salles de bains,Piscine,"Riad d’exception à vendre – Marrakech Médina (Adouar Gawa) Magnifique riad neuf de 150 m² au sol, bénéficiant d’une autorisation officielle de maison d’hôtes. Il se compose de : • 9 chambres avec salles de bain • un vaste patio lumineux • une piscine • espaces de réception élégants Idéal pour un projet d’exploitation touristique ou un investissement rentable au cœur de la médina. Prix : 1 100 000 Frais d’agence : 2,5 % HT",https://www.mubawab-media.com/ad/8/318/190F/h/IMG_1316_82122761.avif,20,2026-09-30
8314090,"Riad contemporain 4 suites, proche Jemaa El Fna",https://www.mubawab.ma/fr/a/8314090/riad-contemporain-4-suites-proche-jemaa-el-fna,Vente,Riad,Marrakech,Médina,1 100 000 DH,1100000,,,6 Pièces,4 Chambres,4 Salles de bains,"Jardin, Terrasse, Piscine, Salon Marocain","Situé à seulement 200 mètres de la place Jemaa El-Fna, dans une ruelle calme et discrète de la médina de Marrakech, ce magnifique riad offre un cadre rare alliant architecture contemporaine, confort moderne et prestations haut de gamme. Son emplacement privilégié permet de profiter de l’animation du centre historique tout en conservant calme et intimité. Pensé pour une exploitation touristique ou une résidence de standing, le riad propose des esp...",https://www.mubawab-media.com/ad/8/314/090F/h/4_82080631.avif,10,2026-09-30
8365209,Somptueux riad à vendre à Babdoukala. 7 belles chambres,https://www.mubawab.ma/fr/a/8365209/somptueux-riad-%C3%A0-vendre-%C3%A0-babdoukala-7-belles-chambres,Vente,Riad,Marrakech,Autre / Centre,1 150 000 DH,1150000,166m²,166,11 Pièces,7 Chambres,8 Salles de bains,"Terrasse, Piscine","Découvrez cette propriété d'exception d'une superficie de 166 m², idéale pour un projet d'investissement ou une grande famille. Avec son autorisation officielle de maison d'hôtes, elle offre un potentiel de rendement immédiat. Cette spacieuse résidence vous propose pas moins de 7 chambres, assurant un volume d'accueil généreux. Le grand salon-salle à manger est le cœur de la maison, ouvrant sur un véritable atout de charme : une élégante piscine...",https://www.mubawab-media.com/ad/8/365/209F/h/photo_00_82667000.avif,9,2026-09-30
8237901,Somptueux riad à vendre à babdoukala. 7 belles chambres,https://www.mubawab.ma/fr/a/8237901/somptueux-riad-%C3%A0-vendre-%C3%A0-babdoukala-7-belles-chambres,Vente,Riad,Marrakech,Autre / Centre,1 150 000 DH,1150000,166m²,166,11 Pièces,7 Chambres,8 Salles de bains,"Terrasse, Piscine","Découvrez cette propriété d'exception d'une superficie de 166 m², idéale pour un projet d'investissement ou une grande famille. Avec son autorisation officielle de maison d'hôtes, elle offre un potentiel de rendement immédiat. Cette spacieuse résidence vous propose pas moins de 7 chambres, assurant un volume d'accueil généreux. Le grand salon-salle à manger est le cœur de la maison, ouvrant sur un véritable atout de charme : une élégante piscine...",https://www.mubawab-media.com/ad/8/237/901F/h/photo_00_81260892.avif,22,2026-09-30
8407443,Riad de charme en activité Riad laarousse,https://www.mubawab.ma/fr/a/8407443/riad-de-charme-en-activit%C3%A9-riad-laarousse,Vente,Riad,Marrakech,Médina,1 166 000 DH,1166000,160m²,160,8 Pièces,8 Chambres,6 Salles de bains,"Terrasse, Concierge, Chambre rangement, Meublé, Entre-seul, Salon européen, Antenne parabolique, Cheminée, Climatisation, Chauffage central, Sécurité, Double vitrage, Porte blindée, Cuisine équipée, Réfrigérateur, Four, Machine à laver, Micro-ondes","Prix : 1 166 000 euros Superficie : 160 m² au sol (R2) Statut : Autorise et titre – En activité commerciale EMPLACEMENT RECHERCHE Situe a seulement quelques dizaines de mètres du quartier très prise de Riad Laarousse. Ce Riad benéficie d'un emplacement stratégique au coeur de la Medina, idéal pour la poursuite d'une activité touristique. UN PROPRIETE CLE EN MAIN Ce magnifique Riad de structure R2 (rez-de-chaussée plus deux étages) dével...",https://www.mubawab-media.com/ad/8/407/443F/h/IMG-20260830-WA0144_83130866.avif,6,2026-09-30
8172807,Cachet et Potentiel – Riad Melkia à Deux Pas du Palais Bahia,https://www.mubawab.ma/fr/a/8172807/cachet-et-potentiel-%E2%80%93-riad-melkia-%C3%A0-deux-pas-du-palais-bahia,Vente,Riad,Marrakech,Médina,1 200 000 DH,1200000,52m²,52,5 Pièces,4 Chambres,2 Salles de bains,"Terrasse, Chambre rangement","Riad à Rénover – Jnane Benchegra Médina de Marrakech À seulement 600 m du Palais Bahia et 5 minutes à pied de la Place Jemaa el-Fna, découvrez ce riad Melkia à fort potentiel situé dans un quartier authentique et recherché. Un bien rare à saisir ! Surface au sol : 52 m² 4 chambres 2 portes d’entrée – possibilité de double accès Riad Melkia (titre individuel) À rénover entièrement – idéal projet d’hébergement ou résidence secondaire P...",https://www.mubawab-media.com/ad/8/172/807F/h/photo_3_80589704.avif,9,2026-09-30
8369937,Riad 6 Rooms Bab Doukala,https://www.mubawab.ma/fr/a/8369937/riad-6-rooms-bab-doukala,Vente,Riad,Marrakech,Médina,1 200 000 DH,1200000,500m²,500,7 Pièces,6 Chambres,6 Salles de bains,Terrasse,"EN EXCLUSIVITÉ et OFF MARKET– RONSART INVEST Bab Doukkala – Médina de Marrakech Au cœur de l’un des quartiers les plus recherchés de la Médina, découvrez ce riad de caractère entièrement rénové en 2023, alliant authenticité marocaine et prestations contemporaines. Édifié sur un terrain titré de 145 m² au sol, ce bien bénéficie d’un accès voiture à seulement 50 mètres, un atout rare dans la Médina de Marrakech. Le riad se compose de : • 6 cha...",https://www.mubawab-media.com/ad/8/369/937F/h/photo_00_82719652.avif,2,2026-09-30
8358511,Sublime riad 6 ch à vendre médina,https://www.mubawab.ma/fr/a/8358511/sublime-riad-6-ch-%C3%A0-vendre-m%C3%A9dina,Vente,Riad,Marrakech,Médina,1 200 000 DH,1200000,350m²,350,6 Pièces,6 Chambres,6 Salles de bains,"Terrasse, Piscine, Chambre rangement, Meublé, Cheminée, Climatisation, Cuisine équipée","Magnifique riad titré de 170 m² au sol, offrant environ 350 m² habitables, situé Mouassine Bab Lakssour, vendu entièrement meublé, idéalement conçu pour une activité d’hébergement touristique. Il bénéficie de l’agrément officiel « Maison d’Hôtes » et dispose actuellement de 6 chambres, avec la possibilité d’aménager une 7ᵉ chambre sur la terrasse afin d’optimiser encore d'avantage sa capacité d’accueil. Les prestations sont de grande qualité, no...",https://www.mubawab-media.com/ad/8/358/511F/h/594262655_82556813.avif,25,2026-09-30
8272752,Riad autorise,https://www.mubawab.ma/fr/a/8272752/riad-autorise,Vente,Riad,Marrakech,Autre / Centre,1 200 000 DH,1200000,340m²,340,9 Pièces,8 Chambres,8 Salles de bains,"Terrasse, Vue sur les montagnes, Piscine, Chambre rangement, Meublé, Salon Marocain, Climatisation, Chauffage central, Sécurité, Cuisine équipée, Réfrigérateur, Four, Machine à laver, Micro-ondes","un très joli riad de construction récente, disposant d’un titre foncier et de deux façades",https://www.mubawab-media.com/ad/8/272/752F/h/IMG-20250828-WA0019_81637728.avif,1,2026-09-30
8270503,Riad d’exception au cœur de la médina,https://www.mubawab.ma/fr/a/8270503/riad-d%E2%80%99exception-au-c%C5%93ur-de-la-m%C3%A9dina,Vente,Riad,Marrakech,Médina,1 240 000 DH,1240000,140m²,140,8 Pièces,5 Chambres,5 Salles de bains,"Terrasse, Vue sur les montagnes, Piscine, Meublé, Salon européen, Climatisation, Double vitrage, Cuisine équipée, Réfrigérateur, Four, Machine à laver, Micro-ondes","Marrakech. Magnifique riad de 140 m2 au sol à 5 minutes de la place Jemaa El Fna. 5 suites élégantes et luxueuses. Au rez-de-chaussée: patio, piscine chauffée, salon, salle à manger et cuisine. Rooftop avec sa cuisine d'été, son espace bar, bassin et solarium. Terrasse supplémentaire avec vues panoramiques sur la médina et les montagnes de l’Atlas. Vendu entièrement meublé. Bijou rare, parfait pour une résidence secondaire ou un investissement à...",https://www.mubawab-media.com/ad/8/270/503F/h/Z81_4008-HDR-1_81614279.avif,13,2026-09-30
8410047,Trouvez votre riad à acheter à Bab aylan. 1 Pièce,https://www.mubawab.ma/fr/a/8410047/trouvez-votre-riad-%C3%A0-acheter-%C3%A0-bab-aylan-1-pi%C3%A8ce,Vente,Riad,Marrakech,Médina,1 300 000 DH,1300000,80m²,80,1 Pièce,5 Chambres,2 Salles de bains,,"Située au cœur du quartier Bab aylan, dans la médina historique de Marrakech, cette propriété se distingue par son charme authentique et son emplacement privilégié. Bien conservé et immédiatement habitable, ce riad offre un cadre de vie traditionnel et confortable. S'étendant sur une surface de 80 m², l'intérieur se compose de cinq pièces spacieuses, idéales pour accueillir une famille ou pour des projets d'hospitalité. Les pièces sont ornées...",https://www.mubawab-media.com/ad/8/410/047F/h/24166_83161750.avif,10,2026-09-30
8372479,️️️Riad à vendre – médina de marrakech derb jdid/essebtiyen️...,https://www.mubawab.ma/fr/a/8372479/%EF%B8%8F%EF%B8%8F%EF%B8%8Friad-%C3%A0-vendre-%E2%80%93-m%C3%A9dina-de-marrakech-derb-jdid-essebtiyen%EF%B8%8F%EF%B8%8F%EF%B8%8F,Vente,Riad,Marrakech,Médina,1 300 000 DH,1300000,68m²,68,4 Pièces,3 Chambres,1 Salle de bain,,"️️️Rare opportunité au cœur de la Médina de Marrakech. Riad de 68 m² au sol, entièrement à rebâtir idéalement situé à moins de 15 minutes à pied de la place Jemaa El-Fna. Ce bien offre un excellent potentiel de transformation avec la possibilité de créer jusqu’à 4 suites/chambres, ce qui en fait un projet parfait pour une maison d’hôtes, un riad de charme ou un investissement locatif touristique. Grâce à son emplacement recherché et à son fort...",https://www.mubawab-media.com/ad/8/372/479F/h/photo_00_82747692.avif,6,2026-09-30
8357945,T3 a vendre alliance avec terasse,https://www.mubawab.ma/fr/a/8357945/t3-a-vendre-alliance-avec-terasse,Vente,Riad,Marrakech,Autre / Centre,1 300 000 DH,1300000,81m²,81,3 Pièces,2 Chambres,1 Salle de bain,"Terrasse, Meublé","Les Tailleurs de l’Immobilier vous présentent un appartement dans une résidence neuve à Jnan Riad, idéal pour une location longue durée ou un achat. Ce bien bénéficie d’un balcon sans vis-à-vis avec vue sur les montagnes, et offre la possibilité d’effectuer des travaux de transformation au 2ᵉ étage pour personnaliser l’espace selon vos besoins. Caractéristiques du bien : • Superficie : 81 m² • 2 chambres • 2 salles de bain • 2ᵉ étage (sans...",https://www.mubawab-media.com/ad/8/357/945F/h/WhatsApp-Image-2026-03-10-at-17.14.19_82551299.avif,11,2026-09-30
8324093,Lot villa à vendre,https://www.mubawab.ma/fr/a/8324093/lot-villa-%C3%A0-vendre,Vente,Riad,Marrakech,Ménara,1 300 000 DH,1300000,400m²,400,,,,,"À côté de l’Eden Andalou, idéal : Résidence ou Investissement Saisissez l'opportunité de construire votre villa de trois façades avec piscine et sous-sol. Ce terrain de 400 m², situé dans le projet intégré Riad Marrakech, offre un cadre de vie premium alliant calme absolu et proximité urbaine avec vue sur atlas. Emplacement Stratégique & Connectivité : • 10 min de l'Aéroport Marrakech Ménara. • 10 min du nouveau centre commercial Morocco mall...",https://www.mubawab-media.com/ad/8/324/093F/h/aaa_82182062.avif,7,2026-09-30
8228949,A vendre terrain à Riad Marrakech. Surface de 346 m²,https://www.mubawab.ma/fr/a/8228949/a-vendre-terrain-%C3%A0-riad-marrakech-surface-de-346-m%C2%B2,Vente,Riad,Marrakech,Chrifia,1 300 000 DH,1300000,346m²,346,,,,,Excellente affaire : Terrain zone villa d’une superficie de 346 m² en angle sur 2 façades dégagées dont une vers un jardin. Emplacement idéal pour construire votre villa avec piscine en sous-sol R 1 face aux montagnes de l’Atlas Terrain à découvrir à Marrakech Chrifia. Riad Marrakech Route Amizmiz,https://www.mubawab-media.com/ad/8/228/949F/h/photo_0_82049336.avif,8,2026-09-30
8214403,Villa à vendre type riad dans la palmeraie marrakech,https://www.mubawab.ma/fr/a/8214403/villa-%C3%A0-vendre-type-riad-dans-la-palmeraie-marrakech,Vente,Riad,Marrakech,Palmeraie,1 305 000 DH,1305000,650m²,650,,5 Chambres,5 Salles de bains,"Jardin, Piscine, Sécurité","VILLA À VENDRE TYPE RIAD DANS LA PALMERAIE MARRAKECH Villa à vendre type Riad dans la Palmeraie Marrakech. Vous propose la vente de cette villa de type Riad, idéalement nichée au cœur de la Palmeraie. Édifiée sur un terrain d'un hectare, la propriété s'étend sur une superficie totale de 650 m², répartie entre le rez-de-chaussée et l'étage. Elle comprend cinq chambres, chacune pourvue de sa propre salle de bain, ainsi que deux chambres dédiées a...",https://www.mubawab-media.com/ad/8/214/403F/h/2894409f14d7ff2bbe086fb2eab0349c_81009824.avif,33,2026-09-30
8238690,Riad à vendre en fraction,https://www.mubawab.ma/fr/a/8238690/riad-%C3%A0-vendre-en-fraction,Vente,Riad,Marrakech,Autre / Centre,1 400 000 DH,1400000,408m²,408,1 Pièce,8 Chambres,8 Salles de bains,"Jardin, Terrasse, Vue sur les montagnes, Piscine, Meublé, Salon Marocain, Salon européen, Antenne parabolique, Cheminée, Climatisation, Sécurité, Cuisine équipée, Réfrigérateur, Four, Machine à laver, Micro-ondes","Riad Authentique à Rénover avec Rendement Garanti Investissez dans le cœur historique de Marrakech avec un rendement élevé sécurisé ! Saisissez l'opportunité d'acquérir une part de ce riad authentique, idéalement situé dans le prestigieux quartier de à cote du jardin secret. Ce bien, qui allie charme historique et emplacement prime, est parfait pour un investissement fractionné en association à fort potentiel de valorisation. Ce riad de pl...",https://www.mubawab-media.com/ad/8/238/690F/h/1000076113_81269196.avif,11,2026-09-30
8366411,Charmant Riad Fort Potentiel,https://www.mubawab.ma/fr/a/8366411/charmant-riad-fort-potentiel,Vente,Riad,Marrakech,Médina,1 450 000 DH,1450000,120m²,120,3 Pièces,4 Chambres,1 Salle de bain,"Terrasse, Salon Marocain","La Cible Immobilier vous propose à la vente ce charmant riad traditionnel de 70 m² au sol, idéalement situé dans le secteur recherché et chargé d'histoire d'Azbezt, à seulement 10 minutes à pied de la célèbre place Jemaa El Fna. Offrant une atmosphère chaleureuse et une distribution optimisée sur trois niveaux, cette demeure est idéale pour un pied-à-terre de charme au cœur de la Médina ou pour un projet d'investissement locatif saisonnier à for...",https://www.mubawab-media.com/ad/8/366/411F/h/20260615_163509_82682871.avif,19,2026-09-30
8378314,Riad d’exception – Grand patio avec piscine –,https://www.mubawab.ma/fr/a/8378314/riad-d%E2%80%99exception-%E2%80%93-grand-patio-avec-piscine-%E2%80%93,Vente,Riad,Marrakech,Médina,1 460 000 DH,1460000,450m²,450,9 Pièces,6 Chambres,6 Salles de bains,"Terrasse, Vue sur les montagnes, Piscine, Meublé, Cheminée, Climatisation, Chauffage central, Cuisine équipée","VANEAU MAROC vous propose un Riad à la vendre dans la médina de Marrakech.La superficie, l’architecture classique d’origine ainsi que les modifications apportés par la propriétaire en fond un riad d’exception. Epuré, élégant et bien proportionné ce riad peut être qualifié de maison de maitre. Il est exploité en maison d’hôtes avec une bonne rentabilité. Vendu avec l’activité ou non, au choix. Facile d’accès le riad dispose d’un dépose minute à...",https://www.mubawab-media.com/ad/8/378/314F/h/092dd2fdd070dbe3a6cb0876e80b3e01_8678acfc8a_600-big_82814401.avif,29,2026-09-30
8219939,"Magnifique Riad Tout Neuf à Zawia, Cœur de la Médina de Marr...",https://www.mubawab.ma/fr/a/8219939/magnifique-riad-tout-neuf-%C3%A0-zawia-c%C5%93ur-de-la-m%C3%A9dina-de-marrakech,Vente,Riad,Marrakech,Médina,1 500 000 DH,1500000,260m²,260,10 Pièces,10 Chambres,10 Salles de bains,"Terrasse, Piscine, Meublé, Cuisine équipée","Découvrez ce somptueux riad entièrement neuf, niché dans le quartier prisé de Zawia, au cœur de la médina de Marrakech. D'une superficie de 290 m², cette propriété d'exception marie avec grâce l'authenticité marocaine et le confort moderne, offrant une opportunité unique pour une maison d'hôtes de prestige ou une résidence privée d'exception. Caractéristiques principales : · Propriété toute neuve, livrée dans son état impeccable. · 10 chambres...",https://www.mubawab-media.com/ad/8/219/939F/h/photo_0_81953238.avif,28,2026-09-30
8404174,Vente riad titre au quartier zaouia abbassia,https://www.mubawab.ma/fr/a/8404174/vente-riad-titre-au-quartier-zaouia-abbassia,Vente,Riad,Marrakech,Médina,1 500 000 DH,1500000,238m²,238,6 Pièces,5 Chambres,5 Salles de bains,Terrasse,"Riad d'Exception à Vendre - en médina, Marrakech Situé au cœur d'un plus ancien quartier, l'un des quartiers les plus authentiques et historiques de la Médina de Marrakech, ce magnifique Riad bénéficie d'une adresse particulièrement recherchée, à proximité de sites historiques emblématiques et de l'ancienne âme de la ville ocre. Le quartier de Zaouïa Abbasia, connu pour son patrimoine architectural, ses anciennes demeures et ses zaouïas, offre un...",https://www.mubawab-media.com/ad/8/404/174F/h/2026_08_13_11_49_54_IMG_7932_83095262.avif,17,2026-09-30
8233789,Maison d’hôtes de charme style riad – ourika,https://www.mubawab.ma/fr/a/8233789/maison-d%E2%80%99h%C3%B4tes-de-charme-style-riad-%E2%80%93-ourika,Vente,Riad,Marrakech,Route de l'Ourika,1 500 000 DH,1500000,200m²,200,6 Pièces,6 Chambres,4 Salles de bains,"Terrasse, Meublé, Entre-seul, Sécurité, Cuisine équipée","Les Tailleurs de l'immobilier vous propose : À SAISIR – Superbe Maison d’Hôtes Titrée sur la Route de l’Ourika Opportunité rare ! Magnifique Maison d’Hôtes titrée, idéalement située en bord de route, sur la splendide route de l’Ourika. Cette propriété unique dispose de son propre café et restaurant, avec toutes les autorisations nécessaires pour exercer en toute tranquillité. Caractéristiques principales : Surface habitable : 200 m² Terras...",https://www.mubawab-media.com/ad/8/233/789F/h/WhatsApp%20Image%202025-10-13%20at%2010.38.25%20%288%29_81218514.avif,14,2026-09-30
8423442,"Superbe maison, riad. À vendre à Sidi Youssef. Surface de 14...",https://www.mubawab.ma/fr/a/8423442/superbe-maison-riad-%C3%A0-vendre-%C3%A0-sidi-youssef-surface-de-145-m%C2%B2,Vente,Riad,Marrakech,Sidi Youssef Ben Ali,1 500 000 DH,1500000,145m²,145,11 Pièces,9 Chambres,2 Salles de bains,,"Découvrez cette maison exceptionnelle située dans le quartier prisé de Sidi Youssef Ben Ali à Marrakech. Avec une superficie de 145 m², cette résidence offre un espace de vie généreux comprenant neuf pièces, parfait pour une grande famille ou pour accueillir des invités. Construite il y a 30 à 50 ans, la maison dégage un charme authentique et traditionnel. L'intérieur se distingue par ses sols en carrelage élégants qui ajoutent une touche de raf...",https://www.mubawab-media.com/ad/8/423/442F/h/photo_0_83306920.avif,11,2026-09-30
8297373,Riad réquisition à vendre à Arset Ali ou Saleh,https://www.mubawab.ma/fr/a/8297373/riad-r%C3%A9quisition-%C3%A0-vendre-%C3%A0-arset-ali-ou-saleh,Vente,Riad,Marrakech,Autre / Centre,1 500 000 DH,1500000,70m²,70,5 Pièces,4 Chambres,1 Salle de bain,Terrasse,"Un riad en réquisition est à la vente à Arset Ali ou Saleh Il se compose de 4 chambres ,un patio, une cuisine , salle de bain , W.C et terrasse. D'une Superficie de 70 m²",https://www.mubawab-media.com/ad/8/297/373F/h/cff4f3b9-7b9c-4c88-83f7-44241099913e_81903077.avif,9,2026-09-30
8353490,"Maison à Rénover 250m2, Kasbah",https://www.mubawab.ma/fr/a/8353490/maison-%C3%A0-r%C3%A9nover-250m2-kasbah,Vente,Riad,Marrakech,Médina,1 500 000 DH,1500000,250m²,250,8 Pièces,5 Chambres,3 Salles de bains,,"Maison à rénover idéalement située au cœur de la médina de la Kasbah, offrant une superficie de 250 m² au sol. Ce bien plein de charme représente une excellente opportunité d’investissement pour un projet de riad, maison d’hôtes ou résidence privée. Belle structure avec fort potentiel d’aménagement, dans un quartier authentique et recherché de Kasbah. Charming house to renovate ideally located in the heart of the Kasbah district, offering 250 sq...",https://www.mubawab-media.com/ad/8/353/490F/h/WhatsApp%20Image%202026-05-20%20at%2014.31.47_82501112.avif,10,2026-09-30
8366667,Grand Riad avec Vue Panoramique,https://www.mubawab.ma/fr/a/8366667/grand-riad-avec-vue-panoramique,Vente,Riad,Marrakech,Autre / Centre,1 500 000 DH,1500000,200m²,200,4 Pièces,5 Chambres,3 Salles de bains,"Terrasse, Salon Marocain","Grand Riad avec Vue Panoramique Exceptionnelle à 360 – Quartier Historique La Cible Immobilier vous propose à la vente ce charmant riad traditionnel d'une superficie de 80 m² au sol, offrant une très belle surface habitable développée sur plusieurs niveaux. Idéalement situé dans le secteur authentique et recherché de Bab Aylen, le bien se trouve à seulement 10 minutes en voiture (et 20 minutes à pied) de la célèbre place Jemaa El Fna. Ce riad s...",https://www.mubawab-media.com/ad/8/366/667F/h/20260616_141906_82685883.avif,26,2026-09-30
8370768,Riad à vendre à Marrakech – Al Qaria Assiyahia,https://www.mubawab.ma/fr/a/8370768/riad-%C3%A0-vendre-%C3%A0-marrakech-%E2%80%93-al-qaria-assiyahia,Vente,Riad,Marrakech,Majorelle,1 500 000 DH,1500000,51m²,51,4 Pièces,3 Chambres,3 Salles de bains,"Jardin, Terrasse, Sécurité","Découvrez ce charmant riad à vendre à Marrakech, situé dans la résidence sécurisée Al Qaria Assiyahia, un secteur recherché de la ville ocre offrant un excellent cadre de vie à seulement 13 minutes de la place Jemaa El Fna et 9 minutes du Jardin Majorelle. Édifié sur trois niveaux et bénéficiant d'une surface au sol de 51 m², ce riad à Marrakech comprend 3 chambres, un salon lumineux, un agréable patio central, une cuisine, trois salles de douche...",https://www.mubawab-media.com/ad/8/370/768F/h/1%20%2827%29_82729170.avif,29,2026-09-30
8365163,Trouvez votre riad à acheter à Zaouiat Lahdar. 10 chambres,https://www.mubawab.ma/fr/a/8365163/trouvez-votre-riad-%C3%A0-acheter-%C3%A0-zaouiat-lahdar-10-chambres,Vente,Riad,Marrakech,Médina,1 500 000 DH,1500000,260m²,260,12 Pièces,10 Chambres,10 Salles de bains,"Terrasse, Piscine, Meublé, Cuisine équipée","Découvrez ce somptueux riad entièrement neuf, niché dans le quartier prisé de Zawia, au cœur de la médina de Marrakech. D'une superficie de 290 m², cette propriété d'exception marie avec grâce l'authenticité marocaine et le confort moderne, offrant une opportunité unique pour une maison d'hôtes de prestige ou une résidence privée d'exception. Caractéristiques principales : · Propriété toute neuve, livrée dans son état impeccable. · 10 chambres...",https://www.mubawab-media.com/ad/8/365/163F/h/photo_0_82666437.avif,13,2026-09-30
8361934,Riad à rénover à vendre – Kaa El Mechra,https://www.mubawab.ma/fr/a/8361934/riad-%C3%A0-r%C3%A9nover-%C3%A0-vendre-%E2%80%93-kaa-el-mechra,Vente,Riad,Marrakech,Autre / Centre,1 500 000 DH,1500000,67m²,67,5 Pièces,5 Chambres,2 Salles de bains,Jardin,"Belle opportunité d’investissement à **Kaa El Mechra** : riad à rénover d’une superficie de **67 m²**, idéal pour un projet d’habitation, de maison d’hôtes ou de location touristique après rénovation. Le bien se compose de **5 chambres** et offre un beau potentiel d’aménagement selon les besoins du futur acquéreur. Son emplacement constitue un véritable atout, avec un **accès voiture à seulement 5 minutes**. Le riad se situe également à pro...",https://www.mubawab-media.com/ad/8/361/934F/h/WhatsApp%20Image%202026-06-09%20at%2014.16.12_82593239.avif,7,2026-09-30
8351502,Riad à rénover Marrakech Bab Aylan,https://www.mubawab.ma/fr/a/8351502/riad-%C3%A0-r%C3%A9nover-marrakech-bab-aylan,Vente,Riad,Marrakech,Autre / Centre,1 500 000 DH,1500000,257m²,257,10 Pièces,8 Chambres,2 Salles de bains,"Terrasse, Garage, Concierge, Chambre rangement","Riad mlkiya de 257 mètres carrés au total (Rez de chaussée 1er étage) prés de Jamaa El Fna à 15 minutes à pied. Situé à Moulay Ali Chrif à Bab Aylan à Marrakech. Le Riad comprend 8 chambres, 2 toilettes (une au Rez de Chaussée et une au 1er étage), avec une terrasse au 1er étage ainsi que plusieurs espaces de vie offrant de nombreuses possibilités d’aménagement selon vos envies. Le bien dispose également d’un balcon, d’une cuisine, appor...",https://www.mubawab-media.com/ad/8/351/502F/h/4448b63c-e73e-4353-8881-b47c26bbdcf4_82480163.avif,9,2026-09-30
8346196,L'Essence de Hart Soura,https://www.mubawab.ma/fr/a/8346196/l-essence-de-hart-soura,Vente,Riad,Marrakech,Médina,1 500 000 DH,1500000,30m²,30,3 Pièces,3 Chambres,1 Salle de bain,Terrasse,"Saisissez l'opportunité de transformer ce petit bijou situé dans le quartier authentique et paisible de Hart Soura. Ce Riad à rénover, actuellement en cours de réquisition, offre une structure idéale pour un projet de réhabilitation sur mesure, alliant charme traditionnel et optimisation d'espace. - Emplacement : Idéalement situé à Hart Soura, un secteur calme et recherché de la Médina, offrant une véritable immersion locale. - Agencement : Une...",https://www.mubawab-media.com/ad/8/346/196F/h/1_82420718.avif,17,2026-09-30
8178902,Lot de 400 m Riad Marrakech,https://www.mubawab.ma/fr/a/8178902/lot-de-400-m-riad-marrakech,Vente,Riad,Marrakech,Tassoultante,1 500 000 DH,1500000,400m²,400,,,,,Belle affaire pour ce terrain à vendre. Prix 1 500 000 DH. Présente une surface totale de 400 m². Ce terrain est en vente à Tassoultante,https://www.mubawab-media.com/ad/8/178/902F/h/photo_00_80651938.avif,3,2026-09-30
8407774,Riad de 82 m² – Quartier de la Kasbah,https://www.mubawab.ma/fr/a/8407774/riad-de-82-m%C2%B2-%E2%80%93-quartier-de-la-kasbah,Vente,Riad,Marrakech,Kasbah,1 537 500 DH,1537500,150m²,150,1 Pièce,3 Chambres,1 Salle de bain,Terrasse,"La Cible Immobilier vous propose ce charmant riad traditionnel de 82 m² au sol, idéalement situé dans le quartier historique et très prisé de la Kasbah. Caractéristiques clés : Superficie : 82 m² au sol. Agencement : 4 chambres au total (réparties sur deux niveaux), patio central, salon, cuisine et une terrasse (ainsi qu'une sur-terrasse non accessible). Statut légal : Vente en Melkia. Prix de vente : 1 537 500 DHS",https://www.mubawab-media.com/ad/8/407/774F/h/IMG-20260829-WA0017_83133235.avif,16,2026-09-30
8372481,Idéal pour budget d’investissement inférieur à 2M dhs,https://www.mubawab.ma/fr/a/8372481/id%C3%A9al-pour-budget-d%E2%80%99investissement-inf%C3%A9rieur-%C3%A0-2m-dhs,Vente,Riad,Marrakech,Médina,1 550 000 DH,1550000,115m²,115,5 Pièces,3 Chambres,1 Salle de bain,"Terrasse, Meublé","Découvrez ce charmant riad à rénover, situé dans un quartier populaire et authentique de la Médina, au cœur d'une ruelle paisible. Le riad dispose actuellement de 2 chambres et 1 salle de bain, avec une configuration permettant de créer facilement une troisième chambre. La structure est saine et en bon état, offrant une excellente base pour un projet de rénovation personnalisé. Avec un budget global d'environ 2 000 000 dhs (prix d'acquisition...",https://www.mubawab-media.com/ad/8/372/481F/h/IMG_8228_82747763.avif,18,2026-09-30
8348741,Charmant petit riad ancien medina Bab Doukkala,https://www.mubawab.ma/fr/a/8348741/charmant-petit-riad-ancien-medina-bab-doukkala,Vente,Riad,Marrakech,Médina,1 550 000 DH,1550000,130m²,130,4 Pièces,3 Chambres,1 Salle de bain,,"La cible immobilier vous propose un charmant petit riad authentique , à rénover ou demolir, situé à arset ihiri, coté noté nord medina. composé de 4 pièces principales, une petite cuisine, WC. MELKIA ( à titrer)",https://www.mubawab-media.com/ad/8/348/741F/h/MVIMG_20260508_164712_82451030.avif,20,2026-09-30
8326512,Somptueux Riad Authentique en ville,https://www.mubawab.ma/fr/a/8326512/somptueux-riad-authentique-en-ville,Vente,Riad,Marrakech,Autre / Centre,1 550 000 DH,1550000,840m²,840,16 Pièces,14 Chambres,14 Salles de bains,"Jardin, Terrasse, Ascenseur, Piscine, Concierge, Sécurité","Somptueux Riad Authentique en ville Vaneau Maroc vous propose un superbe Riad qui incarne le charme et l'élégance de la tradition marocaine, niché au cœur du centre-ville animé de Marrakech, se trouve un véritable trésor caché : Avec ses 14 chambres, dont 2 suites familiales spacieuses pouvant accueillir confortablement 4 à 5 personnes, ce Riad offre un havre de paix pour les voyageurs en quête d'authenticité et de luxe. Dès l'instant où vous fra...",https://www.mubawab-media.com/ad/8/326/512F/h/94cf3d241aad5d0914bd7c0711b22d28_82210929.avif,33,2026-09-30
8362620,Marrakech I Medina,https://www.mubawab.ma/fr/a/8362620/marrakech-i-medina,Vente,Riad,Marrakech,Médina,1 600 000 DH,1600000,,,,9 Chambres,9 Salles de bains,"Terrasse, Meublé, Cuisine équipée, Réfrigérateur, Four, Micro-ondes","D'une superficie au sol de 280 m², ce riad bénéficie d'un emplacement prometteur dans le quartier de Bab Taghzout et dispose d'un atout rare et précieux dans la médina : un accès en voiture direct devant la porte. Quartier authentique et en plein essor, Bab Taghzout séduit aujourd'hui les investisseurs ainsi que les amateurs avertis en quête d'un Marrakech vivant et préservé, encore à l'écart des circuits touristiques de masse, tout en profitant...",https://www.mubawab-media.com/ad/8/362/620F/h/1_82600645.avif,17,2026-09-30
8405201,Vente riad maison d’hote titré à bab doukkala,https://www.mubawab.ma/fr/a/8405201/vente-riad-maison-d%E2%80%99hote-titr%C3%A9-%C3%A0-bab-doukkala,Vente,Riad,Marrakech,Médina,1 600 000 DH,1600000,320m²,320,9 Pièces,7 Chambres,7 Salles de bains,"Terrasse, Cheminée","VENTE RIAD MAISON D’HOTE TITRÉ -155M²- 7 CHAMBRES - JACUZZI - À BAB DOUKKALA MÉDINA MARRAKECH Ce beau Riad à Marrakech est la résidence qui vous fera vivre aux mieux toutes les atmosphères exotiques qui rendent Marrakech unique. Il est situé au quartier Bab Doukkala à l’intérieur de la Médina, où vous pouvez facilement vous rendre à pied aux bazars du Souk et à la célèbre Jamaâ el Fna (à 10 minutes) mais aussi aux Jardins Majorelle, aux quartier...",https://www.mubawab-media.com/ad/8/405/201F/h/MPCL1190_83105655.avif,17,2026-09-30
8410999,️ Riad à haut potentiel,https://www.mubawab.ma/fr/a/8410999/%EF%B8%8F-riad-%C3%A0-haut-potentiel,Vente,Riad,Marrakech,Autre / Centre,1 600 000 DH,1600000,90m²,90,2 Pièces,4 Chambres,1 Salle de bain,,"️ Riad à haut potentiel Emplacement : Emplacement recherché, juste à côté de la Place Moukef * Superficie : 90 m² * ️ Capacité : 6 chambres au total (4 grandes 2 petites) * État : À rénover entièrement (idéal pour projet sur mesure ou maison d'hôtes) * Statut juridique : Malkiya (procédure simple) prix : 1 600 000(Négociable) Pour plus d’informations ou pour organiser une visite, veuillez nous contacter par téléphone",https://www.mubawab-media.com/ad/8/410/999F/h/photo_00_83168484.avif,2,2026-09-30
8417211,A VENDRE VILLA SEMI FINIE 261m2 Riad Tamansourt,https://www.mubawab.ma/fr/a/8417211/a-vendre-villa-semi-finie-261m2-riad-tamansourt,Vente,Riad,Marrakech,Tamansourt,1 600 000 DH,1600000,220m²,220,2 Pièces,3 Chambres,2 Salles de bains,"Jardin, Terrasse, Chambre rangement",A VENDRE - VILLA SEMI-FINIE Riad Tamansourt - Commune Harbil - Marrakech Villa 261 m2 - Titre INFORMATIONS GENERALES: - Surface totale: 261 m2 (2 ares 61 ca) - Surface batie: 110 m2 par etage - Jardin avant: 60 m2 Jardin arriere: 90 m2 - Type: 1 facade - Bien immatricule et titre - Prix: 1.600.000 DH (145 Millions centimes) - negociable. DESCRIPTIF: Conception: R1 Terrasse - Design type Rez-de-chaussee: - 2 Salons spacieux - Hall donnant su...,https://www.mubawab-media.com/ad/8/417/211F/h/230039_83270718.avif,2,2026-09-30
8385844,À vendre Maison Riad à vendre à Aïn Mezouar,https://www.mubawab.ma/fr/a/8385844/%C3%A0-vendre-maison-riad-%C3%A0-vendre-%C3%A0-a%C3%AFn-mezouar,Vente,Riad,Marrakech,Ménara,1 600 000 DH,1600000,104m²,104,8 Pièces,6 Chambres,4 Salles de bains,Terrasse,"Réf : 038S/026 Maison Riad titré à vendre, idéalement situé au centre-ville, dans le quartier Aïn Mezouar – Ménara. Édifié sur un terrain de 104 m², ce riad comprend 2 étages et se compose de : - 6 chambres, - 2 salons, - 4 salles de bains, - une cuisine, - une terrasse. Prix de vente : 1 600 000 DH",https://www.mubawab-media.com/ad/8/385/844F/h/WhatsApp%20Image%202026-07-19%20at%2017.21.43%20%283%29_82896249.avif,12,2026-09-30
8321865,Terrain à la vente à Route Amizmiz. Surface de 600 m²,https://www.mubawab.ma/fr/a/8321865/terrain-%C3%A0-la-vente-%C3%A0-route-amizmiz-surface-de-600-m%C2%B2,Vente,Riad,Marrakech,Route d'Amizmiz,1 600 000 DH,1600000,600m²,600,,,,,"Nichées à seulement 10 minutes en voiture du Boulevard Mohammed VI et offrant une vue imprenable sur l’Atlas, les Résidences Riad Marrakech se situent dans un emplacement exceptionnel. Ce complexe est harmonieusement intégré au cœur d’une zone touristique et golfique en plein développement. Route Amizmiz en face de l'EDEN ANDALOU, Marrakech Superficie de 600 m2 4 façades Prix hors frais d’agence 3 TTC à la charge de l’acquéreur",https://www.mubawab-media.com/ad/8/321/865F/h/photo_0_82159160.avif,1,2026-09-30
8409383,Trouvez votre riad à acheter à El Moukef. 6 chambres. Salon...,https://www.mubawab.ma/fr/a/8409383/trouvez-votre-riad-%C3%A0-acheter-%C3%A0-el-moukef-6-chambres-salon-marocain-traditionnel,Vente,Riad,Marrakech,Médina,1 600 000 DH,1600000,88m²,88,1 Pièce,6 Chambres,2 Salles de bains,"Terrasse, Garage, Salon Marocain","Situé dans le cœur vibrant de la Médina de Marrakech, ce riad captivant offre une authenticité rare dans le quartier historique d'El Moukef. Avec une superficie de 88 m², il présente une structure de six pièces, dont deux salles de bains, sur une surface qui, bien que nécessitant une rénovation, conserve tout le charme et le potentiel des édifices traditionnels marocains. Les sols de parqué, présents principalement dans les pièces principales, a...",https://www.mubawab-media.com/ad/8/409/383F/h/23226_83149897.avif,8,2026-09-30
8404943,Riad à vendre,https://www.mubawab.ma/fr/a/8404943/riad-%C3%A0-vendre,Vente,Riad,Marrakech,Médina,1 600 000 DH,1600000,220m²,220,4 Pièces,8 Chambres,8 Salles de bains,"Terrasse, Piscine, Salon Marocain, Cheminée, Climatisation, Chauffage central, Sécurité, Cuisine équipée, Réfrigérateur, Four, Machine à laver, Micro-ondes","RIAD D'EXCEPTION – 8 CHAMBRES – MARRAKECH MÉDINA Riad de standing de 220 m², entièrement rénové, situé au cœur de la médina de Marrakech, à proximité des souks et de la place Jemaa el-Fna. Composition : 8 chambres spacieuses avec salle de bain privative chacune Grand salon avec cheminée Cuisine entièrement équipée Piscine intérieure Hammam et espace spa Terrasse panoramique de 80 m² avec vue sur les toits de la médina Atouts : Prestations hau...",https://www.mubawab-media.com/ad/8/404/943F/h/bb555bda-4f92-4b4d-9a13-bb906d4214c7_83103302.avif,1,2026-09-30
8309852,Vente Villa à bab ghmat,https://www.mubawab.ma/fr/a/8309852/vente-villa-%C3%A0-bab-ghmat,Vente,Riad,Marrakech,Sidi Youssef Ben Ali,1 600 000 DH,1600000,117m²,117,,7 Chambres,3 Salles de bains,,"El Yazid EL JJOUAOUI propose à la vente un Riad de style traditionnel d'une superficie de 117 m², idéalement situé à Bab Ghmatt, au sein du quartier de Sidi Youssef Ben Ali à Marrakech. Ce bien spacieux et authentique se développe sur trois niveaux, offrant une configuration généreuse avec plusieurs cuisines, salons et chambres à chaque étage. Alliant charme de l'ancien et fort potentiel d'aménagement, ce riad bénéficie d'un emplacement privilé...",https://www.mubawab-media.com/ad/8/309/852F/h/67b6f3d357d47b9fc2dc_82033231.avif,12,2026-09-30
8313097,Vente Villa à ancienne médina,https://www.mubawab.ma/fr/a/8313097/vente-villa-%C3%A0-ancienne-m%C3%A9dina,Vente,Riad,Marrakech,Médina,1 600 000 DH,1600000,100m²,100,8 Pièces,7 Chambres,7 Salles de bains,,"Oulaya EL KHOUMMADI propose à la vente un Riad authentique de 100 m², situé dans le quartier historique de Bab Aylan à Marrakech. Ce bien de caractère, réparti sur trois niveaux (R2), offre un volume généreux avec un total de 6 chambres. Bien que présentant un bon état général, ce Riad est à rénover, ce qui en fait une opportunité idéale pour un projet de personnalisation au cœur de la médina. Son emplacement dans un quartier traditionnel et v...",https://www.mubawab-media.com/ad/8/313/097F/h/c2150b22de2489ce393e_82070638.avif,8,2026-09-30
8345719,Petit Riad à Bab Doukala avec Accès Voiture,https://www.mubawab.ma/fr/a/8345719/petit-riad-%C3%A0-bab-doukala-avec-acc%C3%A8s-voiture,Vente,Riad,Marrakech,Autre / Centre,1 600 000 DH,1600000,80m²,80,1 Pièce,4 Chambres,1 Salle de bain,,Riad à rénover de 80m² au sol à Bab Doukala. Accès voiture. 4 chambres,https://www.mubawab-media.com/ad/8/345/719F/h/1000026042_82415433.avif,8,2026-09-30
8247917,Terrain nu pour investissement,https://www.mubawab.ma/fr/a/8247917/terrain-nu-pour-investissement,Vente,Riad,Marrakech,Médina,1 600 000 DH,1600000,120m²,120,1 Pièce,1 Ch.,1 Salle de bain,Piscine,TERRAIN POUR CONSTRUCTION RIAD - suprficie : 120m² - localité : Assouel Médina - Terrain milkiya propre ESTIMATION DES TRAVAUX DE CONSTRUCTION / 780.000 dhs - gros oeuvre tout corps d'état - installation technique - petit bassin au rdc NB. pour les finitions selon le choix du client,https://www.mubawab-media.com/ad/8/247/917F/h/WhatsApp%20Image%202025-11-06%20%C3%A0%2012.47.31_6d52d591_81369139.avif,1,2026-09-30
7966006,Riad à rénové titré situé À Zaouia Abbassia,https://www.mubawab.ma/fr/a/7966006/riad-%C3%A0-r%C3%A9nov%C3%A9-titr%C3%A9-situ%C3%A9-%C3%A0-zaouia-abbassia,Vente,Riad,Marrakech,Autre / Centre,1 600 000 DH,1600000,624m²,624,10 Pièces,5 Chambres,1 Salle de bain,Terrasse,"L’Agence Immobilière ATLAS TOUAREG vous présente ce Riad à rénové Titré, idéalement situé à Zaouia Abbasia au cœur de Marrakech, moins de 15min de la célèbre place Jamaâ El Fna. Composé de : RDC : Entrée, studio séparé, grand patio avec fontaine, 2 WC, cuisine, 2 salons, 3 chambres, 2 pièces. Etage : cuisine, 2 chambres dont une avec SDB et la seconde séparé. Terrasse : douche. • Surface Habitable : 998m² (surface au sol : 624m²). • Prix de ven...",https://www.mubawab-media.com/ad/7/966/006F/h/WhatsApp%20Image%202024-06-29%20at%2016.44.51%20%281%29_78521986.avif,8,2026-09-30
8205013,Lot pour riad 122m2,https://www.mubawab.ma/fr/a/8205013/lot-pour-riad-122m2,Vente,Riad,Marrakech,Médina,1 600 000 DH,1600000,122m²,122,6 Pièces,6 Chambres,6 Salles de bains,,"Terrain à reconstruire riad Ancien riad (terrain) titré Déjà démouler fait 122 m2 au sol. Il ya une forte possibilité d'en créer une maison d'hôtes de 5 ou 6 chambres. Au quartier zaouïa, il est accessible de plusieurs accès de la medina. 15 minutes de la place Prix de vente : 1 600 000 DH Honoraires d'agence 2,5%HT",https://www.mubawab-media.com/ad/8/205/013F/h/Screenshot_20250826_105544_com.whatsapp_edit_1881944026230023_80911260.avif,8,2026-09-30
8132922,Vente Villa à ancienne médina,https://www.mubawab.ma/fr/a/8132922/vente-villa-%C3%A0-ancienne-m%C3%A9dina,Vente,Riad,Marrakech,Médina,1 600 000 DH,1600000,124m²,124,7 Pièces,7 Chambres,2 Salles de bains,Terrasse,"Je mets en vente une Riad milkiya de 124m² situé dans le quartier de l'Ancienne Médina, à Bab Ilane, Marrakech. il se compose, au rez-de-chaussée, de trois chambres, d'une cuisine et d'une salle de bain. Au premier étage, vous trouverez quatre chambres supplémentaires ainsi qu'une salle de bain. Le Riad dispose également d'une terrasse. N’hésitez plus ! Organisez une visite ou obtenez plus d’informations",https://www.mubawab-media.com/ad/8/132/922F/h/f120381cf06d74b7e670_80175867.avif,7,2026-09-30
8392183,Riad de 105 m² avec Terrasse Vue Panoramique,https://www.mubawab.ma/fr/a/8392183/riad-de-105-m%C2%B2-avec-terrasse-vue-panoramique,Vente,Riad,Marrakech,Autre / Centre,1 640 000 DH,1640000,200m²,200,4 Pièces,5 Chambres,2 Salles de bains,Terrasse,"La Cible Immobilier vous propose cette maison de type riad d'une superficie de 105 m² au sol, idéalement située dans le quartier de Sidi Amara, offrant un cadre de vie agréable et une vue dégagée. Avec ses beaux espaces de vie, ses 5 chambres et sa vaste terrasse panoramique, ce bien bénéficie d'une excellente capacité d'accueil et d'un fort potentiel d'aménagement. Disposition du Bien : Rez-de-chaussée : Entrée, patio central, 2 grands sa...",https://www.mubawab-media.com/ad/8/392/183F/h/20260730_132234_82965436.avif,22,2026-09-30
8357523,Lot de villa titrée à vendre 400 m² Rt d'Amizmiz,https://www.mubawab.ma/fr/a/8357523/lot-de-villa-titr%C3%A9e-%C3%A0-vendre-400-m%C2%B2-rt-d-amizmiz,Vente,Riad,Marrakech,Route d'Amizmiz,1 640 000 DH,1640000,400m²,400,,,,,"Nous vous proposons un lot de villa titré d’une superficie de 400 m², dans une résidence avec barrière et sécurité bénéficiant de 3 façades Situé à Riad Marrakech, sur la Route d’Amezmiz, ce terrain représente une opportunité idéale pour la réalisation d’une villa familiale ou d’un projet résidentiel de qualité, dans un environnement calme et agréable. Pour plus d’informations veuillez nous contacter",https://www.mubawab-media.com/ad/8/357/523F/h/10000902595_82546276.avif,1,2026-09-30
8420959,Maison de 75 m² Idéalement Située,https://www.mubawab.ma/fr/a/8420959/maison-de-75-m%C2%B2-id%C3%A9alement-situ%C3%A9e,Vente,Riad,Marrakech,Riad Zitoun,1 650 000 DH,1650000,75m²,75,1 Pièce,2 Chambres,1 Salle de bain,Terrasse,"La Cible Immobilier vous propose cette maison d'environ 75 m² (étages compris), offrant un emplacement rare et très prisé dans le quartier de Riad Zitoun Lakdim, à moins de 5 minutes à pied du Palais de la Bahia. Caractéristiques clés : Superficie : 75 m² (surface totale). Agencement : Un rez-de-chaussée comprenant une entrée, une cuisine, une salle de bain et des toilettes. Un premier étage doté d'un petit patio et de très grandes chamb...",https://www.mubawab-media.com/ad/8/420/959F/h/20260919_170407_83279508.avif,15,2026-09-30
8425060,Riad 99 m² à rénover – Bab Taghzout – Fort potentiel maison...,https://www.mubawab.ma/fr/a/8425060/riad-99-m%C2%B2-%C3%A0-r%C3%A9nover-%E2%80%93-bab-taghzout-%E2%80%93-fort-potentiel-maison-d-h%C3%B4tes,Vente,Riad,Marrakech,Bab Taghzout,1 700 000 DH,1700000,99m²,99,,,,Terrasse,"Nous vous proposons ce riad traditionnel situé dans le secteur de Bab Taghzout, à proximité du collège Ben Thomas, au cœur d'un derb calme. Édifié sur une parcelle d'environ 99 m² au sol, le bien bénéficie d'une configuration R2 et d'une architecture de forme relativement carrée, offrant une organisation intéressante des espaces autour du patio. La disposition actuelle des différentes pièces et chambres permet d'envisager une belle restructuratio...",https://www.mubawab-media.com/ad/8/425/060F/h/4f3d54e0-3509-437e-8d09-33ed0028d846-1000020872_83325023.avif,8,2026-09-30
8407522,Joli petit riad meublé au médina pour investir,https://www.mubawab.ma/fr/a/8407522/joli-petit-riad-meubl%C3%A9-au-m%C3%A9dina-pour-investir,Vente,Riad,Marrakech,Médina,1 700 000 DH,1700000,76m²,76,3 Pièces,2 Chambres,1 Salle de bain,"Terrasse, Vue sur les montagnes, Meublé, Entre-seul, Salon Marocain, Antenne parabolique, Climatisation, Sécurité, Porte blindée, Cuisine équipée, Réfrigérateur, Four, Machine à laver, Micro-ondes","je mets un joli petit Riad rénové propre meublé climatisé en vente. superficie au sol. 38m². Rdc, 1ér étage et terrasse. construction en béton. Idéal pour investissement. quartier casbah. n'hésite pas de me contacter pour infos merci. Vous trouverez ci-joint quelques photos. les visiteurs et NON sérieux S'abstenir",https://www.mubawab-media.com/ad/8/407/522F/h/a4684e26-419e-4bc9-b802-1fdc530ced56_83131792.avif,8,2026-09-30
8361948,"Riad à vendre – Hart Soura, Marrakech",https://www.mubawab.ma/fr/a/8361948/riad-%C3%A0-vendre-%E2%80%93-hart-soura-marrakech,Vente,Riad,Marrakech,Médina,1 700 000 DH,1700000,80m²,80,5 Pièces,4 Chambres,2 Salles de bains,,"**Riad à vendre – Hart Soura, Marrakech** Belle opportunité d’investissement au cœur de la médina de Marrakech, dans le quartier recherché de **Hart Soura**. Ce riad offre un fort potentiel pour un projet de résidence principale, maison secondaire, maison d’hôtes ou location touristique après aménagement. Le bien bénéficie d’un emplacement stratégique, dans un quartier authentique et apprécié pour son calme, son charme traditionnel et sa pr...",https://www.mubawab-media.com/ad/8/361/948F/h/WhatsApp%20Image%202026-06-09%20at%2014.31.31%20%284%29_82593388.avif,9,2026-09-30
8360868,Riad à la vente au village touristique bab lakhmis 4 grandes...,https://www.mubawab.ma/fr/a/8360868/riad-%C3%A0-la-vente-au-village-touristique-bab-lakhmis-4-grandes-pi%C3%A8ces-meubl%C3%A9,Vente,Riad,Marrakech,Sidi Youssef Ben Ali,1 700 000 DH,1700000,49m²,49,4 Pièces,3 Chambres,4 Salles de bains,"Terrasse, Meublé, Entre-seul, Salon Marocain, Antenne parabolique, Climatisation, Double vitrage, Cuisine équipée, Réfrigérateur, Four, Machine à laver, Micro-ondes","Ce riad charmant est situé dans le quartier animé de Sidi Youssef Ben Ali à Marrakech. Avec une surface de 49 m², il est conçu pour offrir un espace de vie confortable et accueillant. La propriété, qui compte entre 5 et 10 ans, se trouve en bon état et est immédiatement habitable. Elle est orientée vers l'est, offrant une luminosité agréable dès le matin. Le riad dispose de trois chambres et quatre salles de bains, parfaites pour accueillir une...",https://www.mubawab-media.com/ad/8/360/868F/h/photo_0_82582288.avif,21,2026-09-30
8359492,Pépite à rénover Bab Doukkala,https://www.mubawab.ma/fr/a/8359492/p%C3%A9pite-%C3%A0-r%C3%A9nover-bab-doukkala,Vente,Riad,Marrakech,Médina,1 700 000 DH,1700000,135m²,135,5 Pièces,3 Chambres,3 Salles de bains,,"Riad à rénover à Bab Doukkala – Projet clé-en-main par Mediina Mediina propose une très belle opportunité d’investissement sur un riad situé dans l’un des meilleurs derbs de Bab Doukkala, secteur recherché de la médina de Marrakech, apprécié pour son accessibilité, son charme et son potentiel locatif. Le bien développe environ 78 m² au sol et présente un excellent potentiel de valorisation, avec une structure saine et un volume idéal pour créer...",https://www.mubawab-media.com/ad/8/359/492F/h/3%20Hafaoui%2078m2_82567508.avif,10,2026-09-30
8155800,"Maison aménagée en forme de riad – Afaq, Marrakech",https://www.mubawab.ma/fr/a/8155800/maison-am%C3%A9nag%C3%A9e-en-forme-de-riad-%E2%80%93-afaq-marrakech,Vente,Riad,Marrakech,Autre / Centre,1 700 000 DH,1700000,180m²,180,5 Pièces,4 Chambres,3 Salles de bains,"Jardin, Terrasse, Garage, Chambre rangement, Salon Marocain","Superficie totale: environ 180 m² habitables Prix : entre 160 000 et 170 000 DH Rez-de-chaussée (80 m²) • Garage • Deux salons • Salle de bain Premier étage (100 m²) • Suite parentale avec balcon • Deux chambres supplémentaires • Salle de bain • Cuisine américaine • Trois balcons Terrasse • Cuisine • Salle de bain Maison bien agencée, lumineuse, idéale pour une famille ou pour un projet locatif inspiré du style riad traditionnel.",https://www.mubawab-media.com/ad/8/155/800F/h/IMG_6248_80416437.avif,22,2026-09-30
8420332,"Terrain titré 1 Hectare, bord de goudron vue Atlas",https://www.mubawab.ma/fr/a/8420332/terrain-titr%C3%A9-1-hectare-bord-de-goudron-vue-atlas,Vente,Riad,Marrakech,Route de l'Ourika,1 750 000 DH,1750000,10000m²,10000,,,,,"À vendre beau terrain titré de 10 000 m², situé à environ 20 km du centre-ville de Marrakech, dans le secteur de la Route de l’Ourika. Le terrain est plat, bien dessiné et facile à aménager, avec une très belle vue dégagée sur l’Atlas. Il bénéficie d’un accès direct par la route goudronnée et l’électricité se trouve à proximité. L’environnement est agréable, avec plusieurs villas et riads à proximité, ce qui donne au secteur un caractère résid...",https://www.mubawab-media.com/ad/8/420/332F/h/WhatsApp_Image_2026-09-21_at_14.29.51_83272599.avif,25,2026-09-30
8378438,Terrain pour affaire commerciale emplacement numero 1 en méd...,https://www.mubawab.ma/fr/a/8378438/terrain-pour-affaire-commerciale-emplacement-numero-1-en-m%C3%A9dina,Vente,Riad,Marrakech,Autre / Centre,1 750 000 DH,1750000,460m²,460,,,,,"L'agence immobilière Vaneau Maroc vous propose à la vente un terrain pour affaire commerciale avec restaurant et ruine à emplacement exceptionnel. Zone de chalandise de Laksour Mouassine. Possibilité de faire un grand riad de 15/20 chambres, un restaurant sur roof top avec vue sur la ville, espace bien-être spa en sous-sol. Possibilité d'acquérir terrain adjacent titré pour agrandir le projet . Honoraires acquéreur 3% TTC en sus du prix de ve...",https://www.mubawab-media.com/ad/8/378/438F/h/3646130467afe1a0b47cdb14922adf7f_4327027586_318-big_82816409.avif,3,2026-09-30
8268278,Riad pas cher a rénover belle vue,https://www.mubawab.ma/fr/a/8268278/riad-pas-cher-a-r%C3%A9nover-belle-vue,Vente,Riad,Marrakech,Autre / Centre,1 750 000 DH,1750000,120m²,120,7 Pièces,5 Chambres,2 Salles de bains,Terrasse,"LA CIBLE IMMOBILIER vous propose une propriété comprenant 2 petits riad à rénover, ou à démolir, situé à sidi Ben Slimane, avec une très jolie vue dégagée sur verdure. Composé de 5 pièces principales, une cuisine, SDB, patio, et une terrasse avec une pièce à aménager à votre guise ( chambre, cuisine d'été....) Statut: melkia facile à titrer ( 2 propriétaires) Maison mitoyenne de 50 M2 au sol (Possibité de vendre les deux séparément 1 million...",https://www.mubawab-media.com/ad/8/268/278F/h/1000266656_81590782.avif,15,2026-09-30
8265473,Appartement 169 m2 a vendre à Janat Zaytoune côté grand sta...,https://www.mubawab.ma/fr/a/8265473/appartement-169-m2-a-vendre-%C3%A0-janat-zaytoune-c%C3%B4t%C3%A9-grand-stade,Vente,Riad,Marrakech,Autre / Centre,1 800 000 DH,1800000,169m²,169,3 Pièces,2 Chambres,1 Salle de bain,"Jardin, Terrasse, Garage, Ascenseur, Piscine, Concierge, Climatisation, Chauffage central, Sécurité, Cuisine équipée, Four","Bonjour; On vous propose cet appartement 169 m2 a vendre situé janat Zaytoune un complexe résidentiel mixte composé de petits immeubles de deux étages on style deriads et de résidences individuelles et un Hotel de 5 etoiles. Considéré comme un projet unique, qui épouse harmonieusement un environnement naturel, « Les Riads » propose des logements confortables et une offre résidentielle de haut standing. ÉQUIPEMENT DE PROXIMITÉ - Gastronomie - C...",https://www.mubawab-media.com/ad/8/265/473F/h/photo_0_83268987.avif,29,2026-09-21
8246023,Terrain nu en réquisition,https://www.mubawab.ma/fr/a/8246023/terrain-nu-en-r%C3%A9quisition,Vente,Riad,Marrakech,Autre / Centre,1 800 000 DH,1800000,150m²,150,5 Pièces,3 Chambres,3 Salles de bains,"Terrasse, Piscine","Quartier Arset el Houta (En bas de Dabachi à 8minutes de la place Jamaa Elfna) - Terrain nu en réquisition. D'une superficie de 77m2. Dans un derb tranquille et facile d'accès. taxis et voitures à 20m. Possibilité de faire un riad de 3 ou 4 chambres/Sdb. Patio avec bassin, salon/séjour et cuisine.. 2/3 Chambres en étage et la possibilité d'une chambre en terrasse. Un coté salon et une sur-terrasse",https://www.mubawab-media.com/ad/8/246/023F/h/20251103_113635_81345519.avif,7,2026-09-30
8012825,Vente Riad Maison D’hotes 464m² À Rahba Kdima,https://www.mubawab.ma/fr/a/8012825/vente-riad-maison-d%E2%80%99hotes-464m%C2%B2-%C3%A0-rahba-kdima,Vente,Riad,Marrakech,Médina,1 800 000 DH,1800000,290m²,290,11 Pièces,8 Chambres,8 Salles de bains,"Terrasse, Chambre rangement, Salon Marocain, Cheminée, Climatisation, Sécurité","Nous vous proposons ce Riad Maison D’hôtes d’exception titrée avec touche authentique historique, en vente, d’une superficie de 290m² au sol et 464m² de 8 chambres, très bien situé au milieu de la médina de Marrakech à quelques pas des souks animés, dans un quartier historique, calme et paisible, à moins de 5 minutes à pied de la célèbre place Jamaâ El Fna, à proximité du musée orientaliste de Marrakech, du musée Boucharouite et du palais de la B...",https://www.mubawab-media.com/ad/8/012/825F/h/IMG-20240928-WA0077_78992861.avif,17,2026-09-30
8420659,Riad à vendre à la Palmeraie,https://www.mubawab.ma/fr/a/8420659/riad-%C3%A0-vendre-%C3%A0-la-palmeraie,Vente,Riad,Marrakech,Palmeraie,1 800 000 DH,1800000,50m²,50,3 Pièces,3 Chambres,4 Salles de bains,"Terrasse, Piscine, Sécurité","Riad à rafraîchir avec 3 chambres, 4 salles de bain, salon, patio, et double terrasse dans une résidence avec 3 piscines. Cette résidence sécurisée qui offre plusieurs cafés, restaurants, et épiceries profite d'une emplacement centrale, juste à l'extérieur du médina et quelques minutes en taxi du centre-ville",https://www.mubawab-media.com/ad/8/420/659F/h/1000036050_83276291.avif,19,2026-09-30
8406992,Terrain titré 418 m2 en angle à Riad Marrakech,https://www.mubawab.ma/fr/a/8406992/terrain-titr%C3%A9-418-m2-en-angle-%C3%A0-riad-marrakech,Vente,Riad,Marrakech,Autre / Centre,1 800 000 DH,1800000,418m²,418,,,,,Vends terrain titré 418m2 pour villa isolée R1 avec sous-sol Construction surface totale plancher 358 m2 Direct propriétaire,https://www.mubawab-media.com/ad/8/406/992F/h/IMG_1999_83126234.avif,1,2026-09-30
8396366,Maion de style Riad a vendre a marrakech 130m,https://www.mubawab.ma/fr/a/8396366/maion-de-style-riad-a-vendre-a-marrakech-130m,Vente,Riad,Marrakech,Autre / Centre,1 800 000 DH,1800000,130m²,130,10 Pièces,7 Chambres,4 Salles de bains,"Chambre rangement, Salon Marocain, Salon européen, Antenne parabolique, Climatisation, Chauffage central, Porte blindée","Maison de style Riad à vendre à Marrakech – 130 m² – 1 800 000 DH À vendre, belle maison de style Riad située à Marrakech, avec une superficie de 130 m². Le bien dispose de plusieurs chambres et offre une architecture et une organisation de type Riad, avec différents espaces pouvant convenir à une habitation familiale, une résidence secondaire ou un projet d’investissement. La maison présente un potentiel intéressant pour les personnes recherc...",https://www.mubawab-media.com/ad/8/396/366F/h/Capture%20d%E2%80%99%C3%A9cran%202026-08-08%20210005_83013456.avif,10,2026-09-30
8252982,Magnifique villa à vendre à Marrakech. 12 belles chambres...,https://www.mubawab.ma/fr/a/8252982/magnifique-villa-%C3%A0-vendre-%C3%A0-marrakech-12-belles-chambres-bien-meubl%C3%A9,Vente,Riad,Marrakech,Palmeraie,1 800 000 DH,1800000,,,12 Pièces,12 Chambres,12 Salles de bains,"Garage, Meublé, Cheminée","Située à quelques minutes de la Palmeraie, cette villa au style riad est édifiée sur un terrain d'environ 9.000 m², soigneusement arboré. La propriété détient un agrément maison d'hôtes. Elle offre 12 chambres et une cuisine professionnelle, réunissant le charme d'une demeure traditionnelle et les standards opérationnels d'une exploitation haut de gamme avec un potentiel locatif important. La propriété met en valeur de magnifiques éléments arch...",https://www.mubawab-media.com/ad/8/252/982F/h/1_81415685.avif,16,2026-09-30
8382541,Riad à rénover – Place exceptionnelle 76m2 au sol,https://www.mubawab.ma/fr/a/8382541/riad-%C3%A0-r%C3%A9nover-%E2%80%93-place-exceptionnelle-76m2-au-sol,Vente,Riad,Marrakech,Médina,1 800 000 DH,1800000,173m²,173,8 Pièces,7 Chambres,2 Salles de bains,Salon Marocain,"À seulement 3 minutes à pied de la célèbre place Jemaa el-Fna, au cœur du très recherché Derb Dabachi, ce riad authentique de 76m2 au sol, 173 m2 habitables, représente une opportunité rare pour les investisseurs souhaitant développer un projet de prestige. Implanté dans l'un des quartiers les plus emblématiques de la médina, il bénéficie d'un emplacement stratégique, à proximité immédiate des souks, des restaurants, des palais historiques et de...",https://www.mubawab-media.com/ad/8/382/541F/h/WhatsApp%20Image%202026-07-14%20at%2015.21.41_82860998.avif,10,2026-09-30
8381482,Terrain a vendre TITRÉ au coeur de la medina,https://www.mubawab.ma/fr/a/8381482/terrain-a-vendre-titr%C3%A9-au-coeur-de-la-medina,Vente,Riad,Marrakech,Médina,1 800 000 DH,1800000,75m²,75,,,,,Cette annonce immobilière présente un terrain nu avec TITRE FONCIER situé a proximite de la maison de la photogtaphie au cœur de Marrakech-Médina. 16 min a pied de la place jemaa el fna bon acces . 6 min a pied de la medersa ben youssef Avec une surface de 75 m² au sol le terrain fait angle et permet la contruction d'un riad Rdc 1er etage terrasse . soit environ 140m2 habitable Des plans realises par un architecte montre les possibilites de...,https://www.mubawab-media.com/ad/8/381/482F/h/photo_00_82849278.avif,3,2026-09-30
8194252,Riad bien place bab taghzoute Bin lamaaser,https://www.mubawab.ma/fr/a/8194252/riad-bien-place-bab-taghzoute-bin-lamaaser,Vente,Riad,Marrakech,Médina,1 800 000 DH,1800000,90m²,90,3 Pièces,5 Chambres,3 Salles de bains,"Terrasse, Chambre rangement, Salon Marocain, Antenne parabolique",السلام نقدم رياض رائع كبير للبيع في باب تغزولت عنق الجمل وبالضبط في بين المعاصر مساحه في الملكيه 90 متر مربع والمساحه الحقيقيه 120 متر مربع يتكون من الطابق الارضي الطابق الاول طابق الثاني والطيراس يتوفر على غرف وصالونات ومطبخ وحمامات يوجد في مكان رائع على الشارع قربه رياضات ثمن البيع 200 مليون Salam on propose un joli riad à la vieille médina bab taghzoulte quartier bin le massar tout près de la route principale se compose de 90 mètres carrés su...,https://www.mubawab-media.com/ad/8/194/252F/h/20250804_185305_80806921.avif,29,2026-09-30
8290128,Riad 144 m2 6 ch 15 mins palais bahia,https://www.mubawab.ma/fr/a/8290128/riad-144-m2-6-ch-15-mins-palais-bahia,Vente,Riad,Marrakech,Sidi Youssef Ben Ali,1 800 000 DH,1800000,270m²,270,7 Pièces,6 Chambres,3 Salles de bains,Terrasse,"Sidi Youssef Ben Ali limitrophe Bab Ghmat à 15 mins à pieds du Palais Bahia, grand Riad Familial titré de 6 chambres, 144 m2 au sol, avec plus de 270 m2 de surface couverte sur 2 niveau et 1 surface commerciale au rez de chaussée sur la façade, Travaux de rénovations et aménagements à prévoir ! Idéal investissement locatif ou projet commerciale. Descriptif : RDC : Coté surfaces commerciales : 1 surface commerciales de 4.5 m2, avec une ouve...",https://www.mubawab-media.com/ad/8/290/128F/h/IMG_4289_81823794.avif,15,2026-09-30
8247609,"Riad à la vente à Mallah bon prix 172m 1,8MDH",https://www.mubawab.ma/fr/a/8247609/riad-%C3%A0-la-vente-%C3%A0-mallah-bon-prix-172m-1-8mdh,Vente,Riad,Marrakech,Autre / Centre,1 800 000 DH,1800000,172m²,172,1 Pièce,10 Chambres,2 Salles de bains,,"Achetez le riad de vos rêves. Prix 1 800 000 DH. 172 m². 1 Pièces. À rénover. Venez découvrir ce riad à vendre à mallah , Marrakech",https://www.mubawab-media.com/ad/8/247/609F/h/photo_00_81361641.avif,2,2026-09-30
8186600,Appartement conçu pour votre confort,https://www.mubawab.ma/fr/pa/8186600/appartement-con%C3%A7u-pour-votre-confort,Vente,Riad,Marrakech,Agdal,1 830 000 DH,1830000,84m²,84,3 Pièces,2 Chambres,2 Salles de bains,"Jardin, Terrasse, Garage, Ascenseur, Piscine, Concierge, Salon Marocain, Sécurité, Cuisine équipée","Riad Garden dévoile sa nouvelle tranche dans le prestigieux quartier de l’Agdal, sur l’avenue Mohammed VI à Marrakech. Cette résidence haut standing incarne l’élégance et le raffinement grâce à ses matériaux nobles et son agencement optimisé, offrant un confort inégalé. Idéalement située, Riad Garden propose un cadre unique avec une vue imprenable sur les montagnes de l’Atlas, des espaces paysagers, des piscines et des équipements pensés pour...",https://www.mubawab-media.com/ad/8/186/600F/h/11_80666077_80729479.avif,15,2026-09-30
8219376,Votre nouvel appartement d’exception,https://www.mubawab.ma/fr/pa/8219376/votre-nouvel-appartement-d%E2%80%99exception,Vente,Riad,Marrakech,Agdal,1 830 000 DH,1830000,84m²,84,3 Pièces,2 Chambres,2 Salles de bains,"Jardin, Terrasse, Garage, Ascenseur, Piscine, Concierge, Salon Marocain, Sécurité, Cuisine équipée","Riad Garden dévoile sa nouvelle tranche dans le prestigieux quartier de l’Agdal, sur l’avenue Mohammed VI à Marrakech. Cette résidence haut standing incarne l’élégance et le raffinement grâce à ses matériaux nobles et son agencement optimisé, offrant un confort inégalé. Idéalement située, Riad Garden propose un cadre unique avec une vue imprenable sur les montagnes de l’Atlas, des espaces paysagers, des piscines et des équipements pensés pour...",https://www.mubawab-media.com/ad/8/219/376F/h/2_80666068_81062727.avif,14,2026-09-30
7824388,Fort potentiel. Riad maison d’hôte de 1300m² habit avec 7 su...,https://www.mubawab.ma/fr/a/7824388/fort-potentiel-riad-maison-d%E2%80%99h%C3%B4te-de-1300m%C2%B2-habit-avec-7-suites-et-piscine-%C3%A0-kasbah-marrakech-m%C3%A9dina,Vente,Riad,Marrakech,Kasbah,1 850 000 DH,1850000,526m²,526,9 Pièces,7 Chambres,7 Salles de bains,"Terrasse, Cheminée","Nichée au cœur de Marrakech, ce Palais maison d’hôte clair et lumineux est conçu de plusieurs bâtiments historiques datant du début du 17ème siècle, titré avec permis d’habitation. S'étendant sur environ 1300m² de vie luxueuse. Chose très RARE ! Ce bien bénéficie d’une vue sur l’Atlas et le parc du Palais Royal. Dès l'instant où vous franchissez la porte d'entrée, il est clair que chaque détail a été soigneusement étudié et que les finitions di...",https://www.mubawab-media.com/ad/7/824/388F/h/2022_11_16_08_33_IMG_3060%20-%20Copie_78690515.avif,9,2026-09-30
8354366,RIAD top emplacement à la Kasbah Vue Panoramique,https://www.mubawab.ma/fr/a/8354366/riad-top-emplacement-%C3%A0-la-kasbah-vue-panoramique,Vente,Riad,Marrakech,Kasbah,1 850 000 DH,1850000,150m²,150,7 Pièces,5 Chambres,2 Salles de bains,"Terrasse, Vue sur les montagnes, Salon Marocain","La Cible Immobilier vous propose à la vente ce charmant riad de 63 m² au sol, idéalement située dans le secteur historique et prisé de la Kasbah. Ce bien rare allie à la perfection la sérénité d'un environnement calme et la proximité immédiate des commodités, bénéficiant notamment d'un accès voiture fort appréciable à quelques pas. Élevée sur plusieurs niveaux, cette demeure offre des espaces de vie intimistes, harmonieux et particulièrement bie...",https://www.mubawab-media.com/ad/8/354/366F/h/20260521_161147_82510630.avif,24,2026-09-30
8417933,Riad avec Grande Terrasse – Quartier Zaouia,https://www.mubawab.ma/fr/a/8417933/riad-avec-grande-terrasse-%E2%80%93-quartier-zaouia,Vente,Riad,Marrakech,Autre / Centre,1 850 000 DH,1850000,200m²,200,3 Pièces,4 Chambres,2 Salles de bains,Terrasse,"La Cible Immobilier vous propose ce vaste riad de 95 m² au sol, idéalement situé dans le secteur de Derb El Aarsa (Quartier Zaouia). Caractéristiques clés : Superficie : 95 m² au sol. Agencement : Réparti sur plusieurs niveaux, le bien comprend une entrée, un patio, un salon, une cuisine, 4 chambres, 3 pièces d'appoint, des sanitaires et une grande terrasse. Statut légal : Vente en Melkia. Prix de vente : 1 850 000 DHS (Négociable)",https://www.mubawab-media.com/ad/8/417/933F/h/20260908_132736_83246066.avif,26,2026-09-30
8410832,Grand Riad à Rénover ou Démolir – Quartier Mellah,https://www.mubawab.ma/fr/a/8410832/grand-riad-%C3%A0-r%C3%A9nover-ou-d%C3%A9molir-%E2%80%93-quartier-mellah,Vente,Riad,Marrakech,Mellah,1 850 000 DH,1850000,400m²,400,10 Pièces,10 Chambres,10 Salles de bains,Terrasse,"La Cible Immobilier vous propose ce vaste riad de 200 m² au sol avec un plan R1, idéalement situé à moins de 10 minutes à pied du Palais Bahia et de l'effervescence des souks. Caractéristiques clés : Superficie : 200 m² au sol. Potentiel : Entièrement à rénover ou à démolir, offrant près de 200 m² de surface au sol à bâtir pour un grand projet sur-mesure. Emplacement : Très central, accès rapide aux souks et au Palais Bahia (moins de 10 min)...",https://www.mubawab-media.com/ad/8/410/832F/h/20260906_112150_83166811.avif,2,2026-09-30
8409967,Riad maison d’hôte 4 étoiles à vendre à derb dabachi,https://www.mubawab.ma/fr/a/8409967/riad-maison-d%E2%80%99h%C3%B4te-4-%C3%A9toiles-%C3%A0-vendre-%C3%A0-derb-dabachi,Vente,Riad,Marrakech,Médina,1 850 000 DH,1850000,300m²,300,10 Pièces,8 Chambres,9 Salles de bains,,"RIAD DE LUXE – 8 SUITES À VENDRE Jemaa El Fna – Médina, Marrakech Prix de vente : 1 850 000 Frais d’agence 2.5% HT Caractéristiques * Terrain : 300 m² * Surface totale annoncée : 700 m² * Statut : Titre foncier * 2 patios * 8 suites de même standing * Surface des suites : 24 à 30 m² * Riad de très bon niveau, entièrement exploité * Activité depuis 14 ans * Fermeture annuelle uniquement en juillet et août Exploitation & Rentabilité * Tarif...",https://www.mubawab-media.com/ad/8/409/967F/h/photo_0_83157438.avif,1,2026-09-30
8407767,Riad de 104 m² avec Belle Capacité d'Accueil,https://www.mubawab.ma/fr/a/8407767/riad-de-104-m%C2%B2-avec-belle-capacit%C3%A9-d-accueil,Vente,Riad,Marrakech,Autre / Centre,1 850 000 DH,1850000,200m²,200,3 Pièces,6 Chambres,1 Salle de bain,Terrasse,"La Cible Immobilier vous propose ce vaste riad traditionnel de 104 m² au sol, idéalement situé dans un quartier historique et facilement accessible, à proximité immédiate de Ben Salah. Caractéristiques clés : Superficie : 104 m² au sol. Agencement (sur 3 niveaux) : 7 chambres au total, 3 pièces d'appoint, 2 cuisines, sanitaires et une terrasse. Potentiel : Excellente capacité d'accueil offrant de nombreuses possibilités d'aménagement...",https://www.mubawab-media.com/ad/8/407/767F/h/20260827_190435_83133188.avif,16,2026-09-30
8316338,Riad historique à vendre 7 Chambres,https://www.mubawab.ma/fr/a/8316338/riad-historique-%C3%A0-vendre-7-chambres,Vente,Riad,Marrakech,Kasbah,1 850 000 DH,1850000,526m²,526,5 Pièces,7 Chambres,7 Salles de bains,"Jardin, Terrasse, Garage, Piscine, Chambre rangement, Meublé, Salon Marocain, Salon européen, Cheminée, Climatisation, Sécurité, Double vitrage, Cuisine équipée, Réfrigérateur, Four, Machine à laver, Micro-ondes","Situé au cœur de la prestigieuse Kasbah de Marrakech, à quelques pas du Palais Royal de l’ancien roi Hassan II, ce riad historique de 526 m² offre un cadre unique mêlant patrimoine, élégance et confort moderne. Ancienne propriété liée au Pacha Glaoui, cette demeure dont les origines remontent au XVIIe siècle a fait l’objet d’une restauration exceptionnelle de plus de 10 ans, réunissant quatre riads en une seule résidence majestueuse. Le riad bé...",https://www.mubawab-media.com/ad/8/316/338F/h/photo_00_82103736.avif,12,2026-09-30
8425792,Riad à vendre à Bab Ghmat. 3 belles chambres,https://www.mubawab.ma/fr/a/8425792/riad-%C3%A0-vendre-%C3%A0-bab-ghmat-3-belles-chambres,Vente,Riad,Marrakech,Médina,1 850 000 DH,1850000,150m²,150,4 Pièces,3 Chambres,3 Salles de bains,,"Ce riad captivant à vendre est niché dans le quartier historique de Marrakech-Médina, spécifiquement dans la zone de Bab El Khemis. Réfléchissant un charme et une authenticité intemporels, cette propriété offre trois chambres spacieuses et trois salles de bains, mettant en valeur une utilisation astucieuse de ses 150 m². Le riad a entre 10 et 20 ans, soulignant sa présence établie dans ce lieu vibrant. L'intérieur présente un mélange frappant d'...",https://www.mubawab-media.com/ad/8/425/792F/h/photo_00_83332695.avif,12,2026-09-30
8397593,Grand Riad à Rénover à 5 Min du Palais Bahia,https://www.mubawab.ma/fr/a/8397593/grand-riad-%C3%A0-r%C3%A9nover-%C3%A0-5-min-du-palais-bahia,Vente,Riad,Marrakech,Mellah,1 855 000 DH,1855000,260m²,260,7 Pièces,6 Chambres,1 Salle de bain,Terrasse,"La Cible Immobilier vous propose ce vaste riad traditionnel de 150 m² au sol, idéalement situé au cœur du quartier historique du Mellah, à moins de 5 minutes à pied du célèbre Palais de la Bahia. Entièrement à rénover, cette propriété bénéficie de généreux volumes et d'une capacité d'accueil exceptionnelle. C'est le projet idéal pour la création d'une grande maison d'hôtes de charme ou d'un investissement immobilier à fort rendement. Dispos...",https://www.mubawab-media.com/ad/8/397/593F/h/20260809_131508_83026453.avif,24,2026-09-30
8392756,Riad titré de prestige à Derb Dabachi 900 m2 au sol,https://www.mubawab.ma/fr/a/8392756/riad-titr%C3%A9-de-prestige-%C3%A0-derb-dabachi-900-m2-au-sol,Vente,Riad,Marrakech,Médina,1 900 000 DH,1900000,900m²,900,1 Pièce,1 Ch.,1 Salle de bain,,"Dans l’un des emplacements les plus recherchés de la médina, à seulement 4 minutes à pied de Jemaa el-Fna, découvrez ce riad titré de 900 m² offrant une adresse rare, un charme authentique et un fort potentiel de valorisation. Ce bien d’exception séduit par son cachet, ses volumes généreux et sa situation privilégiée, idéal pour un projet de maison d’hôtes haut de gamme, une résidence de prestige ou un investissement patrimonial de premier ordre...",https://www.mubawab-media.com/ad/8/392/756F/h/IMG_0887_82972558.avif,10,2026-09-30
8098123,Riad d'Exception à Vendre Emplacement Privilégié,https://www.mubawab.ma/fr/a/8098123/riad-d-exception-%C3%A0-vendre-emplacement-privil%C3%A9gi%C3%A9,Vente,Riad,Marrakech,Kasbah,1 900 000 DH,1900000,526m²,526,,7 Chambres,7 Salles de bains,"Jardin, Terrasse, Climatisation","Riad exception à vendre - Kasbah, collé au Palais Royal Emplacement prestigieux : Ce riad historique est situé dans le quartier emblématique de la Kasbah, à proximité immédiate du Palais Royal. il bénéficie d’un titre de propriété avec permis d’habitation et offre un cadre unique, rare et d’une grande intimité. Il dispose de deux entrées : une à côté de la porte de service du Palais Royal, et l’autre par un derb menant à une cour privée, offrant...",https://www.mubawab-media.com/ad/8/098/123F/h/file_1740047871_9609557_79827546.avif,32,2026-09-30
8359509,Riad Dar El Bacha à rénover,https://www.mubawab.ma/fr/a/8359509/riad-dar-el-bacha-%C3%A0-r%C3%A9nover,Vente,Riad,Marrakech,Médina,1 900 000 DH,1900000,140m²,140,5 Pièces,3 Chambres,3 Salles de bains,,"Riad à rénover à Dar El Bacha – Projet clé-en-main Mediina propose une opportunité rare d’investissement sur un riad situé à Dar El Bacha, dans le triangle d’or de la médina de Marrakech, au sein d’un magnifique derb très recherché. Le bien développe environ 86 m² au sol et présente un très beau potentiel après rénovation. Sa localisation, son charme traditionnel et son agencement permettent d’envisager la création de 3 suites spacieuses, parfa...",https://www.mubawab-media.com/ad/8/359/509F/h/1%20Sidi%20Massoud%20petit_82567711.avif,7,2026-09-30
8341271,Riad traditionnel,https://www.mubawab.ma/fr/a/8341271/riad-traditionnel,Vente,Riad,Marrakech,Autre / Centre,1 900 000 DH,1900000,100m²,100,4 Pièces,4 Chambres,2 Salles de bains,"Meublé, Salon Marocain, Machine à laver","Une occasion d'investissement rare au cœur du Marrakech touristique ! Charmant riad traditionnel d'une superficie de 100 mètres carrés, situé dans un emplacement touristique privilégié au centre de Marrakech, près des principaux points d'intérêt, des marchés traditionnels et des restaurants haut de gamme. Design marocain authentique alliant luxe et tranquillité Idéal pour un investissement touristique ou un projet de maison d'hôtes Emplac...",https://www.mubawab-media.com/ad/8/341/271F/h/IMG-20260427-WA0002_82366554.avif,2,2026-09-30
8329958,Joli riad titré à marrakech médina,https://www.mubawab.ma/fr/a/8329958/joli-riad-titr%C3%A9-%C3%A0-marrakech-m%C3%A9dina,Vente,Riad,Marrakech,Médina,1 900 000 DH,1900000,85m²,85,5 Pièces,3 Chambres,2 Salles de bains,"Terrasse, Vue sur les montagnes, Salon Marocain, Sécurité, Porte blindée","je mets en vente un joli Riad propre en bon état Titré. superficie au sol 85m², construit sur 3 niveaux avec un patio et fontaine agréable. accès facile en voiture. la construction en béton. prix vente 190 0000 Dh. cela vous convient n,hésitez pas à me contacter . Non sérieux s’abstenir",https://www.mubawab-media.com/ad/8/329/958F/h/0de0e61f-1401-4439-ba73-9c2f98a2b261_82247964.avif,14,2026-09-30
8199925,"Riad à vendre — Titré Bab Ghmat, Marrakech",https://www.mubawab.ma/fr/a/8199925/riad-%C3%A0-vendre-%E2%80%94-titr%C3%A9-bab-ghmat-marrakech,Vente,Riad,Marrakech,Médina,1 900 000 DH,1900000,115m²,115,5 Pièces,5 Chambres,2 Salles de bains,"Terrasse, Meublé, Entre-seul, Salon Marocain","L’Immobilier Sans Frontières vous propose ce riad titré à vendre à Bab Ghmat, Marrakech, au cœur de la médina. Le bien est vendu vide. L’ensemble conserve un caractère authentique et peut convenir à un projet résidentiel ou touristique. Superficie terrain : 115 m² Ce riad se compose de : Rez-de-chaussée: 3 chambres - cuisine - 2 toilettes invités 1er étage: 2 chambres - cuisine Équipements & prestations : Titré - Vide Convient à un p...",https://www.mubawab-media.com/ad/8/199/925F/h/0%20image%20a%20la%20une_82285937.avif,18,2026-09-30
8343941,Maison Riad Melkiya à vendre à Bab Ghmat,https://www.mubawab.ma/fr/a/8343941/maison-riad-melkiya-%C3%A0-vendre-%C3%A0-bab-ghmat,Vente,Riad,Marrakech,Autre / Centre,1 950 000 DH,1950000,275m²,275,12 Pièces,10 Chambres,2 Salles de bains,Terrasse,"Réf : 024S/026 À seulement 18 minutes en voiture de la place Jamaa El Fna, ce riad Melkiya de style traditionnel marocain est proposé à la vente, avec une superficie totale de 275 m² à Jnane El Kheili, Al Massi, Bab Ghmat – Il se compose de : Rez-de-chaussée : * 4 grandes chambres * Une cuisine fonctionnelle * Une salle de bain Premier étage : * 6 chambres Terrasse Prix de vente : 1.950.000 DHS",https://www.mubawab-media.com/ad/8/343/941F/h/WhatsApp%20Image%202026-05-04%20at%2016.35.29%20%282%29_82396212.avif,8,2026-09-30
8398711,Terrain Titré – Idéal Projet Maison d'Hôtes,https://www.mubawab.ma/fr/a/8398711/terrain-titr%C3%A9-%E2%80%93-id%C3%A9al-projet-maison-d-h%C3%B4tes,Vente,Riad,Marrakech,Médina,1 955 000 DH,1955000,140m²,140,4 Pièces,7 Chambres,7 Salles de bains,,"La Cible Immobilier vous propose à la vente ce très beau terrain constructible d'une superficie de 140 m², situé dans un derb calme et authentique du quartier recherché de Bab Aylen (à proximité d'Arset El Baraka). Issu de la démolition d'un ancien riad (le terrain est propre et les gravats ont été évacués), ce lot représente une véritable page blanche au cœur de la Médina. Sa forme rectangulaire est un atout majeur pour structurer facilement le...",https://www.mubawab-media.com/ad/8/398/711F/h/20260812_115206_83038472.avif,3,2026-09-30
8182945,Appartement haut de standing élégant et raffiné,https://www.mubawab.ma/fr/pa/8182945/appartement-haut-de-standing-%C3%A9l%C3%A9gant-et-raffin%C3%A9,Vente,Riad,Marrakech,Agdal,1 960 000 DH,1960000,89m²,89,3 Pièces,2 Chambres,2 Salles de bains,"Jardin, Terrasse, Garage, Ascenseur, Piscine, Concierge, Salon Marocain, Sécurité, Cuisine équipée","Riad Garden dévoile sa nouvelle tranche dans le prestigieux quartier de l’Agdal, sur l’avenue Mohammed VI à Marrakech. Cette résidence haut standing incarne l’élégance et le raffinement grâce à ses matériaux nobles et son agencement optimisé, offrant un confort inégalé. Idéalement située, Riad Garden propose un cadre unique avec une vue imprenable sur les montagnes de l’Atlas, des espaces paysagers, des piscines et des équipements pensés pour...",https://www.mubawab-media.com/ad/8/182/945F/h/2_80666068_80691969.avif,15,2026-09-30
8409655,Riad de 91 m² avec 8 Chambres et Accès Voiture,https://www.mubawab.ma/fr/a/8409655/riad-de-91-m%C2%B2-avec-8-chambres-et-acc%C3%A8s-voiture,Vente,Riad,Marrakech,Autre / Centre,1 960 000 DH,1960000,220m²,220,1 Pièce,8 Chambres,2 Salles de bains,Terrasse,"Riad de 91 m² avec 8 Chambres et Accès Voiture La Cible Immobilier vous propose ce vaste riad de 91 m² au sol, offrant une excellente capacité d'accueil et bénéficiant d'un accès très pratique en voiture, situé dans le secteur d'Arset Guessous (Bab El Khmiss), à seulement 10 minutes à pied de la Medersa Ben Youssef. Caractéristiques clés : Superficie : 91 m² au sol. Agencement : 8 chambres au total, un patio central, salons, plusieurs cuisine...",https://www.mubawab-media.com/ad/8/409/655F/h/IMG-20260903-WA0028_83166761.avif,19,2026-09-30
8382128,Vente riad maison d’hote titree a quartier azbezte,https://www.mubawab.ma/fr/a/8382128/vente-riad-maison-d%E2%80%99hote-titree-a-quartier-azbezte,Vente,Riad,Marrakech,Médina,1 980 000 DH,1980000,475m²,475,17 Pièces,6 Chambres,6 Salles de bains,"Terrasse, Garage, Cheminée","Notre Agence Immobilière ATLAS TOUAREG spécialiste à la Médina de Marrakech, vous propose en vente typique Riad Maison D’hôte, d’une surface habitable de 475m² et d’une surface au sol de 296m², avec 6 chambres, chacune est décorée dans un style traditionnel avec des étoffes colorées et du carrelage Zellige, Idéalement situé dans un quartier authentique et unique rempli d’histoire au cœur de la médina de Marrakech à quartier AZBAZET, A seulement 1...",https://www.mubawab-media.com/ad/8/382/128F/h/WhatsApp%20Image%202025-03-24%20at%2012.13.29%20-%20Copie%20%282%29_82856248.avif,16,2026-09-30
8406922,Joli riad 80m2 en vente à Marrakech,https://www.mubawab.ma/fr/a/8406922/joli-riad-80m2-en-vente-%C3%A0-marrakech,Vente,Riad,Marrakech,Médina,2 000 000 DH,2000000,120m²,120,7 Pièces,5 Chambres,2 Salles de bains,Terrasse,"Ce joli riad est bien situé au quartier Bab Doukkala , ancienne médina de Marrakech , d une superficie de 80 m 2 au sol , se compose de 4 chambres , salon , cuisine , patio et terrasse. Ce joli ria à rénover de bonne structure est en mélkia",https://www.mubawab-media.com/ad/8/406/922F/h/WhatsApp%20Image%202026-08-17%20at%2019.44.32%20%281%29_83125444.avif,3,2026-09-30
8382668,"Riad brut titré, 62 m2 au sol",https://www.mubawab.ma/fr/a/8382668/riad-brut-titr%C3%A9-62-m2-au-sol,Vente,Riad,Marrakech,Médina,2 000 000 DH,2000000,61m²,61,5 Pièces,3 Chambres,4 Salles de bains,,"À vendre, riad titré à fort potentiel situé à Zaouia Sidi Ghalem, au cœur de la médina de Marrakech. Le bien offre une superficie au sol de 61 m², avec une configuration actuelle comprenant 3 chambres et 2 salons, idéale pour un futur projet de maison d’hôtes ou résidence de charme. Le riad est entièrement décapé et prêt à être rénové, ce qui permet au futur propriétaire de personnaliser totalement les aménagements intérieurs et les finitions...",https://www.mubawab-media.com/ad/8/382/668F/h/PHOTO-2026-07-11-13-16-44_82862238.avif,14,2026-09-30
8366692,Vaste Riad de Tradition Double Terrasse,https://www.mubawab.ma/fr/a/8366692/vaste-riad-de-tradition-double-terrasse,Vente,Riad,Marrakech,Koutoubia,2 000 000 DH,2000000,300m²,300,7 Pièces,7 Chambres,4 Salles de bains,"Terrasse, Salon Marocain","Vaste Riad de Tradition de 130 m² avec Double Terrasse et Vue Koutoubia La Cible Immobilier vous propose à la vente ce très grand riad traditionnel d'une superficie de 130 m² au sol, offrant une surface habitable développée exceptionnelle répartie sur plusieurs niveaux. Idéalement situé dans le secteur authentique de Bab Aylen, le bien se trouve à seulement 10 minutes en voiture (et 20 minutes à pied) de la célèbre place Jemaa El Fna. Ce riad s...",https://www.mubawab-media.com/ad/8/366/692F/h/20260616_151618_82686135.avif,28,2026-09-30
8335706,Riad localisation en or,https://www.mubawab.ma/fr/a/8335706/riad-localisation-en-or,Vente,Riad,Marrakech,Autre / Centre,2 000 000 DH,2000000,182m²,182,9 Pièces,7 Chambres,3 Salles de bains,Terrasse,"RIAD A VENDRE EMPLACEMENT EXEPTIONEL 7 CHAMBRES , 3 Salles de Bain , Patio , Cuisine",https://www.mubawab-media.com/ad/8/335/706F/h/ChatGPT%20Image%20Jul%2015%2C%202026%2C%2011_48_08%20AM_82865006.avif,28,2026-09-30
8338039,À rénover 81 M2/sol riad Larouss,https://www.mubawab.ma/fr/a/8338039/%C3%A0-r%C3%A9nover-81-m2-sol-riad-larouss,Vente,Riad,Marrakech,Autre / Centre,2 000 000 DH,2000000,160m²,160,5 Pièces,3 Chambres,2 Salles de bains,"Jardin, Terrasse, Garage","Top emplacement! La cible immobilier vous propose à la vente, un riad de 81 M2/sol à finir de rénover. idéalement situé, proche parking, quartier sidi bouamar, riad Larouss Composé de : -au r-de-ch : entrée, SDB , patio, cuisine, salon, salle à manger. - au 1er étage : pallier, 3 chambres dont une très grande . Et une petite pièce ( idéal SDB) Enfin : une terrasse et sur-terrasse avec jolie vue sur jardin arboré. Surface habitable: environ...",https://www.mubawab-media.com/ad/8/338/039F/h/IMG_20250904_161649_82334163.avif,21,2026-09-30
8376166,Riad titré à vendre à Zaouia Sidi Ghalem,https://www.mubawab.ma/fr/a/8376166/riad-titr%C3%A9-%C3%A0-vendre-%C3%A0-zaouia-sidi-ghalem,Vente,Riad,Marrakech,Autre / Centre,2 000 000 DH,2000000,120m²,120,2 Pièces,3 Chambres,3 Salles de bains,"Terrasse, Vue sur les montagnes, Salon Marocain","Ce magnifique riad situé au cœur de Marrakech, dans le quartier animé de Zaouia Sidi Ghalem, offre une surface habitable de 120 m² et s'étend sur un terrain de 65 m². Avec une orientation sud, cette propriété bénéficie d'une luminosité optimale tout au long de la journée. Âgé de 10 à 20 ans, le riad est charmant avec ses carreaux traditionnels ornant les espaces intérieurs, créant une ambiance typiquement marocaine. Le riad dispose de trois cham...",https://www.mubawab-media.com/ad/8/376/166F/h/photo_0_82791180.avif,12,2026-09-30
8369544,Potentiel Stratégique à Derb Hotel,https://www.mubawab.ma/fr/a/8369544/potentiel-strat%C3%A9gique-%C3%A0-derb-hotel,Vente,Riad,Marrakech,Médina,2 000 000 DH,2000000,57m²,57,4 Pièces,4 Chambres,2 Salles de bains,Terrasse,"Découvrez ce Riad de 57 m² au sol à rénover, idéalement situé dans le quartier historique et très recherché de Bab Doukkala, plus précisément à Derb Hotel. Bénéficiant d'un statut juridique en réquisition avec le 2ème bornage déjà effectué, cette propriété représente une excellente opportunité pour les investisseurs souhaitant façonner un projet sur mesure dans l'un des secteurs les plus authentiques et dynamiques de la Médina. - Emplacement : S...",https://www.mubawab-media.com/ad/8/369/544F/h/1_82715613.avif,8,2026-09-30
8337802,Villa à vendre 220 m² à Riad al Afaq,https://www.mubawab.ma/fr/a/8337802/villa-%C3%A0-vendre-220-m%C2%B2-%C3%A0-riad-al-afaq,Vente,Riad,Marrakech,Autre / Centre,2 000 000 DH,2000000,220m²,220,4 Pièces,3 Chambres,2 Salles de bains,"Jardin, Terrasse, Garage, Salon Marocain, Double vitrage, Porte blindée, Cuisine équipée","Nous vous proposons cette charmante villa R plus 1 d’une superficie de 220 m² 2 Façades, idéalement située à Riad Al Afaq Marrakech. Au rez-de-chaussée, vous découvrirez un grand salon spacieux et lumineux, bénéficiant d’une excellente aération naturelle. Une cuisine entièrement équipée accompagnée d’une salle de bain pratique. À l’étage, la villa se compose de trois chambres à coucher confortables dont une salle de bain, chacune dotée de placar...",https://www.mubawab-media.com/ad/8/337/802F/h/WhatsApp%20Image%202026-04-18%20at%2014.46.23_82329248.avif,10,2026-09-30
8285840,Kechich a Marrakech,https://www.mubawab.ma/fr/a/8285840/kechich-a-marrakech,Vente,Riad,Marrakech,Autre / Centre,2 000 000 DH,2000000,91m²,91,9 Pièces,9 Chambres,2 Salles de bains,,Riad a rénover de 91m² au sol avec accès voiture qui se trouve au Quartier Arset Ali O Salah 9 chambres et 2 cuisines et 1 salle de bain,https://www.mubawab-media.com/ad/8/285/840F/h/1000211251_81778410.avif,13,2026-09-30
8228983,Riad à rénover malkia superficie 85m,https://www.mubawab.ma/fr/a/8228983/riad-%C3%A0-r%C3%A9nover-malkia-superficie-85m,Vente,Riad,Marrakech,Autre / Centre,2 000 000 DH,2000000,85m²,85,3 Pièces,6 Chambres,2 Salles de bains,Terrasse,Un bon riad Quartier sidi youb Superficie 85m Prix 1900000dh Riad à rénover,https://www.mubawab-media.com/ad/8/228/983F/h/photo_00_82487325.avif,2,2026-09-30
8081315,Riad à centre médina Marrakech,https://www.mubawab.ma/fr/a/8081315/riad-%C3%A0-centre-m%C3%A9dina-marrakech,Vente,Riad,Marrakech,Médina,2 000 000 DH,2000000,172m²,172,5 Pièces,4 Chambres,2 Salles de bains,"Terrasse, Vue sur les montagnes, Salon Marocain, Antenne parabolique, Cuisine équipée, Four, Machine à laver","Riad neuve de 102 m² au sol 172 m² habitable, idéalement située dans le quartier BAB DOUKKALA, au cœur de la médina de Marrakech, à seulement 10 minutes à pied de la célèbre place Jamaâ El Fna. Elle offre 4 chambres confortables, un salon accueillant, une cuisine moderne, 2 salles de douche bien aménagées, Une opportunité rare alliant emplacement stratégique et confort. Prix : 2 000 000 DH",https://www.mubawab-media.com/ad/8/081/315F/h/WhatsApp%20Image%202025-10-30%20at%2010.26.57%20%283%29_82052726.avif,3,2026-09-30
8139508,Belle maison melkya seul héritier,https://www.mubawab.ma/fr/a/8139508/belle-maison-melkya-seul-h%C3%A9ritier,Vente,Riad,Marrakech,Autre / Centre,2 000 000 DH,2000000,200m²,200,7 Pièces,5 Chambres,2 Salles de bains,Terrasse,une maison Bab ghmat pas loin du riad Le perroquet Bleu Seul héritier Surface au sol 118 m Habitable 200 m 5 chambres Patio Voiture devant la porte,https://www.mubawab-media.com/ad/8/139/508F/h/photo_00_80687473.avif,9,2026-09-30
8363258,Terrain d’exception pour villa de prestige à marrakech,https://www.mubawab.ma/fr/a/8363258/terrain-d%E2%80%99exception-pour-villa-de-prestige-%C3%A0-marrakech,Vente,Riad,Marrakech,Route d'Amizmiz,2 000 000 DH,2000000,600m²,600,,,,,"TERRAIN D’EXCEPTION POUR VILLA DE PRESTIGE À MARRAKECH Route d’Amezmiz – Face à l’Hôtel Eden Andalou Lotissement RIAD MARRAKECH – Projet du Groupe Alliance Darna À quelques minutes seulement du centre-ville de Marrakech, découvrez une opportunité rare d’acquérir un terrain de 600 m² destiné à la construction d’une villa haut standing dans un environnement résidentiel recherché. Terrain titré et viabilisé Prêt à construire Autorisation pour...",https://www.mubawab-media.com/ad/8/363/258F/h/photo_0_82616969.avif,2,2026-09-30
7783197,Appartement conçu pour votre confort,https://www.mubawab.ma/fr/pa/7783197/appartement-con%C3%A7u-pour-votre-confort,Vente,Riad,Marrakech,Agdal,2 010 000 DH,2010000,91m²,91,3 Pièces,2 Chambres,2 Salles de bains,"Jardin, Terrasse, Garage, Ascenseur, Piscine, Concierge, Salon Marocain, Sécurité, Cuisine équipée","Riad Garden dévoile sa nouvelle tranche dans le prestigieux quartier de l’Agdal, sur l’avenue Mohammed VI à Marrakech. Cette résidence haut standing incarne l’élégance et le raffinement grâce à ses matériaux nobles et son agencement optimisé, offrant un confort inégalé. Idéalement située, Riad Garden propose un cadre unique avec une vue imprenable sur les montagnes de l’Atlas, des espaces paysagers, des piscines et des équipements pensés pour...",https://www.mubawab-media.com/ad/7/783/197F/h/DSC08548_72434923.avif,13,2026-09-30
8354470,Authentique Maison de 84 m² avec Accès Voiture,https://www.mubawab.ma/fr/a/8354470/authentique-maison-de-84-m%C2%B2-avec-acc%C3%A8s-voiture,Vente,Riad,Marrakech,Médina,2 050 000 DH,2050000,140m²,140,5 Pièces,5 Chambres,2 Salles de bains,"Terrasse, Salon Marocain","La Cible Immobilier vous propose à la vente cette authentique Douiria (petit riad) de 84 m², idéalement située au cœur de la Médina, dans le secteur recherché et animé de Derb Dabachi. Nichée au calme d'une agréable ruelle résidentielle, cette demeure bénéficie d’un privilège d'une immense rareté : un accès carrossable direct permettant de stationner un véhicule jusqu'au pas de la porte. Dotée de beaux volumes et d'une architecture traditionnell...",https://www.mubawab-media.com/ad/8/354/470F/h/1779458332873_82511809.avif,22,2026-09-30
8358233,Superbe appartement à vendre à Prestigia JUBAEA. 3 pièces co...,https://www.mubawab.ma/fr/a/8358233/superbe-appartement-%C3%A0-vendre-%C3%A0-prestigia-jubaea-3-pi%C3%A8ces-confortables-meubl%C3%A9,Vente,Riad,Marrakech,Prestigia,2 050 000 DH,2050000,97m²,97,3 Pièces,3 Chambres,2 Salles de bains,"Terrasse, Vue sur les montagnes, Piscine, Meublé, Salon européen, Climatisation, Sécurité, Cuisine équipée, Réfrigérateur, Four, Machine à laver, Micro-ondes","Découvrez ce magnifique appartement de 97 m² situé dans le quartier prisé de Riad Al Atlas, à Marrakech. Sise au deuxième étage d'un immeuble moderne de 1 à 5 ans d'ancienneté, cette propriété offre un cadre de vie agréable avec une orientation à l'ouest qui garantit une belle luminosité en fin de journée. Le sol en marbre contribue à l'élégance de l'espace de vie principal, créant une atmosphère accueillante dès l'entrée. La cuisine, entièremen...",https://www.mubawab-media.com/ad/8/358/233F/h/photo_0_82579368.avif,10,2026-09-30
8233258,Riad à vendre à Marrakech,https://www.mubawab.ma/fr/a/8233258/riad-%C3%A0-vendre-%C3%A0-marrakech,Vente,Riad,Marrakech,Kasbah,2 050 000 DH,2050000,100m²,100,6 Pièces,5 Chambres,1 Salle de bain,"Terrasse, Garage","À vendre : Riad à la Kasbah Nous sommes ravis de vous présenter ce charmant riad situé au cœur de la Kasbah, à proximité d’un parking accessible à seulement 10 mètres. Avec une superficie de 100 mètres carrés, ce bien est idéal pour ceux qui recherchent un espace authentique et confortable. Détails du bien : Superficie : 100 mètres carrés Chambres : 5 chambres spacieuses et lumineuses Emplacement : Situé à proximité immédiate d’un park...",https://www.mubawab-media.com/ad/8/233/258F/h/55551_81213692.avif,8,2026-09-30
8355392,Grand Riad de Tradition de 140 m² à Fort Potentiel,https://www.mubawab.ma/fr/a/8355392/grand-riad-de-tradition-de-140-m%C2%B2-%C3%A0-fort-potentiel,Vente,Riad,Marrakech,Autre / Centre,2 050 000 DH,2050000,240m²,240,2 Pièces,8 Chambres,3 Salles de bains,"Terrasse, Salon Marocain","La Cible Immobilier vous propose à la vente ce grand Riad de 140 m², idéalement niché dans une impasse calme du secteur recherché de Berrima, à proximité immédiate du célèbre quartier des épices. Alliant une structure mixte traditionnelle (moitié terre et moitié béton), ce bien offre de superbes volumes et un potentiel de rénovation exceptionnel pour un projet de maison d'hôtes ou une spacieuse demeure privée. La distribution intérieure se déplo...",https://www.mubawab-media.com/ad/8/355/392F/h/20260522_180752_82546277.avif,24,2026-09-30
8407805,Riad tetre dans zone oncien medina marrakech,https://www.mubawab.ma/fr/a/8407805/riad-tetre-dans-zone-oncien-medina-marrakech,Vente,Riad,Marrakech,Médina,2 060 000 DH,2060000,94m²,94,4 Pièces,5 Chambres,2 Salles de bains,,RIAD ET TRES COOL ET BIEN VUE A MOQUE KOUTOBIA ET ZONE POPULAIRE,https://www.mubawab-media.com/ad/8/407/805F/h/PHOTO-2026-09-01-14-10-48_83133494.avif,8,2026-09-30
8333837,Riad à rénover avec magnifique vue sur l'ATLAS,https://www.mubawab.ma/fr/a/8333837/riad-%C3%A0-r%C3%A9nover-avec-magnifique-vue-sur-l-atlas,Vente,Riad,Marrakech,Autre / Centre,2 100 000 DH,2100000,126m²,126,2 Pièces,3 Chambres,2 Salles de bains,"Terrasse, Vue sur les montagnes","vous propose à la vente ce charmant petit Riad Melkia, à rénover entièrement, idéalement situé dans un quartier très calme à proximité du Palais Royal. Édifié sur 2 niveaux, ce bien offre un fort potentiel d’aménagement grâce à son architecture, permettant la création de 3 chambres, d’une cuisine ouverte au rez-de-chaussée ainsi que d’un espace salon convivial. Le riad bénéficie d’un accès voiture à seulement 50 mètres, un véritable atout dans...",https://www.mubawab-media.com/ad/8/333/837F/h/aa26dc04-757f-4c73-b52f-a6a87a35e286_82288587.avif,12,2026-09-30
8349636,Riad Melkia à vendre – Bab Aylan,https://www.mubawab.ma/fr/a/8349636/riad-melkia-%C3%A0-vendre-%E2%80%93-bab-aylan,Vente,Riad,Marrakech,Autre / Centre,2 100 000 DH,2100000,130m²,130,8 Pièces,6 Chambres,2 Salles de bains,Terrasse,"Réf : 028S/026 Situé dans le quartier recherché de Bab Aylan , ce Riad bénéficie d’un emplacement calme et authentique, idéal pour maison d’hôtes ou investissement locatif. Caractéristiques : - Superficie : 130 m² - Un seul propriétaire - Deux façades - 6 chambres - 2 cuisines - 2 WC - Terrasse spacieuse Le Riad offre un fort potentiel d’aménagement et de rénovation selon vos besoins. Prix : 2 100 000 DH",https://www.mubawab-media.com/ad/8/349/636F/h/WhatsApp%20Image%202026-05-13%20at%2021.18.25%20%281%29_82460482.avif,11,2026-09-30
8322217,Riad et doiriya,https://www.mubawab.ma/fr/a/8322217/riad-et-doiriya,Vente,Riad,Marrakech,Médina,2 100 000 DH,2100000,188m²,188,2 Pièces,7 Chambres,2 Salles de bains,,RIAD DOUIRIA À VENDRE – MÉDINA MARRAKECH Opportunité au cœur de la Médina Riad : 5 grandes chambres Douiria : 3 chambres Melkiya propre Papiers en règle Un seul héritier Superficie : 188 m2 Riad à rénover – idéal pour projet maison d’hôtes ou investissement Emplacement stratégique en Médina Prix : 2.100.000 DH,https://www.mubawab-media.com/ad/8/322/217F/h/1000015699_82178248.avif,7,2026-09-30
8250110,Riad à vendre à renover,https://www.mubawab.ma/fr/a/8250110/riad-%C3%A0-vendre-%C3%A0-renover,Vente,Riad,Marrakech,Médina,2 100 000 DH,2100000,220m²,220,1 Pièce,5 Chambres,1 Salle de bain,"Terrasse, Salon Marocain","Riad à vendre melkyya à medina 110 mètres. Quartier assoual Arsat Lmllak. 7 chambres, une salle de bain, une cuisine et un Rooftop",https://www.mubawab-media.com/ad/8/250/110F/h/1000136446_81387897.avif,7,2026-09-30
8146717,Vente Villa à ancienne médina,https://www.mubawab.ma/fr/a/8146717/vente-villa-%C3%A0-ancienne-m%C3%A9dina,Vente,Riad,Marrakech,Médina,2 100 000 DH,2100000,150m²,150,9 Pièces,8 Chambres,4 Salles de bains,,"Je mets en vente un Riad en milkiya, situé à Arset El Baraka, au cœur de Marrakech. D’une superficie de 150 m², ce bien spacieux et bien agencé offre de belles possibilités pour un usage familial ou un projet locatif. Le Riad se compose de 8 chambres, 4 salles de bain, 3 cuisines et d’un grand salon, idéal pour accueillir famille et invités dans un cadre chaleureux et authentique. Son emplacement stratégique à proximité de la médina et des prin...",https://www.mubawab-media.com/ad/8/146/717F/h/02422884ba20d255bc07_80314898.avif,9,2026-09-30
8187508,Riad à renover à Marrakech Medina,https://www.mubawab.ma/fr/a/8187508/riad-%C3%A0-renover-%C3%A0-marrakech-medina,Vente,Riad,Marrakech,Médina,2 150 000 DH,2150000,115m²,115,7 Pièces,6 Chambres,2 Salles de bains,"Terrasse, Salon Marocain","Dans un quartier touristique et sécurisé de la Médina de Marrakech, à quelque minute de la fameuse place Jamae El Fena, ce Riad en vente est situé à la kasbah est Melkia propre d’une superficie de 115 M2 au sol dont la structure est en béton, le Riad se compose de 06 chambres. Deux salles de bains deux salons, un grand patio, une cuisine, une grande terrasse",https://www.mubawab-media.com/ad/8/187/508F/h/Riad%20997_80738869.avif,8,2026-09-30
8404832,Vaste maison semi fini avec Appartements,https://www.mubawab.ma/fr/a/8404832/vaste-maison-semi-fini-avec-appartements,Vente,Riad,Marrakech,Mellah,2 155 000 DH,2155000,350m²,350,3 Pièces,6 Chambres,3 Salles de bains,Terrasse,"La Cible Immobilier vous propose à la vente ce vaste riad de construction récente offrant une belle superficie de 150 m² au sol, idéalement situé dans le quartier historique du Mellah, à seulement 5 minutes à pied du célèbre Palais de la Bahia. Pensé pour offrir une grande modularité, ce bien se distingue par sa configuration atypique comprenant des espaces de type appartements sur les niveaux supérieurs. Actuellement en phase finale de finiti...",https://www.mubawab-media.com/ad/8/404/832F/h/20260823_142027_83102305.avif,25,2026-09-30
8424791,Maison construite par Charles Boccara,https://www.mubawab.ma/fr/a/8424791/maison-construite-par-charles-boccara,Vente,Riad,Marrakech,Autre / Centre,2 200 000 DH,2200000,125m²,125,4 Pièces,3 Chambres,2 Salles de bains,"Jardin, Terrasse, Garage, Cheminée","Construite par Charles Boccara aux alentours de l'an 2000, avec les restes du théâtre de Marrakech pour ainsi dire, petite maison-riad, titrée sur 49 mètres carré au sol cherche acheteuse pour la rafraîchir et entretenir ses: magnifiques portes en bois, porte d'entrée et porte de la terrasse, portes des rangements, toutes chinées et authentiques, salles de bain art-déco, robinetterie et vasques d'époque, jelliges au mur et dans les bains, marbre...",https://www.mubawab-media.com/ad/8/424/791F/h/Porte_sur_la_terrasse_83321967.avif,29,2026-09-30
8265635,Riad titré de 1387m² au sol au coeur de la médina,https://www.mubawab.ma/fr/a/8265635/riad-titr%C3%A9-de-1387m%C2%B2-au-sol-au-coeur-de-la-m%C3%A9dina,Vente,Riad,Marrakech,Médina,2 200 000 DH,2200000,1387m²,1387,43 Pièces,40 Chambres,40 Salles de bains,,"Dans le fameux quartier kaat Benahide, nous vous proposons à la vente un magnifique Riad qui ce compose de plusieurs Douirias ainsi que plusieurs magasins sur un terrain de 1387m², le tout est sur un seul titre foncier, ce riad ce situe tout près du Restaurant Le Foundouk. Veuillez nous contacter pour de plus amples informations et visite",https://www.mubawab-media.com/ad/8/265/635F/h/WhatsApp%20Image%202025-12-03%20at%2015.14.30_81559252.avif,1,2026-09-30
8360961,Joli riad titré 82 m2 en vente à Marrakech,https://www.mubawab.ma/fr/a/8360961/joli-riad-titr%C3%A9-82-m2-en-vente-%C3%A0-marrakech,Vente,Riad,Marrakech,Médina,2 200 000 DH,2200000,120m²,120,8 Pièces,6 Chambres,2 Salles de bains,Terrasse,"Ce joli riad est situé au quartier Berima, ancienne médina de Marrakech , d une superficie de 82 m 2 au sol , se compose de 5 chambres ,2 salles de bain, salon , cuisine , patio et terrasse. Ce joli riad à rénover de bonne structure est titré",https://www.mubawab-media.com/ad/8/360/961F/h/WhatsApp%20Image%202026-06-07%20at%2018.55.26_82583171.avif,6,2026-09-30
8382969,Authentique Riad à Zaouia Abbassia,https://www.mubawab.ma/fr/a/8382969/authentique-riad-%C3%A0-zaouia-abbassia,Vente,Riad,Marrakech,Médina,2 200 000 DH,2200000,147m²,147,6 Pièces,5 Chambres,2 Salles de bains,Terrasse,"Une magnifique opportunité d'acquérir un riad spacieux et plein de charme au cœur de l'un des quartiers les plus historiques et paisibles de la Médina. Avec ses beaux volumes et sa structure traditionnelle, cette propriété en cours de titrage offre un potentiel exceptionnel pour un projet de rénovation personnalisé ou une grande demeure familiale. - Emplacement : Situé dans le quartier calme et traditionnel de Zaouia Abbassia, un secteur authent...",https://www.mubawab-media.com/ad/8/382/969F/h/1_82865290.avif,13,2026-09-30
8377381,Super Riad à vendre à Bab Aylan,https://www.mubawab.ma/fr/a/8377381/super-riad-%C3%A0-vendre-%C3%A0-bab-aylan,Vente,Riad,Marrakech,Médina,2 200 000 DH,2200000,165m²,165,2 Pièces,8 Chambres,3 Salles de bains,,"Riad authentique à vendre – Médina de Marrakech Charmant riad traditionnel situé au cœur de la médina de Marrakech, à seulement 10 minutes à pied de Jemaa el-Fnaa. Alliant architecture marocaine authentique et atmosphère paisible, cette propriété offre une excellente opportunité pour une résidence privée, une maison d'hôtes ou un projet d'investissement. Près des principales attractions de la ville, souks, restaurants et monuments culturels",https://www.mubawab-media.com/ad/8/377/381F/h/photo_00_82806780.avif,11,2026-09-30
8355549,Riad Kasbah à rénover clé en main,https://www.mubawab.ma/fr/a/8355549/riad-kasbah-%C3%A0-r%C3%A9nover-cl%C3%A9-en-main,Vente,Riad,Marrakech,Médina,2 200 000 DH,2200000,152m²,152,8 Pièces,5 Chambres,5 Salles de bains,Terrasse,"Riad à rénover dans la Kasbah de Marrakech – Projet clé-en-main par Mediina Mediina propose une opportunité d’investissement sur un riad situé dans un très agréable derb, dans le quartier recherché de la Kasbah, au cœur de la médina de Marrakech. Le bien développe environ 84 m² au sol et présente un fort potentiel de valorisation après rénovation complète. Création possible d'une à 2 chambres sur la terrasse, et 3 chambres au premier étage...",https://www.mubawab-media.com/ad/8/355/549F/h/IMG_0548_82527575.avif,7,2026-09-30
8351779,Riad titré de 128 m² – 7 chambres,https://www.mubawab.ma/fr/a/8351779/riad-titr%C3%A9-de-128-m%C2%B2-%E2%80%93-7-chambres,Vente,Riad,Marrakech,Guéliz,2 200 000 DH,2200000,128m²,128,8 Pièces,7 Chambres,3 Salles de bains,,"**Riad titré de 128 m² – 7 chambres – Arset Ali O Salah** Belle opportunité d’investissement à Marrakech : riad titré de **128 m²**, situé à **7 min de la Médina**, **7 min de Majorelle** et **10 min de Guéliz** en voiture. Il se compose de **7 chambres**, **2 cuisines** et **3 salles de bain**, offrant un excellent potentiel pour **maison d’hôtes**, **location courte durée** ou **projet de rénovation rentable**. Un bien rare, bien placé...",https://www.mubawab-media.com/ad/8/351/779F/h/3b6621d4-43a2-43ea-b997-5de9ed0a04c9_82483043.avif,7,2026-09-30
8336009,Appartement style riad 85 m² près de Guéliz,https://www.mubawab.ma/fr/a/8336009/appartement-style-riad-85-m%C2%B2-pr%C3%A8s-de-gu%C3%A9liz,Vente,Riad,Marrakech,Guéliz,2 200 000 DH,2200000,85m²,85,3 Pièces,2 Chambres,2 Salles de bains,"Jardin, Terrasse, Garage, Ascenseur, Piscine, Concierge, Chambre rangement, Meublé, Façade extérieure, Salon Marocain, Climatisation, Cuisine équipée","Magnifique appartement style riad de 85 m² à Marrakech – à deux pas de Guéliz Découvrez ce superbe appartement au charme unique, mêlant avec élégance l’authenticité du style riad marocain et le confort moderne. Situé au 2ème étage d’une résidence fermée et sécurisée avec ascenseur, ce bien rare vous séduira par son cachet, son calme et son emplacement privilégié à quelques minutes seulement de Guéliz. D’une superficie de 85 m², l’appartemen...",https://www.mubawab-media.com/ad/8/336/009F/h/WhatsApp%20Image%202026-04-20%20at%2015.14.56%20%282%29_82309829.avif,25,2026-09-30
8325936,Riad à vendre à Azbezt,https://www.mubawab.ma/fr/a/8325936/riad-%C3%A0-vendre-%C3%A0-azbezt,Vente,Riad,Marrakech,Autre / Centre,2 200 000 DH,2200000,124m²,124,7 Pièces,6 Chambres,2 Salles de bains,,"Riad à rénover de 124 m2 au sol, situé dans le cartier Azbezt, 6 minutes de Jemaâ El Fna (emplacement très recherché). Une opportunité parfaite pour un investissement locatif (maison d’hôtes). Statut: Melkia. Pour plus d’informations ou une visite n’hésitez pas de me contacter. Prix: 2200000 dh Frais d’agence : 2.5 %",https://www.mubawab-media.com/ad/8/325/936F/h/photo_00_82204387.avif,8,2026-09-30
8076753,Riad à rénover Titré à centre médina Marrakech,https://www.mubawab.ma/fr/a/8076753/riad-%C3%A0-r%C3%A9nover-titr%C3%A9-%C3%A0-centre-m%C3%A9dina-marrakech,Vente,Riad,Marrakech,Médina,2 200 000 DH,2200000,178m²,178,8 Pièces,6 Chambres,2 Salles de bains,"Terrasse, Vue sur les montagnes","Riad de 103 m² au sol à vendre – Ancienne Médina de Marrakech Situé au cœur de l’ancienne médina de Marrakech, ce riad d’une superficie de 103 m² au sol est en cours de titrage. Il bénéficie d’une structure saine et en bon état, offrant une base idéale pour un projet de rénovation ou d’aménagement selon vos envies. Grâce à son emplacement recherché dans un quartier authentique et calme de la médina, ce bien représente une excellente opportunité...",https://www.mubawab-media.com/ad/8/076/753F/h/WhatsApp%20Image%202026-01-05%20at%2014.37.42%20%281%29_81726672.avif,7,2026-09-30
8280657,Riad Titré en bon état,https://www.mubawab.ma/fr/a/8280657/riad-titr%C3%A9-en-bon-%C3%A9tat,Vente,Riad,Marrakech,Médina,2 200 000 DH,2200000,176m²,176,6 Pièces,5 Chambres,2 Salles de bains,,"Riad de 103 m² au sol à vendre – Ancienne Médina de Marrakech Situé au cœur de l’ancienne médina de Marrakech, ce riad d’une superficie de 103 m² au sol est en cours de titrage. Il bénéficie d’une structure saine et en bon état, offrant une base idéale pour un projet de rénovation ou d’aménagement selon vos envies. Grâce à son emplacement recherché dans un quartier authentique et calme de la médina, ce bien représente une excellente opportunité...",https://www.mubawab-media.com/ad/8/280/657F/h/WhatsApp%20Image%202026-01-05%20at%2014.37.42%20%281%29_81726253.avif,8,2026-09-30
8253286,Trouvez votre riad à acheter à Kaa El Machraa. Surface total...,https://www.mubawab.ma/fr/a/8253286/trouvez-votre-riad-%C3%A0-acheter-%C3%A0-kaa-el-machraa-surface-totale-133-m%C2%B2,Vente,Riad,Marrakech,Autre / Centre,2 200 000 DH,2200000,133m²,133,4 Pièces,7 Chambres,5 Salles de bains,,"Magnifique riad en vente. Prix 2 200 000 DH. 7 chambres, 5 salles de bains, surface 133 m². 4 pièces lumineuses. Bon état. Ce riad est en vente à Kaa El Machraa, Marrakech",https://www.mubawab-media.com/ad/8/253/286F/h/photo_0_81420576.avif,20,2026-09-30
8230091,Somptueux riad titré à demolir,https://www.mubawab.ma/fr/a/8230091/somptueux-riad-titr%C3%A9-%C3%A0-demolir,Vente,Riad,Marrakech,Autre / Centre,2 200 000 DH,2200000,127m²,127,2 Pièces,4 Chambres,2 Salles de bains,Terrasse,"Opportunité unique pour ce riad à démolir à vendre. Prix 2 200 000 DH. 4 chambres, 2 salles de bains, surface 127 m². 2 pièces. Moins de 20 ans. À rénover. Grand balcon. Ce riad est proche de tout commodité aps loin de derb dabachi , Marrakech",https://www.mubawab-media.com/ad/8/230/091F/h/photo_0_81180994.avif,1,2026-09-30
8112559,Riad titré à l'ancienne médina proche de toute commodité,https://www.mubawab.ma/fr/a/8112559/riad-titr%C3%A9-%C3%A0-l-ancienne-m%C3%A9dina-proche-de-toute-commodit%C3%A9,Vente,Riad,Marrakech,Médina,2 200 000 DH,2200000,89m²,89,3 Pièces,6 Chambres,2 Salles de bains,Terrasse,"Faites une belle affaire avec ce splendide riad titré à vendre. Prix 2 200 000 DH. 6 pièces, 2 salles de bains Ce riad est en vente à Arest mellak proche du célèbre bab taghzout Marrakech",https://www.mubawab-media.com/ad/8/112/559F/h/photo_0_82045569.avif,1,2026-09-30
8402188,Nouveau appartement en vente,https://www.mubawab.ma/fr/a/8402188/nouveau-appartement-en-vente,Vente,Riad,Marrakech,Autre / Centre,2 250 000 DH,2250000,90m²,90,4 Pièces,2 Chambres,2 Salles de bains,"Terrasse, Garage, Ascenseur, Vue sur les montagnes, Piscine, Concierge, Façade extérieure","Appartement 90 m² à vendre – Riad Garden Marrakech À vendre, bel appartement de 90 m² situé au 2ᵉ étage avec ascenseur dans la résidence recherchée Riad Garden à Marrakech. L’appartement se compose de : 2 chambres 2 salles de bains Un salon lumineux Une cuisine Une belle vue dégagée sur le nouveau Morocco Mall Marrakech Résidence agréable et sécurisée, avec un emplacement privilégié à Marrakech. Prix de vente : 2 250 000 DH Riad Garden – Ma...",https://www.mubawab-media.com/ad/8/402/188F/h/WhatsApp%20Image%202026-08-20%20at%2018.14.52_83074183.avif,12,2026-09-30
8401787,Appartement à vendre – Riad Garden,https://www.mubawab.ma/fr/a/8401787/appartement-%C3%A0-vendre-%E2%80%93-riad-garden,Vente,Riad,Marrakech,Autre / Centre,2 250 000 DH,2250000,90m²,90,3 Pièces,2 Chambres,1 Salle de bain,"Jardin, Terrasse, Garage, Ascenseur, Piscine, Façade extérieure, Salon Marocain, Antenne parabolique, Climatisation, Chauffage central, Sécurité, Double vitrage","Découvrez cet appartement de 90 m² situé au sein de la résidence Riad Garden. Il offre une distribution fonctionnelle et se compose de : Un salon 2 pièces Une salle de bain Une cuisine Une grande terrasse, idéale pour profiter d’un agréable espace extérieur Un bien offrant un cadre de vie agréable au sein de Riad Garden",https://www.mubawab-media.com/ad/8/401/787F/h/WhatsApp%20Image%202026-08-19%20at%2021.31.39%20%281%29_83069895.avif,13,2026-09-30
8159680,Maison de ville style riad à vendre à Marrakech,https://www.mubawab.ma/fr/a/8159680/maison-de-ville-style-riad-%C3%A0-vendre-%C3%A0-marrakech,Vente,Riad,Marrakech,Autre / Centre,2 280 000 DH,2280000,137m²,137,7 Pièces,5 Chambres,4 Salles de bains,Jardin,"Notre agence immobilière vous propose à la vente une maison de ville style riad situé à rue Moqaouama (15 minutes du centre-ville), dans un quartier calme et proche de toutes les commodités. Ce bien offre une superficie habitable de 137 m² avec un petit jardin de 3 m². Il est composé de 9 pièces : 4 salons spacieux, 5 chambres lumineuses dont une suite avec salle de bain privative, ainsi que 4 salles de bain bien aménagées. Le riad dispose aussi...",https://www.mubawab-media.com/ad/8/159/680F/h/6_80455991.avif,9,2026-09-30
8326331,Potentiel Stratégique à Bab Doukkala,https://www.mubawab.ma/fr/a/8326331/potentiel-strat%C3%A9gique-%C3%A0-bab-doukkala,Vente,Riad,Marrakech,Médina,2 300 000 DH,2300000,84m²,84,3 Pièces,4 Chambres,2 Salles de bains,Terrasse,"Découvrez ce Riad de 84 m² au sol à rénover, idéalement niché dans le secteur dynamique et très recherché de Bab Doukkala, au cœur de la Médina de Marrakech. Entièrement titré, ce bien est entouré de maisons d'hôtes prospères en activité, ce qui en fait une opportunité d'investissement exceptionnelle pour créer un projet locatif à fort rendement ou une maison d'hôtes de charme. - Emplacement et Contexte : Situé dans une zone premium de Bab Doukk...",https://www.mubawab-media.com/ad/8/326/331F/h/27_82309666.avif,15,2026-09-30
8415830,Opportunité exceptionnelle à saisir sur Marrakech,https://www.mubawab.ma/fr/a/8415830/opportunit%C3%A9-exceptionnelle-%C3%A0-saisir-sur-marrakech,Vente,Riad,Marrakech,Autre / Centre,2 300 000 DH,2300000,95m²,95,2 Pièces,2 Chambres,2 Salles de bains,"Jardin, Garage, Ascenseur, Piscine, Meublé","À VENDRE Rez-de-jardin à Riad Garden – Boulevard Mohammed VI, Marrakech Découvrez ce magnifique appartement situé dans la résidence très prisée Riad Garden, à proximité du nouveau Morocco Mall et à deux pas de Carrefour. Superficie : 95 m² 2 chambres avec balcons 2 salles d’eau : salle de bain WC invités Grand salon lumineux avec accès direct au jardin Cuisine aménagée Belle vue sur la piscine Résidence haut standing : Piscine Espaces verts ...",https://www.mubawab-media.com/ad/8/415/830F/h/dddccb1f-4c44-4cf9-b937-0790b51b9c0b_83222479.avif,15,2026-09-30
8409405,Riad a rénover 123m2 melkia bab Doukkala jdid,https://www.mubawab.ma/fr/a/8409405/riad-a-r%C3%A9nover-123m2-melkia-bab-doukkala-jdid,Vente,Riad,Marrakech,Médina,2 300 000 DH,2300000,123m²,123,5 Pièces,5 Chambres,,,"Nous vous proposons ce riad sur une parcelle bien structuré de 123m2 situé à Derb Jdid, Bab Doukkala, offrant un excellent potentiel de rénovation ou de reconstruction. Idéal pour un projet de maison d’hôtes ou un investissement locatif de charme au cœur de la médina de Marrakech. Patio lumineux et emplacement recherché à proximité des accès principaux et des commodités. 3% TTC de Frais d’Agence — statut juridique: Melkia, terrain constructible",https://www.mubawab-media.com/ad/8/409/405F/h/b58f71b0-fee8-42ac-81dc-c3c8a2a17345-3C7102C9_1D07_4785_B2F0_5D8FC29B6DFA_83150304.avif,7,2026-09-30
8360259,Riad à rénover titré Bab Doukkala Accès voiture,https://www.mubawab.ma/fr/a/8360259/riad-%C3%A0-r%C3%A9nover-titr%C3%A9-bab-doukkala-acc%C3%A8s-voiture,Vente,Riad,Marrakech,Guéliz,2 300 000 DH,2300000,150m²,150,6 Pièces,3 Chambres,3 Salles de bains,Terrasse,"Le bien est situé à Bab Doukkala avec un accès voiture à 30 mètres. Quartier calme et facile d’accès, à 5 minutes à pieds de Riad Laârous, à 10 minutes à pied de Majorelle et 15 minutes à pied de Gueliz. Un quartier en plein renouveau urbain bénéficiant d’un ambitieux projet de coulée verte et d’aménagement paysager reliant la médina à Majorelle. Belle opportunité d’investissement : ce riad à rénover dispose d’une structure saine et o...",https://www.mubawab-media.com/ad/8/360/259F/h/PHOTO-2026-01-23-16-12-24-5_82575610.avif,18,2026-09-30
8281420,Vente d'un superbe riad à harte soura 4 chambres,https://www.mubawab.ma/fr/a/8281420/vente-d-un-superbe-riad-%C3%A0-harte-soura-4-chambres,Vente,Riad,Marrakech,Autre / Centre,2 300 000 DH,2300000,250m²,250,6 Pièces,5 Chambres,3 Salles de bains,"Terrasse, Garage, Vue sur les montagnes, Piscine, Chambre rangement, Salon Marocain, Salon européen, Cuisine équipée","Situé dans le quartier recherché de Derb Slima, à seulement 3 minutes de la médersa Ben Youssef et 15 minutes de la place Jemaa El-Fna, le projet Goldy offre une base idéale pour la rénovation d’un riad privatif de standing. Avec ses 103 m² au sol et son potentiel de 250 m² habitables, ce bien permet d’envisager une transformation complète en riad confortable et élégant, parfaitement adapté à un usage personnel ou à une location haut de gamm...",https://www.mubawab-media.com/ad/8/281/420F/h/IMG-20260106-WA0009_81735992.avif,9,2026-09-30
8224444,Appartemment haut standing a vendre riad garden,https://www.mubawab.ma/fr/a/8224444/appartemment-haut-standing-a-vendre-riad-garden,Vente,Riad,Marrakech,Autre / Centre,2 300 000 DH,2300000,90m²,90,1 Pièce,2 Chambres,2 Salles de bains,"Jardin, Terrasse, Garage, Ascenseur, Piscine, Concierge, Climatisation, Sécurité, Cuisine équipée, Réfrigérateur","Découvrez ce magnifique appartement de 90 m² situé au rez-de-chaussée d’une résidence haut standing, parfaitement entretenue et sécurisée, en face du Morocco Mall Marrakech. Caractéristiques de l’appartement : Superficie : 90 m² 2 chambres spacieuses et lumineuses 2 toilettes modernes Cuisine fonctionnelle Salon confortable avec accès direct sur l’extérieur Parking souterrain inclus Avantages de la résidence Riad Garden : Plus de 5 pisci...",https://www.mubawab-media.com/ad/8/224/444F/h/2_81118389.avif,13,2026-09-30
8101700,Riad à rénover – sur la place Jemaa el Fna,https://www.mubawab.ma/fr/a/8101700/riad-%C3%A0-r%C3%A9nover-%E2%80%93-sur-la-place-jemaa-el-fna,Vente,Riad,Marrakech,Médina,2 300 000 DH,2300000,60m²,60,5 Pièces,4 Chambres,1 Salle de bain,Terrasse,"Ce riad bénéficie d’un emplacement exceptionnel, à quelques mètres seulement de la place Jemaa el Fna. Son accès direct aux souks, aux parkings de Bab Laksour et de la rue Koutoubia en fait un bien rare dans la médina. Le rez-de-chaussée comprend 2 chambres, une cuisine et des toilettes. À l’étage, 2 chambres supplémentaires et une salle de bain. Sur la terrasse, l’installation d’une pergola offrirait une vue directe sur la place. Statut...",https://www.mubawab-media.com/ad/8/101/700F/h/Laksour-280205-3_79862256.avif,15,2026-09-30
8011963,EMPLACEMENT FABULEUX pour ce riad à renover,https://www.mubawab.ma/fr/a/8011963/emplacement-fabuleux-pour-ce-riad-%C3%A0-renover,Vente,Riad,Marrakech,Autre / Centre,2 400 000 DH,2400000,160m²,160,6 Pièces,4 Chambres,1 Salle de bain,"Jardin, Terrasse","La cible immobilier vous propose en EXCLUSIVITÉ une maison d'environ 76 M2 au sol, facile à rénover, pour faire un charmant petit riad 4 chambres type Airbnb ,Ou pour un espace commercial bien placé, très facile d'accès ( showroom, restaurant, spa...), A CÔTÉ DU JARDIN DU LOTUS La maison se compose de: Entrée : cuisine, salon cuisine chambre A l'étage : 2 chambres et un grand salon Terrasse : deux pièces surface habitable environ 160 m...",https://www.mubawab-media.com/ad/8/011/963F/h/1000157104_79024566.avif,20,2026-09-30
8348954,Magnifique appartement avec terrasse à vendre – Riad Garden...,https://www.mubawab.ma/fr/a/8348954/magnifique-appartement-avec-terrasse-%C3%A0-vendre-%E2%80%93-riad-garden-avenue-mohamed-vi,Vente,Riad,Marrakech,Autre / Centre,2 400 000 DH,2400000,93m²,93,1 Pièce,2 Chambres,2 Salles de bains,"Terrasse, Garage, Ascenseur, Piscine, Concierge, Meublé, Salon européen, Climatisation, Sécurité, Double vitrage, Cuisine équipée, Réfrigérateur, Four, Machine à laver, Micro-ondes","À vendre, bel appartement de 93 m² situé au RDC dans la résidence sécurisée Riad Garden, sur l’Avenue Mohamed VI à Marrakech, juste en face du futur Morocco Mall. L’appartement offre un cadre de vie agréable avec une grande terrasse donnant sur la piscine, idéal pour profiter du calme et du confort de la résidence. Il se compose d’un salon lumineux, de deux chambres, de deux salles de bain, d’une cuisine, d’une buanderie ainsi que d’une place d...",https://www.mubawab-media.com/ad/8/348/954F/h/photo_00_82453485.avif,22,2026-09-30
8359473,Riad Zitoun à rénover clé en main,https://www.mubawab.ma/fr/a/8359473/riad-zitoun-%C3%A0-r%C3%A9nover-cl%C3%A9-en-main,Vente,Riad,Marrakech,Médina,2 400 000 DH,2400000,190m²,190,6 Pièces,4 Chambres,4 Salles de bains,,"Riad à rénover à Riad Zitoun Jedid – Projet clé-en-main par Mediina Mediina propose une belle opportunité d’investissement sur un riad situé à Riad Zitoun Jedid, à environ 9 minutes à pied de la place Jemaa el-Fna, dans un secteur très recherché de la médina de Marrakech. Le bien développe environ 119 m² au sol et présente un fort potentiel de valorisation après rénovation complète. Sa configuration permet d’envisager la création de 4 belles cha...",https://www.mubawab-media.com/ad/8/359/473F/h/1%20Faran_82567293.avif,15,2026-09-30
8331630,"À vendre, charmant riad titré",https://www.mubawab.ma/fr/a/8331630/%C3%A0-vendre-charmant-riad-titr%C3%A9,Vente,Riad,Marrakech,Médina,2 400 000 DH,2400000,117m²,117,3 Pièces,2 Chambres,2 Salles de bains,,"**Atlas Prestige Immo vous propose :** À vendre, charmant riad titré d’une superficie de 117 m² au sol, idéalement situé à Bab Aylan, à seulement 15 minutes de la place Jemaa el-Fna. Ce bien se compose actuellement de : * 3 pièces * 2 WC * Une cuisine Le riad offre également un fort potentiel d’aménagement avec la possibilité d’ajouter 2 chambres supplémentaires selon vos besoins. Situé dans un quartier authentique et recherché de la médina...",https://www.mubawab-media.com/ad/8/331/630F/h/1000462640_82264513.avif,10,2026-09-30
8316425,Riad titré à vendre – Quartier Riad Laarous,https://www.mubawab.ma/fr/a/8316425/riad-titr%C3%A9-%C3%A0-vendre-%E2%80%93-quartier-riad-laarous,Vente,Riad,Marrakech,Médina,2 400 000 DH,2400000,70m²,70,6 Pièces,4 Chambres,2 Salles de bains,,"Riad titré à vendre – Quartier Riad Laarous, Médina de Marrakech Situé dans le quartier recherché de Riad Laarous, au cœur de la Médina de Marrakech, ce riad bénéficie d’un emplacement intéressant avec façade, idéal pour une résidence privée ou un projet d’investissement touristique. Le bien est édifié sur une parcelle de 70 m² au sol et développe une superficie totale d’environ 160 m². Il se compose de quatre chambres, d’un salon, de deux...",https://www.mubawab-media.com/ad/8/316/425F/h/5b7bfd44-8ffc-42ba-b6ed-823a02810a98_82104608.avif,8,2026-09-30
8234371,"Riad garden Av M6 2 ch. 2 sa. Bain, 2 balc. 1er etage",https://www.mubawab.ma/fr/a/8234371/riad-garden-av-m6-2-ch-2-sa-bain-2-balc-1er-etage,Vente,Riad,Marrakech,Autre / Centre,2 400 000 DH,2400000,87m²,87,3 Pièces,2 Chambres,2 Salles de bains,"Terrasse, Garage, Ascenseur, Piscine, Meublé, Façade extérieure, Salon européen, Climatisation, Chauffage central, Double vitrage, Cuisine équipée, Réfrigérateur, Four, Machine à laver","(particulier a particulier) Disponible sur Whatsapp ou email. Charmant apartement de 2 chambres et 2 salles de bain au 1er etage avec vue sur piscine. Parfait pour la location, pour s'y installer ou pour vos vacances. Localisation parfaite en face du Morocco Mall. Prix ferme! pas d'agences s.v.p! seulement les particuliers",https://www.mubawab-media.com/ad/8/234/371F/h/IMG_0029_81224955.avif,10,2026-09-30
8289562,Riad à rénover quartier Bab Hmar,https://www.mubawab.ma/fr/a/8289562/riad-%C3%A0-r%C3%A9nover-quartier-bab-hmar,Vente,Riad,Marrakech,Autre / Centre,2 400 000 DH,2400000,137m²,137,7 Pièces,6 Chambres,2 Salles de bains,Chambre rangement,Détails : Superficie : 137m2 MELKIA RDC 2 grandes chambres 1 grande cuisine 1 SDB douche 1er ETG 4 pièces 1 WC TERRASSE 1 pièce 1 débarras,https://www.mubawab-media.com/ad/8/289/562F/h/renovation-riad-melkia-titre-maroc-medina-marrakech-agence-immobilier%20%283%29_81817682.avif,7,2026-09-30
8086878,Riad rénover à centre médina Marrakech,https://www.mubawab.ma/fr/a/8086878/riad-r%C3%A9nover-%C3%A0-centre-m%C3%A9dina-marrakech,Vente,Riad,Marrakech,Médina,2 400 000 DH,2400000,149m²,149,4 Pièces,4 Chambres,1 Salle de bain,"Jardin, Terrasse, Vue sur les montagnes, Cheminée, Climatisation","Riad à rénover, situé à quartier Ksour, il se trouve à seulement 5 minutes à pied de la place Jamaâ El Fna, offrant un accès privilégié aux souks et aux attractions emblématiques de Marrakech. Surface et agencement : 4 chambres spacieuses Emplacement idéal : Quartier paisible, proche des commodités et des sites touristiques Prix attractif : 2 400 000 DH",https://www.mubawab-media.com/ad/8/086/878F/h/WhatsApp%20Image%202025-09-15%20at%2014.22.01_81262760.avif,6,2026-09-30
8221473,Riad à rénové situé à Ksour,https://www.mubawab.ma/fr/a/8221473/riad-%C3%A0-r%C3%A9nov%C3%A9-situ%C3%A9-%C3%A0-ksour,Vente,Riad,Marrakech,Autre / Centre,2 400 000 DH,2400000,169m²,169,5 Pièces,4 Chambres,1 Salle de bain,"Terrasse, Vue sur les montagnes","Riad de 109 m² au sol situé à quarteir KSOUR de qlq pas de la place Jamaâ El Fna . Marrakech Il se compose de: 4 chambres , patio et Terrasse. Prix: 2 400 000 DH",https://www.mubawab-media.com/ad/8/221/473F/h/WhatsApp%20Image%202025-09-15%20at%2014.22.02_81084987.avif,6,2026-09-30
8216910,Appartement élégant et raffiné avec piscine,https://www.mubawab.ma/fr/pa/8216910/appartement-%C3%A9l%C3%A9gant-et-raffin%C3%A9-avec-piscine,Vente,Riad,Marrakech,Agdal,2 410 000 DH,2410000,101m²,101,3 Pièces,2 Chambres,2 Salles de bains,"Jardin, Terrasse, Garage, Ascenseur, Piscine, Concierge, Salon Marocain, Sécurité, Cuisine équipée","Riad Garden dévoile sa nouvelle tranche dans le prestigieux quartier de l’Agdal, sur l’avenue Mohammed VI à Marrakech. Cette résidence haut standing incarne l’élégance et le raffinement grâce à ses matériaux nobles et son agencement optimisé, offrant un confort inégalé. Idéalement située, Riad Garden propose un cadre unique avec une vue imprenable sur les montagnes de l’Atlas, des espaces paysagers, des piscines et des équipements pensés pour...",https://www.mubawab-media.com/ad/8/216/910F/h/4_80666070_81036383.avif,15,2026-09-30
7596353,Appartement d’exception avec piscine,https://www.mubawab.ma/fr/pa/7596353/appartement-d%E2%80%99exception-avec-piscine,Vente,Riad,Marrakech,Agdal,2 410 000 DH,2410000,101m²,101,3 Pièces,2 Chambres,2 Salles de bains,"Jardin, Terrasse, Garage, Ascenseur, Piscine, Concierge, Salon Marocain, Sécurité, Cuisine équipée","Riad Garden dévoile sa nouvelle tranche dans le prestigieux quartier de l’Agdal, sur l’avenue Mohammed VI à Marrakech. Cette résidence haut standing incarne l’élégance et le raffinement grâce à ses matériaux nobles et son agencement optimisé, offrant un confort inégalé. Idéalement située, Riad Garden propose un cadre unique avec une vue imprenable sur les montagnes de l’Atlas, des espaces paysagers, des piscines et des équipements pensés pour...",https://www.mubawab-media.com/ad/7/596/353F/h/DSC08344_72434156.avif,14,2026-09-30
8360431,Douceur de Vivre à Dar El Bacha,https://www.mubawab.ma/fr/a/8360431/douceur-de-vivre-%C3%A0-dar-el-bacha,Vente,Riad,Marrakech,Médina,2 450 000 DH,2450000,110m²,110,2 Pièces,2 Chambres,3 Salles de bains,Terrasse,"Découvrez ce charmant Riad titré de 110 m², idéalement situé dans le quartier prestigieux et hautement sécurisé de Dar El Bacha. Nichée dans l'un des secteurs les plus exclusifs et recherchés de la Médina, cette propriété entièrement titrée représente une opportunité rare, que ce soit pour un pied-à-terre d'exception ou pour un investissement locatif à forte rentabilité. - Emplacement : Une adresse prestigieuse à Dar El Bacha, à proximité immé...",https://www.mubawab-media.com/ad/8/360/431F/h/1_82624563.avif,28,2026-09-30
8402593,Riad avec piscine –à 5 minutes du Jardin Majorelle,https://www.mubawab.ma/fr/a/8402593/riad-avec-piscine-%E2%80%93%C3%A0-5-minutes-du-jardin-majorelle,Vente,Riad,Marrakech,Majorelle,2 450 000 DH,2450000,150m²,150,1 Pièce,2 Chambres,2 Salles de bains,"Jardin, Terrasse, Piscine, Concierge","À vendre à Marrakech, riad de caractère situé dans le secteur des Remparts, à 5 minutes du Jardin Majorelle, au sein d’une résidence privée avec piscine et espaces verts communs. Le riad est réparti sur 3 niveaux et offre une surface habitable d’environ 150 m². Il se compose de 2 chambres disposant chacune de leur salle de bains privative, d’un salon, d’une2 450 000 cuisine, d’un patio intérieur ainsi que d’une terrasse. Le bien bénéficie d’un...",https://www.mubawab-media.com/ad/8/402/593F/h/01_PRINCIPALE_patios_niveaux_83078763.avif,10,2026-09-30
8392202,Spacieux Riad Titré de 193 m² Très Grande Terrasse,https://www.mubawab.ma/fr/a/8392202/spacieux-riad-titr%C3%A9-de-193-m%C2%B2-tr%C3%A8s-grande-terrasse,Vente,Riad,Marrakech,Autre / Centre,2 460 000 DH,2460000,193m²,193,1 Pièce,3 Chambres,2 Salles de bains,Terrasse,"La Cible Immobilier vous propose ce vaste riad de 193 m² au sol (construction solide en béton), entièrement titré, idéalement situé dans le quartier agréable de Sidi Amara. Ofraant une belle surface de plain-pied avec de généreux volumes et une très grande terrasse à l'étage, ce bien constitue une excellente opportunité pour une résidence familiale de standing ou un projet de rénovation/aménagement sur mesure. Disposition du Bien : Rez-de-chaus...",https://www.mubawab-media.com/ad/8/392/202F/h/20260730_134028_82965610.avif,13,2026-09-30
8366432,Grand Riad Traditionnel de 126 m²,https://www.mubawab.ma/fr/a/8366432/grand-riad-traditionnel-de-126-m%C2%B2,Vente,Riad,Marrakech,Autre / Centre,2 460 000 DH,2460000,220m²,220,2 Pièces,6 Chambres,2 Salles de bains,"Terrasse, Salon Marocain","Grand Riad Traditionnel de 126 m² avec Belle Terrasse – Idéal Investissement, Quartier Azbezt Description La Cible Immobilier vous propose à la vente ce grand riad traditionnel de 126 m² au sol, idéalement situé dans le secteur recherché et dynamique d'Azbezt, à seulement 10 minutes à pied de la célèbre place Jemaa El Fna. Bénéficiant de volumes généreux et d'une excellente distribution répartie de manière équilibrée sur les niveaux, cette deme...",https://www.mubawab-media.com/ad/8/366/432F/h/20260615_164659_82683043.avif,17,2026-09-30
8368788,Magnifique maison d'hôtes de 8 chambres à la Kasbah,https://www.mubawab.ma/fr/a/8368788/magnifique-maison-d-h%C3%B4tes-de-8-chambres-%C3%A0-la-kasbah,Vente,Riad,Marrakech,Médina,2 475 000 DH,2475000,800m²,800,10 Pièces,8 Chambres,8 Salles de bains,"Vue sur les montagnes, Piscine, Meublé, Cheminée, Chauffage central","L’agence Vaneau Maroc vous propose à la vente un riad d’exception exploité en maison d’hôtes, idéalement situé dans le quartier prisé de la Kasbah, au cœur de la Médina de Marrakech, à proximité immédiate des Tombeaux Saadiens et des Palais Royaux. Édifiée il y a plus d’un siècle, cette propriété de caractère séduit par la qualité de son architecture, ses volumes généreux et l’équilibre réussi entre authenticité marocaine et prestations contempo...",https://www.mubawab-media.com/ad/8/368/788F/h/36ddb6bf2eebbcf22cde030470c6a63b_82707299.avif,23,2026-09-30
8354034,Somptueux riad à vendre à Ben Saleh. 7 pièces confortables,https://www.mubawab.ma/fr/a/8354034/somptueux-riad-%C3%A0-vendre-%C3%A0-ben-saleh-7-pi%C3%A8ces-confortables,Vente,Riad,Marrakech,Médina,2 500 000 DH,2500000,116m²,116,7 Pièces,5 Chambres,1 Salle de bain,"Jardin, Terrasse","Ce splendide riad à vendre est situé au cœur de la Médina de Marrakech, précisément dans le quartier historique de Ben Saleh. Avec une surface au sol de 116 m², cette propriété offre un espace généreux. Le riad, âgé de 50 à 70 ans, nécessite une rénovation complète, laissant place à la créativité pour restaurer son charme authentique. À l'intérieur, le riad présente cinq chambres et une salle de bain, distribuées autour d'une cour centrale tradi...",https://www.mubawab-media.com/ad/8/354/034F/h/photo_00_82506716.avif,8,2026-09-30
8287847,"Riad titré à vendre, Kasbah Marrakech",https://www.mubawab.ma/fr/a/8287847/riad-titr%C3%A9-%C3%A0-vendre-kasbah-marrakech,Vente,Riad,Marrakech,Kasbah,2 500 000 DH,2500000,67m²,67,4 Pièces,3 Chambres,1 Salle de bain,"Terrasse, Entre-seul, Salon Marocain, Antenne parabolique, Cuisine équipée, Réfrigérateur, Four, Machine à laver, Micro-ondes","Projet de Rénovation de Riad à la Kasbah Cette propriété titrée offre une occasion rare de créer une demeure sur mesure dans un quartier prestigieux. Elle constitue une page blanche idéale pour un projet de rénovation architecturale complète. - Emplacement : Idéalement situé dans le secteur recherché de la Kasbah, à proximité immédiate des attractions majeures. - Agencement : Une emprise au sol fonctionnelle de 67 m² comprenant trois chambres...",https://www.mubawab-media.com/ad/8/287/847F/h/WhatsApp%20Image%202026-01-17%20at%2013.46.00%20%282%29_81799560.avif,29,2026-09-30
8414580,"Riad titré à vendre 67m² – Kasbah, Marrakech",https://www.mubawab.ma/fr/a/8414580/riad-titr%C3%A9-%C3%A0-vendre-67m%C2%B2-%E2%80%93-kasbah-marrakech,Vente,Riad,Marrakech,Kasbah,2 500 000 DH,2500000,67m²,67,6 Pièces,4 Chambres,2 Salles de bains,Terrasse,"Riad à vendre – Kasbah, Marrakech Découvrez ce charmant riad situé à Kasbah, dans un emplacement stratégique au cœur de Marrakech. Le riad est en bon état et aménagé avec des prestations de qualité. Caractéristiques : Superficie : 67 m² 4 chambres Cuisine 2 salles de bain Terrasse Bien titré Accès permettant l’entrée des véhicules Points forts : Emplacement stratégique à Kasbah Riad titré Bon état et prestations de qualité Accès pour véhicul...",https://www.mubawab-media.com/ad/8/414/580F/h/__e___83215937.avif,32,2026-09-30
8386201,Maison traditionnelle a vendre kasbah marrakech,https://www.mubawab.ma/fr/a/8386201/maison-traditionnelle-a-vendre-kasbah-marrakech,Vente,Riad,Marrakech,Kasbah,2 500 000 DH,2500000,80m²,80,4 Pièces,4 Chambres,1 Salle de bain,,maison traditionnelle a vendre dans le quartier historique de la kasbah a marrakech a quelques minutes a pied de la place jemaa el-fna .du palais el badi et des tombeaux saadiens . maison de 60m sur 2 niveaux..composèe de 4 chambre/cuisine/toilettee. ideal pour un projet de riad ou un invertissement touristique .documents disponibles (melkia) prix négociable,https://www.mubawab-media.com/ad/8/386/201F/h/WhatsApp%20Image%202026-07-21%20at%2019.53.31%20%281%29_82920069.avif,2,2026-09-30
8383982,Vente Villa à ancienne médina,https://www.mubawab.ma/fr/a/8383982/vente-villa-%C3%A0-ancienne-m%C3%A9dina,Vente,Riad,Marrakech,Médina,2 500 000 DH,2500000,150m²,150,5 Pièces,5 Chambres,3 Salles de bains,,"Amine HADDANI vous propose à la vente un Riad melkia à fort potentiel d'une superficie de 150 m² au sol, idéalement situé dans le quartier historique et recherché de la Zaouia Abbassia, au cœur de la médina de Marrakech. Ce riad de plain-pied bénéficie d'une configuration optimale et de deux façades, garantissant une belle luminosité et une excellente circulation de l'air. L'espace se compose actuellement de cinq chambres et de trois salles de b...",https://www.mubawab-media.com/ad/8/383/982F/h/b840be8f47fdba558e61_82876081.avif,9,2026-09-30
8381497,"Riad titré à vendre Zaouia Abassia, Marrakech",https://www.mubawab.ma/fr/a/8381497/riad-titr%C3%A9-%C3%A0-vendre-zaouia-abassia-marrakech,Vente,Riad,Marrakech,Autre / Centre,2 500 000 DH,2500000,125m²,125,9 Pièces,8 Chambres,8 Salles de bains,"Jardin, Terrasse","iad haut de gamme titré à vendre – Zaouia Abassia, Marrakech Découvrez ce magnifique riad titré, idéalement situé dans le quartier de Zaouia Abassia, à seulement quelques minutes de Jemaa el-Fnaa. Bénéficiant d’un emplacement stratégique et de deux façades, ce bien offre un fort potentiel. Caractéristiques : 8 chambres 6 salles de bain 2 salles de douche 6 toilettes 1 salon 2 cuisines Surface : 123 à 125 m² R3 (3 niveaux) État : Bon état Stand...",https://www.mubawab-media.com/ad/8/381/497F/h/WhatsApp%20Image%202026-04-09%20at%2023.35.32%20%281%29_82850222.avif,9,2026-09-30
8363909,Appartement 2 chambres Agdal,https://www.mubawab.ma/fr/a/8363909/appartement-2-chambres-agdal,Vente,Riad,Marrakech,Agdal,2 500 000 DH,2500000,98m²,98,3 Pièces,2 Chambres,1 Salle de bain,"Terrasse, Garage, Ascenseur, Piscine, Concierge, Meublé, Climatisation, Sécurité, Double vitrage, Porte blindée, Cuisine équipée","Venez découvrir ce magnifique appartement situé au sein de la résidence Riad Garden, sur la prestigieuse Avenue Mohammed VI à Marrakech. D’une superficie de 98 m², cet appartement entièrement rénové se trouve au 2ᵉ étage d’une résidence avec ascenseur. Il offre un cadre de vie confortable et lumineux grâce à ses deux chambres, sa salle de bain rénovée, sa peinture neuve et sa vue dégagée sur un terrain non construit, garantissant calme et intimi...",https://www.mubawab-media.com/ad/8/363/909F/h/photo_0_82653332.avif,10,2026-09-30
8359554,Tres beau riad ancien de 190 m2 au sol medina nord,https://www.mubawab.ma/fr/a/8359554/tres-beau-riad-ancien-de-190-m2-au-sol-medina-nord,Vente,Riad,Marrakech,Médina,2 500 000 DH,2500000,250m²,250,7 Pièces,6 Chambres,1 Salle de bain,"Terrasse, Salon Marocain","LA CIBLE IMMOBILIER vous présente un très joli riad ancien, situé à la zaouia sidi bel abbes . Acces voiture immediat. Compsé de : au r-de-ch: entrée, 3 grands salons de reception, une cuisine, WC A l'etage : 3 chambre , dont une tres grande pouvant donner 2 chambres Tres grande terrasse sur terrasse. petite pièce cuisine d'été , et gde chambre, excellente structure generale, travaux d'aménagement et déco à prévoir. STATUT : melkia (à titr...",https://www.mubawab-media.com/ad/8/359/554F/h/MVIMG_20260515_175000_82568309.avif,24,2026-09-30
8337959,Riad Hôtel & Spa rentable à vendre – Murs & Fonds,https://www.mubawab.ma/fr/a/8337959/riad-h%C3%B4tel-spa-rentable-%C3%A0-vendre-%E2%80%93-murs-fonds,Vente,Riad,Marrakech,Autre / Centre,2 500 000 DH,2500000,800m²,800,16 Pièces,13 Chambres,13 Salles de bains,"Vue sur les montagnes, Piscine, Chambre rangement, Meublé, Climatisation","Rare sur le marché ! Situé dans le quartier recherché de Berrima, à proximité immédiate du Palais Bahia et de Jamaâ El Fna, ce riad en exploitation vendu murs et fonds de commerce représente une opportunité d’investissement clé en main. Développé sur 800 m², il propose 13 chambres élégantes avec salles de bains, climatisation et Wi-Fi. L’établissement offre une piscine extérieure, hammam traditionnel, rooftop avec vue, patio arboré et service de...",https://www.mubawab-media.com/ad/8/337/959F/h/18_82330715.avif,31,2026-09-30
8349185,Villa au charme de Riad proche de Marrakech,https://www.mubawab.ma/fr/a/8349185/villa-au-charme-de-riad-proche-de-marrakech,Vente,Riad,Marrakech,Autre / Centre,2 500 000 DH,2500000,200m²,200,2 Pièces,3 Chambres,3 Salles de bains,"Jardin, Terrasse, Garage, Meublé, Entre-seul, Salon Marocain, Cheminée, Climatisation, Chauffage central, Cuisine équipée, Réfrigérateur, Four, Machine à laver, Micro-ondes","Charmante villa décorée comme un Riad, située à Tamensourt, à quelques minutes de Marrakech (10 Km de Marrakech/ 25 minutes du centre-ville de Marrakech). Vous profiterez d’un intérieur authentique avec salon marocain, un espace repas, un espace cheminée, une cuisine équipée et une salle d’eau au rez de chaussée. À l’étage, on y trouve 2 chambres confortables (dont 1 avec un balcon), une salle de bain et 1 suite parentale (avec salle de bain, d...",https://www.mubawab-media.com/ad/8/349/185F/h/IMG_3848_82455849.avif,16,2026-09-30
8143531,Vente riad marrakech à derb Al menzah zaouia a,https://www.mubawab.ma/fr/a/8143531/vente-riad-marrakech-%C3%A0-derb-al-menzah-zaouia-a,Vente,Riad,Marrakech,Autre / Centre,2 500 000 DH,2500000,120m²,120,5 Pièces,5 Chambres,2 Salles de bains,,Riad en moulkia à vendre à Marrakech documents disponibles,https://www.mubawab-media.com/ad/8/143/531F/h/image_81419101.avif,1,2026-09-30
8236968,Riad à vendre en fraction,https://www.mubawab.ma/fr/a/8236968/riad-%C3%A0-vendre-en-fraction,Vente,Riad,Marrakech,Autre / Centre,2 500 000 DH,2500000,169m²,169,1 Pièce,8 Chambres,2 Salles de bains,"Terrasse, Piscine","Nous souhaitons vendre des parts du riad pour financer les travaux du riad de 8 chambres, 8 salles de bain et une cuisine et un Rooftop et un bassin après rénovation pour exploiter en maison d'hôtes. Vous aurez un bénéfice de 29% par an soit 20% de dividendes par an soit 29%",https://www.mubawab-media.com/ad/8/236/968F/h/1000076113_81251450.avif,6,2026-09-30
8247781,Marrakech – Riad 3 chambres dans résidence verdoyante sécuri...,https://www.mubawab.ma/fr/a/8247781/marrakech-%E2%80%93-riad-3-chambres-dans-r%C3%A9sidence-verdoyante-s%C3%A9curis%C3%A9e-proche-m%C3%A9dina,Vente,Riad,Marrakech,Médina,2 550 000 DH,2550000,130m²,130,,3 Chambres,1 Salle de bain,"Terrasse, Climatisation, Sécurité, Cuisine équipée","Découvrez ce RIAD DE CHARME idéalement situé à Marrakech, dans une RÉSIDENCE VERDOYANTE ET SÉCURISÉE avec 3 PISCINES et des COMMERCES À PROXIMITÉ. À seulement quelques minutes de la MÉDINA et de la CÉLÈBRE PLACE JEMAA EL-FNA, ce bien rare combine AUTHENTICITÉ MAROCAINE et CONFORT MODERNE dans un cadre calme et arboré. Ce riad, parfait pour une RÉSIDENCE SECONDAIRE ou un INVESTISSEMENT LOCATIF RENTABLE, dispose de 3 CHAMBRES, d’un ROOFTOP AMÉNAG...",https://www.mubawab-media.com/ad/8/247/781F/h/IMG_3053_81363178.avif,18,2026-09-30
8407705,Riad 100 m² avec Accès Voiture,https://www.mubawab.ma/fr/a/8407705/riad-100-m%C2%B2-avec-acc%C3%A8s-voiture,Vente,Riad,Marrakech,Autre / Centre,2 565 000 DH,2565000,200m²,200,3 Pièces,6 Chambres,3 Salles de bains,Terrasse,"La Cible Immobilier vous propose cet ensemble immobilier idéalement situé à 7 minutes à pied de la Médersa Ben Youssef. Il comprend un riad et une petite maison attenante sur le même titre foncier, offrant une belle opportunité de réunification. Caractéristiques clés : Superficie totale : 100 m² au sol (Riad 72 m² Maison 28 m²). Agencement Riad (sur 3 niveaux) : Patio central, salon, 5 chambres, 2 pièces d'appoint, cuisine, salles de ba...",https://www.mubawab-media.com/ad/8/407/705F/h/20260827_171212_83133040.avif,23,2026-09-30
8392237,Riad Idéal Projet Maison d'Hôtes Kasbah,https://www.mubawab.ma/fr/a/8392237/riad-id%C3%A9al-projet-maison-d-h%C3%B4tes-kasbah,Vente,Riad,Marrakech,Kasbah,2 565 000 DH,2565000,500m²,500,3 Pièces,8 Chambres,8 Salles de bains,,"La Cible Immobilier vous propose ce superbe riad à rénové entièrement d'une superficie de 166 m² au sol, idéalement situé dans le quartier prisé et emblématique de la Kasbah. Offrant de très beaux volumes, ce bien dispose d'un potentiel exceptionnel pour la création d'une maison d'hôtes de charme. Sa configuration permet d'aménager facilement 8 chambres avec leurs salles de bain privatives (ou plus) et d'installer un bassin dans le patio centr...",https://www.mubawab-media.com/ad/8/392/237F/h/20260730_174409_82966083.avif,11,2026-09-30
8422240,"Riad à vendre, marrakech",https://www.mubawab.ma/fr/a/8422240/riad-%C3%A0-vendre-marrakech,Vente,Riad,Marrakech,Autre / Centre,2 570 000 DH,2570000,260m²,260,6 Pièces,3 Chambres,4 Salles de bains,"Terrasse, Piscine","À proximité de Riad Qodwa, découvrez ce riad chaleureux et élégant offrant : 260 m² de terrain total 3 chambres avec salle de 1 salle de bain Prix : 2 570 000 DH Possibilité de titrage pour acquéreur réellement intéressé MELKIA. Pour plus d’informations ou organiser une visite : Exceptionnelles Demeures",https://www.mubawab-media.com/ad/8/422/240F/h/WhatsApp_Image_2026-09-24_at_16.44.47__5__83293876.avif,13,2026-09-30
8388312,Vente d'un superbe riad à Ben Saleh. 4 chambres agréables. B...,https://www.mubawab.ma/fr/a/8388312/vente-d-un-superbe-riad-%C3%A0-ben-saleh-4-chambres-agr%C3%A9ables-bien-meubl%C3%A9,Vente,Riad,Marrakech,Médina,2 600 000 DH,2600000,155m²,155,6 Pièces,4 Chambres,3 Salles de bains,"Terrasse, Vue sur les montagnes, Chambre rangement, Meublé, Entre-seul, Salon Marocain, Salon européen, Antenne parabolique, Cheminée, Climatisation, Double vitrage, Porte blindée","Magnifique Riad Titré de 79 m² au Sol – Arset Berdai Jdida, Marrakech Prix : 2 600 000 DH Secteur : Arset Berdai Jdida, Médina, Marrakech Superficie au sol : 79 m² Situation juridique : Titré Description du bien L'agence Atlas Marrakech Immobilier vous présente à la vente ce superbe Riad titré, idéalement situé dans le quartier recherché d'Arset Berdai Jdida, au cœur de la Médina de Marrakech. En excellent état d'entretien, ce bien allie c...",https://www.mubawab-media.com/ad/8/388/312F/h/photo_00_82924162.avif,27,2026-09-30
8406928,Riad ruine 100 m2 en vente à Marrakech,https://www.mubawab.ma/fr/a/8406928/riad-ruine-100-m2-en-vente-%C3%A0-marrakech,Vente,Riad,Marrakech,Médina,2 600 000 DH,2600000,130m²,130,1 Pièce,1 Ch.,1 Salle de bain,,"Ce riad ruine en vente est situé au quartier Kasbah , ancienne médina de Marrakech , d une superficie de 100 m 2 au sol et il est bien pour un projet de riad de 4 ou 5 chambres",https://www.mubawab-media.com/ad/8/406/928F/h/WhatsApp%20Image%202026-08-15%20at%2022.49.03%20%282%29_83125455.avif,3,2026-09-30
8317995,Riad titré avec accès voiture 7min à la place,https://www.mubawab.ma/fr/a/8317995/riad-titr%C3%A9-avec-acc%C3%A8s-voiture-7min-%C3%A0-la-place,Vente,Riad,Marrakech,Médina,2 600 000 DH,2600000,115m²,115,2 Pièces,7 Chambres,3 Salles de bains,"Garage, Salon Marocain","À vendre, riad titré bénéficiant d’un accès voiture, un avantage rare en médina ( quartier mallah ) Le bien dispose de 3 façades, offrant une bonne luminosité et aération naturelle. Composition : 1er étage : 3 chambres, une cuisine et toilettes 2ème étage : 4 chambres et 2 toilettes Ce riad présente un fort potentiel pour un projet de maison d’hôtes ou investissement locatif, grâce à sa configuration et son emplacement. Points forts : Titre...",https://www.mubawab-media.com/ad/8/317/995F/h/IMG_3692_82120723.avif,9,2026-09-30
8413628,Riad/maison à vendre à Riad laarousse derb roda,https://www.mubawab.ma/fr/a/8413628/riad-maison-%C3%A0-vendre-%C3%A0-riad-laarousse-derb-roda,Vente,Riad,Marrakech,Médina,2 600 000 DH,2600000,90m²,90,9 Pièces,6 Chambres,3 Salles de bains,Vue sur les montagnes,"Maison traditionnelle à vendre à Riad Laârous, Médina de Marrakech, Derb Rouda. Superficie 90 m², R2, environ 270 m² construits. 6 chambres, 3 salons, cuisines et toilettes à chaque étage. Maison ancienne à rénover (1996), offrant un beau potentiel pour un projet familial ou touristique. Melkiya",https://www.mubawab-media.com/ad/8/413/628F/h/20260910_182841_83198495.avif,14,2026-09-30
8409422,Achetez votre riad à Mouassine. Surface de 93 m²,https://www.mubawab.ma/fr/a/8409422/achetez-votre-riad-%C3%A0-mouassine-surface-de-93-m%C2%B2,Vente,Riad,Marrakech,Médina,2 600 000 DH,2600000,93m²,93,1 Pièce,5 Chambres,1 Salle de bain,,"Situé au cœur vibrant du quartier historique de Mouassine, dans la célèbre Médina de Marrakech, se dévoile un riad enchanteur récemment rénové et jamais habité. Cet élégant riad s'étend sur une superficie confortable de 93 m², offrant cinq pièces spacieuses, idéales pour accueillir une famille ou pour servir de résidence secondaire paisible. Dès l'entrée, le visiteur est accueilli par des sols en marbre de haute qualité, donnant une touche de so...",https://www.mubawab-media.com/ad/8/409/422F/h/23451_83150579.avif,9,2026-09-30
8363643,"Riad 4 chambres, 3 Piscines, Palmeraie proche Médina",https://www.mubawab.ma/fr/a/8363643/riad-4-chambres-3-piscines-palmeraie-proche-m%C3%A9dina,Vente,Riad,Marrakech,Palmeraie,2 600 000 DH,2600000,80m²,80,7 Pièces,4 Chambres,3 Salles de bains,"Terrasse, Garage, Piscine, Concierge, Chambre rangement, Meublé, Salon Marocain, Climatisation, Sécurité, Cuisine équipée, Réfrigérateur, Machine à laver, Micro-ondes","Nous vous proposons un riad clé en main directement exploitable, situé dans une résidence très recherchée de la Palmeraie, à seulement quelques minutes de la Médina, offrant un excellent potentiel locatif dans un environnement calme, sécurisé et très apprécié par la clientèle touristique. Opportunité rare pour investisseur : • Exploitation immédiate • Rentabilité déjà en place • Chiffre d’affaires moyen : 40 000 DH / mois en location à la chambr...",https://www.mubawab-media.com/ad/8/363/643F/h/1779383806665_alwmm23uu6_4_82638955.avif,14,2026-09-30
8378956,SEMI FINI KM8 Amizmiz,https://www.mubawab.ma/fr/a/8378956/semi-fini-km8-amizmiz,Vente,Riad,Marrakech,Route d'Amizmiz,2 600 000 DH,2600000,262m²,262,6 Pièces,5 Chambres,4 Salles de bains,"Jardin, Terrasse, Garage, Piscine, Entre-seul","À VENDRE – VILLA EN COURS DE CONSTRUCTION – RIAD MARRAKECH – ROUTE D’AMIZMIZ Située au sein du projet Riad Marrakech, sur la route d’Amizmiz, cette villa en R1 avec sous-sol est proposée à la vente en état hors d’eau hors d’air. Édifiée sur une parcelle de 300 m², la propriété développe environ 262 m² construits répartis comme suit : • Sous-sol : 104 m² * Grande réserve / espace polyvalent * Cuisine * Buanderie * Hall * Espaces techniques et...",https://www.mubawab-media.com/ad/8/378/956F/h/Design%20sans%20titre%20%2839%29_82822008.avif,2,2026-09-30
8345836,Somptueux riad à vendre à Rahba Kedima. 3 chambres. Belle te...,https://www.mubawab.ma/fr/a/8345836/somptueux-riad-%C3%A0-vendre-%C3%A0-rahba-kedima-3-chambres-belle-terrasse,Vente,Riad,Marrakech,Autre / Centre,2 600 000 DH,2600000,67m²,67,5 Pièces,3 Chambres,1 Salle de bain,Terrasse,"Opportunité unique pour ce riad à vendre. Prix 2 600 000 DH. 5 pièces, 1 salle de bains, superficie 67 m². 3 chambres. Moins de 50 ans. À rénover. Type de sol: Carrelage. Terrasse. Venez découvrir ce riad à vendre à Rahba Kedima, Marrakech",https://www.mubawab-media.com/ad/8/345/836F/h/photo_00_82416767.avif,8,2026-09-30
8230010,Riad à rénover quartier bab dekkala superficie 93m malkia,https://www.mubawab.ma/fr/a/8230010/riad-%C3%A0-r%C3%A9nover-quartier-bab-dekkala-superficie-93m-malkia,Vente,Riad,Marrakech,Autre / Centre,2 600 000 DH,2600000,93m²,93,2 Pièces,4 Chambres,2 Salles de bains,Terrasse,Riad à rénover Quartier bab dekkala Superficie 93m Malkia Prix 2600000dh Quatre chambres et deux salles de bain,https://www.mubawab-media.com/ad/8/230/010F/h/photo_00_83269691.avif,2,2026-09-30
8316976,Riad à rénover – Quartier Asouel,https://www.mubawab.ma/fr/a/8316976/riad-%C3%A0-r%C3%A9nover-%E2%80%93-quartier-asouel-,Vente,Riad,Marrakech,Médina,2 600 000 DH,2600000,79m²,79,3 Pièces,2 Chambres,1 Salle de bain,,"Riad à rénover – Quartier Asouel, Médina de Marrakech Situé dans le quartier traditionnel et recherché d’Asouel, au cœur de la médina de Marrakech, ce riad bénéficie d’un emplacement authentique et représente une belle opportunité d’investissement avec un fort potentiel de rénovation. Édifié sur 79 m² au sol et réparti sur R2, le bien offre une surface totale d’environ 210 m². Le riad se compose de six chambres, d’un salon et d’une cuisi...",https://www.mubawab-media.com/ad/8/316/976F/h/d48cdf10-dacc-496d-b21d-ed3349a2944e_82110218.avif,3,2026-09-30
8291880,RIAD à rénover 155m² au sol Ben Salah,https://www.mubawab.ma/fr/a/8291880/riad-%C3%A0-r%C3%A9nover-155m%C2%B2-au-sol-ben-salah,Vente,Riad,Marrakech,Autre / Centre,2 600 000 DH,2600000,350m²,350,7 Pièces,5 Chambres,5 Salles de bains,"Terrasse, Vue sur les montagnes","Dans le très bon quartier de Ben Salah, proche de derb dabachi et donc à 10 min à pied de la place, voici un riad avec une belle surface de 155m² à rénover. La situation administrative est en cours pour la finalisation d'un istimrar qui permettra d'acheter en toute confiance. La dépose voiture est à 50m environ, le derb est très agréable et tranquille. Très bonne opportunité",https://www.mubawab-media.com/ad/8/291/880F/h/IMG_20260404_123822_82550088.avif,6,2026-09-30
8252268,"Riad à la vente titrée avec bon prix 2,6mdh seulement",https://www.mubawab.ma/fr/a/8252268/riad-%C3%A0-la-vente-titr%C3%A9e-avec-bon-prix-2-6mdh-seulement,Vente,Riad,Marrakech,Autre / Centre,2 600 000 DH,2600000,146m²,146,2 Pièces,12 Chambres,3 Salles de bains,,"Opportunité unique pour ce riad à vendre. Prix 2 600 000 DH. 12 chambres, 3 salles de bains, superficie 146 m². 2 pièces lumineuses. À rénover. Ce riad est en vente à Berrima, Marrakech",https://www.mubawab-media.com/ad/8/252/268F/h/photo_00_81408551.avif,6,2026-09-30
8142799,Riad en Résidence avec Vue sur Piscine,https://www.mubawab.ma/fr/a/8142799/riad-en-r%C3%A9sidence-avec-vue-sur-piscine,Vente,Riad,Marrakech,Autre / Centre,2 600 000 DH,2600000,70m²,70,3 Pièces,4 Chambres,4 Salles de bains,"Terrasse, Piscine, Salon Marocain, Climatisation, Cuisine équipée","Riad rénové dans un style traditionnel, situé dans une résidence avec 3 piscines. 70m² au sol. 4 chambres à coucher, 4 salles de bain, cuisine, 2 salons marocains, 2 terrasses avec vue sur piscine",https://www.mubawab-media.com/ad/8/142/799F/h/1000003371_80276390.avif,21,2026-09-30
8247507,Maison Melkia à Rénover à Bouskri,https://www.mubawab.ma/fr/a/8247507/maison-melkia-%C3%A0-r%C3%A9nover-%C3%A0-bouskri,Vente,Riad,Marrakech,Médina,2 640 000 DH,2640000,200m²,200,9 Pièces,9 Chambres,3 Salles de bains,Terrasse,"Un bien rare au fort potentiel pour projet de maison d’hôtes ou riad de charme Située au cœur de la Médina de Marrakech, dans le quartier Bouskri, cette maison Melkia de 200 m² offre un emplacement idéal avec un accès facile depuis la route des remparts. C’est une opportunité unique pour les amateurs de rénovation, les investisseurs ou les passionnés d’architecture traditionnelle marocaine. La maison se compose de neuf chambres, de trois cuisines...",https://www.mubawab-media.com/ad/8/247/507F/h/IMG_5751_81360690.avif,14,2026-09-30
8411171,Beau riad ancien douria a vendre médina,https://www.mubawab.ma/fr/a/8411171/beau-riad-ancien-douria-a-vendre-m%C3%A9dina,Vente,Riad,Marrakech,Médina,2 650 000 DH,2650000,200m²,200,7 Pièces,5 Chambres,1 Salle de bain,Terrasse,"Situé en plein cœur du quartier historique de Sidi Ben Slimane El Jazouli, ce riad d'une surface totale de 200 m², avec une parcelle de 120 m², représente une opportunité exceptionnelle pour ceux qui souhaitent rénover un bien plein de caractère et d'histoire. Ce riad, âgé de 30 à 50 ans, nécessite des travaux de rénovation, offrant ainsi un potentiel immense pour personnaliser l'espace selon vos goûts et besoins. En entrant dans le riad, on tom...",https://www.mubawab-media.com/ad/8/411/171F/h/247933_83170214.avif,23,2026-09-30
8315089,Riad / Triplex de charme à vendre Qariya Siyahiya,https://www.mubawab.ma/fr/a/8315089/riad-triplex-de-charme-%C3%A0-vendre-qariya-siyahiya,Vente,Riad,Marrakech,Autre / Centre,2 650 000 DH,2650000,195m²,195,5 Pièces,3 Chambres,3 Salles de bains,"Jardin, Terrasse, Garage, Piscine, Meublé, Cuisine équipée","Découvrez ce magnifique riad triplex , situé dans un environnement calme et recherché à Marrakech, idéal pour une résidence principale ou un projet de location touristique type Airbnb avec une excellente rentabilité. Ce riad plein de caractère offre une superficie d’environ 65 m² par étage sur 3 niveaux, complétée par deux niveaux de terrasse, offrant de beaux espaces de détente. Le riad se compose de : Rez-de-chaussée : Double salon spacieux...",https://www.mubawab-media.com/ad/8/315/089F/h/WhatsApp%20Image%202026-03-10%20at%2014.41.42%20%2813%29_82093871.avif,32,2026-09-30
8309431,Spacieux apt 114m2 Riad Garden face mall,https://www.mubawab.ma/fr/a/8309431/spacieux-apt-114m2-riad-garden-face-mall,Vente,Riad,Marrakech,Agdal,2 650 000 DH,2650000,114m²,114,4 Pièces,2 Chambres,2 Salles de bains,"Terrasse, Garage, Ascenseur, Piscine, Concierge, Meublé, Salon européen, Climatisation, Chauffage central, Sécurité, Cuisine équipée, Réfrigérateur, Four, Machine à laver","Situé dans le quartier recherché de Agdal, en face du nouveau mall, cet appartement spacieux de 114 m² offre confort, modernité et emplacement stratégique. 2 grandes chambres lumineuses 2 salles de bain Salon spacieux et agréable Cuisine équipée Grande terrasse aménagée et fermée, transformée en véritable espace détente avec billard Résidence sécurisée avec piscine Emplacement idéal : Situé en face du centre commercial (no...",https://www.mubawab-media.com/ad/8/309/431F/h/IMG-20260210-WA0164_82029203.avif,19,2026-09-30
8258407,Terrain d'un riad de 240 m à vendre,https://www.mubawab.ma/fr/a/8258407/terrain-d-un-riad-de-240-m-%C3%A0-vendre,Vente,Riad,Marrakech,Mellah,2 650 000 DH,2650000,240m²,240,,,,,"Terrain d'un riad de 240 M² Titré à vendre, situé à Mellah proche de palais Bahia. idèal pour faire un projet de Maison d'hôtes ou un Riad privé",https://www.mubawab-media.com/ad/8/258/407F/h/Mellah_81471260.avif,1,2026-09-30
8216912,Appartement Haut de standing avec piscine,https://www.mubawab.ma/fr/pa/8216912/appartement-haut-de-standing-avec-piscine,Vente,Riad,Marrakech,Agdal,2 690 000 DH,2690000,116m²,116,3 Pièces,2 Chambres,2 Salles de bains,"Jardin, Terrasse, Garage, Ascenseur, Piscine, Concierge, Salon Marocain, Sécurité, Cuisine équipée","Riad Garden dévoile sa nouvelle tranche dans le prestigieux quartier de l’Agdal, sur l’avenue Mohammed VI à Marrakech. Cette résidence haut standing incarne l’élégance et le raffinement grâce à ses matériaux nobles et son agencement optimisé, offrant un confort inégalé. Idéalement située, Riad Garden propose un cadre unique avec une vue imprenable sur les montagnes de l’Atlas, des espaces paysagers, des piscines et des équipements pensés pour...",https://www.mubawab-media.com/ad/8/216/912F/h/2_80666068_81036439.avif,14,2026-09-30
8216911,Superbe appartement à vendre avec piscine,https://www.mubawab.ma/fr/pa/8216911/superbe-appartement-%C3%A0-vendre-avec-piscine,Vente,Riad,Marrakech,Agdal,2 690 000 DH,2690000,116m²,116,3 Pièces,2 Chambres,2 Salles de bains,"Jardin, Terrasse, Garage, Ascenseur, Piscine, Concierge, Salon Marocain, Sécurité, Cuisine équipée","Riad Garden dévoile sa nouvelle tranche dans le prestigieux quartier de l’Agdal, sur l’avenue Mohammed VI à Marrakech. Cette résidence haut standing incarne l’élégance et le raffinement grâce à ses matériaux nobles et son agencement optimisé, offrant un confort inégalé. Idéalement située, Riad Garden propose un cadre unique avec une vue imprenable sur les montagnes de l’Atlas, des espaces paysagers, des piscines et des équipements pensés pour...",https://www.mubawab-media.com/ad/8/216/911F/h/4_80666070_81036432.avif,15,2026-09-30
8414898,Riad à vendre à Kasbah Surface totale 220 m²,https://www.mubawab.ma/fr/a/8414898/riad-%C3%A0-vendre-%C3%A0-kasbah-surface-totale-220-m%C2%B2,Vente,Riad,Marrakech,Médina,2 700 000 DH,2700000,220m²,220,1 Pièce,3 Chambres,3 Salles de bains,Terrasse,"Le Riad situé dans la Kasbah de Marrakech présente un charmant mélange d'authenticité et de commodités modernes. Niché dans le quartier historique de Marrakech-Médina, précisément dans le voisinage animé de Kennaria, cette propriété s'étend sur une surface totale de 220 m² sur un terrain de 67 m². Elle offre trois chambres bien agencées et trois salles de bains, assurant espace et confort. L'une des caractéristiques marquantes du Riad est sa ter...",https://www.mubawab-media.com/ad/8/414/898F/h/photo_0_83212390.avif,1,2026-09-21
8397273,Opportunité à saisir Riad à rénover accès Voiture,https://www.mubawab.ma/fr/a/8397273/opportunit%C3%A9-%C3%A0-saisir-riad-%C3%A0-r%C3%A9nover-acc%C3%A8s-voiture,Vente,Riad,Marrakech,Médina,2 700 000 DH,2700000,300m²,300,4 Pièces,1 Ch.,1 Salle de bain,Terrasse,"Belle opportunité – Riad titré au cœur de la Médina Très belle opportunité dans la Médina, avec un accès voiture particulièrement appréciable, un environnement agréable et un très bon voisinage. Ce Riad titré, d’environ 100 m² au sol, bénéficie d’une belle configuration sur plusieurs niveaux : * Rez-de-chaussée : trois grandes pièces, une cuisine et des toilettes. * Premier étage : trois grandes pièces également. * Deuxième étage : trois grand...",https://www.mubawab-media.com/ad/8/397/273F/h/photo_00_83022517.avif,8,2026-09-30
8284239,Une Toile Vierge à Riad Laarousse,https://www.mubawab.ma/fr/a/8284239/une-toile-vierge-%C3%A0-riad-laarousse,Vente,Riad,Marrakech,Médina,2 700 000 DH,2700000,80m²,80,3 Pièces,4 Chambres,2 Salles de bains,"Terrasse, Entre-seul","Cette propriété entièrement titrée offre une occasion idéale de réaliser un projet de rénovation sur mesure dans l'un des quartiers les plus prisés de la Médina. Ce riad constitue une excellente base pour concevoir une demeure de charme personnalisée ou un projet locatif hautement performant. - Emplacement : Situé dans le secteur très recherché de Riad Laarousse, au Derb El Ferane, un emplacement de premier choix réputé pour sa tranquillité, son...",https://www.mubawab-media.com/ad/8/284/239F/h/1_82857868.avif,10,2026-09-30
8271342,Trouvez votre riad à acheter à arset lmaache. Surface de 140...,https://www.mubawab.ma/fr/a/8271342/trouvez-votre-riad-%C3%A0-acheter-%C3%A0-arset-lmaache-surface-de-140-m%C2%B2,Vente,Riad,Marrakech,Mellah,2 700 000 DH,2700000,140m²,140,3 Pièces,7 Chambres,2 Salles de bains,,"Riad idéalement situé. Prix 2 700 000 DH. 7 chambres à coucher, 2 salles de bains, 140 m². Bon état. Ce riad est proposé à la vente à mellah a coûté de palais badii est le palais royal 5 munit a pied a jamma lafna",https://www.mubawab-media.com/ad/8/271/342F/h/photo_0_81623149.avif,1,2026-09-30
8170269,Achetez votre riad à Arset El Maach. Surface de 146 m². Salo...,https://www.mubawab.ma/fr/a/8170269/achetez-votre-riad-%C3%A0-arset-el-maach-surface-de-146-m%C2%B2-salon-traditionnel-marocain,Vente,Riad,Marrakech,Autre / Centre,2 700 000 DH,2700000,146m²,146,2 Pièces,5 Chambres,2 Salles de bains,Salon Marocain,"À vendre très beau riad. Prix 2 700 000 DH. 2 pièces, 2 salles de bains privatives, 146 m². 5 chambres à coucher. Moins de 20 ans. Spacieux salon marocain traditionnel. Ce riad est proposé à la vente à Arset El Maach, Marrakech",https://www.mubawab-media.com/ad/8/170/269F/h/photo_0_80562627.avif,2,2026-09-30
8254175,Terrain nu en Réquisition à bâtir,https://www.mubawab.ma/fr/a/8254175/terrain-nu-en-r%C3%A9quisition-%C3%A0-b%C3%A2tir,Vente,Riad,Marrakech,Autre / Centre,2 775 000 DH,2775000,450m²,450,,,,,"Quartier Bab Eilen - Terrain à bâtir idéal pour maison d'hôtes ou grand riad d'habitation, il est entouré de plusieurs maisons d'hôtes et riads d'habitations rénovés. Vous avez la possibilité de faire au moins 7/8 chambres/SDB. Salon/séjour...Une belle piscine dans le patio... Un hammam et salle de massage. 2 bornages OK . Accès très facile",https://www.mubawab-media.com/ad/8/254/175F/h/IMG-20251117-WA0011_81428243.avif,7,2026-09-30
8425143,Très beau riad à vendre à Bab Aylan. 2 pièces confortables,https://www.mubawab.ma/fr/a/8425143/tr%C3%A8s-beau-riad-%C3%A0-vendre-%C3%A0-bab-aylan-2-pi%C3%A8ces-confortables,Vente,Riad,Marrakech,Médina,2 800 000 DH,2800000,190m²,190,2 Pièces,7 Chambres,3 Salles de bains,,"Ce riad à vendre, situé dans le quartier emblématique de Bab Aylan à Marrakech, offre une expérience unique au cœur de la Médina. Avec une surface totale de 190 m², ce bien présente sept chambres spacieuses, idéales pour accueillir une grande famille ou pour être transformées en maison d'hôtes. Les trois salles de bains ajoutent au confort et à la commodité de la propriété. L'architecture authentique du riad, avec sa cour intérieure centrale, es...",https://www.mubawab-media.com/ad/8/425/143F/h/photo_00_83325914.avif,11,2026-09-30
8414529,Achetez votre riad à Sidi Ben Slimane El Jazouli. Superficie...,https://www.mubawab.ma/fr/a/8414529/achetez-votre-riad-%C3%A0-sidi-ben-slimane-el-jazouli-superficie-200-m%C2%B2-grande-terrasse,Vente,Riad,Marrakech,Médina,2 800 000 DH,2800000,200m²,200,8 Pièces,5 Chambres,1 Salle de bain,Terrasse,"Situé au cœur du quartier emblématique de Sidi Ben Slimane El Jazouli, dans la vibrante Médina de Marrakech, ce riad ancien représente une opportunité unique pour les amateurs de rénovation. Étendant ses murs sur 200 m² habitables, le riad s'ouvre sur un espace de vie généreux réparti sur deux niveaux. Malgré avoir besoin de travaux de réhabilitation, ce lieu pleine de potentiel offre une base solide pour personnaliser un espace traditionnel maro...",https://www.mubawab-media.com/ad/8/414/529F/h/249763_83208261.avif,19,2026-09-30
8418539,Vente Maison à Bab Aylan,https://www.mubawab.ma/fr/a/8418539/vente-maison-%C3%A0-bab-aylan,Vente,Riad,Marrakech,Médina,2 800 000 DH,2800000,165m²,165,10 Pièces,10 Chambres,2 Salles de bains,,"Vente d'un Riad de 165 m² à Bab Aylan, Médina de Marrakech Vous présente ce Riad authentique aux beaux volumes, idéalement situé au cœur de la Médina, à proximité de la place Jemaa el-Fna. Caractéristiques du bien : Superficie : 165 m² Style : Architecture traditionnelle marocaine avec grands volumes Emplacement : Secteur recherché (Bab Aylan, Sidi Ayoub), proche de Jemaa el-Fna Potentiel : Idéal pour une maison d'hôtes, de la location tourist...",https://www.mubawab-media.com/ad/8/418/539F/h/4e684e09fd1cd0c4d107_83253152.avif,8,2026-09-30
8420281,"Riad, quartier d'Arsat Al Malak, à vendre",https://www.mubawab.ma/fr/a/8420281/riad-quartier-d-arsat-al-malak-%C3%A0-vendre,Vente,Riad,Marrakech,Bab Taghzout,2 800 000 DH,2800000,111m²,111,6 Pièces,6 Chambres,2 Salles de bains,Garage,Riad traditionnel situé dans le quartier de Bab Taghzout d’une superficie totale de 111 mètres carrés Le rez de chaussée se compose d’un salon d’une cuisine et de deux chambres L’étage comprend trois grandes chambres une petite pièce de rangement une cuisine et une salle de bain Le bien bénéficie d’un emplacement stratégique à proximité de toutes les commodités des services et des principaux sites touristiques Autre avantage important l’accès...,https://www.mubawab-media.com/ad/8/420/281F/h/photo_0_83272001.avif,8,2026-09-30
8369405,Riad A vendre Dar El Bacha,https://www.mubawab.ma/fr/a/8369405/riad-a-vendre-dar-el-bacha,Vente,Riad,Marrakech,Médina,2 800 000 DH,2800000,110m²,110,4 Pièces,2 Chambres,2 Salles de bains,"Terrasse, Vue sur les montagnes, Salon Marocain, Salon européen, Antenne parabolique, Climatisation, Sécurité, Cuisine équipée, Réfrigérateur, Four, Machine à laver, Micro-ondes","Charmant Riad titré et entièrement fini, idéalement situé dans le prestigieux quartier de Dar El Bacha, l’un des secteurs les plus recherchés et sécurisés de la Médina. Il offre 2 chambres, 2 salles de bain, un salon accueillant, une cuisine fonctionnelle et une agréable terrasse, parfait pour un pied-à-terre de charme ou un investissement locatif. Prix : 2.800.000 MAD",https://www.mubawab-media.com/ad/8/369/405F/h/riad-rf307-photo-3_82714250.avif,15,2026-09-30
8364482,Projetriad sublime assouel / Medresa ben youssef,https://www.mubawab.ma/fr/a/8364482/projetriad-sublime-assouel-medresa-ben-youssef-,Vente,Riad,Marrakech,Médina,2 800 000 DH,2800000,300m²,300,7 Pièces,7 Chambres,2 Salles de bains,"Terrasse, Salon Marocain","Authentique riad melkia titrable de 132 m² au sol, édifié sur rez-de-chaussée, premier étage et terrasse. Offrant un superbe potentiel pour la création d’une maison d’hôtes de 6 à 7 chambres, ce bien séduit par son cachet traditionnel et ses beaux volumes. Situé dans un quartier magnifique, à proximité immédiate de Dar El Bacha et d’un point de dépose voiture, il bénéficie d’un emplacement privilégié au cœur de la médina de Marrakech, dans l’un d...",https://www.mubawab-media.com/ad/8/364/482F/h/WhatsApp%20Image%202026-06-12%20at%2012.06.46_82659780.avif,3,2026-09-30
8251209,Beau riad ancien 124 M2 au sol médersa,https://www.mubawab.ma/fr/a/8251209/beau-riad-ancien-124-m2-au-sol-m%C3%A9dersa,Vente,Riad,Marrakech,Autre / Centre,2 800 000 DH,2800000,200m²,200,5 Pièces,4 Chambres,1 Salle de bain,,"La CIBLE IMMOBILIER vous propose à la vente, un très beau riad ancien, en très bon état, situé dans le quartier de la medersa ben Youssef. Accès voiture facile. Composé de 5 grandes pièces à aménager, avec de magnifiques plafonds traditionnels. Facile et peu coûteux pour le transformer en maison d'hôtes Statut : melkia facile à titrer( un seul propriétaire)",https://www.mubawab-media.com/ad/8/251/209F/h/1000259206_81398295.avif,15,2026-09-30
8318805,Riad titré de 150 m² au cœur de la médina de Marrakech,https://www.mubawab.ma/fr/a/8318805/riad-titr%C3%A9-de-150-m%C2%B2-au-c%C5%93ur-de-la-m%C3%A9dina-de-marrakech,Vente,Riad,Marrakech,Médina,2 800 000 DH,2800000,150m²,150,2 Pièces,15 Chambres,2 Salles de bains,,"Magnifique riad melkia d’une superficie de 150 m², idéalement situé au cœur de la médina de Marrakech. Ce bien offre un fort potentiel pour un projet de maison d’hôtes ou résidence privée. Le riad bénéficie d’un emplacement stratégique, proche des principaux sites touristiques, des souks et des commodités. Son architecture traditionnelle marocaine avec patio central lui confère un charme authentique et unique. Une opportunité idéale pour les in...",https://www.mubawab-media.com/ad/8/318/805F/h/photo_00_82129194.avif,2,2026-09-30
8222436,Riad à Rénover,https://www.mubawab.ma/fr/a/8222436/riad-%C3%A0-r%C3%A9nover,Vente,Riad,Marrakech,Autre / Centre,2 800 000 DH,2800000,150m²,150,2 Pièces,5 Chambres,2 Salles de bains,"Terrasse, Vue sur les montagnes","Vente d'un Riad melkiya de 82m² à 2 minute de Jamaa el Fna. Ce riad se compose de : deux chambres et cuisine et wc au red de chaussée, et 3 chambres au 1er étage, et d'une terrasse avec wc",https://www.mubawab-media.com/ad/8/222/436F/h/1000125599_81095726.avif,11,2026-09-30
8404769,Vaste Riad de 140 M2 au sol a Ben Salah,https://www.mubawab.ma/fr/a/8404769/vaste-riad-de-140-m2-au-sol-a-ben-salah,Vente,Riad,Marrakech,Autre / Centre,2 880 000 DH,2880000,350m²,350,7 Pièces,9 Chambres,4 Salles de bains,"Terrasse, Garage","La Cible Immobilier vous propose à la vente ce très grand riad traditionnel d'une superficie de 140 m² au sol, idéalement situé dans le quartier de Ben Salah, à seulement 10 minutes à pied de la célèbre place Jemaa El Fna et à proximité immédiate du parking Ben Salah. Bénéficiant de volumes exceptionnels et réparti sur plusieurs niveaux, ce bien offre une immense capacité d'accueil. Il représente une opportunité rare pour un investisseur souha...",https://www.mubawab-media.com/ad/8/404/769F/h/20260820_154404_83101548.avif,25,2026-09-30
8418855,A SAISIR Maison a Vendre sur Gueliz,https://www.mubawab.ma/fr/a/8418855/a-saisir-maison-a-vendre-sur-gueliz,Vente,Riad,Marrakech,Guéliz,2 900 000 DH,2900000,180m²,180,6 Pièces,4 Chambres,2 Salles de bains,"Jardin, Terrasse, Meublé, Antenne parabolique, Cheminée, Climatisation, Réfrigérateur, Four, Machine à laver","Description : Votre agence immobilière InMarrakech à le plaisir de vous proposer une petite pépite au cœur de Gueliz une maison a Vendre meublé sur deux niveaux. Idéalement situé à Gueliz , cette maison entièrement refaite à neuf en 2024 dans un style moderne et cosy. Elle se compose au rdc une cour, d’une entrée , d’un salon avec cheminée, cuisine, deux chambres , salle d’eau et à l’étage dans un style riad avec un accès par escalier extérieu...",https://www.mubawab-media.com/ad/8/418/855F/h/IMG_6135_83256646.avif,24,2026-09-30
8365328,Riad 7 chambres quartier Lmoukef,https://www.mubawab.ma/fr/a/8365328/riad-7-chambres-quartier-lmoukef,Vente,Riad,Marrakech,Médina,2 900 000 DH,2900000,300m²,300,12 Pièces,7 Chambres,3 Salles de bains,"Terrasse, Garage","**RIAD TITRÉ À VENDRE – MÉDINA DE MARRAKECH – QUARTIER MOUKEF** L'agence **Esprit Immo** vous propose à la vente un riad titré idéalement situé dans le quartier Moukef, au cœur de la médina de Marrakech. ### Emplacement privilégié * À seulement **10 minutes à pied de la place Jemaa El-Fna** * À **6 minutes à pied de la Médersa Ben Youssef** et du Musée de Marrakech * À environ **5 minutes en voiture du Musée Yves Saint Laurent** * À e...",https://www.mubawab-media.com/ad/8/365/328F/h/1000501500_82670366.avif,6,2026-09-30
8274274,Riad titré à vendre vers bab aghmat,https://www.mubawab.ma/fr/a/8274274/riad-titr%C3%A9-%C3%A0-vendre-vers-bab-aghmat,Vente,Riad,Marrakech,Autre / Centre,2 900 000 DH,2900000,180m²,180,6 Pièces,4 Chambres,1 Salle de bain,"Terrasse, Vue sur les montagnes, Salon Marocain",Green stars immo vous propose une très bonne affaire à saisir avec un riad titré qui fait 180 mètres carrés avec un avantage très intéressant ( stationnement des véhicules devant la porte du riad) Pour plus d'informations n'hésitez pas à nous contacter,https://www.mubawab-media.com/ad/8/274/274F/h/photo_0_81938148.avif,7,2026-09-30
8420147,Riad à rénover Bab Doukkala / Riad Laarouss,https://www.mubawab.ma/fr/a/8420147/riad-%C3%A0-r%C3%A9nover-bab-doukkala-riad-laarouss,Vente,Riad,Marrakech,Médina,2 950 000 DH,2950000,275m²,275,3 Pièces,6 Chambres,2 Salles de bains,Terrasse,"BEST HOME IMMOBILIER vous invite à découvrir ce Riad en réquisition, bénéficiant d’un excellent emplacement entre la petite porte de Bab Doukkala et le quartier de Riad Laarouss, dans un secteur recherché et facilement accessible de la médina de Marrakech. Situé à seulement 80 mètres d’un accès voiture, ce Riad bénéficie d’une construction de qualité et d’une très bonne structure. En bon état général, il nécessite principalement une rénovation...",https://www.mubawab-media.com/ad/8/420/147F/h/c490391e-dd29-419a-84c4-8b6bd4af45cb_83270668.avif,10,2026-09-30
8022118,Villa Riad à vendre sur Targa,https://www.mubawab.ma/fr/a/8022118/villa-riad-%C3%A0-vendre-sur-targa,Vente,Riad,Marrakech,Targa,3 000 000 DH,3000000,300m²,300,4 Pièces,3 Chambres,3 Salles de bains,"Jardin, Terrasse, Piscine, Concierge, Cheminée, Climatisation, Sécurité, Double vitrage, Porte blindée, Four, Micro-ondes",Nous vous proposons une belle riad à vendre sur targa dans une résidence bien sécurisée. La villa composée de : *Rez de chaussée - Double salon dont un salon avec cheminée - Salle à manger - Terrasse avec jardin - Cuisine - Salle d’eau - Placard de rangement *1 er étage : - Une suite parentale avec sa salle de bain - 2 chambres - Salle de bain - Placard de rangement - Balcon avec terrasse *Piscine collective *Jardin collectif Prix de v...,https://www.mubawab-media.com/ad/8/022/118F/h/photo_0_79494084.avif,21,2026-09-30
8314475,Riad Rénové & réquisition à vendre à Kaat Benahid,https://www.mubawab.ma/fr/a/8314475/riad-r%C3%A9nov%C3%A9-r%C3%A9quisition-%C3%A0-vendre-%C3%A0-kaat-benahid,Vente,Riad,Marrakech,Autre / Centre,3 000 000 DH,3000000,58m²,58,4 Pièces,4 Chambres,4 Salles de bains,"Terrasse, Vue sur les montagnes, Climatisation, Sécurité, Cuisine équipée, Réfrigérateur, Four, Machine à laver","L'agence Aide Services vous propose se joli Riad réquisition récemment rénove est à la vente à Kaat Benahid. Il se trouve à 2 minutes à pieds de la Medersa ben youssef et le musé de Marrakech et 8 minutes de la place Jamaa Lafna, quartier très demandé. Il se compose de 4 chambres avec leurs salles de bain, une cuisine et une W.C Invités il y a un seul propriétaire et il est au prix de 3 000 000.00 Dhs",https://www.mubawab-media.com/ad/8/314/475F/h/3c3ec361-fda0-44ab-b1a0-d9148d0129d7_82084092.avif,13,2026-09-30
8405622,Riad clés en main – 3 chambres – Bassin,https://www.mubawab.ma/fr/a/8405622/riad-cl%C3%A9s-en-main-%E2%80%93-3-chambres-%E2%80%93-bassin,Vente,Riad,Marrakech,Médina,3 000 000 DH,3000000,135m²,135,4 Pièces,3 Chambres,3 Salles de bains,"Terrasse, Meublé, Cheminée, Climatisation","Situé au sud de la Médina de Marrakech, dans un quartier calme et accessible en voiture, ce joli riad de 3 chambres offre un cadre privilégié, à l’écart de l’agitation. Entièrement rénové avec goût, le riad a été pensé pour optimiser chaque espace tout en conservant de beaux volumes et une agréable luminosité. Il séduit par la qualité de sa rénovation, ses beaux matériaux et son atmosphère chaleureuse et élégante. La distribution a été...",https://www.mubawab-media.com/ad/8/405/622F/h/IMG_6885_83111202.avif,18,2026-09-30
8409816,Riad à la vente à Sidi Mimoun. 8 chambres agréables,https://www.mubawab.ma/fr/a/8409816/riad-%C3%A0-la-vente-%C3%A0-sidi-mimoun-8-chambres-agr%C3%A9ables,Vente,Riad,Marrakech,Médina,3 000 000 DH,3000000,125m²,125,2 Pièces,8 Chambres,2 Salles de bains,,"Ce riad à vendre, situé dans le quartier authentique de Sidi Mimoun à Marrakech-Médina, est une véritable opportunité pour ceux qui recherchent une propriété unique au cœur de Marrakech. Avec une superficie totale de 375 m², le riad offre huit pièces spacieuses et bien conçues. L'intérieur révèle deux salles de bains, idéales pour répondre aux besoins d'une grande famille ou d'hôtes. L'architecture traditionnelle se marie harmonieusement avec le...",https://www.mubawab-media.com/ad/8/409/816F/h/photo_00_83155699.avif,6,2026-09-30
8365057,Grande riad à vendre 8 chambres quartier de la Kasbah,https://www.mubawab.ma/fr/a/8365057/grande-riad-%C3%A0-vendre-8-chambres-quartier-de-la-kasbah,Vente,Riad,Marrakech,Kasbah,3 000 000 DH,3000000,250m²,250,8 Pièces,8 Chambres,1 Salle de bain,"Jardin, Terrasse, Meublé, Salon Marocain, Cuisine équipée","Vente d'un Riyad de 8 chambres nécessitant des rénovations dans la ville de la forteresse Nous vous présentons un Riyad à vendre situé dans le quartier historique de la forteresse dans la ville, offrant un grand potentiel pour un projet de rénovation ou un investissement. Caractéristiques du Riyad : • Superficie du terrain 120 m² • Composé de 8 chambres • Cour centrale • Terrasse • Cuisine équipée • Salon marocain • Pas de vue direct...",https://www.mubawab-media.com/ad/8/365/057F/h/jh_82685293.avif,12,2026-09-30
8380598,Villa à Vendre de 257.0 m² à,https://www.mubawab.ma/fr/a/8380598/villa-%C3%A0-vendre-de-257-0-m%C2%B2-%C3%A0-,Vente,Riad,Marrakech,Autre / Centre,3 000 000 DH,3000000,257m²,257,8 Pièces,6 Chambres,6 Salles de bains,"Jardin, Garage, Meublé","À vendre, villa spacieuse de 288 m² située dans le quartier prisé de Riad Essalam à Marrakech. Cette propriété dispose de 6 chambres, 3 salles de bain et s'étend sur 257 m² de terrain avec un jardin de 90 m². Avec ses 3 façades et 2 niveaux, cette villa offre un cadre de vie idéal. Prix : 3 000 000 Dhs",https://www.mubawab-media.com/ad/8/380/598F/h/image_324454731_82839963.avif,22,2026-09-30
8364988,Vente d'un superbe riad à Jnan ben chagra. 4 pièces conforta...,https://www.mubawab.ma/fr/a/8364988/vente-d-un-superbe-riad-%C3%A0-jnan-ben-chagra-4-pi%C3%A8ces-confortables,Vente,Riad,Marrakech,Médina,3 000 000 DH,3000000,260m²,260,4 Pièces,5 Chambres,1 Salle de bain,,"Situé dans le quartier pittoresque de Jnan ben chagra à Marrakech-Médina, ce riad se trouve au cœur historique de Marrakech, une région pleine de charme. Avec une superficie généreuse de 260 m², ce riad est une toile blanche « à réformer », offrant la possibilité de transformer cet espace en un véritable havre de paix. La propriété se compose de cinq chambres et une salle de bain, idéale pour ceux qui souhaitent adapter l'espace à leurs besoins...",https://www.mubawab-media.com/ad/8/364/988F/h/photo_00_82664809.avif,2,2026-09-30
8212369,Spacieux riad Melkia 214m² a Zaouia El Abbassia,https://www.mubawab.ma/fr/a/8212369/spacieux-riad-melkia-214m%C2%B2-a-zaouia-el-abbassia,Vente,Riad,Marrakech,Médina,3 000 000 DH,3000000,214m²,214,11 Pièces,8 Chambres,5 Salles de bains,Garage,"À vendre, un riad authentique en acquisition situé à proximité immédiate de la Zawiya Abbassiya, dans la médina de Marrakech. Édifié sur 214 m² au sol, ce riad se distingue par ses volumes généreux et son potentiel : ,2 salons, 8 chambres 5 salle de bains, adaptées à une grande famille ou un projet de maison d’hôtes. 2 salons pour recevoir et partager des moments conviviaux. 4 salles de bains Hammam beldi, offrant confort et authenti...",https://www.mubawab-media.com/ad/8/212/369F/h/riad%20a%20vendre%20ayoub%20agent2_82464193.avif,3,2026-09-30
8325676,Magnifique riad melkia à vendre à Riad Laârous,https://www.mubawab.ma/fr/a/8325676/magnifique-riad-melkia-%C3%A0-vendre-%C3%A0-riad-la%C3%A2rous,Vente,Riad,Marrakech,Médina,3 000 000 DH,3000000,115m²,115,6 Pièces,5 Chambres,1 Salle de bain,,Un magnifique riad melkia est à la vente à Riad Laârous. D'une superficie de 115 m² . Il se compose de 5 chambres spacieuses. Emplacement stratégique au cœur de la médina,https://www.mubawab-media.com/ad/8/325/676F/h/21b485ff-c0f7-413d-8cb9-16c9e041e2a9_82201736.avif,13,2026-09-30
8323758,Achetez 2 riads magnifiques à Bab Eilan. 12 chambres,https://www.mubawab.ma/fr/a/8323758/achetez-2-riads-magnifiques-%C3%A0-bab-eilan-12-chambres,Vente,Riad,Marrakech,Autre / Centre,3 000 000 DH,3000000,170m²,170,4 Pièces,12 Chambres,2 Salles de bains,,"Offre de 2 riads exceptionnels à vendre. Prix 3 000 000 MAD. 4 parties, 2 salles de bains, superficie de 170 mètres carrés. 12 chambres. Moins de 50 ans. À rénover. Caractéristique du sol en carrelage. Ce riad est à vendre à Bab Eilan, Marrakech",https://www.mubawab-media.com/ad/8/323/758F/h/photo_0_82197670.avif,20,2026-09-30
8311150,"Riad à démolir – Opportunité terrain, Marrakech",https://www.mubawab.ma/fr/a/8311150/riad-%C3%A0-d%C3%A9molir-%E2%80%93-opportunit%C3%A9-terrain-marrakech,Vente,Riad,Marrakech,Médina,3 000 000 DH,3000000,147m²,147,3 Pièces,6 Chambres,2 Salles de bains,Entre-seul,"Opportunité Exclusive de Reconstruction à Marrakech Saisissez une emprise au sol exceptionnelle de 147 m² dans le quartier authentique d'Arset Ben Brahim, au cœur de la Médina historique. Ce bien offre une base rare pour un projet architectural sur mesure, parfaitement adapté à votre vision. -Emplacement : Au cœur du quartier prisé et authentique d'Arset Ben Brahim, en Médina. -Agencement : Terrain polyvalent, idéal pour une reconstructi...",https://www.mubawab-media.com/ad/8/311/150F/h/WhatsApp%20Image%202026-02-28%20at%2015.06.26%20%281%29_82047086.avif,9,2026-09-30
7793380,Riad top emplacement Bab taghzoute 147m2,https://www.mubawab.ma/fr/a/7793380/riad-top-emplacement-bab-taghzoute-147m2,Vente,Riad,Marrakech,Bab Taghzout,3 000 000 DH,3000000,220m²,220,8 Pièces,6 Chambres,3 Salles de bains,"Jardin, Terrasse, Vue sur les montagnes, Sécurité","La cible immobilier vous propose un grand riad de147M2 au sol, comprenant : - au rdch: entrée, 1WC,1 cuisine, 4 pièces (2 salon ou chambre) -a l'étage: 4 chambres, une SDB et une cuisine Enfin une grande terrasse a aménagé Maison très bien situé à bab taghzout, accès voiture devant la porte. Statut : melkia Travaux d'aménagement des SDB a prévoir. Murs et sols sains",https://www.mubawab-media.com/ad/7/793/380F/h/1697100978458_58158162.avif,17,2026-09-30
8227257,Grand Riad Titré avec Potentiel d'Extension à Daoudiate,https://www.mubawab.ma/fr/a/8227257/grand-riad-titr%C3%A9-avec-potentiel-d-extension-%C3%A0-daoudiate,Vente,Riad,Marrakech,Majorelle,3 000 000 DH,3000000,154m²,154,4 Pièces,8 Chambres,3 Salles de bains,"Jardin, Terrasse, Chambre rangement, Cuisine équipée","Ce riad marocain authentique offre une occasion rare de créer une demeure sur mesure dans un quartier privilégié et bien desservi. Avec son emprise au sol généreuse et son architecture traditionnelle, il constitue la base idéale pour un projet de rénovation haut de gamme. - Emplacement : Situé à Daoudiate, à proximité de l'Hôtel Redouane, à quelques pas de l'avenue Allal El Fassi et à quelques minutes du Jardin Majorelle. - Agencement : Une sup...",https://www.mubawab-media.com/ad/8/227/257F/h/WhatsApp%20Image%202025-09-29%20%C3%A0%2010.06.24_cd5fa532_81147429.avif,17,2026-09-30
8249424,Trouvez votre riad à acheter à Kasba. Superficie 136 m²,https://www.mubawab.ma/fr/a/8249424/trouvez-votre-riad-%C3%A0-acheter-%C3%A0-kasba-superficie-136-m%C2%B2,Vente,Riad,Marrakech,Autre / Centre,3 000 000 DH,3000000,136m²,136,2 Pièces,8 Chambres,2 Salles de bains,,"Magnifique riad en vente. Prix 3 000 000 DH. 2 pièces, 136 m². traditionnels. Bon état. Venez découvrir ce riad à vendre à Ksibat Nhas, Marrakech",https://www.mubawab-media.com/ad/8/249/424F/h/photo_00_81379445.avif,7,2026-09-30
8224505,Riad malkia superficie115mrr,https://www.mubawab.ma/fr/a/8224505/riad-malkia-superficie115mrr,Vente,Riad,Marrakech,Autre / Centre,3 000 000 DH,3000000,115m²,115,3 Pièces,5 Chambres,1 Salle de bain,Terrasse,Riad à rénover malkia Superficie 115m Quartier assouil Deux façades Prix 3100000dh,https://www.mubawab-media.com/ad/8/224/505F/h/photo_00_82399480.avif,2,2026-09-30
8132078,Laksour – Riad XVIIIe siècle proche Jemaa el Fna,https://www.mubawab.ma/fr/a/8132078/laksour-%E2%80%93-riad-xviiie-si%C3%A8cle-proche-jemaa-el-fna,Vente,Riad,Marrakech,Autre / Centre,3 000 000 DH,3000000,116m²,116,8 Pièces,5 Chambres,2 Salles de bains,Terrasse,"Au cœur de Laksour/Mouassine, à quelques pas de la Place Jemaa el Fna, se dresse un riad authentique du XVIIIe siècle — brut, silencieux, intact dans son essence. Ce n'est pas un décor refait à neuf. C'est une mémoire vivante : Les murs épais, les arches simples, les volumes ouverts témoignent d'une autre époque Le riad offre 7 pièces (dont 5 chambres a coucher) autour d'un patio traditionnel ouvert sous le ciel. Le bien est en Melkia. Des trava...",https://www.mubawab-media.com/ad/8/132/078F/h/16_80168013.avif,18,2026-09-30
8138852,"Riad à vendre — Melkia Médina, Marrakech",https://www.mubawab.ma/fr/a/8138852/riad-%C3%A0-vendre-%E2%80%94-melkia-m%C3%A9dina-marrakech,Vente,Riad,Marrakech,Médina,3 000 000 DH,3000000,300m²,300,7 Pièces,5 Chambres,2 Salles de bains,"Terrasse, Chambre rangement, Entre-seul, Salon Marocain, Climatisation, Porte blindée, Cuisine équipée","L’Immobilier Sans Frontières vous propose ce riad vide à vendre dans la Médina de Marrakech. Le texte indique une surface au sol de 150 m² et 300 m² habitables, avec titre Melkia. Le bien est présenté avec un potentiel de rénovation. Ce riad se compose de : Rez-de-chaussée: 3Chambres - 1 salle de bain - Cuisine - Débarras - climatisation 1er étage: 4chambres - 1 salle de bain - Cuisine - Débarras - climatisation Terrasse: 2Chambres - 1 salle de...",https://www.mubawab-media.com/ad/8/138/852F/h/0%20image%20a%20la%20une_80237198.avif,18,2026-09-30
8404785,Vaste Riad avec Sur Terrasse et Vue Imprenable,https://www.mubawab.ma/fr/a/8404785/vaste-riad-avec-sur-terrasse-et-vue-imprenable,Vente,Riad,Marrakech,Riad Zitoun,3 075 000 DH,3075000,250m²,250,2 Pièces,10 Chambres,3 Salles de bains,Terrasse,"La Cible Immobilier vous propose à la vente ce somptueux riad d'une belle superficie de 140 m² au 1er étage, idéalement situé dans le quartier très prisé de Riad Zitoun Lakdim. Actuellement à rénover, ce bien d'exception se distingue par ses volumes grandioses et son immense potentiel d'aménagement. Son véritable atout réside dans ses multiples espaces extérieurs, couronnés par une sur-terrasse panoramique offrant une vue spectaculaire et déga...",https://www.mubawab-media.com/ad/8/404/785F/h/20260823_164425_83101675.avif,22,2026-09-30
8417912,Riad Essebtiyen,https://www.mubawab.ma/fr/a/8417912/riad-essebtiyen,Vente,Riad,Marrakech,Médina,3 090 000 DH,3090000,260m²,260,2 Pièces,8 Chambres,2 Salles de bains,Terrasse,"Riad à rénover — Quartier Essebtiyen, Médina de Marrakech À deux pas de la place Jamaa El Fna, dans le quartier authentique d'Essebtiyen, riad marocain traditionnel à rénover entièrement, offrant un fort potentiel de valorisation. Le bien s'organise autour d'un patio central baigné de lumière naturelle grâce à sa verrière, sur plusieurs niveaux desservis par un escalier et des balcons ornés de moucharabiehs et ferronneries d'origine. On retrouv...",https://www.mubawab-media.com/ad/8/417/912F/h/04-saafka_83245752.avif,15,2026-09-30
8365268,Potentiel et Authenticité à El Mokkef,https://www.mubawab.ma/fr/a/8365268/potentiel-et-authenticit%C3%A9-%C3%A0-el-mokkef,Vente,Riad,Marrakech,Médina,3 100 000 DH,3100000,100m²,100,4 Pièces,4 Chambres,4 Salles de bains,Terrasse,"Découvrez ce Riad de 100 m² au sol à rénover, idéalement situé dans le quartier historique et très accessible d'El Mokkef, au cœur de la Médina de Marrakech. Entièrement titré, ce bien structurellement sain offre une toile vierge parfaite pour les investisseurs ou les passionnés d'architecture souhaitant réaliser un projet sur mesure, qu'il s'agisse d'une maison d'hôtes de charme ou d'une résidence privée. - Emplacement : Situé dans le secteur...",https://www.mubawab-media.com/ad/8/365/268F/h/1_82669507.avif,9,2026-09-30
8390702,"Vente Riad Titré Meublé, 6 Chambres Medina, Arset Ihiri",https://www.mubawab.ma/fr/a/8390702/vente-riad-titr%C3%A9-meubl%C3%A9-6-chambres-medina-arset-ihiri,Vente,Riad,Marrakech,Médina,3 100 000 DH,3100000,90m²,90,7 Pièces,6 Chambres,1 Salle de bain,"Terrasse, Chambre rangement, Meublé, Salon Marocain, Climatisation, Cuisine équipée, Réfrigérateur, Four, Machine à laver, Micro-ondes","Nous vous proposons un magnifique Riad Titré meublé, situé dans le quartier historique de Arset Ihiri, au cœur de la Médina de Marrakech. Ce Riad bénéficie d'une localisation idéale, à proximité immédiate des commerces, des transports et des principaux monuments de la ville, tout en offrant le calme et l'intimité caractéristiques de l'architecture traditionnelle marocaine. Déployé sur 2 niveaux, ce bien d'exception offre des volumes généreux av...",https://www.mubawab-media.com/ad/8/390/702F/h/1785280849074_oqs9o69nkqq_14_82951900.avif,18,2026-09-30
8332718,Riad Melkiya à vendre Bab Doukala,https://www.mubawab.ma/fr/a/8332718/riad-melkiya-%C3%A0-vendre-bab-doukala,Vente,Riad,Marrakech,Médina,3 100 000 DH,3100000,116m²,116,9 Pièces,6 Chambres,1 Salle de bain,"Terrasse, Salon Marocain, Antenne parabolique","Superbe riad titré (melkiya) d’une superficie de 116 m², idéalement situé à proximité de Bab Doukkala et du quartier Riad Larous, offrant un fort potentiel d’exploitation (résidence principale, maison d’hôtes ou investissement locatif). Composition : * Rez-de-chaussée : • 1 chambre • Salon • Cuisine • Salle de bain * Étage : • 3 chambres * Terrasse : • 2 chambres supplémentaires Atouts : Emplacement stratégique dans la médina Bonne d...",https://www.mubawab-media.com/ad/8/332/718F/h/WhatsApp%20Image%202026-04-13%20at%2019.55.46%20%282%29_82276483.avif,20,2026-09-30
8244239,À VENDRE – Riad Titré Clé en Main Entre Derb Dabachi & Place...,https://www.mubawab.ma/fr/a/8244239/%C3%A0-vendre-%E2%80%93-riad-titr%C3%A9-cl%C3%A9-en-main-entre-derb-dabachi-place-des-%C3%A9pices,Vente,Riad,Marrakech,Autre / Centre,3 100 000 DH,3100000,40m²,40,4 Pièces,3 Chambres,2 Salles de bains,"Terrasse, Piscine, Meublé, Climatisation, Cuisine équipée",À VENDRE – Riad Titré Clé en Main Entre Derb Dabachi & Place des Épices • 40 m² au sol • 3 chambres • Balcon • Cuisine équipée • Vendu meublé • Titre foncier Prix de vente : 3 300 000 Dhs Frais d’agence : 2.5% HT MAGHREB PROPERTIES AGENCY Marrakech – Ventes & Locations,https://www.mubawab-media.com/ad/8/244/239F/h/photo_00_82339524.avif,13,2026-09-30
8372744,Riad Clé en Main à Kennaria,https://www.mubawab.ma/fr/a/8372744/riad-cl%C3%A9-en-main-%C3%A0-kennaria,Vente,Riad,Marrakech,Médina,3 100 000 DH,3100000,70m²,70,4 Pièces,2 Chambres,2 Salles de bains,Terrasse,"Cette propriété finie et entièrement titrée offre une occasion rare de s'installer immédiatement ou de lancer un projet de location saisonnière dans l'un des quartiers les plus recherchés de la Médina. Elle constitue une demeure idéale, prête à vivre et parfaitement entretenue. - Emplacement : Idéalement situé dans le secteur très prisé de Kennaria, à seulement 200 mètres de la célèbre place Jemaa El Fna, offrant une accessibilité remarquable et...",https://www.mubawab-media.com/ad/8/372/744F/h/1_82750612.avif,12,2026-09-30
8281357,Riad à vendre à Arset Ihir Bab Doukkala,https://www.mubawab.ma/fr/a/8281357/riad-%C3%A0-vendre-%C3%A0-arset-ihir-bab-doukkala,Vente,Riad,Marrakech,Médina,3 100 000 DH,3100000,119m²,119,5 Pièces,7 Chambres,2 Salles de bains,"Terrasse, Entre-seul","Opportunité de Rénovation à Bab Doukkala Ce Riad représente une occasion exceptionnelle de concevoir une demeure sur mesure dans l'un des quartiers les plus prisés de la Médina. Avec une structure solide et un emplacement stratégique, il constitue une base idéale pour un projet de rénovation à forte valeur ajoutée. - Emplacement : Idéalement situé dans le secteur recherché de Bab Doukkala, offrant un accès privilégié aux points d'intérêt majeur...",https://www.mubawab-media.com/ad/8/281/357F/h/WhatsApp%20Image%202026-01-06%20at%2010.41.39_81735295.avif,13,2026-09-30
8250405,Riad à rénover à vendre au cœur de la médina,https://www.mubawab.ma/fr/a/8250405/riad-%C3%A0-r%C3%A9nover-%C3%A0-vendre-au-c%C5%93ur-de-la-m%C3%A9dina,Vente,Riad,Marrakech,Médina,3 100 000 DH,3100000,158m²,158,13 Pièces,10 Chambres,3 Salles de bains,Terrasse,"LE COMPTOIR DE L’IMMOBILIER vous propose ce superbe riad d’époque d’une superficie de 158 m² au sol, réparti sur trois niveaux. Rez-de-chaussée : 5 grandes pièces, une cuisine et une salle de bain 1er étage : 5 grandes pièces, une cuisine et une salle de bain Terrasse : 3 vastes pièces et une cuisine Ce Riad offre de très beaux volumes à exploiter, un patio entièrement ouvert et bénéficie de quatre façades, garantissant une luminosité excepti...",https://www.mubawab-media.com/ad/8/250/405F/h/riad%20%C3%A0%20r%C3%A9nover-medina-marrakech-Bab%20Aylen%20%286%29_81389851.avif,8,2026-09-30
8112556,Vente d'un superbe riad à azbzt proche de ben youssef,https://www.mubawab.ma/fr/a/8112556/vente-d-un-superbe-riad-%C3%A0-azbzt-proche-de-ben-youssef,Vente,Riad,Marrakech,Autre / Centre,3 100 000 DH,3100000,107m²,107,4 Pièces,5 Chambres,2 Salles de bains,Terrasse,Riad melkya Surface 105 Quartier pas Loin de derb dabashi même pas 8 minutes à pied Se compose de : 7 chambres 2 salles de bains Cuisine Patio Terrasse panoramique,https://www.mubawab-media.com/ad/8/112/556F/h/photo_0_82008144.avif,7,2026-09-30
8112279,Vente Villa à ancienne médina,https://www.mubawab.ma/fr/a/8112279/vente-villa-%C3%A0-ancienne-m%C3%A9dina,Vente,Riad,Marrakech,Médina,3 100 000 DH,3100000,140m²,140,,6 Chambres,,Cuisine équipée,"Je mets en vente un riad de 140 m², situé dans le quartier prisé de Dar el Bacha, à seulement 10 minutes à pied de la célèbre place Jamaa El Fna. Le riad se répartit sur deux niveaux. Au rez-de-chaussée, vous trouverez trois chambres spacieuses, une cuisine bien équipée, une salle de bain fonctionnelle ainsi qu'un grand séjour lumineux. Le premier étage dispose également de trois chambres, d'une cuisine, d’une salle de bain et d’un séjour, offra...",https://www.mubawab-media.com/ad/8/112/279F/h/ab39aaa0c87effbcb219_79967033.avif,3,2026-09-30
8425069,Riad Authentique – 138m² à Kasbah,https://www.mubawab.ma/fr/a/8425069/riad-authentique-%E2%80%93-138m%C2%B2-%C3%A0-kasbah,Vente,Riad,Marrakech,Kasbah,3 200 000 DH,3200000,138m²,138,6 Pièces,5 Chambres,2 Salles de bains,,"Nous vous proposons à la vente au cœur du quartier historique de la Kasbah, ce riad authentique offre un très beau potentiel de rénovation pour un projet de résidence privée, maison d’hôtes ou investissement locatif. Développé sur une surface de 140 m² au sol, le bien conserve toute l’architecture et le charme des riads traditionnels de Marrakech, avec son patio central, ses galeries et ses volumes caractéristiques. Le riad se compose actuellemen...",https://www.mubawab-media.com/ad/8/425/069F/h/bien-20260916001706-e701e8_83325104.avif,14,2026-09-30
8271097,Beau riad 114 m2 en vente à Marrakech,https://www.mubawab.ma/fr/a/8271097/beau-riad-114-m2-en-vente-%C3%A0-marrakech,Vente,Riad,Marrakech,Autre / Centre,3 200 000 DH,3200000,140m²,140,8 Pièces,5 Chambres,2 Salles de bains,Terrasse,"Ce beau riad en vente est situé au quartier Douar Grawa , loin de la place de Jamaa El Fna de 5 minutes , Marrakech , d une superficie de 114 m 2 au sol , se compose de 5 chambres , cuisine , 2 salles de bain , patio et terrasse. Ce riad à rénover de bonne structure est en mélkia",https://www.mubawab-media.com/ad/8/271/097F/h/WhatsApp%20Image%202025-12-06%20at%2011.43.00_81620304.avif,7,2026-09-30
8178287,Vente Riad à ancienne médina,https://www.mubawab.ma/fr/a/8178287/vente-riad-%C3%A0-ancienne-m%C3%A9dina,Vente,Riad,Marrakech,Médina,3 200 000 DH,3200000,150m²,150,8 Pièces,7 Chambres,2 Salles de bains,"Terrasse, Chambre rangement, Cuisine équipée","Je mets en vente un charmant riad milkia d’une superficie de 150 m², situé dans le quartier authentique de Zaouia Abbassia, au cœur de l’ancienne médina de Marrakech. Ce riad se compose au rez-de-chaussée d’un salon spacieux, d’une salle de bain moderne, de trois chambres confortables et d’une cuisine équipée. À l’étage, vous trouverez quatre chambres lumineuses, une deuxième cuisine et une salle de bain. Une terrasse aménageable vous of...",https://www.mubawab-media.com/ad/8/178/287F/h/16edb6817bf16d7bcd77_80645979.avif,8,2026-09-30
8421752,Riad à vendre à Eden Palm – Marrakech,https://www.mubawab.ma/fr/a/8421752/riad-%C3%A0-vendre-%C3%A0-eden-palm-%E2%80%93-marrakech,Vente,Riad,Marrakech,Autre / Centre,3 200 000 DH,3200000,200m²,200,3 Pièces,2 Chambres,2 Salles de bains,Jardin,"Découvrez ce charmant riad situé dans le prestigieux domaine d’Eden Palm, offrant un cadre paisible et verdoyant. Le riad se compose de : 2 belles suites Possibilité d’aménager une chambre supplémentaire Salon / séjour Mini-bar Beau patio intérieur Jardin privatif agréable Un bien idéal pour une résidence secondaire ou un projet d’investissement, dans un environnement recherché à Marrakech",https://www.mubawab-media.com/ad/8/421/752F/h/bab72417-8431-4ec8-a3b7-b75909239e51_83288352.avif,21,2026-09-30
8394516,Riad rénové 3 chambre à vendre à Bab Ghmat VE26264,https://www.mubawab.ma/fr/a/8394516/riad-r%C3%A9nov%C3%A9-3-chambre-%C3%A0-vendre-%C3%A0-bab-ghmat-ve26264,Vente,Riad,Marrakech,Médina,3 200 000 DH,3200000,82m²,82,5 Pièces,3 Chambres,3 Salles de bains,"Terrasse, Piscine, Meublé, Cheminée, Climatisation, Cuisine équipée, Réfrigérateur, Micro-ondes","Votre agence immobilière PRESTIGE GALLERY IMMO a le plaisir de vous présenter au cœur de la médina de Marrakech, quartier Bab Ghmat, ce riad de 82 m² au sol entièrement rénové marie l'artisanat marocain traditionnel à une décoration contemporaine épurée. LE PATIO: Ouvert sur le ciel, le patio s'organise autour d'un bassin en zellige vert bordé de bananiers et de strelitzias. Un escalier hélicoïdal en fer forgé dessert les étages. On y trouve une...",https://www.mubawab-media.com/ad/8/394/516F/h/88863c0b-1328-4acd-b7ee-ac9cd224be9f_82993346.avif,30,2026-09-30
8393185,"Riad 161 m², 7 chambres",https://www.mubawab.ma/fr/a/8393185/riad-161-m%C2%B2-7-chambres,Vente,Riad,Marrakech,Médina,3 200 000 DH,3200000,161m²,161,8 Pièces,7 Chambres,7 Salles de bains,Terrasse,"Dans la médina de Marrakech, découvrez ce superbe riad de 161 m² au sol, au charme authentique et au fort potentiel. Organisé autour d'un magnifique patio à deux niveaux, il comprend 7 chambres, un grand salon, une cuisine et une vaste terrasse avec cuisine d'été, offrant de superbes espaces de vie et de réception. Les travaux techniques essentiels ont déjà été réalisés (électricité, plomberie et évacuations). Il ne reste que les finitions, v...",https://www.mubawab-media.com/ad/8/393/185F/h/file_000000009bb481f4b660bc77c69f4605_82977033.avif,15,2026-09-30
8379598,Riad à Rénover à Sidi Mimoune,https://www.mubawab.ma/fr/a/8379598/riad-%C3%A0-r%C3%A9nover-%C3%A0-sidi-mimoune,Vente,Riad,Marrakech,Autre / Centre,3 200 000 DH,3200000,110m²,110,1 Pièce,6 Chambres,2 Salles de bains,Terrasse,"Riad à Rénover de 110m² au sol. 6 chambres. Très bon emplacement au quartier Sidi Mimoune, entouré par maisons d'hôtes. Accès voiture jusqu'au derb",https://www.mubawab-media.com/ad/8/379/598F/h/1000027803_82829218.avif,17,2026-09-30
8364495,Riad titré avec terrasse – Sidi Ben Slimane,https://www.mubawab.ma/fr/a/8364495/riad-titr%C3%A9-avec-terrasse-%E2%80%93-sidi-ben-slimane,Vente,Riad,Marrakech,Médina,3 200 000 DH,3200000,200m²,200,4 Pièces,3 Chambres,3 Salles de bains,Terrasse,"Riad titré de 99 m² au sol, idéalement situé à Sidi Ben Slimane, dans l’un des quartiers les plus prisés de la médina de Marrakech. Rénové il y a une quinzaine d’années, il a conservé tout son charme et nécessite uniquement un léger rafraîchissement. Chaque chambre dispose déjà de sa propre salle de bain. Le riad comprend également un agréable salon au rez-de-chaussée, une cuisine existante ainsi qu’une superbe terrasse. Un bien rare dans un sect...",https://www.mubawab-media.com/ad/8/364/495F/h/WhatsApp%20Image%202026-06-13%20at%2013.40.19%20%284%29_82659902.avif,8,2026-09-30
8360174,Vente Riad à ancienne médina,https://www.mubawab.ma/fr/a/8360174/vente-riad-%C3%A0-ancienne-m%C3%A9dina,Vente,Riad,Marrakech,Médina,3 200 000 DH,3200000,189m²,189,5 Pièces,4 Chambres,1 Salle de bain,"Terrasse, Climatisation","Au cœur de l’ancienne Médina de Marrakech, dans le quartier historique de Sidi Amara à la Kasbah, découvrez ce riad authentique édifié sur un terrain de 189 m² offrant un potentiel exceptionnel pour la création d’une maison d’hôtes de charme ou d’une résidence privée de prestige. Le riad s’articule autour d’un magnifique patio central de 9,70 m x 6,70 m, véritable cœur de la propriété, offrant un espace idéal pour l’aménagement d’un élégant b...",https://www.mubawab-media.com/ad/8/360/174F/h/f3507826040a4144ec90_82574623.avif,7,2026-09-30
8348760,Grand riad de 195 m2 au sol proche riad larouss,https://www.mubawab.ma/fr/a/8348760/grand-riad-de-195-m2-au-sol-proche-riad-larouss,Vente,Riad,Marrakech,Autre / Centre,3 200 000 DH,3200000,300m²,300,7 Pièces,6 Chambres,1 Salle de bain,"Terrasse, Garage","La CIBLE IMMOBILIER vous propose à la vente un grand riad à rénover , très bien situé , quartier Sidi Ben Slimane, à coté du parking de Riad larouss . composé de 6 pièces principales. un grand patio et une grande terrasse avec une magnifique vue. Beau quartier , facile d'acces Statut : melkia Prix: 3200000 légèrement négociable frais d'agence 2,5%",https://www.mubawab-media.com/ad/8/348/760F/h/MVIMG_20260508_171019_82451129.avif,9,2026-09-30
8344351,Riad Melkia à vendre – Assouel,https://www.mubawab.ma/fr/a/8344351/riad-melkia-%C3%A0-vendre-%E2%80%93-assouel,Vente,Riad,Marrakech,Médina,3 200 000 DH,3200000,115m²,115,10 Pièces,8 Chambres,2 Salles de bains,,"Réf: 025S/026 Riad (Melkia) idéalement situé dans le quartier Assouel, au cœur de la médina de Marrakech, à seulement 5 minutes de Médersa Ben Youssef et 10 minutes de Jemaa el-Fnaa. Le bien bénéficie d’un emplacement stratégique, facilement accessible, avec accès direct aux voitures — un atout rare en médina. Caractéristiques principales - Superficie : 115 m² - Double façade - Deux entrées indépendantes - Accès voiture - 8 chambres...",https://www.mubawab-media.com/ad/8/344/351F/h/WhatsApp%20Image%202026-05-05%20at%2011.16.03%20%281%29_82400811.avif,11,2026-09-30
8336709,Riad Semi Fini,https://www.mubawab.ma/fr/a/8336709/riad-semi-fini,Vente,Riad,Marrakech,Bab Doukkala,3 200 000 DH,3200000,48m²,48,3 Pièces,4 Chambres,4 Salles de bains,Terrasse,"Riad Semi-Fini – Fort Potentiel d’Investissement Ce riad de 48 m² au sol, situé dans le secteur recherché de Bab Doukkala, offre une excellente opportunité de personnalisation. Actuellement en phase de semi-finition, cette propriété permet de finaliser les travaux selon vos goûts sur une structure déjà optimisée. - Emplacement : Situé à Bab Doukkala (Arset Aouzal), un quartier prisé pour son authenticité et son accessibilité. - Agencement : Dis...",https://www.mubawab-media.com/ad/8/336/709F/h/1_82317297.avif,16,2026-09-30
8319727,Rian à rénover à 5 minutes de jamaa lafnaa,https://www.mubawab.ma/fr/a/8319727/rian-%C3%A0-r%C3%A9nover-%C3%A0-5-minutes-de-jamaa-lafnaa,Vente,Riad,Marrakech,Médina,3 200 000 DH,3200000,120m²,120,8 Pièces,6 Chambres,2 Salles de bains,,"Riad à rénover situé dans la médina de Marrakech, à seulement 5 minutes de Jemaa el-Fnaa. Le bien se compose d’un patio central avec colonnes traditionnelles et d’un étage . Travaux à prévoir, idéal pour projet de maison d’hôtes ou investissement locatif. Fort potentiel après rénovation dans un emplacement très recherché",https://www.mubawab-media.com/ad/8/319/727F/h/Photo%20riad%20copie_82138305.avif,1,2026-09-30
8311185,Riad à la vente à Rmila. 7 chambres,https://www.mubawab.ma/fr/a/8311185/riad-%C3%A0-la-vente-%C3%A0-rmila-7-chambres,Vente,Riad,Marrakech,Autre / Centre,3 200 000 DH,3200000,115m²,115,4 Pièces,7 Chambres,3 Salles de bains,,"Achetez le riad de vos rêves. Prix 3 200 000 DH. 7 chambres, 3 salles de bains, 115 m². 4 pièces. Moins de 20 ans. Ce riad est en vente à Rmila, Marrakech",https://www.mubawab-media.com/ad/8/311/185F/h/photo_1_82047467.avif,11,2026-09-30
8278642,Riad à vendre au quartier kasba,https://www.mubawab.ma/fr/a/8278642/riad-%C3%A0-vendre-au-quartier-kasba,Vente,Riad,Marrakech,Autre / Centre,3 200 000 DH,3200000,130m²,130,2 Pièces,6 Chambres,2 Salles de bains,,Riad a rénover à vendre au quartier kasba,https://www.mubawab-media.com/ad/8/278/642F/h/IMG_1219_81701672.avif,7,2026-09-30
8219893,Riad à rénover à centre médina Marrakech,https://www.mubawab.ma/fr/a/8219893/riad-%C3%A0-r%C3%A9nover-%C3%A0-centre-m%C3%A9dina-marrakech,Vente,Riad,Marrakech,Médina,3 200 000 DH,3200000,228m²,228,8 Pièces,6 Chambres,1 Salle de bain,"Terrasse, Vue sur les montagnes","Riad à vendre – 138 m² au sol, quartier Kennaria, Marrakech Superbe riad traditionnel de 138 m² au sol, idéalement situé dans le quartier Kennaria, à moins de 5 minutes à pied de la célèbre place Jemaa el-Fna. Marrakech Cet emplacement exceptionnel en plein cœur de la médina offre un énorme potentiel, que ce soit pour un projet de maison d’hôtes ou pour créer un riad privé de charme. Le bien appartient à des héritiers compréhensifs, ce qui facil...",https://www.mubawab-media.com/ad/8/219/893F/h/WhatsApp%20Image%202025-07-17%20at%2012.45.30_81068247.avif,2,2026-09-30
8414484,"Villa Semi Finie à Vendre – Résidence Riad Marrakech, Route...",https://www.mubawab.ma/fr/a/8414484/villa-semi-finie-%C3%A0-vendre-%E2%80%93-r%C3%A9sidence-riad-marrakech-route-d-amizmiz-%E2%80%93-alliances-darna,Vente,Riad,Marrakech,Route d'Amizmiz,3 200 000 DH,3200000,400m²,400,3 Pièces,4 Chambres,5 Salles de bains,"Piscine, Climatisation","VILLA D’EXCEPTION SEMI-FINIE À VENDRE Résidence Riad Marrakech – Alliances Darna Un emplacement privilégié au cœur d’un environnement touristique et résidentiel d’exception à Marrakech. Découvrez cette superbe villa de 400 m² de terrain, bénéficiant de 3 façades et d’un emplacement stratégique au sein d’une résidence recherchée, calme et sécurisée. La résidence offre un cadre de vie privilégié avec des infrastructures de loisirs de qualité, notam...",https://www.mubawab-media.com/ad/8/414/484F/h/photo_0_83211106.avif,1,2026-09-30
8239639,"Maison style Riad en 3 niveaux, Q Rwidate proche de Guéliz",https://www.mubawab.ma/fr/a/8239639/maison-style-riad-en-3-niveaux-q-rwidate-proche-de-gu%C3%A9liz,Vente,Riad,Marrakech,Guéliz,3 280 000 DH,3280000,235m²,235,9 Pièces,4 Chambres,3 Salles de bains,"Terrasse, Garage, Chambre rangement, Salon Marocain, Salon européen, Antenne parabolique, Double vitrage, Porte blindée","À vendre Maison style Riad à Marrakech, quartier Rwidate (proche Majorelle et Gueliz) Découvrez cette charmante maison au style Riad, érigée sur un terrain d’angle de 100 m² et offrant 235 m² habitables, idéalement située dans le quartier prisé de Rwidate, à deux pas de Majorelle, Semlalia, et à seulement 5 minutes de Guéliz et de la Médina. Grâce à ses deux façades et sa position stratégique, la propriété bénéficie d’un fort potentiel semi-comme...",https://www.mubawab-media.com/ad/8/239/639F/h/maison-villa-%C3%A0-vendre-marrakech%20%2844%29_81278843.avif,25,2026-09-30
8224191,Riad 3 chambres TITRÉ à Ryad Laarouss,https://www.mubawab.ma/fr/a/8224191/riad-3-chambres-titr%C3%A9-%C3%A0-ryad-laarouss,Vente,Riad,Marrakech,Autre / Centre,3 300 000 DH,3300000,100m²,100,4 Pièces,3 Chambres,3 Salles de bains,"Terrasse, Garage, Chambre rangement, Meublé, Climatisation, Cuisine équipée","Notre agence immobilière à Marrakech vous propose en exclusivité ce charmant petit Riad en activité location courte durée Airbnb et Booking, titré, de 42 m2 au sol pour une superficie habitable de 100 m2 environ composé de 3 chambres avec leurs salles d'eau privatives. Située dans le quartier ultra-prisé de Ryad Laarouss, à 200 m de la dépose voiture et du parking. A à peine 3 mn à pied de l'entrée des souks!!! Moins de 15 mn pour arriver à la p...",https://www.mubawab-media.com/ad/8/224/191F/h/DSC_5019_83077727.avif,19,2026-09-30
8236354,Un ancien Riad en ruine au cœur de la Palmeraie,https://www.mubawab.ma/fr/a/8236354/un-ancien-riad-en-ruine-au-c%C5%93ur-de-la-palmeraie,Vente,Riad,Marrakech,Palmeraie,3 300 000 DH,3300000,360m²,360,9 Pièces,5 Chambres,3 Salles de bains,"Jardin, Terrasse, Garage, Vue sur les montagnes, Chambre rangement, Entre-seul, Salon Marocain, Salon européen","Emplacement exceptionnel dans la prestigieuse Palmeraie, donnant sur une route de 30 m. Riad traditionnel sur 471 m² de terrain titré, à rénover entièrement. Bâti d’environ 180 m² sur 2 niveaux terrasse autour d’une belle cour centrale. Un potentiel unique pour créer une maison d’hôtes ou résidence de charme dans un cadre authentique et verdoyant Prix : 3300.000 DHS Frais d’agence : 3 %",https://www.mubawab-media.com/ad/8/236/354F/h/photo_00_81245280.avif,22,2026-09-30
8247089,"Marrakech – Riad 7 chambres au cœur de la Kasbah, proche Pal...",https://www.mubawab.ma/fr/a/8247089/marrakech-%E2%80%93-riad-7-chambres-au-c%C5%93ur-de-la-kasbah-proche-palais-royal-et-tombeaux-saadiens,Vente,Riad,Marrakech,Médina,3 300 000 DH,3300000,300m²,300,,7 Chambres,,"Terrasse, Cuisine équipée","Situé dans le QUARTIER HISTORIQUE DE LA KASBAH, l’un des plus authentiques et recherchés de la médina de Marrakech, ce RIAD DE 7 CHAMBRES offre un véritable potentiel pour un projet de MAISON D’HÔTES ou de RÉSIDENCE FAMILIALE DE CHARME. À seulement 5 MINUTES DES TOMBEAUX SAADIENS, du PALAIS ROYAL et du PALAIS BADII, et 10 MINUTES À PIED DE LA PLACE JEMAA EL-FNA, son emplacement est idéal pour profiter pleinement de la vie au cœur de la médina. ...",https://www.mubawab-media.com/ad/8/247/089F/h/IMG_2972_81356474.avif,2,2026-09-30
8379848,Superbe riad à vendre 115 m2 à Kasbah Marrakech,https://www.mubawab.ma/fr/a/8379848/superbe-riad-%C3%A0-vendre-115-m2-%C3%A0-kasbah-marrakech,Vente,Riad,Marrakech,Médina,3 300 000 DH,3300000,115m²,115,6 Pièces,5 Chambres,2 Salles de bains,Terrasse,"Au cœur du prestigieux quartier de la Kasbah, découvrez ce riad de 115 m² offrant un fort potentiel. Il comprend 5 chambres et 2 salles de bains, bénéficie d’une bonne structure et est titré Melkia. À rénover, il constitue une excellente opportunité pour créer une maison d’hôtes de charme ou une résidence authentique dans l’un des secteurs les plus prisés de la médina",https://www.mubawab-media.com/ad/8/379/848F/h/photo_00_82831681.avif,6,2026-09-30
8258879,Lot de villa à vendre avenue Mohamed6 à côté Morocco mall,https://www.mubawab.ma/fr/a/8258879/lot-de-villa-%C3%A0-vendre-avenue-mohamed6-%C3%A0-c%C3%B4t%C3%A9-morocco-mall,Vente,Riad,Marrakech,Agdal,3 300 000 DH,3300000,502m²,502,,,,,"Faites une affaire en achetant ce terrain. Prix 3 200 000 DH. Superficie de 520 m². Ce terrain est proposé à la vente à Riad Al Atlas, Marrakech.agdal, avenue Mohamed6",https://www.mubawab-media.com/ad/8/258/879F/h/photo_0_81476318.avif,1,2026-09-30
8324851,Dar el bacha,https://www.mubawab.ma/fr/a/8324851/dar-el-bacha,Vente,Riad,Marrakech,Médina,3 300 000 DH,3300000,130m²,130,3 Pièces,2 Chambres,1 Salle de bain,Meublé,"Situé dans le prestigieux quartier de Dar El Bacha, au cœur de la médina de Marrakech, ce riad bénéficie d’un emplacement exceptionnel dans l’un des secteurs les plus recherchés de la ville. Ce quartier emblématique séduit par son authenticité, sa proximité immédiate avec les monuments historiques, les souks traditionnels ainsi qu’une sélection raffinée de restaurants et de maisons d’hôtes de charme. Édifié sur une surface au sol de 130 m² pou...",https://www.mubawab-media.com/ad/8/324/851F/h/6_82193575.avif,8,2026-09-30
8287003,Grand riad rénove dans un quartier de luxe,https://www.mubawab.ma/fr/a/8287003/grand-riad-r%C3%A9nove-dans-un-quartier-de-luxe,Vente,Riad,Marrakech,Autre / Centre,3 300 000 DH,3300000,167m²,167,1 Pièce,4 Chambres,2 Salles de bains,,Grand riad de 167 mètre à rénover pour les investisseurs à Marrakech,https://www.mubawab-media.com/ad/8/287/003F/h/C13C9827-A967-440F-A4DA-E85A94C835BD_81790761.avif,7,2026-09-30
8251290,"Terrain à vendre – Derb Dabachi, Marrakech",https://www.mubawab.ma/fr/a/8251290/terrain-%C3%A0-vendre-%E2%80%93-derb-dabachi-marrakech,Vente,Riad,Marrakech,Médina,3 300 000 DH,3300000,120m²,120,,,,,"errain de 120 m² idéalement situé au cœur de Derb Dabachi, à seulement quelques minutes de la célèbre place Jemaa El Fna. Parfait pour la construction d’un riad ou pour un projet d’investissement dans l’un des quartiers les plus recherchés de la médina. Détails du bien : Prix : 3 300 000 Dhs Dernier prix : 3 000 000 Dhs Surface : 120 m² Titre : Non Ce terrain offre un excellent potentiel pour un projet de développement, alliant...",https://www.mubawab-media.com/ad/8/251/290F/h/WhatsApp%20Image%202025-11-12%20%C3%A0%2012.04.28_87f53258_81398499.avif,6,2026-09-30
8267125,Vente d'un superbe riad à Sidi Ben Slimane El Jazouli. 7 cha...,https://www.mubawab.ma/fr/a/8267125/vente-d-un-superbe-riad-%C3%A0-sidi-ben-slimane-el-jazouli-7-chambres-agr%C3%A9ables,Vente,Riad,Marrakech,Autre / Centre,3 300 000 DH,3300000,147m²,147,12 Pièces,7 Chambres,2 Salles de bains,,"Riad d'exception à vendre. Prix 3 300 000 DH. 7 chambres, 2 salles de bains, surface 147 m². 12 pièces. Bon état. Venez découvrir ce riad à vendre à Sidi Ben Slimane El Jazouli, Marrakech",https://www.mubawab-media.com/ad/8/267/125F/h/A_81578788.avif,16,2026-09-30
8221499,Riad Traditionnel à médina,https://www.mubawab.ma/fr/a/8221499/riad-traditionnel-%C3%A0-m%C3%A9dina,Vente,Riad,Marrakech,Médina,3 300 000 DH,3300000,240m²,240,7 Pièces,6 Chambres,2 Salles de bains,"Terrasse, Vue sur les montagnes","Riad de 135 m² au sol situé au quartier Mouassine (5 min de la place Jamaâ El Fna) Marrakech. il se compose de 6 grand chambres, grand patio et Terrasse Prix: 3 300 000 DH",https://www.mubawab-media.com/ad/8/221/499F/h/WhatsApp%20Image%202025-08-27%20at%2012.20.57%20%281%29_81085226.avif,6,2026-09-30
8292110,Riad à Vendre – Médina de Marrakech VE25411,https://www.mubawab.ma/fr/a/8292110/riad-%C3%A0-vendre-%E2%80%93-m%C3%A9dina-de-marrakech-ve25411,Vente,Riad,Marrakech,Médina,3 400 000 DH,3400000,123m²,123,6 Pièces,4 Chambres,3 Salles de bains,"Terrasse, Salon Marocain","Prestige Gallery Immo, votre agence immobilière à Marrakech, a le plaisir de vous proposer à la vente ce charmant riad situé dans le quartier prisé de Bab Doukkala, Côté Riad El bacha au cœur de la médina de Marrakech. Idéalement situé, ce riad bénéficie d’un emplacement recherché, facilement accessible et à proximité immédiate des souks, des monuments historiques et des principales commodités. Description du riad : Ce riad traditionnel...",https://www.mubawab-media.com/ad/8/292/110F/h/hotel%20a%20vendre%20%281%29_82205913.avif,9,2026-09-30
8383328,"Riad 134 m² au sol Mouassine, fort potentiel",https://www.mubawab.ma/fr/a/8383328/riad-134-m%C2%B2-au-sol-mouassine-fort-potentiel,Vente,Riad,Marrakech,Médina,3 400 000 DH,3400000,134m²,134,7 Pièces,7 Chambres,2 Salles de bains,Terrasse,"À vendre – Riad en réquisition à Mouassine, l’un des quartiers les plus recherchés de la médina de Marrakech, à proximité immédiate de la place Jemaa el-Fna et des principaux points d’intérêt touristiques. Ce riad de 134 m² au sol offre un fort potentiel pour un projet de maison d’hôtes, de coliving ou de résidence locative, dans une zone à très forte demande touristique. Au rez-de-chaussée : 3 grandes chambres avec salles de bain et une cuisin...",https://www.mubawab-media.com/ad/8/383/328F/h/IMG_0470_82869399.avif,6,2026-09-30
8419535,Trouvez votre riad à acheter à Kbour Chou. 2 grandes pièces...,https://www.mubawab.ma/fr/a/8419535/trouvez-votre-riad-%C3%A0-acheter-%C3%A0-kbour-chou-2-grandes-pi%C3%A8ces-salon-traditionnel-et-porte-blind%C3%A9e,Vente,Riad,Marrakech,Médina,3 400 000 DH,3400000,140m²,140,2 Pièces,7 Chambres,2 Salles de bains,"Garage, Salon Marocain, Porte blindée, Cuisine équipée, Réfrigérateur, Four, Machine à laver, Micro-ondes","Ce riad magnifiquement préservé, âgé de 50 à 70 ans, se situe au cœur de l'ancienne médina de Marrakech, dans le quartier emblématique de Kbour Chou. Il s'agit d'une propriété exceptionnelle qui conserve le charme et l'élégance du patrimoine architectural marocain tout en offrant les commodités modernes. Le bâtiment, réparti sur une surface de 140 m², inclut sept pièces bien distribuées, optimisant ainsi chaque espace pour le confort et le style...",https://www.mubawab-media.com/ad/8/419/535F/h/b8805bbd-efff-4697-a956-f521ba7338a6_83263847.avif,3,2026-09-30
8362737,Magnifique Appartement à vendre à Riad Garden,https://www.mubawab.ma/fr/a/8362737/magnifique-appartement-%C3%A0-vendre-%C3%A0-riad-garden,Vente,Riad,Marrakech,Autre / Centre,3 400 000 DH,3400000,140m²,140,4 Pièces,3 Chambres,2 Salles de bains,"Jardin, Terrasse, Garage, Ascenseur, Piscine, Concierge, Climatisation, Double vitrage, Cuisine équipée","Situé dans la prestigieuse résidence Riad Garden, découvrez ce superbe appartement de 140 m² au 1er étage, offrant un cadre de vie exceptionnel, lumineux et confortable. L'appartement se compose de : Hall d'entrée Grand salon-séjour avec coin salle à manger Cuisine entièrement équipée 3 chambres à coucher, dont une suite parentale 2 salles de bains WC invités 2 grands placards de rangement hors chambres Terrasse couverte attenante à la cuisine Gr...",https://www.mubawab-media.com/ad/8/362/737F/h/WhatsApp%20Image%202026-08-31%20at%2020.16.26%20%286%29_83132523.avif,20,2026-09-30
8402408,Riad A vendre Malkiya Je suis le propriétaire,https://www.mubawab.ma/fr/a/8402408/riad-a-vendre-malkiya-je-suis-le-propri%C3%A9taire,Vente,Riad,Marrakech,Autre / Centre,3 400 000 DH,3400000,161m²,161,7 Pièces,6 Chambres,7 Salles de bains,Terrasse,Riad A vendre Malkiya Superficie 160 m² Bâti R1 40% Construit en Terrasse...permis de construire reste valide et renouvelable Plus info Contact Moi je suis propriétaire 0670993673,https://www.mubawab-media.com/ad/8/402/408F/h/IMG-20250921-WA0024_83076934.avif,9,2026-09-30
8315187,Riad à vendre à Michouar. 6 chambres. Salon avec décoration...,https://www.mubawab.ma/fr/a/8315187/riad-%C3%A0-vendre-%C3%A0-michouar-6-chambres-salon-avec-d%C3%A9coration-marocaine,Vente,Riad,Marrakech,Médina,3 400 000 DH,3400000,138m²,138,7 Pièces,6 Chambres,2 Salles de bains,"Terrasse, Entre-seul, Salon Marocain","Magnifique riad ( milkya ) a Berrima ( Medina ) en vente. Prix 3 400 000 DH. 6 chambres, 2 salles de bains, surface 138 m². 7 pièces lumineuses. Moins de 50 ans. À rénover. Revêtement: Carrelage. Confort et tradition avec salon marocain. Ce riad est en vente à BERRIMA , Marrakech. Grande terrasse",https://www.mubawab-media.com/ad/8/315/187F/h/photo_00_82091930.avif,3,2026-09-30
8290541,Riad à 10mnts de place jama3a el fna en vente,https://www.mubawab.ma/fr/a/8290541/riad-%C3%A0-10mnts-de-place-jama3a-el-fna-en-vente,Vente,Riad,Marrakech,Autre / Centre,3 400 000 DH,3400000,170m²,170,3 Pièces,6 Chambres,3 Salles de bains,Terrasse,"Magnifique riad en vente. Prix 3 400 000 DH.situé pas loin du quartier bensaleh ,avec 2 accès de la voiture ,une vue dégagée avec une belle terrasse. Il est melkia ,papiers administratif reste demande de réquisition ,tous les héritiers sont d'accord pr la vente. Venez découvrir ce riad à vendre à Marrakech",https://www.mubawab-media.com/ad/8/290/541F/h/photo_0_81828011.avif,11,2026-09-30
8279997,Opportunité unique: Riad à rénover en maison d'hôtes à la Ka...,https://www.mubawab.ma/fr/a/8279997/opportunit%C3%A9-unique-riad-%C3%A0-r%C3%A9nover-en-maison-d-h%C3%B4tes-%C3%A0-la-kasbah,Vente,Riad,Marrakech,Kasbah,3 400 000 DH,3400000,136m²,136,10 Pièces,9 Chambres,2 Salles de bains,"Terrasse, Garage, Vue sur les montagnes, Chambre rangement, Entre-seul, Salon Marocain, Salon européen, Antenne parabolique, Climatisation, Chauffage central, Porte blindée, Cuisine équipée, Réfrigérateur, Four, Machine à laver, Micro-ondes","Le Riad est situé dans le quartier touristique de la Kasbah, bien surveillé par les autorités, à seulement 5 minutes de la place Jamaa el Fna. Il propose un lieu idéal pour une transformation en maison d'hôtes. Le Riad à rénover comprend une superficie au sol de 136 mètres carrés. Au rez-de-chaussée, vous trouverez un hall spacieux, 3 grandes chambres, une cuisine équipée et une salle de bain. À l'étage, il y a quatre grandes chambres et une sall...",https://www.mubawab-media.com/ad/8/279/997F/h/photo_0_81716436.avif,17,2026-09-30
8241596,Trouvez votre riad à acheter à Ksibat Nhas. 10 grandes pièce...,https://www.mubawab.ma/fr/a/8241596/trouvez-votre-riad-%C3%A0-acheter-%C3%A0-ksibat-nhas-10-grandes-pi%C3%A8ces,Vente,Riad,Marrakech,Autre / Centre,3 400 000 DH,3400000,136m²,136,10 Pièces,10 Chambres,3 Salles de bains,,"Achetez le riad de vos rêves. Prix 3 400 000 DH. 10 pièces, 3 salles de bains privatives, 136 m². 10 chambres à coucher. Moins de 10 ans. À rénover. Type de sol: Carrelage. Venez découvrir ce riad à vendre à Ksibat Nhas, Marrakech",https://www.mubawab-media.com/ad/8/241/596F/h/photo_0_81298255.avif,10,2026-09-30
8301992,Perles rares chez Bab Taghzout,https://www.mubawab.ma/fr/a/8301992/perles-rares-chez-bab-taghzout,Vente,Riad,Marrakech,Médina,3 450 000 DH,3450000,92m²,92,3 Pièces,4 Chambres,4 Salles de bains,"Terrasse, Garage, Vue sur les montagnes, Salon Marocain","Plongez au cœur de la Médina de Marrakech avec ce Riad titré, offrant une combinaison extrêmement rare entre potentiel de développement et accessibilité absolue. Bénéficiant d'une structure saine et très solide ainsi que d'une surface au sol de 92 m², prête à accueillir un projet architectural sur mesure de haut standing. Les Atouts Majeurs de la Propriété : Emplacement & Accessibilité Inédits : Idéalement situé dans le quartier authentiqu...",https://www.mubawab-media.com/ad/8/301/992F/h/2_82350922.avif,25,2026-09-30
8302485,"Riad Melkia authentique dans la Médina, Marrakech",https://www.mubawab.ma/fr/a/8302485/riad-melkia-authentique-dans-la-m%C3%A9dina-marrakech,Vente,Riad,Marrakech,Médina,3 450 000 DH,3450000,108m²,108,4 Pièces,2 Chambres,2 Salles de bains,"Garage, Cuisine équipée","Situé au cœur de la médina de Marrakech, dans un quartier calme et facilement accessible, ce riad Melkia séduit par son authenticité, son charme traditionnel et son fort potentiel d’investissement. Caractéristiques : • Surface au sol : 108 m² • 2 chambres spacieuses • Salon traditionnel • Patio central • Cuisine équipée • Salle de bain toilettes • Accès facile dans la médina Atouts : • Riad Melkia authentique ...",https://www.mubawab-media.com/ad/8/302/485F/h/6_81958130.avif,9,2026-09-30
8412052,Vente d'un superbe riad à la Kasbah,https://www.mubawab.ma/fr/a/8412052/vente-d-un-superbe-riad-%C3%A0-la-kasbah,Vente,Riad,Marrakech,Kasbah,3 500 000 DH,3500000,55m²,55,3 Pièces,2 Chambres,2 Salles de bains,"Vue sur les montagnes, Meublé, Salon européen, Climatisation, Cuisine équipée, Réfrigérateur, Four, Machine à laver, Micro-ondes","RIAD À VENDRE – KASBAH, MARRAKECH Riad entièrement rénové, lumineux et idéalement situé dans la Kasbah, avec un vrai plus : arrivée en voiture directement devant. 135 m² habitables titrés – 55 m² au sol ️ 2 suites Hammam Jacuzzi Possibilité de bassin – pré-installation déjà faite Entièrement refait & clé en main Riad titré Idéal Airbnb en privatisation 3 500 000 DHS FA : 3 % Infos & visites en message privé",https://www.mubawab-media.com/ad/8/412/052F/h/photo_00_83179777.avif,16,2026-09-30
8418612,Joli riad à vendre,https://www.mubawab.ma/fr/a/8418612/joli-riad-%C3%A0-vendre,Vente,Riad,Marrakech,Médina,3 500 000 DH,3500000,56m²,56,4 Pièces,3 Chambres,3 Salles de bains,"Vue sur les montagnes, Meublé, Sécurité, Cuisine équipée","Très joli riad à vendre meublé, situé à dyour saboun, à proximité de la médersa ben youssef, au cœur de la médina de Marrakech. Il offre un cadre authentique et chaleureux, alliant le charme de l’architecture traditionnelle au confort d’une propriété soigneusement aménagée. Le riad se compose au rez-de-chaussée d’un patio avec bassin, d’un salon, d’une cuisine équipée et de WC visiteurs. Au premier étage, il dispose de deux chambres à coucher...",https://www.mubawab-media.com/ad/8/418/612F/h/WhatsApp_Image_2026-09-18_at_5.35.34_PM__2__83254688.avif,12,2026-09-30
8387797,Projet d’investissement exceptionnel au cœur de la Médina de...,https://www.mubawab.ma/fr/a/8387797/projet-d%E2%80%99investissement-exceptionnel-au-c%C5%93ur-de-la-m%C3%A9dina-de-marrakech-%E2%80%93-quartier-de-la-kasbah,Vente,Riad,Marrakech,Médina,3 500 000 DH,3500000,120m²,120,6 Pièces,3 Chambres,3 Salles de bains,"Terrasse, Meublé, Salon Marocain, Climatisation, Sécurité, Cuisine équipée, Machine à laver","Découvrez l'élégance authentique de ce riad enchanteur situé dans le quartier prisé de Kasba à Marrakech. S'étendant sur 120 m², ce joyau de l'architecture marocaine offre un cadre de vie traditionnel allié à des équipements modernes. À seulement quelques minutes de la célèbre médina et des souks animés, cet emplacement permet un accès facile à la culture et aux merveilles locales. Dès l'entrée, vous serez charmé par la terrasse spacieuse qui of...",https://www.mubawab-media.com/ad/8/387/797F/h/photo_00_82917936.avif,17,2026-09-30
8303282,Riad à vendre à Michouar. 6 chambres agréables. Salon tradit...,https://www.mubawab.ma/fr/a/8303282/riad-%C3%A0-vendre-%C3%A0-michouar-6-chambres-agr%C3%A9ables-salon-traditionnel,Vente,Riad,Marrakech,Autre / Centre,3 500 000 DH,3500000,160m²,160,7 Pièces,6 Chambres,6 Salles de bains,"Salon Marocain, Cheminée","Riad idéalement situé. Prix 3 500 000 DH. 6 chambres, 6 salles de bains, 160 m². 7 pièces lumineuses. Moins de 10 ans. À rénover. Revêtement: Marbre. La décoration est traditionnelle avec un beau salon marocain. Ce riad est en vente à Michouar, Marrakech. Profitez de la chaleur d'une véritable cheminée. Frais d’agence : 2,5%. H T",https://www.mubawab-media.com/ad/8/303/282F/h/photo_00_81966326.avif,12,2026-09-30
8289944,Vente Riad à ancienne médina,https://www.mubawab.ma/fr/a/8289944/vente-riad-%C3%A0-ancienne-m%C3%A9dina,Vente,Riad,Marrakech,Médina,3 500 000 DH,3500000,161m²,161,7 Pièces,6 Chambres,4 Salles de bains,"Terrasse, Salon Marocain","Je mets en vente un riad semi-fini de 160 m² au sol, idéalement situé à la Médina (Zaouïa El Abbasiya). La structure se compose comme suit : Rez-de-chaussée : Une réception d'entrée ouvrant sur un magnifique patio central de 36 m² apportant lumière et fraîcheur, un grand salon marocain, une cuisine spacieuse et deux suites avec leurs blocs sanitaires. Étage : Un espace nuit comprenant deux suites supplémentaires et deux chambres, chacune...",https://www.mubawab-media.com/ad/8/289/944F/h/9fee691ac1adbaa15351_81821562.avif,7,2026-09-30
8372464,️️️Riad à rénover – Emplacement premium dans la Médina de Ma...,https://www.mubawab.ma/fr/a/8372464/%EF%B8%8F%EF%B8%8F%EF%B8%8Friad-%C3%A0-r%C3%A9nover-%E2%80%93-emplacement-premium-dans-la-m%C3%A9dina-de-marrakech%EF%B8%8F%EF%B8%8F%EF%B8%8F,Vente,Riad,Marrakech,Médina,3 500 000 DH,3500000,200m²,200,6 Pièces,4 Chambres,2 Salles de bains,,"Riad de 132 m² à refaire, idéalement situé à quelques minutes à pied de la Mosquée Ben Youssef et de la place Jemaa El-Fna. Très belle opportunité d’investissement pour créer un riad de charme ou une maison d’hôtes dans l’un des quartiers les plus recherchés de la médina. Fort potentiel de valorisation et excellente perspective de plus-value après rénovation. Dossier et visite sur demande",https://www.mubawab-media.com/ad/8/372/464F/h/photo_0_82747656.avif,6,2026-09-30
8364572,Grand Riad à Fort Potentiel,https://www.mubawab.ma/fr/a/8364572/grand-riad-%C3%A0-fort-potentiel,Vente,Riad,Marrakech,Médina,3 500 000 DH,3500000,200m²,200,3 Pièces,3 Chambres,2 Salles de bains,"Terrasse, Salon Marocain","La Cible Immobilier vous propose à la vente ce charmant riad traditionnel d'une superficie de 129 m², idéalement agencé sur deux niveaux. Situé dans une ruelle calme et authentique de la Médina, ce bien offre de beaux volumes et une configuration idéale pour laisser libre cours à un projet de rénovation sur mesure, que ce soit pour une demeure privée ou pour un investissement locatif de charme. Les espaces intérieurs et extérieurs sont réparti...",https://www.mubawab-media.com/ad/8/364/572F/h/20260611_124415_82660671.avif,17,2026-09-30
8293352,Riad de 196 m2 fort potentiel; 10 min Jemaa El Fna,https://www.mubawab.ma/fr/a/8293352/riad-de-196-m2-fort-potentiel-10-min-jemaa-el-fna,Vente,Riad,Marrakech,Médina,3 500 000 DH,3500000,200m²,200,5 Pièces,5 Chambres,3 Salles de bains,,"Riad à fort potentiel – 196 m² – Permis de démolir accordé – À 10 min de Jemaa El Fna Opportunité rare à saisir ! Riad de 196 m² au sol, idéalement situé à environ 10 minutes de la place Jemaa El Fna, dans un quartier recherché de la médina. Le bien est à rénover entièrement, avec un permis de démolir déjà accordé et financé par la commune, ce qui représente un avantage majeur en termes de coût et de délais. Les travaux de démolition (induction...",https://www.mubawab-media.com/ad/8/293/352F/h/WhatsApp%20Image%202026-01-22%20at%2016.41.41_81857305.avif,11,2026-09-30
8088467,Riad Melkia en bon état structure,https://www.mubawab.ma/fr/a/8088467/riad-melkia-en-bon-%C3%A9tat-structure,Vente,Riad,Marrakech,Médina,3 500 000 DH,3500000,230m²,230,7 Pièces,6 Chambres,2 Salles de bains,"Terrasse, Garage, Vue sur les montagnes","Riad de 135 m² au sol, situé à Mouassine, à seulement 5 minutes à pied de la place Jamaâ el Fna, Marrakech. Ce riad traditionnel se compose de 6 chambres spacieuses, d'un grand patio offrant un espace de détente agréable et d’une terrasse ensoleillée avec vue dégagée. Il bénéficie de 2 accès, un véritable atout pour une maison d’hôtes ou un projet commercial. Parfait pour un investissement touristique dans un quartier prisé de la Médina. Prix : 3...",https://www.mubawab-media.com/ad/8/088/467F/h/WhatsApp%20Image%202025-08-27%20at%2012.20.58%20%281%29_81262492.avif,2,2026-09-30
8304076,Trés beau riad lumineux spacieux au médina,https://www.mubawab.ma/fr/a/8304076/tr%C3%A9s-beau-riad-lumineux-spacieux-au-m%C3%A9dina,Vente,Riad,Marrakech,Médina,3 500 000 DH,3500000,170m²,170,9 Pièces,7 Chambres,2 Salles de bains,"Terrasse, Vue sur les montagnes, Salon Marocain, Sécurité, Porte blindée","Je mets un très beau Riad melkiya spacieux lumineux propre, renouvellement construit en béton armé avec plan de construction., superficie au sol 134m², construit sur 3 niveaux soit 10pièces ( 7chambres, 2salons, 2cuisines, 1chambre à la terrasse et 2 toilettes plus un grand patio et grande terrasse) , bien placé au médina quartier calme sécurisé pas loin de la place jema fna. belle vue sur les montagnes . Prix vente fixe 350k. non sérieux ET sa...",https://www.mubawab-media.com/ad/8/304/076F/h/7f571dba-9a57-4935-a3be-4f58290cbcb2_81974197.avif,8,2026-09-30
8218430,Superbe riad à vendre à Mouassine. 7 grandes pièces,https://www.mubawab.ma/fr/a/8218430/superbe-riad-%C3%A0-vendre-%C3%A0-mouassine-7-grandes-pi%C3%A8ces,Vente,Riad,Marrakech,Autre / Centre,3 500 000 DH,3500000,140m²,140,7 Pièces,7 Chambres,4 Salles de bains,,"Riad d'exception à vendre. Prix 3 500 000 DH. en milkiya 7 pièces, 4 salles de bains, surface 140 m². 7 chambres à coucher. Plus de 100 ans. À rénover. Venez découvrir ce riad à vendre à Mouassine, Marrakech",https://www.mubawab-media.com/ad/8/218/430F/h/photo_00_81052964.avif,7,2026-09-30
7919591,"Riad Melkia à Sidi Amara, hammam beldi terrasse, Marrakech:...",https://www.mubawab.ma/fr/a/7919591/riad-melkia-%C3%A0-sidi-amara-hammam-beldi-terrasse-marrakech-%C3%A0-vendre,Vente,Riad,Marrakech,Médina,3 500 000 DH,3500000,180m²,180,11 Pièces,10 Chambres,2 Salles de bains,"Jardin, Terrasse, Meublé, Salon Marocain, Antenne parabolique, Cuisine équipée","L’Immobilier Sans Frontières vous propose ce riad Melkia meublé à vendre à Sidi Amara, Marrakech, au cœur de la médina. Le bien est décrit dans une ambiance beldi avec des éléments traditionnels. Ce riad se compose de : RDC: Salon - 6 chambres - cuisine - débarra - cour - toilette douche Étage: 4 chambres - kitchenette - salle de bain - terrasse Terrasse: Hammam Beldi Équipements & prestations : Convient à un projet d’habitation ou d’accueil...",https://www.mubawab-media.com/ad/7/919/591F/h/0%20image%20a%20la%20une_75556690.avif,12,2026-09-30
8306752,Riad rénové – Assouel,https://www.mubawab.ma/fr/a/8306752/riad-r%C3%A9nov%C3%A9-%E2%80%93-assouel,Vente,Riad,Marrakech,Médina,3 600 000 DH,3600000,60m²,60,4 Pièces,3 Chambres,3 Salles de bains,"Terrasse, Garage, Vue sur les montagnes, Piscine, Meublé, Salon Marocain, Climatisation, Cuisine équipée","À vendre, riad titré d’environ 60 m² au sol, entièrement rénové, situé dans le quartier recherché d’Assouel, à proximité du Musée du Parfum. Le bien se compose de : • 3 chambres avec 3 salles de bain privatives • Un salon • Une cuisine • Un toilette invités • Un patio avec petit bassin au rez-de-chaussée • Une très belle terrasse sur le toit Accès voiture devant la porte et parking à proximité, un véritable atout dans la médina. Ce riad...",https://www.mubawab-media.com/ad/8/306/752F/h/IMG_5684_82000861.avif,24,2026-09-30
8410828,Achetez un merveilleux riad à Amelkis. Superficie 134 m². Sa...,https://www.mubawab.ma/fr/a/8410828/achetez-un-merveilleux-riad-%C3%A0-amelkis-superficie-134-m%C2%B2-salon-traditionnel,Vente,Riad,Marrakech,Médina,3 600 000 DH,3600000,134m²,134,5 Pièces,5 Chambres,2 Salles de bains,"Chambre rangement, Salon Marocain","RIAD À VENDRE – MÉDINA DE MARRAKECH PROCHE DU JARDIN SECRET Emplacement privilégié au cœur de la Médina, à proximité immédiate du célèbre Jardin Secret. Superficie : 134 m² Statut : Melkia Dossier juridique complet et en règle Certificat administratif et certificat de continuité disponibles Prix : 3 600 000 DH Un bien idéal pour un projet touristique, une maison d’hôtes ou une résidence privée, grâce à son emplacement stratégique et recherché...",https://www.mubawab-media.com/ad/8/410/828F/h/photo_00_83166789.avif,12,2026-09-30
8129247,Vente Villa à route de tahanaoute,https://www.mubawab.ma/fr/a/8129247/vente-villa-%C3%A0-route-de-tahanaoute,Vente,Riad,Marrakech,Route de Tahanaout,3 600 000 DH,3600000,15500m²,15500,4 Pièces,3 Chambres,4 Salles de bains,"Terrasse, Garage, Entre-seul, Cuisine équipée","Je mets en vente un Riad authentique avec vue panoramique sur l’Atlas, situé à Tahanaout, à seulement 28 km de Marrakech, avec un accès direct par route principale goudronnée. Il se compose de trois suites spacieuses avec salles de bain privatives, d’un grand salon avec double séjour, d’une cuisine équipée, d’un WC séparé et d’un patio traditionnel orné d'une fontaine. Une vaste terrasse offre une vue imprenable sur les montagnes du Haut Atlas. ...",https://www.mubawab-media.com/ad/8/129/247F/h/c403698cea40e07eeb3f_80140004.avif,2,2026-09-30
8345648,Vente Riad Titré 8 Chambres Quartier Kasbah,https://www.mubawab.ma/fr/a/8345648/vente-riad-titr%C3%A9-8-chambres-quartier-kasbah,Vente,Riad,Marrakech,Médina,3 600 000 DH,3600000,250m²,250,10 Pièces,8 Chambres,1 Salle de bain,"Terrasse, Chambre rangement, Salon Marocain, Antenne parabolique, Cuisine équipée, Réfrigérateur","Nous vous proposons un riad titré à vendre situé dans le quartier historique de la Kasbah à la Médina, offrant un fort potentiel pour un projet de rénovation ou d’investissement. Caractéristiques du riad : • Titré • Surface au sol de 120 m² • Composé de 8 chambres • Patio central • Terrasse • Cuisine équipée • Salon marocain • Sans vis à vis • Riad sur 2 niveaux Prix de vente : 3 600 000 DH non négociable Conditions : • Frais d'agence : 2.5% d...",https://www.mubawab-media.com/ad/8/345/648F/h/7223335b-52a8-48ca-83b7-6fb0445dc8b9%20%281%29_82414699.avif,15,2026-09-30
8346763,Un Ryad authentique,https://www.mubawab.ma/fr/a/8346763/un-ryad-authentique,Vente,Riad,Marrakech,Autre / Centre,3 600 000 DH,3600000,111m²,111,6 Pièces,5 Chambres,2 Salles de bains,"Terrasse, Entre-seul, Salon Marocain","Riad titré au fort potentiel, idéalement situé dans une rue accessible au cœur de Marrakech. Ce bien authentique peut parfaitement convenir à un projet de maison d’hôte grâce à ses beaux volumes et ses plans de rénovation déjà prêts. Le riad comprend 5 grandes chambres, dont une chambre indépendante en terrasse, un magnifique patio lumineux de 59 m² avec une belle fontaine, ainsi qu’une agréable terrasse exploitable. Il dispose également de pl...",https://www.mubawab-media.com/ad/8/346/763F/h/DA124746-0F38-4CFB-9B20-F276342D153D_82905344.avif,3,2026-09-30
8391754,Riad à rénover au cœur de la médina de marrakech,https://www.mubawab.ma/fr/a/8391754/riad-%C3%A0-r%C3%A9nover-au-c%C5%93ur-de-la-m%C3%A9dina-de-marrakech,Vente,Riad,Marrakech,Médina,3 600 000 DH,3600000,240m²,240,4 Pièces,4 Chambres,3 Salles de bains,,"À VENDRE RIAD À RÉNOVER AU CŒUR DE LA MÉDINA DE MARRAKECH Situé à quelques mètres de Bab Doukkala, en plein cœur de la Médina de Marrakech, ce riad traditionnel de 240 m² au sol, élevé sur R1, représente une opportunité rare pour les investisseurs et les porteurs de projets. Entièrement à rénover, ce bien offre un fort potentiel de transformation en maison d'hôtes, boutique-hôtel, riad de charme ou résidence privée. Son architecture authen...",https://www.mubawab-media.com/ad/8/391/754F/h/WhatsApp%20Image%202026-07-28%20at%2023.53.33%20%281%29_82960550.avif,10,2026-09-30
8370956,Riad titré à vendre – Kasbah,https://www.mubawab.ma/fr/a/8370956/riad-titr%C3%A9-%C3%A0-vendre-%E2%80%93-kasbah,Vente,Riad,Marrakech,Kasbah,3 600 000 DH,3600000,121m²,121,8 Pièces,4 Chambres,3 Salles de bains,Terrasse,"Réf : 034S/026 Idéalement situé dans le quartier prisé de la Kasbah, ce magnifique riad titré de 121 m² bénéficie d’un emplacement exceptionnel, à seulement 2 minutes de la Mosquée Moulay Yazid et 10 minutes de la célèbre place Jemaa El-Fna. Le bien se compose de : - 4 salons spacieux ; - 4 chambres ; - 2 cuisines ; - 2 salles de bain ; - 1 WC indépendant - Une grande terrasse ; Une garçonnière. Le riad est en très bon état et se trouve...",https://www.mubawab-media.com/ad/8/370/956F/h/WhatsApp%20Image%202026-06-24%20at%2013.41.37%20%281%29_82731320.avif,16,2026-09-30
8125860,Top emplacement. Riad et commerce,https://www.mubawab.ma/fr/a/8125860/top-emplacement-riad-et-commerce,Vente,Riad,Marrakech,Bab Doukkala,3 600 000 DH,3600000,250m²,250,8 Pièces,5 Chambres,2 Salles de bains,"Terrasse, Vue sur les montagnes, Chambre rangement","La cible immobilier est fière de vous présenter cette maison/riad de 94 M2 au sol, sur 3 niveaux terrasse avec vue extraordinaire sur Bab doukkala ( maison arabe), avec un extraordinaire emplacement. Au rez-de-chaussée : un grand magasin avec pignon sur rue Au premier étage : 3 salons. Deuxième étage : 3 pièces SDB, et cuisine Et enfin la terrasse avec vue panoramique Idéal restaurant, showroom, ou magasin avec appartements au dessus",https://www.mubawab-media.com/ad/8/125/860F/h/1000186273_80108462.avif,10,2026-09-30
8350004,"À vendre, riad en melkia 10mn de la place jamaa fna",https://www.mubawab.ma/fr/a/8350004/%C3%A0-vendre-riad-en-melkia-10mn-de-la-place-jamaa-fna,Vente,Riad,Marrakech,Autre / Centre,3 600 000 DH,3600000,100m²,100,10 Pièces,8 Chambres,8 Salles de bains,"Garage, Meublé","À vendre, riad en melkia exploité en maison d’hôtes, idéalement situé entre Bab Aylan et Sidi Ayoub à Marrakech, à seulement 10 minutes de Jemaa el-Fnaa. Superficie de 100 m², composé de 8 chambres avec douches privatives, ainsi que deux terrasses. Parking et accès voiture juste à côté du riad. Prix : * 4 100 000 DH meublé * 3 600 000 DH non meublé Idéal pour investissement touristique ou exploitation immédiate en maison d’hôtes",https://www.mubawab-media.com/ad/8/350/004F/h/riad%20a%20vendre%20sidi%20ayoub%20agent%20hassan%20mlkiya4_82464636.avif,9,2026-09-30
8326698,"Riad à vendre – 200 m², idéalement situé près des Palais El...",https://www.mubawab.ma/fr/a/8326698/riad-%C3%A0-vendre-%E2%80%93-200-m%C2%B2-id%C3%A9alement-situ%C3%A9-pr%C3%A8s-des-palais-el-badi-et-bahia-proche-de-la-route-melkia,Vente,Riad,Marrakech,Autre / Centre,3 600 000 DH,3600000,200m²,200,2 Pièces,17 Chambres,2 Salles de bains,"Jardin, Terrasse","Exceptionnel riad de 200 m² situé au cœur de Marrakech, à deux pas des célèbres palais El Badi et Bahia, et proche de la route Melkia. Parfait pour un investissement touristique ou une résidence familiale de prestige. • Plusieurs chambres lumineuses • Cour intérieure traditionnelle • Terrasse spacieuse avec vue dégagée • Emplacement stratégique dans un quartier recherché",https://www.mubawab-media.com/ad/8/326/698F/h/photo_00_82213079.avif,3,2026-09-30
8255901,Somptueuse maison à vendre à Hay Yasmina. 4 pièces confortab...,https://www.mubawab.ma/fr/a/8255901/somptueuse-maison-%C3%A0-vendre-%C3%A0-hay-yasmina-4-pi%C3%A8ces-confortables-meubl%C3%A9,Vente,Riad,Marrakech,Route de Casablanca,3 600 000 DH,3600000,302m²,302,4 Pièces,5 Chambres,3 Salles de bains,"Jardin, Terrasse, Garage, Vue sur mer, Vue sur les montagnes, Piscine, Concierge, Chambre rangement, Meublé, Entre-seul, Salon Marocain, Salon européen, Cheminée, Climatisation, Sécurité, Double vitrage, Cuisine équipée, Réfrigérateur, Four, Machine à laver, Micro-ondes","Villa titrèe au quartier Riad ESSalam, route de Casablanca, Marrakech, superficie totale 302 mètres et surface bâtie 124 mètres. Equipée de caméras de surveillance, composée de deux garages automobiles, un jardin extérieur & un jardin intérieur avec 3 façades, un puits et 3 étages le toit. # sous-sol & terrasse * 2 salons cuisine WC et douche deux débarras # rez-de-chaussée * Un salon traditionnel et un salon moderne un WC et une fontaine # premi...",https://www.mubawab-media.com/ad/8/255/901F/h/photo_00_81446253.avif,14,2026-09-30
8237814,Trouvez votre riad à acheter à Bab Lhmar,https://www.mubawab.ma/fr/a/8237814/trouvez-votre-riad-%C3%A0-acheter-%C3%A0-bab-lhmar,Vente,Riad,Marrakech,Autre / Centre,3 600 000 DH,3600000,260m²,260,6 Pièces,5 Chambres,2 Salles de bains,,"Magnifique riad en vente. Prix 3 600 000 DH. 5 chambres, 2 salles de bains, surface 260 m². 6 pièces lumineuses. Bon état. Ce riad est en vente à Bab Lhmar, Marrakech",https://www.mubawab-media.com/ad/8/237/814F/h/photo_00_81259943.avif,16,2026-09-30
8416266,Riad avec Jacuzzi à vendre à Bab Doukkala VE26221,https://www.mubawab.ma/fr/a/8416266/riad-avec-jacuzzi-%C3%A0-vendre-%C3%A0-bab-doukkala-ve26221,Vente,Riad,Marrakech,Médina,3 650 000 DH,3650000,70m²,70,8 Pièces,3 Chambres,3 Salles de bains,"Terrasse, Climatisation","PRESTIGE GALLERY IMMO, votre agence immobilière à Marrakech, a le plaisir de vous présenter ce superbe riad TITRÉ situé dans le quartier prisé de Bab Doukkala, au cœur de la médina de Marrakech. Développé sur une emprise au sol de 70 m², ce riad de charme allie authenticité marocaine et confort moderne. Vendu vide, il constitue une excellente opportunité pour une résidence privée ou un investissement locatif de qualité. Le riad se compose de 3...",https://www.mubawab-media.com/ad/8/416/266F/h/074901_587269070864959_83227414.avif,13,2026-09-30
8223575,À VENDRE – Riad à Rénover avec Fort Potentiel,https://www.mubawab.ma/fr/a/8223575/%C3%A0-vendre-%E2%80%93-riad-%C3%A0-r%C3%A9nover-avec-fort-potentiel,Vente,Riad,Marrakech,Médina,3 650 000 DH,3650000,166m²,166,6 Pièces,4 Chambres,2 Salles de bains,"Terrasse, Piscine","Emplacement Prisé, Gros Potentiel – Idéal Maison d’Hôtes ou Projet Locatif au Cœur de la Médina À seulement cinq minutes à pied de la célèbre place Jemaa El Fna, ce riad situé dans le quartier authentique de Kennaria offre un emplacement exceptionnel au cœur de la médina. D’une superficie de 166 m² au sol, ce riad présente un très beau potentiel. Il comprend actuellement quatre chambres, mais sa configuration permet d’en aménager jusqu’à huit. Le...",https://www.mubawab-media.com/ad/8/223/575F/h/WhatsApp%20Image%202025-09-11%20%C3%A0%2011.40.06_98af1b61_81108750.avif,12,2026-09-30
8419447,Très beau riad à vendre à Zaouia Sidi Ghalem. Surface de 200...,https://www.mubawab.ma/fr/a/8419447/tr%C3%A8s-beau-riad-%C3%A0-vendre-%C3%A0-zaouia-sidi-ghalem-surface-de-200-m%C2%B2-espace-vert,Vente,Riad,Marrakech,Médina,3 680 000 DH,3680000,200m²,200,5 Pièces,4 Chambres,1 Salle de bain,Jardin,"Situé au cœur historique de Marrakech, dans le quartier authentique de Zaouia Sidi Ghalem, ce riad de charme offre une véritable immersion dans l'ambiance envoûtante de la médina. Avec une superficie de terrain de 230 m² et une surface construite de 200 m², ce riad traditionnel incarne la richesse du patrimoine architectural local. Le riad se compose de quatre pièces spacieuses, une cuisine, Demi-pallier: une chambre. Vous pourrez construire...",https://www.mubawab-media.com/ad/8/419/447F/h/252207_83262931.avif,15,2026-09-30
8391689,"Dans magnifique résidence gardée avec piscine, superbe villa...",https://www.mubawab.ma/fr/a/8391689/dans-magnifique-r%C3%A9sidence-gard%C3%A9e-avec-piscine-superbe-villa-de-style-riad-beaucoup-de-charme,Vente,Riad,Marrakech,Guéliz,3 700 000 DH,3700000,280m²,280,7 Pièces,3 Chambres,3 Salles de bains,"Jardin, Terrasse, Piscine, Concierge, Salon Marocain, Salon européen, Cheminée, Climatisation","Lb Immo Marrakech vous propose une villa offrant une triple réception avec cheminée, 3 chambres, 3 sdb, rooftop . La villa nécessite quelques travaux de rénovation. Véritable coup de cœur ! Petite résidence calme , très arborée et agréable à vivre à seulement à 15 mn du centre de Gueliz. N’hésitez pas à nous contacter pour une Visite. Honoraires : 2,5% HT du prix de vente",https://www.mubawab-media.com/ad/8/391/689F/h/photo_0_82959848.avif,18,2026-09-30
8421608,"Riad à rénover, ben salah · médina",https://www.mubawab.ma/fr/a/8421608/riad-%C3%A0-r%C3%A9nover-ben-salah-%C2%B7-m%C3%A9dina,Vente,Riad,Marrakech,Médina,3 700 000 DH,3700000,155m²,155,7 Pièces,5 Chambres,2 Salles de bains,Terrasse,"À seulement 10 minutes à pied de Jemaa el-Fna, via Derb Dabachi, ce riad de 155 m² au sol offre une belle base pour imaginer un projet sur mesure au cœur de la Médina de Marrakech. Organisé autour d’un patio, il comprend actuellement 5 chambres, ainsi qu’une petite douiria attenante au premier étage et une grande terrasse. Entièrement à rénover, le bien laisse une vraie liberté pour repenser les volumes, les circulations et les usages selon le...",https://www.mubawab-media.com/ad/8/421/608F/h/file_00000000337881f5943869e8064074bb_83289979.avif,8,2026-09-30
8336079,Superbe riad à vendre à Arset El Houta. 8 belles chambres,https://www.mubawab.ma/fr/a/8336079/superbe-riad-%C3%A0-vendre-%C3%A0-arset-el-houta-8-belles-chambres,Vente,Riad,Marrakech,Autre / Centre,3 700 000 DH,3700000,184m²,184,1 Pièce,8 Chambres,3 Salles de bains,,"À vendre très beau riad. Prix 3 700 000 DH. 8 chambres, 3 salles de bains, surface 184 m². 1 Pièces. À rénover. Venez découvrir ce riad à vendre",https://www.mubawab-media.com/ad/8/336/079F/h/photo_00_82310668.avif,6,2026-09-30
8332299,Terrain à Bâtir d’Exception,https://www.mubawab.ma/fr/a/8332299/terrain-%C3%A0-b%C3%A2tir-d%E2%80%99exception,Vente,Riad,Marrakech,Médina,3 700 000 DH,3700000,196m²,196,1 Pièce,1 Ch.,1 Salle de bain,,"Terrain à Bâtir d’Exception – Fort Potentiel d’Investissement Ce Riad Titré de 196 m² au sol, situé dans le quartier prestigieux de la Kasbah, offre une opportunité rare de construire un projet sur mesure dans le secteur le plus noble de la Médina. Actuellement à démolir, ce bien constitue une toile vierge pour une réalisation architecturale haut de gamme. LES POINTS FORTS -Emplacement : La Kasbah, un quartier magnifique, sécurisé et très reche...",https://www.mubawab-media.com/ad/8/332/299F/h/1_82272020.avif,3,2026-09-30
7497547,A vendre Riad titré de 150m2,https://www.mubawab.ma/fr/a/7497547/a-vendre-riad-titr%C3%A9-de-150m2,Vente,Riad,Marrakech,Autre / Centre,3 750 000 DH,3750000,150m²,150,6 Pièces,6 Chambres,2 Salles de bains,Terrasse,"Riad titre a vendre Localisation a côté place Sidi bal Abas 6 grand pièces 2 cuisine hall d'entrée une salle de bain Superficie 150 M2 au sol Prix 3 750 000 DH légèrement négociable Honoraires d'agence 2,5%HT",https://www.mubawab-media.com/ad/7/497/547F/h/IMG_20260212_181514_82052837.avif,9,2026-09-30
8312956,Riad à vendre quartier Kasbah VE26093,https://www.mubawab.ma/fr/a/8312956/riad-%C3%A0-vendre-quartier-kasbah-ve26093,Vente,Riad,Marrakech,Médina,3 800 000 DH,3800000,160m²,160,6 Pièces,4 Chambres,1 Salle de bain,,"Prestige Gallery Immo vous propose ce riad en réquisition idéalement situé dans le quartier historique de la Kasbah, au cœur de la médina de Marrakech. Bénéficiant d’un accès voiture facile ainsi que de possibilités de stationnement à proximité, ce bien représente une excellente opportunité d’investissement. Avec une superficie d’environ 160 m², ce riad dispose d’un fort potentiel pour une rénovation et transformation en maison d’hôtes ou en rés...",https://www.mubawab-media.com/ad/8/312/956F/h/10_82069053.avif,13,2026-09-30
8421210,Achetez votre riad à Riad Zitoun. 5 belles chambres,https://www.mubawab.ma/fr/a/8421210/achetez-votre-riad-%C3%A0-riad-zitoun-5-belles-chambres,Vente,Riad,Marrakech,Médina,3 800 000 DH,3800000,110m²,110,4 Pièces,5 Chambres,2 Salles de bains,,"Ce riad à vendre, âgé de 5 à 10 ans, est situé dans le quartier enchanteur de Riad Zitoun, au cœur de la médina de Marrakech. Avec une superficie de 110 m² et un terrain de 300 m², cette propriété orientée à l'est offre un espace généreux entouré par le charme traditionnel de Marrakech. Le riad comprend cinq chambres spacieuses et deux salles de bains, ce qui en fait un lieu de vie idéal pour une famille ou pour accueillir des invités. L'intérie...",https://www.mubawab-media.com/ad/8/421/210F/h/photo_0_83282516.avif,1,2026-09-30
8419582,Somptueux riad à vendre,https://www.mubawab.ma/fr/a/8419582/somptueux-riad-%C3%A0-vendre,Vente,Riad,Marrakech,Autre / Centre,3 800 000 DH,3800000,200m²,200,6 Pièces,5 Chambres,5 Salles de bains,"Terrasse, Meublé, Climatisation, Sécurité, Cuisine équipée","Situé au cœur de Marrakech, dans le quartier pittoresque à proximité de Derb Dabashi, ce riad à vendre incarne l'élégance et le charme traditionnels combinés avec le confort moderne. Avec une superficie généreuse de 200 m², cette propriété impressionne par sa disposition spacieuse et son état bien entretenu, parfait pour une habitation immédiate. Le riad s'étend sur plusieurs niveaux, offrant cinq chambres somptueuses, chacune avec sa propre sal...",https://www.mubawab-media.com/ad/8/419/582F/h/IMG-20260920-WA0015_83264363.avif,3,2026-09-30
8418101,Riad rénové en ***-****** chambres possibilité 3 kasbah,https://www.mubawab.ma/fr/a/8418101/riad-r%C3%A9nov%C3%A9-en-2025-2-chambres-possibilit%C3%A9-3-kasbah,Vente,Riad,Marrakech,Kasbah,3 800 000 DH,3800000,54m²,54,6 Pièces,2 Chambres,3 Salles de bains,"Terrasse, Piscine, Meublé, Antenne parabolique, Cuisine équipée, Réfrigérateur, Four, Machine à laver","Ce riad réparti sur 3 niveaux, situé à 3 minutes à pied des Tombeaux Saadiens, offre une surface habitable de 135 m² pour un terrain de 54 m² au sol, situé dans le quartier authentique de la Kasbah. Une belle opportunité pour les amateurs de riad à vendre à Marrakech en quête d'un bien moderne et fonctionnel, idéal pour une résidence principale, secondaire ou un investissement immobilier à Marrakech. Le rez-de-chaussée se compose d'un salon-sa...",https://www.mubawab-media.com/ad/8/418/101F/h/thumb_163397_property_xlarge_83247676.avif,12,2026-09-30
8409818,Somptueux riad à vendre semi fini à Riad Zitoun,https://www.mubawab.ma/fr/a/8409818/somptueux-riad-%C3%A0-vendre-semi-fini-%C3%A0-riad-zitoun,Vente,Riad,Marrakech,Médina,3 800 000 DH,3800000,110m²,110,2 Pièces,6 Chambres,2 Salles de bains,,"Ce riad enchanteur, situé au cœur du quartier historique de Riad Zitoun dans la médina de Marrakech, offre un véritable havre de paix et d'authenticité. Avec une surface de parcelle généreuse de 330 m², ce bien dispose de six chambres et deux salles de bains, parfaitement adaptées pour accueillir une grande famille ou des invités. La disposition intérieure met en valeur un espace de vie convivial avec une décoration traditionnelle. L'architectur...",https://www.mubawab-media.com/ad/8/409/818F/h/photo_00_83155736.avif,7,2026-09-30
8381163,Riad Titré Emplacement Centrale,https://www.mubawab.ma/fr/a/8381163/riad-titr%C3%A9-emplacement-centrale,Vente,Riad,Marrakech,Autre / Centre,3 800 000 DH,3800000,114m²,114,1 Pièce,5 Chambres,2 Salles de bains,Terrasse,Riad titré de 114m² au sol. Proche au Palais Badi et à la Place des Ferblantiers. Accès voiture jusqu'au derb. Construction solide. 5 chambres,https://www.mubawab-media.com/ad/8/381/163F/h/1000030547_82846044.avif,15,2026-09-30
8345164,Riad à vendre – 115 m² – bab doukkala,https://www.mubawab.ma/fr/a/8345164/riad-%C3%A0-vendre-%E2%80%93-115-m%C2%B2-%E2%80%93-bab-doukkala,Vente,Riad,Marrakech,Médina,3 800 000 DH,3800000,115m²,115,6 Pièces,4 Chambres,3 Salles de bains,"Terrasse, Piscine","Situé dans le quartier recherché de Bab Doukkala, ce riad de 115 m² bénéficie d’un accès facile, rare dans la médina de Marrakech. Le bien comprend 4 chambres et 3 salles de bain, offrant de beaux volumes adaptés à une vie confortable ou à un projet locatif. Il dispose d’un salon et d’une cuisine fonctionnelle, ouverts sur les espaces de vie. Le patio central avec piscine apporte luminosité et fraîcheur à l’ensemble du riad. Une grande terrasse (...",https://www.mubawab-media.com/ad/8/345/164F/h/IMG_9923_82409555.avif,31,2026-09-30
8355162,"Riad Bb Dkala Marrakech 4 Chambres, Piscine, Terrass",https://www.mubawab.ma/fr/a/8355162/riad-bb-dkala-marrakech-4-chambres-piscine-terrass,Vente,Riad,Marrakech,Médina,3 800 000 DH,3800000,123m²,123,1 Pièce,4 Chambres,4 Salles de bains,"Terrasse, Piscine, Meublé, Chauffage central, Sécurité, Cuisine équipée","Magnifique riad à vendre au cœur de la Médina de Marrakech, dans le quartier très recherché de Bab Doukkala, à proximité des commerces, restaurants et principaux points d’intérêt de la ville. Ce bien représente une excellente opportunité pour une résidence principale, une maison d’hôtes ou un investissement locatif touristique à fort potentiel. Le riad se compose de : • 4 grandes chambres avec salles de bain privatives • Cuisine principal...",https://www.mubawab-media.com/ad/8/355/162F/h/ChatGPT%20Image%20May%2024%2C%202026%2C%2003_41_34%20PM_82519425.avif,15,2026-09-30
8340758,Bab doukkala db sidi masaud,https://www.mubawab.ma/fr/a/8340758/bab-doukkala-db-sidi-masaud,Vente,Riad,Marrakech,Bab Doukkala,3 800 000 DH,3800000,154m²,154,6 Pièces,6 Chambres,2 Salles de bains,,"Faites une belle affaire avec ce splendide riad à vendre. Prix 260 000 DH. 4pièces, 2 salles de bains privatives, 93 m². 4 chambres à coucher. Moins de 20 ans. À rénover. Venez découvrir ce riad à vendre à bab doukkala db sidi masoud, Marrakech",https://www.mubawab-media.com/ad/8/340/758F/h/photo_00_83088406.avif,12,2026-09-30
8336984,Avendre Riad titré à rénové,https://www.mubawab.ma/fr/a/8336984/avendre-riad-titr%C3%A9-%C3%A0-r%C3%A9nov%C3%A9,Vente,Riad,Marrakech,Autre / Centre,3 800 000 DH,3800000,196m²,196,2 Pièces,7 Chambres,2 Salles de bains,"Terrasse, Vue sur mer, Chambre rangement, Salon Marocain, Antenne parabolique, Cuisine équipée","10 min de jamaa lefna exactement à Bab Ghmat – emplacement idéal 196 m² ️ 7 chambres ️ Cuisine 2 SDB Salle de rangement Le prix c’est 3,8 Mdhs négociable 2,5 frais d’agence Contactez nous pour plus d’informations :",https://www.mubawab-media.com/ad/8/336/984F/h/photo_00_82320848.avif,33,2026-09-30
8272194,Riad à Bab doukkala,https://www.mubawab.ma/fr/a/8272194/riad-%C3%A0-bab-doukkala,Vente,Riad,Marrakech,Médina,3 800 000 DH,3800000,220m²,220,4 Pièces,3 Chambres,3 Salles de bains,Terrasse,"Riad situé à Bab Doukala , au cœur de la médina de Marrakech. Surface au sol 110 m². Composition : • Rez-de-chaussée : cuisine, salon, buanderie, salle de bain • 1er étage : 3 chambres avec salles de bain privatives • 2e étage : grande terrasse ensoleillée Prix de vente : 3.800.000 Dh",https://www.mubawab-media.com/ad/8/272/194F/h/photo_00_81631795.avif,15,2026-09-30
8290540,Riad melkia à vendre proche place jama3a el fna,https://www.mubawab.ma/fr/a/8290540/riad-melkia-%C3%A0-vendre-proche-place-jama3a-el-fna,Vente,Riad,Marrakech,Médina,3 800 000 DH,3800000,180m²,180,7 Pièces,6 Chambres,3 Salles de bains,,"Ne laissez pas passer ce riad à vendre dont le Prix est 3 800 000 DH. Il est bien situé, melkia . Ce riad est en vente à Marrakech médina, pour plus de détails",https://www.mubawab-media.com/ad/8/290/540F/h/photo_0_81828005.avif,8,2026-09-30
8273950,Magnifique Riad emplacement idéal,https://www.mubawab.ma/fr/a/8273950/magnifique-riad-emplacement-id%C3%A9al,Vente,Riad,Marrakech,Autre / Centre,3 800 000 DH,3800000,270m²,270,8 Pièces,4 Chambres,4 Salles de bains,"Terrasse, Garage, Vue sur les montagnes, Chambre rangement, Meublé, Salon Marocain, Climatisation, Sécurité, Double vitrage, Cuisine équipée, Réfrigérateur, Four, Machine à laver, Micro-ondes",Urgent Réelle cause Maladie . Je vends mon riad Entièrement rénové avec goût idéal pour location ou habitation principale ou secondaire 3 belles chambres avec salle de bains privatives une quatrième en terrasse au rdc une réception avec cuisine aménagée équipée ainsi qu un garage 35 m2 Au premier salon et 3chambres avec sdb plus 1 local sanitaire douche wc Roof top d exception avec une vue magnifique sur le palais de la bahia on y trouv...,https://www.mubawab-media.com/ad/8/273/950F/h/c27fd8b9-a876-46a9-8a00-ae7722a50c35_81650694.avif,15,2026-09-30
8250264,Superbe riad à vendre à Bab Lhmar. 2 pièces confortables. Gr...,https://www.mubawab.ma/fr/a/8250264/superbe-riad-%C3%A0-vendre-%C3%A0-bab-lhmar-2-pi%C3%A8ces-confortables-grande-terrasse,Vente,Riad,Marrakech,Autre / Centre,3 800 000 DH,3800000,160m²,160,2 Pièces,6 Chambres,1 Salle de bain,Terrasse,"Ne laissez pas passer ce riad à vendre. Prix 3 800 000 DH. 6 chambres, 1 salle de bains, 160 m². 2 pièces. Moins de 20 ans. Type de sol: Carrelage. Grand balcon. Ce riad est en vente à Bab Lhmar, Marrakech",https://www.mubawab-media.com/ad/8/250/264F/h/photo_0_81388531.avif,13,2026-09-30
8108534,"Raid 190 m2, trois façades emplacement top",https://www.mubawab.ma/fr/a/8108534/raid-190-m2-trois-fa%C3%A7ades-emplacement-top,Vente,Riad,Marrakech,Kasbah,3 800 000 DH,3800000,400m²,400,12 Pièces,8 Chambres,3 Salles de bains,"Terrasse, Vue sur les montagnes, Piscine, Salon Marocain, Salon européen, Porte blindée","Une opportunité rare s’offre à vous : une maison de caractère, parfaitement située dans le quartier sécurisé et recherché de la Kasbah, au calme, tout en étant proche des sites emblématiques de Marrakech. Ses atouts : Plus de 10 chambres spacieuses Un grand patio offrant de multiples possibilités d’aménagement Un emplacement exceptionnel, idéal pour un projet de standing (Riad de luxe, maison d’hôtes, spa…). Avec une estimation de travaux de...",https://www.mubawab-media.com/ad/8/108/534F/h/IMG_0281_79929205.avif,7,2026-09-30
8348210,Riad 3 chambres à Mouassine,https://www.mubawab.ma/fr/a/8348210/riad-3-chambres-%C3%A0-mouassine,Vente,Riad,Marrakech,Médina,3 900 000 DH,3900000,110m²,110,4 Pièces,3 Chambres,3 Salles de bains,"Terrasse, Vue sur les montagnes, Piscine, Chambre rangement","Notre agence immobilière INSIDE MEDINA à Marrakech vous propose en exclusivité ce charmant Riad entièrement rénové (de la structure aux finitions qui sont en cours), dans le quartier ultra-prisé de Mouassine, à moins de 5 mn de la place Jemaa El Fna et de tous les lieux touristiques de la Médina de Marrakech. Localisation ultra premium !!! en plein coeur des souks jouxtant Jemaa El Fna dans un derb très calme. A 2 pas du tumulte de la Médin...",https://www.mubawab-media.com/ad/8/348/210F/h/photo_0_83240831.avif,24,2026-09-30
8336961,Charmant Riad 4 chambres — Beaux volumes,https://www.mubawab.ma/fr/a/8336961/charmant-riad-4-chambres-%E2%80%94-beaux-volumes,Vente,Riad,Marrakech,Autre / Centre,3 900 000 DH,3900000,150m²,150,8 Pièces,4 Chambres,4 Salles de bains,"Terrasse, Meublé, Climatisation","Charmant riad offrant de beaux volumes, situé dans un quartier calme et facilement accessible, à seulement 100 mètres en voiture d’un accès direct. Le bien se compose de 4 chambres spacieuses. Les pièces de vie bénéficient de beaux volumes, apportant luminosité et confort. Vous serez également séduit par sa grande terrasse ensoleillée ainsi qu’une superbe sur-terrasse, parfaites pour profiter de moments de détente ou aménager un espace...",https://www.mubawab-media.com/ad/8/336/961F/h/IMG_7796_82319881.avif,18,2026-09-30
8410362,Riad titré de 3 chb et 3 sdb jaccuzi double ter,https://www.mubawab.ma/fr/a/8410362/riad-titr%C3%A9-de-3-chb-et-3-sdb-jaccuzi-double-ter,Vente,Riad,Marrakech,Autre / Centre,3 900 000 DH,3900000,140m²,140,10 Pièces,3 Chambres,3 Salles de bains,"Terrasse, Vue sur les montagnes, Climatisation","A vendre riad titré a bab doukhala, proche acces voiture, 3 ch et 3 sdb, pre-installation climatisation, jaccuzi, mur d'eau en zellige, double terrace, buanderie, VENDU DECORE ET VIDE ideal pour un pied à terre et airbnb",https://www.mubawab-media.com/ad/8/410/362F/h/IMG_20260610_112437_83165635.avif,21,2026-09-30
8402139,"Riad neuf titré de 86 m² dans la Médina – 3 suites, piscine...",https://www.mubawab.ma/fr/a/8402139/riad-neuf-titr%C3%A9-de-86-m%C2%B2-dans-la-m%C3%A9dina-%E2%80%93-3-suites-piscine-et-cuisine-d%E2%80%99%C3%A9t%C3%A9,Vente,Riad,Marrakech,Médina,3 900 000 DH,3900000,86m²,86,4 Pièces,3 Chambres,3 Salles de bains,"Terrasse, Piscine, Chambre rangement, Entre-seul, Salon européen, Cheminée, Climatisation, Cuisine équipée","L’Immobilier Sans Frontières vous propose un riad neuf titré de 86 m² à vendre dans la Médina. Réparti entre le rez-de-chaussée, le premier étage et la terrasse, il comprend trois suites avec dressing, un salon européen avec cheminée, un séjour et une cuisine équipée. La terrasse accueille une cuisine d’été, une piscine et un local technique. Composition : RDC : Salon européen avec cheminée – Séjour – 1 suite avec dressing – Cuisine équipée – Sa...",https://www.mubawab-media.com/ad/8/402/139F/h/0%20image%20a%20la%20une%20Photo%20_83073701.avif,30,2026-09-30
8222899,Riad traditionnel à rénover au cœur de Bab dokkala,https://www.mubawab.ma/fr/a/8222899/riad-traditionnel-%C3%A0-r%C3%A9nover-au-c%C5%93ur-de-bab-dokkala,Vente,Riad,Marrakech,Médina,3 900 000 DH,3900000,147m²,147,13 Pièces,10 Chambres,2 Salles de bains,"Terrasse, Vue sur les montagnes, Chambre rangement","ce bien rare offre un fort potentiel aussi bien pour une résidence privée que pour un projet de maison d’hôtes ou de location touristique. Atouts du bien : Superficie 147 m² titrée 11 chambres spacieuses 2 salles de bain fonctionnelles Grande terrasse idéale pour profiter du soleil et de la vue sur la médina Emplacement stratégique à Bab Doukkala, proche des souks, du centre-ville et des commodités Bien titré, prêt pour transacti...",https://www.mubawab-media.com/ad/8/222/899F/h/1000091186_81101014.avif,6,2026-09-30
8282913,Riad à refaire quartier des épices Médina,https://www.mubawab.ma/fr/a/8282913/riad-%C3%A0-refaire-quartier-des-%C3%A9pices-m%C3%A9dina,Vente,Riad,Marrakech,Médina,3 900 000 DH,3900000,130m²,130,3 Pièces,3 Chambres,1 Salle de bain,"Terrasse, Cuisine équipée","Riad à refaire d'une superficie de 130 m² au sol, situé à la Médina au quartier des épices",https://www.mubawab-media.com/ad/8/282/913F/h/ad0221d7-bc35-41f5-9a48-c02fad74b611_81748190.avif,1,2026-09-30
8419646,Magnifique riad 3 chambres piscine chauffee medina,https://www.mubawab.ma/fr/a/8419646/magnifique-riad-3-chambres-piscine-chauffee-medina,Vente,Riad,Marrakech,Médina,3 990 000 DH,3990000,160m²,160,5 Pièces,3 Chambres,2 Salles de bains,"Terrasse, Vue sur les montagnes, Piscine, Meublé, Salon européen, Cheminée, Climatisation, Chauffage central, Sécurité, Cuisine équipée, Réfrigérateur, Four, Machine à laver, Micro-ondes","AFFAIRE À SAISIR EN DIRECT PROPRIÉTAIRE / DÉJÀ EXPLOITÉ EN LOCATION COURTE DURÉE / RENTABILITÉ AU TOP Vente RIAD titré composé de 3 chambres, 2 salles de bain avec toilettes, lavabo et douche à l’italienne. Situé dans le quartier Babdoukala dans la médina à Marrakech d’une superficie de : RDC : 65 m2 comprenant salon, séjour, cuisine et salle de bain WC 1 ère étage : 65 m2 composé de deux belles chambres 2 eme étage : 65 m2 composé de 1 chambr...",https://www.mubawab-media.com/ad/8/419/646F/h/c2683efa-fa42-4ed7-801c-72e7b4521758_83265049.avif,32,2026-09-21
8354990,Riad à rénover 200 m2 en vente à Marrakech,https://www.mubawab.ma/fr/a/8354990/riad-%C3%A0-r%C3%A9nover-200-m2-en-vente-%C3%A0-marrakech,Vente,Riad,Marrakech,Médina,4 000 000 DH,4000000,280m²,280,9 Pièces,6 Chambres,2 Salles de bains,Terrasse,"Ce riad est bien situé au quartier Mellah , ancienne médina de Marrakech , d une superficie de 200 m 2 au sol , se compose de 6 chambres, 2 salles de bain , cuisine , patio et terrasse. Ce riad à rénover est en mélkia",https://www.mubawab-media.com/ad/8/354/990F/h/WhatsApp%20Image%202026-05-22%20at%2012.56.29_82517645.avif,7,2026-09-30
8420820,Riad Titré à Vendre 8 Chambres à la Médina,https://www.mubawab.ma/fr/a/8420820/riad-titr%C3%A9-%C3%A0-vendre-8-chambres-%C3%A0-la-m%C3%A9dina,Vente,Riad,Marrakech,Médina,4 000 000 DH,4000000,125m²,125,9 Pièces,8 Chambres,2 Salles de bains,"Terrasse, Salon Marocain","IANA REAL ESTATE vous propose à la vente un riad titré de charme situé au cœur de l’ancienne médina de Marrakech, dans le recherché quartier de Derb Berdai. Cette propriété authentique représente une belle opportunité pour un investissement immobilier à Marrakech, notamment pour la création ou l’exploitation d’une maison d’hôtes, d’un riad touristique ou d’un projet de location saisonnière. Édifié sur plusieurs niveaux en R1 avec roof top, ce ria...",https://www.mubawab-media.com/ad/8/420/820F/h/RVV-01__17__83278019.avif,13,2026-09-30
8423371,Vente Maison à ancienne médina,https://www.mubawab.ma/fr/a/8423371/vente-maison-%C3%A0-ancienne-m%C3%A9dina,Vente,Riad,Marrakech,Médina,4 000 000 DH,4000000,92m²,92,8 Pièces,7 Chambres,5 Salles de bains,"Terrasse, Piscine, Cuisine équipée","Vente d'un Riad en Cours de Rénovation de 212 m² habitable à Médina, Marrakech. Yassine SIMOU vous présente une opportunité d'investissement exceptionnelle au cœur de la mythique Médina de Marrakech, située à seulement six minutes à pied de la fameuse place Jemaa El Fna. Ce riad d'une surface totale construite de 212 m², actuellement en cours de rénovation, allie à la perfection l'architecture marocaine traditionnelle au confort contemporain, of...",https://www.mubawab-media.com/ad/8/423/371F/h/6959a159979f79a61529_83306050.avif,2,2026-09-30
8306530,Magnifique Villa style riad a vendre,https://www.mubawab.ma/fr/a/8306530/magnifique-villa-style-riad-a-vendre,Vente,Riad,Marrakech,Autre / Centre,4 000 000 DH,4000000,200m²,200,5 Pièces,4 Chambres,4 Salles de bains,Piscine,"Les tailleurs de l’immobilier vous présentent la Villa Maelle Entre Aghmat et Sidi Abdellah Ghiat – Marrakech Villa titrée – Plans autorisés Autorisation maison d’hôtes Découvrez Villa Maelle, une magnifique propriété alliant confort, authenticité et fort potentiel d’exploitation touristique. Caractéristiques principales : • Terrain : 2 174 m² • 200 m² habitables • 4 suites spacieuses • 1 appartement indépendant extérieur • ...",https://www.mubawab-media.com/ad/8/306/530F/h/photo_0_81998900.avif,20,2026-09-30
7664906,Harmonieux mélange d'une Villa et d'un Riad,https://www.mubawab.ma/fr/a/7664906/harmonieux-m%C3%A9lange-d-une-villa-et-d-un-riad,Vente,Riad,Marrakech,Amelkis,4 000 000 DH,4000000,1100m²,1100,10 Pièces,9 Chambres,9 Salles de bains,"Jardin, Terrasse, Piscine, Sécurité","Harmonieux mélange d'une Villa et d'un Riad VANEAU MAROC vous propose à la vente une superbe propriété mariant le charme et l'authenticité des Riads Marocains et la modernité d'une Villa aux portes de la ville. située à 5 min du Royal Golf et d'Amelkis, sur un terrain de 7000m2, ce Riad exceptionnel est un petit paradis d'architecture. 1100m2 réparti sur deux niveaux comprenant 9 suites au total avec salles de bains privatives et terrasses...",https://www.mubawab-media.com/ad/7/664/906F/h/6e94e2879f1597efb5c0023488817d9a_43579578.avif,19,2026-09-30
8381475,Riad à la vente à Douar Dlam. Surface totale 100 m²,https://www.mubawab.ma/fr/a/8381475/riad-%C3%A0-la-vente-%C3%A0-douar-dlam-surface-totale-100-m%C2%B2,Vente,Riad,Marrakech,Autre / Centre,4 000 000 DH,4000000,100m²,100,1 Pièce,7 Chambres,1 Salle de bain,Salon Marocain,terrain villa Marrakech,https://www.mubawab-media.com/ad/8/381/475F/h/0baca470-a693-4156-b7d7-ba7790472f25_82849183.avif,25,2026-09-30
8362746,HACIENDA / fort POTENTIEL touristique,https://www.mubawab.ma/fr/a/8362746/hacienda-fort-potentiel-touristique,Vente,Riad,Marrakech,Autre / Centre,4 000 000 DH,4000000,300m²,300,16 Pièces,7 Chambres,4 Salles de bains,"Jardin, Terrasse, Garage, Vue sur les montagnes, Piscine, Concierge, Chambre rangement, Meublé, Salon Marocain, Salon européen, Antenne parabolique, Climatisation, Double vitrage, Cuisine équipée","VILLA DE PLAIN-PIED DANS UN ESPRIT ""FERME HACIENDA"" SITUEE A 22 KM DE MARRAKECH ROUTE DE FES ( 30 mn exact depuis la gare routière de BAB DOUKALA ). 300 M2 couverts : 3 chambres à coucher avec SDB individuelles dans villa principale ainsi que 4 Chambres (suites junior) à créer dans riad adjacent (à rénover) de 12*12ml ( 144m2 ) au sol avec patio. Terrain clôturé de 1 hectare ( 10491 m2 ) arboré principalement d'oliviers, de grenadiers et de...",https://www.mubawab-media.com/ad/8/362/746F/h/1-immobilier-marrakech-achat-vendre-villa-route-fes-7-chambres-1-hectare-piscine-maison-h%C3%B4tes%20%2816%29_82602187.avif,32,2026-09-30
8373887,Riad à rénover 196m² sol Titré,https://www.mubawab.ma/fr/a/8373887/riad-%C3%A0-r%C3%A9nover-196m%C2%B2-sol-titr%C3%A9,Vente,Riad,Marrakech,Médina,4 000 000 DH,4000000,180m²,180,10 Pièces,6 Chambres,2 Salles de bains,Terrasse,"Situé dans le sud-est de la médina, au cœur d'un quartier authentique, ce riad à rénover représente une belle opportunité pour un projet de résidence ou d'investissement. Bénéficiant d'un accès voiture jusque devant la porte, et de la proximité immédiate d'une grand parc tout récemment réaménagé et valorisé : Jardins, pavillon 19ème..., ce riad se trouve dans un quartier agréable avec à la fois un accès voiture très confortable et une v...",https://www.mubawab-media.com/ad/8/373/887F/h/IMG_8392_82762698.avif,18,2026-09-30
8360202,Riad d’exception – Opportunité rare à saisir,https://www.mubawab.ma/fr/a/8360202/riad-d%E2%80%99exception-%E2%80%93-opportunit%C3%A9-rare-%C3%A0-saisir,Vente,Riad,Marrakech,Médina,4 000 000 DH,4000000,100m²,100,2 Pièces,7 Chambres,4 Salles de bains,,"Version française (optimisée vente) Riad d’exception – Opportunité rare à saisir 7 chambres – fort taux d’occupation Revenus immédiats Emplacement premium au cœur de la médina À quelques minutes des sites touristiques majeurs : Palais Bahia Palais El Badiî Excellent taux de remplissage toute l’année, grâce à la forte demande touristique Parfait pour : Investissement locatif rentable Maison d’hôtes / Airbnb Résidence principale de prestige Riad c...",https://www.mubawab-media.com/ad/8/360/202F/h/WhatsApp%20Image%202025-11-03%20at%2016.26.11%20%282%29_82574925.avif,23,2026-09-30
8301338,"Villa à Vendre de 194.0 m² à Marrakech, Riad Essalam",https://www.mubawab.ma/fr/a/8301338/villa-%C3%A0-vendre-de-194-0-m%C2%B2-%C3%A0-marrakech-riad-essalam,Vente,Riad,Marrakech,Autre / Centre,4 000 000 DH,4000000,194m²,194,7 Pièces,4 Chambres,7 Salles de bains,,"Nouvelle annonce de Vente d'une villa à Marrakesh, dans le quartier Riad Essalam. Cette propriété spacieuse offre une surface de 194.0m² Elle offre une luminosité exceptionnelle. Prix attractif de 4000000 Dhs",https://www.mubawab-media.com/ad/8/301/338F/h/image_805873408_81946032.avif,10,2026-09-30
8303944,Affaire Rare 2026 – Riad de Charme Clé en Main,https://www.mubawab.ma/fr/a/8303944/affaire-rare-2026-%E2%80%93-riad-de-charme-cl%C3%A9-en-main,Vente,Riad,Marrakech,Autre / Centre,4 000 000 DH,4000000,160m²,160,1 Pièce,6 Chambres,6 Salles de bains,"Terrasse, Salon Marocain",Riad à vendre – Derb Chbouk – Marrakech Superficie terrain : 160 m² Bâti : R plus 1 40% construit en terrasse Description du bien : Rez-de-chaussée Réception d’entrée : 6 m² Patio central : 36 m² Grand salon marocain (à finir) Grande cuisine (à finir) 2 suites avec blocs sanitaires (sans finition) Étage 2 suites avec blocs sanitaires (sans finition. 2 chambres avec blocs sanitaires sans finition. 1 bloc sanitaire privé supplémentaire Terrasse 4...,https://www.mubawab-media.com/ad/8/303/944F/h/img4_81972825.avif,12,2026-09-30
8302534,Maison traditionnelle titrée R3 dans la Médina,https://www.mubawab.ma/fr/a/8302534/maison-traditionnelle-titr%C3%A9e-r3-dans-la-m%C3%A9dina,Vente,Riad,Marrakech,Médina,4 000 000 DH,4000000,100m²,100,9 Pièces,7 Chambres,2 Salles de bains,Salon Marocain,"Située dans un secteur historique et très touristique de la médina de Marrakech, à proximité immédiate du Palais Bahia et du Palais El Badi, et à seulement 10 minutes à pied de la place Jemaa El Fna, cette maison traditionnelle titrée bénéficie d’un emplacement stratégique au cœur des sites culturels majeurs de la ville. Ce bien rare offre un fort potentiel de transformation en riad ou maison d’hôtes, idéal pour un projet d’investissement tourist...",https://www.mubawab-media.com/ad/8/302/534F/h/3_81958672.avif,9,2026-09-30
8257117,Riad à vendre à Bab Lhmar. 2 grandes pièces,https://www.mubawab.ma/fr/a/8257117/riad-%C3%A0-vendre-%C3%A0-bab-lhmar-2-grandes-pi%C3%A8ces,Vente,Riad,Marrakech,Autre / Centre,4 000 000 DH,4000000,260m²,260,2 Pièces,9 Chambres,3 Salles de bains,,"Riad idéalement situé. Prix 4 000 000 DH. 2 pièces, 3 salles de bains privatives, 260 m². 9 chambres. Bon état. Venez découvrir ce riad à vendre à Bab Lhmar, Marrakech",https://www.mubawab-media.com/ad/8/257/117F/h/photo_00_81458122.avif,7,2026-09-30
8250684,Riad a renover,https://www.mubawab.ma/fr/a/8250684/riad-a-renover,Vente,Riad,Marrakech,Agdal,4 000 000 DH,4000000,160m²,160,8 Pièces,7 Chambres,2 Salles de bains,"Terrasse, Vue sur les montagnes, Meublé, Sécurité","Découvrez ce riad de 160 m² situé dans un emplacement recherché, avec une vue exceptionnelle sur les jardins de l’Agdal. Il se compose de : • 7 chambres • 2 salles de bains • 2 cuisines • Propriété en melkya (pleine propriété) Atout majeur : emplacement calme, vue dégagée, idéal pour un projet de maison d’hôtes ou une résidence familiale",https://www.mubawab-media.com/ad/8/250/684F/h/IMG_6289_81437122.avif,27,2026-09-30
8243679,Riad à vendre à El Moukef. Surface de 236 m²,https://www.mubawab.ma/fr/a/8243679/riad-%C3%A0-vendre-%C3%A0-el-moukef-surface-de-236-m%C2%B2,Vente,Riad,Marrakech,Autre / Centre,4 000 000 DH,4000000,236m²,236,1 Pièce,6 Chambres,3 Salles de bains,,"Ne laissez pas passer ce riad à vendre. Prix 4 000 000 DH. 6 chambres, 3 salles de bains, surface 236 m². 1 Pièces. À rénover. Ce riad est en vente à El Moukef, Marrakech",https://www.mubawab-media.com/ad/8/243/679F/h/photo_00_81319324.avif,6,2026-09-30
8113774,Riad à vendre à Sidi Youssef. Surface de 140 m². Grand balco...,https://www.mubawab.ma/fr/a/8113774/riad-%C3%A0-vendre-%C3%A0-sidi-youssef-surface-de-140-m%C2%B2-grand-balcon,Vente,Riad,Marrakech,Autre / Centre,4 000 000 DH,4000000,140m²,140,6 Pièces,5 Chambres,2 Salles de bains,Terrasse,"À vendre très beau riad. Prix 4 000 000 DH. 6 pièces, 2 salles de bains, surface 140 m². 5 chambres. Moins de 20 ans. Revêtement: Carrelage. Grand balcon. Venez découvrir ce riad à vendre à Sidi Youssef, Marrakech",https://www.mubawab-media.com/ad/8/113/774F/h/photo_0_81080753.avif,3,2026-09-30
8106908,Marrakech I Route de Ouarzazate,https://www.mubawab.ma/fr/a/8106908/marrakech-i-route-de-ouarzazate,Vente,Riad,Marrakech,Autre / Centre,4 150 000 DH,4150000,950m²,950,8 Pièces,8 Chambres,8 Salles de bains,"Jardin, Piscine, Meublé, Entre-seul, Cheminée, Climatisation, Chauffage central","Située entre les trois principaux golfs de Marrakech, cette villa offre un cadre paisible et une quiétude rare en zone urbaine. Dès l'entrée, un hall majestueux mène à un triple salon raffiné, composé d'un vaste séjour avec cheminée, d'une salle à manger élégante et d'un salon TV confortable. Ce niveau comprend également un bureau, trois spacieuses suites lumineuses avec salles de bain, ainsi qu'un toilettes invités. Inspirée des riads tradition...",https://www.mubawab-media.com/ad/8/106/908F/h/1_79913651.avif,17,2026-09-30
8312775,Top affaire vente Villa Riad à vendre – Route de Fès,https://www.mubawab.ma/fr/a/8312775/top-affaire-vente-villa-riad-%C3%A0-vendre-%E2%80%93-route-de-f%C3%A8s,Vente,Riad,Marrakech,Route de Fès,4 200 000 DH,4200000,400m²,400,5 Pièces,3 Chambres,3 Salles de bains,"Jardin, Terrasse, Piscine, Sécurité","Située sur la route de Fès, au sein d’une résidence fermée et sécurisée, cette charmante villa riad offre un cadre de vie paisible avec piscine collective et beaux espaces verts. Édifiée sur un terrain de 400 m², avec une surface habitable de 109 m² au Rdc 90m solarium 90m terrasse la villa se compose de : 3 chambres confortables 3 salles de bain Un espace de vie lumineux Un jardin privatif idéal pour profiter du calme de la résidence Parfa...",https://www.mubawab-media.com/ad/8/312/775F/h/29bdc4b5-1873-4334-ac05-622a543db709_82067076.avif,23,2026-09-30
8230485,Riad à vendre – Médina de Marrakech Bab Jdid,https://www.mubawab.ma/fr/a/8230485/riad-%C3%A0-vendre-%E2%80%93-m%C3%A9dina-de-marrakech-bab-jdid,Vente,Riad,Marrakech,Médina,4 200 000 DH,4200000,150m²,150,6 Pièces,6 Chambres,3 Salles de bains,,"Riad à vendre – Médina de Marrakech (Bab Jdid) Charmant Riad titré, idéalement situé à seulement 6 minutes de la célèbre place Jemaa El Fna. D’une superficie de 150 m² sur deux niveaux, ce bien allie authenticité et potentiel. 6 chambres 3 salles de bain Cuisine Accès voiture jusqu’à la porte du Riad – un atout rare dans la médina Emplacement exceptionnel, à proximité des monuments, restaurants et souks de la vieille ville. Le Riad néc...",https://www.mubawab-media.com/ad/8/230/485F/h/photo_0_81184712.avif,1,2026-09-30
8420846,Trouvez votre riad à acheter à Riad Zitoun,https://www.mubawab.ma/fr/a/8420846/trouvez-votre-riad-%C3%A0-acheter-%C3%A0-riad-zitoun,Vente,Riad,Marrakech,Médina,4 200 000 DH,4200000,110m²,110,3 Pièces,5 Chambres,3 Salles de bains,,"Ce riad à vendre, situé dans le célèbre quartier Riad Zitoun à Marrakech, est une propriété titré, authentique et pleine de potentiel, datant de 10 à 20 ans. Il est stratégiquement orienté 2 minutes du Jamalfna offrant ainsi une belle luminosité naturelle. D'une surface totale de 300 m² habitable ce riad est une opportunité rare dans le quartier historique de Marrakech-Médina. Bien que non aménagée, la structure solide de l'édifice laisse entrevo...",https://www.mubawab-media.com/ad/8/420/846F/h/photo_0_83301996.avif,1,2026-09-30
8373854,️️️Riad à rénover – belle opportunité d'investissement à sid...,https://www.mubawab.ma/fr/a/8373854/%EF%B8%8F%EF%B8%8F%EF%B8%8Friad-%C3%A0-r%C3%A9nover-%E2%80%93-belle-opportunit%C3%A9-d-investissement-%C3%A0-sidi-ayoub%EF%B8%8F%EF%B8%8F%EF%B8%8F,Vente,Riad,Marrakech,Médina,4 200 000 DH,4200000,250m²,250,6 Pièces,5 Chambres,2 Salles de bains,,"️️️Découvrez ce riad à rénover situé dans le quartier recherché de Sidi Ayoub, au cœur de la médina de Marrakech. Une excellente opportunité pour les investisseurs à la recherche d'un bien à fort potentiel. - Superficie au sol : 184 m² - Statut : Réquisition (2ᵉ bornage) - Prix : 4 200 000 DH (négociable) Grâce à sa généreuse superficie et à son emplacement privilégié, ce riad est idéal pour la réalisation d'une élégante maison d'hôtes, d'un ri...",https://www.mubawab-media.com/ad/8/373/854F/h/photo_00_82762483.avif,3,2026-09-30
8365153,"Riad titré entièrement rénové – Bab Aghmat, Médina de Marrak...",https://www.mubawab.ma/fr/a/8365153/riad-titr%C3%A9-enti%C3%A8rement-r%C3%A9nov%C3%A9-%E2%80%93-bab-aghmat-m%C3%A9dina-de-marrakech,Vente,Riad,Marrakech,Médina,4 200 000 DH,4200000,104m²,104,6 Pièces,4 Chambres,4 Salles de bains,"Terrasse, Meublé, Cuisine équipée","Situé dans le quartier calme et authentique de Bab Aghmat, au cœur de la médina de Marrakech, ce riad titré de 104 m² au sol a été entièrement rénové avec des matériaux de qualité. Il offre une alliance parfaite entre charme traditionnel marocain et confort moderne, idéal aussi bien pour une résidence secondaire de prestige que pour un projet d'investissement locatif touristique. Composition du bien Le riad se compose d'un grand salon lumineux ou...",https://www.mubawab-media.com/ad/8/365/153F/h/photo_0_82666516.avif,16,2026-09-30
8363109,"Riad titré 151 m², 8 chambres, terrasse vue Médina",https://www.mubawab.ma/fr/a/8363109/riad-titr%C3%A9-151-m%C2%B2-8-chambres-terrasse-vue-m%C3%A9dina,Vente,Riad,Marrakech,Médina,4 200 000 DH,4200000,151m²,151,8 Pièces,8 Chambres,2 Salles de bains,"Terrasse, Entre-seul","Riad titré à vendre – 151 m² avec grande terrasse vue Médina À vendre, beau riad titré d’une superficie de 151 m², situé dans un environnement authentique de la Médina. Ce bien offre un fort potentiel pour un projet de maison d’hôtes, riad touristique ou résidence familiale. Le riad se compose de 8 chambres, d’une petite salle, d’un toilette, d’une salle de bain, ainsi que d’une cave d’environ 40 m², idéale pour le stockage ou un aménagemen...",https://www.mubawab-media.com/ad/8/363/109F/h/ChatGPT%20Image%2011%20juin%202026%2C%2011_06_45_82611320.avif,11,2026-09-30
8019194,Magnifique Riad Entièrement Rénovée. Vendu Meublé,https://www.mubawab.ma/fr/a/8019194/magnifique-riad-enti%C3%A8rement-r%C3%A9nov%C3%A9e-vendu-meubl%C3%A9,Vente,Riad,Marrakech,Médina,4 200 000 DH,4200000,398m²,398,7 Pièces,3 Chambres,3 Salles de bains,"Jardin, Terrasse, Vue sur les montagnes, Piscine, Meublé, Salon Marocain, Salon européen, Cheminée, Climatisation, Sécurité, Cuisine équipée, Réfrigérateur, Four, Machine à laver","Une Villa au style Riad entièrement rénovée en 2024. Situé sur la route de Fés dans une résidence Golfique, avec piscine et jardins. La Villa Riad est décorée dans un style traditionnel Marocain avec, des salles de bains entièrement refaite au Zellige Beldi, du Gabs autour des murs principaux(plâtres marocain travaillé minutieusement par des artisans) mais aussi une décoration des salons qui donnent des allures de Riads de la Medina. À l'étage...",https://www.mubawab-media.com/ad/8/019/194F/h/image00026_79056251.avif,14,2026-09-30
8281979,Superbe riad 3 ch à Bab Doukkala,https://www.mubawab.ma/fr/a/8281979/superbe-riad-3-ch-%C3%A0-bab-doukkala,Vente,Riad,Marrakech,Bab Doukkala,4 200 000 DH,4200000,60m²,60,3 Pièces,3 Chambres,3 Salles de bains,"Terrasse, Piscine, Salon européen, Climatisation, Cuisine équipée","Superbe riad de 60 m² au sol à vendre situé à Bab Doukkala, composé d'un patio avec bassin, espace salon, une cuisine équipée, trois chambres à coucher avec salles de douche privatives et toilettes, une belle terrasse aménagée sur le toit",https://www.mubawab-media.com/ad/8/281/979F/h/ec71b9f2-f2d1-4fc8-90f1-f46e3109aee1_81741317.avif,12,2026-09-30
8251030,Marrakech – Terrain autorisé pour Riad / Maison d’hôtes 8 ch...,https://www.mubawab.ma/fr/a/8251030/marrakech-%E2%80%93-terrain-autoris%C3%A9-pour-riad-maison-d%E2%80%99h%C3%B4tes-8-chambres-au-c%C5%93ur-de-la-m%C3%A9dina,Vente,Riad,Marrakech,Médina,4 250 000 DH,4250000,,,,8 Chambres,,,"Rare opportunité dans le CŒUR HISTORIQUE DE MARRAKECH : ce TERRAIN TITRÉ DE 131 M², situé dans une RUE COMMERÇANTE TRÈS PRISÉE, dispose d’un PROJET DE RIAD OU MAISON D’HÔTES DÉJÀ VALIDÉ POUR 8 CHAMBRES. À seulement 10 MINUTES À PIED DE LA CÉLÈBRE PLACE JEMAA EL-FNA, cette parcelle bénéficie d’un emplacement exceptionnel alliant FORTE FRÉQUENTATION TOURISTIQUE et PROXIMITÉ IMMÉDIATE DES MONUMENTS EMBLÉMATIQUES de la médina. Un bien idéal pour un...",https://www.mubawab-media.com/ad/8/251/030F/h/an-iconic-moroccan-minaret-towers-over-lush-garden-2025-04-05-04-28-12-utc_81395868.avif,2,2026-09-30
8337557,Riad FADILA rénové réquisition 84 m² Dabachi,https://www.mubawab.ma/fr/a/8337557/riad-fadila-r%C3%A9nov%C3%A9-r%C3%A9quisition-84-m%C2%B2-dabachi,Vente,Riad,Marrakech,Médina,4 298 190 DH,4298190,84m²,84,4 Pièces,3 Chambres,3 Salles de bains,"Terrasse, Cheminée, Climatisation","Opportunité rare au cœur de la médina À deux pas de Derb Dabachi et à seulement 10 minutes de Jemaa el-Fna, ce riad fraîchement rénové combine authenticité et rentabilité. Avec ses 3 suites spacieuses et leurs salles de bain privatives, son grand espace salon avec cheminée, sa terrasse ensoleillée prête à accueillir un bassin et son emplacement stratégique, il est parfaitement adapté pour une exploitation immédiate en Airbnb ou maison d’hôtes. Un...",https://www.mubawab-media.com/ad/8/337/557F/h/thumb_63232_property_xlarge_82328947.avif,11,2026-09-30
8345324,Villa 300m Meublé A Route de Casa,https://www.mubawab.ma/fr/a/8345324/villa-300m-meubl%C3%A9-a-route-de-casa,Vente,Riad,Marrakech,Autre / Centre,4 300 000 DH,4300000,300m²,300,6 Pièces,4 Chambres,3 Salles de bains,"Terrasse, Piscine, Cheminée",Situation Route de Casa à côté de l hôtel Wazo Ecole Laraki 2 et clinique Riad Salam S/sol rdch etage S/sol: chalbre sdbains et reserve Rdch: sejours salons cheminee climatiseur doible echangeur sd eau cuisine Etage: suite parentale avec sdb baignoire 3 chambres et deux salke de bains Terrasse accessible Exposition sud est ouest piscine plein sud Maison tres agréable dans residence privee tres bien gere Vente meubles Le prix 430 millions,https://www.mubawab-media.com/ad/8/345/324F/h/1000416099_82411453.avif,15,2026-09-30
8334853,Top affaire vendre riad à bab atlas,https://www.mubawab.ma/fr/a/8334853/top-affaire-vendre-riad-%C3%A0-bab-atlas,Vente,Riad,Marrakech,Palmeraie,4 300 000 DH,4300000,1064m²,1064,6 Pièces,4 Chambres,4 Salles de bains,,"Découvrez ce magnifique riad à vendre à Bab Atlas, idéalement situé à proximité du prestigieux Palais Namaskar, dans l’un des secteurs les plus exclusifs de la Palmeraie de Marrakech. Édifié sur un terrain de 1 064 m², ce bien développe 350 m² habitables, offrant un cadre intime et raffiné au cœur d’un environnement paisible et verdoyant. Le riad se compose de 4 élégantes chambres, chacune avec sa propre salle de bain privative, alliant charme ma...",https://www.mubawab-media.com/ad/8/334/853F/h/amg_9632_82667150.avif,32,2026-09-30
8355571,"Villa meublée avec piscine, Route de Casablanca",https://www.mubawab.ma/fr/a/8355571/villa-meubl%C3%A9e-avec-piscine-route-de-casablanca,Vente,Riad,Marrakech,Route de Casablanca,4 300 000 DH,4300000,,,6 Pièces,5 Chambres,5 Salles de bains,"Terrasse, Piscine, Meublé, Entre-seul, Salon Marocain, Cheminée, Climatisation, Cuisine équipée","Située sur la Route de Casablanca, à proximité de l’Hôtel Wazo, de l’École Laraki 2 et de la Clinique Riad Salam, cette villa bénéficie d’un emplacement pratique et recherché au sein de la résidence privée Talmoukt, réputée pour son calme et sa bonne gestion. Profitant d’une belle exposition sud / est / ouest, la propriété offre un cadre de vie agréable avec une piscine exposée plein sud, idéale pour profiter du climat de Marrakech toute l’année...",https://www.mubawab-media.com/ad/8/355/571F/h/5_82523788.avif,9,2026-09-30
8342624,Riad titré au cœur de la médina,https://www.mubawab.ma/fr/a/8342624/riad-titr%C3%A9-au-c%C5%93ur-de-la-m%C3%A9dina,Vente,Riad,Marrakech,Médina,4 300 000 DH,4300000,134m²,134,4 Pièces,3 Chambres,2 Salles de bains,"Terrasse, Vue sur les montagnes, Piscine, Meublé, Cheminée, Climatisation, Cuisine équipée, Réfrigérateur, Four, Machine à laver","Situé dans le quartier authentique de Ben Youssef, au cœur de la médina de Marrakech, ce charmant riad titré offre un cadre de vie paisible dans un environnement traditionnel et préservé. Édifié sur une parcelle de 84 m², ce bien se distingue par son architecture et son design bien pensés. Il comprend 3 chambres et 2 salles de bains (avec la possibilité d’en créer une 3ème) assurant confort et fonctionnalité. Les espaces de vie se composent d’un...",https://www.mubawab-media.com/ad/8/342/624F/h/1_82382636.avif,16,2026-09-30
8224122,Villa Riad a vendre sur la route de fes,https://www.mubawab.ma/fr/a/8224122/villa-riad-a-vendre-sur-la-route-de-fes,Vente,Riad,Marrakech,Autre / Centre,4 350 000 DH,4350000,726m²,726,3 Pièces,2 Chambres,2 Salles de bains,"Jardin, Terrasse, Garage, Piscine","Situé sur la route de Fés, à 15 minutes de la place Jemaâ El Fna, dans une résidence Golfique, avec piscine et Park jeux pour les enfants, jardins. La Villa riad comprennent grande réception avec un patio donnant sur le jardin, 1 cuisine , wc invités À l'étage 2 suites offrent une vue sur le patio et les jardins extérieurs chacune une salle de bains privative revêtue de tadelakt possibilité d'ajouter une chambre en bas un solarium sur le toit...",https://www.mubawab-media.com/ad/8/224/122F/h/16d62aec-f4c7-47d0-b5a1-39bead4f4dd23_82668160.avif,19,2026-09-30
8371209,Riad a Vendre à Bab Doukkala,https://www.mubawab.ma/fr/a/8371209/riad-a-vendre-%C3%A0-bab-doukkala,Vente,Riad,Marrakech,Bab Doukkala,4 400 000 DH,4400000,188m²,188,6 Pièces,3 Chambres,2 Salles de bains,"Terrasse, Garage, Meublé, Salon européen, Antenne parabolique, Climatisation, Sécurité, Porte blindée, Cuisine équipée, Réfrigérateur, Four, Machine à laver, Micro-ondes","Riad à vendre – Bab Doukkala, Marrakech Charmant riad titré idéalement situé dans le quartier de Bab Doukkala, bénéficiant d’un accès facile depuis le parking. Il se compose de : 50 m² au sol 64 m² au 1er étage 66 m² au niveau de la première terrasse 8 m² sur la deuxième terrasse Le riad comprend 3 chambres, une fontaine, ainsi qu’un jacuzzi sur la terrasse, offrant un cadre agréable et authentique. représente une excellente opportunité d’investi...",https://www.mubawab-media.com/ad/8/371/209F/h/photo_00_82734199.avif,26,2026-09-30
8343496,Villa à vendre Riad Marrakech,https://www.mubawab.ma/fr/a/8343496/villa-%C3%A0-vendre-riad-marrakech,Vente,Riad,Marrakech,Autre / Centre,4 450 000 DH,4450000,300m²,300,5 Pièces,3 Chambres,4 Salles de bains,"Jardin, Ascenseur, Piscine, Climatisation","Caractéristiques : Terrain : 300 m² 3 suites avec salles de bain Grand salon salon décaissé jardin moderne Séjour cuisine ouverte Piscine 6.5 3.7 Climatisation gainable dans chaque piece Villa toute neuve VNA – accessible a tous le monde Frais d agence 2,5",https://www.mubawab-media.com/ad/8/343/496F/h/95060b2b-14c1-4daf-80ae-9feb4a872f7c_82391430.avif,6,2026-09-30
8373117,Villa de haut standing à vendre à Route Amizmiz. 3 suites. P...,https://www.mubawab.ma/fr/a/8373117/villa-de-haut-standing-%C3%A0-vendre-%C3%A0-route-amizmiz-3-suites-porte-s%C3%A9curis%C3%A9e-et-climatisation-gainable-centralis%C3%A9e,Vente,Riad,Marrakech,Route d'Amizmiz,4 450 000 DH,4450000,300m²,300,5 Pièces,3 Chambres,4 Salles de bains,"Jardin, Terrasse, Garage, Vue sur les montagnes, Piscine, Salon Marocain, Salon européen, Climatisation, Chauffage central, Sécurité, Porte blindée, Cuisine équipée, Four","Cette villa de luxe, située sur la Route Amizmiz, Riad Marrakech, est une propriété moderne qui incarne l'élégance et le confort. Avec une surface de 300 m², elle est construite sur un terrain de même taille, offrant un espace ample et fonctionnel. L'orientation sud garantit une luminosité exceptionnelle tout au long de la journée, et les vues imprenables sur les montagnes de l'atlas ajoutent une touche de tranquillité et de sérénité. La villa c...",https://www.mubawab-media.com/ad/8/373/117F/h/photo_0_82754714.avif,19,2026-09-30
8248398,Magnifique riad authentique,https://www.mubawab.ma/fr/a/8248398/magnifique-riad-authentique,Vente,Riad,Marrakech,Médina,4 450 000 DH,4450000,194m²,194,7 Pièces,6 Chambres,3 Salles de bains,,"LE COMPTOIR DE L’IMMOBILIER vous propose ce majestueux riad d’époque ayant gardé tout son charme d’antan : hauteur de plafond, colonnes, arches, plafond de bois sculpté, voûtes habillées, carreaux de ciment d’origine, plâtre sculpté… Ce bien est parfait pour des amoureux de l’architecture ancienne des riads de la médina Bien en Melkia, Magnifique potentiel pour une exploitation en maison d’hôtes",https://www.mubawab-media.com/ad/8/248/398F/h/Authentique%20-riad-magnifique-medina-maroc-vente-immo-reality-annonce-bien%20-riad-marrakech%20%20%281%29_81368304.avif,8,2026-09-30
8419632,Riad neuf bab taghzout medina 3 ch avec pisicne,https://www.mubawab.ma/fr/a/8419632/riad-neuf-bab-taghzout-medina-3-ch-avec-pisicne,Vente,Riad,Marrakech,Médina,4 490 000 DH,4490000,140m²,140,5 Pièces,3 Chambres,2 Salles de bains,"Terrasse, Vue sur les montagnes, Piscine, Meublé, Salon Marocain, Salon européen, Antenne parabolique, Cheminée, Climatisation, Chauffage central, Sécurité, Double vitrage, Cuisine équipée, Réfrigérateur, Four, Machine à laver, Micro-ondes","Magnifique affaire à ne pas manquer pour ce Riad fraichement rénové de 140 m2 habitable comprenant au RDC : salon, séjour, patio, cuisine et toilette invité belle entrée 1 er étage : deux chambres 1 salle de bain 2 eme étage : 1 chambre 1 salle de bain, une terrasse avec piscine chauffée 3 eme étage : solarium belle terrasse avec vue Full rénovation. climatisation / chauffage dans tous les espaces Belles prestations Vendu meublé et équip...",https://www.mubawab-media.com/ad/8/419/632F/h/IMG_9531_83264854.avif,15,2026-09-21
8389221,Riad de charme 168 m² à Bab Taghzout,https://www.mubawab.ma/fr/a/8389221/riad-de-charme-168-m%C2%B2-%C3%A0-bab-taghzout,Vente,Riad,Marrakech,Bab Taghzout,4 500 000 DH,4500000,168m²,168,10 Pièces,10 Chambres,4 Salles de bains,"Terrasse, Chambre rangement","Riad de charme à vendre à Sidi Benslimane / Bab Taghzout À vendre, magnifique riad situé dans le quartier recherché de Sidi Benslimane / Bab Taghzout, offrant un excellent potentiel pour une résidence de charme, une maison d’hôtes ou un investissement immobilier. D’une superficie totale de 168 m², ce bien comprend 120 m² titrés ainsi que 48 m² en douiria melkia. Il est construit sur deux niveaux en plus d’une terrasse : rez-de-chaussée et étage...",https://www.mubawab-media.com/ad/8/389/221F/h/IMG_0762_82933475.avif,12,2026-09-21
8392167,Grand Riad de 165 m² avec Grande Terrasse,https://www.mubawab.ma/fr/a/8392167/grand-riad-de-165-m%C2%B2-avec-grande-terrasse,Vente,Riad,Marrakech,Autre / Centre,4 500 000 DH,4500000,290m²,290,3 Pièces,8 Chambres,3 Salles de bains,Terrasse,"La Cible Immobilier vous propose ce vaste riad traditionnel de 165 m² au sol, idéalement situé dans le quartier prisé de Berrima, à moins de 5 minutes à pied de la Place des Ferblantiers, du Palais Bahia et à proximité de la place Jemaa El Fna. Bénéficiant de superbes volumes et d'une grande capacité d'accueil, ce bien offre un potentiel exceptionnel pour une maison d'hôtes ou une grande demeure familiale. Disposition du Bien : Rez-de-chau...",https://www.mubawab-media.com/ad/8/392/167F/h/20260618_145217_82965205.avif,30,2026-09-30
8383591,La Perle de Derb Sidi Massoud,https://www.mubawab.ma/fr/a/8383591/la-perle-de-derb-sidi-massoud,Vente,Riad,Marrakech,Médina,4 500 000 DH,4500000,79m²,79,6 Pièces,4 Chambres,4 Salles de bains,Terrasse,"Un charmant riad idéalement situé dans l'un des quartiers les plus vivants et accessibles de la Médina. Ce bien en cours de titrage (réquisition) allie parfaitement le cachet traditionnel et des aménagements modernes très recherchés, idéal pour un pied-à-terre ou un investissement locatif à fort potentiel. - Emplacement : Situé à Bab Doukkala, au Derb Sidi Massoud. Un secteur extrêmement prisé, réputé pour sa facilité d'accès, sa proximité imméd...",https://www.mubawab-media.com/ad/8/383/591F/h/1_82872238.avif,27,2026-09-30
8360993,Villa Riad de caractère Palmeraie de Marrakech,https://www.mubawab.ma/fr/a/8360993/villa-riad-de-caract%C3%A8re-palmeraie-de-marrakech,Vente,Riad,Marrakech,Palmeraie,4 500 000 DH,4500000,220m²,220,5 Pièces,3 Chambres,3 Salles de bains,"Jardin, Terrasse, Piscine, Salon européen, Cheminée, Climatisation, Cuisine équipée","ATLASIMMOBILIER vous propose cette élégante villa riad située au cœur du prestigieux circuit de la Palmeraie à Marrakech. Elle séduit par son architecture inspirée des demeures marocaines traditionnelles, son atmosphère intimiste et ses généreux espaces extérieurs. La propriété bénéficie d’un agréable jardin arboré avec piscine privée, terrasses aménagées et espaces de détente permettant de profiter pleinement du climat exceptionnel de Marrake...",https://www.mubawab-media.com/ad/8/360/993F/h/villa-riad-palmeraie-marrakech-fontaine-patio_82583484.avif,17,2026-09-30
8381861,Beau riad titré 176 m2 en vente à Marrakech,https://www.mubawab.ma/fr/a/8381861/beau-riad-titr%C3%A9-176-m2-en-vente-%C3%A0-marrakech,Vente,Riad,Marrakech,Médina,4 500 000 DH,4500000,210m²,210,8 Pièces,5 Chambres,2 Salles de bains,Terrasse,"Ce beau riad en vente est situé au quartier Riad Zitoune Jdid , ancienne médina de Marrakech , d une superficie de 176 m 2 au sol , se compose de5 chambres , salon , 2 salles de bain , cuisine , patio et terrasse . Ce beau riad de bonne structure est titré",https://www.mubawab-media.com/ad/8/381/861F/h/WhatsApp%20Image%202026-07-08%20at%2014.00.56_82853314.avif,6,2026-09-30
8250018,Villa isolée au style traditionnel à Marrakech,https://www.mubawab.ma/fr/a/8250018/villa-isol%C3%A9e-au-style-traditionnel-%C3%A0-marrakech,Vente,Riad,Marrakech,Route de Casablanca,4 500 000 DH,4500000,620m²,620,2 Pièces,4 Chambres,4 Salles de bains,"Jardin, Terrasse, Piscine, Meublé, Entre-seul, Salon Marocain, Cuisine équipée, Réfrigérateur, Four, Machine à laver","Découvrez cette superbe villa isolée au charme traditionnel marocain, située dans le quartier prisé de Riad Salam – Jamaa Benoutabit à Marrakech Sur route de Casablanca. Édifiée sur un terrain de 620 m², cette propriété allie authenticité, confort et luminosité sur trois niveaux. Elle se compose de vastes espaces de vie baignés de lumière, d’une suite ensoleillée et spacieuse, ainsi que d’un hammam beldi au sous-sol pour des moments de détente t...",https://www.mubawab-media.com/ad/8/250/018F/h/MO26_81386072.avif,29,2026-09-30
8272344,Vente d'un superbe riad à Rahba Kedima. 7 belles chambres. G...,https://www.mubawab.ma/fr/a/8272344/vente-d-un-superbe-riad-%C3%A0-rahba-kedima-7-belles-chambres-grande-terrasse,Vente,Riad,Marrakech,Autre / Centre,4 500 000 DH,4500000,169m²,169,9 Pièces,7 Chambres,2 Salles de bains,Terrasse,"Magnifique riad en vente. Prix 4 225 000 DH. 7 chambres, 2 salles de bains, surface 169 m². 9 pièces. Moins de 70 ans. Type de sol: Carrelage. Grande terrasse. Ce riad est en vente à Rahba Kedima, Marrakech",https://www.mubawab-media.com/ad/8/272/344F/h/photo_00_81633571.avif,9,2026-09-30
8411586,Riad melkia 142 m² au sol à 4 min de Jemaa El Fna,https://www.mubawab.ma/fr/a/8411586/riad-melkia-142-m%C2%B2-au-sol-%C3%A0-4-min-de-jemaa-el-fna,Vente,Riad,Marrakech,Médina,4 500 000 DH,4500000,142m²,142,5 Pièces,5 Chambres,3 Salles de bains,Terrasse,"Riad melkia à vendre – Laksour, Médina de Marrakech À vendre, authentique riad melkia idéalement situé dans le quartier très recherché de Laksour, au cœur de la médina de Marrakech, à seulement 4 minutes à pied de la place Jemaa El Fna. Édifié sur une superficie au sol de 142 m², ce bien bénéficie d’une belle configuration et d’un fort potentiel, que ce soit pour une résidence privée, un pied-à-terre de charme ou un projet d’investissement tour...",https://www.mubawab-media.com/ad/8/411/586F/h/IMG_1530_83175264.avif,10,2026-09-30
8421969,"Riad 11 Chambres à Vendre – Bab Doukkala, 177 m² au sol, For...",https://www.mubawab.ma/fr/a/8421969/riad-11-chambres-%C3%A0-vendre-%E2%80%93-bab-doukkala-177-m%C2%B2-au-sol-fort-potentiel,Vente,Riad,Marrakech,Bab Doukkala,4 500 000 DH,4500000,177m²,177,11 Pièces,11 Chambres,3 Salles de bains,Garage,"Riad à vendre – Bab Doukkala, Marrakech Emplacement recherché – Fort potentiel touristique Le Comptoir des Villas vous propose à la vente ce riad idéalement situé à Bab Doukkala, dans le quartier de Derb Nakhla, à seulement 4 minutes à pied du parking et environ 20 minutes à pied de la célèbre Place Jemaa el-Fna. Caractéristiques : * Superficie : 177 m² * 11 chambres * Riad à rénover * Accès très facile * Emplacement au cœur de la...",https://www.mubawab-media.com/ad/8/421/969F/h/photo_00_83290652.avif,11,2026-09-30
8421584,RIAD DE CHARME Riad Zitoun,https://www.mubawab.ma/fr/a/8421584/riad-de-charme-riad-zitoun,Vente,Riad,Marrakech,Médina,4 500 000 DH,4500000,84m²,84,7 Pièces,5 Chambres,5 Salles de bains,"Terrasse, Piscine, Meublé, Climatisation, Cuisine équipée","À seulement 10 minutes à pied de la place Jemaa el-Fna, au cœur d’un secteur touristique recherché de la Médina, ce riad entièrement rénové conjugue avec beaucoup d’équilibre architecture marocaine traditionnelle et confort contemporain. La rénovation a été réalisée avec une attention particulière portée aux matériaux et aux détails : zellige, bejmat, ferronneries, bois, enduits aux tonalités naturelles et éléments artisanaux composent une atmos...",https://www.mubawab-media.com/ad/8/421/584F/h/1_83286366.avif,15,2026-09-30
8221455,Riad entièrement à rénover bab doukala,https://www.mubawab.ma/fr/a/8221455/riad-enti%C3%A8rement-%C3%A0-r%C3%A9nover-bab-doukala,Vente,Riad,Marrakech,Autre / Centre,4 500 000 DH,4500000,800m²,800,3 Pièces,8 Chambres,3 Salles de bains,Garage,"Faites une belle affaire avec ce splendide riad à vendre. Prix 4 500 000 DH. Bcp de possibilités. À rénover. Accès facile Parking 3 mn … Ce riad est en vente à Bab doukala, Marrakech",https://www.mubawab-media.com/ad/8/221/455F/h/photo_00_81084792.avif,6,2026-09-30
8401986,Rad a rénover a sidi ben slimane,https://www.mubawab.ma/fr/a/8401986/rad-a-r%C3%A9nover-a-sidi-ben-slimane,Vente,Riad,Marrakech,Autre / Centre,4 500 000 DH,4500000,120m²,120,8 Pièces,7 Chambres,3 Salles de bains,Cuisine équipée,"A Rare Renovation Opportunity in the Heart of Sidi Ben Slimane Located in the sought-after historic quarter of Sidi Ben Slimane, this authentic Riad represents a unique opportunity for investors and lovers of Marrakech's architectural heritage. With its traditional layout, generous footprint, and an additional Douiria, the property offers excellent potential for creating a prestigious private residence or a charming guesthouse. - Authenticity a...",https://www.mubawab-media.com/ad/8/401/986F/h/1_83072195.avif,11,2026-09-30
8388328,Riad authentique à vendre – riad zitoun jedid,https://www.mubawab.ma/fr/a/8388328/riad-authentique-%C3%A0-vendre-%E2%80%93-riad-zitoun-jedid,Vente,Riad,Marrakech,Médina,4 500 000 DH,4500000,210m²,210,11 Pièces,7 Chambres,3 Salles de bains,"Terrasse, Vue sur les montagnes, Salon Marocain, Salon européen, Antenne parabolique, Sécurité, Cuisine équipée","Situé dans l’un des quartiers les plus prisés de la médina de Marrakech, ce magnifique riad bénéficie d’un emplacement exceptionnel à seulement 2 minutes à pied du Palais Bahia et 5 minutes de la célèbre place Jemaa El-Fna. Superficie : 210 m² Composition du bien : Rez-de-chaussée : * Patio traditionnel * 3 salons * 2 chambre/ salle de bain Étage : * 4 chambres * Salles de bain * Terrasse Situation juridique : Propriété...",https://www.mubawab-media.com/ad/8/388/328F/h/IMG-20260723-WA0034_82924299.avif,13,2026-09-30
8380701,Riad d’Envergure à Rénover,https://www.mubawab.ma/fr/a/8380701/riad-d%E2%80%99envergure-%C3%A0-r%C3%A9nover,Vente,Riad,Marrakech,Médina,4 500 000 DH,4500000,172m²,172,6 Pièces,6 Chambres,2 Salles de bains,Terrasse,"Cette propriété entièrement titrée, dotée de volumes généreux, offre une occasion rare de réaliser un projet de rénovation de grande envergure au cœur de la Médina. Avec ses caractéristiques recherchées, ce bien représente la toile blanche idéale pour concevoir une maison d'hôtes de charme ou une demeure privée d'exception. - Emplacement : Idéalement situé à Bab Doukkala, dans le Derb Sidi Hssen Ou Ali, un secteur à la fois authentique, calme et...",https://www.mubawab-media.com/ad/8/380/701F/h/1_82841123.avif,8,2026-09-30
8378556,Très Bel Riad Restaurant à vendre,https://www.mubawab.ma/fr/a/8378556/tr%C3%A8s-bel-riad-restaurant-%C3%A0-vendre,Vente,Riad,Marrakech,Médina,4 500 000 DH,4500000,176m²,176,5 Pièces,5 Chambres,3 Salles de bains,"Terrasse, Salon Marocain, Salon européen, Cheminée, Climatisation, Sécurité, Porte blindée, Cuisine équipée, Réfrigérateur, Four","Très Bel Riad-Restaurant ,Titré, à vendre au quartier chic de La Médina: Riad Zitoune Jdid, prés du palais La Bahia, Musée Dar Si Saîd, à cinq(05)minutes de marche de la Place Jemaâ El Fenna, Palais Badiî et Tombeaux Saâdiens. composé de: RDC: Patio avec Fontaine Murale, première salle à manger, cuisine équipée avec chambre froide et mont de charge, escaliers de service, salle d'eau pour clients et vestiaires pour personnel. Étage: 02 salles à m...",https://www.mubawab-media.com/ad/8/378/556F/h/IMG-20230608-WA0164_82817673.avif,6,2026-09-30
8359482,Riad Laksour à rénover 9 suites,https://www.mubawab.ma/fr/a/8359482/riad-laksour-%C3%A0-r%C3%A9nover-9-suites,Vente,Riad,Marrakech,Médina,4 500 000 DH,4500000,340m²,340,12 Pièces,9 Chambres,9 Salles de bains,,"Grand riad à rénover à Laksour – Projet clé-en-main par Mediina Mediina propose une opportunité rare d’investissement sur un grand riad situé dans le quartier recherché de Laksour, l’un des emplacements les plus centraux et les plus liquides de la médina de Marrakech. Le bien développe environ 220 m² au sol et présente un très fort potentiel de valorisation après rénovation complète. Son agencement actuel permet d’envisager la création de 9 suit...",https://www.mubawab-media.com/ad/8/359/482F/h/20250203_115926_82567359.avif,9,2026-09-30
8351589,Riad à vendre à Marrakech – Quartier Laksour,https://www.mubawab.ma/fr/a/8351589/riad-%C3%A0-vendre-%C3%A0-marrakech-%E2%80%93-quartier-laksour,Vente,Riad,Marrakech,Médina,4 500 000 DH,4500000,94m²,94,6 Pièces,6 Chambres,2 Salles de bains,,"Situé dans le quartier prisé de Laksour, au cœur de la médina de Marrakech Superficie : 94 m² Statut : Melkia Quartier touristique très recherché avec excellent potentiel de rentabilité et accès facile aux principaux sites de Marrakech",https://www.mubawab-media.com/ad/8/351/589F/h/WhatsApp%20Image%202026-05-22%20at%2019.13.41%20%281%29_82525611.avif,22,2026-09-30
8302426,"Riad de charme à Bab Doukkala, Médina de Marrakech",https://www.mubawab.ma/fr/a/8302426/riad-de-charme-%C3%A0-bab-doukkala-m%C3%A9dina-de-marrakech,Vente,Riad,Marrakech,Médina,4 500 000 DH,4500000,123m²,123,6 Pièces,4 Chambres,3 Salles de bains,"Terrasse, Piscine, Salon Marocain","Situé dans le quartier très recherché de Bab Doukkala, au cœur de la médina de Marrakech, ce charmant riad bénéficie d’un emplacement privilégié, facilement accessible et à proximité immédiate des souks, monuments historiques et commodités essentielles. Ce riad traditionnel séduit par son authenticité marocaine alliée à un confort fonctionnel, offrant un cadre de vie chaleureux et convivial, idéal aussi bien pour une résidence privée que pour un...",https://www.mubawab-media.com/ad/8/302/426F/h/7_81957450.avif,9,2026-09-30
8283309,Riad titre avec maison T3,https://www.mubawab.ma/fr/a/8283309/riad-titre-avec-maison-t3,Vente,Riad,Marrakech,Autre / Centre,4 500 000 DH,4500000,500m²,500,2 Pièces,8 Chambres,3 Salles de bains,"Jardin, Terrasse, Garage, Vue sur les montagnes, Piscine, Cheminée, Climatisation, Sécurité, Cuisine équipée",les tailleurs de l'immobilier vous proposent un investissement exceptionnel pour maison hotes riad 400m2 6 chambres 2sde maison 100m2 t3 2 ch 1 sde poss sous location 40 000 dhrs exploitation avec arrangement sur amélioration,https://www.mubawab-media.com/ad/8/283/309F/h/WhatsApp%20Image%202026-01-08%20at%2017.07.28%20%287%29_81752334.avif,14,2026-09-30
8264125,"Villa à vendre 310 m², 4 chambres Bab Ighli Marrakech",https://www.mubawab.ma/fr/a/8264125/villa-%C3%A0-vendre-310-m%C2%B2-4-chambres-bab-ighli-marrakech,Vente,Riad,Marrakech,Autre / Centre,4 500 000 DH,4500000,310m²,310,,4 Chambres,4 Salles de bains,"Jardin, Terrasse, Garage","Découvrez cette superbe villa semi-finie de 310 m², située dans le quartier recherché de Riad Al Atlas, sur le prestigieux Boulevard Mohamed VI à Marrakech, à quelques minutes seulement du centre-ville. Ce bien unique, bien que nécessitant quelques travaux de rénovation, offre un potentiel exceptionnel pour créer la maison de vos rêves. La villa est idéales pour accueillir toute votre famille, et bénéficie d'un environnement calme et agréable...",https://www.mubawab-media.com/ad/8/264/125F/h/annonce-agenz-2025-03-15T154005-207Z-20250315_125204_82639829.avif,22,2026-09-30
8258072,"Riad Titré à Vendre – Bab Doukkala, 213 m²",https://www.mubawab.ma/fr/a/8258072/riad-titr%C3%A9-%C3%A0-vendre-%E2%80%93-bab-doukkala-213-m%C2%B2,Vente,Riad,Marrakech,Médina,4 500 000 DH,4500000,213m²,213,2 Pièces,12 Chambres,3 Salles de bains,"Terrasse, Piscine, Concierge, Chambre rangement, Salon Marocain, Salon européen, Cheminée, Porte blindée, Cuisine équipée, Réfrigérateur, Four, Machine à laver, Micro-ondes","À vendre, riad titré situé dans le quartier prisé et authentique de Bab Doukkala, au cœur de la Médina de Marrakech. Superficie au sol : 213 m² Prix : 4 500 000 DH Emplacement stratégique : À quelques minutes de Jemaa El Fna, proche des parkings, commerces et accès facile pour artisans et matériaux. Idéal pour un projet de maison d’hôtes, riad de charme, ou résidence privée. ️ À prévoir : Le riad nécessite une reconstruction complèt...",https://www.mubawab-media.com/ad/8/258/072F/h/WhatsApp%20Image%202025-12-28%20at%2022.04.35_81693442.avif,3,2026-09-30
8240516,Riad à vendre à Michouar. 5 belles chambres,https://www.mubawab.ma/fr/a/8240516/riad-%C3%A0-vendre-%C3%A0-michouar-5-belles-chambres,Vente,Riad,Marrakech,Autre / Centre,4 500 000 DH,4500000,400m²,400,2 Pièces,5 Chambres,3 Salles de bains,,"Riad d'exception à vendre. Prix 4 500 000 DH. 2 pièces, 3 salles de bains privatives, 400 m². 5 chambres à coucher. Moins de 20 ans. À rénover. Ce riad est en vente à Michouar, Marrakech",https://www.mubawab-media.com/ad/8/240/516F/h/photo_0_81372830.avif,1,2026-09-30
8171879,Riad 3 chambres Dar el Bacha,https://www.mubawab.ma/fr/a/8171879/riad-3-chambres-dar-el-bacha,Vente,Riad,Marrakech,Autre / Centre,4 590 000 DH,4590000,150m²,150,5 Pièces,3 Chambres,3 Salles de bains,"Terrasse, Meublé, Climatisation, Cuisine équipée","Riad de charme, idéalement situé dans le quartier prisé de Dar el Bacha. En parfait état. Bel environnement dans ruelle propre et calme. A deux pas d'un accès voiture devant le palais Dar el Bacha. Idéal pour pied à terre familial avec rentabilité locative. Surface sol : 107m2 RDC : Entrée Cuisine équipée Patio (20m2) Salon Petit salon TV Chambre avec sdb et climatisation réversible Toilettes 1er étage : G...",https://www.mubawab-media.com/ad/8/171/879F/h/IMG_3253_81053097.avif,22,2026-09-30
8301558,"Charmant Riad Titré – Bab Aghmat, Marrakech",https://www.mubawab.ma/fr/a/8301558/charmant-riad-titr%C3%A9-%E2%80%93-bab-aghmat-marrakech,Vente,Riad,Marrakech,Médina,4 600 000 DH,4600000,100m²,100,5 Pièces,4 Chambres,5 Salles de bains,"Terrasse, Piscine, Meublé, Entre-seul, Salon européen, Climatisation, Cuisine équipée","Charmant Riad Titré à Bab Aghmat Ce riad authentique de 100 m² au sol est idéalement situé au cœur de la médina de Marrakech. La propriété allie le charme traditionnel au confort moderne dans un cadre historique et paisible. - Emplacement : Situé dans le quartier historique de Bab Aghmat, au sein de la médina. - Agencement : Quatre chambres et cinq salles de bain répartis sur un plan fonctionnel. - Caractéristiques : Vendu entièrement meublé, i...",https://www.mubawab-media.com/ad/8/301/558F/h/1_82286935.avif,29,2026-09-30
8375325,Vente d'un superbe riad à Riad Zitoun. 4 belles chambres,https://www.mubawab.ma/fr/a/8375325/vente-d-un-superbe-riad-%C3%A0-riad-zitoun-4-belles-chambres,Vente,Riad,Marrakech,Médina,4 600 000 DH,4600000,105m²,105,6 Pièces,4 Chambres,2 Salles de bains,,"Ce charmant riad en vente est situé dans le quartier historique de Marrakech-Médina, précisément dans le voisinage de Riad Zitoun. Avec une superficie de 105 m², ce riad traditionnel offre une retraite paisible au cœur de la vibrante ville de Marrakech. Bien que datant de 50 à 70 ans, il a su conserver son charme authentique tout en offrant des aménagements modernes. Le patio central, inondé de lumière naturelle grâce à son ouverture vers le cie...",https://www.mubawab-media.com/ad/8/375/325F/h/photo_00_82781550.avif,8,2026-09-30
8369670,Vente Villa à ancienne médina,https://www.mubawab.ma/fr/a/8369670/vente-villa-%C3%A0-ancienne-m%C3%A9dina,Vente,Riad,Marrakech,Médina,4 600 000 DH,4600000,64m²,64,5 Pièces,4 Chambres,2 Salles de bains,"Terrasse, Piscine, Meublé","Oulaya ELKHOUMMADI vous propose à la vente un riad neuf et titré d'une superficie au sol de 64 m², situé dans le quartier de Ben Salah. Le bien est vendu entièrement meublé et équipé, prêt pour une habitation immédiate ou pour une exploitation en maison d'hôtes. L'intérieur allie style authentique et finitions soignées. Il se compose de quatre chambres, chacune dotée de sa propre salle de bain privative. Le patio central accueille une piscine, e...",https://www.mubawab-media.com/ad/8/369/670F/h/bca0a739086817356689_82717095.avif,8,2026-09-30
8234671,Maison titré à rénover superficie 110m,https://www.mubawab.ma/fr/a/8234671/maison-titr%C3%A9-%C3%A0-r%C3%A9nover-superficie-110m,Vente,Riad,Marrakech,Autre / Centre,4 600 000 DH,4600000,110m²,110,3 Pièces,5 Chambres,2 Salles de bains,Terrasse,Maison à rénover riad ezzitoune Titré superficie 110 m Prix 4700000 dh,https://www.mubawab-media.com/ad/8/234/671F/h/photo_0_82014029.avif,1,2026-09-30
8306404,Riad à rénover Bab doukala,https://www.mubawab.ma/fr/a/8306404/riad-%C3%A0-r%C3%A9nover-bab-doukala,Vente,Riad,Marrakech,Médina,4 600 000 DH,4600000,350m²,350,11 Pièces,11 Chambres,3 Salles de bains,Terrasse,"Riad à rénover à vendre – Quartier Bab Doukkala, Médina de Marrakech Situé dans un secteur recherché et facilement accessible, ce riad offre un fort potentiel d’investissement et est actuellement en activité. • Surface au sol : 160 m² • 1er étage : 190 m² • Terrasse : 190 m² • 11 chambres • Autorisation d’exploitation type 2 • Riad en activité • Riad à rénover Prix : 4 600 000 DH Frais d’agence : 2,5 % HT Une excellente opportunité au cœur de...",https://www.mubawab-media.com/ad/8/306/404F/h/IMG_1079_81997569.avif,3,2026-09-30
8149599,Riad authentique melkya,https://www.mubawab.ma/fr/a/8149599/riad-authentique-melkya,Vente,Riad,Marrakech,Autre / Centre,4 600 000 DH,4600000,229m²,229,4 Pièces,5 Chambres,2 Salles de bains,Terrasse,Riad à vendre À démolir Surface 229 m Quartier zawya abassia,https://www.mubawab-media.com/ad/8/149/599F/h/photo_0_81697921.avif,7,2026-09-30
8243576,Trouvez votre riad à acheter à Riad Zitoun. Superficie 150 m...,https://www.mubawab.ma/fr/a/8243576/trouvez-votre-riad-%C3%A0-acheter-%C3%A0-riad-zitoun-superficie-150-m%C2%B2,Vente,Riad,Marrakech,Médina,4 600 000 DH,4600000,150m²,150,2 Pièces,6 Chambres,3 Salles de bains,,"Riad à vendre – 150 m² titré (Milkiya) – 6 chambres – à rénover Quartier Laksour – Marrakech Prix : 4 600 000 DH Situé au cœur du quartier très recherché de Laksour, ce riad à fort potentiel offre une emplacement exceptionnel dans l’une des zones les plus prisées de la médina de Marrakech. Caractéristiques : • Superficie : 150 m² titré (Milkiya) • 6 chambres • À rénover entièrement, idéal pour un aménagement sur mesure selon vos goûts et besoin...",https://www.mubawab-media.com/ad/8/243/576F/h/photo_00_81318556.avif,6,2026-09-30
8389833,Vente Villa à ancienne médina,https://www.mubawab.ma/fr/a/8389833/vente-villa-%C3%A0-ancienne-m%C3%A9dina,Vente,Riad,Marrakech,Médina,4 650 000 DH,4650000,287m²,287,,4 Chambres,2 Salles de bains,"Piscine, Cheminée, Cuisine équipée","El Yazid EL JJOUAOUI vous propose en vente un Riad d'exception en pleine exploitation, idéalement situé dans l'ancienne médina de Marrakech, à seulement 500 mètres de la célèbre place Jemaa el-Fna. Ce bien clé en main développe une superficie de 287 m² habitables sur un terrain de 85 m², offrant un parfait équilibre entre authenticité marocaine et confort moderne. Composition du Riad : Rez-de-chaussée : Une cuisine équipée avec espace dînatoir...",https://www.mubawab-media.com/ad/8/389/833F/h/3acfcd36209d4d8b9be9_82940050.avif,13,2026-09-30
8370483,Riad traditionnel au cœur de la médina 4 chambres,https://www.mubawab.ma/fr/a/8370483/riad-traditionnel-au-c%C5%93ur-de-la-m%C3%A9dina-4-chambres,Vente,Riad,Marrakech,Médina,4 750 000 DH,4750000,160m²,160,10 Pièces,4 Chambres,3 Salles de bains,"Terrasse, Chambre rangement, Meublé, Entre-seul, Climatisation, Cuisine équipée","Au cœur de la médina de Marrakech, dans un emplacement privilégié à proximité de la Place des Épices et de la Médersa Ben Youssef, aucun doute que ce riad au grand charme saura vous séduire. Accès voiture à 350m. Situé dans une charmante petite rue, dans l'un des quartiers historiques fondateurs de la Médina, entouré de beaux riads et de maisons d’hôtes de caractère, ce riad bénéficie d’un environnement des plus calmes et des plus auth...",https://www.mubawab-media.com/ad/8/370/483F/h/IMG_2084_82726099.avif,18,2026-09-30
8246523,Riad de luxe 5 chambres à vendre,https://www.mubawab.ma/fr/a/8246523/riad-de-luxe-5-chambres-%C3%A0-vendre,Vente,Riad,Marrakech,Autre / Centre,4 750 000 DH,4750000,400m²,400,2 Pièces,5 Chambres,5 Salles de bains,"Jardin, Terrasse, Vue sur les montagnes, Concierge, Chambre rangement, Meublé, Salon Marocain, Salon européen, Antenne parabolique, Cheminée, Climatisation, Chauffage central, Sécurité, Double vitrage, Porte blindée, Cuisine équipée, Réfrigérateur, Four, Machine à laver, Micro-ondes","Dans un tres bon emplacement ce Riad de luxe à vendre en association de 5 chambres, 5 salles de bain, un patio, une cuisine professionnelle, un systeme de camera de sécurité, un Rooftop. Decouvrez ce riad a marrakech dans un quartier très proche de la place jamaa el fanaa, 50% d'action",https://www.mubawab-media.com/ad/8/246/523F/h/1000130531_81350456.avif,26,2026-09-30
8369657,Joli riad nouveau en vente à Marrakech,https://www.mubawab.ma/fr/a/8369657/joli-riad-nouveau-en-vente-%C3%A0-marrakech,Vente,Riad,Marrakech,Médina,4 800 000 DH,4800000,90m²,90,7 Pièces,3 Chambres,3 Salles de bains,Terrasse,"Ce joli riad en vente est bien situé au quartier Kasbah , ancienne médina de Marrakech , d une superficie de 78 m 2 au sol , se compose de 3 belles chambres avec leur salles de bain , cuisine , salon , patio , terrasse avec jacuzzi .Ce joli riad nouveau est très bien pour un investissement",https://www.mubawab-media.com/ad/8/369/657F/h/WhatsApp%20Image%202026-06-15%20at%2016.28.48%20%281%29_82716988.avif,8,2026-09-30
8363861,Riad clé en main en activité 4/5 ch avec piscine – médina,https://www.mubawab.ma/fr/a/8363861/riad-cl%C3%A9-en-main-en-activit%C3%A9-4-5-ch-avec-piscine-%E2%80%93-m%C3%A9dina,Vente,Riad,Marrakech,Médina,4 800 000 DH,4800000,68m²,68,7 Pièces,5 Chambres,5 Salles de bains,"Terrasse, Vue sur les montagnes, Piscine, Concierge, Chambre rangement, Meublé, Salon Marocain, Salon européen, Antenne parabolique, Cheminée, Climatisation, Sécurité, Double vitrage, Porte blindée, Cuisine équipée, Réfrigérateur, Four, Machine à laver, Micro-ondes","EXCLUSIVITÉ – RIAD CLÉ EN MAIN EN ACTIVITÉ (4/5 CH) AVEC PISCINE – MÉDINA DESCRIPTION : Atlas Marrakech Immobilier vous propose à la vente ce magnifique Riad entièrement meublé et équipé, idéalement situé au cœur de la Médina de Marrakech, dans l'un des secteurs les plus prisés par les touristes internationaux. Actuellement exploité en location saisonnière à forte rentabilité (Airbnb), ce bien représente une opportunité rare d'investissement ""clé...",https://www.mubawab-media.com/ad/8/363/861F/h/photo_00_82652625.avif,13,2026-09-30
8360173,Vente Villa à ancienne médina,https://www.mubawab.ma/fr/a/8360173/vente-villa-%C3%A0-ancienne-m%C3%A9dina,Vente,Riad,Marrakech,Médina,4 800 000 DH,4800000,165m²,165,8 Pièces,8 Chambres,,,"Oulaya ELKHOUMMADI vous propose à la vente ce riad au fort potentiel de valorisation, idéalement situé dans le quartier recherché de Berrima, au cœur de la médina de Marrakech. Profitant d'un accès facile, ce bien en bon état général est parfait pour un projet de maison d'hôtes ou une résidence privée de prestige. Caractéristiques : Une superficie au sol de 165 m², comprenant un total de 8 chambres. Statut : Milkiya propre. Potentiel : Travaux...",https://www.mubawab-media.com/ad/8/360/173F/h/ecafab5a53cfefa2d2e4_82574603.avif,4,2026-09-30
8351355,Mise en vente d'un joli Riad de 214 m2,https://www.mubawab.ma/fr/a/8351355/mise-en-vente-d-un-joli-riad-de-214-m2,Vente,Riad,Marrakech,Agdal,4 800 000 DH,4800000,214m²,214,5 Pièces,3 Chambres,2 Salles de bains,"Jardin, Terrasse, Garage, Vue sur les montagnes, Piscine, Concierge, Chambre rangement, Meublé, Entre-seul, Salon Marocain, Salon européen, Antenne parabolique, Cheminée, Climatisation, Chauffage central, Sécurité, Double vitrage, Porte blindée, Cuisine équipée, Réfrigérateur, Four, Machine à laver, Micro-ondes","Magnifique riad de 214 m² situé à Agdal, l'un des quartiers résidentiels les plus prisés de Marrakech. Distribué sur deux niveaux (RDC 1er étage), ce bien d'exception conjugue l'âme traditionnelle du riad et le confort contemporain. Le rez-de-chaussée s'organise autour de deux patios offrant une vue imprenable sur la piscine de la résidence. Il accueille deux salons, une salle à manger et une cheminée, créant des espaces de vie chaleureux et ouv...",https://www.mubawab-media.com/ad/8/351/355F/h/WhatsApp%20Image%202026-05-16%20at%2022.44.18%20%285%29_82478667.avif,24,2026-09-30
8331434,Vente d'un superbe riad à Riad Zitoun. 5 pièces confortables,https://www.mubawab.ma/fr/a/8331434/vente-d-un-superbe-riad-%C3%A0-riad-zitoun-5-pi%C3%A8ces-confortables,Vente,Riad,Marrakech,Riad Zitoun,4 800 000 DH,4800000,173m²,173,5 Pièces,2 Chambres,2 Salles de bains,,"Faites une belle affaire avec ce splendide riad à vendre. Prix 4 800 000 DH. 2 chambres, 2 salles de bains, superficie 173 m². 5 pièces lumineuses. Moins de 20 ans. À rénover. Venez découvrir ce riad à vendre à Riad Zitoun, Marrakech",https://www.mubawab-media.com/ad/8/331/434F/h/photo_00_82262633.avif,6,2026-09-30
8253428,Somptueux riad titré à vendre à Rmila. Superficie 147 m²,https://www.mubawab.ma/fr/a/8253428/somptueux-riad-titr%C3%A9-%C3%A0-vendre-%C3%A0-rmila-superficie-147-m%C2%B2,Vente,Riad,Marrakech,Autre / Centre,4 800 000 DH,4800000,147m²,147,2 Pièces,10 Chambres,4 Salles de bains,,"Opportunité unique pour ce riad à vendre. Prix 4 800 000 DH. 2 pièces, 4 salles de bains, superficie 147 m². 10 chambres à coucher. Bon état. Ce riad est proposé à la vente à dar lbacha, Marrakech",https://www.mubawab-media.com/ad/8/253/428F/h/photo_00_81420340.avif,6,2026-09-30
8420319,Riad 4 chambres Kasbah – Bassin – Accès voiture,https://www.mubawab.ma/fr/a/8420319/riad-4-chambres-kasbah-%E2%80%93-bassin-%E2%80%93-acc%C3%A8s-voiture,Vente,Riad,Marrakech,Médina,4 850 000 DH,4850000,115m²,115,5 Pièces,4 Chambres,4 Salles de bains,"Terrasse, Meublé","Au cœur de la Kasbah, dans l’un des quartiers les plus recherchés et touristiques de la Médina de Marrakech, ce joli riad bénéficie d’un emplacement particulièrement pratique, à proximité immédiate des principaux sites touristiques et d’un marché quotidien de produits frais. L’un de ses principaux atouts réside dans son accès voiture directement devant la porte, un avantage rare et particulièrement appréciable dans la Médina, aussi bien...",https://www.mubawab-media.com/ad/8/420/319F/h/IMG_7687_83272385.avif,18,2026-09-30
8306894,Terrain à la vente à Mouassine. Surface totale 220 m²,https://www.mubawab.ma/fr/a/8306894/terrain-%C3%A0-la-vente-%C3%A0-mouassine-surface-totale-220-m%C2%B2,Vente,Riad,Marrakech,Médina,4 900 000 DH,4900000,220m²,220,,,,,"À vendre, sublime terrain de 220 m² au sol, idéalement situé dans l’un des secteurs les plus recherchés de la médina de Marrakech, entre Mouassine et Dar el Bacha. Implanté dans une ruelle calme, entouré exclusivement de riads d’hôtes, dans un quartier très prisé par la clientèle touristique. Surface : 220 m² au sol (Atout rare et recherché dans ce secteur) Potentiel de construction : Possibilité de construire R2 Création d’un rooftop panorami...",https://www.mubawab-media.com/ad/8/306/894F/h/photo_00_82002562.avif,6,2026-09-30
8148896,Riad avendre dons le centre de marrakech bab douka,https://www.mubawab.ma/fr/a/8148896/riad-avendre-dons-le-centre-de-marrakech-bab-douka,Vente,Riad,Marrakech,Guéliz,4 900 000 DH,4900000,381m²,381,1 Pièce,36 Chambres,13 Salles de bains,"Terrasse, Vue sur les montagnes, Chambre rangement, Antenne parabolique, Sécurité, Double vitrage, Porte blindée",magnifique Riad de 381 mettre a vendre situe a Cinque minutes de la célèbre place djemaa el fana et gueliz 26 chambre,https://www.mubawab-media.com/ad/8/148/896F/h/WhatsApp%20Image%202025-05-22%20at%2014.10.34%20%281%29_80336684.avif,1,2026-09-30
8302336,"Riad meublé 3 suites, quartier Riad Zitoun, Médina",https://www.mubawab.ma/fr/a/8302336/riad-meubl%C3%A9-3-suites-quartier-riad-zitoun-m%C3%A9dina,Vente,Riad,Marrakech,Médina,4 940 000 DH,4940000,74m²,74,4 Pièces,3 Chambres,3 Salles de bains,"Terrasse, Meublé, Salon Marocain, Cheminée, Climatisation, Chauffage central, Cuisine équipée","Situé dans le très recherché quartier de Riad Zitoun, au cœur de la médina de Marrakech et à quelques minutes de la place Jemaa El Fna, ce riad bénéficie d’un emplacement touristique privilégié, à proximité immédiate des monuments historiques, musées et restaurants. Décoré dans un élégant style Art Déco tout en conservant son architecture traditionnelle, ce riad en très bon état offre un cadre de vie authentique, confortable et immédiatement expl...",https://www.mubawab-media.com/ad/8/302/336F/h/10_81956563.avif,12,2026-09-30
8294846,Charmant Riad situé dans la médina de Marrakech,https://www.mubawab.ma/fr/a/8294846/charmant-riad-situ%C3%A9-dans-la-m%C3%A9dina-de-marrakech,Vente,Riad,Marrakech,Médina,4 950 000 DH,4950000,,,5 Pièces,4 Chambres,,"Terrasse, Garage, Piscine, Climatisation, Cuisine équipée","Charmant Riad situé dans la médina de Marrakech à environ 15 minutes à pied de la place Jaama El Fna. Superficie au sol: 89 m2 Il se compose de : RDC : 1 Hall 1 Patio couvert équipé d’un toit électrique 1 Cuisine américaine équipée 1 Bhou (salon traditionnel marocain) 1 Buanderie Toilettes invités A l’étage : 4 Chambres avec chacune une salle de bain attenante, climatisation réversible Toit : Terrasse avec une petite piscine 1 Agréable s...",https://www.mubawab-media.com/ad/8/294/846F/h/69526363a49435e38_81873851.avif,7,2026-09-30
8274214,Riad titré bon état à vendre,https://www.mubawab.ma/fr/a/8274214/riad-titr%C3%A9-bon-%C3%A9tat-%C3%A0-vendre,Vente,Riad,Marrakech,Kasbah,4 950 000 DH,4950000,186m²,186,5 Pièces,4 Chambres,2 Salles de bains,,"Green stars immo vous propose un riad titré qui fait 186 mètres carrés , quartier très propre et sécuris ( derb chtouka / kasbah). N'hésitez pas à nous contacter pour plus d'informations ou bien pour la visite",https://www.mubawab-media.com/ad/8/274/214F/h/photo_0_82130351.avif,10,2026-09-30
8308019,A vendre Riad de 172 M2 quartier Bab Doukkala,https://www.mubawab.ma/fr/a/8308019/a-vendre-riad-de-172-m2-quartier-bab-doukkala,Vente,Riad,Marrakech,Médina,4 950 000 DH,4950000,450m²,450,10 Pièces,6 Chambres,2 Salles de bains,Terrasse,"Chris IMMO vous propose ce Riad à rénover d'une superficie de 172 M2 au sol, soit plus de 450 M2 habitable. Idéalement situé dans un quartier très prisé de la médina proche de Dar El Bacha. Composé de 10 pièces, il peut accueillir un projet de maison d'hôtes (plus de 120 M2 obligatoire) avec 5 ou 6 chambres. Un projet de réhabilitation vous sera proposer sur plan. Ce Riad bénéficie d'un emplacement idéal, proche des sites touristiques et commerce...",https://www.mubawab-media.com/ad/8/308/019F/h/4558F3B1-A765-4E16-81E2-C768ED79E25F_1_105_c_82013817.avif,12,2026-09-30
8391777,Riad melkia 243 m² au sol à Zaouia El Abbassia,https://www.mubawab.ma/fr/a/8391777/riad-melkia-243-m%C2%B2-au-sol-%C3%A0-zaouia-el-abbassia,Vente,Riad,Marrakech,Autre / Centre,5 000 000 DH,5000000,243m²,243,8 Pièces,8 Chambres,1 Salle de bain,Garage,"Situé dans un quartier recherché et authentique de Marrakech, ce riad melkia de 243 m² représente une belle opportunité d’investissement ou de projet de résidence de charme. Il se compose de 8 grandes pièces, d’une cuisine et d’un grand patio central, offrant de beaux volumes et de multiples possibilités d’aménagement. Grâce à sa configuration, ce bien peut être transformé en maison d’hôtes, en résidence principale ou en projet locatif de caract...",https://www.mubawab-media.com/ad/8/391/777F/h/IMG_0800_82960764.avif,16,2026-09-30
8319757,Opportunité d'investissement exceptionnelle - Riad,https://www.mubawab.ma/fr/a/8319757/opportunit%C3%A9-d-investissement-exceptionnelle-riad,Vente,Riad,Marrakech,Autre / Centre,5 000 000 DH,5000000,115m²,115,6 Pièces,4 Chambres,3 Salles de bains,"Terrasse, Garage, Cuisine équipée","Riad d'Exception Opportunité d'Investissement de Premier Choix Découvrez l'alliance parfaite entre l'âme traditionnelle et le confort moderne dans ce riad titré. Situé dans le quartier très prisé de Sidi Ben Slimane, cette propriété entièrement rénovée est un actif « clé en main », idéal pour un projet locatif performant ou une résidence privée raffinée. - Emplacement : Situé à Sidi Ben Slimane, un quartier paisible et authentique offrant...",https://www.mubawab-media.com/ad/8/319/757F/h/1_82138638.avif,18,2026-09-30
8310878,Beau Riad 141 m 2 en vente à Marrakech,https://www.mubawab.ma/fr/a/8310878/beau-riad-141-m-2-en-vente-%C3%A0-marrakech,Vente,Riad,Marrakech,Médina,5 000 000 DH,5000000,170m²,170,9 Pièces,6 Chambres,2 Salles de bains,Terrasse,"Ce beau riad est bien situé dans l un des beaux quartiers dans l ancienne médina de Marrakech , d une superficie de 141 m 2 au sol , se compose de 6 chambres , salon , 2 salles de bain , cuisine , patio et terrasse. Ce beau riad de bonne structure est en mélkia",https://www.mubawab-media.com/ad/8/310/878F/h/WhatsApp%20Image%202026-01-25%20at%2015.52.24_82044202.avif,7,2026-09-30
8330522,Riad a Dar Albasha à vendre,https://www.mubawab.ma/fr/a/8330522/riad-a-dar-albasha-%C3%A0-vendre,Vente,Riad,Marrakech,Médina,5 000 000 DH,5000000,75m²,75,7 Pièces,6 Chambres,7 Salles de bains,"Terrasse, Concierge, Chambre rangement, Meublé, Salon Marocain, Salon européen, Antenne parabolique, Climatisation, Chauffage central, Sécurité, Double vitrage, Porte blindée, Cuisine équipée, Réfrigérateur, Four, Machine à laver, Micro-ondes","À vendre – Riad d’exception au cœur de la Médina de Marrakech, quartier Dar el Bacha Situé à deux pas de Dar el Bacha, l’un des quartiers les plus prisés et authentiques de la médina de Marrakech, ce riad bénéficie d’un emplacement premium, au cœur d’un environnement touristique et culturel très recherché. D’une superficie d’environ 67 m² sur chaque étage , ce riad entièrement fonctionnel est exploité avec autorisation officielle de maison d’hôte...",https://www.mubawab-media.com/ad/8/330/522F/h/photo_00_82290200.avif,18,2026-09-30
8374459,Terrain à vendre à Bab Doukkala,https://www.mubawab.ma/fr/a/8374459/terrain-%C3%A0-vendre-%C3%A0-bab-doukkala,Vente,Riad,Marrakech,Bab Doukkala,5 000 000 DH,5000000,200m²,200,,,,,Terrain à vendre avec 3 façade à Bab Doukkala très bien située pour construire un riad ou un restaurant ou un bâtiment commercial très bonne opportunité à sesir prix non négociable,https://www.mubawab-media.com/ad/8/374/459F/h/photo_0_82769013.avif,1,2026-09-30
8421843,Achat de terrain a l'operation d'Alliance Darna Riad Marrak...,https://www.mubawab.ma/fr/a/8421843/achat-de-terrain-a-l-operation-d-alliance-darna-riad-marrakech-route-d-amezmiz-surface-de-1459-m%C2%B2,Vente,Riad,Marrakech,Autre / Centre,5 000 000 DH,5000000,1459m²,1459,,,,,"Découvrez ce magnifique terrain à vendre situé dans la route dAmezmiz Marrakech. Avec une surface impressionnante de 1459 m², ce bien offre un potentiel exceptionnel pour des projets variés, qu'ils soient résidentiels ou commerciaux. Jamais utilisé ou rénové, le terrain est prêt pour accueillir vos ambitions. Le terrain se trouve dans une zone calme, offrant un cadre paisible tout en étant parfaitement accessible. a 15 min de l'aeroport a 10 min...",https://www.mubawab-media.com/ad/8/421/843F/h/photo_0_83289444.avif,1,2026-09-30
8343013,Trouvez votre riad à acheter à Ben Saleh. Surface totale 200...,https://www.mubawab.ma/fr/a/8343013/trouvez-votre-riad-%C3%A0-acheter-%C3%A0-ben-saleh-surface-totale-200-m%C2%B2-climatisation-et-piscine,Vente,Riad,Marrakech,Autre / Centre,5 000 000 DH,5000000,200m²,200,9 Pièces,5 Chambres,4 Salles de bains,"Terrasse, Piscine, Salon européen, Climatisation, Cuisine équipée, Réfrigérateur, Four, Machine à laver, Micro-ondes","Achetez le riad de vos rêves. Prix 5 000 000 DH. 5 chambres à coucher, 4 salles de bains, 200 m². 9 pièces lumineuses. Moins de 10 ans. Type de sol: Carrelage. Nombreux équipements dont climatisation et piscine. Ce riad est en vente à Ben Saleh. Cuisine équipée. Four micro-ondes. Contactez-nous si vous êtes intéressé par ce riad à Marrakech. Décoration moderne avec salon européen. Four. Terrasse",https://www.mubawab-media.com/ad/8/343/013F/h/photo_0_82386352.avif,15,2026-09-30
8395146,Riad Bab Doukkala,https://www.mubawab.ma/fr/a/8395146/riad-bab-doukkala,Vente,Riad,Marrakech,Bab Doukkala,5 000 000 DH,5000000,100m²,100,7 Pièces,4 Chambres,5 Salles de bains,,"Riad 4 chambres en cours de renovation, bien situé a cote de la gare de Bab Doukkala. Accessible en voiture",https://www.mubawab-media.com/ad/8/395/146F/h/ChatGPT%20Image%206%20ao%C3%BBt%202026%2C%2015_25_58%20%281%29_83000008.avif,2,2026-09-30
8389504,Riad à Haut Potentiel à Bab Taghzout,https://www.mubawab.ma/fr/a/8389504/riad-%C3%A0-haut-potentiel-%C3%A0-bab-taghzout,Vente,Riad,Marrakech,Médina,5 000 000 DH,5000000,200m²,200,13 Pièces,10 Chambres,3 Salles de bains,Terrasse,"Ce bien titré offre un beau volume et de nombreuses possibilités d'aménagement au cœur du quartier Bab Taghzout. Composé d'un Riad principal et d'une Douiria communicante, cet ensemble constitue une opportunité idéale pour un projet de rénovation ou un investissement locatif. Emplacement : Situé à Bab Taghzout, avec un accès pratique dans la Médina. Superficie & Agencement : Une surface globale de 200 m² (130 m² pour le Riad et 70 m² pour la Do...",https://www.mubawab-media.com/ad/8/389/504F/h/WhatsApp%20Image%202026-07-25%20at%2011.06.06_82936348.avif,10,2026-09-30
8378484,Riad à Rénover à Ben Saleh,https://www.mubawab.ma/fr/a/8378484/riad-%C3%A0-r%C3%A9nover-%C3%A0-ben-saleh,Vente,Riad,Marrakech,Autre / Centre,5 000 000 DH,5000000,190m²,190,2 Pièces,8 Chambres,2 Salles de bains,Terrasse,Riad à rénover de 190m² au sol au quartier Ben Saleh. Riad spacieux avec des beaux volumes,https://www.mubawab-media.com/ad/8/378/484F/h/1000030226_82816897.avif,12,2026-09-30
8378477,Riad Titré 173m² à Riad Zitoune,https://www.mubawab.ma/fr/a/8378477/riad-titr%C3%A9-173m%C2%B2-%C3%A0-riad-zitoune,Vente,Riad,Marrakech,Autre / Centre,5 000 000 DH,5000000,173m²,173,2 Pièces,7 Chambres,1 Salle de bain,Terrasse,Riad titré à rénover de 173m² au sol à Riad Zitoune. Pleine de charme et de lumière,https://www.mubawab-media.com/ad/8/378/477F/h/1000030220_82816824.avif,10,2026-09-30
8349790,Magnifique RIAD dans la medina Marrakech,https://www.mubawab.ma/fr/a/8349790/magnifique-riad-dans-la-medina-marrakech,Vente,Riad,Marrakech,Médina,5 000 000 DH,5000000,165m²,165,3 Pièces,8 Chambres,2 Salles de bains,"Terrasse, Meublé, Entre-seul, Salon Marocain, Double vitrage, Cuisine équipée, Réfrigérateur, Four, Machine à laver, Micro-ondes","Mafgnifique RIAD 330 M2 dont 165 M2 de terrasses dans le coeur de la medina. Entierement restauré Situé dans le quartier Berrima, ce bien bénéficie d’un emplacement stratégique à proximité des principaux sites historiques de Marrakech : 3 minutes du quartier juif (Mellah) 10 minutes à pied de la place Jemaa El-Fna 6 minutes du Palais Bahia et du Palais Badi 3 minutes du Palais Royal Cet emplacement privilégié permet de profiter pleinement du...",https://www.mubawab-media.com/ad/8/349/790F/h/023232020_842X840929_4_82462982.avif,9,2026-09-30
8349923,Heritage & Potential – Bab Doukkala,https://www.mubawab.ma/fr/a/8349923/heritage-potential-%E2%80%93-bab-doukkala,Vente,Riad,Marrakech,Médina,5 000 000 DH,5000000,174m²,174,2 Pièces,4 Chambres,2 Salles de bains,,"Saisissez l'opportunité d'acquérir ce Riad de caractère situé à Bab Doukkala, au cœur du quartier prisé de Derb El Halfaoui. Disposant déjà d'un titre foncier, cette propriété de 174 m² représente une base saine et sécurisée pour un projet de rénovation d'envergure dans l'un des secteurs les plus recherchés de la Médina. - Emplacement : Idéalement situé à Derb El Halfaoui, offrant un accès facile et une immersion totale dans l'authenticité de Ba...",https://www.mubawab-media.com/ad/8/349/923F/h/1_82463727.avif,12,2026-09-30
8344444,"Riad titré à vendre – Berrima, Médina de Marrakech",https://www.mubawab.ma/fr/a/8344444/riad-titr%C3%A9-%C3%A0-vendre-%E2%80%93-berrima-m%C3%A9dina-de-marrakech,Vente,Riad,Marrakech,Médina,5 000 000 DH,5000000,100m²,100,11 Pièces,9 Chambres,3 Salles de bains,,"Riad titré à vendre – Berrima, Médina de Marrakech Situé dans le quartier authentique de Berrima, à proximité du Palais Bahia et du Palais El Badiî, ce riad bénéficie d’un emplacement stratégique au cœur de la médina, très recherché pour l’investissement touristique. D’une superficie de 100 m² au sol, ce bien titré en R3 se compose de : 9 chambres 3 salles de bain Deux grands salons Riad avec fort potentiel locatif, actuellement exploitable a...",https://www.mubawab-media.com/ad/8/344/444F/h/WhatsApp%20Image%202026-04-30%20at%2011.47.40%20%283%29_82401759.avif,24,2026-09-30
8306892,Terrain riad istimrar,https://www.mubawab.ma/fr/a/8306892/terrain-riad-istimrar,Vente,Riad,Marrakech,Médina,5 000 000 DH,5000000,220m²,220,1 Pièce,1 Ch.,1 Salle de bain,,"À vendre, sublime terrain de 220 m² au sol, idéalement situé dans l’un des secteurs les plus recherchés de la médina de Marrakech, entre Mouassine et Dar el Bacha. Implanté dans une ruelle calme, entouré exclusivement de riads d’hôtes, dans un quartier très prisé par la clientèle touristique. Surface : 220 m² au sol (Atout rare et recherché dans ce secteur) Potentiel de construction : Possibilité de construire R2 Création d’un rooftop panorami...",https://www.mubawab-media.com/ad/8/306/892F/h/photo_00_82002548.avif,7,2026-09-30
8343704,Signature Ben Saleh,https://www.mubawab.ma/fr/a/8343704/signature-ben-saleh,Vente,Riad,Marrakech,Médina,5 000 000 DH,5000000,173m²,173,3 Pièces,7 Chambres,3 Salles de bains,,"Ce Riad à rénover de 173 m² de surface au sol offre un potentiel exceptionnel au cœur du quartier historique de Ben Saleh. En cours de réquisition, cette propriété représente une opportunité rare pour un projet de rénovation d'envergure dans l'un des secteurs les plus authentiques de la Médina. - Emplacement : Idéalement situé à Ben Saleh, un quartier prisé de la Médina de Marrakech pour son calme et sa proximité immédiate avec les principaux...",https://www.mubawab-media.com/ad/8/343/704F/h/3_82393702.avif,11,2026-09-30
8274516,Riad titré à vendre,https://www.mubawab.ma/fr/a/8274516/riad-titr%C3%A9-%C3%A0-vendre,Vente,Riad,Marrakech,Autre / Centre,5 000 000 DH,5000000,300m²,300,6 Pièces,3 Chambres,3 Salles de bains,Jardin,"Riad titré à vendre, situé dans le quartier Bab Doukala, disposant d’une grande cour intérieure et d’une superficie au sol de 300 m². Idéal pour un projet de maison d’hôtes ou résidence privée",https://www.mubawab-media.com/ad/8/274/516F/h/WhatsApp%20Image%202025-12-18%20at%2017.01.01%20%281%29_81656353.avif,12,2026-09-30
8319360,Riad de luxe à vendre dans la ville de Marrakech,https://www.mubawab.ma/fr/a/8319360/riad-de-luxe-%C3%A0-vendre-dans-la-ville-de-marrakech,Vente,Riad,Marrakech,Autre / Centre,5 000 000 DH,5000000,170m²,170,10 Pièces,10 Chambres,4 Salles de bains,,"Riad de luxe à vendre dans la vieille ville de Marrakech Superficie 170 mètres Nombre de chambres 10 Près de la place Jemaa el-Fnaa Superbe opportunité d'investissement dans le secteur du tourisme Pour plus d'informations, contactez-nous sur WhatsApp",https://www.mubawab-media.com/ad/8/319/360F/h/photo_00_82134921.avif,3,2026-09-30
8248493,Riad sublme à vendre,https://www.mubawab.ma/fr/a/8248493/riad-sublme-%C3%A0-vendre,Vente,Riad,Marrakech,Autre / Centre,5 000 000 DH,5000000,320m²,320,7 Pièces,7 Chambres,4 Salles de bains,,OPPORTUNITÉ À SAISIR RIAD À VENDRE DESCRIPTIF : ️ Superficie : 180m2 ️ Localité : Quartier Riad Zitoune à 2 minutes de la place Djamaa Fna ️ Très bien situé ️ Nbre chambre : 7 ️ Nbre SDB : 4 ️ Hammam beldi ️ Riad MILKIYA PRIX : 5.000.000 dhs Très belle opportunité à saisir,https://www.mubawab-media.com/ad/8/248/493F/h/Screenshot_2025-11-07-10-41-34-81_6012fa4d4ddec268fc5c7112cbb265e7_81369391.avif,9,2026-09-30
8250494,Très beau riad à vendre à Ksibat Nhas. 6 pièces confortable...,https://www.mubawab.ma/fr/a/8250494/tr%C3%A8s-beau-riad-%C3%A0-vendre-%C3%A0-ksibat-nhas-6-pi%C3%A8ces-confortables,Vente,Riad,Marrakech,Autre / Centre,5 000 000 DH,5000000,81m²,81,6 Pièces,5 Chambres,5 Salles de bains,,"Achetez le riad de vos rêves. Prix 5 000 000 DH. 5 chambres à coucher, 5 salles de bains, 81 m². 6 pièces. Bon état. Ce riad est proposé à la vente à Ksibat Nhas, Marrakech",https://www.mubawab-media.com/ad/8/250/494F/h/photo_0_81390984.avif,11,2026-09-30
8231296,Riad à vendre à la Kasbah clé à main,https://www.mubawab.ma/fr/a/8231296/riad-%C3%A0-vendre-%C3%A0-la-kasbah-cl%C3%A9-%C3%A0-main,Vente,Riad,Marrakech,Kasbah,5 000 000 DH,5000000,220m²,220,5 Pièces,4 Chambres,4 Salles de bains,"Terrasse, Piscine, Chambre rangement, Antenne parabolique","Magnifique riad titré avec permis de construction Prix 5 000 000 DH. Se compose de 4 chambres, 4 salles de bains, 106 m² au sol et habitable 220 m Moins de 2 ans. Grande terrasse avec piscine Clé à main",https://www.mubawab-media.com/ad/8/231/296F/h/photo_00_81193322.avif,7,2026-09-30
8141109,Riad a vendre,https://www.mubawab.ma/fr/a/8141109/riad-a-vendre,Vente,Riad,Marrakech,Autre / Centre,5 000 000 DH,5000000,300m²,300,8 Pièces,8 Chambres,2 Salles de bains,"Terrasse, Vue sur les montagnes, Salon Marocain",RIAD PATRIMONIAL A VENDRE - Superficie : 172m2 - Localité : À 2mn de Dar Bacha et à deux pas de la maison arabe - Nbre chambre : 8 - Nbre Sdb : 2 - Grand patio - Terrasse spacieuse - possibilité d’ajouter un Rooftop - Riad Milkiya en cours de titrage PRIX : 5.000.000 dhs,https://www.mubawab-media.com/ad/8/141/109F/h/IMG_2881_81369454.avif,7,2026-09-30
7326176,"Ferme titré à Route Fès km 22, puit 117 m système goutte à...",https://www.mubawab.ma/fr/a/7326176/ferme-titr%C3%A9-%C3%A0-route-f%C3%A8s-km-22-puit-117-m-syst%C3%A8me-goutte-%C3%A0-goutte-marrakech-%C3%A0-vendre,Vente,Riad,Marrakech,Autre / Centre,5 000 000 DH,5000000,34609m²,34609,,,,,"L’Immobilier Sans Frontières vous propose cette ferme titré à vendre sur la Route Fès km 22, avec un accès par 2 km de piste. La propriété est indiquée sur 3Ha 46A 09CA et comprend un riad traditionnel de 1000 m² à rénover. Cette ferme se compose de : Ferme de 3Ha 46A 09CA - 209 Oliviers - 104 citronniers - 2 rangées de bigaradiers - des grenadiers - des abricotiers - des figuiers - des pommiers - pamplemousse - Verveine - salon - séjour - 4 sui...",https://www.mubawab-media.com/ad/7/326/176F/h/0%20image%20a%20la%20une_78922770.avif,32,2026-09-30
8420348,Très beau riad à vendre à Ennakhil Palmeraie. 5 chambres agr...,https://www.mubawab.ma/fr/a/8420348/tr%C3%A8s-beau-riad-%C3%A0-vendre-%C3%A0-ennakhil-palmeraie-5-chambres-agr%C3%A9ables-tout-confort-avec-chemin%C3%A9e-et-climatisation,Vente,Riad,Marrakech,Palmeraie,5 100 000 DH,5100000,220m²,220,2 Pièces,5 Chambres,6 Salles de bains,"Jardin, Terrasse, Garage, Piscine, Concierge, Chambre rangement, Entre-seul, Salon Marocain, Salon européen, Cheminée, Climatisation, Sécurité, Porte blindée, Cuisine équipée, Réfrigérateur, Four, Machine à laver, Micro-ondes","Nichée au cœur de la prestigieuse Palmeraie de Marrakech, cette somptueuse propriété de type riad incarne le charme et le luxe de la région. S'étendant sur un terrain de 240 m², elle offre un espace de vie exceptionnel de 180 m² réparti sur plusieurs niveaux. L'habitation, construite il y a 10 à 20 ans, reste en excellent état, soulignant une architecture traditionnelle parfaitement intégrée au cadre enchanteur de son quartier, Ennakhil. La pr...",https://www.mubawab-media.com/ad/8/420/348F/h/a850866e-4bde-4b20-92bd-4736d08a7d94_83272738.avif,30,2026-09-30
8240854,Riad à vendre à Sidi Youssef. Superficie 235 m² titrée,https://www.mubawab.ma/fr/a/8240854/riad-%C3%A0-vendre-%C3%A0-sidi-youssef-superficie-235-m%C2%B2-titr%C3%A9e,Vente,Riad,Marrakech,Autre / Centre,5 100 000 DH,5100000,235m²,235,2 Pièces,15 Chambres,4 Salles de bains,,"À vendre très beau riad. 15 chambres, 4 salles de bains, et 3salon surface 235 m². 2 pièces lumineuses. accée voiture Bon état. Ce riad est en vente à Sidi Youssef, Marrakech",https://www.mubawab-media.com/ad/8/240/854F/h/photo_00_81291447.avif,8,2026-09-30
8415184,Riad 117m² Titré à 3 minutes de la place Jemaa el Fna Quarti...,https://www.mubawab.ma/fr/a/8415184/riad-117m%C2%B2-titr%C3%A9-%C3%A0-3-minutes-de-la-place-jemaa-el-fna-quartier-daffa-et-arbaa,Vente,Riad,Marrakech,Médina,5 150 000 DH,5150000,117m²,117,10 Pièces,8 Chambres,2 Salles de bains,,"Nous vous proposons à la vente ce superbe riad titré situé dans le quartier très recherché de Deffa Rbaa, à seulement 3 minutes de la place Jemaa el-Fna, au cœur de la médina de Marrakech. D'une superficie au sol d'environ 117 m², ce riad offre un fort potentiel d'aménagement : un cadre idéal pour créer une maison d'hôtes ou une résidence de charme dans l'un des secteurs les plus animés et les plus demandés de la médina. L'emplacement constitue l...",https://www.mubawab-media.com/ad/8/415/184F/h/be929278-72a1-454f-a6cd-1df27c997b99-1000183058_83215145.avif,1,2026-09-30
8342712,FOUDOUNK 80m² Medersa Ben Youssef 4 Chambres,https://www.mubawab.ma/fr/a/8342712/foudounk-80m%C2%B2-medersa-ben-youssef-4-chambres,Vente,Riad,Marrakech,Médina,5 170 000 DH,5170000,80m²,80,6 Pièces,4 Chambres,4 Salles de bains,"Terrasse, Salon Marocain","Au cœur de la médina de Marrakech, dans l’un des quartiers les plus prisés et touristiques, à proximité immédiate de la célèbre Medersa Ben Youssef, ce riad à rénover de 80 m² est chargé d'histoire et offre un potentiel tout à fait remarquable. Organisé autour d’un patio central, il dispose au rez-de-chaussée d’un salon et d’une cuisine, tandis que le premier étage permet l’aménagement de quatre suites avec salles de bain, complétées par une buan...",https://www.mubawab-media.com/ad/8/342/712F/h/thumb_107313_property_xlarge_82383116.avif,26,2026-09-30
8340367,Riad à la vente à Rmila. Surface totale 250 m². Bien meublé,https://www.mubawab.ma/fr/a/8340367/riad-%C3%A0-la-vente-%C3%A0-rmila-surface-totale-250-m%C2%B2-bien-meubl%C3%A9,Vente,Riad,Marrakech,Autre / Centre,5 200 000 DH,5200000,250m²,250,7 Pièces,4 Chambres,3 Salles de bains,"Terrasse, Vue sur les montagnes, Chambre rangement, Meublé, Salon Marocain, Salon européen, Antenne parabolique, Climatisation, Porte blindée","Magnifique riad en vente. Prix 5 200 000 DH. 7 pièces, 3 salles de bains, superficie 250 m². 4 chambres. Moins de 70 ans. Revêtement: Carrelage. Propriété entièrement meublée. Venez découvrir ce riad à vendre à Rmila. Porte blindée. Le bien dispose également d'une Antenne parabolique et d'un beau salon marocain traditionnel. Vue exceptionnelle sur la montagne. Soyez le premier à visiter ce riad en vente à Marrakech. Grand balcon. Climatisation...",https://www.mubawab-media.com/ad/8/340/367F/h/photo_0_82356444.avif,30,2026-09-30
8334854,Top affaire vente villa riad à bab atlas,https://www.mubawab.ma/fr/a/8334854/top-affaire-vente-villa-riad-%C3%A0-bab-atlas,Vente,Riad,Marrakech,Bab Atlas,5 200 000 DH,5200000,880m²,880,6 Pièces,4 Chambres,4 Salles de bains,Sécurité,"Nichée dans le prestigieux quartier de Bab Atlas, à quelques minutes du mythique Palais Namaskar, cette somptueuse villa riad conjugue élégance marocaine et raffinement contemporain dans un environnement exclusif. Édifiée sur un terrain de 880 m², avec 448 m² habitables, la propriété offre de généreux espaces de vie baignés de lumière, sublimés par une vue imprenable sur les montagnes de l’Atlas. Elle se compose de 4 suites luxueuses, chacune ave...",https://www.mubawab-media.com/ad/8/334/854F/h/f4793255-8c6e-43ed-8651-7467ee2f19a9_82667180.avif,23,2026-09-30
8334000,Vente Villa à ancienne médina,https://www.mubawab.ma/fr/a/8334000/vente-villa-%C3%A0-ancienne-m%C3%A9dina,Vente,Riad,Marrakech,Médina,5 200 000 DH,5200000,124m²,124,,8 Chambres,,,"Oulaya ELKHOUMMADI vous propose à la vente un Riad d'exception, niché au cœur de la Médina de Marrakech dans le quartier très recherché de Derb Dabachi, Idéalement situé à quelques minutes de la place Jemaa el-Fna. D'une superficie au sol de 124 m², cette propriété se distingue par une qualité de construction solide et une distribution généreuse comprenant 8 chambres. Cette configuration rare permet d'envisager de multiples possibilités d'aména...",https://www.mubawab-media.com/ad/8/334/000F/h/56b2b9fff3b7a5dfc148_82290531.avif,4,2026-09-30
8227573,Riad à arastel houta malkia,https://www.mubawab.ma/fr/a/8227573/riad-%C3%A0-arastel-houta-malkia,Vente,Riad,Marrakech,Autre / Centre,5 200 000 DH,5200000,223m²,223,4 Pièces,4 Chambres,4 Salles de bains,Terrasse,Riad à arassat el houta superficie 223m malkia Prix 5000000dh,https://www.mubawab-media.com/ad/8/227/573F/h/photo_00_83016896.avif,2,2026-09-30
8302406,"Riad rénové de caractère, quartier Dar El Bacha",https://www.mubawab.ma/fr/a/8302406/riad-r%C3%A9nov%C3%A9-de-caract%C3%A8re-quartier-dar-el-bacha,Vente,Riad,Marrakech,Médina,5 200 000 DH,5200000,51m²,51,5 Pièces,4 Chambres,3 Salles de bains,"Terrasse, Meublé, Salon Marocain, Climatisation, Chauffage central, Cuisine équipée","Situé dans le prestigieux quartier de Dar El Bacha, l’un des secteurs les plus recherchés de la médina de Marrakech, ce riad entièrement rénové offre un cadre de vie raffiné, authentique et intimiste, au cœur d’un environnement historique de premier plan. D’une superficie au sol de 51 m², ce riad séduit par son agencement parfaitement optimisé, la qualité de ses prestations et une décoration singulière mêlant pièces rares, mobilier antique et tou...",https://www.mubawab-media.com/ad/8/302/406F/h/1_81957306.avif,12,2026-09-30
8383278,Riad titré 197 m² au sol à rénover Mouassine,https://www.mubawab.ma/fr/a/8383278/riad-titr%C3%A9-197-m%C2%B2-au-sol-%C3%A0-r%C3%A9nover-mouassine,Vente,Riad,Marrakech,Médina,5 300 000 DH,5300000,197m²,197,10 Pièces,7 Chambres,9 Salles de bains,"Jardin, Terrasse","Riad titré de 197 m² au sol à vendre à Mouassine, au cœur de la médina de Marrakech. Situé dans un quartier très recherché, ce riad ancien en ruine est à rénover entièrement et offre un fort potentiel de valorisation. Emplacement premium, dans une ruelle calme, à quelques minutes à pied de Jemaa El Fna, des souks et du Jardin Secret. Idéal pour un projet de maison d’hôtes, boutique-hôtel ou résidence de charme, avec possibilité de créer plusieur...",https://www.mubawab-media.com/ad/8/383/278F/h/IMG_0467_82868879.avif,1,2026-09-30
8356490,"Riad titré, un seul propriétaire",https://www.mubawab.ma/fr/a/8356490/riad-titr%C3%A9-un-seul-propri%C3%A9taire,Vente,Riad,Marrakech,Bab Taghzout,5 300 000 DH,5300000,414m²,414,10 Pièces,6 Chambres,1 Salle de bain,,"Superbe opportunité au coeur de Marrakech (Bab taghzout) :Rare bien offrant un accès direct en voiture jusqu'à la porte. Avec ses 154 m² habitables, cette propriété au fort potentiel est idéale pour un projet de maison d’hôtes. Elle comprend actuellement 6 chambres, un patio lumineux . Contactez-nous dès aujourd'hui pour organiser une visite et découvrir tout le potentiel de ce bien !",https://www.mubawab-media.com/ad/8/356/490F/h/Screenshot_2026-05-29-20-35-36-049_com.whatsapp_82534014.avif,11,2026-09-30
8274243,Riad de 4 chambres accès voiture Spacieux et lumineux,https://www.mubawab.ma/fr/a/8274243/riad-de-4-chambres-acc%C3%A8s-voiture-spacieux-et-lumineux,Vente,Riad,Marrakech,Médina,5 350 000 DH,5350000,180m²,180,8 Pièces,4 Chambres,4 Salles de bains,"Terrasse, Meublé, Cheminée, Climatisation","Situé à moins de 10 minutes à pied des souks, nous vous proposons ce superbe riad entièrement rénové, qui séduit par sa grande luminosité, ses beaux volumes et son confort moderne. Idéalement situé dans un quartier authentique et vivant de la médina, tout en étant accessible en voiture; une rareté dans le centre historique. Dès l’entrée, vous découvrez un patio couvert, véritable pièce de vie centrale, offrant un espace chaleureux et utilisable...",https://www.mubawab-media.com/ad/8/274/243F/h/IMG_2056-1_81653514.avif,18,2026-09-30
8302517,"Riad convivial à Bab Doukkala, Médina de Marrakech",https://www.mubawab.ma/fr/a/8302517/riad-convivial-%C3%A0-bab-doukkala-m%C3%A9dina-de-marrakech,Vente,Riad,Marrakech,Médina,5 356 000 DH,5356000,92m²,92,5 Pièces,4 Chambres,4 Salles de bains,"Terrasse, Salon Marocain, Climatisation, Chauffage central, Cuisine équipée","Situé au cœur du quartier très recherché de Bab Doukkala, ce riad bénéficie d’un emplacement central, à seulement 15 minutes à pied de la place Jemaa El Fna, offrant un cadre de vie authentique et un fort potentiel d’exploitation. Caractéristiques : • Superficie totale : 92 m² • Surface habitable : environ 160 m² • 4 chambres, chacune avec sa salle de bain • Grand salon ouvert • Grande cuisine • Joli patio central •...",https://www.mubawab-media.com/ad/8/302/517F/h/4_81958490.avif,12,2026-09-30
8396600,Riad au coeur de la medina,https://www.mubawab.ma/fr/a/8396600/riad-au-coeur-de-la-medina,Vente,Riad,Marrakech,Médina,5 400 000 DH,5400000,206m²,206,11 Pièces,5 Chambres,5 Salles de bains,"Terrasse, Piscine, Chambre rangement, Meublé, Salon Marocain, Salon européen, Antenne parabolique, Cheminée, Climatisation, Sécurité, Cuisine équipée","Au coeur de la Médina de Marrakech Devenez propriétaire d'un Riad d'exception en pleine activité, idéalement situé dans le secteur recherché de Touareg au cœur de la Médina. Bénéficiant d'un excellent accès touristique, ce bien rare est vendu entièrement meublé et équipé. L'essentiel :Superficie au sol : 103 m² Statut juridique : Bien titré Situation administrative : Licence et autorisation de Maison d'Hôtes active Composition du Ria...",https://www.mubawab-media.com/ad/8/396/600F/h/WhatsApp%20Image%202026-08-09%20at%2013.55.06_83015665.avif,10,2026-09-30
8313096,Vente Villa à ancienne médina,https://www.mubawab.ma/fr/a/8313096/vente-villa-%C3%A0-ancienne-m%C3%A9dina,Vente,Riad,Marrakech,Médina,5 400 000 DH,5400000,62m²,62,,7 Chambres,,Meublé,"Oulaya EL KHOUMMADI propose à la vente un Riad d'exception situé au cœur du quartier de Dar El Bacha, l'adresse la plus prestigieuse de la médina de Marrakech. Ce bien titré de 62 m² au sol représente une opportunité rare pour un investisseur en quête de rentabilité immédiate. Exploité avec succès en tant que maison d'hôtes, ce riad bénéficie d'un excellent chiffre d'affaires et d'un taux d'occupation très élevé sur les plateformes de réservatio...",https://www.mubawab-media.com/ad/8/313/096F/h/5b28d8f0f34fb368b3b3_82070628.avif,12,2026-09-30
8223739,Riad récusation,https://www.mubawab.ma/fr/a/8223739/riad-r%C3%A9cusation,Vente,Riad,Marrakech,Riad Zitoun,5 400 000 DH,5400000,173m²,173,4 Pièces,6 Chambres,2 Salles de bains,Terrasse,"Ne laissez pas passer cette riad à vendre. Riad récusation prix 5200000dh 2 pièces, 2 salles de bains privatives, 173 m². 5 chambres à coucher. Moins de 20 ans. À rénover. Grande terrasse. Venez découvrir cette riadà vendre à Riad Zitoun, Marrakech",https://www.mubawab-media.com/ad/8/223/739F/h/photo_0_81916539.avif,1,2026-09-30
8328995,Riad à vendre proche Bab Taghzout,https://www.mubawab.ma/fr/a/8328995/riad-%C3%A0-vendre-proche-bab-taghzout,Vente,Riad,Marrakech,Médina,5 500 000 DH,5500000,119m²,119,5 Pièces,4 Chambres,4 Salles de bains,"Vue sur les montagnes, Piscine, Meublé, Salon européen, Climatisation, Sécurité, Porte blindée, Cuisine équipée, Réfrigérateur, Four, Machine à laver, Micro-ondes","À VENDRE – MAGNIFIQUE RIAD PROCHE DE LA MÉDINA Superbe riad entièrement refait à neuf, idéalement situé à proximité immédiate de la médina de Marrakech. Un bien rare, clé en main, parfaitement adapté à une exploitation Airbnb à fort rendement Caractéristiques : • Surface : 119 m² • 4 suites spacieuses • Bassin au rez-de-chaussée • Riad lumineux et bien agencé • Prestations de qualité • Prêt à l’emploi – aucun travaux à prévoir Emplacement rec...",https://www.mubawab-media.com/ad/8/328/995F/h/photo_00_82237868.avif,22,2026-09-30
8413552,Bon investissement sur le coeur de marrakech riad titré à v...,https://www.mubawab.ma/fr/a/8413552/bon-investissement-sur-le-coeur-de-marrakech-riad-titr%C3%A9-%C3%A0-vendre-avec-grand-surface-250m,Vente,Riad,Marrakech,Bab Taghzout,5 500 000 DH,5500000,250m²,250,2 Pièces,12 Chambres,3 Salles de bains,,"RIAD À RÉNOVER À VENDRE – SIDI BEN SLIMANE, MARRAKECH Prix de vente : 5,5 MDH Superficie : 250 m² Statut : Titré État : Solide, à rénover Accessibilité : Accessible en voiture Localisation Situé au cœur du quartier recherché de Sidi Ben Slimane, ce riad bénéficie d’un emplacement stratégique à seulement 2 minutes à pied de Bab Taghzout, tout en étant directement accessible en voiture. Caractéristiques * Superficie au sol : 250 m² * Bien titr...",https://www.mubawab-media.com/ad/8/413/552F/h/photo_0_83197332.avif,1,2026-09-30
8372118,Riad titré 4 chambres exclusif moderne Riad Zitoun,https://www.mubawab.ma/fr/a/8372118/riad-titr%C3%A9-4-chambres-exclusif-moderne-riad-zitoun,Vente,Riad,Marrakech,Médina,5 500 000 DH,5500000,210m²,210,6 Pièces,4 Chambres,4 Salles de bains,"Terrasse, Vue sur les montagnes, Piscine, Chambre rangement, Meublé, Salon européen, Climatisation, Chauffage central, Sécurité, Cuisine équipée, Réfrigérateur, Four, Machine à laver, Micro-ondes","**À Vendre : Magnifique Riad à Marrakech, Médina - Quartier Riad Zitoune** Nous avons le plaisir de vous présenter un somptueux riad de 4 chambres, niché dans le charmant quartier de Riad Zitoune à Marrakech. Ce riad, loué en exclusivité, offre un cadre idyllique avec une piscine luxuriante, idéale pour se rafraîchir lors des chaudes journées marocaines. La décoration intérieure allie élégance et raffinement, mettant en valeur des touches m...",https://www.mubawab-media.com/ad/8/372/118F/h/IMG-20251126-WA0034_82743952.avif,19,2026-09-30
8326768,Riad à vendre à Arset El Maach. 12 pièces confortables,https://www.mubawab.ma/fr/a/8326768/riad-%C3%A0-vendre-%C3%A0-arset-el-maach-12-pi%C3%A8ces-confortables,Vente,Riad,Marrakech,Mellah,5 500 000 DH,5500000,179m²,179,12 Pièces,9 Chambres,7 Salles de bains,,"Riad d'exception à vendre. Prix 5 500 000 DH. 12 pièces, 7 salles de bains, surface 179 m². 9 chambres. Moins de 20 ans. À rénover. Ce riad est proposé à la vente à mellah Marrakech",https://www.mubawab-media.com/ad/8/326/768F/h/photo_2_82213937.avif,8,2026-09-30
8322233,Riad à rénover ou à reconstruire: Titré,https://www.mubawab.ma/fr/a/8322233/riad-%C3%A0-r%C3%A9nover-ou-%C3%A0-reconstruire-titr%C3%A9,Vente,Riad,Marrakech,Autre / Centre,5 500 000 DH,5500000,178m²,178,10 Pièces,8 Chambres,2 Salles de bains,"Terrasse, Garage, Vue sur les montagnes, Chambre rangement, Salon Marocain, Sécurité","a côté Derb DABACHi, Route Place JAMAÀ EL FNA . carré libre, trois 3 façades",https://www.mubawab-media.com/ad/8/322/233F/h/Screenshot_2026-02-12-17-11-59-00_82163077.avif,2,2026-09-30
8191578,Projet de Rénovation de Prestige à Bab Doukkala,https://www.mubawab.ma/fr/a/8191578/projet-de-r%C3%A9novation-de-prestige-%C3%A0-bab-doukkala,Vente,Riad,Marrakech,Médina,5 500 000 DH,5500000,115m²,115,5 Pièces,5 Chambres,5 Salles de bains,"Terrasse, Chambre rangement, Cuisine équipée","Découvrez une perle rare au cœur de Marrakech, offrant la base idéale pour un projet de restauration sur mesure. Ce riad titré présente une occasion unique de créer un havre de paix personnalisé dans l'un des quartiers les plus recherchés de la Médina. - Emplacement : Idéalement situé au centre du quartier dynamique et accessible de Bab Doukkala. - Agencement : Une emprise au sol de 115 m² offrant un potentiel pour 5 chambres spacieuses avec sa...",https://www.mubawab-media.com/ad/8/191/578F/h/WhatsApp%20Image%202025-07-30%20%C3%A0%2014.51.19_89c2bbb3_80778084.avif,17,2026-09-30
8425183,Riad melkia Kasbah – idéal maison d’hôtes,https://www.mubawab.ma/fr/a/8425183/riad-melkia-kasbah-%E2%80%93-id%C3%A9al-maison-d%E2%80%99h%C3%B4tes,Vente,Riad,Marrakech,Kasbah,5 600 000 DH,5600000,462m²,462,9 Pièces,9 Chambres,3 Salles de bains,"Terrasse, Garage, Chambre rangement","Au cœur de la Kasbah, ce riad melkia de 185 m² au sol présente un beau potentiel pour un projet de maison d’hôtes haut de gamme. Son très grand patio, ses huit chambres réparties sur plusieurs niveaux et ses espaces de service permettent d’imaginer une adresse accueillante, pensée autour du calme et de l’art de recevoir. Le rez-de-chaussée s’ouvre sur un vaste patio, véritable pièce maîtresse du riad. Autour de cet espace central se trouvent un s...",https://www.mubawab-media.com/ad/8/425/183F/h/PHOTO-2026-09-29-21-17-27_9_83326358.avif,12,2026-09-30
8201010,Villa beldi chic d’exception à vendre à agdal – 5 chambres é...,https://www.mubawab.ma/fr/a/8201010/villa-beldi-chic-d%E2%80%99exception-%C3%A0-vendre-%C3%A0-agdal-%E2%80%93-5-chambres-%C3%A9l%C3%A9gantes-%E2%80%93-vendue-meubl%C3%A9e-%E2%80%93-art-de-vivre-raffin%C3%A9-%C3%A0-marrakech,Vente,Riad,Marrakech,Agdal,5 600 000 DH,5600000,650m²,650,10 Pièces,5 Chambres,5 Salles de bains,"Jardin, Garage, Vue sur les montagnes, Piscine, Chambre rangement, Meublé, Entre-seul, Salon Marocain, Salon européen, Antenne parabolique, Cheminée, Climatisation, Sécurité, Double vitrage, Porte blindée, Cuisine équipée, Réfrigérateur, Four, Machine à laver, Micro-ondes","Découvrez cette villa de prestige style riad à Marrakech, alliant architecture marocaine traditionnelle et design contemporain. Pensée pour une résidence principale haut de gamme ou un investissement locatif à forte rentabilité, elle offre des prestations rares et recherchées. Caractéristiques clés : • 5 suites élégantes, dont une Master Suite • Cour intérieure privative avec piscine • Rooftop aménagé exclusif avec tente caïdale • Spa panora...",https://www.mubawab-media.com/ad/8/201/010F/h/photo_00_80871295.avif,24,2026-09-30
8409398,Riad d’Exception – 93m² à Kasbah,https://www.mubawab.ma/fr/a/8409398/riad-d%E2%80%99exception-%E2%80%93-93m%C2%B2-%C3%A0-kasbah,Vente,Riad,Marrakech,Kasbah,5 600 000 DH,5600000,93m²,93,5 Pièces,4 Chambres,4 Salles de bains,Meublé,"Nous vous proposons à la vente dans le prestigieux quartier de la Kasbah, ce riad d’exception de 93 m² au sol séduit par son élégante rénovation mêlant architecture marocaine et design contemporain. Entièrement terminé, il est prêt à être exploité immédiatement. Le bien dispose de 4 chambres, chacune avec sa salle de bains privative, organisées autour d’un superbe patio central sublimé par une fontaine, des jeux de lumière et des finitions haut d...",https://www.mubawab-media.com/ad/8/409/398F/h/bien-20260728015334-f9bb41_83150122.avif,25,2026-09-30
8282079,"Riad titré à vendre – Bab Doukkala, Marrakech",https://www.mubawab.ma/fr/a/8282079/riad-titr%C3%A9-%C3%A0-vendre-%E2%80%93-bab-doukkala-marrakech,Vente,Riad,Marrakech,Bab Doukkala,5 600 000 DH,5600000,115m²,115,6 Pièces,5 Chambres,5 Salles de bains,"Terrasse, Chambre rangement, Meublé, Entre-seul, Salon Marocain, Salon européen, Antenne parabolique, Cheminée, Climatisation, Sécurité, Cuisine équipée, Réfrigérateur, Four, Machine à laver, Micro-ondes","Opportunité : Riad Authentique à Bab Doukkala Ce Riad titré de 115 m² au sol offre une opportunité ""clés en main"" pour un projet de maison d'hôtes de charme au cœur de Marrakech. Alliant cachet traditionnel et agencement fonctionnel, cette propriété est idéalement positionnée pour garantir une excellente rentabilité locative. -Emplacement : Situé dans le quartier très recherché de Bab Doukkala, bénéficiant d'un accès privilégié aux souks an...",https://www.mubawab-media.com/ad/8/282/079F/h/4_81742441.avif,25,2026-09-30
8346261,Retraite au jardin de Sidi Ayoub,https://www.mubawab.ma/fr/a/8346261/retraite-au-jardin-de-sidi-ayoub,Vente,Riad,Marrakech,Médina,5 600 000 DH,5600000,120m²,120,3 Pièces,4 Chambres,4 Salles de bains,Terrasse,"Plongez dans l'univers de ce Riad d'exception, véritable alliance entre confort contemporain et charme authentique. Entièrement achevé et déjà opérationnel, ce bien bénéficie d'une procédure de réquisition très avancée (titre imminent), offrant ainsi une sécurité et une sérénité totale pour votre investissement. - Emplacement : Niché à Sidi Ayoub, un quartier calme et très prisé pour son atmosphère paisible au cœur de la Médina. - Agencement : U...",https://www.mubawab-media.com/ad/8/346/261F/h/1_82421301.avif,32,2026-09-30
8392148,Riad Titré 6 chbs Emplacement N1 Kasbah,https://www.mubawab.ma/fr/a/8392148/riad-titr%C3%A9-6-chbs-emplacement-n1-kasbah,Vente,Riad,Marrakech,Kasbah,5 640 000 DH,5640000,240m²,240,2 Pièces,6 Chambres,7 Salles de bains,"Terrasse, Vue sur les montagnes, Concierge, Chambre rangement","La Cible Immobilier vous propose à la vente ce riad titré idéalement situé dans le quartier très recherché et touristique de la Kasbah. Ayant déjà été exploité en maison d'hôtes, ce bien offre un fort potentiel d'exploitation au cœur d'un environnement calme et entouré de riads en activité. Des travaux de rafraîchissement sont à prévoir pour lui redonner tout son éclat. Disposition du Bien : Rez-de-chaussée : Bureau d'accueil, WC invités...",https://www.mubawab-media.com/ad/8/392/148F/h/258560_83302386.avif,25,2026-09-30
8285994,Coup de coeur. À deux pas de la Medersa Ben Youssef,https://www.mubawab.ma/fr/a/8285994/coup-de-coeur-%C3%A0-deux-pas-de-la-medersa-ben-youssef,Vente,Riad,Marrakech,Médina,5 800 000 DH,5800000,210m²,210,8 Pièces,4 Chambres,4 Salles de bains,"Terrasse, Meublé, Climatisation","Idéalement situé à côté de la médersa Ben Youssef, ce riad se trouve dans une jolie rue arborée, calme, avec un accès voiture devant la porte, un atout rare dans la médina. On retrouve aussi tous les commerces de proximité. Offrant de très beaux volumes, le riad a été entièrement reconstruit avec des travaux de grande qualité et beaucoup de goût. Il bénéficie d’une excellente luminosité dans l’ensemble des espaces. Il dispose de 4 chambres et d’...",https://www.mubawab-media.com/ad/8/285/994F/h/image00002-1_81780318.avif,18,2026-09-30
8390906,Riad Rénové à Neuf avec Bassin & Hammam – Laarouss,https://www.mubawab.ma/fr/a/8390906/riad-r%C3%A9nov%C3%A9-%C3%A0-neuf-avec-bassin-hammam-%E2%80%93-laarouss,Vente,Riad,Marrakech,Médina,5 900 000 DH,5900000,120m²,120,6 Pièces,4 Chambres,4 Salles de bains,"Terrasse, Piscine, Climatisation, Sécurité, Cuisine équipée, Réfrigérateur, Four, Micro-ondes","Entièrement rénové, équipé et décoré avec soin, ce Riad clé en main offre des prestations modernes et un confort absolu au cœur de la Médina. Situé dans un derb calme et accessible en voiture, ce bien titré de 120 m² au sol est prêt à être exploité ou habité immédiatement. Emplacement : Emplacement idéal entre Laarouss et Dar El Bacha, avec un accès voiture facile. Superficie & Agencement : 120 m² au sol comprenant 4 belles chambres clima...",https://www.mubawab-media.com/ad/8/390/906F/h/WhatsApp%20Image%202026-07-29%20at%2012.11.05_82951579.avif,25,2026-09-30
8414306,Riad 4 chambres Triangle d’or de la médina,https://www.mubawab.ma/fr/a/8414306/riad-4-chambres-triangle-d%E2%80%99or-de-la-m%C3%A9dina,Vente,Riad,Marrakech,Médina,5 900 000 DH,5900000,195m²,195,7 Pièces,4 Chambres,3 Salles de bains,"Terrasse, Meublé, Climatisation","Au cœur du Triangle d’Or de la médina de Marrakech, à Riad Larousse, découvrez ce magnifique riad de 4 chambres, entièrement rénové. Très lumineux et spacieux, il offre de beaux volumes et un aménagement soigné, pensé pour un confort optimal. Le riad bénéficie d’une très belle terrasse avec vue sur la Koutoubia, ainsi que d’un accès voiture à seulement 100 mètres, un véritable atout dans la médina. Un produit clé en main, élégant et...",https://www.mubawab-media.com/ad/8/414/306F/h/IMG_7362_83206038.avif,18,2026-09-30
8398548,Riad 5 Chambres à Vendre – Riad Laarouss VE26266,https://www.mubawab.ma/fr/a/8398548/riad-5-chambres-%C3%A0-vendre-%E2%80%93-riad-laarouss-ve26266,Vente,Riad,Marrakech,Médina,5 900 000 DH,5900000,280m²,280,6 Pièces,5 Chambres,5 Salles de bains,"Terrasse, Vue sur les montagnes, Piscine, Meublé, Climatisation, Cuisine équipée","Votre agence immobilière PRESTIGE GALLERY IMMO a le plaisir de vous présenter au cœur de la Médina de Marrakech, ce magnifique riad de 5 chambres, alliant charme traditionnel marocain et confort contemporain. 105 m² au sol 280 m² habitables Organisé autour d’un patio central intimiste avec bassin, le riad offre une atmosphère paisible et chaleureuse, idéale pour profiter pleinement de l’art de vivre marrakchi. La propriété dispose également d...",https://www.mubawab-media.com/ad/8/398/548F/h/034406_949948240717517_83036817.avif,32,2026-09-30
8274086,Riad Élégant Titré au Cœur de la Kasbah,https://www.mubawab.ma/fr/a/8274086/riad-%C3%A9l%C3%A9gant-titr%C3%A9-au-c%C5%93ur-de-la-kasbah,Vente,Riad,Marrakech,Médina,5 900 000 DH,5900000,93m²,93,4 Pièces,4 Chambres,4 Salles de bains,"Terrasse, Piscine, Salon Marocain, Salon européen, Antenne parabolique, Cheminée, Cuisine équipée","Ce superbe riad de 93 m² allie parfaitement l'artisanat marocain authentique et le confort moderne dans un emplacement extrêmement convoité. Entièrement titré et conçu avec soin, il offre un refuge serein au sein de l'un des quartiers les plus historiques et prisés de la Médina. - Emplacement : Situé dans le prestigieux quartier de la Kasbah, reconnu pour son authenticité et son accès facile aux monuments majeurs. - Agencement : Quatre chambres...",https://www.mubawab-media.com/ad/8/274/086F/h/WhatsApp%20Image%202026-03-02%20at%2012.10.51%20%281%29_82048042.avif,18,2026-09-30
8392683,Terrain titré riad 200 m2 au sol Derb Dabachi,https://www.mubawab.ma/fr/a/8392683/terrain-titr%C3%A9-riad-200-m2-au-sol-derb-dabachi,Vente,Riad,Marrakech,Médina,6 000 000 DH,6000000,200m²,200,1 Pièce,1 Ch.,1 Salle de bain,,"Opportunité rare au cœur de la médina de Marrakech : terrain titré de 200 m², idéal pour la réalisation d’un riad de charme ou d’un projet d’investissement patrimonial. Situé dans le très recherché quartier de Derb Dabachi, ce bien bénéficie d’un emplacement stratégique, à moins de 8 minutes à pied de la place Jemaa el-Fna, dans un secteur vivant, authentique et à forte demande touristique. Ce terrain représente une excellente base pour créer un...",https://www.mubawab-media.com/ad/8/392/683F/h/IMG_0876_82971772.avif,1,2026-09-30
8421396,Splendide Riad de caractère 5 chambres Titré,https://www.mubawab.ma/fr/a/8421396/splendide-riad-de-caract%C3%A8re-5-chambres-titr%C3%A9,Vente,Riad,Marrakech,Médina,6 000 000 DH,6000000,260m²,260,6 Pièces,5 Chambres,4 Salles de bains,"Terrasse, Garage, Vue sur les montagnes, Chambre rangement, Salon Marocain, Climatisation, Porte blindée, Cuisine équipée","Notre agence immobilière INSIDE MEDINA à Marrakech vous propose, en exclusivité, ce magnifique Riad TITRÉ en plein coeur de la Médina, à 10 mn à pied à travers les souks de la place Jemaa El Fna. Le Riad a une surface au sol de 115 m2 et environ 260 m2 habitables. Ce Riad est la définition même de ce que l'on peut attendre d'un Riad à Marrakech. Une fois passé le pas de la porte, vous êtes transportés par le charme de cette demeure authentique...",https://www.mubawab-media.com/ad/8/421/396F/h/IMG_3911_83284365.avif,20,2026-09-30
8173159,Vente très belle propriété route de Fès Marrakech,https://www.mubawab.ma/fr/a/8173159/vente-tr%C3%A8s-belle-propri%C3%A9t%C3%A9-route-de-f%C3%A8s-marrakech,Vente,Riad,Marrakech,Route de Fès,6 000 000 DH,6000000,520m²,520,17 Pièces,9 Chambres,7 Salles de bains,"Jardin, Terrasse, Garage, Vue sur les montagnes, Piscine, Concierge, Meublé, Salon Marocain, Salon européen, Antenne parabolique, Cheminée, Climatisation, Sécurité, Cuisine équipée",En exclusivité Idéal projet Maison D’hôtes A saisir rapidement Notre Agence Immobilière TERRE & DIAMANT vous propose à la vente cette belle propriété de 5 000 m2 avec piscine privée comprenant : • 1 villa principale de 5 suites • 1 petit Riad • 1 petite maison Chaque bâtisse à son titre Foncier Cette propriété se situe à 20 Kms de Marrakech sur la route de Fès (départ de Bab Doukkala). Villa principal titrée : 350 m2 habitabl...,https://www.mubawab-media.com/ad/8/173/159F/h/1_80593188.avif,32,2026-09-30
8415267,Achetez un merveilleux riad dans le coin de Sidi Ghalem. Sup...,https://www.mubawab.ma/fr/a/8415267/achetez-un-merveilleux-riad-dans-le-coin-de-sidi-ghalem-superficie-230-m%C2%B2-piscine,Vente,Riad,Marrakech,Médina,6 000 000 DH,6000000,230m²,230,7 Pièces,7 Chambres,7 Salles de bains,Piscine,"Ce luxueux riad est situé dans le quartier de l'angle Abassia à Marrakech, dans la zone vibrante de Marrakech-Médina. S'étendant sur 230 mètres carrés, construit depuis 1 à 5 ans, reflétant un mélange de style traditionnel et de design moderne. Le riad dispose de sept chambres et de sept salles de bains luxueuses avec des sols carrelés élégants, ce qui améliore l'esthétique et la facilité d'entretien. Le design intérieur dispose d'une cour spaci...",https://www.mubawab-media.com/ad/8/415/267F/h/photo_00_83225182.avif,6,2026-09-30
8370279,Riad Clé en Main à Derb El Cadi,https://www.mubawab.ma/fr/a/8370279/riad-cl%C3%A9-en-main-%C3%A0-derb-el-cadi,Vente,Riad,Marrakech,Autre / Centre,6 000 000 DH,6000000,119m²,119,4 Pièces,4 Chambres,5 Salles de bains,"Terrasse, Meublé, Cuisine équipée","Cette propriété finie et entièrement titrée offre une occasion rare de s'installer immédiatement ou de lancer une activité locative dans un secteur authentique. Elle constitue une demeure idéale alliant charme traditionnel et confort moderne sans aucun travaux à prévoir. - Emplacement : Idéalement situé à Derb El Cadi dans le secteur recherché d'Azbezt, offrant un cadre de vie calme et une excellente accessibilité. - Agencement : Une emprise au...",https://www.mubawab-media.com/ad/8/370/279F/h/1_82723708.avif,25,2026-09-30
8316310,Riad Authentique Neuf Bab doukala,https://www.mubawab.ma/fr/a/8316310/riad-authentique-neuf-bab-doukala,Vente,Riad,Marrakech,Bab Doukkala,6 000 000 DH,6000000,134m²,134,8 Pièces,6 Chambres,6 Salles de bains,"Terrasse, Garage, Climatisation, Cuisine équipée","Riad neuf titré avec 6 chambres d'une superficie habitable de 257m² et 136m² surface au sol. Très bien situé au quartier Bab Doukkala avec un accès voiture facile, à seulement 15 min de la place Jamaâ el Fna et 5min d'un parking Le Riad se compose de : RDC : Entrée, WC, Cuisine, patio chambre avec SDB. coin salon. Etage 1 :4 Chambres avec 4 SDB. Terrasse : Chambre avec SDB bassin, buanderie, coin terrasse et sur Terrasse: Surface Habitable : 257m...",https://www.mubawab-media.com/ad/8/316/310F/h/riad-maison-hotes-bab-doukkala-marrakech-neuf-patio-bassin-7_82103440.avif,1,2026-09-30
8278776,Chasseur de riad consultant immobilier indépendant,https://www.mubawab.ma/fr/a/8278776/chasseur-de-riad-consultant-immobilier-ind%C3%A9pendant,Vente,Riad,Marrakech,Autre / Centre,6 000 000 DH,6000000,150m²,150,6 Pièces,5 Chambres,5 Salles de bains,"Jardin, Terrasse, Vue sur les montagnes, Piscine, Concierge, Chambre rangement, Meublé, Salon Marocain, Salon européen, Antenne parabolique, Cheminée, Climatisation, Chauffage central, Sécurité, Double vitrage, Cuisine équipée, Réfrigérateur, Four, Machine à laver, Micro-ondes","Vous cherchez un riad à Marrakech ? Faites-vous accompagner par un chasseur de riad consultant immobilier indépendant Acheter un Riad peut vite devenir complexe, chronophage et déroutant : multiplication des agences, informations contradictoires, biens déjà vendus, négociations floues… Je ne vends pas un bien, je défends votre projet. L’objectif n’est pas de vendre un bien précis, mais de trouver le Riad qui correspond réellement à votre pro...",https://www.mubawab-media.com/ad/8/278/776F/h/IMG_9072_81703083.avif,9,2026-09-30
8227654,Vente d'un superbe riad à Sidi Mimoun. Surface de 100 m². ...,https://www.mubawab.ma/fr/a/8227654/vente-d-un-superbe-riad-%C3%A0-sidi-mimoun-surface-de-100-m%C2%B2-tout-confort-avec-piscine-et-chemin%C3%A9e,Vente,Riad,Marrakech,Autre / Centre,6 000 000 DH,6000000,100m²,100,6 Pièces,5 Chambres,5 Salles de bains,"Jardin, Vue sur les montagnes, Piscine, Salon Marocain, Cheminée, Climatisation, Sécurité, Double vitrage, Cuisine équipée, Réfrigérateur, Four, Machine à laver, Micro-ondes","Faites une belle affaire avec ce splendide riad à vendre. Prix 6 000 000 DH. 6 pièces, 5 salles de bains, 100 m². 5 chambres à coucher. Moins de 5 ans. Nombreux équipements : cheminée, climatisation et piscine. Ce riad est proposé à la vente à Sidi Mimoun. Profitez d'une vue imprenable sur les montagnes et du calme absolu avec fenêtres en double vitrage. Résidence sécurisée. Le bien dispose également d'un beau salon marocain traditionnel. Pour...",https://www.mubawab-media.com/ad/8/227/654F/h/photo_0_81152088.avif,1,2026-09-30
8224462,Riad titré zaouia superficie 230m,https://www.mubawab.ma/fr/a/8224462/riad-titr%C3%A9-zaouia-superficie-230m,Vente,Riad,Marrakech,Autre / Centre,6 000 000 DH,6000000,230m²,230,4 Pièces,7 Chambres,7 Salles de bains,Terrasse,BonRiad titré sétué à zaouia bon état superficie 230 m 7chamber et deux salons Pécine Prix 7000000 Pas d'autorisation,https://www.mubawab-media.com/ad/8/224/462F/h/photo_0_83270116.avif,2,2026-09-30
8420218,"Riad ancien à rénover, riad zitoun",https://www.mubawab.ma/fr/a/8420218/riad-ancien-%C3%A0-r%C3%A9nover-riad-zitoun,Vente,Riad,Marrakech,Médina,6 200 000 DH,6200000,290m²,290,10 Pièces,6 Chambres,3 Salles de bains,,"BEST HOME IMMOBILIER vous invite à découvrir ce Riad ancien à fort potentiel, idéalement situé dans le quartier recherché de Riad Zitoun, à moins de 10 minutes à pied de la place Jemaa el-Fna et à proximité immédiate des principaux centres d’intérêt de la médina. Le riad a conservé tout le charme de l’architecture traditionnelle, avec ses murs anciens particulièrement épais et son agréable patio planté d’orangers*, offrant une véritable atmosphè...",https://www.mubawab-media.com/ad/8/420/218F/h/0d75a10c-6309-447b-bdf2-de64c02fad61_83271297.avif,12,2026-09-30
8284223,Riad titré avec piscine à vendre – Zaouia Abassia,https://www.mubawab.ma/fr/a/8284223/riad-titr%C3%A9-avec-piscine-%C3%A0-vendre-%E2%80%93-zaouia-abassia,Vente,Riad,Marrakech,Médina,6 200 000 DH,6200000,230m²,230,8 Pièces,8 Chambres,8 Salles de bains,"Terrasse, Piscine, Entre-seul","Riad Traditionnel de Prestige – Zaouia Abassia Ce vaste Riad de 230 m² au sol offre une alliance rare entre le charme authentique de la Médina et un potentiel de développement remarquable. C'est le canevas idéal pour la création d'une demeure privée de luxe ou d'un projet de rénovation sur mesure. -Emplacement : Situé dans le quartier historique et paisible de Zaouia Abassia, au cœur de la Médina de Marrakech. -Agencement : Une configuration g...",https://www.mubawab-media.com/ad/8/284/223F/h/WhatsApp%20Image%202026-01-10%20at%2012.45.03_81761931.avif,24,2026-09-30
8393618,Le Coin de Sidi Bel Abbes,https://www.mubawab.ma/fr/a/8393618/le-coin-de-sidi-bel-abbes,Vente,Riad,Marrakech,Médina,6 200 000 DH,6200000,200m²,200,8 Pièces,8 Chambres,2 Salles de bains,"Piscine, Antenne parabolique","Découvrez cette magnifique propriété située dans le quartier pittoresque de Zaouia Sidi Ghalem, au cœur de Marrakech-Médina. Ce riad spacieux de 100 m², orienté vers le nord, offre un cadre de vie exceptionnel, mêlant tradition et confort moderne. L'intérieur présente des sols en marbre élégants, soulignant le raffinement et la qualité des matériaux utilisés. Avec 3 chambres et 2 salles de bain, la maison convient parfaitement à une famille ou à...",https://www.mubawab-media.com/ad/8/393/618F/h/25248_82982123.avif,10,2026-09-30
8360707,Riad plain pied à vendre kasbah opportunité,https://www.mubawab.ma/fr/a/8360707/riad-plain-pied-%C3%A0-vendre-kasbah-opportunit%C3%A9,Vente,Riad,Marrakech,Médina,6 200 000 DH,6200000,444m²,444,1 Pièce,1 Ch.,1 Salle de bain,Sécurité,"Terrain à vendre – Kasbah, Marrakech Emplacement stratégique au cœur de la Kasbah Superficie : 444 m² Statut : Melkia (4 héritiers) Idéal pour un projet touristique, maison d’hôtes ou riad de prestige. À proximité de : • Palais El Badi • Palais Royal de Marrakech Quartier très recherché pour les investissements touristiques grâce à sa proximité avec les principaux sites historiques de la médina. Prix : 6 200 000 DH Légèrement négoci...",https://www.mubawab-media.com/ad/8/360/707F/h/photo_0_82580531.avif,3,2026-09-30
8343609,Riad à vendre à Zaouia Sidi Ghalem. 8 pièces confortables. P...,https://www.mubawab.ma/fr/a/8343609/riad-%C3%A0-vendre-%C3%A0-zaouia-sidi-ghalem-8-pi%C3%A8ces-confortables-piscine,Vente,Riad,Marrakech,Autre / Centre,6 200 000 DH,6200000,230m²,230,8 Pièces,7 Chambres,7 Salles de bains,"Terrasse, Piscine",Riad à Marrakech au quartier zaouiya el abasiya 230 m 7 chambres avec douche et salle de bain deux salon et une piscine et un grand terrasse dernier ement rénové projet maison d'hôtes,https://www.mubawab-media.com/ad/8/343/609F/h/inbound7492149896952539538_82392623.avif,25,2026-09-30
8078512,Opportunite un riad a ne pas rater gueliz,https://www.mubawab.ma/fr/a/8078512/opportunite-un-riad-a-ne-pas-rater-gueliz,Vente,Riad,Marrakech,Guéliz,6 200 000 DH,6200000,164m²,164,11 Pièces,8 Chambres,5 Salles de bains,"Terrasse, Vue sur les montagnes, Salon Marocain, Salon européen, Antenne parabolique, Climatisation, Chauffage central, Sécurité, Cuisine équipée","Ce Riad traditionnel semble être une offre intéressante a ne pas rater , particulièrement avec son emplacement au cœur de Gueliz, un quartier dynamique de Marrakech. Voici un aperçu détaillé pour évaluer cette propriété : ### **Points forts de l'offre :** 1. **Emplacement** : Gueliz est un quartier très recherché, idéal pour ceux qui veulent être proches des commerces, restaurants, écoles et autres commodités tout en étant à quelques minute...",https://www.mubawab-media.com/ad/8/078/512F/h/WhatsApp%20Image%202026-02-03%20at%2011.55.04%20%284%29_81948592.avif,11,2026-09-30
8289884,Maison riad titre médina marrakech,https://www.mubawab.ma/fr/a/8289884/maison-riad-titre-m%C3%A9dina-marrakech,Vente,Riad,Marrakech,Médina,6 200 000 DH,6200000,170m²,170,1 Pièce,10 Chambres,3 Salles de bains,"Terrasse, Salon Marocain","Riad titré de prestige à vendre – 3 min Jemaa El Fna – Palais Bahia & Badi À vendre riad exceptionnel situé dans la médina de Marrakech, quartier Riad Zitoun ancien, entre les Palais Bahia et Badi, à seulement 3 minutes à pied de la place Jemaa El Fna, terrain de 167 m², riad titré à rénover, composé de 10 chambres, grand salon, 2 cuisines, avec patio central, R1 grande terrasse exploitable, accès facile (moto et chariot), emplacement idéal pour...",https://www.mubawab-media.com/ad/8/289/884F/h/1000023099_81826908.avif,2,2026-09-30
8120318,Riad à vendre,https://www.mubawab.ma/fr/a/8120318/riad-%C3%A0-vendre,Vente,Riad,Marrakech,Kasbah,6 200 000 DH,6200000,167m²,167,5 Pièces,8 Chambres,2 Salles de bains,"Jardin, Garage, Piscine, Concierge, Chambre rangement, Façade extérieure, Salon européen, Antenne parabolique, Sécurité, Double vitrage, Porte blindée",Riad à vendre Kasbah Proche du tombeau saadiens et café zitoun Maison avec 2 façade,https://www.mubawab-media.com/ad/8/120/318F/h/photo_0_82008290.avif,6,2026-09-30
8298895,Riad à vendre – Sidi Abdelaziz,https://www.mubawab.ma/fr/a/8298895/riad-%C3%A0-vendre-%E2%80%93-sidi-abdelaziz,Vente,Riad,Marrakech,Médina,6 300 000 DH,6300000,126m²,126,3 Pièces,5 Chambres,2 Salles de bains,"Terrasse, Entre-seul","Projet de Riad Authentique à Sidi Abdelaziz Ce Riad présente une occasion rare de créer une demeure sur mesure dans l'un des quartiers les plus historiques de Marrakech. Il offre un immense potentiel pour un projet architectural de prestige avec une forte valeur ajoutée. - Emplacement : Secteur très recherché de Sidi Abdelaziz, au cœur de la Médina. - Agencement : Une emprise au sol généreuse de 126 m² comprenant 5 chambres et 2 salles de bain...",https://www.mubawab-media.com/ad/8/298/895F/h/WhatsApp%20Image%202026-02-06%20at%2016.20.38_81921647.avif,26,2026-09-30
8342779,Atypique. Riad de caractère 4 chambres avec sdb Bab Doukkala,https://www.mubawab.ma/fr/a/8342779/atypique-riad-de-caract%C3%A8re-4-chambres-avec-sdb-bab-doukkala,Vente,Riad,Marrakech,Bab Doukkala,6 400 000 DH,6400000,175m²,175,7 Pièces,4 Chambres,4 Salles de bains,"Terrasse, Garage, Chambre rangement, Meublé, Cheminée, Cuisine équipée, Machine à laver","Idéalement situé dans une petite ruelle de Bab Doukkala, à proximité immédiate de la Maison Arabe et d'un marché quotidien. Ce riad bénéficie d'un accès particulièrement agréable et facile : dépose taxi à l’entrée du derb et parking H24 à 200m. Ses volumes, ses détails architecturaux ainsi que ses finitions artisanales de très belle facture (zellij, moucharabieh, tadelaktes, bois de cèdre ouvragé, etc...) le classent parmi les riads de c...",https://www.mubawab-media.com/ad/8/342/779F/h/IMG_6809_82383765.avif,18,2026-09-30
8344918,Riad à vendre 162 m² Titré place de jamaa El Fna M,https://www.mubawab.ma/fr/a/8344918/riad-%C3%A0-vendre-162-m%C2%B2-titr%C3%A9-place-de-jamaa-el-fna-m,Vente,Riad,Marrakech,Médina,6 400 000 DH,6400000,162m²,162,10 Pièces,6 Chambres,4 Salles de bains,"Terrasse, Chambre rangement, Meublé, Salon Marocain, Antenne parabolique, Sécurité, Double vitrage, Porte blindée, Cuisine équipée, Réfrigérateur, Four, Machine à laver, Micro-ondes","À seulement 5 minutes à pied de la place Jemaa El-Fna, au cœur du quartier de Derb Dabachi, découvrez ce magnifique Riad titré de 162 m², une véritable invitation à l’art de vivre marocain. Niché dans l’authentique Médina de Marrakech, ce bien allie avec élégance charme traditionnel, confort et potentiel exceptionnel. Dès le seuil franchi, le rez-de-chaussée dévoile une atmosphère chaleureuse et accueillante avec trois chambres à coucher, dont u...",https://www.mubawab-media.com/ad/8/344/918F/h/WhatsApp%20Image%202026-05-06%20at%2010.16.01%20%281%29_82406900.avif,16,2026-09-30
8384113,"Riad à rénover Bab Doukkala 14 ch, 288 m² au sol",https://www.mubawab.ma/fr/a/8384113/riad-%C3%A0-r%C3%A9nover-bab-doukkala-14-ch-288-m%C2%B2-au-sol,Vente,Riad,Marrakech,Médina,6 500 000 DH,6500000,288m²,288,14 Pièces,14 Chambres,4 Salles de bains,Terrasse,"À vendre, riad melkia situé dans le quartier recherché de Bab Doukkala, au cœur de la médina de Marrakech. Ce bien offre un réel potentiel de maison d’hôtes ou de boutique-hôtel grâce à sa grande capacité et sa localisation stratégique. Superficie et configuration • Superficie au sol : 288 m² • Nombre de chambres : 14 chambres • Plusieurs patios et espaces de vie • Toit-terrasse exploitable (solarium / espace petit-déjeuner / lounge) • C...",https://www.mubawab-media.com/ad/8/384/113F/h/PHOTO-2026-07-16-16-54-06_82877592.avif,7,2026-09-30
8421219,Superbe riad à vendre à Derb Chtouka. Surface totale 140 m²...,https://www.mubawab.ma/fr/a/8421219/superbe-riad-%C3%A0-vendre-%C3%A0-derb-chtouka-surface-totale-140-m%C2%B2-belle-terrasse,Vente,Riad,Marrakech,Kasbah,6 500 000 DH,6500000,140m²,140,5 Pièces,6 Chambres,4 Salles de bains,Terrasse,"Découvrez ce magnifique riad situé dans le quartier prisé de Kasbah, au cœur de Marrakech. Ayant entre 10 et 20 ans d'ancienneté, ce bien offre une surface de 140 m² avec une parcelle de 400 m². Le riad comporte 6 chambres spacieuses et 4 salles de bains bien conçues. Les sols en carreaux ajoutent une touche authentique et traditionnelle à l'ensemble de la propriété. L'orientation à l'est assure une luminosité naturelle optimale, surtout dans le...",https://www.mubawab-media.com/ad/8/421/219F/h/photo_0_83282562.avif,1,2026-09-30
8366459,Rare: Riad d'exception à forte rentabilité,https://www.mubawab.ma/fr/a/8366459/rare-riad-d-exception-%C3%A0-forte-rentabilit%C3%A9,Vente,Riad,Marrakech,Médina,6 500 000 DH,6500000,200m²,200,6 Pièces,6 Chambres,6 Salles de bains,"Terrasse, Piscine, Concierge, Chambre rangement, Meublé, Entre-seul, Salon Marocain, Salon européen, Cheminée, Climatisation, Cuisine équipée, Réfrigérateur, Four, Machine à laver, Micro-ondes","RIAD À VENDRE – ANCIENNE MÉDINA DE MARRAKECH À quelques minutes à pied de la célèbre place Jemaa El-Fna, du Palais El Bahia et des Tombeaux Saâdiens, ce superbe riad titré de 117 m² au sol bénéficie d’un emplacement exceptionnel au cœur de l’ancienne Médina de Marrakech. Rare sur le marché, il offre un accès voiture devant la porte, un véritable atout pour une exploitation touristique haut de gamme. Statut juridique : Titré – Autorisé Maiso...",https://www.mubawab-media.com/ad/8/366/459F/h/WhatsApp%20Image%202026-06-15%20at%2021.36.24_82683404.avif,1,2026-09-30
8345408,Opportunité Rare : Charmant Riad à Vendre dans le Cœur de la...,https://www.mubawab.ma/fr/a/8345408/opportunit%C3%A9-rare-charmant-riad-%C3%A0-vendre-dans-le-c%C5%93ur-de-la-m%C3%A9dina,Vente,Riad,Marrakech,Autre / Centre,6 500 000 DH,6500000,203m²,203,3 Pièces,7 Chambres,2 Salles de bains,"Terrasse, Vue sur les montagnes, Chambre rangement, Porte blindée","Entrez dans l'élégance intemporelle avec ce magnifique riad, offrant un refuge paisible à quelques pas des souks animés. Parfait en tant que maison privée, maison d'hôtes ou propriété d'investissement. Pour plus d'informations, contactez-moi sur mon whatsapp : 0701211545",https://www.mubawab-media.com/ad/8/345/408F/h/photo_00_82412240.avif,6,2026-09-30
8295476,Charmant Riad situé dans la médina,https://www.mubawab.ma/fr/a/8295476/charmant-riad-situ%C3%A9-dans-la-m%C3%A9dina,Vente,Riad,Marrakech,Médina,6 578 000 DH,6578000,,,7 Pièces,5 Chambres,,"Terrasse, Piscine, Climatisation, Cuisine équipée","Charmant Riad situé dans la médina de Marrakech à quelques minutes du centre de Marrakech et des jardins Majorelle. Superficie au sol: 150 m2 Il se compose de : 1 Hall 1 Joli Patio 1 Bassin 1 Cuisine équipée 1 Bhou (salon traditionnel marocain) 1 Buanderie 5 Chambres avec chacune une salle de bain attenante avec baignoire spa et douche, coin salon, télévision à écran plat, coffre-fort, climatisation réversible Toilettes invités Hammam tra...",https://www.mubawab-media.com/ad/8/295/476F/h/697dd623e9ecbbcbe_81882793.avif,28,2026-09-30
8350081,Vente Villa à ancienne médina,https://www.mubawab.ma/fr/a/8350081/vente-villa-%C3%A0-ancienne-m%C3%A9dina,Vente,Riad,Marrakech,Médina,6 600 000 DH,6600000,180m²,180,8 Pièces,7 Chambres,2 Salles de bains,,"Oulaya ELKHOUMMADI vous propose une opportunité d’investissement exceptionnelle au cœur de la Médina : un superbe riad de 180 m² situé dans le quartier très recherché de Derb Dabachi. Le riad dispose actuellement de 7 chambres, avec un potentiel d'aménagement permettant d'en créer jusqu'à 10. Son grand patio central, véritable puits de lumière, offre un volume généreux et un fort potentiel de transformation pour réaliser le projet de vos rêves...",https://www.mubawab-media.com/ad/8/350/081F/h/89debe4f5779bb97b91e_82465458.avif,9,2026-09-30
8190508,Vente exceptionnelle – Riad rénové à Marrakech,https://www.mubawab.ma/fr/a/8190508/vente-exceptionnelle-%E2%80%93-riad-r%C3%A9nov%C3%A9-%C3%A0-marrakech,Vente,Riad,Marrakech,Autre / Centre,6 600 000 DH,6600000,280m²,280,6 Pièces,4 Chambres,4 Salles de bains,"Terrasse, Garage, Piscine, Chambre rangement, Meublé, Salon Marocain, Cheminée, Climatisation, Sécurité, Cuisine équipée, Réfrigérateur, Four, Machine à laver, Micro-ondes","Exceptionnel Riad rénové – Maison d’hôtes clé en main ou résidence privée Grâce à sa rénovation haut de gamme et sa configuration optimisée, ce Riad est une valeur sûre pour développer un projet de chambres d’hôtes ou réussir une commercialisation sur Airbnb. Une 5ᵉ chambre peut facilement être créée pour augmenter la capacité d’accueil. Vendu pour raisons personnelles, ce riad titré de 250 m² construits allie le charme de l’architecture tradit...",https://www.mubawab-media.com/ad/8/190/508F/h/WhatsApp%20Image%202025-08-03%20at%2016.54.01%20%287%29_80809770.avif,24,2026-09-30
8414788,Riad de luxe titré – 112 m² au sol – 4 chambres – Médina de...,https://www.mubawab.ma/fr/a/8414788/riad-de-luxe-titr%C3%A9-%E2%80%93-112-m%C2%B2-au-sol-%E2%80%93-4-chambres-%E2%80%93-m%C3%A9dina-de-marrakech,Vente,Riad,Marrakech,Médina,6 750 000 DH,6750000,200m²,200,6 Pièces,4 Chambres,4 Salles de bains,"Terrasse, Piscine, Meublé, Climatisation, Cuisine équipée","Situé à la médina, à proximité de la Place Ben Saleh, ce superbe riad allie le charme de l'architecture traditionnelle marocaine et le confort moderne. Édifié sur 112 m² au sol et offrant environ 200 m² habitables, il dispose de 4 chambres avec salles d'eau en suite, d'un patio, d'un salon avec de magnifiques arches anciennes ainsi que d'une superbe terrasse rooftop avec piscine. Rénové et en état neuf, le riad conserve de beaux éléments authenti...",https://www.mubawab-media.com/ad/8/414/788F/h/49af291c-0962-4a62-9563-f9e31d2aa549-IMG_20260826_WA0019_83211130.avif,32,2026-09-30
8377291,Riad Luxe Medina Marrakech Ben Saleh,https://www.mubawab.ma/fr/a/8377291/riad-luxe-medina-marrakech-ben-saleh,Vente,Riad,Marrakech,Médina,6 750 000 DH,6750000,250m²,250,5 Pièces,4 Chambres,4 Salles de bains,"Terrasse, Piscine, Salon Marocain, Cheminée, Climatisation, Sécurité","Riad d'exception en cours de construction, livraison prevue octobre 2026. Situe Derb Bounaga, Place Ben Saleh, coeur de la Medina de Marrakech. 292 m2 totale, 250 m2 habitable, 112 m2 terrain. 4 suites avec salle de bain privee. Piscine, Hammam traditionnel. Rooftop amenage avec cheminee. Climatisation, Wi-Fi fibre, Videosurveillance. Zellige, tadelakt, fer forge artisanal. Titre foncier. Permis de construire valide. Standing luxe, finitions haut...",https://www.mubawab-media.com/ad/8/377/291F/h/01_82803072.avif,22,2026-09-30
8302373,"Riad titré avec piscine, quartier Kasbah, Médina",https://www.mubawab.ma/fr/a/8302373/riad-titr%C3%A9-avec-piscine-quartier-kasbah-m%C3%A9dina,Vente,Riad,Marrakech,Médina,6 760 000 DH,6760000,100m²,100,5 Pièces,4 Chambres,4 Salles de bains,"Terrasse, Garage, Piscine, Meublé, Salon Marocain, Climatisation, Cuisine équipée","Situé au nord du quartier de la Kasbah, dans un environnement familial, calme et sécurisé, ce riad titré bénéficie d’un emplacement stratégique au cœur de la médina de Marrakech, à proximité immédiate des principaux sites historiques et des commodités. Le riad se trouve : • À 2 minutes à pied des Tombeaux Saadiens • À 10 minutes du Palais Bahia et de la place Jemaa El Fna • À environ 10 minutes de l’aéroport (5 km) • À 100 mètre...",https://www.mubawab-media.com/ad/8/302/373F/h/10_81956969.avif,12,2026-09-30
8337666,Bijou rare à la vente superbe Riad de prestige,https://www.mubawab.ma/fr/a/8337666/bijou-rare-%C3%A0-la-vente-superbe-riad-de-prestige,Vente,Riad,Marrakech,Médina,6 900 000 DH,6900000,90m²,90,6 Pièces,4 Chambres,4 Salles de bains,"Terrasse, Garage, Piscine, Chambre rangement, Meublé, Salon Marocain, Climatisation, Sécurité, Porte blindée, Cuisine équipée, Réfrigérateur, Four, Machine à laver, Micro-ondes","Au cœur de la médina, quartier Laarous ce riad entièrement meublé et décoré avec goût représente une opportunité d’investissement rare, déjà en exploitation locative avec une très bonne rentabilité. Son emplacement idéal garantit une forte attractivité touristique tout au long de l’année. Un atout exceptionnel renforce encore sa valeur : un parking situé à seulement 30 mètres, un avantage extrêmement rare dans la médina et très recherché par les...",https://www.mubawab-media.com/ad/8/337/666F/h/IMG_7276_82327705.avif,25,2026-09-30
8406841,Villa style riad avec piscine palmeraie,https://www.mubawab.ma/fr/a/8406841/villa-style-riad-avec-piscine-palmeraie,Vente,Riad,Marrakech,Palmeraie,7 000 000 DH,7000000,360m²,360,5 Pièces,3 Chambres,3 Salles de bains,"Jardin, Terrasse, Garage, Ascenseur, Vue sur les montagnes, Piscine, Chambre rangement, Entre-seul, Salon Marocain, Salon européen, Antenne parabolique, Cheminée, Climatisation, Sécurité, Double vitrage, Cuisine équipée, Réfrigérateur, Four, Machine à laver, Micro-ondes",L'agence Votr'Concept immo met en vente une coquette villa style Riad située au sein d'une résidence sécurisée au circuit de la palmeraie. La villa est totalement rénovée et composée de : Au rez-de-chaussée : Une très belle piscine intérieure à débordement Ascenseur Une cuisine américaine entièrement équipée Un salon-séjour avec cheminée Une chambre avec placard et salle de bain privative Un sauna Un hammam Une salle de massage Toilettes in...,https://www.mubawab-media.com/ad/8/406/841F/h/photo_0_83124591.avif,24,2026-09-30
8419651,Vente d'un superbe riad à Ennakhil Palmeraie. 12 grandes piè...,https://www.mubawab.ma/fr/a/8419651/vente-d-un-superbe-riad-%C3%A0-ennakhil-palmeraie-12-grandes-pi%C3%A8ces-bien-meubl%C3%A9,Vente,Riad,Marrakech,Palmeraie,7 000 000 DH,7000000,450m²,450,12 Pièces,9 Chambres,11 Salles de bains,"Jardin, Terrasse, Piscine, Concierge, Chambre rangement, Meublé, Entre-seul, Salon Marocain, Salon européen, Antenne parabolique, Cheminée, Climatisation, Chauffage central, Sécurité, Double vitrage, Porte blindée, Cuisine équipée, Réfrigérateur, Four, Machine à laver, Micro-ondes","Présentation & d'Investissement Riad Dar Al — Marrakech Synthèse de l’Investissement Ancré au cœur de la destination touristique de Marrakech, le Riad Dar Al représente une opportunité clé en main alliant authenticité, standing moderne et rentabilité opérationnelle immédiate. * Statut Juridique & Exploitation : Établissement agréé/titré, en exploitation continue depuis 5 ans. * Réputation & Commercialisation : Excellente notoriété sur les plat...",https://www.mubawab-media.com/ad/8/419/651F/h/photo_0_83264984.avif,17,2026-09-30
8418815,Riad de charme en exploitation à vendre à marrakech,https://www.mubawab.ma/fr/a/8418815/riad-de-charme-en-exploitation-%C3%A0-vendre-%C3%A0-marrakech,Vente,Riad,Marrakech,Médina,7 000 000 DH,7000000,365m²,365,12 Pièces,9 Chambres,10 Salles de bains,"Jardin, Terrasse, Garage, Vue sur les montagnes, Piscine, Chambre rangement, Meublé, Entre-seul, Salon Marocain, Salon européen, Antenne parabolique, Cheminée, Climatisation, Chauffage central, Sécurité, Double vitrage, Cuisine équipée, Réfrigérateur, Four, Machine à laver, Micro-ondes","— RIAD DE CHARME en exploitation À VENDRE À MARRAKECH Une propriété authentique, élégante et déjà en activité Découvrez ce magnifique Riad entièrement neuf à son ouverture en mars 2016, idéalement situé à l’extérieur des remparts de la Médina de Marrakech, avec une belle vue en direction des montagnes de l’Atlas. À environ 20 minutes à pied de la Place Jemaa el-Fna et de la Ville Nouvelle, le Riad bénéficie d’un emplacement permettant de profi...",https://www.mubawab-media.com/ad/8/418/815F/h/photo_0_83256196.avif,30,2026-09-30
6991111,Opportunité riad 300 m2 au sol à 10 mn de la place,https://www.mubawab.ma/fr/a/6991111/opportunit%C3%A9-riad-300-m2-au-sol-%C3%A0-10-mn-de-la-place,Vente,Riad,Marrakech,Autre / Centre,7 000 000 DH,7000000,600m²,600,12 Pièces,6 Chambres,6 Salles de bains,"Jardin, Terrasse, Piscine","Beaucoup de possibilités s’offrent à ce bien Accès voiture devant la porte Possibilité d’un restaurant d’une maison d’hôtes, n’hésitez pas à nous contacter pour visiter ce bien est en cours de titrage Nous nous engageons pour l’accompagnement du titrage L avantage de ce riad c est qu il a été rénové il possède 6 suites avec sdb Une piscine Une cuisine",https://www.mubawab-media.com/ad/6/991/111F/h/photo_00_80577016.avif,2,2026-09-30
8232274,Maison d'hôtes de 5 chambres en activité Riad Laarous,https://www.mubawab.ma/fr/a/8232274/maison-d-h%C3%B4tes-de-5-chambres-en-activit%C3%A9-riad-laarous,Vente,Riad,Marrakech,Autre / Centre,7 000 000 DH,7000000,220m²,220,8 Pièces,5 Chambres,5 Salles de bains,"Terrasse, Garage, Meublé, Cheminée, Climatisation, Cuisine équipée","À vendre, un superbe riad traditionnel exploité en maison d’hôtes, idéalement situé dans le quartier prisé de Riad Larouss, à seulement 5 minutes d’un parking et 10 minutes de Dar El Bacha. Ce riad, à l’architecture marocaine classique, allie authenticité et confort. Sa gestion actuelle en maison d’hôtes est parfaitement rodée et génère un très bon chiffre d’affaires, offrant ainsi une opportunité d’investissement rentable et immédiatement explo...",https://www.mubawab-media.com/ad/8/232/274F/h/IMG_7696_81203897.avif,18,2026-09-30
8398139,Riad — bab doukala route lgza,https://www.mubawab.ma/fr/a/8398139/riad-%E2%80%94-bab-doukala-route-lgza,Vente,Riad,Marrakech,Autre / Centre,7 000 000 DH,7000000,240m²,240,12 Pièces,9 Chambres,2 Salles de bains,Terrasse,"RIAD — BAB DOUKALA (Route Lgza) 240 m² Titré Accès voiture Prix 700 000 Riad rare avec accès voiture direct ! Titre foncier, grande surface, idéal résidence de prestige ou maison d'hôtes.",https://www.mubawab-media.com/ad/8/398/139F/h/WhatsApp%20Image%202026-07-10%20at%2017.48.41%20%288%29%20-%20Copy_83032387.avif,13,2026-09-30
8378464,Riad Titré 180m² à Riad Zitoune,https://www.mubawab.ma/fr/a/8378464/riad-titr%C3%A9-180m%C2%B2-%C3%A0-riad-zitoune,Vente,Riad,Marrakech,Autre / Centre,7 000 000 DH,7000000,180m²,180,2 Pièces,8 Chambres,2 Salles de bains,Terrasse,"Riad Titré de 180m² au sol à Riad Zitoune. Riad à rénover en très bon état avec 8 chambres, dont certaines dépassent 20m². Deux façades",https://www.mubawab-media.com/ad/8/378/464F/h/1000030187_82816697.avif,18,2026-09-30
8364467,Magnifique riad Dar el bacha emplacement premium,https://www.mubawab.ma/fr/a/8364467/magnifique-riad-dar-el-bacha-emplacement-premium,Vente,Riad,Marrakech,Médina,7 000 000 DH,7000000,320m²,320,8 Pièces,7 Chambres,2 Salles de bains,Terrasse,"À proximité immédiate de Dar El Bacha, dans l’un des emplacements les plus prestigieux de la médina de Marrakech, authentique riad melkia au charme exceptionnel, préservé dans le plus pur style traditionnel marocain. Édifié sur un rez-de-chaussée, un premier étage et une superbe terrasse, il offre un potentiel remarquable pour la création d’une maison d’hôtes de 7 chambres. Accès voiture à quelques pas du riad, un atout rare dans ce secteur très...",https://www.mubawab-media.com/ad/8/364/467F/h/WhatsApp%20Image%202026-06-13%20at%2013.15.29_82659675.avif,3,2026-09-30
8346356,À vendre Riad Melkia à Bab Ahmer,https://www.mubawab.ma/fr/a/8346356/%C3%A0-vendre-riad-melkia-%C3%A0-bab-ahmer,Vente,Riad,Marrakech,Autre / Centre,7 000 000 DH,7000000,166m²,166,12 Pièces,10 Chambres,7 Salles de bains,"Terrasse, Climatisation, Sécurité","Réf : 026S/026 Riad Melkia exploité en maison d’hôtes en activité à Bab Ahmer à vendre – Emplacement calme à 10 min de Jemaa El Fna Le riad bénéficie d’un excellent emplacement, idéal pour un investissement locatif, une maison d’hôtes ou une activité Airbnb, avec une très bonne accessibilité et un environnement agréable pour les visiteurs. Superficie : 166 m² Composition : 1er étage : * 7 chambres avec salles de bain privatives 2ème étage...",https://www.mubawab-media.com/ad/8/346/356F/h/WhatsApp%20Image%202026-05-08%20at%2012.53.32%20%282%29_82422177.avif,13,2026-09-30
8283992,Riad à vendre à Moulay Lyazid,https://www.mubawab.ma/fr/a/8283992/riad-%C3%A0-vendre-%C3%A0-moulay-lyazid,Vente,Riad,Marrakech,Médina,7 000 000 DH,7000000,600m²,600,11 Pièces,10 Chambres,3 Salles de bains,"Terrasse, Piscine","Exclusivité : Riad de Prestige à La Kasbah – 7 000 000 MAD ​Situé dans l'un des quartiers les plus prestigieux et les plus touristiques de la Médina, ce riad titré de 200 m² au sol (600 m² habitables sur 3 niveaux) est une occasion rare. Bénéficiant d'un accès voiture très facile et d'un environnement dynamique entouré de boutiques artisanales, il est idéal pour un projet de luxe. ​Composition & Atouts ​Capacité : 10 chambres spacieuses offrant u...",https://www.mubawab-media.com/ad/8/283/992F/h/photo_00_81759714.avif,10,2026-09-30
8339593,Riad titré d’exception à vendre – 335 m²,https://www.mubawab.ma/fr/a/8339593/riad-titr%C3%A9-d%E2%80%99exception-%C3%A0-vendre-%E2%80%93-335-m%C2%B2,Vente,Riad,Marrakech,Médina,7 000 000 DH,7000000,335m²,335,8 Pièces,6 Chambres,3 Salles de bains,"Terrasse, Piscine","Exceptional titled riad in Marrakech Medina with luxury guest house potential Magnifique riad titré à vendre situé au cœur de la Médina de Marrakech, dans le quartier recherché de Zaouia Abbassia, un secteur authentique, calme et très apprécié pour les projets de maisons d’hôtes haut de gamme. Ce riad traditionnel offre une superficie de parcelle de 335 m² avec un fort potentiel de rénovation et de valorisation. Il permet la création d’...",https://www.mubawab-media.com/ad/8/339/593F/h/IMG_5673_82347881.avif,2,2026-09-30
8265787,Projet de Riad de Charme à Bab Doukkala,https://www.mubawab.ma/fr/a/8265787/projet-de-riad-de-charme-%C3%A0-bab-doukkala,Vente,Riad,Marrakech,Bab Doukkala,7 000 000 DH,7000000,160m²,160,3 Pièces,5 Chambres,6 Salles de bains,"Terrasse, Piscine, Entre-seul","Ce riad de 160 m² allie charme traditionnel et potentiel d'investissement stratégique dans l'un des quartiers les plus prisés de Marrakech. La propriété présente une structure solide, prête pour une exploitation immédiate ou une valorisation ultérieure. - Emplacement : Situé dans le quartier très recherché de Bab Doukkala. - Agencement : Cinq chambres et six salles de bain organisées autour d'un patio traditionnel. - Atouts : Comprend une cuis...",https://www.mubawab-media.com/ad/8/265/787F/h/WhatsApp%20Image%202025-12-03%20%C3%A0%2017.12.56_5715e8a5_81560914.avif,24,2026-09-30
8230838,Riad marrakech,https://www.mubawab.ma/fr/a/8230838/riad-marrakech,Vente,Riad,Marrakech,Médina,7 110 000 DH,7110000,115m²,115,8 Pièces,8 Chambres,5 Salles de bains,"Terrasse, Vue sur les montagnes, Meublé, Salon Marocain, Salon européen, Climatisation, Chauffage central, Cuisine équipée, Réfrigérateur, Four, Machine à laver, Micro-ondes","Riad d’exception à vendre au cœur de Marrakech – Opportunité d’investissement unique Découvrez ce somptueux riad authentique et entièrement rénové, situé dans l’un des quartiers les plus prisés de Marrakech, à proximité immédiate des sites touristiques, restaurants et souks les plus fréquentés de la médina. Ce riad allie charme traditionnel marocain et confort moderne. Son architecture raffinée, ses matériaux nobles et ses finitions de qualité...",https://www.mubawab-media.com/ad/8/230/838F/h/photo_0_81188513.avif,32,2026-09-30
8230096,"Riad à vendre à Marrakech, entièrement meublé",https://www.mubawab.ma/fr/a/8230096/riad-%C3%A0-vendre-%C3%A0-marrakech-enti%C3%A8rement-meubl%C3%A9,Vente,Riad,Marrakech,Médina,7 110 000 DH,7110000,115m²,115,8 Pièces,8 Chambres,5 Salles de bains,"Terrasse, Meublé, Salon Marocain, Salon européen, Cheminée, Climatisation, Double vitrage, Cuisine équipée, Réfrigérateur, Four, Machine à laver, Micro-ondes","Riad d’exception à vendre au cœur de Marrakech – Opportunité d’investissement unique Découvrez ce somptueux riad authentique et entièrement rénové, situé dans l’un des quartiers les plus prisés de Marrakech, à proximité immédiate des sites touristiques, restaurants et souks les plus fréquentés de la médina. Ce riad allie charme traditionnel marocain et confort moderne. Son architecture raffinée, ses matériaux nobles et ses finitions de qualité...",https://www.mubawab-media.com/ad/8/230/096F/h/photo_0_81181086.avif,32,2026-09-30
8359650,Somptueux riad à vendre à Loudaya. Superficie 117 m². Meublé,https://www.mubawab.ma/fr/a/8359650/somptueux-riad-%C3%A0-vendre-%C3%A0-loudaya-superficie-117-m%C2%B2-meubl%C3%A9,Vente,Riad,Marrakech,Autre / Centre,7 200 000 DH,7200000,117m²,117,7 Pièces,6 Chambres,6 Salles de bains,"Terrasse, Meublé, Salon Marocain, Sécurité, Cuisine équipée, Réfrigérateur, Four, Machine à laver, Micro-ondes","Découvrez ce magnifique riad en vente situé dans la charmante région de Marrakech-Safi, dans la localité de Loudaya. Avec une surface totale de 117 m², ce bien immobilier combine parfaitement l'authenticité et le confort moderne, tout en étant en bon état et habitable immédiatement. Composé de 6 chambres et 6 salles de bain, il offre un espace généreux pour accueillir une grande famille ou pour développer une activité d'hébergement. L'intérieur...",https://www.mubawab-media.com/ad/8/359/650F/h/photo_0_82569197.avif,1,2026-09-30
8254501,Riad maison d’hotes a la vente proche palais royal,https://www.mubawab.ma/fr/a/8254501/riad-maison-d%E2%80%99hotes-a-la-vente-proche-palais-royal,Vente,Riad,Marrakech,Kasbah,7 200 000 DH,7200000,200m²,200,7 Pièces,6 Chambres,6 Salles de bains,"Terrasse, Piscine, Meublé, Salon Marocain, Salon européen, Climatisation, Cuisine équipée","Le Comptoir de l’Immobilier a le plaisir de vous proposer ce magnifique Riad situé dans le quartier très recherché dans la partie sud de la Kasbah à Marrakech, entièrement rénové et plein de charme, doté de six chambres avec salles de bains attenantes, d’un beau patio lumineux et son bassin. En roof top, vous profiterez d’une belle terrasse aménagée. Riad en activité classé maison d’hôtes, vendu entièrement meublé et équipé en superbe état",https://www.mubawab-media.com/ad/8/254/501F/h/riad-renov%C3%A9-maison-d%27hotes-class%C3%A9ee-medina-maroc-kasbah-monument-histoire-maroc-invest-marrakech-rbnb%20%282%29_81431503.avif,11,2026-09-30
8187039,Villa Luxueuse Style Riad À Vendre À Targa,https://www.mubawab.ma/fr/a/8187039/villa-luxueuse-style-riad-%C3%A0-vendre-%C3%A0-targa,Vente,Riad,Marrakech,Targa,7 500 000 DH,7500000,850m²,850,9 Pièces,6 Chambres,5 Salles de bains,"Jardin, Terrasse, Piscine, Entre-seul, Salon Marocain, Salon européen, Cheminée, Climatisation, Cuisine équipée, Réfrigérateur, Four, Machine à laver, Micro-ondes","Le 25 Immobilier vous propose à la vente une somptueuse villa de style riad située à Targa. Édifiée sur un terrain de 1 230 m², elle offre une surface habitable de 850 m² répartie sur trois niveaux. Au rez-de-chaussée, vous trouverez un WC invité, un salon européen avec une cheminée fonctionnelle, un grand salon marocain ainsi qu’une petite fontaine décorative dans le hall. Ce niveau comprend également deux suites, dont une avec placard, ainsi...",https://www.mubawab-media.com/ad/8/187/039F/h/PHOTO-2025-02-25-23-05-16%202_81275966.avif,9,2026-09-30
8424574,Golf Al Maaden villa riad neuf 3 ch,https://www.mubawab.ma/fr/a/8424574/golf-al-maaden-villa-riad-neuf-3-ch,Vente,Riad,Marrakech,Autre / Centre,7 500 000 DH,7500000,280m²,280,5 Pièces,3 Chambres,3 Salles de bains,"Jardin, Terrasse, Garage, Vue sur les montagnes, Piscine, Concierge, Chambre rangement, Salon européen, Cheminée, Climatisation, Cuisine équipée, Réfrigérateur, Four","VILLA RYAD ANABO – AL MAADEN GOLF Au cœur du prestigieux environnement golfique d’Al Maaden, découvrez cette élégante Villa Ryad Anabis, une propriété pleine de charme offrant un cadre de vie privilégié à Marrakech. Bénéficiant d’une exposition plein sud, la villa profite d’une belle luminosité tout au long de la journée et d’agréables espaces extérieurs organisés autour de sa terrasse et de sa piscine privée. Un accès parking est disponible à...",https://www.mubawab-media.com/ad/8/424/574F/h/IMG_0932-HDR_83319306.avif,19,2026-09-30
8420320,Riad de charme 6 chambres avec bassin chauffé,https://www.mubawab.ma/fr/a/8420320/riad-de-charme-6-chambres-avec-bassin-chauff%C3%A9,Vente,Riad,Marrakech,Médina,7 500 000 DH,7500000,215m²,215,8 Pièces,6 Chambres,6 Salles de bains,"Terrasse, Meublé, Cheminée","Au cœur de la Médina de Marrakech, ce magnifique riad de charme séduit par ses volumes généreux, sa luminosité et son atmosphère chaleureuse. Situé dans le quartier de Sidi Benslimane à 5 minutes de Riad Larousse. La maison dispose de 6 belles chambres, chacune avec sa salle de bain. Le cœur du riad s’articule autour d’un grand patio particulièrement lumineux, agrémenté d’un bassin chauffé. La propriété bénéficie également d’une trè...",https://www.mubawab-media.com/ad/8/420/320F/h/IMG_7741_83272401.avif,18,2026-09-30
8416781,Superbe riad à vendre à Arset El Houta. 8 pièces. Meublé,https://www.mubawab.ma/fr/a/8416781/superbe-riad-%C3%A0-vendre-%C3%A0-arset-el-houta-8-pi%C3%A8ces-meubl%C3%A9,Vente,Riad,Marrakech,Médina,7 500 000 DH,7500000,113m²,113,8 Pièces,6 Chambres,8 Salles de bains,"Terrasse, Vue sur les montagnes, Concierge, Chambre rangement, Meublé, Salon Marocain, Salon européen, Antenne parabolique, Cheminée, Climatisation, Sécurité, Double vitrage, Porte blindée, Cuisine équipée, Réfrigérateur, Four, Machine à laver, Micro-ondes","Découvrez ce riad prestigieux situé dans le quartier renommé de Marrakech-Médina, spécifiquement à Arset El Houta. Ce riad, âgé de 5 à 10 ans, incarne le charme authentique mêlé à des commodités modernes. Avec une surface de terrain de 113 m², il offre une architecture élégante et un usage optimal de l'espace. À l'intérieur, la tradition rencontre le luxe moderne. Les sols en marbre ajoutent une touche de sophistication, tandis que la climatisat...",https://www.mubawab-media.com/ad/8/416/781F/h/photo_00_83233512.avif,18,2026-09-30
8409159,Villa riad amelkis,https://www.mubawab.ma/fr/a/8409159/villa-riad-amelkis,Vente,Riad,Marrakech,Amelkis,7 500 000 DH,7500000,260m²,260,4 Pièces,3 Chambres,3 Salles de bains,"Jardin, Terrasse, Garage, Vue sur les montagnes, Piscine, Chambre rangement, Salon Marocain, Salon européen, Cheminée, Climatisation, Sécurité, Cuisine équipée, Réfrigérateur, Four","Tres jolie villa-riad située dans un resort golfique a 10 mn du centre ville. D'une superficie de 260 m2, construite sur un terrain de 500 m2, elle comprend 3 belles suites avec chacune sa salle de douche-bain, une cuisine entièrement équipée, un toilette invités, une dépendance pour le personnel, un jardin joliment arboré et équipé dune piscine chauffée. Le golf est accessible à pied, la residence sécurisée comprend des points de restauration et...",https://www.mubawab-media.com/ad/8/409/159F/h/IMG_1653_83147467.avif,13,2026-09-30
8362775,Magnifique Riad au cœur de la médina de Marrakech,https://www.mubawab.ma/fr/a/8362775/magnifique-riad-au-c%C5%93ur-de-la-m%C3%A9dina-de-marrakech,Vente,Riad,Marrakech,Médina,7 500 000 DH,7500000,317m²,317,9 Pièces,6 Chambres,2 Salles de bains,"Terrasse, Piscine, Salon Marocain, Cheminée","Situé au sein de la médina historique de Marrakech, ce somptueux Riad R1 allie le charme authentique de l'architecture marocaine au confort moderne. Édifié autour d'un agréable patio central, il offre un cadre paisible et raffiné à quelques minutes des principaux sites emblématiques de la ville. Le Riad dispose de six chambres spacieuses, chacune conçue avec soin dans un style traditionnel marocain et équipée de sa propre salle de bains privat...",https://www.mubawab-media.com/ad/8/362/775F/h/WhatsApp%20Image%202026-06-01%20at%2011.34.14%20%284%29_82602514.avif,7,2026-09-30
8382540,Joyau Prêt à Vivre,https://www.mubawab.ma/fr/a/8382540/joyau-pr%C3%AAt-%C3%A0-vivre,Vente,Riad,Marrakech,Autre / Centre,7 500 000 DH,7500000,121m²,121,6 Pièces,4 Chambres,4 Salles de bains,"Terrasse, Cheminée","Un superbe équilibre entre authenticité et confort moderne pour ce riad entièrement titré, offrant des volumes généreux grâce à un étage élargi. Un bien d'exception, parfait pour une résidence principale élégante ou une exploitation locative haut de gamme immédiate. - Emplacement : Situé dans le secteur très prisé de Sidi Bouamar, au cœur du quartier recherché de Riad Laarousse, offrant un accès facile, une sécurité optimale et une ambiance de q...",https://www.mubawab-media.com/ad/8/382/540F/h/1_82860917.avif,25,2026-09-30
8221193,Riad à la médina avec autorisation maison d'hôte,https://www.mubawab.ma/fr/a/8221193/riad-%C3%A0-la-m%C3%A9dina-avec-autorisation-maison-d-h%C3%B4te,Vente,Riad,Marrakech,Médina,7 500 000 DH,7500000,234m²,234,8 Pièces,5 Chambres,5 Salles de bains,"Terrasse, Piscine, Meublé, Salon Marocain, Salon européen, Antenne parabolique, Climatisation, Chauffage central, Sécurité, Double vitrage, Porte blindée, Cuisine équipée, Réfrigérateur, Four, Machine à laver, Micro-ondes","Superbe riad maison d’hôtes à Marrakech – Médina, proche Jemaa el-Fna Situé dans la médina, à seulement 15 minutes à pied de la célèbre place Jemaa el-Fna, ce riad authentique combine charme traditionnel et confort moderne. Surface terrain : 234 m² Surface habitable : 380 m² Chambres : 5 suites spacieuses, chacune avec salle de bain privative et climatisation Espaces communs : patio avec petite piscine, hammam traditionnel, salon...",https://www.mubawab-media.com/ad/8/221/193F/h/70172a37-52f5-40da-a707-2aa75b2e1be0_81082156.avif,31,2026-09-30
8238993,Superbe riad à vendre à beb dekkala. Superficie 234 m²,https://www.mubawab.ma/fr/a/8238993/superbe-riad-%C3%A0-vendre-%C3%A0-beb-dekkala-superficie-234-m%C2%B2,Vente,Riad,Marrakech,Autre / Centre,7 500 000 DH,7500000,234m²,234,28 Pièces,5 Chambres,6 Salles de bains,"Terrasse, Piscine, Climatisation, Cuisine équipée","RIAD en vente Elle dispose d'une superficie de deux-cent-trente-quatre mètres carrés avec un titre foncier. Cette propriété comprend cinq suites, chacune équipée d'une salle de bain et de la climatisation pliée toilettes des invités séparés. Les équipements de la propriété incluent : -Un Hamam Moroccan chauffé - Un appui d'eau - Une petite piscine - Une chambre de linge - Une cuisine entièrement équipée - Une terrasse équipée avec des relax et d...",https://www.mubawab-media.com/ad/8/238/993F/h/photo_00_81272323.avif,26,2026-09-30
8418100,Riad traditionnel 5 chambres possibilité 7 titré à vendre de...,https://www.mubawab.ma/fr/a/8418100/riad-traditionnel-5-chambres-possibilit%C3%A9-7-titr%C3%A9-%C3%A0-vendre-derb-dabachi,Vente,Riad,Marrakech,Autre / Centre,7 560 000 DH,7560000,162m²,162,8 Pièces,5 Chambres,3 Salles de bains,"Meublé, Salon Marocain","Ce riad d'habitation titré, de 270 m² habitables sur 162 m² au sol, situé à Derb Dabachi à seulement 5 minutes de la place Jemaa El Fna, offre un cadre de vie authentique au cœur d'un secteur prisé entouré de nombreuses maisons d'hôtes. Une belle opportunité pour les amateurs de riad à vendre à Marrakech en quête d'un bien titré, idéal pour une résidence principale, secondaire ou un investissement immobilier à Marrakech. Réparti sur 3 niveaux, c...",https://www.mubawab-media.com/ad/8/418/100F/h/thumb_163367_property_xlarge_83247655.avif,23,2026-09-30
8416557,Trouvez votre riad à acheter à Kennaria. 10 pièces. Bien meu...,https://www.mubawab.ma/fr/a/8416557/trouvez-votre-riad-%C3%A0-acheter-%C3%A0-kennaria-10-pi%C3%A8ces-bien-meubl%C3%A9,Vente,Riad,Marrakech,Médina,7 600 000 DH,7600000,116m²,116,10 Pièces,10 Chambres,4 Salles de bains,"Terrasse, Piscine, Chambre rangement, Meublé, Salon Marocain, Salon européen, Antenne parabolique, Climatisation, Chauffage central, Sécurité, Porte blindée, Cuisine équipée","AFFAIRE RARE À MARRAKECH – INVESTISSEMENT CLÉ EN MAIN ! RIAD TITRÉ & AUTORISÉ EN MAISON D’HÔTES – 10 CHAMBRES ️ Uniquement pour clients sérieux. Votre bureau d’affaires immobilier Clé Darna vous propose une opportunité exceptionnelle au cœur de la Médina de Marrakech, dans un quartier recherché, à quelques minutes seulement de la mythique place Jemaa el-Fna. Un investissement touristique prêt à exploiter, avec activité déjà en place ! Ce mag...",https://www.mubawab-media.com/ad/8/416/557F/h/photo_0_83230897.avif,18,2026-09-21
8364596,Vente d'un superbe riad à bab doukala 8 chambres agréables,https://www.mubawab.ma/fr/a/8364596/vente-d-un-superbe-riad-%C3%A0-bab-doukala-8-chambres-agr%C3%A9ables,Vente,Riad,Marrakech,Médina,7 600 000 DH,7600000,288m²,288,6 Pièces,8 Chambres,4 Salles de bains,,"Ce magnifique riad à vendre est situé dans le quartier bab doukala , au cœur de la Médina de Marrakech, dans la région de Marrakech-Safi. Avec une superficie de 288 m², cet espace authentique offre un cadre de vie exceptionnel. En très bon état et prêt à être habité, le riad comprend huit pièces spacieuses et quatre salles de bains. Les images révèlent un charmant patio central décoré de mosaïques traditionnelles et orné d'une fontaine élégante...",https://www.mubawab-media.com/ad/8/364/596F/h/photo_00_82660932.avif,6,2026-09-30
8316697,RIAD Ben Saleh,https://www.mubawab.ma/fr/a/8316697/riad-ben-saleh,Vente,Riad,Marrakech,Autre / Centre,7 700 000 DH,7700000,320m²,320,10 Pièces,5 Chambres,5 Salles de bains,"Terrasse, Vue sur les montagnes, Piscine, Salon Marocain, Cheminée, Climatisation, Sécurité, Cuisine équipée, Réfrigérateur, Four, Micro-ondes","Opportunité unique pour ce riad à vendre. Prix 7 700 000 DH. 10 pièces, 5 salles de bains, 5 chambres. Moins de 5 ans. Confortable et bien équipé avec piscine, cheminée et climatisation. Contactez-nous pour visiter ce riad à vendre à Marrakech. Cuisine bien équipée. Superbe terrasse. Profitez d'une vue inégalable sur les montagnes",https://www.mubawab-media.com/ad/8/316/697F/h/photo_00_82107170.avif,9,2026-09-30
8366381,Riad Titré de Caractère de 167 m² Ben Youssef,https://www.mubawab.ma/fr/a/8366381/riad-titr%C3%A9-de-caract%C3%A8re-de-167-m%C2%B2-ben-youssef,Vente,Riad,Marrakech,Autre / Centre,7 790 000 DH,7790000,360m²,360,4 Pièces,7 Chambres,7 Salles de bains,"Terrasse, Chambre rangement, Meublé, Salon Marocain, Salon européen, Antenne parabolique, Sécurité, Double vitrage, Cuisine équipée, Réfrigérateur, Four, Machine à laver","Riad Titré de Caractère de 167 m² à 2 Minutes de la Médersa Ben Youssef – Emplacement Exceptionnel La Cible Immobilier vous propose à la vente ce superbe Riad entièrement titré de 167 m² au sol, idéalement situé au cœur du quartier historique et culturel de Kaat Bennahid, à moins de 2 minutes à pied de la célèbre Médersa Ben Youssef. Cette demeure traditionnelle, offrant de très beaux volumes et une excellente distribution, bénéficie d'une...",https://www.mubawab-media.com/ad/8/366/381F/h/216210_82803607.avif,29,2026-09-30
8260033,Charmant Riad à vendre à Marrakech Sidi Mimoun,https://www.mubawab.ma/fr/a/8260033/charmant-riad-%C3%A0-vendre-%C3%A0-marrakech-sidi-mimoun,Vente,Riad,Marrakech,Autre / Centre,7 790 000 DH,7790000,180m²,180,6 Pièces,3 Chambres,3 Salles de bains,"Terrasse, Piscine, Chambre rangement, Meublé, Entre-seul, Cheminée, Climatisation, Cuisine équipée","Découvrez ce magnifique riad à vendre à Marrakech, situé dans le quartier prisé de Sidi Mimoun ! Avec une surface de 97 m² au sol, ce bien spacieux comprend 3 chambres confortables, parfaites pour accueillir votre famille ou vos amis. Ce riad, au prix attractif de 7.790.000 Dirhams, Idéalement situé, vous serez à proximité de nombreux points d'intérêt, notamment la place Jemaa El Fna, que des parcs pour profiter de moments de détente en plein ai...",https://www.mubawab-media.com/ad/8/260/033F/h/WhatsApp%20Image%202025-11-27%20at%2010.18.11%20%286%29_81487939.avif,16,2026-09-30
8395492,Riad de Charme de Adjacant au Palais Bahia,https://www.mubawab.ma/fr/a/8395492/riad-de-charme-de-adjacant-au-palais-bahia,Vente,Riad,Marrakech,Médina,7 900 000 DH,7900000,255m²,255,7 Pièces,4 Chambres,4 Salles de bains,"Terrasse, Climatisation, Cuisine équipée, Réfrigérateur, Four, Machine à laver, Micro-ondes","Bénéficiant d'un emplacement patrimonial d'exception, ce Riad titré offre de superbes volumes et une structure saine au cœur de la Médina. Avec ses 134 m² au sol et ses 255 m² habitables, ce bien propose des prestations complètes, idéales pour une résidence principale ou un projet locatif. Emplacement : Adjacant au prestigieux Palais Bahia, dans un secteur historique et très prisé de la Médina. Superficie & Agencement : 134 m² au sol (255...",https://www.mubawab-media.com/ad/8/395/492F/h/WhatsApp%20Image%202026-08-07%20at%2009.53.42%20%281%29_83003815.avif,14,2026-09-30
8418826,Riad fin 19ème – Première ligne sur Palais Bahia,https://www.mubawab.ma/fr/a/8418826/riad-fin-19%C3%A8me-%E2%80%93-premi%C3%A8re-ligne-sur-palais-bahia,Vente,Riad,Marrakech,Médina,7 900 000 DH,7900000,280m²,280,7 Pièces,4 Chambres,4 Salles de bains,"Terrasse, Meublé, Cheminée, Cuisine équipée","Au cœur de l’un des quartiers les plus recherchés de la médina de Marrakech, Riad Zeitoun Jdid, découvrez ce magnifique riad traditionnel offrant de très beaux volumes et un charme authentique. La propriété séduit par la qualité de son architecture et la richesse de ses détails. Les plafonds en bois peint d'origine, les beaux zelliges traditionnels et les matériaux soigneusement conservés témoignent d’un véritable savoir-faire marocain e...",https://www.mubawab-media.com/ad/8/418/826F/h/PXL_20260728_1127439822_Original_83256331.avif,15,2026-09-30
7960094,Magnifique Riad a titré 290 m au kasba,https://www.mubawab.ma/fr/a/7960094/magnifique-riad-a-titr%C3%A9-290-m-au-kasba,Vente,Riad,Marrakech,Médina,7 900 000 DH,7900000,290m²,290,13 Pièces,10 Chambres,5 Salles de bains,"Terrasse, Vue sur les montagnes","Emplacement exceptionnel – 5 minutes de Jamaâ El Fna – 3 façades – Titré À vendre un riad plein de charme, situé dans l’un des quartiers les plus prisés de la médina, à seulement 5 minutes à pied de la place Jamaâ El Fna. Avec une superficie de 270 m², 3 façades et un titre foncier, ce bien offre un énorme potentiel après rénovation. Atouts du bien : • Emplacement stratégique et recherché • 3 façades offrant lumière et ventilation naturelles ...",https://www.mubawab-media.com/ad/7/960/094F/h/photo_0_81460683.avif,2,2026-09-30
8409943,Riad de 297 m² au sol à rénover – Derb Dabachi,https://www.mubawab.ma/fr/a/8409943/riad-de-297-m%C2%B2-au-sol-%C3%A0-r%C3%A9nover-%E2%80%93-derb-dabachi,Vente,Riad,Marrakech,Médina,8 000 000 DH,8000000,293m²,293,8 Pièces,8 Chambres,3 Salles de bains,,"Riad à vendre à rénover – Derb Dabachi, Médina de Marrakech À vendre, riad melkiya situé dans le quartier recherché de Derb Dabachi, au cœur de la Médina de Marrakech, à seulement 3 minutes à pied du Café de France et à proximité immédiate de la place Jemaa el-Fna. Implanté sur une superficie au sol de 297 m², ce riad présente un fort potentiel de rénovation et de valorisation. Grâce à sa surface généreuse et à son emplacement touristique de pr...",https://www.mubawab-media.com/ad/8/409/943F/h/IMG_1491_83157180.avif,9,2026-09-30
8383119,"Riad authentique à vendre – riad zitoun jedid, médina de mar...",https://www.mubawab.ma/fr/a/8383119/riad-authentique-%C3%A0-vendre-%E2%80%93-riad-zitoun-jedid-m%C3%A9dina-de-marrakech,Vente,Riad,Marrakech,Médina,8 000 000 DH,8000000,185m²,185,7 Pièces,4 Chambres,3 Salles de bains,Terrasse,"RIAD AUTHENTIQUE À VENDRE – RIAD ZITOUN JEDID, MÉDINA DE MARRAKECH Situé dans l’un des quartiers les plus prisés de la médina de Marrakech, ce magnifique riad bénéficie d’un emplacement exceptionnel à seulement 2 minutes à pied du Palais Bahia et 5 minutes de la célèbre place Jemaa El-Fna. Superficie : 185 m² Composition du bien : Rez-de-chaussée : * Patio traditionnel * 3 salons * 1 petite chambre avec salle de bain Étage : * 4 chambres *...",https://www.mubawab-media.com/ad/8/383/119F/h/photo_00_82867034.avif,7,2026-09-30
8361378,Magnifique Riad à rénové à la Kasbah,https://www.mubawab.ma/fr/a/8361378/magnifique-riad-%C3%A0-r%C3%A9nov%C3%A9-%C3%A0-la-kasbah,Vente,Riad,Marrakech,Kasbah,8 000 000 DH,8000000,850m²,850,12 Pièces,10 Chambres,2 Salles de bains,Entre-seul,"Magnifique Riad à rénové à la Kasbah Caractéristiques du bien : Superficie : 288 m² au sol Titre foncier : Propriété avec titre foncier en règle Sous-sol : Espace polyvalent pouvant être utilisé pour le stockage ou d'autres activités Ce Riad représente une opportunité unique d'investissement, que ce soit pour un projet hôtelier, une maison d'hôtes ou une résidence personnelle. Sa localisation stratégique et ses nombreuses chambres en f...",https://www.mubawab-media.com/ad/8/361/378F/h/porte%203_82587479.avif,1,2026-09-30
8365552,Splendide villa à vendre à Riad Essalam. 6 belles chambres...,https://www.mubawab.ma/fr/a/8365552/splendide-villa-%C3%A0-vendre-%C3%A0-riad-essalam-6-belles-chambres-bien-meubl%C3%A9,Vente,Riad,Marrakech,Autre / Centre,8 000 000 DH,8000000,540m²,540,10 Pièces,6 Chambres,6 Salles de bains,"Jardin, Terrasse, Garage, Vue sur les montagnes, Chambre rangement, Meublé, Salon Marocain, Salon européen, Antenne parabolique, Cheminée, Climatisation, Sécurité, Cuisine équipée, Réfrigérateur, Four, Machine à laver, Micro-ondes","Située dans le quartier prisé de Riad Essalam à Marrakech, cette somptueuse villa de luxe offre une expérience de vie inégalée. S'étendant sur une surface habitable de 540 m² et installée sur un terrain de 511 m², cette résidence allie espace et élégance. Son extérieur est agrémenté d'un jardin luxuriant où se dressent majestueusement des palmiers, offrant une atmosphère de sérénité. L'entrée pavée et l'imposante façade avec des touches de mosa...",https://www.mubawab-media.com/ad/8/365/552F/h/photo_0_82672923.avif,21,2026-09-30
8357427,Magnifique Riad 5 suites 7 min de la place,https://www.mubawab.ma/fr/a/8357427/magnifique-riad-5-suites-7-min-de-la-place,Vente,Riad,Marrakech,Autre / Centre,8 000 000 DH,8000000,350m²,350,7 Pièces,5 Chambres,5 Salles de bains,"Terrasse, Garage, Vue sur les montagnes, Piscine, Meublé, Salon européen, Cuisine équipée, Réfrigérateur, Four, Machine à laver","A 7 min de la place, dans le quartier de Douar Graoua, avec la dépose voiture et le parking à 1 min, découvrez ce splendide riad de suites, qui vient d'être entièrement rénové. Entrée sur un patio très ouvert, verrière électrique pour un confort optimal été comme hiver, 5 très grandes suites avec chacune leur salle de bain avec zellige et une belle robinetterie, cuisine équipée et arrière cuisine, salon cosy, hammam à l'étage, cuisine d'été, salo...",https://www.mubawab-media.com/ad/8/357/427F/h/DSC04692_82545396.avif,15,2026-09-30
8310946,"Riad titré à fort potentiel, quartier Derb Dabachi",https://www.mubawab.ma/fr/a/8310946/riad-titr%C3%A9-%C3%A0-fort-potentiel-quartier-derb-dabachi,Vente,Riad,Marrakech,Médina,8 000 000 DH,8000000,162m²,162,5 Pièces,4 Chambres,3 Salles de bains,Salon Marocain,"Situé dans le quartier très recherché de Derb Dabachi, à quelques minutes à pied de Jemaa El-Fna, ce riad authentique bénéficie d’un emplacement premium au cœur de la médina, particulièrement prisé pour l’investissement touristique. Produit rare et jamais exploité, il offre une base idéale pour la création d’une maison d’hôtes ou d’un riad de charme, avec de beaux volumes et une configuration parfaitement adaptée à l’exploitation. Caractéristiqu...",https://www.mubawab-media.com/ad/8/310/946F/h/8_82045082.avif,12,2026-09-30
8232873,Maison d&rsquo; hôtes 6 chambres Bab Doukkala,https://www.mubawab.ma/fr/a/8232873/maison-d-rsquo-h%C3%B4tes-6-chambres-bab-doukkala,Vente,Riad,Marrakech,Médina,8 100 000 DH,8100000,320m²,320,10 Pièces,6 Chambres,6 Salles de bains,"Terrasse, Meublé, Cuisine équipée","Idéalement situé dans le quartier recherché de Bab Doukkala, ce riad maison d’hôtes bénéficie d’un accès voiture facile et proche, un atout rare en médina. Le riad se compose de 6 chambres, offrant de très beaux volumes et d'une belle luminosité naturelle. L’architecture traditionnelle marocaine a été préservée. Ce bien présente un fort potentiel : une simple mise au goût du jour permettra de révéler tout son caractère et d’en faire un lieu de...",https://www.mubawab-media.com/ad/8/232/873F/h/IMG_7724_81210053.avif,18,2026-09-30
8417820,Villa d’exception golf de noria marrakech,https://www.mubawab.ma/fr/a/8417820/villa-d%E2%80%99exception-golf-de-noria-marrakech,Vente,Riad,Marrakech,Autre / Centre,8 200 000 DH,8200000,497m²,497,8 Pièces,6 Chambres,6 Salles de bains,"Jardin, Terrasse, Garage, Vue sur les montagnes, Piscine, Chambre rangement, Entre-seul, Cheminée, Climatisation, Sécurité, Double vitrage, Porte blindée, Cuisine équipée, Réfrigérateur, Four, Micro-ondes","*VILLA D’EXCEPTION – GOLF DE NORIA, MARRAKECH* Livraison immédiate Au cœur du prestigieux Golf de Noria, dans un domaine sécurisé, découvrez une villa contemporaine alliant architecture élégante, volumes spectaculaires et confort haut de gamme. 497 m² construits Terrain paysagé de 560 m². *ARCHITECTURE & ESPACES DE VIE* • Double hauteur spectaculaire inspirée d’un riad, ouverte sur le jardin et la piscine • Double salon lumineux idéal pour r...",https://www.mubawab-media.com/ad/8/417/820F/h/1000357437_83244777.avif,10,2026-09-30
8308943,Maison d'hôtes clé en main – Médina de Marrakech,https://www.mubawab.ma/fr/a/8308943/maison-d-h%C3%B4tes-cl%C3%A9-en-main-%E2%80%93-m%C3%A9dina-de-marrakech,Vente,Riad,Marrakech,Médina,8 200 000 DH,8200000,113m²,113,5 Pièces,6 Chambres,6 Salles de bains,"Terrasse, Meublé, Entre-seul, Salon Marocain, Salon européen, Cheminée, Climatisation, Cuisine équipée, Réfrigérateur, Four, Machine à laver, Micro-ondes","Maison d'Hôtes de Premier Plan – Médina de Marrakech Saisissez l'opportunité d'acquérir un établissement hôtelier en pleine exploitation dans le quartier très convoité d'Arset Loughzail. Ce Riad de construction récente offre une solution « clés en main » idéale pour les investisseurs recherchant une rentabilité immédiate au cœur de la Ville Rouge. -Emplacement : Position stratégique à Arset Loughzail, à seulement huit minutes à pied de l'em...",https://www.mubawab-media.com/ad/8/308/943F/h/WhatsApp%20Image%202026-02-14%20at%2012.27.20_82024030.avif,18,2026-09-30
8254497,Magnifique riad titre a la vente benslimane,https://www.mubawab.ma/fr/a/8254497/magnifique-riad-titre-a-la-vente-benslimane,Vente,Riad,Marrakech,Médina,8 250 000 DH,8250000,250m²,250,8 Pièces,6 Chambres,6 Salles de bains,"Terrasse, Piscine, Meublé, Salon Marocain, Salon européen, Cheminée, Climatisation, Cuisine équipée","Notre agence Le Comptoir de l’Immobilier à Marrakech vous propose ce magnifique Riad entièrement rénové situé dans le quartier Ben Slimane, d’une superficie de 153 m² au sol, composé de six chambres avec ses salles de bains attenantes, d’un beau patio agrémenté d’une piscine en zellige, d’une fontaine et d’une grande terrasse joliment aménagée dotée d’une fresque murale. Après un dédale de ruelles dans la Médina, vous franchissez la porte du riad...",https://www.mubawab-media.com/ad/8/254/497F/h/riad-renov%C3%A9-vente-achat-medina-maroc-marrakech-agence-immo-medina-hotes-location%20%283%29_81431465.avif,12,2026-09-30
8364599,Riad titre à la vente à Kennaria. 5 pièces confortables. S...,https://www.mubawab.ma/fr/a/8364599/riad-titre-%C3%A0-la-vente-%C3%A0-kennaria-5-pi%C3%A8ces-confortables-salon-typique-marocain-r%C3%A9sidence-s%C3%A9curis%C3%A9e,Vente,Riad,Marrakech,Médina,8 500 000 DH,8500000,118m²,118,6 Pièces,5 Chambres,5 Salles de bains,"Terrasse, Piscine, Salon Marocain, Climatisation, Sécurité","Ce magnifique riad en vente est situé dans le quartier authentique de Kennaria, au cœur de Marrakech-Médina, dans la région de Marrakech-Safi. Avec une surface totale de 118 m², cette propriété est un projet nouvellement achevé, offrant le luxe et le confort moderne dans un cadre traditionnel. Le riad dispose de cinq chambres spacieuses, chacune accompagnée de sa propre salle de bain, garantissant une grande intimité et confort. Les élégants sal...",https://www.mubawab-media.com/ad/8/364/599F/h/photo_00_82660945.avif,7,2026-09-30
8331431,Trouvez votre riad à acheter à Berrima. 3 chambres,https://www.mubawab.ma/fr/a/8331431/trouvez-votre-riad-%C3%A0-acheter-%C3%A0-berrima-3-chambres,Vente,Riad,Marrakech,Autre / Centre,8 500 000 DH,8500000,321m²,321,7 Pièces,3 Chambres,4 Salles de bains,,"Opportunité unique pour ce riad à vendre. Prix 9,000,000 MAD. 3 chambres, 4 salles de bain, 321 mètres carrés. 7 pièces. Moins de 20 ans. Ce riad est à vendre à Brima, Marrakech",https://www.mubawab-media.com/ad/8/331/431F/h/photo_00_82262595.avif,7,2026-09-30
8302507,"Riad titré rénové 5 chambres à Ben Salah, Médina",https://www.mubawab.ma/fr/a/8302507/riad-titr%C3%A9-r%C3%A9nov%C3%A9-5-chambres-%C3%A0-ben-salah-m%C3%A9dina,Vente,Riad,Marrakech,Médina,8 500 000 DH,8500000,117m²,117,7 Pièces,5 Chambres,4 Salles de bains,"Terrasse, Piscine, Meublé, Salon Marocain, Climatisation, Sécurité, Cuisine équipée","Situé au cœur du quartier recherché de Ben Salah, ce riad titré de 117 m² entièrement rénové allie charme oriental et confort moderne, avec un accès voiture à proximité et prêt à emménager immédiatement. Caractéristiques principales : • Superficie titrée : 117 m² • 5 chambres élégantes avec salles de bains, dont 2 suites avec baignoire • Salle de massage et hammam traditionnel • 2 cuisines entièrement équipées • Piscine priv...",https://www.mubawab-media.com/ad/8/302/507F/h/1_81958366.avif,10,2026-09-30
8236032,Riad 240m2 a sidi bouloukat,https://www.mubawab.ma/fr/a/8236032/riad-240m2-a-sidi-bouloukat,Vente,Riad,Marrakech,Riad Zitoun,8 500 000 DH,8500000,500m²,500,9 Pièces,6 Chambres,2 Salles de bains,Terrasse,"A vendre Riad titré 240m2 Quartier riad zitoun sidi bouloukat 9 pièces Superficie 240m2 prix de vente 8 500 000 DH Honoraires d'agence 2,5%HT",https://www.mubawab-media.com/ad/8/236/032F/h/IMG-20260303-WA0024_82069204.avif,22,2026-09-30
8139739,Vente Villa à bab doukkala,https://www.mubawab.ma/fr/a/8139739/vente-villa-%C3%A0-bab-doukkala,Vente,Riad,Marrakech,Médina,8 500 000 DH,8500000,300m²,300,12 Pièces,9 Chambres,6 Salles de bains,"Jardin, Terrasse, Garage, Meublé","Je mets en vente un superbe Riad de 300 m² habitables, idéalement situé à Bab Doukkala, l’un des quartiers les plus prisés de la médina de Marrakech. Ce bien rare, doté d’une double façade avec deux entrées, allie charme traditionnel et potentiel locatif haut de gamme. Le riad se compose au rez-de-chaussée d’un garage, d’un patio central, de quatre salons, d’une cuisine, de deux toilettes invités et de deux petites cabines. À l’étage : deux sui...",https://www.mubawab-media.com/ad/8/139/739F/h/08d047211a4c39d1a47a_80246863.avif,12,2026-09-30
8357552,Riad de 500 m² à 2 Minutes de la Place,https://www.mubawab.ma/fr/a/8357552/riad-de-500-m%C2%B2-%C3%A0-2-minutes-de-la-place,Vente,Riad,Marrakech,Autre / Centre,8 800 000 DH,8800000,500m²,500,13 Pièces,12 Chambres,3 Salles de bains,"Terrasse, Salon Marocain","Riad de 500 m² à 2 Minutes de la Place Jemaa El Fna – Idéal Projet Hôtelier de Prestige La Cible Immobilier vous propose à la vente ce somptueux Riad traditionnel en terre de 300 m² au sol, idéalement situé à seulement deux minutes de la célèbre place Jemaa El Fna, au cœur du quartier prisé de Derb Dabachi. Cette demeure de caractère, entièrement titrée, incarne l'essence même de l'architecture marocaine avec ses structures en terre et ses...",https://www.mubawab-media.com/ad/8/357/552F/h/20260531_141127_82546686.avif,20,2026-09-30
8315992,"Riad titré 9 suites quartier Kasbah, Médina",https://www.mubawab.ma/fr/a/8315992/riad-titr%C3%A9-9-suites-quartier-kasbah-m%C3%A9dina,Vente,Riad,Marrakech,Médina,8 800 000 DH,8800000,100m²,100,10 Pièces,9 Chambres,9 Salles de bains,"Meublé, Salon Marocain, Sécurité, Cuisine équipée","Situé dans le quartier très recherché de la Kasbah, au cœur de la médina de Marrakech, ce riad titré bénéficie d’un emplacement privilégié dans l’un des secteurs les plus prisés pour les projets résidentiels ou touristiques. Édifié sur un terrain de 100 m² au sol, le riad offre une configuration particulièrement intéressante pour une exploitation locative ou une maison d’hôtes, grâce à son nombre important de suites et ses espaces de vie. Caract...",https://www.mubawab-media.com/ad/8/315/992F/h/2_82099954.avif,12,2026-09-30
8382547,L'Art de Vivre au Coeur de Riad Laarousse,https://www.mubawab.ma/fr/a/8382547/l-art-de-vivre-au-coeur-de-riad-laarousse,Vente,Riad,Marrakech,Autre / Centre,8 900 000 DH,8900000,149m²,149,6 Pièces,4 Chambres,4 Salles de bains,"Terrasse, Cheminée, Cuisine équipée","Avec sa généreuse emprise au sol et ses espaces de réception d'exception, ce riad entièrement titré marie à la perfection confort, grands volumes et charme marocain. Offrant des prestations rares telles qu'un double salon et des chambres exclusivement en suite, il représente une opportunité prestigieuse, prête à devenir une grande demeure familiale ou une exploitation locative de premier choix. - Emplacement : Un positionnement idéal au Derb E...",https://www.mubawab-media.com/ad/8/382/547F/h/1_83274515.avif,22,2026-09-30
8265541,"À vendre – Riad titré à Marrakech, quartier Riyad Laarouse",https://www.mubawab.ma/fr/a/8265541/%C3%A0-vendre-%E2%80%93-riad-titr%C3%A9-%C3%A0-marrakech-quartier-riyad-laarouse,Vente,Riad,Marrakech,Autre / Centre,9 000 000 DH,9000000,350m²,350,7 Pièces,6 Chambres,6 Salles de bains,Meublé,"Rare opportunité sur le marché ! Découvrez ce riad entièrement refait à neuf, situé dans le très recherché quartier Riyad Laarouse. Ce bien titré est idéal pour un realty trip, une location saisonnière, ou comme résidence principale de prestige. Surface au sol : 204 m² Surface habitable : 350 m² Chambres : 6 suites (possibilité d’aménager jusqu’à 9 chambres) Salon spacieux État : vendu non meublé Alliant authenticité marocaine et confort mo...",https://www.mubawab-media.com/ad/8/265/541F/h/photo_0_81558444.avif,1,2026-09-30
8233659,Un grand riad a brima superficie 321m malkia,https://www.mubawab.ma/fr/a/8233659/un-grand-riad-a-brima-superficie-321m-malkia,Vente,Riad,Marrakech,Autre / Centre,9 200 000 DH,9200000,321m²,321,6 Pièces,10 Chambres,3 Salles de bains,,Un grand riad a barrima Superficie 321m Prix 9200000dh Malkia Riad a rénover Bien placé bon point d'accès,https://www.mubawab-media.com/ad/8/233/659F/h/photo_00_82244966.avif,2,2026-09-30
8268679,Riad à vendre Medina Marrakech,https://www.mubawab.ma/fr/a/8268679/riad-%C3%A0-vendre-medina-marrakech,Vente,Riad,Marrakech,Médina,9 500 000 DH,9500000,400m²,400,18 Pièces,16 Chambres,8 Salles de bains,"Terrasse, Chambre rangement, Entre-seul, Cuisine équipée","Découvrez ce magnifique riad à vendre situé dans le secteur prisé de Kennaria à Marrakech, Ce bien d'exception, référencé sous le numéro 250149VE, est proposé au prix de 9.500.000 Dirhams. Avec une superficie de terrain de 268 m²au sol et 16 chambres, ce riad offre un potentiel immense pour un projet personnel ou commercial. l'espace disponible permet de nombreuses possibilités d'aménagement. La localisation est idéale, à proximité de la place...",https://www.mubawab-media.com/ad/8/268/679F/h/WhatsApp%20Image%202025-11-28%20at%2010.29.06_81594757.avif,19,2026-09-30
8225357,Riad de luxe,https://www.mubawab.ma/fr/a/8225357/riad-de-luxe,Vente,Riad,Marrakech,Autre / Centre,9 500 000 DH,9500000,240m²,240,2 Pièces,7 Chambres,3 Salles de bains,"Terrasse, Salon Marocain",Riad de luxe Quartier Road zitoun Titré En plein centre Jamalfna Surface au sol 240 m Sur 2 niveaux plus un terrasse panoramique,https://www.mubawab-media.com/ad/8/225/357F/h/photo_00_81652550.avif,3,2026-09-30
8115561,Superbe maison à vendre à Bab Aylan. 6 belles chambres. Gran...,https://www.mubawab.ma/fr/a/8115561/superbe-maison-%C3%A0-vendre-%C3%A0-bab-aylan-6-belles-chambres-grande-terrasse,Vente,Riad,Marrakech,Autre / Centre,9 500 000 DH,9500000,321m²,321,6 Pièces,7 Chambres,5 Salles de bains,"Terrasse, Chambre rangement",Joli Riad Attestation administrative Surface au sol 321 m 963 m habitable Proche du palais badiï Quartier Berrima accès voiture même pas 5 mètres,https://www.mubawab-media.com/ad/8/115/561F/h/photo_1_82008086.avif,6,2026-09-30
8300168,Superbe riad avec autorisation maison d’hôtes,https://www.mubawab.ma/fr/a/8300168/superbe-riad-avec-autorisation-maison-d%E2%80%99h%C3%B4tes,Vente,Riad,Marrakech,Médina,9 750 000 DH,9750000,179m²,179,6 Pièces,7 Chambres,7 Salles de bains,"Terrasse, Vue sur les montagnes, Piscine, Chambre rangement, Meublé, Entre-seul, Salon Marocain, Salon européen, Cheminée, Climatisation, Cuisine équipée, Réfrigérateur, Four, Machine à laver, Micro-ondes","Riad de Prestige : Investissement Clé en Main en Médina Ce riad titré de 179m² , situé dans le quartier très recherché de Riad Larousse, représente une opportunité rare pour un rendement locatif immédiat. Entièrement exploité en tant que maison d'hôtes avec licence, il allie parfaitement le charme marocain authentique au luxe moderne pour un investissement serein. -Emplacement : Quartier prisé de Riad Larousse, Médina de Marrakech. -Agen...",https://www.mubawab-media.com/ad/8/300/168F/h/22449513_81934357.avif,22,2026-09-30
8258832,Magnifique riad 7 chambres kennaria,https://www.mubawab.ma/fr/a/8258832/magnifique-riad-7-chambres-kennaria,Vente,Riad,Marrakech,Koutoubia,9 930 000 DH,9930000,350m²,350,9 Pièces,7 Chambres,7 Salles de bains,"Terrasse, Piscine, Chambre rangement, Salon Marocain, Salon européen, Cheminée, Climatisation, Cuisine équipée","Le Comptoir de l’Immobilier de Marrakech a le plaisir de vous proposer ce magnifique Riad de 166 m2 au sol, entièrement rénové, de 7 chambres avec ses salles de bain, un beau salon avec cheminée, sa terrasse dotée d’une cuisine, une grande salle à manger/salon et son bassin. Un beau rooftop avec vue sur la Koutoubia. Situé dans le quartier très prisé de Kennaria, à deux pas de la Place Jemaa el Fna et du Palais Bahia",https://www.mubawab-media.com/ad/8/258/832F/h/riad-renovation-kennaria-medina-maroc-place-bahia-marrakech-vente-hotes-soleil-place-immo-agence-reference-comptoir%20%28%20%2811%29_81475871.avif,13,2026-09-30
8410575,Place jemaa el fna Rare Riad Titré,https://www.mubawab.ma/fr/a/8410575/place-jemaa-el-fna-rare-riad-titr%C3%A9,Vente,Riad,Marrakech,Autre / Centre,10 000 000 DH,10000000,360m²,360,11 Pièces,10 Chambres,10 Salles de bains,Terrasse,"Directe propriétaire : Donnant sur la place JEMAA EL FNA ( rare) Depuis la terrasse, s'offre un panorama digne des plus belles cartes postales de la place. Riad de 10 chambres avec salle de bain Hammam Riad Titré Autorisation Maison d'hôtes Locataire en place ( groupe hôtelier) issu d'un contrat de location gérance Loyer Net conséquent. Cède murs et fond Information ou contacte téléphonique par WhatsApp",https://www.mubawab-media.com/ad/8/410/575F/h/Marrakesh-Market-Image-450x300_83163926.avif,1,2026-09-30
7703967,Sublime propriété 6 hectares route d'Ourika,https://www.mubawab.ma/fr/a/7703967/sublime-propri%C3%A9t%C3%A9-6-hectares-route-d-ourika,Vente,Riad,Marrakech,Route de l'Ourika,10 000 000 DH,10000000,60000m²,60000,4 Pièces,4 Chambres,3 Salles de bains,"Jardin, Terrasse, Garage, Vue sur les montagnes, Piscine, Concierge, Chambre rangement, Salon Marocain, Cheminée, Climatisation, Cuisine équipée","Pas de VNA. Sublime propriété bioclimatique de 6 hectares proposée à la vente située sur la route d'Ourika à 22 Km de Marrakech avec une villa style Riad construite sur 457 m² habitables. Son magnifique terrain est planté d'arbres fruitiers bio, tel que abricots, citronniers, oliviers, pêches... Cette magnifique villa est exposée plein pied avec une vue dégagée sur l'Atlas: composée d'un triple salon avec cheminée, WC visiteurs, une grande cuisi...",https://www.mubawab-media.com/ad/7/703/967F/h/2b81bc5a-b1bd-4613-99a7-834c771a0f0a_47842745.avif,23,2026-09-30
8377084,Un joyaux Place Jemaa el Fna,https://www.mubawab.ma/fr/a/8377084/un-joyaux-place-jemaa-el-fna,Vente,Riad,Marrakech,Autre / Centre,10 000 000 DH,10000000,330m²,330,1 Pièce,10 Chambres,9 Salles de bains,"Piscine, Concierge, Meublé, Climatisation, Sécurité","Directe propriétaire - Emplacement rare et rendement immédiat Pas d'intermédiaire d'avance merci Découvrez un magnifique riad de caractère bénéficiant d'un emplacement exceptionnel, directement sur la place, au cœur d'un secteur parmi les plus recherchés Pensé pour une exploitation haut de gamme en maison d'hôtes, ce bien réunit tous les atouts d'un investissement patrimonial sécurisé avec une rentabilité immédiate. Le riad comprend : ...",https://www.mubawab-media.com/ad/8/377/084F/h/place-du-march%C3%A9-d-el-fna-de-jamaa-dans-le-coucher-du-soleil-marrakech-maroc-afrique-du-nord-98064705_82800908.avif,1,2026-09-30
8307375,Riad à rénover Derb Grawa,https://www.mubawab.ma/fr/a/8307375/riad-%C3%A0-r%C3%A9nover-derb-grawa,Vente,Riad,Marrakech,Médina,10 000 000 DH,10000000,920m²,920,1 Pièce,1 Ch.,1 Salle de bain,,"Riad à vendre – Derb Grawa, Marrakech Médina Riad Melkia à rénover de 470 m², situé au cœur de la médina, quartier prisé de Derb Grawa. Certificat administratif disponible Prix 10 000 000 DH Frais d’agence : 2,5 % HT",https://www.mubawab-media.com/ad/8/307/375F/h/e28f47c1-156c-421f-9792-9262107e99a1_82008784.avif,6,2026-09-30
8277438,Riad authentique à vendre situé en plein coeur de l'ancienne...,https://www.mubawab.ma/fr/a/8277438/riad-authentique-%C3%A0-vendre-situ%C3%A9-en-plein-coeur-de-l-ancienne-m%C3%A9dina,Vente,Riad,Marrakech,Autre / Centre,10 000 000 DH,10000000,460m²,460,12 Pièces,10 Chambres,4 Salles de bains,,"Riad melkia d'une surface de 460m2 ,d'un patio spacieux et douiria, possède bcp de grands salons et d'une vue magnifique sur les souks , pas loin du musée et de la maison de la photographie ,il est doté de 2 accès d'entrée.il date de plus un siècle, avec une boiserie de cèdres et des plafonds sculptés, de mosaïques de qualité, il est destiné pour une belle maison d'hôtes. Tous les papiers sont cleans ,les héritiers sont d'accord pour la vente...",https://www.mubawab-media.com/ad/8/277/438F/h/photo_0_81688562.avif,10,2026-09-30
8251626,Rare. 180 m² au cœur de Riad Zitoun,https://www.mubawab.ma/fr/a/8251626/rare-180-m%C2%B2-au-c%C5%93ur-de-riad-zitoun,Vente,Riad,Marrakech,Riad Zitoun,10 000 000 DH,10000000,180m²,180,12 Pièces,10 Chambres,3 Salles de bains,,Magnifique Riad au cœur de Riad zitoun 180 m² au sol en bon état. Grand patio lumineux .Possibilité de faire 12 suites,https://www.mubawab-media.com/ad/8/251/626F/h/Screenshot_20251112_202006_Gallery_81401901.avif,1,2026-09-30
8294987,Très beau Riad très accueillant au caractère authentique en...,https://www.mubawab.ma/fr/a/8294987/tr%C3%A8s-beau-riad-tr%C3%A8s-accueillant-au-caract%C3%A8re-authentique-en-plein-centre-de-la-m%C3%A9dina,Vente,Riad,Marrakech,Médina,10 065 000 DH,10065000,,,11 Pièces,10 Chambres,,"Terrasse, Piscine, Salon Marocain, Cheminée, Climatisation, Sécurité, Cuisine équipée","Très beau Riad très accueillant au caractère authentique en plein centre de la médina et à 750 m de la célèbre place Jamaa El Fna. Il se compose de : 10 Belles chambres décorées avec soin, chacune avec salle de bain, climatisation réversible Magnifique Patio avec piscine Patio aménagé avec tables et chaises pour les repas Salon Marocain Rooftop aménagé en salle à manger et coins repos Transats, avec une vue imprenable sur la médina et les montagn...",https://www.mubawab-media.com/ad/8/294/987F/h/681f29df2bcc6d3d9_81876206.avif,3,2026-09-30
8258433,Bien d’exception – Lot de Riads titré à rénover – El Moukef,https://www.mubawab.ma/fr/a/8258433/bien-d%E2%80%99exception-%E2%80%93-lot-de-riads-titr%C3%A9-%C3%A0-r%C3%A9nover-%E2%80%93-el-moukef,Vente,Riad,Marrakech,Autre / Centre,10 170 000 DH,10170000,560m²,560,28 Pièces,20 Chambres,10 Salles de bains,"Terrasse, Garage, Chambre rangement, Entre-seul","Situé à El Moukef, ce lot de riads exceptionnel offre une superficie totale d’environ 560 m² composé de: - 1 riad de 130 m² au sol - 1 riad de 130m2 au sol (actuellement exploité comme salle de sport de quartier). Il pourra être exploité de façon commercial (café/ restaurant/ salle de sport, etc). Il contient également un sous-sol - 1 Riad de 150m2 - 1 Riad de 150m2 dont le rez-de-chaussée est actuellement exploité comme café/ rest...",https://www.mubawab-media.com/ad/8/258/433F/h/photo_00_81471596.avif,15,2026-09-30
7877075,Vente maison d'hôtes avec autorisation Marrakech,https://www.mubawab.ma/fr/a/7877075/vente-maison-d-h%C3%B4tes-avec-autorisation-marrakech,Vente,Riad,Marrakech,Autre / Centre,10 800 000 DH,10800000,900m²,900,17 Pièces,14 Chambres,14 Salles de bains,"Jardin, Terrasse, Vue sur les montagnes, Piscine, Meublé, Salon Marocain, Salon européen, Cheminée, Climatisation, Sécurité, Cuisine équipée, Machine à laver",Notre Agence Immobilière TERRE & DIAMANT vous propose à la vente cette magnifique Maison d’hôtes entièrement meublée et opérationnelle d’une surface habitable de 900 m² édifiée sur un terrain de 10 000 m² dont 4000 m² non exploité situé route de Bourrous à 18 kms de Marrakech. Cette Maison d’hôtes à toutes les autorisations nécessaires et tout documents administratifs en règle. Agrément de Maison d’hôtes. Villa sur 2 niveaux de type Riad t...,https://www.mubawab-media.com/ad/7/877/075F/h/1_69657580.avif,16,2026-09-30
8357922,Hôtel Riad Villa de Prestige à Targa – Marrakech,https://www.mubawab.ma/fr/a/8357922/h%C3%B4tel-riad-villa-de-prestige-%C3%A0-targa-%E2%80%93-marrakech,Vente,Riad,Marrakech,Guéliz,11 000 000 DH,11000000,700m²,700,15 Pièces,11 Chambres,11 Salles de bains,"Jardin, Terrasse, Piscine, Concierge, Chambre rangement, Meublé, Entre-seul, Salon Marocain, Salon européen, Antenne parabolique, Climatisation, Chauffage central, Sécurité, Double vitrage, Porte blindée, Cuisine équipée, Réfrigérateur, Four, Machine à laver, Micro-ondes","DREAM MAKER IMMOBILIER VOUS PROPOSE : Situé dans le prestigieux quartier de Targa à Marrakech, cet hôtel riad villa de standing bénéficie d'un emplacement stratégique à seulement 10 minutes de l'aéroport Marrakech-Menara, 10 minutes de la célèbre place Jamaâ El Fna et à 1,5 km du centre de Guéliz. Construite en 2011 par une entreprise française sur une parcelle de 630 m², cette propriété développe 700 m² habitables répartis sur quatre nive...",https://www.mubawab-media.com/ad/8/357/922F/h/WhatsApp%20Image%202026-03-24%20at%2016.13.48%20%281%29_82551123.avif,17,2026-09-30
8224529,Somptueux riad à vendre à Kennaria. 5 pièces confortables. G...,https://www.mubawab.ma/fr/a/8224529/somptueux-riad-%C3%A0-vendre-%C3%A0-kennaria-5-pi%C3%A8ces-confortables-grande-terrasse,Vente,Riad,Marrakech,Autre / Centre,11 000 000 DH,11000000,268m²,268,5 Pièces,13 Chambres,8 Salles de bains,Terrasse,"Magnifique riad en vente. Prix 12 000 000 DH. 13 chambres, 8 salles de bains, superficie 268 m². 5 pièces. À rénover. Grand balcon. Ce riad est en vente à Kennaria, Marrakech",https://www.mubawab-media.com/ad/8/224/529F/h/photo_0_81637628.avif,2,2026-09-30
8227096,Riad de Prestige Titré à Riad Larousse,https://www.mubawab.ma/fr/a/8227096/riad-de-prestige-titr%C3%A9-%C3%A0-riad-larousse,Vente,Riad,Marrakech,Médina,11 200 000 DH,11200000,180m²,180,8 Pièces,5 Chambres,5 Salles de bains,"Jardin, Terrasse, Piscine, Meublé, Entre-seul, Salon Marocain, Cheminée, Climatisation, Sécurité, Cuisine équipée, Réfrigérateur, Four, Machine à laver, Micro-ondes","Riad de Prestige Titré à Riad Larousse Maison d’Hôtes de Luxe Ce riad titré de 180 m² situé à Riad Larousse allie parfaitement l'artisanat marocain authentique au luxe moderne. Vendu entièrement meublé, il offre une solution ""clés en main"" immédiate pour une exploitation en boutique-hôtel haut de gamme. -Emplacement : Quartier prisé de Riad Larousse, au cœur de la Médina. -Agencement : 5 chambres spacieuses avec salles de bains privative...",https://www.mubawab-media.com/ad/8/227/096F/h/1_82856973.avif,30,2026-09-30
8411000,Magnifique riad de 6 chambres et piscine à coté du Palais Ba...,https://www.mubawab.ma/fr/a/8411000/magnifique-riad-de-6-chambres-et-piscine-%C3%A0-cot%C3%A9-du-palais-bahia,Vente,Riad,Marrakech,Médina,11 600 000 DH,11600000,325m²,325,11 Pièces,6 Chambres,6 Salles de bains,"Terrasse, Piscine, Meublé, Cheminée, Climatisation, Cuisine équipée","Au coeur de la médina dans l'un des plus beau quartier et à proximité du palais Bahia. Ce grand Riad se situe dans une belle rue avec pour voisin de nombreuses maisons d'hôtes. Il a un patio lumineux et joliment aménagé avec une piscine chauffée. Il est fermé par un toit amovible ce qui permet d'en profiter toute l'année. Il est composé d'un salon spacieux, salle à manger avec cheminée, cuisine entièrement équipée, hammam. Ce riad a...",https://www.mubawab-media.com/ad/8/411/000F/h/03_Patio_83168488.avif,18,2026-09-30
8353439,Riad a Vendre à arset El maach,https://www.mubawab.ma/fr/a/8353439/riad-a-vendre-%C3%A0-arset-el-maach,Vente,Riad,Marrakech,Autre / Centre,12 000 000 DH,12000000,250m²,250,12 Pièces,8 Chambres,10 Salles de bains,Garage,"Riad Restaurant & Spa à vendre – Marrakech côte Parking Arsaat Lamaach ………….. Opportunité rare au cœur de Marrakech ! Magnifique riad idéalement situé sur une rue passante, à seulement 3 minutes de la célèbre place Jemaa el-Fna. Superficie : 250 m² 8 chambres (possibilité d’ajouter 2 chambres supplémentaires) Local commercial inclus ‍️ Espace spa / restaurant Avec autorisation de l’alcool Emplacement exceptionnel fort potentiel touristiqu...",https://www.mubawab-media.com/ad/8/353/439F/h/photo_00_82509935.avif,14,2026-09-30
8409399,Riad en activité – 200m² à Berrima,https://www.mubawab.ma/fr/a/8409399/riad-en-activit%C3%A9-%E2%80%93-200m%C2%B2-%C3%A0-berrima,Vente,Riad,Marrakech,Médina,12 000 000 DH,12000000,200m²,200,14 Pièces,12 Chambres,12 Salles de bains,"Terrasse, Piscine, Meublé, Cuisine équipée","Nous vous proposons à la vente dans le quartier de Brima, à proximité immédiate de la médina et des principaux centres d’intérêt de Marrakech, ce riad titré actuellement exploité en maison d’hôtes représente une excellente opportunité d’investissement clé en main. Édifié sur une parcelle de 200 m² au sol, ce riad de caractère offre de généreux volumes et une capacité d’accueil remarquable avec 12 chambres, toutes équipées de leur salle de bains p...",https://www.mubawab-media.com/ad/8/409/399F/h/bien-20260711163020-f62102_83150145.avif,32,2026-09-30
8375826,Très beau riad à vendre à Kennaria. Surface totale 170 m²...,https://www.mubawab.ma/fr/a/8375826/tr%C3%A8s-beau-riad-%C3%A0-vendre-%C3%A0-kennaria-surface-totale-170-m%C2%B2-vue-sur-les-montagnes-chauffage-central,Vente,Riad,Marrakech,Médina,12 000 000 DH,12000000,170m²,170,11 Pièces,9 Chambres,2 Salles de bains,"Terrasse, Vue sur les montagnes, Piscine, Meublé, Salon Marocain, Salon européen, Climatisation, Chauffage central, Sécurité, Porte blindée, Cuisine équipée","Votre bureau d'affaires immobilier Cle Darna vous propose un magnifique riad titré et autorisé en maison d'hôtes, à vendre au cœur de la Médina de Marrakech. Riad d'exception – 9 chambres – Bassin chauffé – Exploitation touristique en activité Situé dans un quartier recherché de la Médina, ce superbe riad de 170 m² au sol est actuellement exploité en maison d'hôtes autorisée et bénéficie d'une excellente réputation ainsi que d'un planning de ré...",https://www.mubawab-media.com/ad/8/375/826F/h/photo_00_82787201.avif,15,2026-09-30
8302447,"Riad d’exception 7 suites, quartier Kasbah, Médina",https://www.mubawab.ma/fr/a/8302447/riad-d%E2%80%99exception-7-suites-quartier-kasbah-m%C3%A9dina,Vente,Riad,Marrakech,Médina,12 400 000 DH,12400000,160m²,160,8 Pièces,7 Chambres,7 Salles de bains,"Terrasse, Piscine, Meublé, Salon Marocain, Cheminée, Climatisation, Chauffage central, Cuisine équipée","Situé dans le quartier très prisé de la Kasbah, à seulement 20 mètres du dépose-taxi sur la rue principale, ce riad bénéficie d’un emplacement rare et extrêmement accessible au cœur de la médina de Marrakech. Développé autour de beaux volumes et pensé pour une exploitation haut de gamme, ce riad conjugue authenticité marocaine, prestations modernes et confort absolu, idéal pour une résidence de prestige ou une maison d’hôtes de standing. Caracté...",https://www.mubawab-media.com/ad/8/302/447F/h/6_81957683.avif,12,2026-09-30
8418828,Maison d&rsquo; hôtes de caractère – 8 chambres Riad Zeitoun...,https://www.mubawab.ma/fr/a/8418828/maison-d-rsquo-h%C3%B4tes-de-caract%C3%A8re-%E2%80%93-8-chambres-riad-zeitoun-jdid,Vente,Riad,Marrakech,Riad Zitoun,12 450 000 DH,12450000,280m²,280,11 Pièces,8 Chambres,8 Salles de bains,"Terrasse, Meublé, Climatisation","Au cœur de Riad Zitoun Jdid, à quelques pas du Palais Bahia, découvrez ce magnifique riad de 8 chambres avec sdb. Cette maison d’hôtes séduit dès les premiers instants par ses beaux volumes et son architecture classique particulièrement élégante et intemporelle. Le riad dispose de 8 chambres aux volumes généreux, chacune bénéficiant d’une atmosphère propre et d’un travail architectural soigné, mêlant harmonieusement matériaux traditio...",https://www.mubawab-media.com/ad/8/418/828F/h/IMG_7528_83256355.avif,18,2026-09-30
8225437,Riad titre à rénover,https://www.mubawab.ma/fr/a/8225437/riad-titre-%C3%A0-r%C3%A9nover,Vente,Riad,Marrakech,Autre / Centre,12 600 000 DH,12600000,256m²,256,3 Pièces,6 Chambres,2 Salles de bains,,BonRiad titré a rénover Quartie lammassine Prix 13000000 dh négociable Superficie 256m,https://www.mubawab-media.com/ad/8/225/437F/h/photo_00_82718087.avif,2,2026-09-30
8359192,Le Joyau de L'Ksour,https://www.mubawab.ma/fr/a/8359192/le-joyau-de-l-ksour,Vente,Riad,Marrakech,Autre / Centre,12 800 000 DH,12800000,170m²,170,3 Pièces,6 Chambres,6 Salles de bains,"Terrasse, Cuisine équipée","Découvrez ce magnifique Riad titré et entièrement terminé, offrant une superficie généreuse de 170 m². Idéalement situé dans le quartier prestigieux et hautement recherché de L'Ksour, ce bien d'exception bénéficie d'une autorisation officielle de maison d'hôtes, représentant une opportunité d'investissement clé en main rare et prestigieuse à quelques pas de la célèbre place Jemaa El Fna. - Emplacement : Une situation géographique d'élite dans...",https://www.mubawab-media.com/ad/8/359/192F/h/1_82564178.avif,24,2026-09-30
8375735,Authentique riad 400m 2 lakssour Marrakech,https://www.mubawab.ma/fr/a/8375735/authentique-riad-400m-2-lakssour-marrakech,Vente,Riad,Marrakech,Médina,13 000 000 DH,13000000,500m²,500,11 Pièces,7 Chambres,2 Salles de bains,Terrasse,"Exceptionnel riad en vente est situé au cœur de l ancienne médina dans l un des quartier historique de Marrakech , d une superficie de 400m 2 au sol , se compose 7 chambres , cuisine , 2 salles de bain , grand patio et terrasse. Ce riad historique est idéal pour ceux qui aiment l architecture marocaine et pour un bon investissement",https://www.mubawab-media.com/ad/8/375/735F/h/WhatsApp%20Image%202026-06-30%20at%2015.14.44%20%282%29_82786034.avif,7,2026-09-30
8359119,Rare immeuble indépendant Restaurant Riad,https://www.mubawab.ma/fr/a/8359119/rare-immeuble-ind%C3%A9pendant-restaurant-riad,Vente,Riad,Marrakech,Guéliz,13 000 000 DH,13000000,1400m²,1400,,,3 Salles de bains,"Garage, Climatisation, Sécurité, Double vitrage, Porte blindée","Situé en plein cœur de Guéliz, cet immeuble indépendant Il comprend un restaurant avec cuisine professionnelle, un piano-bar, un spa, plusieurs terrasses, un jardin arboré ainsi qu’un appartement indépendant. Atouts : • Emplacement premium • Toutes autorisations d’exploitation • Climatisation et équipements professionnels • Idéal pour restaurant, piano-bar, spa, maison d’hôtes ou concept événementiel Dossier complet sur demande",https://www.mubawab-media.com/ad/8/359/119F/h/IMG_4736_82563509.avif,3,2026-09-30
8335457,Riad a vendre,https://www.mubawab.ma/fr/a/8335457/riad-a-vendre,Vente,Riad,Marrakech,Médina,13 000 000 DH,13000000,610m²,610,7 Pièces,9 Chambres,5 Salles de bains,Jardin,"RIAD D’EXCEPTION À VENDRE – MARRAKECH (BAB DOUKKALA) Opportunité rare au cœur de la médina de Marrakech ! Superficie : 610 m² Riad sur 2 niveaux 9 pièces (dont suites et salons spacieux) Grand jardin intérieur offrant un cadre calme et verdoyant Ce riad au fort potentiel se distingue par ses volumes généreux et son architecture authentique. Idéal pour un projet de maison d’hôtes, boutique-hôtel ou résidence de prestige. Emplacement s...",https://www.mubawab-media.com/ad/8/335/457F/h/WhatsApp%20Image%202026-04-19%20at%2015.23.00%20%283%29_82304178.avif,11,2026-09-30
8340995,Superbe Riad rénové 175 m² – Exclusivité,https://www.mubawab.ma/fr/a/8340995/superbe-riad-r%C3%A9nov%C3%A9-175-m%C2%B2-%E2%80%93-exclusivit%C3%A9,Vente,Riad,Marrakech,Médina,13 560 000 DH,13560000,175m²,175,9 Pièces,6 Chambres,6 Salles de bains,"Vue sur les montagnes, Piscine, Climatisation","Entièrement rénové après son changement de propriétaire en 2023, ce superbe riad est idéalement situé au cœur de la Médina de Marrakech, à seulement 50 mètres de la Place des Épices et à 300 mètres de Jemaa El Fna, dans une ruelle calme et pleine de charme. Véritable oasis facilement accessible, il offre un accès rapide aux principaux sites touristiques, restaurants et rooftops de la ville. Le riad a été entièrement restauré et réaménagé à l’ét...",https://www.mubawab-media.com/ad/8/340/995F/h/IMG_9829_1_82363531.avif,32,2026-09-30
8303587,Achetez votre riad à Riad Zitoun. 1 Pièce. Vue exceptionnell...,https://www.mubawab.ma/fr/a/8303587/achetez-votre-riad-%C3%A0-riad-zitoun-1-pi%C3%A8ce-vue-exceptionnelle-sur-les-montagnes-porte-blind%C3%A9e,Vente,Riad,Marrakech,Riad Zitoun,14 000 000 DH,14000000,150m²,150,1 Pièce,9 Chambres,3 Salles de bains,"Terrasse, Vue sur mer, Vue sur les montagnes, Salon Marocain, Antenne parabolique, Porte blindée","Ne laissez pas passer ce riad à vendre. Prix 14 000 000 DH. 9 chambres, 3 salles de bains, surface 150 m². 1 Pièces. Bon état / habitable. Sécurité maximale avec porte blindée. Superbe salon marocain et antenne parabolique. Venez découvrir ce riad à vendre à Riad Zitoun. Profitez d'une vue inégalable sur la mer. Vue exceptionnelle sur la montagne. Soyez le premier à visiter ce riad en vente à Marrakech. Grande terrasse",https://www.mubawab-media.com/ad/8/303/587F/h/photo_0_81969563.avif,1,2026-09-30
8294975,"Magnifique Riad, moderne, idéalement situé dans le magnifiqu...",https://www.mubawab.ma/fr/a/8294975/magnifique-riad-moderne-id%C3%A9alement-situ%C3%A9-dans-le-magnifique-quartier-de-la-kasbah,Vente,Riad,Marrakech,Kasbah,14 520 000 DH,14520000,,,11 Pièces,10 Chambres,,"Terrasse, Cheminée, Climatisation, Chauffage central, Sécurité","Magnifique Riad , moderne , idéalement situé dans le magnifique quartier de la Kasbah à 10 minutes à pieds de la place Jemaa El Fna . Superficie : 173 m2 Il se compose de : Réception Toilettes d’invités 10 Belles chambres décorées avec soin, chacune avec salle de bain, climatisation/ chauffage 1 Beau Patio avec salon et Cheminé 1 hammam Beldi avec table de massage 1 Cuisine entièrement aménagée 1 Rooftop aménagée avec bar couvert et avec so...",https://www.mubawab-media.com/ad/8/294/975F/h/67c0958e7c5c9a9b7_81875947.avif,32,2026-09-30
8376223,Trouvez votre riad à rénover. Surface de 290 m². Grande terr...,https://www.mubawab.ma/fr/a/8376223/trouvez-votre-riad-%C3%A0-r%C3%A9nover-surface-de-290-m%C2%B2-grande-terrasse,Vente,Riad,Marrakech,Médina,15 000 000 DH,15000000,290m²,290,9 Pièces,10 Chambres,9 Salles de bains,Terrasse,"Situé dans le quartier historique de la place Jeema el fna, au cœur de Marrakech-Médina, ce riad exceptionnel de style traditionnel offre une superficie de 290 m². Idéal pour une maison d'hôtes de 10 chambres. Accès voiture",https://www.mubawab-media.com/ad/8/376/223F/h/photo_0_82791803.avif,1,2026-09-30
8372769,Riad de charme à vendre à Marrakech,https://www.mubawab.ma/fr/a/8372769/riad-de-charme-%C3%A0-vendre-%C3%A0-marrakech,Vente,Riad,Marrakech,Autre / Centre,15 000 000 DH,15000000,219m²,219,8 Pièces,6 Chambres,3 Salles de bains,"Terrasse, Piscine, Concierge, Salon Marocain, Salon européen, Antenne parabolique, Cheminée, Climatisation, Chauffage central, Sécurité, Cuisine équipée, Réfrigérateur, Four","Découvrez ce riad de charme idéalement situé à Marrakech, à seulement 1,4 km de Jemaa el-Fna. Édifié sur une surface de 219 m², il offre un cadre authentique et raffiné avec piscine intérieure, terrasse, salon commun et restaurant. Les chambres sont climatisées et disposent de salles de bains privatives, coffre-fort, télévision et équipements de confort. Le riad bénéficie également d’une réception 24h/24, d’un service de conciergerie, du Wi-Fi...",https://www.mubawab-media.com/ad/8/372/769F/h/WhatsApp%20Image%202026-06-27%20at%2013.04.24_82750925.avif,18,2026-09-30
8183073,Charme et Tradition – Riad à Saisir,https://www.mubawab.ma/fr/a/8183073/charme-et-tradition-%E2%80%93-riad-%C3%A0-saisir,Vente,Riad,Marrakech,Médina,15 000 000 DH,15000000,610m²,610,5 Pièces,4 Chambres,4 Salles de bains,Terrasse,"Riad de Prestige Titré Propriété de Luxe Bab Doukkala. Cette propriété titrée de 610 m², d'une rareté exceptionnelle, offre une emprise au sol unique dans le quartier très prisé de Bab Doukkala. Avec ses volumes généreux et ses finitions raffinées, ce bien est idéalement conçu pour une maison d’hôtes de prestige ou une demeure privée de grand standing. -Emplacement :Position stratégique et facile d’accès au cœur de la Médina de Marrakech. ...",https://www.mubawab-media.com/ad/8/183/073F/h/WhatsApp%20Image%202025-07-17%20%C3%A0%2012.22.58_3b17e02e_80693461.avif,29,2026-09-30
8418827,Rare. Palais debut 20ème à restaurer Laksour,https://www.mubawab.ma/fr/a/8418827/rare-palais-debut-20%C3%A8me-%C3%A0-restaurer-laksour,Vente,Riad,Marrakech,Médina,15 700 000 DH,15700000,680m²,680,13 Pièces,5 Chambres,4 Salles de bains,Terrasse,"Ce riad est sans conteste une opportunité rare : * Situé au cœur du quartier le plus prisé de la Médina de Marrakech, dans le triangle d’or, à quelques pas de la Place Jemâa el Fna * Datant du début du XXᵉ siècle (années 20') * Offrant une surface sol de presque 500m² * Magnifique patio arboré, dépendances, porte cochère, éléments architecturaux d'époque, dans le style de la Mamounia des années folles Véritable palais...",https://www.mubawab-media.com/ad/8/418/827F/h/PHOTO-2026-05-12-15-31-22-2_83256344.avif,13,2026-09-30
8302528,"Grand Riad de caractère dans la Médina, Marrakech",https://www.mubawab.ma/fr/a/8302528/grand-riad-de-caract%C3%A8re-dans-la-m%C3%A9dina-marrakech,Vente,Riad,Marrakech,Médina,16 000 000 DH,16000000,625m²,625,7 Pièces,5 Chambres,3 Salles de bains,"Garage, Sécurité","Situé au cœur de la médina de Marrakech, ce magnifique riad séduit par ses volumes exceptionnels, son ambiance authentique et son emplacement stratégique, avec un parking à proximité facilitant l’accès. Développant une surface habitable d’environ 625 m², ce bien rare offre de vastes espaces de vie, parfaitement adaptés à une grande résidence familiale ou à un projet d’exploitation touristique. Caractéristiques : • Surface habitable : 625 m²...",https://www.mubawab-media.com/ad/8/302/528F/h/1_81958630.avif,6,2026-09-30
8266788,Authentique riad a la vente place jemaa el fna,https://www.mubawab.ma/fr/a/8266788/authentique-riad-a-la-vente-place-jemaa-el-fna,Vente,Riad,Marrakech,Médina,16 100 000 DH,16100000,800m²,800,13 Pièces,12 Chambres,3 Salles de bains,"Salon Marocain, Cheminée","Magnifique riad authentique à Marrakech, en plein coeur de la Medina, à deux pas de la place Jemaa El Fna. Nombreux espaces vie, patio de très belle taille et un potentiel de 12 chambres en suite possible",https://www.mubawab-media.com/ad/8/266/788F/h/riad-medina-maroc-marrakech-centre-jemaa-el-fna-ville-maroc-marrakech%20%281%29_81575303.avif,13,2026-09-30
7928354,Rare. Riad d'exception Grand patio avec piscine architecture...,https://www.mubawab.ma/fr/a/7928354/rare-riad-d-exception-grand-patio-avec-piscine-architecture-classique,Vente,Riad,Marrakech,Médina,16 200 000 DH,16200000,450m²,450,9 Pièces,6 Chambres,6 Salles de bains,"Terrasse, Piscine, Meublé, Climatisation, Cuisine équipée","La superficie, l'architecture classique d'origine ainsi que les modifications apportés par la propriétaire en fond un riad d'exception. Epuré, élégant et bien proportionné ce riad peut être qualifié de maison de maitre. Il est exploité en maison d’hôtes avec une bonne rentabilité. Vendu avec l’activité ou non, au choix. Facile d'accès le riad dispose d'un dépose minute à l'entrée du derb. Situé dans un quartier central de la médina à 10 minutes d...",https://www.mubawab-media.com/ad/7/928/354F/h/IMG_7874-scaled_78379313.avif,18,2026-09-30
8339377,Une Icône de l'Architecture,https://www.mubawab.ma/fr/a/8339377/une-ic%C3%B4ne-de-l-architecture,Vente,Riad,Marrakech,Médina,17 300 000 DH,17300000,264m²,264,3 Pièces,9 Chambres,12 Salles de bains,"Terrasse, Piscine","Une Icône de l’Architecture au Cœur de la Médina Situé dans le quartier historique de Diour Jdad, ce Riad du XVIIIe siècle représente une opportunité rare sur le marché de l’immobilier de luxe à Marrakech. Entièrement restauré par des architectes de renom et des maîtres artisans, ce bien d’exception allie l’authenticité d’une structure d’époque au confort le plus sophistiqué. - Authenticité et Prestige : À la différence des reconstructions...",https://www.mubawab-media.com/ad/8/339/377F/h/1_82345647.avif,20,2026-09-30
8236755,Vente d'un superbe riad à Route Amizmiz. Superficie 3160 m²...,https://www.mubawab.ma/fr/a/8236755/vente-d-un-superbe-riad-%C3%A0-route-amizmiz-superficie-3160-m%C2%B2-belle-terrasse-et-jardin,Vente,Riad,Marrakech,Route d'Amizmiz,17 500 000 DH,17500000,3160m²,3160,7 Pièces,6 Chambres,3 Salles de bains,"Jardin, Terrasse, Garage, Piscine, Concierge, Chambre rangement, Salon Marocain, Salon européen, Antenne parabolique, Cheminée, Climatisation, Chauffage central, Double vitrage, Porte blindée, Cuisine équipée, Réfrigérateur, Four, Machine à laver","Achetez le riad de vos rêves. Prix 17 500 000 DH. 6 chambres à coucher, 3 salles de bains, 3160 m². 7 pièces lumineuses. Moins de 20 ans. Profitez du confort de la cheminée et de la climatisation. La résidence dispose d'un service de concierge et d'une piscine. Ce riad est en vente à Route Amizmiz. Confort et sécurité avec chauffage central, porte blindée et double vitrage. Les extérieurs se composent d'un jardin et d'une terrasse. Confort et t...",https://www.mubawab-media.com/ad/8/236/755F/h/photo_00_81249286.avif,13,2026-09-30
5746307,Maison d'hôtes style raid moderne,https://www.mubawab.ma/fr/a/5746307/maison-d-h%C3%B4tes-style-raid-moderne,Vente,Riad,Marrakech,Autre / Centre,18 000 000 DH,18000000,10000m²,10000,,,4 Salles de bains,,"Maison d'hôtes située à 11 km du centre-ville, 1 hectare, 1 000 m² construit, 7 suites, piscine chauffée, style Riad moderne luxueux, classement maison d'hôtes 1 èr catégorie, parfait état · Emplacement : Route de Ouarzazate · Emplacement : Route de Ouarzazate · Superficie totale : 10 000 m² · Superficie construite : 1 000 m² · Nombre de chambres : 7",https://www.mubawab-media.com/ad/5/746/307F/h/6120-1_78378147.avif,17,2026-09-30
8323226,Ryad d'exception à Marrakech Route du Barrage,https://www.mubawab.ma/fr/a/8323226/ryad-d-exception-%C3%A0-marrakech-route-du-barrage,Vente,Riad,Marrakech,Autre / Centre,19 000 000 DH,19000000,600m²,600,9 Pièces,5 Chambres,5 Salles de bains,"Jardin, Terrasse, Garage, Vue sur les montagnes, Piscine, Concierge, Meublé, Salon Marocain, Cheminée, Climatisation, Cuisine équipée, Réfrigérateur, Four, Machine à laver, Micro-ondes","Ryad d'exception à Marrakech: Élégance Intemporelle & Âme Marocaine Sur la très prisée Route du Barrage, à quelques minutes seulement de l’emblématique Hôtel Selman Marrakech, ce domaine rare d’un hectare s’inscrit comme une véritable ode à l’art de vivre marocain. Entre tradition berbère et raffinement contemporain, ce riad d’exception offre un cadre naturel spectaculaire, sublimé par une vue imprenable sur les majestueuses montagnes de l’Atla...",https://www.mubawab-media.com/ad/8/323/226F/h/t%C3%A9l%C3%A9chargement_82172920.avif,15,2026-09-30
8256125,Riad d'Exception: Luxueuse Propriété au Cœur du Marrakech,https://www.mubawab.ma/fr/a/8256125/riad-d-exception-luxueuse-propri%C3%A9t%C3%A9-au-c%C5%93ur-du-marrakech,Vente,Riad,Marrakech,Guéliz,19 000 000 DH,19000000,922m²,922,8 Pièces,6 Chambres,6 Salles de bains,"Jardin, Meublé, Climatisation, Chauffage central","Riad d'Exception à Marrakech: Luxueuse Propriété au Cœur du Marrakechemplacement stratégique entre gueliz hivernage et la Medina Découvrez un riad somptueux situé au cœur de Marrakech, offrant une plongée authentique dans l'élégance marocaine.Cette propriété se distingue par ses 18 pièces magnifiquement aménagées, incluant six chambres, idéales pour accueillirfamille et amis dans un cadre enchanteur. Entièrement climatisé et meublé avec un goût...",https://www.mubawab-media.com/ad/8/256/125F/h/ced64b33-380f-41c5-b2a6-a05e74aef7f5_82667770.avif,18,2026-09-30
8268980,Riad à la vente 464 m² à Rahba Kedima Médina Marrakech. 11 g...,https://www.mubawab.ma/fr/a/8268980/riad-%C3%A0-la-vente-464-m%C2%B2-%C3%A0-rahba-kedima-m%C3%A9dina-marrakech-11-grandes-pi%C3%A8ces-bien-meubl%C3%A9,Vente,Riad,Marrakech,Médina,19 000 000 DH,19000000,464m²,464,11 Pièces,8 Chambres,8 Salles de bains,"Jardin, Terrasse, Chambre rangement, Meublé, Salon Marocain, Antenne parabolique, Cheminée, Climatisation, Chauffage central, Sécurité, Porte blindée, Cuisine équipée, Réfrigérateur, Four, Machine à laver, Micro-ondes","Magnifique Riad exploité en maison d’hôtes, entièrement meublé, d’une superficie de 290 m² de terrain et 464 m² habitables, situé à quelques pas de Jamaa El Fna, dans un emplacement stratégique au cœur de la médina. Le bien se compose de : • 5 chambres avec salles de bains privatives et climatiseurs splits réversibles • 3 grandes suites, également équipées de climatiseurs splits réversibles • Un salon chaleureux avec coin cheminée et climatis...",https://www.mubawab-media.com/ad/8/268/980F/h/photo_0_81599080.avif,22,2026-09-30
8398199,"Grand riad titré, 304 m2, en construction Kasbah",https://www.mubawab.ma/fr/a/8398199/grand-riad-titr%C3%A9-304-m2-en-construction-kasbah,Vente,Riad,Marrakech,Médina,20 000 000 DH,20000000,304m²,304,16 Pièces,15 Chambres,15 Salles de bains,,"Vente - Riad en construction, livré avec contrats de travaux Nous vous proposons un Riad d'exception de 304 m², actuellement en construction, situé dans le quartier historique et prestigieux de la Kasbah, au cœur de la Médina de Marrakech. Ce bien offre des volumes rarissimes avec un potentiel d'environ 15 chambres. Particularité unique : le bien est cédé avec l'ensemble des contrats signés avec les sociétés de travaux, permettant à l'acqué...",https://www.mubawab-media.com/ad/8/398/199F/h/images%20%286%29_83044557.avif,1,2026-09-30
8399273,"Riad titré, 300 m2, en construction Rahba Kedima",https://www.mubawab.ma/fr/a/8399273/riad-titr%C3%A9-300-m2-en-construction-rahba-kedima,Vente,Riad,Marrakech,Autre / Centre,20 000 000 DH,20000000,300m²,300,16 Pièces,15 Chambres,15 Salles de bains,,"Vente - Riad en construction, livré avec contrats de travaux, 7 minutes de Jemaa El Fna Nous vous proposons un Riad d'exception de 300 m², actuellement en construction, situé dans le quartier Rahba Kedima, à côté du café des épices, à 7 minutes à pieds de la place Jemaa El Fna. Ce riad offrira des volumes rarissimes avec un potentiel d'environ 15 chambres. Particularité : le bien est cédé avec l'ensemble des contrats signés avec les sociétés de...",https://www.mubawab-media.com/ad/8/399/273F/h/images%20%286%29_83044706.avif,1,2026-09-30
8234277,Riad à vendre à Ben Saleh. 15 pièces,https://www.mubawab.ma/fr/a/8234277/riad-%C3%A0-vendre-%C3%A0-ben-saleh-15-pi%C3%A8ces,Vente,Riad,Marrakech,Autre / Centre,20 000 000 DH,20000000,680m²,680,15 Pièces,15 Chambres,17 Salles de bains,,"Achetez le riad de vos rêves. Prix 20 000 000 DH. 15 chambres à coucher, 17 salles de bains, 680 m². 15 pièces. Moins de 5 ans. Ce riad est proposé à la vente à Ben Saleh, Marrakech",https://www.mubawab-media.com/ad/8/234/277F/h/photo_00_81224193.avif,8,2026-09-30
8351695,Terrain de 3 hectares SD1 vue panoramique sur l’Atlas,https://www.mubawab.ma/fr/a/8351695/terrain-de-3-hectares-sd1-vue-panoramique-sur-l%E2%80%99atlas,Vente,Riad,Marrakech,Autre / Centre,21 000 000 DH,21000000,30000m²,30000,,,,,"Terrain situé dans un emplacement stratégique et calme, offrant une vue panoramique imprenable sur les sommets enneigés du Haut Atlas. Idéal pour : Construction d’une villa de luxe ou d’un domaine privé Projet touristique (gîte, riad, écologie…) Investissement agricole ou mixte Valorisation à long terme Prix : 700 DH le mètre carré Prix total pour les 3 hectares : 21 000 000 DH Points forts : Vue exceptionnelle sur les montagnes de l’Atlas Grand...",https://www.mubawab-media.com/ad/8/351/695F/h/1000130469_82499228.avif,1,2026-09-30
8309174,Superbe Riad Maison d’hôtes titré niché au sein de la Médina...,https://www.mubawab.ma/fr/a/8309174/superbe-riad-maison-d%E2%80%99h%C3%B4tes-titr%C3%A9-nich%C3%A9-au-sein-de-la-m%C3%A9dina-de-marrakech,Vente,Riad,Marrakech,Guéliz,21 978 000 DH,21978000,450m²,450,16 Pièces,13 Chambres,,"Terrasse, Piscine, Salon Marocain, Cheminée, Climatisation, Sécurité, Cuisine équipée","Superbe Riad Maison d’hôtes titré niché au sein de la Médina de Marrakech alliant une Architecture traditionnelle et moderne Il bénéficie d’un emplacement idéal entre les souks adjacents à la célèbre place Jemaa El Fna, les jardins de la Koutoubia, de Majorelle et de Gueliz Superficie habitable: 420 m2 Il se compose de : RDC De nombreux espaces de vie 2 Patios Salon cheminée Salon marocain moderne Salon patio Salle à manger intérieure Cuisine...",https://www.mubawab-media.com/ad/8/309/174F/h/60f1bffa9effef455_82026516.avif,13,2026-09-30
8361430,Magnifique Riad à rénové à la Kasbah,https://www.mubawab.ma/fr/a/8361430/magnifique-riad-%C3%A0-r%C3%A9nov%C3%A9-%C3%A0-la-kasbah,Vente,Riad,Marrakech,Kasbah,24 000 000 DH,24000000,1200m²,1200,15 Pièces,13 Chambres,2 Salles de bains,Entre-seul,"Magnifique Riad à rénové à la Kasbah Caractéristiques du bien : Superficie : 600 m² au sol Titre foncier : Propriété avec titre foncier en règle Sous-sol : Espace polyvalent pouvant être utilisé pour le stockage ou d'autres activités Ce Riad représente une opportunité unique d'investissement, que ce soit pour un projet hôtelier, une maison d'hôtes ou une résidence personnelle. Sa localisation stratégique et ses nombreuses chambres en font un...",https://www.mubawab-media.com/ad/8/361/430F/h/porte%203_82588015.avif,1,2026-09-30
8383308,Riad à vendre à Hay Mohammadi. 1 Pièce. Antenne parabolique...,https://www.mubawab.ma/fr/a/8383308/riad-%C3%A0-vendre-%C3%A0-hay-mohammadi-1-pi%C3%A8ce-antenne-parabolique-r%C3%A9sidence-s%C3%A9curis%C3%A9e,Vente,Riad,Marrakech,Guéliz,25 000 000 DH,25000000,137m²,137,1 Pièce,9 Chambres,4 Salles de bains,"Jardin, Terrasse, Chambre rangement, Salon Marocain, Antenne parabolique, Climatisation, Sécurité, Double vitrage, Porte blindée","Offrez-vous un magnifique riad à vendre dans le quartier prisé de Guéliz, à Marrakech, précisément dans le voisinage de Hay Mohammadi. Ce riad spacieux de 137 m², âgé de 10 à 20 ans, vous accueille avec toute son élégance marocaine. En entrant, vous êtes immédiatement séduit par le salon marocain richement décoré, idéal pour accueillir vos invités dans une ambiance chaleureuse et typique. La propriété comprend neuf pièces et quatre salles de bai...",https://www.mubawab-media.com/ad/8/383/308F/h/photo_00_82869119.avif,3,2026-09-30
8217042,Magnifique villa riad a vendre marrakech kms 12,https://www.mubawab.ma/fr/a/8217042/magnifique-villa-riad-a-vendre-marrakech-kms-12,Vente,Riad,Marrakech,Route d'Amizmiz,28 000 000 DH,28000000,658m²,658,10 Pièces,6 Chambres,7 Salles de bains,"Jardin, Terrasse, Garage, Ascenseur, Vue sur les montagnes, Piscine, Concierge, Chambre rangement, Cheminée, Climatisation, Sécurité","A seulement 20 mn de Marrakech, dans une magnifique résidence golfique route d'Amizmiz, A vendre Villa Riad de 7 suites dont une chambre de maître avec une vue dégagée sans vis-à-vis sur l'Atlas et le golf. Un terrain mature, éclairé et arboré de 5900 m2 offre une vue époustouflante sur l'Atlas. La surface habitable est de 658 m2 et la surface couverte de 1142 m2. Grand patio avec toit rétractable PISCINE : 15 m x 7 m chauffée au gaz (2 cuves de...",https://www.mubawab-media.com/ad/8/217/042F/h/Picture-86213996-1_81038068.avif,10,2026-09-30
8215049,Av magnifique villa riad marrakech kms12,https://www.mubawab.ma/fr/a/8215049/av-magnifique-villa-riad-marrakech-kms12,Vente,Riad,Marrakech,Route d'Amizmiz,28 000 000 DH,28000000,1140m²,1140,10 Pièces,7 Chambres,7 Salles de bains,"Jardin, Terrasse, Garage, Ascenseur, Vue sur les montagnes, Piscine, Concierge, Chambre rangement, Salon Marocain, Salon européen, Antenne parabolique, Cheminée, Climatisation, Chauffage central, Sécurité, Cuisine équipée, Réfrigérateur, Four, Machine à laver","Réf Rx670 A seulement 20 mn de Marrakech, dans une magnifique résidence golfique route d'Amizmiz, A vendre Villa Riad de 7 suites dont une chambre de maître avec une vue dégagée sans vis-à-vis sur l'Atlas et le golf. Un terrain mature, éclairé et arboré de 5900 m2 offre une vue époustouflante sur l'Atlas. La surface habitable est de 658 m2 et la surface couverte de 1142 m2. Grand patio avec toit rétractable PISCINE : 15 m x 7 m chauffée au gaz...",https://www.mubawab-media.com/ad/8/215/049F/h/PHOTO-2025-09-10-11-59-31-1_81016981.avif,15,2026-09-30
8309181,Domaine de 3 Villas Riad et de 2 petites fermettes sur la ro...,https://www.mubawab.ma/fr/a/8309181/domaine-de-3-villas-riad-et-de-2-petites-fermettes-sur-la-route-de-l%E2%80%99ourika,Vente,Riad,Marrakech,Route de l'Ourika,35 200 000 DH,35200000,933m²,933,9 Pièces,4 Chambres,,"Jardin, Terrasse, Piscine, Concierge, Salon Marocain, Cheminée, Climatisation, Chauffage central, Sécurité, Cuisine équipée","Domaine de 3 Villas Riad et de 2 petites fermettes sur la route de l’Ourika km 20 Superficie du terrain : 3,5 hectares Villa Riad 1 Superficie du terrain planté et arboré : 6500 m2 Surfaces construites RDC : 684 m2 1ier étage : 163 m2 Logement du gardien : 26 m2 Abri pour 3 voitures : 60 m2 Total général : 933 m2 dont surfaces couvertes 684 m2 et Riad et patios 249 m2 Elle se compose de : Réception Salon avec cheminée Salon marocain Salle à man...",https://www.mubawab-media.com/ad/8/309/181F/h/60e47f53b771034ed_82026561.avif,13,2026-09-30
8237307,Riad en marrakech dans le centre de la ville,https://www.mubawab.ma/fr/a/8237307/riad-en-marrakech-dans-le-centre-de-la-ville,Vente,Riad,Marrakech,Autre / Centre,36 000 000 DH,36000000,118m²,118,1 Pièce,6 Chambres,2 Salles de bains,,"Loin 10 min à la place de Jamaa eLfna , Le prix capable à négocier , ce bien est dans un endrois touristique et surtout son enplacement très stratégique pour un projet du maison d'hote . Si vous étes interesser vous pouvez nous contacter dans ces numero",https://www.mubawab-media.com/ad/8/237/307F/h/IMG-20251018-WA0046_81255019.avif,21,2026-09-30
8242781,Opportunité en or pour investir au cœur de Marrakech Superb...,https://www.mubawab.ma/fr/a/8242781/opportunit%C3%A9-en-or-pour-investir-au-c%C5%93ur-de-marrakech-superbe-riad-%C3%A0-vendre-%C3%A0-hert-sour,Vente,Riad,Marrakech,Autre / Centre,47 000 000 DH,47000000,280m²,280,1 Pièce,8 Chambres,4 Salles de bains,,"Faites une belle affaire avec ce splendide riad à vendre. Prix 47 000 000 DH. 8 chambres, 4 salles de bains, superficie 280 m². 1 Pièces. À rénover. Venez découvrir ce riad à vendre à Rmila, Marrakech",https://www.mubawab-media.com/ad/8/242/781F/h/photo_00_81309846.avif,6,2026-09-30
8283391,Trouvez votre riad à acheter à Guéliz. 10 chambres. Meublé,https://www.mubawab.ma/fr/a/8283391/trouvez-votre-riad-%C3%A0-acheter-%C3%A0-gu%C3%A9liz-10-chambres-meubl%C3%A9,Vente,Riad,Marrakech,Guéliz,50 000 000 DH,50000000,284m²,284,13 Pièces,10 Chambres,10 Salles de bains,"Terrasse, Garage, Ascenseur, Concierge, Chambre rangement, Meublé, Entre-seul, Salon européen, Antenne parabolique, Cheminée, Climatisation, Chauffage central, Sécurité, Double vitrage, Porte blindée, Cuisine équipée, Réfrigérateur, Four, Machine à laver, Micro-ondes","Opportunité unique pour hotel appart à vendre gueliz Marrakech avec de grd magasins . Prix 50 000 000 DH. 10 chambres, 10 salles de bains, surface soûl 284 m². 13 pièces. Bon état. Entièrement meublé. Ce riad est proposé à la vente à Guéliz. Équipé d'une antenne parabolique et d'une porte blindée. La résidence est sécurisée. Nombreux équipements dont cheminée et climatisation. La résidence dispose également d'un service de conciergerie. Belle T...",https://www.mubawab-media.com/ad/8/283/391F/h/photo_0_81753266.avif,1,2026-09-30
8294817,Riad à vendre,https://www.mubawab.ma/fr/a/8294817/riad-%C3%A0-vendre,Vente,Riad,Marrakech,Autre / Centre,59 000 000 DH,59000000,120m²,120,4 Pièces,5 Chambres,5 Salles de bains,Terrasse,"Riad de 120 m à coté de palais badii , 5 chambres avec leurs salles de bain , cuisine ,toilettes communes , double terrasse",https://www.mubawab-media.com/ad/8/294/817F/h/1ea532a9-5c5d-43e7-b8b4-2075268e7e56_81873531.avif,12,2026-09-30
8411643,Riad à vendre Vue sur la place maisons d hôtes,https://www.mubawab.ma/fr/a/8411643/riad-%C3%A0-vendre-vue-sur-la-place-maisons-d-h%C3%B4tes,Vente,Riad,Marrakech,Médina,90 000 000 DH,90000000,350m²,350,1 Pièce,1 Ch.,1 Salle de bain,Terrasse,"Voici une description détaillée d'un magnifique riad en vente situé au cœur de la médina de Marrakech, dans le quartier animé à proximité de la place. Ce riad bénéficie d'une surface habitable généreuse de 350 m² répartie sur plusieurs niveaux, avec un plan de parcelle de 119 m². En entrant dans le riad, on découvre un espace mêlant tradition et élégance. Le sol au style de parqué est présent dans certaines zones, conférant une touche chaleureus...",https://www.mubawab-media.com/ad/8/411/643F/h/photo_0_83175783.avif,1,2026-09-30
8375474,Riad d’exception au cœur de Médina de Marrakech,https://www.mubawab.ma/fr/a/8375474/riad-d%E2%80%99exception-au-c%C5%93ur-de-m%C3%A9dina-de-marrakech,Vente,Riad,Marrakech,Médina,100 000 000 DH,100000000,190m²,190,8 Pièces,6 Chambres,6 Salles de bains,"Piscine, Meublé, Salon Marocain, Salon européen, Climatisation, Sécurité, Cuisine équipée, Réfrigérateur, Four, Machine à laver, Micro-ondes","**Riad d’exception à vendre à Ksour – À 5 minutes de la place Jemaa El-Fna** Situé au cœur de la Médina de Marrakech, dans le quartier prisé de Ksour, ce magnifique riad de **190 m²** bénéficie d’un emplacement stratégique, à seulement **5 minutes de la Jemaa el-Fna**, offrant un accès rapide aux principaux sites touristiques, restaurants et souks de Marrakech. Ce bien de caractère combine parfaitement l’authenticité de l’architecture maroc...",https://www.mubawab-media.com/ad/8/375/474F/h/WhatsApp%20Image%202026-07-02%20at%2013.15.10%20%283%29_82783289.avif,11,2026-09-30
8292651,Marrakech Bab Doukkala,https://www.mubawab.ma/fr/a/8292651/marrakech-bab-doukkala,Vente,Riad,Marrakech,Bab Doukkala,170 000 000 DH,170000000,,,5 Pièces,5 Chambres,2 Salles de bains,Jardin,"Maison traditionnelle avec un grand potentiel adaptée pour être transformée en riad touristique ou en maison d'hôtes, son design permet de créer une belle cour intérieure avec des chambres à rénover. Avec un emplacement avantageux près des marchés et des écoles, dans un endroit calme",https://www.mubawab-media.com/ad/8/292/651F/h/IMG_20260127_135722_097_81850465.avif,27,2026-09-30
8327587,Villa de haut standing à vendre à Riad Al Atlas. 4 belles c...,https://www.mubawab.ma/fr/a/8327587/villa-de-haut-standing-%C3%A0-vendre-%C3%A0-riad-al-atlas-4-belles-chambres-environnement-calme-avec-vue-montagne-double-vitrage,Vente,Riad,Marrakech,Autre / Centre,800 000 000 DH,800000000,330m²,330,3 Pièces,4 Chambres,4 Salles de bains,"Vue sur les montagnes, Piscine, Chambre rangement, Cheminée, Climatisation, Double vitrage",Villa jumelée d'exception à vendre à Marrakech. Superficie: 330 m construits sur terrain de 423 m. Finitions haut de gamme en Noyer Massif et Marbre. Détails du bien : • Chambres: 2 Suites parentales 2 Chambres (Sol en parquet noyer). • Salons: Grand espace en Marbre du Portugal avec cheminée bois. • Menuiserie: Portes toute hauteur et escalier en Noyer massif. Porte d'entrée monumentale (1.6m x 3m). • Isolation : Alu Strougal double vitrage (6...,https://www.mubawab-media.com/ad/8/327/587F/h/photo_00_82222677.avif,7,2026-09-30
