id,title,url,transaction_type,house_type,city,quartier,price_raw,price_numeric,surface_raw,surface_m2,rooms,bedrooms,bathrooms,features,description,main_image,images_count,scraped_date
8395629,Maison d'hôtes 5000 M2. Targa. Beaucoup de potentiel,https://www.mubawab.ma/fr/pa/8395629/maison-d-h%C3%B4tes-5000-m2-targa-beaucoup-de-potentiel,Vente,Maison,Marrakech,Targa,Prix à consulter,,5000m²,5000,25 Pièces,18 Chambres,18 Salles de bains,"Jardin, Terrasse, Garage, Piscine, Chambre rangement, Salon Marocain, Chauffage central, Porte blindée","Cette somptueuse propriété située sur le secteur de Targa à Marrakech est une véritable oasis de luxe et de tranquillité. Établie sur un immense terrain de 5000 m², la maison est orientée plein sud, offrant une luminosité exceptionnelle tout au long de la journée. Avec ses chambres multiples , elle accueille confortablement une grande famille ou plusieurs invités. La résidence affiche une construction achevée depuis 20 à 30 ans, avec un état t...",https://www.mubawab-media.com/ad/8/395/629F/h/photo_0_83005345.avif,11,2026-09-30
8415904,Achat de terrain à Camp Al Ghoul. Superficie 12 m²,https://www.mubawab.ma/fr/a/8415904/achat-de-terrain-%C3%A0-camp-al-ghoul-superficie-12-m%C2%B2,Vente,Villa,Marrakech,Targa,Prix à consulter,,12m²,12,,,,,"OPPORTUNITÉ PROMOTEUR – FONCIER PREMIUM À TARGA, MARRAKECH Vous recherchez un terrain stratégique pour un projet rentable à Marrakech ? Clé Darna met à votre disposition un foncier rare, idéal pour un développement résidentiel haut de gamme. Localisation : Targa – zone à très forte demande Un secteur en pleine expansion, prisé pour les projets de villas modernes, offrant une excellente valorisation à moyen et long terme. Détails du terrain :...",https://www.mubawab-media.com/ad/8/415/904F/h/photo_0_83223202.avif,1,2026-09-30
8317724,Terrain 1180m en 2 accès différents,https://www.mubawab.ma/fr/a/8317724/terrain-1180m-en-2-acc%C3%A8s-diff%C3%A9rents,Vente,Villa,Marrakech,Targa,Prix à consulter,,1177m²,1177,,,,,"LOT DE VILLA EXCEPTIONNEL À VENDRE – TARGA, MARRAKECH Emplacement recherché à Targa – Marrakech Superficie : 1 180 m² ️ Un terrain aux possibilités multiples et particulièrement rare Double façade opposée offrant une configuration exceptionnelle avec 2 accès distincts. Plusieurs possibilités de réalisation : • Construire une grande villa haut standing sur l’ensemble du terrain • Réaliser 2 villas mitoyennes, chacune avec son propre accès indé...",https://www.mubawab-media.com/ad/8/317/724F/h/photo_0_82118110.avif,1,2026-09-30
8411325,Achat de terrain Targa. Superficie 1046 m²,https://www.mubawab.ma/fr/a/8411325/achat-de-terrain-targa-superficie-1046-m%C2%B2,Vente,Terrain,Marrakech,Targa,Prix à consulter,,1046m²,1046,,,,,"Découvrez un terrain exceptionnel en vente situé dans le quartier prestigieux de Hay Targa à Marrakech. Ce terrain, jamais encore habité ou réformé, s'étend sur une surface impressionnante de 1046 m², offrant un espace vaste et diversifié pour réaliser vos projets immobiliers. Situé dans la région de Marrakech-Safi, cet emplacement privilégié à Ménara garantit une proximité immédiate avec divers points d'intérêt. Le quartier de Hay Targa est ren...",https://www.mubawab-media.com/ad/8/411/325F/h/photo_0_83172350.avif,1,2026-09-30
8409599,Villa hay sofia nejma a coté de mawazine targa,https://www.mubawab.ma/fr/a/8409599/villa-hay-sofia-nejma-a-cot%C3%A9-de-mawazine-targa,Vente,Villa,Marrakech,Targa,Prix à consulter,,193m²,193,8 Pièces,4 Chambres,4 Salles de bains,Terrasse,villa hay sofia nejma à cote de mawazine targa Terrain 151 m² construite en 2022 193 m² de construction sur 2 niveaux RDC: 1 grand salon grande cuisine 1 chambre amie lavabo invité lave main toilette invités chambre amies cours arriere avec fontaine murale et barbecue 1 etage : 2 chambres à coucher chacune avec salle de bain lavabo et toilettes 2 chambres a coucher 1 grande salle de bain toilette et lavabo terrasse: tante KAidal to...,https://www.mubawab-media.com/ad/8/409/599F/h/WhatsApp_Image_2026-08-16_at_15.56.10_83152419.avif,10,2026-09-30
8407545,Terrain à vendre à TARGA. Superficie 400 m²,https://www.mubawab.ma/fr/a/8407545/terrain-%C3%A0-vendre-%C3%A0-targa-superficie-400-m%C2%B2,Vente,Terrain,Marrakech,Targa,Prix à consulter,,400m²,400,,,,,"Ce terrain à vendre est situé dans le quartier prisé de Targa à Marrakech, dans la région de Marrakech-Safi. S'étendant sur une superficie de 400 m², ce terrain offre un potentiel formidable pour des projets résidentiels ou autres. L’emplacement bénéficie d'une excellente accessibilité et d'une proximité avec de nombreuses commodités locales. Le quartier de Targa est réputé pour son ambiance résidentielle paisible tout en restant à proximité d...",https://www.mubawab-media.com/ad/8/407/545F/h/photo_0_83132080.avif,1,2026-09-30
8399686,Decathlon Location d’un appartement Targa Decathlon,https://www.mubawab.ma/fr/a/8399686/decathlon-location-d%E2%80%99un-appartement-targa-decathlon,Vente,Appartement,Marrakech,Targa,Prix à consulter,,108m²,108,5 Pièces,2 Chambres,1 Salle de bain,"Meublé, Salon Marocain, Climatisation, Réfrigérateur, Four, Machine à laver, Micro-ondes","Cet appartement spacieux, situé dans le quartier prisé de Massira 1 à Marrakech, dans la région de Marrakech-Safi, présente une surface généreuse de 108 m². Il se trouve au deuxième étage d'un immeuble âgé de 10 à 20 ans et bénéficie d'une orientation vers l'Est, assurant une belle luminosité tout au long de la journée. Les sols en marbre confèrent une touche d'élégance et de modernité à l'ensemble de l'appartement. L'appartement comprend deux c...",https://www.mubawab-media.com/ad/8/399/686F/h/photo_00_83048661.avif,6,2026-09-30
8378860,Belle villa à la vente à deux pas de targa piscine privative,https://www.mubawab.ma/fr/a/8378860/belle-villa-%C3%A0-la-vente-%C3%A0-deux-pas-de-targa-piscine-privative,Vente,Villa,Marrakech,Targa,Prix à consulter,,504m²,504,8 Pièces,5 Chambres,5 Salles de bains,"Jardin, Terrasse, Garage, Piscine, Chambre rangement, Entre-seul, Salon Marocain, Salon européen, Antenne parabolique, Cheminée, Climatisation, Chauffage central, Sécurité, Double vitrage, Porte blindée, Cuisine équipée, Réfrigérateur, Four, Machine à laver, Micro-ondes","L'alliance parfaite entre le raffinement traditionnel et le confort absolu. Découvrez cette magnifique propriété à l'architecture soignée, idéalement nichée au cœur d'une résidence familiale et sécurisée à Targa. Alliant élégance, volumes généreux et matériaux nobles, cette demeure construite avec goût est une opportunité rare, parfaite aussi bien pour une habitation principale chaleureuse que pour un investissement locatif prestigieux. Emplacem...",https://www.mubawab-media.com/ad/8/378/860F/h/photo_00_82820973.avif,32,2026-09-30
8204258,"Villa jumelée orientée sud est, idéalement située à deux pas...",https://www.mubawab.ma/fr/a/8204258/villa-jumel%C3%A9e-orient%C3%A9e-sud-est-id%C3%A9alement-situ%C3%A9e-%C3%A0-deux-pas-de-targa-et-proche-de-toutes-commodit%C3%A9s,Vente,Villa,Marrakech,Targa,Prix à consulter,,490m²,490,6 Pièces,5 Chambres,5 Salles de bains,"Jardin, Terrasse, Garage, Piscine, Concierge, Entre-seul, Salon Marocain, Salon européen, Antenne parabolique, Cheminée, Climatisation, Sécurité, Double vitrage, Porte blindée, Cuisine équipée, Réfrigérateur, Four, Machine à laver, Micro-ondes","À seulement quelques pas du quartier prisé de Targa, découvrez cette belle villa jumelée orientée sud-est, offrant confort, volumes généreux et proximité immédiate de toutes les commodités (écoles, commerces, axes routiers). Superficie du terrain : 490 m² Atouts de la villa : • Piscine privative • Local gardien • Excellente orientation sud-est • Environnement calme et résidentiel Composition : Rez-de-chaussée : • Élégant salon marocain ...",https://www.mubawab-media.com/ad/8/204/258F/h/photo_00_81740928.avif,31,2026-09-30
8325073,Terrain pour Villa,https://www.mubawab.ma/fr/a/8325073/terrain-pour-villa,Vente,Villa,Marrakech,Targa,Prix à consulter,,1285m²,1285,,,,,Mise en vente parcelle de terrain titré loti à Targa de 1285m2 possibilité de construction de 2 villas jumelées sur 2 lots de 642m2 chacun Prix 3000DH/M2 négociable Si intéressé contacter uniquement par messagerie WhatsApp,https://www.mubawab-media.com/ad/8/325/073F/h/tarik_40_83269610.avif,1,2026-09-30
8329902,Appartement à louer,https://www.mubawab.ma/fr/a/8329902/appartement-%C3%A0-louer,Vente,Appartement,Marrakech,Targa,Prix à consulter,,53m²,53,4 Pièces,1 Ch.,1 Salle de bain,"Garage, Ascenseur, Piscine, Concierge, Chambre rangement, Sécurité, Four",Appartement situé dans une résidence fermée et sécurisée à Marrakech dans la région Targa à louer,https://www.mubawab-media.com/ad/8/329/902F/h/IMG_6963_82248199.avif,8,2026-09-30
8270672,Beau terrain à la vente à Jawhar targa. Surface de 868 m²,https://www.mubawab.ma/fr/a/8270672/beau-terrain-%C3%A0-la-vente-%C3%A0-jawhar-targa-surface-de-868-m%C2%B2,Vente,Terrain,Marrakech,Targa,Prix à consulter,,868m²,868,,,,,"Réalisez vos projets avec ce terrain à vendre. Superficie 868 m². Venez découvrir ce terrain en vente à Jawhar targa direction vert quartier industriel, Marrakech. Raccourci derrière pour rentrer à Targa (Jawhar targa)",https://www.mubawab-media.com/ad/8/270/672F/h/photo_0_81615887.avif,3,2026-09-30
8289269,Beau terrain à la vente à zohor targa. Superficie 644 m²,https://www.mubawab.ma/fr/a/8289269/beau-terrain-%C3%A0-la-vente-%C3%A0-zohor-targa-superficie-644-m%C2%B2,Vente,Terrain,Marrakech,Targa,Prix à consulter,,644m²,644,,,,,"Très bon choix pour ce terrain à vendre. Superficie de 644 m². Ce terrain est proposé à la vente à Hay Targa, Marrakech",https://www.mubawab-media.com/ad/8/289/269F/h/photo_0_81814848.avif,1,2026-09-30
8245992,Terrain à acheter targa Surface totale 400 m²,https://www.mubawab.ma/fr/a/8245992/terrain-%C3%A0-acheter-targa-surface-totale-400-m%C2%B2,Vente,Terrain,Marrakech,Targa,Prix à consulter,,400m²,400,,,,,"Réalisez vos projets avec ce terrain à vendre. Superficie 400 m². Ce terrain est proposé à la vente à targa, Marrakech",https://www.mubawab-media.com/ad/8/245/992F/h/photo_00_81345250.avif,2,2026-09-30
8225529,Terrain à la vente à targa Masmoudi. Superficie 1200 m²,https://www.mubawab.ma/fr/a/8225529/terrain-%C3%A0-la-vente-%C3%A0-targa-masmoudi-superficie-1200-m%C2%B2,Vente,Terrain,Marrakech,Targa,Prix à consulter,,1200m²,1200,,,,,"Beau terrain bien situé, à vendre. Présente une surface totale de 1200 m². Ce terrain est proposé à la vente à Masmoudi, Marrakech",https://www.mubawab-media.com/ad/8/225/529F/h/photo_0_81128832.avif,8,2026-09-30
8375514,Superbe Villa de 390 m² à Louer – Targa Longue Durée Marrak...,https://www.mubawab.ma/fr/a/8375514/superbe-villa-de-390-m%C2%B2-%C3%A0-louer-%E2%80%93-targa-longue-dur%C3%A9e-marrakech,Location,Villa,Marrakech,Targa,Prix à consulter,,390m²,390,5 Pièces,4 Chambres,3 Salles de bains,"Jardin, Terrasse, Garage, Piscine, Chambre rangement, Salon Marocain, Salon européen, Antenne parabolique, Cheminée, Climatisation, Sécurité, Double vitrage, Porte blindée, Cuisine équipée, Four, Micro-ondes","Découvrez cette magnifique villa spacieuse et lumineuse de 390 m², idéale pour une famille, située dans l'un des quartiers les plus prisés et calmes de Targa. Offrant un cadre de vie serein et tout le confort moderne, cette propriété se distingue par ses prestations de qualité et ses équipements éco-responsables (panneaux solaires). En détail : Rez-de-chaussée (Espace de vie) : Un double séjour vaste et baigné de lumière, agrémenté d'un coin ch...",https://www.mubawab-media.com/ad/8/375/514F/h/photo_0_82783641.avif,23,2026-09-30
8278530,Coquette villa à louer vide à targa résidence piscine collec...,https://www.mubawab.ma/fr/a/8278530/coquette-villa-%C3%A0-louer-vide-%C3%A0-targa-r%C3%A9sidence-piscine-collective,Location,Villa,Marrakech,Targa,Prix à consulter,,335m²,335,5 Pièces,3 Chambres,3 Salles de bains,"Jardin, Terrasse, Garage, Piscine, Chambre rangement, Salon Marocain, Salon européen, Antenne parabolique, Cheminée, Climatisation, Chauffage central, Porte blindée, Cuisine équipée, Four, Machine à laver, Micro-ondes","LYZ MARRAKECH SERVICES a le plaisir de vous proposer à la location longue durée uniquement cette charmante petite villa idéalement située dans le quartier prisé de Targa, au sein d’une résidence fermée, sécurisée et verdoyante, disposant d’une piscine collective. La villa bénéficie d’une distribution fonctionnelle et de volumes agréables, offrant confort et qualité de vie. Rez-de-chaussée – 185 m² : • Double salon séjour lumineux avec coin ch...",https://www.mubawab-media.com/ad/8/278/530F/h/photo_00_81700501.avif,23,2026-09-30
8417637,Chambre meublé dans un appartement équipée résidence,https://www.mubawab.ma/fr/a/8417637/chambre-meubl%C3%A9-dans-un-appartement-%C3%A9quip%C3%A9e-r%C3%A9sidence,Location,Appartement,Marrakech,Targa,2 100 DH,2100,55m²,55,1 Pièce,,1 Salle de bain,"Piscine, Meublé",Chambre meublé à louer dans un appartement équipée partagé dans une résidence avec piscine à targa,https://www.mubawab-media.com/ad/8/417/637F/h/81964797-xsomorocco-black-building-hand-drawn-ink-vector-illustration_83242906.avif,1,2026-09-21
8393169,Villa pour location journalier marrakech,https://www.mubawab.ma/fr/a/8393169/villa-pour-location-journalier-marrakech,Location,Villa,Marrakech,Targa,3 000 DH,3000,400m²,400,4 Pièces,4 Chambres,2 Salles de bains,Piscine,"Alouer - targa , Marrakech belle villa pour location journalier pour les famille prix 3000 DH pour plus d'information contacter nous",https://www.mubawab-media.com/ad/8/393/169F/h/GFCVB_82976791.avif,8,2026-09-30
8375672,À louer Appartement aux Portes de Marrakech,https://www.mubawab.ma/fr/a/8375672/%C3%A0-louer-appartement-aux-portes-de-marrakech,Location,Appartement,Marrakech,Targa,3 500 DH,3500,55m²,55,3 Pièces,2 Chambres,1 Salle de bain,"Meublé, Salon Marocain, Antenne parabolique, Climatisation, Cuisine équipée, Réfrigérateur, TV","À louer – Appartement aux Portes de Marrakech Appartement situé dans la résidence Les Portes de Marrakech, à seulement 2 minutes de Carrefour Targa, 7 minutes du centre-ville, 15 minutes de l’aéroport de Marrakech et 20 minutes de la place Jamaâ El Fna. Il se compose de : * 2 chambres * Un salon * Une salle de bain * Une cuisine Tarifs selon la durée d’engagement : * Paiement à l’année : 3 500 DH / mois * Engagement de 6 mois :...",https://www.mubawab-media.com/ad/8/375/672F/h/866181eb-e40d-4f1a-90d2-1e1ec87678fc_82785326.avif,11,2026-09-30
8342204,À louer – superbe villa à targa,https://www.mubawab.ma/fr/a/8342204/%C3%A0-louer-%E2%80%93-superbe-villa-%C3%A0-targa,Location,Villa,Marrakech,Targa,3 700 DH,3700,360m²,360,6 Pièces,4 Chambres,4 Salles de bains,"Piscine, Entre-seul","À LOUER – SUPERBE VILLA À TARGA Située dans le quartier prisé de Targa, cette magnifique villa allie élégance, espace et confort sur une superficie de 360 m². Idéale pour une vie familiale ou pour recevoir, elle se distingue par ses volumes généreux et sa conception harmonieuse. Sous-sol : Le sous-sol offre un espace convivial composé de deux salons lumineux ainsi qu’une chambre, parfait pour accueillir des invités ou aménager un espace de déte...",https://www.mubawab-media.com/ad/8/342/204F/h/9_82377140.avif,21,2026-09-30
8381525,Appartement meublé situé à Targa,https://www.mubawab.ma/fr/a/8381525/appartement-meubl%C3%A9-situ%C3%A9-%C3%A0-targa,Location,Appartement,Marrakech,Targa,3 700 DH,3700,52m²,52,3 Pièces,2 Chambres,1 Salle de bain,"Terrasse, Garage, Meublé, Sécurité, Cuisine équipée",l'appartement est composé de : - 1 salon - 2 chambres à coucher - 1 balcon - 1 cuisine équipée - 1 salle de bain - 1 er etage sans ascenseur - Residence fermée et securisé - Parking surveillé dans la résidence,https://www.mubawab-media.com/ad/8/381/525F/h/a80de575-c70d-4e9b-93c4-d92ed0708df0_82849696.avif,13,2026-09-30
8384539,New Appartement avec Balcon a Targa,https://www.mubawab.ma/fr/a/8384539/new-appartement-avec-balcon-a-targa,Location,Appartement,Marrakech,Targa,4 000 DH,4000,60m²,60,2 Pièces,1 Ch.,1 Salle de bain,"Terrasse, Ascenseur, Concierge, Façade extérieure, Antenne parabolique, Climatisation, Sécurité, Cuisine équipée, Four, Internet","L'emplacement : Targa Proche de Carrefour, Marrakech Surface : 60 m² (1e Etage) Doté de 1 Ch, Salon, Cuisine et Sdb Prix : 4000 DH/ mois Immeuble dote d'Ascenseur",https://www.mubawab-media.com/ad/8/384/539F/h/%D8%B4%D9%82%D8%A9%20%D8%A8%D8%A7%D9%84%D8%A8%D8%A7%D9%84%D9%83%D9%88%20%D9%84%D9%84%D9%83%D8%B1%D8%A7%D8%A1%20%D8%A7%D9%84%D8%B4%D9%87%D8%B1%D9%8A%20%D9%81%D9%8A%20%D8%AA%D8%A7%D8%B1%D9%83%D8%A9%20%D9%85%D8%B1%D8%A7%D9%83%D8%B46_82882243.avif,10,2026-09-21
8420499,Appartement Meublé 1er Zohour Targa Salma 2,https://www.mubawab.ma/fr/a/8420499/appartement-meubl%C3%A9-1er-zohour-targa-salma-2,Location,Appartement,Marrakech,Targa,4 000 DH,4000,60m²,60,1 Pièce,2 Chambres,1 Salle de bain,"Terrasse, Garage, Concierge, Chambre rangement, Meublé, Façade extérieure, Antenne parabolique, Climatisation, Double vitrage, Porte blindée, Cuisine équipée, Réfrigérateur, Four, TV, Machine à laver, Micro-ondes, Internet, Animaux domestiques autorisés","Bonjour, nous proposons un joli appartement meublé équipé de deux chambres et d'un salon au premier étage sans ascenseur dans Zohour Targa Selma 2 pour une location à long terme au prix de 4000 dirhams. 0662-431377",https://www.mubawab-media.com/ad/8/420/499F/h/IMG-20251211-WA0210_83274286.avif,10,2026-09-30
8422327,Appartement à louer – Hay Targa – Résidence sécurisée avec p...,https://www.mubawab.ma/fr/a/8422327/appartement-%C3%A0-louer-%E2%80%93-hay-targa-%E2%80%93-r%C3%A9sidence-s%C3%A9curis%C3%A9e-avec-piscine-%E2%80%93-marrakech,Location,Appartement,Marrakech,Targa,4 000 DH,4000,56m²,56,3 Pièces,2 Chambres,1 Salle de bain,"Jardin, Terrasse, Garage, Ascenseur, Piscine, Concierge, Salon Marocain, Salon européen, Antenne parabolique, Climatisation, Sécurité, Double vitrage, Porte blindée, Cuisine équipée","L’agence Pics Atlas vous propose un appartement à louer situé à Hay Targa, dans une résidence sécurisée avec piscine et jardin. Situé au 3ᵉ étage, cet appartement offre une configuration fonctionnelle avec 2 chambres et un salon. Il est idéal pour un couple ou une petite famille à la recherche d’un logement agréable dans un environnement résidentiel. Caractéristiques principales • Localisation : Hay Targa – Marrakech • Étage : 3ᵉ étage • Typ...",https://www.mubawab-media.com/ad/8/422/327F/h/1_83294880.avif,14,2026-09-30
8405241,Superbe appartement à louer à Hay Targa. Superficie 87 m². C...,https://www.mubawab.ma/fr/a/8405241/superbe-appartement-%C3%A0-louer-%C3%A0-hay-targa-superficie-87-m%C2%B2-conciergerie-%C3%A0-disposition-syst%C3%A8me-de-climatisation,Location,Appartement,Marrakech,Targa,4 000 DH,4000,87m²,87,4 Pièces,3 Chambres,2 Salles de bains,"Concierge, Climatisation, Sécurité, Porte blindée","Cet appartement à louer, situé dans le quartier prisé de Hay Targa à Marrakech, offre une surface de 87 m² et se trouve au rez-de-chaussée d'un immeuble récent datant de 1 à 5 ans. Il se compose de trois chambres spacieuses avec des sols en carrelage, créant une ambiance lumineuse et agréable. Les deux salles de bains modernes sont équipées de douches élégantes et de finitions contemporaines. La cuisine, avec un agencement fonctionnel, dispose d...",https://www.mubawab-media.com/ad/8/405/241F/h/photo_00_83106367.avif,10,2026-09-30
8379242,Location appartement vide Zouhour targa,https://www.mubawab.ma/fr/a/8379242/location-appartement-vide-zouhour-targa,Location,Appartement,Marrakech,Targa,4 000 DH,4000,95m²,95,6 Pièces,3 Chambres,2 Salles de bains,"Jardin, Garage, Concierge, Chambre rangement, Sécurité","Location appartement vide Zouhour targa Marrakech contient 3 chambres 2 salle de bain une grande réception, cuisine et 2 balcons. Résidence sécurisée avec parking",https://www.mubawab-media.com/ad/8/379/242F/h/IMG_9660_82825228.avif,16,2026-09-30
8282886,Location Appartement à targa,https://www.mubawab.ma/fr/a/8282886/location-appartement-%C3%A0-targa,Location,Appartement,Marrakech,Targa,4 000 DH,4000,57m²,57,3 Pièces,2 Chambres,1 Salle de bain,"Meublé, Sécurité","Je mets en location un bel appartement meublé situé au 1er étage d'une résidence fermée et sécurisée à Zohour Targa. Ce bien se compose de deux chambres confortables et d'un salon spacieux, offrant un cadre de vie calme et agréable. L'appartement est prêt à l'usage, idéal pour ceux qui recherchent la tranquillité et la sécurité au cœur de Targa. N'hésitez pas à me contacter pour plus d'informations ou pour organiser une visite. Oulaya ELKHOUMM...",https://www.mubawab-media.com/ad/8/282/886F/h/6b6e76785c07cb140d64_81747917.avif,10,2026-09-30
8420027,Bel appartement 2chambres meublé,https://www.mubawab.ma/fr/a/8420027/bel-appartement-2chambres-meubl%C3%A9,Location,Appartement,Marrakech,Targa,4 500 DH,4500,60m²,60,3 Pièces,2 Chambres,1 Salle de bain,"Concierge, Meublé, Façade extérieure, Salon Marocain, Climatisation, Cuisine équipée","À LOUER – APPARTEMENT MEUBLÉ À TARGA, MARRAKECH Appartement meublé de 60 m², situé au 3ᵉ étage sans ascenseur, dans le quartier de Targa. Caractéristiques : * 2 chambres * 1 salle de bain * Salon * Cuisine équipée * Vis-à-vis Loyer : 4 500 DH/mois Location longue durée. Conditions de location : * 2 mois de caution * 1 mois de loyer en cours * 1 mois de frais d’agence",https://www.mubawab-media.com/ad/8/420/027F/h/WhatsApp_Image_2026-09-21_at_15.20.42__10__83269246.avif,10,2026-09-30
8421621,Appart meublé à Nour Sakane Targa,https://www.mubawab.ma/fr/a/8421621/appart-meubl%C3%A9-%C3%A0-nour-sakane-targa,Location,Appartement,Marrakech,Targa,4 500 DH,4500,55m²,55,3 Pièces,2 Chambres,1 Salle de bain,"Ascenseur, Meublé","Vous recherchez un appartement meublé pratique, sérénité et emplacement stratégique ? Découvrez ce bel appartement situé au sein de la Résidence Nour Sakane, dans un secteur recherché offrant un accès pratique aux principaux axes de Marrakech ! Une Adresse de Choix : Situé dans le quartier recherché de Targa, cet appartement bénéficie d’un accès ultra-rapide à la route de Safi et au quartier industriel. Idéal pour les professionnels, les couples...",https://www.mubawab-media.com/ad/8/421/621F/h/WhatsApp_Image_2026-09-22_at_15.58.18_83286721.avif,20,2026-09-30
8410382,Appartement meublé 2 chambres à Targa,https://www.mubawab.ma/fr/a/8410382/appartement-meubl%C3%A9-2-chambres-%C3%A0-targa,Location,Appartement,Marrakech,Targa,4 500 DH,4500,54m²,54,3 Pièces,2 Chambres,1 Salle de bain,"Ascenseur, Meublé, Antenne parabolique, Sécurité, Cuisine équipée",l'appartement est composé de : - 2 chambres à coucher - 1 salle de bain - 1 cuisine équipée - 1 Salon - meublé - 2eme etage avec ascenseur - Superficie 54 m²,https://www.mubawab-media.com/ad/8/410/382F/h/704914301_3582632965246431_3130214774432873648_n_magic_83161876.avif,10,2026-09-30
8397568,À Louer – Bel Appartement Meublé à Zohour Targa,https://www.mubawab.ma/fr/a/8397568/%C3%A0-louer-%E2%80%93-bel-appartement-meubl%C3%A9-%C3%A0-zohour-targa,Location,Appartement,Marrakech,Targa,4 500 DH,4500,60m²,60,3 Pièces,2 Chambres,2 Salles de bains,"Ascenseur, Concierge, Meublé, Salon européen, Climatisation, Cuisine équipée, Réfrigérateur, Four, TV, Machine à laver","Le 25 Immobilier vous présente à la location un appartement situé dans le quartier calme de Zohour Targa à Marrakech. Meublé, d’une superficie de 60 m², il se trouve au sein d’une résidence bien entretenue, accessible par ascenseur. Son emplacement offre un cadre résidentiel paisible tout en restant proche des commodités locales. L’espace de vie s’articule autour d’un grand salon lumineux, prolongé par un espace salle à manger, idéal pour rece...",https://www.mubawab-media.com/ad/8/397/568F/h/IMG_3301.HEIC_2K_202608111023_83025943.avif,13,2026-09-30
8414655,Appartement à louer meublé longue durée,https://www.mubawab.ma/fr/a/8414655/appartement-%C3%A0-louer-meubl%C3%A9-longue-dur%C3%A9e,Location,Appartement,Marrakech,Targa,4 700 DH,4700,50m²,50,3 Pièces,2 Chambres,1 Salle de bain,"Jardin, Ascenseur, Concierge, Meublé, Salon européen, Antenne parabolique, Climatisation, Sécurité, Cuisine équipée, Réfrigérateur, Four, TV, Machine à laver, Micro-ondes","Situé dans le quartier prisé de Hay Targa à Marrakech, Résidence Nour Sakan 2 ce bel appartement à louer dégage une atmosphère moderne et accueillante. Localisé au deuxième étage d'un immeuble bien entretenu, l'édifice dispose d'un ascenseur et d'un service de concierge, garantissant une sécurité et une sérénité incomparables aux résidents. L'intérieur de l'appartement, récemment construit, bénéficie d'un état de conservation impeccable. Avec un...",https://www.mubawab-media.com/ad/8/414/655F/h/837c0433-0b1f-489f-82d4-03e50d50d604_83209755.avif,13,2026-09-21
8069283,Studio neuf de 31m² à louer à targa,https://www.mubawab.ma/fr/a/8069283/studio-neuf-de-31m%C2%B2-%C3%A0-louer-%C3%A0-targa,Location,Studio,Marrakech,Targa,5 000 DH,5000,31m²,31,1 Pièce,1 Ch.,1 Salle de bain,"Cuisine équipée, Réfrigérateur, Four, TV, Machine à laver","Vous cherchez un studio moderne et calme à Marrakech, Ne manquez pas ce charmant studio de 31 m² situé dans une villa agréable et bien entretenue, au cœur du quartier résidentiel de Targa. Ce studio est idéal pour une personne seule ou un couple recherchant confort et tranquillité, tout en étant proche des principales commodités. Caractéristiques du studio : Surface : 31 m² Espace de vie : Grand espace ouvert, optimisé pour un maximum de c...",https://www.mubawab-media.com/ad/8/069/283F/h/WhatsApp%20Image%202025-01-06%20at%2015.33.22%20%283%29_79548681.avif,11,2026-09-30
8423370,Location Appartement à hay targa,https://www.mubawab.ma/fr/a/8423370/location-appartement-%C3%A0-hay-targa,Location,Appartement,Marrakech,Targa,5 000 DH,5000,54m²,54,3 Pièces,2 Chambres,1 Salle de bain,"Terrasse, Meublé","Location d'un appartement Meublé à Targa (Marrakech). Vous présente à la location cet agréable appartement entièrement meublé et équipé, idéalement situé au premier étage dans le quartier prisé de Targa. L'agencement intérieur se compose d'un salon chaleureux, de deux chambres à coucher lumineuses s'ouvrant sur un agréable petit balcon, d'une cuisine fonctionnelle entièrement équipée ainsi que d'une salle de bain soignée. Proche de toutes les...",https://www.mubawab-media.com/ad/8/423/370F/h/36ac2a31ca8bb2462bb3_83306044.avif,9,2026-09-30
8277463,Sublime apartement meublé a louer Bassatine Targa,https://www.mubawab.ma/fr/a/8277463/sublime-apartement-meubl%C3%A9-a-louer-bassatine-targa,Location,Appartement,Marrakech,Targa,5 000 DH,5000,60m²,60,3 Pièces,2 Chambres,1 Salle de bain,"Garage, Concierge, Meublé, Façade extérieure, Salon Marocain, Climatisation, Sécurité, Cuisine équipée, Réfrigérateur, TV","Offrez-vous le confort et l’élégance dans ce magnifique appartement de 60 m², situé au 3ᵉ étage d’une résidence sécurisée, calme et 100% familiale. Profitez d’une atmosphère lumineuse et ensoleillée, parfaite pour des moments de sérénité et de tranquillité, tout en étant à proximité immédiate de toutes les commodités. L’appartement se compose d’un salon spacieux et lumineux, de deux chambres confortables, d’une salle de bain moderne et d’une c...",https://www.mubawab-media.com/ad/8/277/463F/h/ALLM-929__5__83314103.avif,9,2026-09-30
8368071,Appartement à louer – Basatin Targa – Marrakech,https://www.mubawab.ma/fr/a/8368071/appartement-%C3%A0-louer-%E2%80%93-basatin-targa-%E2%80%93-marrakech,Location,Appartement,Marrakech,Targa,5 000 DH,5000,60m²,60,3 Pièces,2 Chambres,1 Salle de bain,"Jardin, Garage, Concierge, Salon Marocain, Antenne parabolique, Climatisation, Sécurité, Double vitrage, Cuisine équipée","L’agence Pics Atlas vous propose un appartement à louer situé dans le quartier résidentiel de Basatin Targa à Marrakech. Cet appartement offre un cadre de vie agréable et fonctionnel, idéal pour un couple ou une petite famille recherchant le calme tout en restant proche des commodités essentielles. Caractéristiques principales • Localisation : Basatin Targa – Marrakech • Étage : 1er étage • Type : Appartement Composition 2 chambres - 1 salon...",https://www.mubawab-media.com/ad/8/368/071F/h/1_82700450.avif,10,2026-09-30
8281038,Jolie apparte meuble Bassatine targa 1 ier étage,https://www.mubawab.ma/fr/a/8281038/jolie-apparte-meuble-bassatine-targa-1-ier-%C3%A9tage,Location,Autre,Marrakech,Targa,5 000 DH,5000,60m²,60,1 Pièce,2 Chambres,1 Salle de bain,"Concierge, Meublé, Salon Marocain, Sécurité, Cuisine équipée, Réfrigérateur, Four, TV, Machine à laver",Pour plus d'informations contactez moi,https://www.mubawab-media.com/ad/8/281/038F/h/IMG-20260105-WA0026_81732076.avif,1,2026-09-30
8422687,Appartement à louer à Hay Targa. Surface de 56 m². Bien me...,https://www.mubawab.ma/fr/a/8422687/appartement-%C3%A0-louer-%C3%A0-hay-targa-surface-de-56-m%C2%B2-bien-meubl%C3%A9,Location,Appartement,Marrakech,Targa,5 200 DH,5200,56m²,56,1 Pièce,1 Ch.,1 Salle de bain,"Terrasse, Chambre rangement, Meublé, Salon Marocain, Salon européen, Antenne parabolique, Climatisation, Chauffage central, Sécurité, Cuisine équipée, Réfrigérateur, TV, Machine à laver, Micro-ondes","Situé dans le quartier paisible de Hay Targa à Marrakech, cet appartement moderne se distingue par son charme et ses aménagements de haute qualité. Construit il y a moins de 3 ans garantissant ainsi des installations presque neuves. Il se trouve au premier étage d'un immeuble bien entretenu, accessible par un escalier facile à monter. Ce logement est parfait pour ceux qui recherchent confort et fonctionnalité, avec une répartition intelligente de...",https://www.mubawab-media.com/ad/8/422/687F/h/976c92d4-c6ac-4837-a9d8-6800be0b304d_83298888.avif,13,2026-09-30
8417925,Louez semi cave à Hay Targa. Superficie 150 m². Jardin et...,https://www.mubawab.ma/fr/a/8417925/louez-semi-cave-%C3%A0-hay-targa-superficie-150-m%C2%B2-jardin-et-terrasse,Location,Appartement,Marrakech,Targa,5 500 DH,5500,150m²,150,3 Pièces,2 Chambres,1 Salle de bain,"Jardin, Terrasse","Ce semi cave à louer, situé dans le quartier prisé de Hay Targa à Marrakech, offre une expérience de vie moderne combinée à un environnement verdoyant. Avec une superficie de 150 m², ce bien récent de 5 à 10 ans propose deux chambres et une salle de bains élégante. Le sol en marbre de la salle de bains et le carrelage présent dans d'autres parties de l'appartement ajoutent une touche de sophistication. L'appartement bénéficie d'un espace extérie...",https://www.mubawab-media.com/ad/8/417/925F/h/photo_0_83245873.avif,11,2026-09-21
8414037,Appartement meublé résidence fermée à Targa,https://www.mubawab.ma/fr/a/8414037/appartement-meubl%C3%A9-r%C3%A9sidence-ferm%C3%A9e-%C3%A0-targa,Location,Appartement,Marrakech,Targa,5 500 DH,5500,75m²,75,4 Pièces,3 Chambres,1 Salle de bain,"Garage, Ascenseur, Piscine, Concierge, Meublé, Salon européen, Antenne parabolique, Climatisation, Sécurité, Cuisine équipée, Réfrigérateur, Four, TV, Machine à laver, Micro-ondes",l'appartement est composé de : - 3 chambres à coucher - 1 Salle de bain - Wc d'invités - Cuisine équipée - Salon - équipé - Rez de chaussée - Piscine collective - Parking surveillé,https://www.mubawab-media.com/ad/8/414/037F/h/808803450_1486144283538318_1525507749828439928_n_83235809.avif,22,2026-09-21
8409850,Bel etage semi cave villa vide à Hay Sofia à Targa. 110 mètr...,https://www.mubawab.ma/fr/a/8409850/bel-etage-semi-cave-villa-vide-%C3%A0-hay-sofia-%C3%A0-targa-110-m%C3%A8tre,Location,Villa,Marrakech,Targa,5 500 DH,5500,110m²,110,2 Pièces,2 Chambres,1 Salle de bain,"Entre-seul, Porte blindée",Pour location longue durée jolie semi cave Étage villa vide de 2 chambres avec grand salon. La cuisine. Salle de bain. La térasse. La superficie : 110 mètre. Prix de location : 5 500 dh /mois,https://www.mubawab-media.com/ad/8/409/850F/h/photo_00_83156212.avif,13,2026-09-30
8394346,À louer – Appartement meublé à Zhour Targa,https://www.mubawab.ma/fr/a/8394346/%C3%A0-louer-%E2%80%93-appartement-meubl%C3%A9-%C3%A0-zhour-targa,Location,Appartement,Marrakech,Targa,6 000 DH,6000,80m²,80,3 Pièces,2 Chambres,1 Salle de bain,"Ascenseur, Piscine, Meublé, Salon Marocain, Sécurité, Cuisine équipée, Réfrigérateur, Four, TV, Machine à laver","Réf : 045R/026 Appartement meublé d’une superficie de 80 m², situé au 1er étage d’une résidence sécurisée avec ascenseur et piscine. Il se compose de : * 2 chambres * 1 salon * 1 cuisine * 1 salle de bain Conditions de location : * Loyer : 6 000 DHS * Charges de syndic : 200 DHS/mois * Dépôt de garantie : 2 mois de loyer * Caution eau et électricité : 1 000 DHS",https://www.mubawab-media.com/ad/8/394/346F/h/WhatsApp%20Image%202026-08-05%20at%2011.06.42%20%282%29_82991747.avif,19,2026-09-30
8419709,Bel appartement en location à Hay Targa. 4 pièces. Meublé,https://www.mubawab.ma/fr/a/8419709/bel-appartement-en-location-%C3%A0-hay-targa-4-pi%C3%A8ces-meubl%C3%A9,Location,Appartement,Marrakech,Targa,6 000 DH,6000,87m²,87,4 Pièces,3 Chambres,2 Salles de bains,"Concierge, Meublé, Façade extérieure, Salon européen, Climatisation, Sécurité, Double vitrage, Porte blindée, Cuisine équipée, Réfrigérateur, Four, TV, Machine à laver, Micro-ondes, Internet, Animaux domestiques autorisés","Ce magnifique appartement à louer est situé dans le quartier prisé de Hay Targa, à Marrakech, plus précisément dans le district de Ménara. Parfaitement conçu pour répondre à vos besoins modernes, cet espace offre un confort optimal avec ses trois chambres et deux salles de bains bien équipées. Le bâtiment, relativement récent avec seulement 1 à 5 ans d'âge, présente une façade extérieure attrayante et est niché dans un environnement verdoyant, co...",https://www.mubawab-media.com/ad/8/419/709F/h/photo_00_83265597.avif,11,2026-09-30
8402411,"Bureau de 42 m² à louer à Targa, Marrakech",https://www.mubawab.ma/fr/a/8402411/bureau-de-42-m%C2%B2-%C3%A0-louer-%C3%A0-targa-marrakech,Location,Bureau,Marrakech,Targa,6 000 DH,6000,42m²,42,,,1 Salle de bain,"Climatisation, Sécurité, Double vitrage","L’Immobilier Sans Frontières vous propose à la location ce bureau situé à Targa, Marrakech, au 1er étage d’un immeuble. D’une superficie de 42 m², ce bien offre un espace professionnel fonctionnel, adapté à différentes activités de bureau, à une profession libérale ou à une petite structure recherchant un emplacement pratique à Targa. Convient parfaitement à un professionnel recherchant un bureau de superficie raisonnable dans le quartier de Ta...",https://www.mubawab-media.com/ad/8/402/411F/h/0%20image%20a%20la%20une%20Photo%20_83076926.avif,9,2026-09-30
8399070,Appartement meublé 3 chambres à nour sakan targa,https://www.mubawab.ma/fr/a/8399070/appartement-meubl%C3%A9-3-chambres-%C3%A0-nour-sakan-targa,Location,Appartement,Marrakech,Targa,6 000 DH,6000,80m²,80,4 Pièces,3 Chambres,2 Salles de bains,"Garage, Ascenseur, Vue sur les montagnes, Piscine, Concierge, Meublé, Salon Marocain, Antenne parabolique, Climatisation, Sécurité, Cuisine équipée, Réfrigérateur, TV, Machine à laver","À louer superbe appartement meublé de prestige ,Location longue durée découvrez un magnifique appartement meublé, alliant élégance, confort et prestations de qualité. Entièrement équipé et offrant une agréable vue sur la piscine, il est situé donne une résidence fermée, sécurisée et parfaitement entretenue, à proximité immédiate de toutes commodités",https://www.mubawab-media.com/ad/8/399/070F/h/IMG-20260813-WA0012_83042504.avif,12,2026-09-30
8420340,Vente terrain 3 façades à Hay Targa. Superficie 334 m²,https://www.mubawab.ma/fr/a/8420340/vente-terrain-3-fa%C3%A7ades-%C3%A0-hay-targa-superficie-334-m%C2%B2,Vente,Terrain,Marrakech,Targa,6 200 DH,6200,334m²,334,,,,,"La propriété proposée est un terrain à vendre situé dans le quartier prisé de Hay Targa, dans la région de Marrakech-Safi. Ce terrain est idéalement localisé dans le district de Ménara à Marrakech. Avec une superficie totale de 334 m², cette parcelle offre une opportunité exceptionnelle pour un projet immobilier. Le terrain est bien desservi par des routes asphaltées et se trouve dans une zone bien urbanisée, ce qui facilite l'accès aux infrastru...",https://www.mubawab-media.com/ad/8/420/340F/h/photo_0_83272664.avif,1,2026-09-30
8354511,Lot villa a hay masmoudi targa marrakech,https://www.mubawab.ma/fr/a/8354511/lot-villa-a-hay-masmoudi-targa-marrakech,Vente,Villa,Marrakech,Targa,6 300 DH,6300,400m²,400,,,,,"Lotissement villa 400m2 a 6300dh/m a hay masmoudi targa a côté de carrefour targa marrakech , pour plus d'information et vous êtes intéressée pour ce lotissement contacter nour sur ce numero 0664015521 et aussi pour prendre un rendez vous. Merci",https://www.mubawab-media.com/ad/8/354/511F/h/1000115691_82512192.avif,2,2026-09-30
8384738,Beau terrain à jawhar targa avec autorisation de constructio...,https://www.mubawab.ma/fr/a/8384738/beau-terrain-%C3%A0-jawhar-targa-avec-autorisation-de-construction,Vente,Terrain,Marrakech,Targa,6 500 DH,6500,400m²,400,,,,,"Ce terrain à vendre est situé dans le quartier prisé de Jawhar Targa, à Marrakech, au sein de la région Marrakech-Safi. Situé dans la ville de Marrakech, et plus précisément dans le district de Targa, ce lot offre une superficie totale de 400 m². Ce terrain, qui n'a jamais été habité, représente une opportunité idéale pour ceux cherchant à construire une nouvelle résidence ou un projet immobilier novateur. Incluant un accès facile aux commodités...",https://www.mubawab-media.com/ad/8/384/738F/h/photo_0_82884706.avif,1,2026-09-30
8306700,À louer: appartement neuf 2 ch à targa,https://www.mubawab.ma/fr/a/8306700/%C3%A0-louer-appartement-neuf-2-ch-%C3%A0-targa,Location,Appartement,Marrakech,Targa,6 500 DH,6500,89m²,89,3 Pièces,2 Chambres,1 Salle de bain,"Jardin, Terrasse, Garage, Ascenseur, Piscine, Concierge, Meublé, Salon Marocain, Cuisine équipée, Réfrigérateur, Four, TV, Machine à laver","Découvrez cet appartement spacieux de 89 m² à louer, situé au 5ème étage d'un immeuble de 5 étages, dans le quartier prisé de Targa à Marrakech, Maroc. Ce bien comprend 3 pièces, dont 1 salon, 2 chambres confortables, une cuisine équipée, 1 salle de bain et 1 place de parking au sous sol. l'appartement est neuf jamais habité. le prix de location est de 6500 dhs par mois",https://www.mubawab-media.com/ad/8/306/700F/h/WhatsApp%20Image%202026-02-21%20at%2013.31.24_82005144.avif,10,2026-09-30
8306601,Bureau Professionnel de 80 m² à Louer Quartier T,https://www.mubawab.ma/fr/a/8306601/bureau-professionnel-de-80-m%C2%B2-%C3%A0-louer-quartier-t,Location,Bureau,Marrakech,Targa,6 500 DH,6500,80m²,80,,,2 Salles de bains,"Climatisation, Double vitrage, Porte blindée","Votre agence immobilière Marrakech Global Invest vous propose à la location ce bureau vide de 80 m², idéal pour les professionnels souhaitant aménager un espace de travail personnalisé selon leurs besoins. Situé au 1er étage d’un immeuble R2, dans le quartier calme et sécurisé de Targa à Marrakech, ce bureau bénéficie d’un environnement professionnel agréable et facilement accessible. Dès l’entrée, vous découvrirez un espace pouvant accueillir...",https://www.mubawab-media.com/ad/8/306/601F/h/IMG-20260213-WA0063_81999420.avif,10,2026-09-30
8422424,Appartement 3 ch à louer dans un immeuble neuf,https://www.mubawab.ma/fr/a/8422424/appartement-3-ch-%C3%A0-louer-dans-un-immeuble-neuf,Location,Appartement,Marrakech,Targa,6 500 DH,6500,83m²,83,1 Pièce,3 Chambres,2 Salles de bains,"Ascenseur, Vue sur les montagnes, Concierge, Chambre rangement, Façade extérieure, Double vitrage, Porte blindée, Cuisine équipée, Four","Appartement à louer dans un immeuble neuf pour longue durée pour couple marié ou famille Quartier ""Les Palmiers de Targa"" Superficie 83 mètres carrés 3 chambres 2 salles de bain Cuisine équipée avec le trio: plaque, hotte et four Salon Orientation pleine sud, 2 façades ce qui lui offre un ensoleillement toute la journée. Ascenseur Porte blindée Quartier neuf, calme et sécurisé Plus d'informations :",https://www.mubawab-media.com/ad/8/422/424F/h/1000515085_83296010.avif,13,2026-09-30
8393280,Studio Meublé Avec Piscine À Louer À Targa,https://www.mubawab.ma/fr/a/8393280/studio-meubl%C3%A9-avec-piscine-%C3%A0-louer-%C3%A0-targa,Location,Studio,Marrakech,Targa,6 500 DH,6500,52m²,52,2 Pièces,1 Ch.,1 Salle de bain,"Jardin, Terrasse, Garage, Piscine, Concierge, Meublé, Salon européen, Climatisation, Sécurité, Cuisine équipée, Réfrigérateur, Four, TV, Machine à laver","Le 25 Immobilier vous propose à la location ce magnifique studio meublé de 52 m², idéalement situé dans le quartier recherché de Targa, au sein d’une résidence sécurisée avec piscine et de vastes espaces verts. Ce studio, soigneusement aménagé et entièrement meublé, offre un cadre de vie moderne, confortable et chaleureux. Il se compose d’un salon lumineux ouvrant sur une agréable petite terrasse, idéale pour profiter de moments de détente, d’...",https://www.mubawab-media.com/ad/8/393/280F/h/1%202_82977937.avif,9,2026-09-30
8412057,Bel Appartement Meublé Pour Location,https://www.mubawab.ma/fr/a/8412057/bel-appartement-meubl%C3%A9-pour-location,Location,Appartement,Marrakech,Targa,7 000 DH,7000,62m²,62,3 Pièces,2 Chambres,1 Salle de bain,"Terrasse, Meublé, Salon Marocain, Climatisation, Cuisine équipée, Réfrigérateur, Four, TV, Machine à laver, Micro-ondes","À découvrir à Targa, dans un environnement calme et sécurisé, ce bel appartement de 75 m² entièrement rénové et soigneusement meublé. Il offre un cadre de vie confortable et agréable, avec une belle distribution des espaces et des finitions modernes. Il se compose de deux chambres, d’un salon marocain convivial, d’une cuisine entièrement équipée et fonctionnelle, ainsi que d’une salle de bain rénovée. Un petit balcon, aménagé en espace buander...",https://www.mubawab-media.com/ad/8/412/057F/h/2_4_83179862.avif,10,2026-09-30
8390224,A Louer 2 Chambres Targa,https://www.mubawab.ma/fr/a/8390224/a-louer-2-chambres-targa,Location,Appartement,Marrakech,Targa,7 000 DH,7000,84m²,84,4 Pièces,2 Chambres,1 Salle de bain,"Jardin, Piscine, Sécurité","Découvrez ce magnifique appartement de 2 chambres situé au cœur de Targa, dans une résidence calme, sécurisée et parfaitement adaptée aux familles. L’appartement offre un salon lumineux, une cuisine fonctionnelle, deux chambres confortables ainsi qu’une salle de bain moderne. Les espaces sont bien agencés et bénéficient d’une belle luminosité naturelle. La résidence dispose d’une grande piscine, d’espaces verts soigneusement entretenus et d’un...",https://www.mubawab-media.com/ad/8/390/224F/h/WhatsApp%20Image%202026-07-28%20at%2011.19.21_82943973.avif,8,2026-09-30
8425384,Magnifique appartement sur résidence piscine à Targa,https://www.mubawab.ma/fr/a/8425384/magnifique-appartement-sur-r%C3%A9sidence-piscine-%C3%A0-targa,Location,Appartement,Marrakech,Targa,7 500 DH,7500,70m²,70,3 Pièces,2 Chambres,2 Salles de bains,"Jardin, Terrasse, Garage, Ascenseur, Piscine, Concierge, Climatisation, Chauffage central, Sécurité, Cuisine équipée, Internet, Animaux domestiques autorisés","Nous mettons à la location longue durée un magnifique appartement moderne de 70 m², situé au 2ᵉ étage d’une belle résidence calme et sécurisée, avec plusieurs espaces verts et une piscine collective, au cœur du quartier recherché de Targa. L’appartement se compose de : * Un grand salon lumineux * Une cuisine moderne * Deux chambres * Une salle de bain * Une toilette invités * Un magnifique terrasse Conditions: Un mois de caution Un mois de loy...",https://www.mubawab-media.com/ad/8/425/384F/h/WhatsApp_Image_2026-09-30_at_12.59.58_83330771.avif,19,2026-09-30
8368763,"Appart 1 Ch. À louer à l'année, Parking et Piscine",https://www.mubawab.ma/fr/a/8368763/appart-1-ch-%C3%A0-louer-%C3%A0-l-ann%C3%A9e-parking-et-piscine,Location,Appartement,Marrakech,Targa,7 500 DH,7500,75m²,75,2 Pièces,1 Ch.,1 Salle de bain,"Jardin, Terrasse, Garage, Ascenseur, Piscine, Concierge, Chambre rangement, Meublé, Façade extérieure, Salon européen, Antenne parabolique, Climatisation, Sécurité, Double vitrage, Porte blindée, Cuisine équipée, Réfrigérateur, Four, TV, Machine à laver, Micro-ondes, Animaux domestiques autorisés","Location d’un appartement meublé d’une chambre de 75 m². (Usage habitation bail annuel). Situé au RDJ d’une résidence de haut de gamme à TARGA, sécurisée 24/7. Grande Piscine collective et piscine enfant, espace verts, parking sous-sol. •1 chambre TV avec tarasse et placards, 1 salle de bain, • Espace de vie composé d’un salon /TV et un espace table à manger. • Cuisine séparée équipée avec cours couverte avec vitre coulissante. • Place de parkin...",https://www.mubawab-media.com/ad/8/368/763F/h/appartement-t2-piscine-parking2_82706901.avif,16,2026-09-30
8132095,Étage villa Proximité quick Targa,https://www.mubawab.ma/fr/a/8132095/%C3%A9tage-villa-proximit%C3%A9-quick-targa,Location,Villa,Marrakech,Targa,7 500 DH,7500,120m²,120,5 Pièces,2 Chambres,1 Salle de bain,"Terrasse, Meublé, Salon Marocain","L’agence ESPRIT-IMMO vous propose à la location longue durée un sous-sol de villa meublé, idéalement situé à Targa, à quelques pas du fast-food Quick et des commodités. Ce bien se compose comme suit : Un hall d’entrée Un grand salon marocain Un salon moderne lumineux avec accès direct à une grande terrasse Trois chambres Une salle de douche Une cuisine indépendante entièrement équipée Un logement confortable, bien agencé et parfaitement s...",https://www.mubawab-media.com/ad/8/132/095F/h/1000299206_80289238.avif,16,2026-09-30
8423432,Charmant Appartement 2 Chambres – Basatin Targa,https://www.mubawab.ma/fr/a/8423432/charmant-appartement-2-chambres-%E2%80%93-basatin-targa,Location,Appartement,Marrakech,Targa,8 000 DH,8000,56m²,56,3 Pièces,2 Chambres,1 Salle de bain,"Meublé, Salon européen, Antenne parabolique, Cheminée, Climatisation, Chauffage central, Sécurité, Double vitrage, Porte blindée, Cuisine équipée, Réfrigérateur, Four, TV, Machine à laver, Micro-ondes, Internet, Animaux domestiques autorisés","Appartement 2 Chambres à Louer – Basatin Targa À louer, agréable appartement situé au rez-de-chaussée, dans le quartier recherché de Basatin Targa, à seulement 6 minutes de Carrefour Targa. Caractéristiques : * Superficie : 56 m² * ️ 2 chambres * 1 salle de bain * ️ 1 salon * ️ Cuisine bien équipée * Rez-de-chaussée Loyer : 8000 Dhs / mois Conditions de location : * 2 mois de caution * 1 mois de loyer * 1 mois de frais d’agence",https://www.mubawab-media.com/ad/8/423/432F/h/photo_0_83306707.avif,19,2026-09-30
8145736,Appartement en location à Targa. 2chambres agréables. Terr...,https://www.mubawab.ma/fr/a/8145736/appartement-en-location-%C3%A0-targa-2chambres-agr%C3%A9ables-terrasse-et-ascenseur,Location,Appartement,Marrakech,Targa,8 500 DH,8500,100m²,100,3 Pièces,2 Chambres,2 Salles de bains,"Jardin, Terrasse, Garage, Ascenseur, Piscine, Concierge, Façade extérieure, Antenne parabolique, Climatisation, Sécurité, Double vitrage, Porte blindée, Cuisine équipée","Appartement idéal en location. Prix 8500.DH. 2chambres, 2 salles de bains, superficie 90 m². 3 pièces lumineuses. 1er étage. Moins de 5 ans. Type de sol: Marbre. Résidence sécurisée et porte blindée. Le bien dispose également d'une antenne parabolique. Venez découvrir cet appartement en location à Targa. Profitez d'une belle terrasse. Dispose également d'un ascenseur et d'un garage. Air conditionné. Calme garanti avec double vitrage. Cuisine bi...",https://www.mubawab-media.com/ad/8/145/736F/h/photo_0_80411919.avif,13,2026-09-21
8417990,Location d'un appartement Bien meublé,https://www.mubawab.ma/fr/a/8417990/location-d-un-appartement-bien-meubl%C3%A9,Location,Appartement,Marrakech,Targa,8 500 DH,8500,80m²,80,5 Pièces,2 Chambres,1 Salle de bain,"Ascenseur, Piscine, Concierge, Meublé, Climatisation, Cuisine équipée","Cet appartement à louer, situé dans le quartier prisé de Targa sur la Route d'Agadir - Essaouira, à Marrakech, est une véritable opportunité pour ceux recherchant confort et commodité. Ayant entre 1 et 5 ans, la propriété est en excellent état et prête à être habitée. À l'intérieur, l'espace de vie se distingue par des sols en parqué élégant, particulièrement dans le séjour, ajoutant une touche chaleureuse à l'ensemble de l'appartement. La cuisi...",https://www.mubawab-media.com/ad/8/417/990F/h/364982_83246606.avif,10,2026-09-30
8405507,Studio à louer à targa,https://www.mubawab.ma/fr/a/8405507/studio-%C3%A0-louer-%C3%A0-targa,Location,Studio,Marrakech,Targa,9 000 DH,9000,67m²,67,2 Pièces,1 Ch.,1 Salle de bain,"Jardin, Terrasse, Garage, Piscine, Concierge, Meublé, Façade extérieure, Salon européen, Antenne parabolique, Climatisation, Sécurité, Cuisine équipée, Réfrigérateur, Four, TV, Machine à laver, Micro-ondes, Internet, Animaux domestiques autorisés",Très grand studio meublé à loué à targa dans une résidence sécurisée avec piscine parking le prix du sindique est inclus dans le prix,https://www.mubawab-media.com/ad/8/405/507F/h/photo_00_83109789.avif,15,2026-09-30
8414749,Très bel appartement en location à Hay Targa. Surface de 87...,https://www.mubawab.ma/fr/a/8414749/tr%C3%A8s-bel-appartement-en-location-%C3%A0-hay-targa-surface-de-87-m%C2%B2-meubl%C3%A9,Location,Appartement,Marrakech,Targa,9 000 DH,9000,87m²,87,3 Pièces,2 Chambres,1 Salle de bain,"Terrasse, Ascenseur, Piscine, Concierge, Chambre rangement, Meublé, Façade extérieure, Salon européen, Antenne parabolique, Climatisation, Chauffage central, Sécurité, Double vitrage, Porte blindée, Cuisine équipée, Réfrigérateur, Four, TV, Machine à laver, Micro-ondes, Internet, Animaux domestiques autorisés","Cet appartement moderne situé à Ménara, dans le quartier prisé de Hay Targa à Marrakech, offre une surface généreuse de 87 m². Construit il y a 1 à 5 ans, il est en excellent état. Situé au deuxième étage d’un immeuble équipé d’un ascenseur et d'un service de conciergerie, il promet confort et sécurité avec ses installations telles qu'une porte blindée et un système de sécurité intégrée. Le bien dispose de deux chambres lumineuses, dont les sols...",https://www.mubawab-media.com/ad/8/414/749F/h/photo_0_83210742.avif,17,2026-09-30
8417829,À louer: Appartement en rez de jardin 2 ch à targa,https://www.mubawab.ma/fr/a/8417829/%C3%A0-louer-appartement-en-rez-de-jardin-2-ch-%C3%A0-targa,Location,Appartement,Marrakech,Targa,9 000 DH,9000,68m²,68,3 Pièces,2 Chambres,1 Salle de bain,"Jardin, Terrasse, Meublé, Salon Marocain, Salon européen, Climatisation, Cuisine équipée, Réfrigérateur, Four, TV, Machine à laver","À louer, bel appartement meublé en rez-de-jardin, situé dans le quartier recherché de Targa. D’une superficie habitable de 68 m², l’appartement dispose également d’une terrasse privative de 20 m², offrant un agréable espace extérieur. Il se compose de : Un salon Deux chambres Une cuisine ouverte Une salle de bain Une buanderie Une terrasse de 20 m² L’appartement est entièrement meublé et aménagé, offrant un cadre de vie confortable et fonctio...",https://www.mubawab-media.com/ad/8/417/829F/h/WhatsApp_Image_2026-09-17_at_17.08.57__7__83244995.avif,10,2026-09-30
8417725,Superbe Appartement Neuf à loué de 85 m² à Targa,https://www.mubawab.ma/fr/a/8417725/superbe-appartement-neuf-%C3%A0-lou%C3%A9-de-85-m%C2%B2-%C3%A0-targa,Location,Appartement,Marrakech,Targa,9 000 DH,9000,85m²,85,3 Pièces,2 Chambres,2 Salles de bains,"Jardin, Terrasse, Ascenseur, Piscine, Concierge, Meublé, Four","Promo Immo vous propose en exclusivité ce bel appartement non meublé de 85 m², idéalement situé au sein d'une résidence fermée, sécurisée offrant un cadre de vie agréable et calme. Superficie : 85 m² bien agencés, baignés de lumière naturelle. Pièce à vivre : Un salon spacieux et lumineux. Chambres : 2 chambres confortables. Cuisine : Une cuisine moderne et fonctionnelle, entièrement semi-équipée (plaque, hotte, four) avec accès à...",https://www.mubawab-media.com/ad/8/417/725F/h/WhatsApp_Image_2026-09-14_at_18.16.51__2__83243841.avif,8,2026-09-30
7778588,Appartement meublé avec piscine à targa,https://www.mubawab.ma/fr/a/7778588/appartement-meubl%C3%A9-avec-piscine-%C3%A0-targa,Location,Appartement,Marrakech,Targa,9 000 DH,9000,81m²,81,6 Pièces,2 Chambres,2 Salles de bains,"Ascenseur, Piscine, Concierge, Meublé, Salon européen, Climatisation, Sécurité, Cuisine équipée, Réfrigérateur, Four, TV, Machine à laver, Micro-ondes",Belle appartement meublée à targa; Deux chambres salon cuisine et deux SDB 1er étage avec ascenseur Deux 9000 dhs,https://www.mubawab-media.com/ad/7/778/588F/h/IMG-20250909-WA0007_81128289.avif,17,2026-09-30
8225632,Appartement meublé Long duré à targa,https://www.mubawab.ma/fr/a/8225632/appartement-meubl%C3%A9-long-dur%C3%A9-%C3%A0-targa,Location,Appartement,Marrakech,Targa,9 000 DH,9000,78m²,78,6 Pièces,2 Chambres,2 Salles de bains,"Garage, Ascenseur, Piscine, Concierge, Meublé, Salon européen, Climatisation, Sécurité, Cuisine équipée, Réfrigérateur, Four, TV, Machine à laver, Micro-ondes",Appartement meublé Long duré à targa Deux chambres salon cuisine deux SDB et deux balcons 2ème étage avec ascenseur Deux piscines 10.000 dhs,https://www.mubawab-media.com/ad/8/225/632F/h/IMG-20250909-WA0007_81129803.avif,18,2026-09-30
8418564,Appartement Rdc jardin Clim résidence avec piscine targa,https://www.mubawab.ma/fr/a/8418564/appartement-rdc-jardin-clim-r%C3%A9sidence-avec-piscine-targa,Location,Appartement,Marrakech,Targa,9 100 DH,9100,72m²,72,3 Pièces,2 Chambres,2 Salles de bains,"Jardin, Terrasse, Garage, Ascenseur, Piscine, Concierge, Meublé, Façade extérieure, Salon européen, Climatisation, Sécurité, Cuisine équipée, Réfrigérateur, Four, TV, Machine à laver","À louer, bel appartement de 72 m² situé dans une résidence sécurisée avec piscine à Marrakech. L’appartement dispose de 2 chambres, d’un salon, d’une cuisine, d’une salle de bain et d’un jardin privatif de 25 m². Le logement est climatisé et peut être loué meublé ou non meublé selon les besoins du locataire. La résidence dispose également d’un garage souterrain avec une place de parking privative incluse. Résidence calme, sécurisée et bien en...",https://www.mubawab-media.com/ad/8/418/564F/h/photo_00_83253497.avif,16,2026-09-21
8376026,"Appartement à Louer de 81.0 m² à Marrakech, Targa",https://www.mubawab.ma/fr/a/8376026/appartement-%C3%A0-louer-de-81-0-m%C2%B2-%C3%A0-marrakech-targa,Location,Appartement,Marrakech,Targa,9 500 DH,9500,81m²,81,3 Pièces,1 Ch.,2 Salles de bains,"Jardin, Terrasse, Garage, Ascenseur, Meublé, Climatisation, Chauffage central","À louer dans le quartier prisé de Targa à Marrakech, cet appartement de 81 m² dispose d'une chambre, d'une salle de bain et d'une terrasse de 6 m². Situé au 2ème étage d'un immeuble de 2 étages, cet espace lumineux bénéficie de deux façades. Profitez d'un cadre de vie agréable pour un loyer mensuel de 9 500 Dhs. Ne manquez pas cette opportunité!",https://www.mubawab-media.com/ad/8/376/026F/h/image_558546785_82789632.avif,10,2026-09-30
8423476,Louez cet appartement à targa. 2 chambres agréables. Bien...,https://www.mubawab.ma/fr/a/8423476/louez-cet-appartement-%C3%A0-targa-2-chambres-agr%C3%A9ables-bien-meubl%C3%A9,Location,Appartement,Marrakech,Targa,9 500 DH,9500,67m²,67,3 Pièces,2 Chambres,1 Salle de bain,"Jardin, Terrasse, Meublé, Salon européen, Climatisation, Cuisine équipée, Réfrigérateur, Four, TV, Machine à laver, Micro-ondes","Découvrez ce charmant appartement à louer situé au rez-de-jardin dans le quartier prisé de targa à Marrakech. Avec une superficie de 67 m², cet appartement de 5 à 10 ans d'ancienneté offre un cadre de vie moderne et confortable. L'intérieur présente un sol en carrelage qui s'étend dans toutes les pièces principales, ajoutant une touche contemporaine à l'espace. L'appartement dispose de deux chambres, dont l'une présente un élégant parquet, créan...",https://www.mubawab-media.com/ad/8/423/476F/h/photo_00_83313375.avif,11,2026-09-30
8043711,App avec piscine à Targa,https://www.mubawab.ma/fr/a/8043711/app-avec-piscine-%C3%A0-targa,Location,Appartement,Marrakech,Targa,10 000 DH,10000,90m²,90,3 Pièces,2 Chambres,2 Salles de bains,"Jardin, Terrasse, Garage, Ascenseur, Piscine, Concierge, Chambre rangement, Meublé, Façade extérieure, Salon Marocain, Salon européen, Antenne parabolique, Climatisation, Chauffage central, Sécurité, Double vitrage, Porte blindée, Cuisine équipée, Réfrigérateur, Four, TV, Machine à laver, Micro-ondes, Internet, Animaux domestiques autorisés",Bel Appartement Deja rénové et bien agencé pour location longue durée dans une résidence à Targa avec 2 Piscine . Les conditions 2 mois de caution 1 mois de loyer plus 1 mois frais d’agence . Pour plus d’informations ou des vidéos,https://www.mubawab-media.com/ad/8/043/711F/h/IMG_5672_83254097.avif,17,2026-09-30
8320216,Superbe appartement à louer à Targa – 94 m²,https://www.mubawab.ma/fr/a/8320216/superbe-appartement-%C3%A0-louer-%C3%A0-targa-%E2%80%93-94-m%C2%B2,Location,Appartement,Marrakech,Targa,10 000 DH,10000,94m²,94,3 Pièces,2 Chambres,2 Salles de bains,"Terrasse, Garage, Ascenseur, Vue sur les montagnes, Piscine, Meublé, Salon européen, Antenne parabolique, Climatisation, Chauffage central, Sécurité, Double vitrage, Porte blindée, Cuisine équipée","Situé dans le quartier résidentiel prisé de Targa à Marrakech, cet appartement de 94 m² au 3ème étage offre un cadre de vie agréable, calme et sécurisé, idéal pour une résidence principale ou un investissement locatif. Il se compose d’un salon lumineux, d’une cuisine entièrement équipée, de deux chambres confortables ainsi que de deux salles de bains modernes. Vous bénéficierez également d’un balcon avec une vue dégagée, apportant une belle...",https://www.mubawab-media.com/ad/8/320/216F/h/WhatsApp%20Image%202026-03-18%20at%2015.56.30%20%281%29_82142597.avif,16,2026-09-30
8308173,Location Duplex meublé à targa,https://www.mubawab.ma/fr/a/8308173/location-duplex-meubl%C3%A9-%C3%A0-targa,Location,Duplex,Marrakech,Targa,10 000 DH,10000,78m²,78,6 Pièces,2 Chambres,2 Salles de bains,"Jardin, Ascenseur, Piscine, Meublé, Salon européen, Climatisation, Sécurité, Cuisine équipée",Appartement duplex meublé Long duré à targa Deux chambres salon cuisine deux SDB Rez-de-jardin deux façades Deux piscines 10.000 dhs,https://www.mubawab-media.com/ad/8/308/173F/h/121181_82015548.avif,22,2026-09-30
8278132,Magasin neuf a Targa double voie,https://www.mubawab.ma/fr/a/8278132/magasin-neuf-a-targa-double-voie,Location,Villa,Marrakech,Targa,10 000 DH,10000,31m²,31,,,1 Salle de bain,"Concierge, Porte blindée",devant l'école Targa junior dans une agglomération importante (>1300 appartements de logement économique et des villas en face) neuf jamais exploité porte rideau en aluminium 1ère qualité avec moteur déjà installée,https://www.mubawab-media.com/ad/8/278/132F/h/048a3463-346d-4561-95df-bbfd9d5057d8_81696017.avif,6,2026-09-30
8180394,Sous sol de villa meublé à louer Terrasse avec fontaine Targ...,https://www.mubawab.ma/fr/a/8180394/sous-sol-de-villa-meubl%C3%A9-%C3%A0-louer-terrasse-avec-fontaine-targa-marrakech,Location,Villa,Marrakech,Targa,10 000 DH,10000,140m²,140,3 Pièces,2 Chambres,3 Salles de bains,"Terrasse, Garage, Meublé, Entre-seul, Salon Marocain, Salon européen, Climatisation, Sécurité, Double vitrage, Porte blindée, Cuisine équipée, Réfrigérateur, Four, TV, Machine à laver, Animaux domestiques autorisés","L’Immobilier Sans Frontières vous propose à la location ce sous-sol de villa meublé de 140 m² à Targa, Marrakech, à proximité des commodités, dans un cadre calme. Ce sous-sol de villa se compose de : Salon marocain avec climatisation - Séjour avec accès à une terrasse - Cuisine américaine équipée - 2 suites avec salle de bain et placards, dont une avec climatisation - Salle de bain indépendante - Terrasse avec fontaine Convient à une locat...",https://www.mubawab-media.com/ad/8/180/394F/h/0%20image%20a%20la%20une_82299290.avif,26,2026-09-30
8417866,À louer: appartement 2 ch à targa,https://www.mubawab.ma/fr/a/8417866/%C3%A0-louer-appartement-2-ch-%C3%A0-targa,Location,Appartement,Marrakech,Targa,10 500 DH,10500,108m²,108,3 Pièces,2 Chambres,1 Salle de bain,"Jardin, Terrasse, Meublé, Salon Marocain, Salon européen, Climatisation, Cuisine équipée, Réfrigérateur, Four, TV, Machine à laver","À louer, bel appartement meublé en rez-de-jardin, situé dans le quartier recherché de Targa. D’une superficie habitable de 68 m², l’appartement dispose également d’une terrasse privative de 20 m², offrant un agréable espace extérieur. Il se compose de : Un salon Deux chambres Une cuisine ouverte Une salle de bain Une buanderie Une terrasse de 20 m² L’appartement est entièrement meublé et aménagé, offrant un cadre de vie confortable et fonctio...",https://www.mubawab-media.com/ad/8/417/866F/h/WhatsApp_Image_2025-01-06_at_15.29.54__1__83245330.avif,11,2026-09-30
8069243,"Grand appartement neuf à louer – Targa, Marrakech",https://www.mubawab.ma/fr/a/8069243/grand-appartement-neuf-%C3%A0-louer-%E2%80%93-targa-marrakech,Location,Villa,Marrakech,Targa,11 000 DH,11000,110m²,110,2 Pièces,2 Chambres,1 Salle de bain,"Terrasse, Meublé, Salon Marocain, Salon européen, Climatisation, Double vitrage, Cuisine équipée, Réfrigérateur, Four, TV, Machine à laver","Situé dans un quartier calme et agréable de Targa, ce grand appartement de 110 m² se trouve au premier étage d'une villa bien entretenue, composée de 3 appartements seulement. Idéalement situé, il offre un cadre de vie agréable, tout en étant à proximité des commodités et des axes principaux de Marrakech. Caractéristiques de l'appartement : Surface : 110 m² Chambres : 2 chambres spacieuses Salon : Grand salon moderne, lumineux et conforta...",https://www.mubawab-media.com/ad/8/069/243F/h/WhatsApp%20Image%202025-01-06%20at%2015.23.35%20%281%29_79548186.avif,16,2026-09-30
8321495,Location Magnifique Appartement Meublée Targa,https://www.mubawab.ma/fr/a/8321495/location-magnifique-appartement-meubl%C3%A9e-targa,Location,Appartement,Marrakech,Targa,11 000 DH,11000,80m²,80,3 Pièces,2 Chambres,2 Salles de bains,"Jardin, Terrasse, Garage, Ascenseur, Vue sur les montagnes, Piscine, Concierge, Chambre rangement, Meublé, Façade extérieure, Salon Marocain, Salon européen, Antenne parabolique, Cheminée, Climatisation, Chauffage central, Sécurité, Double vitrage, Porte blindée, Cuisine équipée, Réfrigérateur, Four, TV, Machine à laver, Micro-ondes, Internet, Animaux domestiques autorisés","L'appartement est proche des écoles. Découvrez un superbe appartement situé dans le quartier prisé de Targa, au sein d’une résidence sécurisée avec ascenseur et parking souterrain, offrant confort, et modernité. L’appartement se compose de : • Un salon spacieux et lumineux • Deux chambres confortables • Deux salles de bain • Une cuisine équipée • Une terrasse et un balcon • Climatisation centralisée • Finitions modernes Profitez également d’un...",https://www.mubawab-media.com/ad/8/321/495F/h/bb6b23c3-f5b5-4db2-a643-b309123c802d_82773288.avif,16,2026-09-30
8244534,Rez de chaussée villa de luxe à louer à Hay Targa. 2 chambr...,https://www.mubawab.ma/fr/a/8244534/rez-de-chauss%C3%A9e-villa-de-luxe-%C3%A0-louer-%C3%A0-hay-targa-2-chambres-agr%C3%A9ables-meubl%C3%A9,Location,Villa,Marrakech,Targa,11 000 DH,11000,140m²,140,3 Pièces,2 Chambres,3 Salles de bains,"Terrasse, Meublé, Salon Marocain, Climatisation, Cuisine équipée","Superbes prestations pour cette villa à louer. Prix 11 000 DH. 3 pièces, 2 salles de bains privatives, 280 m². 2 chambres à coucher. Moins de 10 ans. Type de sol: Marbre. Propriété entièrement meublée. Cette magnifique bas villa est en location à Hay Targa. Terrasse. Cuisine bien équipée. Programmez dès maintenant votre visite pour cette villa d'exception à Marrakech. Air conditionné. Salon traditionnel marocain. Conditions de location : 2 mois...",https://www.mubawab-media.com/ad/8/244/534F/h/photo_00_81328237.avif,11,2026-09-30
8394560,Appartement meublé à louer à Targa — 94 m²,https://www.mubawab.ma/fr/a/8394560/appartement-meubl%C3%A9-%C3%A0-louer-%C3%A0-targa-%E2%80%94-94-m%C2%B2,Location,Appartement,Marrakech,Targa,12 000 DH,12000,94m²,94,3 Pièces,2 Chambres,2 Salles de bains,"Jardin, Terrasse, Garage, Ascenseur, Piscine, Concierge, Meublé, Façade extérieure, Salon européen, Antenne parabolique, Climatisation, Sécurité, Double vitrage, Cuisine équipée, Réfrigérateur, Four, TV, Machine à laver, Micro-ondes, Internet, Animaux domestiques autorisés","L’Immobilier Sans Frontières vous propose à la location longue durée cet appartement meublé situé à Targa, Marrakech, au 3ᵉ étage d’une résidence équipée d’un ascenseur, avec jardin et piscine collectifs. D’une superficie de 94 m², cet appartement bénéficie d’un agencement fonctionnel, de pièces climatisées et de plusieurs espaces extérieurs. Il offre un cadre de vie agréable pour une famille recherchant un logement confortable au sein d’une rés...",https://www.mubawab-media.com/ad/8/394/560F/h/0%20image%20a%20la%20une%20Photo%20_82993997.avif,30,2026-09-21
8330375,Appartement meublé dans au 1er étage villa,https://www.mubawab.ma/fr/a/8330375/appartement-meubl%C3%A9-dans-au-1er-%C3%A9tage-villa,Vente,Villa,Marrakech,Targa,12 000 DH,12000,240m²,240,3 Pièces,2 Chambres,2 Salles de bains,"Terrasse, Meublé, Climatisation","Appartement meublé au 1er étage à Targa, proposé en location longue durée. Situé dans un environnement calme et agréable, ce bien offre un cadre de vie confortable, idéal pour une résidence principale. Loyer mensuel : 12 000 DH",https://www.mubawab-media.com/ad/8/330/375F/h/0e9d6663-a8d0-4151-87e9-bc9a8eb58781_82252201.avif,12,2026-09-30
8357486,Magnifique Duplex Meublé Rénové Residence Targa,https://www.mubawab.ma/fr/a/8357486/magnifique-duplex-meubl%C3%A9-r%C3%A9nov%C3%A9-residence-targa,Location,Duplex,Marrakech,Targa,12 000 DH,12000,95m²,95,3 Pièces,2 Chambres,2 Salles de bains,"Garage, Ascenseur, Concierge, Chambre rangement, Meublé, Façade extérieure, Salon européen, Antenne parabolique, Climatisation, Sécurité, Double vitrage, Cuisine équipée, Réfrigérateur, Four, TV, Machine à laver, Micro-ondes, Internet","Location Duplex 2 chambres rénové Targa Nous vous proposons un duplex meublé à louer, situé dans une résidence à Targa, dans un environnement calme et sécurisé, à proximité de toutes les commodités. Caractéristiques du duplex : • Duplex de 90 m² • Composé de 2 chambres et 1 salon européen avec coin salle à manger • 2 salles de bain ( une avec douche et l'autre sans) • TV Smart dans les 3 pièces • Chambre parentale avec lit King Size • Chambre a...",https://www.mubawab-media.com/ad/8/357/486F/h/1780068758533_lzp9uxuocbp_8_82545939.avif,11,2026-09-30
8388148,Location spacieux appartement en rdj targa,https://www.mubawab.ma/fr/a/8388148/location-spacieux-appartement-en-rdj-targa,Location,Appartement,Marrakech,Targa,12 000 DH,12000,120m²,120,3 Pièces,2 Chambres,2 Salles de bains,"Jardin, Terrasse, Garage, Piscine, Concierge, Meublé, Salon Marocain, Salon européen, Climatisation, Sécurité, Cuisine équipée","Notre agence Le Comptoir de l’Immobilier à Marrakech vous propose cet appartement de 120 m² habitables situé dans une résidence calme et sécurisée à deux pas de toutes commodités. Situé en rez de jardin dans un immeuble de trois étages, vous profiterez d’un très bel espace vie et de ses extérieurs avec terrasses et jardins de 300 m². Deux chambres et deux salles de bain, cuisine équipée indépendante, sanitaire invité et nombreux rangement...",https://www.mubawab-media.com/ad/8/388/148F/h/1_82922216.avif,13,2026-09-30
8389331,Rare élégant appartement à Targa,https://www.mubawab.ma/fr/a/8389331/rare-%C3%A9l%C3%A9gant-appartement-%C3%A0-targa,Location,Appartement,Marrakech,Targa,12 000 DH,12000,98m²,98,5 Pièces,2 Chambres,1 Salle de bain,"Jardin, Garage, Ascenseur, Piscine, Concierge, Chambre rangement, Meublé, Salon européen, Climatisation, Double vitrage, Porte blindée, Cuisine équipée, Réfrigérateur, Four, TV, Machine à laver, Micro-ondes, Animaux domestiques autorisés","Situé en plein cœur du quartier Targa de Marrakech, ce magnifique appartement meublé, au 3ᵉ étage avec ascenseur, offre un cadre de vie d'exception alliant confort moderne & sérénité. Le bien se compose d'un vaste espace de vie baigné de lumière comprenant un salon & son coin salle à manger, d’une cuisine entièrement équipée, d’une salle d'eau moderne, ainsi que de deux chambres confortables, dont une belle chambre parentale. ​L'appartement pr...",https://www.mubawab-media.com/ad/8/389/331F/h/WhatsApp%20Image%202026-07-26%20at%2019.09.37%20%285%29_82934868.avif,20,2026-09-30
8367298,Villa vide située à Massira proche de targa,https://www.mubawab.ma/fr/a/8367298/villa-vide-situ%C3%A9e-%C3%A0-massira-proche-de-targa,Location,Villa,Marrakech,Targa,12 000 DH,12000,320m²,320,6 Pièces,5 Chambres,2 Salles de bains,"Jardin, Terrasse, Garage, Sécurité, Animaux domestiques autorisés",La villa est composée de : Au rez de chaussée : - Salon - 3 chambres à coucher - 1 Salle de bain - 1 Wc beldia - Cuisine avec jardin privé . À l étage : - 2 Chambres à coucher - 1 Salle de bain - 1 Cuisine avec buanderie - Salon - 2 balcons - Terrasse en commun,https://www.mubawab-media.com/ad/8/367/298F/h/745715015_1428903945929019_6263963362667262562_n_82845005.avif,24,2026-09-30
8365539,"Appartement meublé de 103 m² à louer à Targa, Marrakech",https://www.mubawab.ma/fr/a/8365539/appartement-meubl%C3%A9-de-103-m%C2%B2-%C3%A0-louer-%C3%A0-targa-marrakech,Location,Appartement,Marrakech,Targa,12 000 DH,12000,103m²,103,3 Pièces,2 Chambres,1 Salle de bain,"Terrasse, Garage, Meublé, Façade extérieure, Salon européen, Antenne parabolique, Climatisation, Chauffage central, Sécurité, Double vitrage, Porte blindée, Cuisine équipée, Réfrigérateur, Four, TV, Machine à laver, Micro-ondes","L’Immobilier Sans Frontières vous propose à la location cet appartement meublé situé à Targa, Marrakech, au 1er étage. D’une superficie de 103 m², cet appartement offre un espace de vie agréable et fonctionnel, adapté à une location longue durée. Cet appartement se compose de : Salon européen avec terrasse – Séjour – Cuisine – 2 chambres avec placards et climatisation – Salle de bain Équipements & prestations : Terrasse – Climatisation – Pla...",https://www.mubawab-media.com/ad/8/365/539F/h/0%20image%20a%20la%20une%20Photo%20_82672724.avif,19,2026-09-30
8173344,Bel appartement en location à Route Casablanca. 4 grandes pi...,https://www.mubawab.ma/fr/a/8173344/bel-appartement-en-location-%C3%A0-route-casablanca-4-grandes-pi%C3%A8ces-bien-meubl%C3%A9,Location,Appartement,Marrakech,Targa,12 000 DH,12000,100m²,100,3 Pièces,2 Chambres,2 Salles de bains,"Jardin, Terrasse, Garage, Ascenseur, Vue sur les montagnes, Piscine, Concierge, Meublé, Salon Marocain, Salon européen, Antenne parabolique, Climatisation, Chauffage central, Sécurité, Double vitrage, Porte blindée, Cuisine équipée, Réfrigérateur, Four, TV, Machine à laver, Micro-ondes, Internet","Louez l'appartement de vos rêves. Prix 12 000 DH. 3 pièces, 2 salles de bains, superficie 100 m². 2 chambres à coucher. Bon état. Propriété entièrement meublée. Cet appartement est proposé à la location à Hay Targa. Vous profiterez d'une belle terrasse. Un ascenseur et un garage sont également à votre disposition. Confort et sécurité avec Climatisation et Porte blindée. En prime, une magnifique vue sur les montagnes. Contactez-nous pour visiter...",https://www.mubawab-media.com/ad/8/173/344F/h/photo_00_81318406.avif,20,2026-09-30
8292225,Location d'un appartement à prestige Targa 1. Surface de 11...,https://www.mubawab.ma/fr/a/8292225/location-d-un-appartement-%C3%A0-prestige-targa-1-surface-de-114-m%C2%B2-bien-meubl%C3%A9,Location,Appartement,Marrakech,Targa,12 000 DH,12000,114m²,114,2 Pièces,2 Chambres,2 Salles de bains,"Jardin, Terrasse, Garage, Ascenseur, Piscine, Concierge, Chambre rangement, Meublé, Façade extérieure, Salon européen, Antenne parabolique, Climatisation, Sécurité, Double vitrage, Porte blindée, Cuisine équipée, Réfrigérateur, Four, TV, Machine à laver, Micro-ondes, Internet","Agréable appartement à louer. Prix 12 000 DH. 2 chambres, 2 salles de bains, surface 114 m². 2 pièces lumineuses. Moins de 5 ans. Type de sol: Marbre. Bien meublé. Venez découvrir cet appartement en location à Masmoudi. Nombreux équipements dont climatisation et piscine. La résidence dispose également d'un service de conciergerie,. Résidence parfaitement équipée avec ascenseur et parking. Vous profiterez également d'une belle terrasse. Programm...",https://www.mubawab-media.com/ad/8/292/225F/h/photo_00_81845614.avif,16,2026-09-30
8424063,Appartement à louer à targa. Surface de 103 m². Bien meublé,https://www.mubawab.ma/fr/a/8424063/appartement-%C3%A0-louer-%C3%A0-targa-surface-de-103-m%C2%B2-bien-meubl%C3%A9,Location,Appartement,Marrakech,Targa,12 000 DH,12000,103m²,103,3 Pièces,2 Chambres,1 Salle de bain,"Terrasse, Meublé, Salon européen, Climatisation, Cuisine équipée, Réfrigérateur, Four, TV, Machine à laver, Micro-ondes","Cet appartement moderne est situé dans le quartier prisé de targa à Marrakech, dans la région de Marrakech-Safi, Avec une superficie de 103 m², il se trouve au premier étage d'un immeuble construit il y a entre 5 et 10 ans. L'appartement est orienté vers l'ouest, permettant de capturer la lumière naturelle tout au long de l'après-midi. L'intérieur de l'appartement est magnifiquement aménagé avec des sols en carrelage qui confèrent une sensatio...",https://www.mubawab-media.com/ad/8/424/063F/h/photo_00_83313691.avif,13,2026-09-30
8354747,Villa vide en location à targa,https://www.mubawab.ma/fr/a/8354747/villa-vide-en-location-%C3%A0-targa,Location,Villa,Marrakech,Targa,15 000 DH,15000,240m²,240,6 Pièces,5 Chambres,3 Salles de bains,"Jardin, Terrasse, Garage, Vue sur les montagnes, Concierge, Chambre rangement, Entre-seul, Antenne parabolique, Cheminée, Climatisation, Cuisine équipée, Animaux domestiques autorisés","Villa vide à louer sur 3 niveaux : Au sous-sol 3 chambres une douche une cour anglaise une cuisine entièrement équipée, rez-de-chaussée un double salon, à l'étage 4 chambres à coucher 3 salles de bain une belle terrasse au rez-de-chaussée et une autre sur la villa. Elle est dotée d'un garage des clims et dans quartier très sécurisé pas loin de quiq en. plein centre-ville Pour plus de détails rappelez-moi",https://www.mubawab-media.com/ad/8/354/747F/h/photo_0_82514716.avif,23,2026-09-30
8413353,Villa à louer à Hay Targa à côté de Andalusia,https://www.mubawab.ma/fr/a/8413353/villa-%C3%A0-louer-%C3%A0-hay-targa-%C3%A0-c%C3%B4t%C3%A9-de-andalusia,Location,Villa,Marrakech,Targa,15 000 DH,15000,160m²,160,3 Pièces,4 Chambres,4 Salles de bains,"Jardin, Terrasse, Garage, Piscine, Concierge, Chambre rangement, Entre-seul, Climatisation, Sécurité","Située dans le quartier très prisé de Hay Targa à Marrakech, cette somptueuse villa en location incarne l'élégance et le raffinement. La propriété, âgée de 5 à 10 ans, se vante d'une architecture moderne associée à un entretien impeccable, établissant un équilibre parfait entre confort et sophistication. Dès l'entrée, on est accueilli par un grand jardin verdoyant qui promet de paisibles moments de détente en toute intimité. La villa, orientée à...",https://www.mubawab-media.com/ad/8/413/353F/h/IMG_5515_83194852.avif,10,2026-09-30
8172728,Location Appartement à targa,https://www.mubawab.ma/fr/a/8172728/location-appartement-%C3%A0-targa,Location,Appartement,Marrakech,Targa,15 000 DH,15000,100m²,100,3 Pièces,2 Chambres,1 Salle de bain,"Jardin, Terrasse, Piscine, Climatisation, Sécurité, Cuisine équipée, TV","Je mets en location un appartement en rez-de-jardin de 160 m² (100 m² habitables 60 m² de jardin), situé dans le quartier Targa à Marrakech, au sein d’une résidence sécurisée avec piscine, à seulement 10 minutes du centre-ville. L’appartement se compose d’un double salon avec télévision et canapé-lit, d’une salle à manger pour 4 personnes, de 2 chambres avec placards et climatisation réversible, d’une chambre avec 2 grands lits, d’une autre cha...",https://www.mubawab-media.com/ad/8/172/728F/h/fd0c8b256f5b9f4e8259_80588960.avif,9,2026-09-30
8341864,Ferme de 20000 m² à Marrakech,https://www.mubawab.ma/fr/a/8341864/ferme-de-20000-m%C2%B2-%C3%A0-marrakech,Location,Terrain,Marrakech,Targa,15 000 DH,15000,20000m²,20000,,,,,"Route Agadir – Essaouira à Marrakech Ferme meublée à louer – Souihla, Marrakech FACILYKEY vous propose à la location une superbe ferme meublée, située dans un cadre naturel exceptionnel, prisé par les amateurs de tranquillité et de grands espaces, sans vis-à-vis ni voisinage direct. Idéalement localisée à Souihla, à seulement 14 km de Targa et 20 km du centre-ville de Marrakech, cette propriété est édifiée sur un terrain de 20 000 m², offrant u...",https://www.mubawab-media.com/ad/8/341/864F/h/c5d8ba23ae11ff835f3b_82373375.avif,32,2026-09-30
8365137,LOCATION Villa 5 chambres 300 m2 Masmoudi Targa,https://www.mubawab.ma/fr/a/8365137/location-villa-5-chambres-300-m2-masmoudi-targa,Location,Villa,Marrakech,Targa,16 000 DH,16000,300m²,300,5 Pièces,5 Chambres,4 Salles de bains,"Jardin, Garage, Concierge, Cheminée, Climatisation, Sécurité, Cuisine équipée","LOCATION- Villa 5 chambres - Targa Masmoudi Disponible à partir de début août. Villa spacieuse à louer située dans le quartier recherché de Targa Masmoudi. •⁠ ⁠Surface terrain : 300 m² •⁠ ⁠Surface construite : 300 m² Rez-de-chaussée : •⁠ ⁠Double salon avec cheminée •⁠ ⁠1 chambre •⁠ ⁠Salle de bain •⁠ ⁠Cuisine Étage : •⁠ ⁠Suite parentale avec dressing, salle de bain et cheminée •⁠ ⁠2 chambres avec 2 salles de bain ...",https://www.mubawab-media.com/ad/8/365/137F/h/PHOTO-2026-06-12-12-10-15%203_82666105.avif,19,2026-09-21
8410836,Superbe Villa Vide à louer à Targa,https://www.mubawab.ma/fr/a/8410836/superbe-villa-vide-%C3%A0-louer-%C3%A0-targa,Location,Villa,Marrakech,Targa,17 000 DH,17000,300m²,300,4 Pièces,3 Chambres,3 Salles de bains,"Jardin, Garage, Concierge, Salon Marocain, Antenne parabolique, Climatisation, Double vitrage, Cuisine équipée",En RDC grand salon avec sdb et cuisine qui donne sur un petit jardin L étage contient 3 chambres : suite parental avec salle de bain Deux chambres avec placard Sdb à l étage Garage Prix : 17000 dhs/Mois Condition : 2 Mois de Caution & Un Mois de loyer. Un mois Frais D’agence,https://www.mubawab-media.com/ad/8/410/836F/h/photo_0_83166816.avif,1,2026-09-30
8413321,À louer villa d'exception quartier targa,https://www.mubawab.ma/fr/a/8413321/%C3%A0-louer-villa-d-exception-quartier-targa,Location,Villa,Marrakech,Targa,17 000 DH,17000,350m²,350,6 Pièces,3 Chambres,2 Salles de bains,"Terrasse, Garage, Piscine, Chambre rangement, Salon européen, Sécurité","Située dans un quartier résidentiel recherché de Targa, à proximité d’Azzouzia, cette villa récemment rénovée offre de beaux volumes et un cadre de vie agréable. D’une superficie de 350 m² habitables sur un terrain de 400 m², elle se compose de : Un grand salon / séjour Un salon / séjour supplémentaire à l’étage piscine 3 chambres, dont une suite parentale avec dressing, hammam et salle de bain privative , 2 chambres partageant une salle de bai...",https://www.mubawab-media.com/ad/8/413/321F/h/WhatsApp_Image_2026-09-10_at_10.29.25_83194521.avif,30,2026-09-30
8331058,"Villa de plain pied à louer à Targa, Marrakech",https://www.mubawab.ma/fr/a/8331058/villa-de-plain-pied-%C3%A0-louer-%C3%A0-targa-marrakech,Location,Villa,Marrakech,Targa,17 000 DH,17000,180m²,180,5 Pièces,4 Chambres,1 Salle de bain,"Jardin, Terrasse, Cheminée, Climatisation","À louer villa de plain-pied, non meublée, située dans le quartier recherché de Targa, à proximité immédiate d’Alpha Form. D’une superficie habitable de 180 m², cette villa lumineuse offre de beaux volumes et un cadre de vie agréable, idéal pour une famille. Elle se compose de : - 4 chambres - 2 salles de bain - Un spacieux salon avec cheminée - Une cuisine - Une buanderie extérieure Un jardin arboré de 800 m², parfait pour...",https://www.mubawab-media.com/ad/8/331/058F/h/WhatsApp%20Image%202026-04-11%20at%2020.38.54_82259093.avif,10,2026-09-30
8411797,Magnifique villa moderne meublée à louer A Targa,https://www.mubawab.ma/fr/a/8411797/magnifique-villa-moderne-meubl%C3%A9e-%C3%A0-louer-a-targa,Location,Villa,Marrakech,Targa,18 000 DH,18000,270m²,270,6 Pièces,4 Chambres,4 Salles de bains,"Jardin, Terrasse, Garage, Chambre rangement, Meublé, Entre-seul, Salon Marocain, Salon européen, Antenne parabolique, Climatisation, Chauffage central, Sécurité, Double vitrage, Porte blindée, Cuisine équipée, Réfrigérateur, Four, TV, Machine à laver, Micro-ondes","L'agence MRI vous propose cette magnifique villa moderne entièrement meublée bénéficie d’un emplacement privilégié, au sein d’une résidence sécurisée 24h/24, à seulement 5 minutes de Carrefour Targa, à proximité des écoles, commerces et principales commodités. Édifiée sur un terrain de 270 m², la villa offre de beaux volumes, une excellente luminosité et un cadre de vie à la fois calme, confortable et sécurisé. Elle se compose de : 3 chambres...",https://www.mubawab-media.com/ad/8/411/797F/h/photo_0_83185130.27.10__3__83185130.avif,12,2026-09-30
8262570,Maison de ville a louer zohour targa marrakech,https://www.mubawab.ma/fr/a/8262570/maison-de-ville-a-louer-zohour-targa-marrakech,Location,Maison,Marrakech,Targa,18 000 DH,18000,303m²,303,5 Pièces,4 Chambres,2 Salles de bains,"Jardin, Terrasse, Garage, Piscine, Meublé, Salon Marocain, Cheminée, Climatisation, Double vitrage, Cuisine équipée","Notre agence Le Comptoir de l'Immobilier à Marrakech vous propose cette maison de ville située dans un quartier résidentiel très calme à Zohour Targa à quelques minutes du centre ville de Marrakech. Au rez-de-chaussée, vous profiterez d’un vaste salon et séjour ouvert sur le jardin et la piscine privative. La cuisine est semi-équipée et fermée et la maison propose des toilettes invité(s). A l’étage, la maison dispose de trois chambres avec deux...",https://www.mubawab-media.com/ad/8/262/570F/h/villa-targa-maison-ville-marrakech-maroc-location-immo-agence-investissement-piscine%20%287%29_81524278.avif,24,2026-09-30
8332409,À louer – Villa de standing à Zohor Targa,https://www.mubawab.ma/fr/a/8332409/%C3%A0-louer-%E2%80%93-villa-de-standing-%C3%A0-zohor-targa-,Location,Villa,Marrakech,Targa,18 500 DH,18500,300m²,300,6 Pièces,3 Chambres,3 Salles de bains,"Jardin, Garage, Piscine, Meublé, Climatisation, Cuisine équipée, TV","Réf : 019R/026 Située dans le quartier prisé de Zohor Targa, La villa se compose de deux chambres ainsi qu’une suite parentale spacieuse, de trois salons lumineux et modernes, et de trois salles de bain. À l’extérieur, vous profiterez d’un agréable jardin, d’une piscine privée avec éclairage nocturne, ainsi que d’un espace de détente parfaitement aménagé. Un parking privé est également disponible. La villa est entièrement équipée et dispose d...",https://www.mubawab-media.com/ad/8/332/409F/h/WhatsApp%20Image%202026-04-14%20at%2011.53.40_82272967.avif,11,2026-09-30
8412839,À LOUER belle Villa Meublée à Targa,https://www.mubawab.ma/fr/a/8412839/%C3%A0-louer-belle-villa-meubl%C3%A9e-%C3%A0-targa,Location,Villa,Marrakech,Targa,20 000 DH,20000,200m²,200,6 Pièces,3 Chambres,3 Salles de bains,"Jardin, Piscine, Meublé, Salon Marocain, Salon européen, Antenne parabolique, Cheminée, Climatisation, Chauffage central, Cuisine équipée, Réfrigérateur, Four, TV, Machine à laver","Villa d’exception entièrement meublée – Idéale pour une famille recherchant espace, confort et cadre de vie raffiné, en location longue durée. Nichée au cœur du paisible et verdoyant quartier de Targa, cette villa allie charme marocain et modernité, avec des volumes généreux et des prestations haut de gamme. Composition de la villa : Espaces de réception : • Salon marocain traditionnel – parfait pour les réceptions • Salon européen spacieux et l...",https://www.mubawab-media.com/ad/8/412/839F/h/WhatsApp_Image_2026-09-04_at_19.29.11__1__83189033.avif,19,2026-09-21
8417976,Villa à louer Bien meublée proche carrefour targa,https://www.mubawab.ma/fr/a/8417976/villa-%C3%A0-louer-bien-meubl%C3%A9e-proche-carrefour-targa,Location,Villa,Marrakech,Targa,20 000 DH,20000,300m²,300,5 Pièces,3 Chambres,2 Salles de bains,"Jardin, Terrasse, Garage, Vue sur les montagnes, Chambre rangement, Meublé, Salon Marocain, Salon européen, Antenne parabolique, Climatisation, Sécurité, Double vitrage, Porte blindée, Cuisine équipée, Réfrigérateur, TV, Machine à laver, Micro-ondes, Internet","Location – Villa Contemporaine Meublée – Les Portes de Marrakech Située au sein d’une résidence sécurisée 24h/24 aux Portes de Marrakech (Doha), à 5 minutes de Carrefour Targa et à proximité immédiate des écoles et commodités, cette villa moderne offre un cadre de vie calme et fonctionnel, idéal pour une famille. Édifiée sur un terrain de 270 m², cette propriété ensoleillée et entièrement climatisée (salons et chambres) comprend : Espaces de vie ...",https://www.mubawab-media.com/ad/8/417/976F/h/118436_83246489.avif,13,2026-09-30
8295271,Villa Meublée à Louer de 400 m² – Targa,https://www.mubawab.ma/fr/a/8295271/villa-meubl%C3%A9e-%C3%A0-louer-de-400-m%C2%B2-%E2%80%93-targa,Location,Villa,Marrakech,Targa,20 000 DH,20000,400m²,400,6 Pièces,4 Chambres,3 Salles de bains,"Jardin, Terrasse, Garage, Vue sur les montagnes, Piscine, Concierge, Chambre rangement, Meublé, Entre-seul, Salon Marocain, Salon européen, Antenne parabolique, Cheminée, Climatisation, Chauffage central, Sécurité, Double vitrage, Porte blindée, Cuisine équipée, Réfrigérateur, Four, TV, Machine à laver, Micro-ondes, Internet, Animaux domestiques autorisés","L’Immobilier Sans Frontières vous propose à la location cette villa Meublée, située au sein d’une résidence à Targa, quartier résidentiel calme et recherché, à proximité immédiate de toutes les commodités. Implantée sur un terrain de 400 m², avec une surface habitable de 300 m², cette villa offre des volumes généreux, une belle luminosité et un cadre de vie confortable, idéal pour une famille. Rez-de-chaussée : Salon européen avec cheminée, cli...",https://www.mubawab-media.com/ad/8/295/271F/h/0%20image%20a%20la%20une%20_81942973.avif,32,2026-09-30
8385620,"Villa 5 Chambres avec Jardin Privatif, Targa",https://www.mubawab.ma/fr/a/8385620/villa-5-chambres-avec-jardin-privatif-targa,Location,Villa,Marrakech,Targa,20 000 DH,20000,350m²,350,16 Pièces,5 Chambres,3 Salles de bains,"Jardin, Terrasse, Garage, Vue sur les montagnes, Concierge, Chambre rangement, Entre-seul, Salon Marocain, Salon européen, Cheminée, Climatisation, Chauffage central, Cuisine équipée, Réfrigérateur, Four, TV, Machine à laver, Micro-ondes, Internet, Animaux domestiques autorisés","Villa 5 Chambres avec Jardin Privatif, Targa, Marrakech Découvrez cette élégante villa non meublée de 5 chambres, idéalement située dans le quartier résidentiel très recherché de Targa, offrant un environnement paisible tout en restant parfaitement connecté au centre de Marrakech. Édifiée sur un terrain de 400 m² avec une surface habitable de 350 m² répartie sur 3 niveaux, cette propriété familiale allie volumes généreux, architecture marocaine...",https://www.mubawab-media.com/ad/8/385/620F/h/ChatGPT_Image_Sep_2__2026__12_28_40_PM_83137777.avif,18,2026-09-30
8396078,"Villa vide à louer à Targa, Marrakech – Piscine collective –...",https://www.mubawab.ma/fr/a/8396078/villa-vide-%C3%A0-louer-%C3%A0-targa-marrakech-%E2%80%93-piscine-collective-%E2%80%93-240-m%C2%B2-habitables,Location,Villa,Marrakech,Targa,20 000 DH,20000,267m²,267,6 Pièces,4 Chambres,2 Salles de bains,"Jardin, Terrasse, Garage, Vue sur les montagnes, Piscine, Concierge, Chambre rangement, Meublé, Salon Marocain, Salon européen, Antenne parabolique, Cheminée, Climatisation, Chauffage central, Sécurité, Double vitrage, Cuisine équipée, Four, Micro-ondes, Internet, Animaux domestiques autorisés","L’Immobilier Sans Frontières vous propose à la location cette villa vide située dans une résidence calme et sécurisée à Targa, Marrakech. La propriété dispose d’un terrain de 267 m² et d’une superficie habitable communiquée de 240 m². Cette villa se compose de : Rez-de-chaussée : Double salon avec climatisation split et cheminée en bois – Baie vitrée donnant sur la terrasse – Séjour – Toilettes invités – Cuisine équipée – Buanderie – Terrasse ...",https://www.mubawab-media.com/ad/8/396/078F/h/0%20image%20a%20la%20une_83010418.avif,31,2026-09-30
8401033,Villa vide avec piscine privée à louer à Targa,https://www.mubawab.ma/fr/a/8401033/villa-vide-avec-piscine-priv%C3%A9e-%C3%A0-louer-%C3%A0-targa,Location,Villa,Marrakech,Targa,20 000 DH,20000,430m²,430,8 Pièces,7 Chambres,5 Salles de bains,"Jardin, Terrasse, Garage, Piscine, Chambre rangement, Entre-seul, Salon européen, Antenne parabolique, Cheminée, Climatisation, Double vitrage, Cuisine équipée","L’Immobilier Sans Frontières vous propose … une villa vide à louer située à Targa, Marrakech, d’une superficie communiquée de 430 m². La villa est répartie entre un sous-sol, un rez-de-chaussée et un étage, avec plusieurs espaces de vie et de nuit. Elle dispose également d’un jardin privé, d’une piscine privée, d’un puits et de la climatisation dans toute la villa. Sous-sol : Salon – Cuisine – 2 chambres Rez-de-chaussée : Salon – Séjour avec ch...",https://www.mubawab-media.com/ad/8/401/033F/h/0%20image%20a%20la%20une%20Photo%20_83061992.avif,24,2026-09-30
8364114,Villa vide à louer à Inara Targa avec jardin et piscine priv...,https://www.mubawab.ma/fr/a/8364114/villa-vide-%C3%A0-louer-%C3%A0-inara-targa-avec-jardin-et-piscine-priv%C3%A9e,Location,Villa,Marrakech,Targa,20 000 DH,20000,800m²,800,7 Pièces,5 Chambres,1 Salle de bain,"Jardin, Terrasse, Garage, Piscine, Concierge, Entre-seul, Salon Marocain, Salon européen, Antenne parabolique, Cheminée, Climatisation, Porte blindée, Cuisine équipée, Animaux domestiques autorisés","L’Immobilier Sans Frontières vous propose à la location cette villa vide privée située à Inara, dans le quartier de Targa, offrant un cadre de vie agréable, spacieux et familial. Édifiée sur un terrain de 800 m² avec 300 m² habitables, cette villa bénéficie de beaux volumes, d’une agréable luminosité ainsi que d’un extérieur soigné avec jardin privé et piscine privée. Cette villa se compose de : Rez-de-chaussée : Salon marocain – Salon europée...",https://www.mubawab-media.com/ad/8/364/114F/h/0%20image%20a%20la%20une%20Photo%20_82655626.avif,32,2026-09-30
8350012,Villa à louer,https://www.mubawab.ma/fr/a/8350012/villa-%C3%A0-louer,Location,Villa,Marrakech,Targa,21 000 DH,21000,320m²,320,3 Pièces,3 Chambres,1 Salle de bain,"Jardin, Piscine, Cuisine équipée","Villa Meublée — Targa, Marrakech 21 000 DH / mois Villa meublée de standing, idéalement située à Targa à proximité des écoles, dans un quartier calme et bien desservi. Sur 320 m² habitables répartis sur 2 niveaux, la villa allie grands espaces de vie et confort raffiné, avec jardin et piscine privée. Composition : Rez-de-chaussée 3 salons Cuisine entièrement équipée Étage 1 grande suite parentale 2 chambres Rooftop Hammam beldi pri...",https://www.mubawab-media.com/ad/8/350/012F/h/thumb_134801_property_large_82464671.avif,14,2026-09-30
8338169,Belle villa 4 chambres avec piscine privée à Targa,https://www.mubawab.ma/fr/a/8338169/belle-villa-4-chambres-avec-piscine-priv%C3%A9e-%C3%A0-targa,Location,Villa,Marrakech,Targa,22 000 DH,22000,250m²,250,7 Pièces,4 Chambres,3 Salles de bains,"Piscine, Meublé, Salon Marocain, Salon européen, Cheminée",Nous mettons à la location longue durée une magnifique villa de 250 m² située dans le beau quartier de Targa. La villa dispose d’une magnifique piscine privée et se compose comme suit : Au rez-de-chaussée : Un grand salon marocain Un salon européen avec cheminée Une spacieuse cuisine Toilette invités À l’étage : Quatre chambres dont une suite parentale avec dressing et salle de bain privée Une salle de bain pour les autres chambr...,https://www.mubawab-media.com/ad/8/338/169F/h/WhatsApp%20Image%202026-06-22%20at%2014.14.47_82714645.avif,25,2026-09-30
8319980,Villa de standing à louer – marrakech,https://www.mubawab.ma/fr/a/8319980/villa-de-standing-%C3%A0-louer-%E2%80%93-marrakech,Location,Villa,Marrakech,Targa,22 000 DH,22000,350m²,350,7 Pièces,4 Chambres,3 Salles de bains,"Jardin, Terrasse, Garage, Piscine, Meublé, Salon Marocain, Salon européen, Antenne parabolique, Climatisation, Chauffage central, Sécurité, Double vitrage, Cuisine équipée, Réfrigérateur, Four, TV, Machine à laver, Micro-ondes, Internet, Animaux domestiques autorisés",Parad’immo13-26 vous propose à la location longue durée une superbe villa située dans le quartier prisé et paisible de Targa à Marrakech — un cadre idéal pour une vie de famille alliant confort et tranquillité. Cette villa se distingue par ses beaux volumes et ses prestations de qualité : • 3 chambres confortables • 1 chambre pour le personnel avec salle de bain • 2 salons spacieux et lumineux • 3 salles de bain • Toilettes invités • Piscine priv...,https://www.mubawab-media.com/ad/8/319/980F/h/1000023355_82140430.avif,24,2026-09-30
8135633,"Villa Meublée avec Piscine à Louer 500 m², Targa",https://www.mubawab.ma/fr/a/8135633/villa-meubl%C3%A9e-avec-piscine-%C3%A0-louer-500-m%C2%B2-targa,Location,Villa,Marrakech,Targa,23 000 DH,23000,500m²,500,5 Pièces,3 Chambres,2 Salles de bains,"Jardin, Terrasse, Garage, Piscine, Concierge, Chambre rangement, Meublé, Entre-seul, Salon Marocain, Salon européen, Antenne parabolique, Cheminée, Climatisation, Chauffage central, Sécurité, Double vitrage, Porte blindée, Cuisine équipée, Réfrigérateur, Four, TV, Machine à laver, Internet, Animaux domestiques autorisés","L’Immobilier Sans Frontières vous propose en location cette élégante villa meublée, située dans une résidence calme et sécurisée à Targa. Bénéficiant de quatre façades, d’un jardin privé et d’une vue dégagée sur la piscine, cette propriété offre un cadre de vie confortable, spacieux et lumineux, idéal pour une famille. Avec ses 500 m² de terrain, cette villa allie confort moderne et fonctionnalité dans un environnement résidentiel prisé. Ce...",https://www.mubawab-media.com/ad/8/135/633F/h/0%20image%20a%20la%20une_80205846.avif,32,2026-09-30
8410100,Villa de haut standing à louer à Hay Targa. 5 pièces. Lave l...,https://www.mubawab.ma/fr/a/8410100/villa-de-haut-standing-%C3%A0-louer-%C3%A0-hay-targa-5-pi%C3%A8ces-lave-linge,Location,Villa,Marrakech,Targa,23 000 DH,23000,400m²,400,5 Pièces,6 Chambres,4 Salles de bains,"Jardin, Terrasse, Garage, Concierge, Entre-seul, Cheminée, Climatisation, Sécurité, Cuisine équipée, Réfrigérateur, Four, TV, Machine à laver, Micro-ondes, Internet, Animaux domestiques autorisés","Villa 5 Chambres avec Jardin Privatif à Targa – Marrakech Targa, Marrakech Découvrez cette élégante villa non meublée de 5 chambres, située dans un quartier résidentiel recherché de Targa. Offrant un environnement calme et familial, elle bénéficie d’une excellente proximité avec les écoles, commerces et commodités. Caractéristiques principales * Terrain : 400 m² * Surface habitable : 350 m² * 3 niveaux * 5 chambres * Suite parentale avec dres...",https://www.mubawab-media.com/ad/8/410/100F/h/0e234d03-8a2a-4e60-a74b-598be4eac474_83159013.avif,13,2026-09-30
8147753,Coquette villa avec piscine et hammam proche carrefour Targa,https://www.mubawab.ma/fr/a/8147753/coquette-villa-avec-piscine-et-hammam-proche-carrefour-targa,Location,Villa,Marrakech,Targa,23 000 DH,23000,300m²,300,5 Pièces,2 Chambres,3 Salles de bains,"Jardin, Terrasse, Garage, Vue sur les montagnes, Piscine, Chambre rangement, Meublé, Entre-seul, Salon Marocain, Salon européen, Antenne parabolique, Cheminée, Climatisation, Sécurité, Double vitrage, Porte blindée, Cuisine équipée, Réfrigérateur, Four, TV, Machine à laver, Micro-ondes, Internet","À louer uniquement meublée (avec mobilier rafraîchi récemment), superbe villa pleine de charme, idéale pour un couple ou une petite famille au vu de sa configuration comprenant 2 grandes suites. Emplacement recherché, calme et sécurisé à Targa Masmoudi, à proximité immédiate de Carrefour et de toutes les commodités. Érigée sur un terrain de 300 m² et répartie sur 3 niveaux harmonieux : Disposition de la villa : Rez-de-chaussée : Grands salons ouv...",https://www.mubawab-media.com/ad/8/147/753F/h/villa_lamia_Image_d0sn5sd0sn5sd0sn_83148786.avif,15,2026-09-30
8350394,Superbe villa de 300M2 – Quartier Targa,https://www.mubawab.ma/fr/a/8350394/superbe-villa-de-300m2-%E2%80%93-quartier-targa,Location,Villa,Marrakech,Targa,24 000 DH,24000,300m²,300,7 Pièces,4 Chambres,3 Salles de bains,"Jardin, Meublé, Salon Marocain, Salon européen, Sécurité",Nous mettons à la location longue durée une belle villa de 300M2 située dans le beau quartier de Targa. La villa dispose d’un magnifique jardin privé avec pergola et se compose comme suit : Au rez-de-chaussée : • Un salon marocain et un salon européen donnant sur le jardin • Un autre salon • Un coin salle à manger • Une spacieuse cuisine • Toilette invités À l’étage : • 4 chambres dont une suite parentale avec dressing et salle de bain p...,https://www.mubawab-media.com/ad/8/350/394F/h/WhatsApp%20Image%202026-05-15%20at%2011.32.11_82468858.avif,22,2026-09-30
8393443,Villa de luxe à louer meublé à hay targa,https://www.mubawab.ma/fr/a/8393443/villa-de-luxe-%C3%A0-louer-meubl%C3%A9-%C3%A0-hay-targa,Location,Villa,Marrakech,Targa,24 500 DH,24500,500m²,500,5 Pièces,4 Chambres,4 Salles de bains,"Jardin, Garage, Vue sur les montagnes, Piscine, Meublé, Entre-seul, Salon Marocain, Salon européen, Antenne parabolique, Climatisation, Sécurité, Cuisine équipée, Réfrigérateur, Four, TV, Machine à laver, Micro-ondes, Animaux domestiques autorisés","Située dans le quartier résidentiel très recherché de Targa à Marrakech, cette magnifique villa offre un cadre de vie paisible, alliant confort, fonctionnalité et beaux espaces de réception. Son magnifique jardin privé agrémenté d'une pergola constitue un véritable havre de détente, idéal pour profiter des beaux jours en famille ou entre amis. Composition au Rez-de-chaussée : Élégant salon marocain et salon européen ouverts sur le jardin Un se...",https://www.mubawab-media.com/ad/8/393/443F/h/photo_20_83204306.avif,21,2026-09-30
8413572,Jolie villa avec piscine à louer à Targa,https://www.mubawab.ma/fr/a/8413572/jolie-villa-avec-piscine-%C3%A0-louer-%C3%A0-targa,Location,Villa,Marrakech,Targa,25 000 DH,25000,330m²,330,7 Pièces,5 Chambres,3 Salles de bains,"Jardin, Terrasse, Garage, Piscine, Meublé, Entre-seul, Salon Marocain, Salon européen, Antenne parabolique, Climatisation, Chauffage central, Sécurité, Cuisine équipée, Réfrigérateur, Four, TV, Machine à laver","Jolie villa avec piscine à louer à Targa, Située dans un quartier résidentiel calme et sécurisé, L'agence immobilière Marrakesh Opportunity vous propose à la location longue durée , une belle villa meublé neuf comprenant un salon marocain , une cuisine équipée , à l'étage une suite parentale avec sa salle de bain et dressing et deux autres chambres à coucher avec leurs salle de douche commune , au rez-de-chaussée une chambre d'amis et une salle d...",https://www.mubawab-media.com/ad/8/413/572F/h/Gemini_Generated_Image_une8u6une8u6une8_83197554.avif,11,2026-09-21
8348399,Jolie villa de 4 chambres – Quartier Targa,https://www.mubawab.ma/fr/a/8348399/jolie-villa-de-4-chambres-%E2%80%93-quartier-targa,Location,Villa,Marrakech,Targa,25 000 DH,25000,350m²,350,6 Pièces,4 Chambres,3 Salles de bains,"Jardin, Terrasse, Garage, Cheminée",Nous mettons à la location longue durée une magnifique villa de 350 m² située dans le beau quartier de Targa. La villa dispose d’un agréable jardin privé et se compose de : Au rez-de-chaussée : • Un double salon avec coin cheminée • Un coin salle à manger • Une cuisine • Une terrasse • Une pergola donnant sur le jardin À l’étage : • 4 chambres dont une suite parentale avec salle de bain privée • Une salle de bain commune po...,https://www.mubawab-media.com/ad/8/348/399F/h/WhatsApp_Image_2026-09-16_at_11.08.26_83234097.avif,26,2026-09-30
8417712,Villa à louer à Targa Résidence avec piscine,https://www.mubawab.ma/fr/a/8417712/villa-%C3%A0-louer-%C3%A0-targa-r%C3%A9sidence-avec-piscine,Location,Villa,Marrakech,Targa,25 000 DH,25000,350m²,350,6 Pièces,5 Chambres,2 Salles de bains,"Terrasse, Garage, Piscine, Concierge, Meublé, Entre-seul, Salon européen, Antenne parabolique, Climatisation, Chauffage central, Sécurité, Double vitrage, Porte blindée, Cuisine équipée, Réfrigérateur, Four, TV, Machine à laver, Animaux domestiques autorisés","Marrakech Realty Investments vous propose à la location cette belle villa meublée située à Targa, dans une résidence fermée et sécurisée avec piscine, offrant un cadre de vie agréable et paisible. D’une superficie de 350 m², cette villa se compose de 5 chambres, de 2 salles de bains et d’un espace de vie confortable, idéal pour une famille à la recherche d’une location meublée dans un environnement résidentiel. La résidence bénéficie d’une pisc...",https://www.mubawab-media.com/ad/8/417/712F/h/WhatsApp_Image_2026-09-17_at_14.46.23__4__83243659.avif,17,2026-09-30
8226544,Magnifique villa 4 chambres avec piscine privée,https://www.mubawab.ma/fr/a/8226544/magnifique-villa-4-chambres-avec-piscine-priv%C3%A9e,Location,Villa,Marrakech,Targa,25 000 DH,25000,450m²,450,6 Pièces,4 Chambres,3 Salles de bains,"Jardin, Piscine, Meublé, Entre-seul, Salon Marocain, Salon européen, Climatisation, Cuisine équipée","Nous mettons à la location longure durée une magnifique villa d’une superficie de 450 M², idéalement située dans le quartier Targa, dans un environnement calme et résidentiel. La villa se compose de : Rez-de-chaussée : • Double salon lumineux • Coin salle à manger • Cuisine spacieuse • Toilettes invités Étage : • 4 chambres confortables • 2 salles de bains Sous-sol : • Un salon de beauté • Une chambre supplémentaire L...",https://www.mubawab-media.com/ad/8/226/544F/h/WhatsApp%20Image%202025-09-30%20at%2012.07.39_81139108.avif,27,2026-09-30
8372059,Jolie villa avec piscine privée à Targa,https://www.mubawab.ma/fr/a/8372059/jolie-villa-avec-piscine-priv%C3%A9e-%C3%A0-targa,Location,Villa,Marrakech,Targa,25 000 DH,25000,400m²,400,8 Pièces,5 Chambres,3 Salles de bains,"Jardin, Piscine, Entre-seul","Nous mettons à la location longue durée une jolie villa de 400 M2, située dans le beau quartier de Targa. La villa dispose d’une belle piscine privée, d’un jardin et se compose comme suit : Au rez-de-chaussée : * Un double salon * Un coin salle à manger * Une cuisine * Toilettes invités À l’étage : * 4 chambres, dont une suite parentale avec dressing et salle de bain privative * Une salle de bain commune pour les autres chambre...",https://www.mubawab-media.com/ad/8/372/059F/h/WhatsApp%20Image%202026-06-26%20at%2011.37.32_82743456.avif,32,2026-09-30
8368727,Villa au charme traditionnelle piscine et hammam,https://www.mubawab.ma/fr/a/8368727/villa-au-charme-traditionnelle-piscine-et-hammam,Location,Villa,Marrakech,Targa,25 000 DH,25000,390m²,390,9 Pièces,5 Chambres,5 Salles de bains,"Jardin, Terrasse, Piscine, Chambre rangement, Salon Marocain, Salon européen, Cheminée, Sécurité, Cuisine équipée, Réfrigérateur, Four, TV, Machine à laver, Micro-ondes, Internet, Animaux domestiques autorisés","Située dans le quartier recherché de Targa, au sein d’une résidence fermée et sécurisée, cette villa combine le charme du beldi marocain et une touche de modernité soignée. Édifiée sur un terrain de 390 m², avec environ 230 m² construits répartis sur deux niveaux, elle offre un cadre de vie confortable et agréable, parfait pour une famille. Un rez-de-chaussée pensé pour la vie de tous les jours Le rez-de-chaussée se compose de trois espaces de...",https://www.mubawab-media.com/ad/8/368/727F/h/1781902979009%281%29%281%29%281%29_82706493.avif,22,2026-09-30
8344246,Villa de standing à Targa – 550 m² avec piscine,https://www.mubawab.ma/fr/a/8344246/villa-de-standing-%C3%A0-targa-%E2%80%93-550-m%C2%B2-avec-piscine,Location,Villa,Marrakech,Targa,25 000 DH,25000,550m²,550,7 Pièces,5 Chambres,3 Salles de bains,"Jardin, Terrasse, Garage, Piscine, Chambre rangement, Entre-seul, Salon Marocain, Salon européen, Antenne parabolique, Climatisation, Chauffage central, Sécurité, Double vitrage, Porte blindée, Cuisine équipée","Située dans un quartier résidentiel calme et recherché à Targa, cette magnifique villa d’une superficie de 550 m², construite sur trois niveaux, offre de beaux volumes et un cadre de vie confortable et élégant, avec piscine privée et jardin paysager. Composition de la villa : Sous-sol : 1 chambre 1 salle de bain Rez-de-chaussée : Doubles salons lumineux avec accès au jardin Séjour convivial Cuisine fonctionnelle Toilettes invités Étage : 4 ch...",https://www.mubawab-media.com/ad/8/344/246F/h/IMG-20200603-WA0086_82399835.avif,18,2026-09-30
8387740,Location Villa Moderne Meublée à Targa,https://www.mubawab.ma/fr/a/8387740/location-villa-moderne-meubl%C3%A9e-%C3%A0-targa,Location,Villa,Marrakech,Targa,25 000 DH,25000,500m²,500,5 Pièces,4 Chambres,4 Salles de bains,"Jardin, Terrasse, Garage, Vue sur les montagnes, Piscine, Chambre rangement, Meublé, Entre-seul, Salon Marocain, Salon européen, Antenne parabolique, Cheminée, Climatisation, Chauffage central, Sécurité, Double vitrage, Porte blindée, Cuisine équipée, Réfrigérateur, Four, TV, Machine à laver, Internet, Animaux domestiques autorisés","Prix : 25 000 DH / mois Commission d’agence : un mois de loyer Découvrez cette magnifique villa moderne, entièrement meublée avec goût, située dans le quartier prisé de Targa. Elle se compose de : * 4 suites spacieuses * 2 salons lumineux * 2 jardins * Cuisine équipée * Villa parfaitement entretenue, offrant des prestations modernes et un excellent confort de vie Cette propriété ne dispose pas de piscine et constitue un choix idéal pour une f...",https://www.mubawab-media.com/ad/8/387/740F/h/0576e1a4-32f0-47d7-8cbe-2786498439d5_82917301.avif,23,2026-09-30
8051268,Villa à louer à targa marrakech,https://www.mubawab.ma/fr/a/8051268/villa-%C3%A0-louer-%C3%A0-targa-marrakech,Location,Villa,Marrakech,Targa,25 000 DH,25000,255m²,255,3 Pièces,3 Chambres,2 Salles de bains,"Jardin, Terrasse, Garage, Piscine, Concierge, Chambre rangement, Entre-seul, Salon Marocain, Salon européen, Antenne parabolique, Climatisation, Chauffage central, Sécurité, Double vitrage, Porte blindée, Cuisine équipée, Réfrigérateur, Four, Machine à laver, Micro-ondes","une villa a louer 8 chambres à coucher, 6 salles de bains, 255 m². 10 pièces lumineuses. Moins de 10 ans. Revêtement: Marbre. Cette luxueuse maison est à louer à Route d'Agadir - Essaouira. Appréciez le confort de la climatisation. La résidence dispose également d'un service de concierge et d'une piscine. Programmez dès maintenant votre visite pour cette villa d'exception à Marrakech. Sécurité maximale avec système de Surveillance et Porte blin...",https://www.mubawab-media.com/ad/8/051/268F/h/photo_0_79371154.avif,12,2026-09-30
8347855,Villa familiale proche du centre ville,https://www.mubawab.ma/fr/a/8347855/villa-familiale-proche-du-centre-ville,Location,Villa,Marrakech,Targa,25 000 DH,25000,450m²,450,10 Pièces,5 Chambres,4 Salles de bains,"Jardin, Garage, Piscine, Chambre rangement, Meublé, Entre-seul, Salon Marocain, Salon européen, Cheminée, Climatisation, Sécurité, Double vitrage, Porte blindée, Cuisine équipée, Réfrigérateur, Four, TV, Machine à laver, Micro-ondes, Internet, Animaux domestiques autorisés","Villa au style marocain idéalement située dans le quartier recherché de Targa, à seulement 10 minutes du centre-ville. Construite sur un terrain de 450 m² avec trois façades, elle offre une belle luminosité et des espaces de vie agréables. Le rez-de-chaussée comprend plusieurs salons : un salon avec cheminée, un salon marocain et un salon moderne. À l’étage, la villa dispose de 4 chambres, dont 2 suites avec salles de bain privatives. Le sous...",https://www.mubawab-media.com/ad/8/347/855F/h/imgi_3_photo_0_81476585_82441307.avif,10,2026-09-30
8283901,Villa à louer – longue durée – bassatin Targa Marrakech,https://www.mubawab.ma/fr/a/8283901/villa-%C3%A0-louer-%E2%80%93-longue-dur%C3%A9e-%E2%80%93-bassatin-targa-marrakech,Location,Villa,Marrakech,Targa,25 000 DH,25000,160m²,160,7 Pièces,3 Chambres,2 Salles de bains,"Meublé, Entre-seul, Salon européen, Climatisation, Double vitrage, Cuisine équipée, Réfrigérateur, Four, TV, Machine à laver, Micro-ondes","Villa de 160 m², répartie sur trois niveaux, idéale pour une location longue durée. Sous-sol (cave) : salon aménagé, idéal comme espace détente ou salon secondaire. Rez-de-chaussée : salon principal et cuisine, espace de vie fonctionnel et convivial. 1er étage : 3 chambres avec une salle de bain collective. Caractéristiques : Villa 160 m² 3 niveaux Salon au sous-sol Salon cuisine au RDC 3 chambres 1 salle de bain collective ...",https://www.mubawab-media.com/ad/8/283/901F/h/WhatsApp%20Image%202026-01-12%20at%2016.30.49_81770546.avif,12,2026-09-30
8153008,Magnifique villa meublée avec piscine – Targa,https://www.mubawab.ma/fr/a/8153008/magnifique-villa-meubl%C3%A9e-avec-piscine-%E2%80%93-targa,Location,Villa,Marrakech,Targa,26 000 DH,26000,600m²,600,8 Pièces,5 Chambres,4 Salles de bains,"Jardin, Piscine, Meublé, Entre-seul, Salon Marocain, Salon européen, Cheminée, Climatisation, Cuisine équipée","Nous proposons à la location longue durée une superbe villa meublée, idéalement située à Targa. La villa bénéficie d’un jardin ensoleillé, d’une piscine privée, et se compose comme suit : Rez-de-chaussée : • Double salon européen • Salon marocain • Coin salle à manger • Toilettes invités Étage : • 4 chambres, dont une suite parentale avec dressing et salle de bain • Une salle de bain partagée pour les autres chambres Sous-sol : • Cuisi...",https://www.mubawab-media.com/ad/8/153/008F/h/WhatsApp_Image_2026-09-10_at_12.00.40_83194630.avif,22,2026-09-30
8318579,Villa d’exception meublée avec piscine – Targa,https://www.mubawab.ma/fr/a/8318579/villa-d%E2%80%99exception-meubl%C3%A9e-avec-piscine-%E2%80%93-targa,Location,Villa,Marrakech,Targa,26 000 DH,26000,500m²,500,7 Pièces,4 Chambres,5 Salles de bains,"Jardin, Garage, Piscine, Entre-seul, Salon Marocain, Cheminée, Cuisine équipée","Offrez-vous un cadre de vie unique dans cette somptueuse villa meublée, idéalement située à Targa, à seulement 5 minutes de Carrefour, dans un environnement calme, sécurisé et très prisé. Érigée sur un terrain de 500 m², cette propriété allie élégance, confort et prestations de qualité. Dès l’entrée, vous serez séduit par des espaces de vie raffinés comprenant un somptueux salon marocain et deux salons modernes, dont un avec cheminée, offrant u...",https://www.mubawab-media.com/ad/8/318/579F/h/photo_0_82126990.avif,13,2026-09-30
8412738,Charmante villa à louer,https://www.mubawab.ma/fr/a/8412738/charmante-villa-%C3%A0-louer,Location,Villa,Marrakech,Targa,26 000 DH,26000,380m²,380,5 Pièces,4 Chambres,3 Salles de bains,"Jardin, Terrasse, Garage, Piscine, Concierge, Meublé, Entre-seul, Salon européen, Antenne parabolique, Climatisation, Sécurité, Double vitrage, Porte blindée, Cuisine équipée, Réfrigérateur, Four, TV, Machine à laver, Micro-ondes, Animaux domestiques autorisés","Située dans le quartier prisé de Hay Targa à Marrakech, cette somptueuse villa de luxe en location se distingue par son cadre contemporain et ses aménagements modernes. La villa vient d'être bâtie sur 2 niveaux dans une résidence fermée et sécurisée. Rez-de-chaussée un salon donnant sur la piscine et le jardin une chambre à coucher. A l'étage 3 chambres à coucher dont l'une avec sa salle de bain dressing et 2 chambres à coucher et une douche ital...",https://www.mubawab-media.com/ad/8/412/738F/h/photo_0_83238936.avif,12,2026-09-30
8367071,Villa meublée avec piscine à louer à Targa,https://www.mubawab.ma/fr/a/8367071/villa-meubl%C3%A9e-avec-piscine-%C3%A0-louer-%C3%A0-targa,Location,Villa,Marrakech,Targa,26 000 DH,26000,400m²,400,6 Pièces,3 Chambres,4 Salles de bains,"Jardin, Terrasse, Piscine, Meublé, Entre-seul, Salon Marocain, Salon européen, Antenne parabolique, Cheminée, Climatisation, Chauffage central, Sécurité, Double vitrage, Porte blindée, Cuisine équipée, Réfrigérateur, Four, TV, Machine à laver, Micro-ondes, Internet","DREAM MAKER IMMOBILIER VOUS PROPOSE Villa meublée avec piscine à louer à Targa – Marrakech Située dans une résidence sécurisée à Targa, à proximité de la Clinique Grand Atlas, cette magnifique villa meublée est proposée exclusivement à la location pour habitation. Édifiée sur un terrain de 400 m², la villa est construite sur trois niveaux et offre des espaces de vie généreux, lumineux et parfaitement aménagés pour le confort d'une famille...",https://www.mubawab-media.com/ad/8/367/071F/h/IMG_1050_82689991.avif,20,2026-09-30
8239468,Location villa meublée 4 Chambres,https://www.mubawab.ma/fr/a/8239468/location-villa-meubl%C3%A9e-4-chambres,Location,Villa,Marrakech,Targa,26 500 DH,26500,200m²,200,2 Pièces,4 Chambres,3 Salles de bains,"Jardin, Terrasse, Garage, Piscine, Concierge, Chambre rangement, Meublé, Entre-seul, Salon Marocain, Salon européen, Cheminée, Climatisation, Double vitrage, Porte blindée, Cuisine équipée, Réfrigérateur, Four, TV, Machine à laver, Micro-ondes, Internet","Vous recherchez le lieu idéal pour vous reconforter avec votre famille, Cette magnifique villa vous ouvre ses portes. Entierement équipée et situé à targa dans un complexe tres familiale à 5 min du centre ville,proche de toute commodité et école.. Cette villa contemporaine dans un quartier tres prisé,qui allie espace ,luminosité et fonctionnalité. Entierement meublée et équipée avec gout ,elle est parfaite pour une famille en recherche de ser...",https://www.mubawab-media.com/ad/8/239/468F/h/IMG_20251013_180559_81277111.avif,9,2026-09-30
8406008,Villa 4 chambres Al Afak route de targa,https://www.mubawab.ma/fr/a/8406008/villa-4-chambres-al-afak-route-de-targa,Location,Villa,Marrakech,Targa,27 000 DH,27000,240m²,240,6 Pièces,4 Chambres,4 Salles de bains,"Jardin, Terrasse, Garage, Piscine, Concierge, Salon Marocain, Climatisation, Sécurité","VILLA MEUBLÉE AVEC PISCINE PRIVÉE — EL AFAK / ROUTE DE TARGA - Meurisse Real Estate vous propose cette belle villa meublée de 240 m², située dans le secteur El Afak / Route de Targa, au sein d’une résidence sécurisée avec gardien. La villa offre : - 4 chambres dont 1 suite - 4 salles de bain - Salon principal salon marocain salle à manger - Cuisine indépendante équipée - Piscine privée 2,60 8 m - Jardin, terrasse et rooftop - Cuisine extérieu...",https://www.mubawab-media.com/ad/8/406/008F/h/PISCINE_83115916.avif,7,2026-09-30
8399685,Villa meublee avec piscine privee secteur targa,https://www.mubawab.ma/fr/a/8399685/villa-meublee-avec-piscine-privee-secteur-targa,Location,Villa,Marrakech,Targa,27 000 DH,27000,240m²,240,7 Pièces,4 Chambres,4 Salles de bains,"Jardin, Terrasse, Garage, Vue sur les montagnes, Piscine, Concierge, Meublé, Salon Marocain, Salon européen, Climatisation, Sécurité, Double vitrage, Cuisine équipée, Réfrigérateur, Four, TV, Machine à laver, Micro-ondes","Meurisse Real Estate vous propose cette belle villa meublée de 240 m², située dans le secteur El Afak / Route de Targa, au sein d’une résidence sécurisée avec gardien. La villa offre : 4 chambres dont 1 suite 4 salles de bain Salon principal salon marocain salle à manger Cuisine indépendante équipée Piscine privée 2,60 8 m Jardin, terrasse et rooftop Cuisine extérieure avec barbecue Climatisation dans toute la villa ...",https://www.mubawab-media.com/ad/8/399/685F/h/IMG_6699_83048748.avif,32,2026-09-30
8418287,Location villa vide quartier targa,https://www.mubawab.ma/fr/a/8418287/location-villa-vide-quartier-targa,Location,Villa,Marrakech,Targa,28 000 DH,28000,406m²,406,7 Pièces,5 Chambres,4 Salles de bains,"Jardin, Terrasse, Garage, Vue sur les montagnes, Concierge, Salon Marocain, Salon européen, Cheminée, Climatisation, Chauffage central, Sécurité, Double vitrage, Porte blindée, Cuisine équipée, Four","Découvrez cette somptueuse villa de luxe à louer située au cœur de Marrakech, dans le quartier prestigieux de Ménara, plus précisément dans le secteur résidentiel de Masmoudi. Avec une superficie généreuse de 406 m² et un terrain de 175 m², cette propriété est l'incarnation du confort et de l'élégance moderne. Le jardin verdoyant et spacieux, agrémenté de palmiers luxuriants, offre un espace de détente parfait en plein air. Vous apprécierez égal...",https://www.mubawab-media.com/ad/8/418/287F/h/photo_0_83249951.avif,28,2026-09-30
8131041,"Villa meublée à louer – Sans vis à vis – Targa, Marrakech",https://www.mubawab.ma/fr/a/8131041/villa-meubl%C3%A9e-%C3%A0-louer-%E2%80%93-sans-vis-%C3%A0-vis-%E2%80%93-targa-marrakech,Location,Villa,Marrakech,Targa,28 000 DH,28000,800m²,800,9 Pièces,6 Chambres,3 Salles de bains,"Jardin, Terrasse, Garage, Vue sur les montagnes, Piscine, Concierge, Chambre rangement, Meublé, Entre-seul, Salon Marocain, Salon européen, Antenne parabolique, Cheminée, Climatisation, Chauffage central, Sécurité, Double vitrage, Porte blindée, Cuisine équipée, Réfrigérateur, Four, TV, Internet, Animaux domestiques autorisés","L’Immobilier Sans Frontières vous propose cette villa meublée à louer à Targa, Marrakech, située dans une résidence calme, sécurisée et sans vis-à-vis. Implantée sur un terrain de 800 m², la description communiquée mentionne une architecture contemporaine, une décoration soignée et des volumes lumineux. Cette villa se compose de : Sous-sol: Une chambre – Salon marocain Rez-de-chaussée: Salon marocain – Salon européen – Séjour – Baie vitrée – Ch...",https://www.mubawab-media.com/ad/8/131/041F/h/1_80158070.avif,32,2026-09-30
8209739,Villa de standing à louer meublée à Targa,https://www.mubawab.ma/fr/a/8209739/villa-de-standing-%C3%A0-louer-meubl%C3%A9e-%C3%A0-targa,Location,Villa,Marrakech,Targa,29 000 DH,29000,400m²,400,8 Pièces,5 Chambres,5 Salles de bains,"Garage, Piscine, Chambre rangement, Meublé, Entre-seul, Salon Marocain, Salon européen, Antenne parabolique, Cheminée, Climatisation, Chauffage central, Sécurité, Double vitrage, Porte blindée, Cuisine équipée, Réfrigérateur, Four, TV, Machine à laver, Animaux domestiques autorisés","L'agence MRI vous propose superbe villa à louer de 400 m² située dans le quartier recherché de Targa, offrant un cadre de vie calme et confortable. Cette propriété bénéficie d’une piscine, d’un puits, d’un panneau solaire pour optimiser la consommation énergétique, ainsi que d’un garage privatif. Elle se compose de : Sous-sol : un salon, un hammam beldi traditionnel et une cuisine entièrement équipée. Rez-de-chaussée : deux salons marocains é...",https://www.mubawab-media.com/ad/8/209/739F/h/IMG-20240208-WA0057_80961062.avif,21,2026-09-30
8390935,"Villa à louer longue durée – targa, marrakech",https://www.mubawab.ma/fr/a/8390935/villa-%C3%A0-louer-longue-dur%C3%A9e-%E2%80%93-targa-marrakech,Location,Villa,Marrakech,Targa,29 000 DH,29000,300m²,300,5 Pièces,3 Chambres,1 Salle de bain,"Jardin, Terrasse, Garage, Piscine, Concierge, Chambre rangement, Salon Marocain, Salon européen, Antenne parabolique, Cheminée, Climatisation, Chauffage central, Sécurité, Cuisine équipée","Située dans une résidence sécurisée, à proximité de Carrefour Targa, cette élégante villa offre un cadre de vie idéal pour les familles à la recherche de confort, d’espace et de tranquillité. Entourée d’un agréable espace vert et bénéficiant d’une belle piscine privée, cette propriété allie charme, fonctionnalité et qualité de vie dans l’un des quartiers résidentiels les plus prisés de Marrakech. Caractéristiques 4 chambres à coucher ...",https://www.mubawab-media.com/ad/8/390/935F/h/villa%20marrakech%20for%20sale-6_82951874.avif,24,2026-09-30
8362685,Villa en location longue durée Targa Sofia,https://www.mubawab.ma/fr/a/8362685/villa-en-location-longue-dur%C3%A9e-targa-sofia,Location,Villa,Marrakech,Targa,29 000 DH,29000,300m²,300,9 Pièces,6 Chambres,5 Salles de bains,"Jardin, Piscine, Cuisine équipée","Villa meublée de standing située à Targa Sofia, Marrakech. Superficie terrain : 420 m2 Surface couverte : 462 m2 Composition : 6 chambres dont 4 chambres avec salle de bain privative Salon spacieux et lumineux Cuisine équipée Jardin Piscine Villa calme et sécurisée. Disponible pour location longue durée. Entièrement meublée. Pour plus d'informations, photos et visite, contactez-moi en privé",https://www.mubawab-media.com/ad/8/362/685F/h/1095f923-2acb-49ff-bf93-b9d9538e290c_82601452.avif,8,2026-09-30
8310152,Villa meublée 4CH Piscine Targa Proche Quick,https://www.mubawab.ma/fr/a/8310152/villa-meubl%C3%A9e-4ch-piscine-targa-proche-quick,Location,Villa,Marrakech,Targa,29 000 DH,29000,320m²,320,3 Pièces,4 Chambres,4 Salles de bains,"Jardin, Terrasse, Garage, Piscine, Chambre rangement, Meublé, Entre-seul, Salon Marocain, Salon européen, Cheminée, Climatisation, Porte blindée, Cuisine équipée, Réfrigérateur, Four, TV, Machine à laver, Micro-ondes, Internet","A 10 Min du Lycée Victor Hugo, Dans un secteur calme et sécuriser au coeur du quartier de Targa Proche de Quick et de L'école des Orangers Je vous propose cette villa meublée composée de 4 Chambres toutes dotées de leurs salle de bain 2 Salons espace salle a manger Cuisine équipée Toilettes d invités la maison est complètement climatisée Terrasse extérieur - Jardin et Piscine Garage Sous sol avec logement personnel ou Espace de rangemen...",https://www.mubawab-media.com/ad/8/310/152F/h/8FABC987-B733-42E1-AD5D-F66551A1ADFF_82334394.avif,15,2026-09-30
8292643,Villa moderne avec piscine à Targa sur 3 niveaux,https://www.mubawab.ma/fr/a/8292643/villa-moderne-avec-piscine-%C3%A0-targa-sur-3-niveaux,Location,Villa,Marrakech,Targa,30 000 DH,30000,350m²,350,6 Pièces,3 Chambres,3 Salles de bains,"Jardin, Garage, Piscine, Meublé, Entre-seul, Salon européen, Antenne parabolique, Climatisation, Chauffage central, Sécurité, Double vitrage, Porte blindée, Cuisine équipée, Réfrigérateur, Four, TV, Machine à laver, Micro-ondes","Située dans un quartier résidentiel calme et recherché de Targa, cette belle villa construite sur trois niveaux offre une superficie de 350 m², alliant volumes généreux, fonctionnalité et qualité de vie. Dès l’entrée, la villa séduit par ses espaces de réception spacieux, composés de trois salons lumineux, parfaitement adaptés à la vie familiale comme à la réception des invités. La cuisine entièrement équipée, moderne et bien agencée, répond aux...",https://www.mubawab-media.com/ad/8/292/643F/h/WhatsApp%20Image%202026-01-27%20at%2013.03.23_81849781.avif,16,2026-09-30
8311519,"Villa à Louer de 385.0 m² à Marrakech, Targa",https://www.mubawab.ma/fr/a/8311519/villa-%C3%A0-louer-de-385-0-m%C2%B2-%C3%A0-marrakech-targa,Location,Villa,Marrakech,Targa,30 000 DH,30000,385m²,385,8 Pièces,5 Chambres,6 Salles de bains,"Jardin, Garage, Meublé","Nouvelle annonce de Location d'une villa à Marrakech, dans le quartier Targa . Cette propriété spacieuse offre une surface de 385.0m² Elle offre une luminosité exceptionnelle. Prix attractif de 30000 Dhs",https://www.mubawab-media.com/ad/8/311/519F/h/image_365162802_82051126.avif,24,2026-09-30
8320003,"Villa à louer – targa, marrakech",https://www.mubawab.ma/fr/a/8320003/villa-%C3%A0-louer-%E2%80%93-targa-marrakech,Vente,Villa,Marrakech,Targa,30 000 DH,30000,400m²,400,8 Pièces,6 Chambres,4 Salles de bains,"Jardin, Terrasse, Garage, Piscine, Concierge, Meublé, Salon Marocain, Salon européen, Antenne parabolique, Cheminée, Climatisation, Chauffage central, Sécurité, Double vitrage, Cuisine équipée, Réfrigérateur, Four, Machine à laver, Micro-ondes","VILLA À LOUER – TARGA, MARRAKECH Emplacement privilégié à Targa, l’un des quartiers les plus recherchés de Marrakech, apprécié pour son environnement familial, calme et sécurisé, à proximité des commodités. Villa idéale pour habitation principale ou projet locatif, avec possibilité de sous-location à négocier avec le propriétaire. Loyer habitation principale : 35 000 DH/mois Prix négociable avec le propriétaire Droit de sous-location p...",https://www.mubawab-media.com/ad/8/320/003F/h/1000085403_83280148.avif,20,2026-09-30
8271763,Superbe villa meublée avec piscine à louer,https://www.mubawab.ma/fr/a/8271763/superbe-villa-meubl%C3%A9e-avec-piscine-%C3%A0-louer,Location,Villa,Marrakech,Targa,30 000 DH,30000,500m²,500,11 Pièces,8 Chambres,8 Salles de bains,"Jardin, Terrasse, Garage, Piscine, Chambre rangement, Meublé, Entre-seul, Salon Marocain, Salon européen, Antenne parabolique, Climatisation, Chauffage central, Sécurité, Double vitrage, Porte blindée, Cuisine équipée, Réfrigérateur, Four, TV, Machine à laver","Située dans le quartier résidentiel très prisé de Targa, cette magnifique villa meublée offre des volumes généreux et des prestations de qualité, idéale pour une grande famille ou pour une location haut standing. Édifiée sur un terrain d’environ 400 m², la villa dispose d’une surface habitable d’environ 500 m², répartie sur trois niveaux, avec une excellente distribution des espaces. Rez-de-chaussée : Deux chambres confortables Une salle de bai...",https://www.mubawab-media.com/ad/8/271/763F/h/PHOTO-2025-12-15-10-04-35_81627443.avif,14,2026-09-30
8251926,Magnifique villa 400 m² avec piscine privée Targa,https://www.mubawab.ma/fr/a/8251926/magnifique-villa-400-m%C2%B2-avec-piscine-priv%C3%A9e-targa,Location,Villa,Marrakech,Targa,30 000 DH,30000,400m²,400,9 Pièces,5 Chambres,4 Salles de bains,"Jardin, Piscine, Meublé, Entre-seul, Salon Marocain, Salon européen, Climatisation, Cuisine équipée","Nous mettons à la location longue durée une magnifique villa de 400 m², idéalement située dans le quartier résidentiel de Targa. La villa dispose d'une belle piscine privée entourée et d’un jardin verdoyant, La villa se compose de : Rez-de-chaussée : • Double salon marocain • Salon européen • Toilettes invités Étage : • 4 chambres • Une suite parentale avec dressing et salle de bain • Une salle de bain com...",https://www.mubawab-media.com/ad/8/251/926F/h/WhatsApp_Image_2026-09-10_at_15.41.35_83197006.avif,23,2026-09-30
8063465,Splendide villa de 4 ch piscine privée à Targa,https://www.mubawab.ma/fr/a/8063465/splendide-villa-de-4-ch-piscine-priv%C3%A9e-%C3%A0-targa,Location,Villa,Marrakech,Targa,30 000 DH,30000,450m²,450,7 Pièces,4 Chambres,5 Salles de bains,"Garage, Piscine, Meublé, Entre-seul, Salon Marocain, Salon européen, Cheminée, Climatisation, Sécurité, Cuisine équipée, Réfrigérateur, Four, TV, Machine à laver, Micro-ondes","Nous mettons à la location longue durée une splendide villa meublée de 400m² avec piscine privée à targa Caractéristiques de la villa : Au rez de chaussée : _ Double salon européen qui donne sur la piscine _ Un salon marocain _ Coin salle à manger _ Une salle de bain A l’étage : _ 4 chambres dont une suite parentale avec salle de bain , _ un salon _ 2 salles de bain Au sous-sol: _ Une chambre _ Une cuisine bien équip...",https://www.mubawab-media.com/ad/8/063/465F/h/WhatsApp%20Image%202026-07-21%20at%2011.50.57%20%283%29_82903504.avif,29,2026-09-30
8411718,Superbe villa moderne avec piscine privée à Hay Targa,https://www.mubawab.ma/fr/a/8411718/superbe-villa-moderne-avec-piscine-priv%C3%A9e-%C3%A0-hay-targa,Location,Villa,Marrakech,Targa,30 000 DH,30000,450m²,450,6 Pièces,4 Chambres,3 Salles de bains,"Jardin, Terrasse, Vue sur les montagnes, Piscine, Chambre rangement, Meublé, Entre-seul, Salon Marocain, Salon européen, Cheminée, Climatisation, Chauffage central, Sécurité, Cuisine équipée, Réfrigérateur, Four, TV, Machine à laver, Micro-ondes, Internet, Animaux domestiques autorisés","Nous mettons à la location longue durée une magnifique villa moderne située idéalement à targa La villa dispose d’un jardin avec piscine privée, des salons modernes, ouvert sur le jardin et la piscine une cuisine, équipée et toilette invitée et à l’étage, quatre chambres dans une Suites parentale avec dressing, salle de bain et trois autres chambres et deux salle Au sous-sol une cuisine équipée, un salon et chambre, personne dans la terrasse on t...",https://www.mubawab-media.com/ad/8/411/718F/h/WhatsApp_Image_2026-09-10_at_12.32.01__7__83195436.avif,26,2026-09-30
8418770,Location villa de luxe à Targa Meublé,https://www.mubawab.ma/fr/a/8418770/location-villa-de-luxe-%C3%A0-targa-meubl%C3%A9,Location,Villa,Marrakech,Targa,30 000 DH,30000,255m²,255,9 Pièces,7 Chambres,5 Salles de bains,"Jardin, Garage, Piscine, Concierge, Chambre rangement, Meublé, Salon Marocain, Salon européen, Antenne parabolique, Climatisation, Sécurité, Double vitrage, Cuisine équipée, Réfrigérateur, Four, TV, Machine à laver, Micro-ondes, Internet, Animaux domestiques autorisés","Cette somptueuse villa de luxe à louer, située dans le quartier prisé de Route d'Agadir - Essaouira à Marrakech, se distingue par son agencement élégant et ses installations modernes. Située dans le complexe prestigieux de ""Les palmiers - Targa"", la propriété, avec une surface habitable de 255 m² et un terrain de 160 m², est le summum du confort et du raffinement, n’ayant jamais été habitée ou récemment rénovée. Bien que le sol principal de la ma...",https://www.mubawab-media.com/ad/8/418/770F/h/IMG_20250619_130054_83255804.avif,3,2026-09-30
8347673,Belle villa 4 suites avec piscine privée à Targa,https://www.mubawab.ma/fr/a/8347673/belle-villa-4-suites-avec-piscine-priv%C3%A9e-%C3%A0-targa,Location,Villa,Marrakech,Targa,30 000 DH,30000,450m²,450,7 Pièces,5 Chambres,5 Salles de bains,"Jardin, Piscine",Nous mettons à la location longue durée une magnifique villa moderne de 450 m² située dans le beau quartier de Targa. La villa dispose d’une belle piscine privée avec jardin et se compose de : Au rez-de-chaussée : Un double salon donnant sur le jardin et la piscine Un coin salle à manger Une cuisine Une suite parentale avec dressing et salle de bain privée Toilettes invités À l’étage : 4 suites parentales avec dressing et salle de bain privati...,https://www.mubawab-media.com/ad/8/347/673F/h/WhatsApp%20Image%202026-05-12%20at%2014.33.54_82448121.avif,22,2026-09-30
8273858,Belle villa meublée avec piscine privée à Targa,https://www.mubawab.ma/fr/a/8273858/belle-villa-meubl%C3%A9e-avec-piscine-priv%C3%A9e-%C3%A0-targa,Location,Villa,Marrakech,Targa,30 000 DH,30000,450m²,450,6 Pièces,4 Chambres,4 Salles de bains,"Piscine, Meublé, Entre-seul, Salon Marocain, Salon européen, Climatisation, Cuisine équipée","Nous mettons à la location longue durée une superbe villa meublée de 450 M2, située dans un quartier résidentiel calme et recherché à Targa. La villa bénéficie d’une belle piscine privée et d’espaces généreux, offrant confort et convivialité. Composition : Au rez-de-chaussée : • Un double salon lumineux donnant sur la piscine • Un coin salle à manger • Une toilette invités À l’étage : • Quatre chambres, dont une suite parentale...",https://www.mubawab-media.com/ad/8/273/858F/h/WhatsApp%20Image%202025-12-19%20at%2011.09.37_81649666.avif,23,2026-09-30
8391085,Jolie villa 4 chambres avec piscine privée à Targa,https://www.mubawab.ma/fr/a/8391085/jolie-villa-4-chambres-avec-piscine-priv%C3%A9e-%C3%A0-targa,Location,Villa,Marrakech,Targa,30 000 DH,30000,500m²,500,6 Pièces,4 Chambres,3 Salles de bains,"Jardin, Piscine","Nous mettons en location longue durée une magnifique villa de 500 m², située dans le quartier prisé de Targa. La villa bénéficie d’une belle piscine privée, d’un jardin privatif et se compose comme suit : Au rez-de-chaussée : * Un double salon lumineux * Une cuisine * Une toilette invités À l’étage : * Une suite parentale avec salle de bain privative * Trois chambres * Une salle de bain Conditions : * 2 mois de caution *...",https://www.mubawab-media.com/ad/8/391/085F/h/WhatsApp_Image_2026-07-29_at_16.17.10__1__82953532.avif,32,2026-09-30
8212970,Villa de haut standing à louer à Hay Targa. 4 pièces. Bien m...,https://www.mubawab.ma/fr/a/8212970/villa-de-haut-standing-%C3%A0-louer-%C3%A0-hay-targa-4-pi%C3%A8ces-bien-meubl%C3%A9,Location,Villa,Marrakech,Targa,30 000 DH,30000,200m²,200,4 Pièces,6 Chambres,4 Salles de bains,"Jardin, Terrasse, Vue sur mer, Piscine, Chambre rangement, Meublé, Entre-seul, Salon Marocain, Salon européen, Antenne parabolique, Cheminée, Climatisation, Chauffage central, Sécurité, Double vitrage, Porte blindée, Cuisine équipée, Réfrigérateur, Four, TV, Machine à laver, Micro-ondes, Internet, Animaux domestiques autorisés","À louer en longue durée, une magnifique villa meublée de standing, située dans le quartier résidentiel prisé de Zohor Targa. Cette propriété spacieuse et lumineuse vous offre un cadre de vie exceptionnel et se compose comme suit : · 5 chambres généreuses : · 1 suite parentale (master) avec salle de bain privative et dressing. · 2 chambres supplémentaires, chacune avec leur propre salle de bain et dressing. · 2 autres chambres. · Confort M...",https://www.mubawab-media.com/ad/8/212/970F/h/photo_0_80994105.avif,14,2026-09-30
8414848,Très Belle Villa Meublée à Targa,https://www.mubawab.ma/fr/a/8414848/tr%C3%A8s-belle-villa-meubl%C3%A9e-%C3%A0-targa,Location,Villa,Marrakech,Targa,30 000 DH,30000,640m²,640,5 Pièces,4 Chambres,5 Salles de bains,"Jardin, Terrasse, Garage, Vue sur les montagnes, Piscine, Chambre rangement, Entre-seul, Salon européen, Antenne parabolique, Climatisation, Chauffage central, Sécurité, Double vitrage, Porte blindée, Cuisine équipée, Réfrigérateur, Four, TV, Machine à laver, Micro-ondes, Internet, Animaux domestiques autorisés","Très belle villa spacieuse et meublée, située dans un secteur recherché de Targa. * 4 suites * 2 grands salons * Grande cuisine entièrement équipée * Débarras * Grande piscine * Grand jardin arboré * Belle terrasse * Villa entièrement meublée Prix : 30 000 DH / mois Commission agence : 1 mois de loyer Pour plus d’informations ou pour organiser une visite, veuillez nous contacter",https://www.mubawab-media.com/ad/8/414/848F/h/8c89235d-ba7f-422a-b295-9ec2ebe69122_83211872.avif,16,2026-09-30
8404104,Charmante villa contemporaine meublé en location,https://www.mubawab.ma/fr/a/8404104/charmante-villa-contemporaine-meubl%C3%A9-en-location,Location,Villa,Marrakech,Targa,30 000 DH,30000,856m²,856,7 Pièces,5 Chambres,4 Salles de bains,"Jardin, Terrasse, Garage, Vue sur les montagnes, Piscine, Concierge, Chambre rangement, Meublé, Entre-seul, Salon européen, Antenne parabolique, Cheminée, Climatisation, Sécurité, Double vitrage, Porte blindée, Cuisine équipée, Réfrigérateur, Four, TV, Machine à laver, Micro-ondes, Internet, Animaux domestiques autorisés","Nichée dans le quartier prisé de Hay Targa à Marrakech, cette somptueuse villa meublée marie élégance contemporaine et confort luxueux. Avec une superficie impressionnante de 856 m², la propriété offre un cadre de vie spacieux et harmonieux. À l'extérieur, un jardin bien entretenu entoure une piscine étincelante, offrant un espace idéal pour se détendre et profiter des vues époustouflantes sur les montagnes environnantes. La terrasse spacieuse, o...",https://www.mubawab-media.com/ad/8/404/104F/h/photo_0_83094406.avif,18,2026-09-30
8393848,Villa en Location Longue Durée Meublée Targa,https://www.mubawab.ma/fr/a/8393848/villa-en-location-longue-dur%C3%A9e-meubl%C3%A9e-targa,Location,Villa,Marrakech,Targa,30 000 DH,30000,320m²,320,12 Pièces,6 Chambres,5 Salles de bains,"Jardin, Terrasse, Garage, Piscine, Chambre rangement, Meublé, Entre-seul, Salon Marocain, Salon européen, Antenne parabolique, Cheminée, Climatisation, Sécurité, Porte blindée, Cuisine équipée, Réfrigérateur, Four, TV, Machine à laver, Micro-ondes, Internet, Animaux domestiques autorisés","Villa Meublée 320 m² avec Piscine – 6 Chambres – À deux pas de l’École Les Orangers JB Agency Marrakech vous propose à la location longue durée cette magnifique villa meublée de 320 m², idéalement située dans un quartier résidentiel calme, sécurisé et très recherché, à seulement quelques pas de l’École Les Orangers. La villa offre un cadre de vie confortable et fonctionnel, idéal pour une famille souhaitant profiter d’un environnement paisible...",https://www.mubawab-media.com/ad/8/393/848F/h/WhatsApp%20Image%202026-08-04%20at%2013.30.04_82986517.avif,28,2026-09-30
8259580,Belle villa familiale avec piscine et hammam,https://www.mubawab.ma/fr/a/8259580/belle-villa-familiale-avec-piscine-et-hammam,Location,Villa,Marrakech,Targa,30 000 DH,30000,500m²,500,10 Pièces,8 Chambres,6 Salles de bains,"Jardin, Terrasse, Garage, Vue sur les montagnes, Piscine, Chambre rangement, Meublé, Entre-seul, Salon Marocain, Salon européen, Antenne parabolique, Cheminée, Climatisation, Chauffage central, Sécurité, Double vitrage, Porte blindée, Cuisine équipée, Réfrigérateur, Four, TV, Machine à laver, Micro-ondes, Internet","Belle Villa Familiale à Targa - bonnes Prestations, à proximité des écoles et commerces. Loyer : 30.000dh/mois hors taxes 2 mois de caution 1 mois d'agence Caractéristiques Principales * Superficie Terrain : Environ 450m² * Surface Habitable : 500m² sur 3 niveaux * Extérieurs : Piscine, terrasses, cour anglaise * Équipements : Garage avec portail automatique, Hammam, Chaudière à gaz, Panneaux solaires. Description Détaillée Découv...",https://www.mubawab-media.com/ad/8/259/580F/h/salon2_Image_qq9gagqq9gagqq9g_82578763.avif,16,2026-09-30
8380033,Villa meublée haut standing à louer Targa,https://www.mubawab.ma/fr/a/8380033/villa-meubl%C3%A9e-haut-standing-%C3%A0-louer-targa,Location,Villa,Marrakech,Targa,32 000 DH,32000,500m²,500,7 Pièces,5 Chambres,5 Salles de bains,"Jardin, Terrasse, Garage, Piscine, Chambre rangement, Meublé, Salon Marocain, Salon européen, Antenne parabolique, Cheminée, Climatisation, Chauffage central, Sécurité, Double vitrage, Porte blindée, Cuisine équipée, Réfrigérateur, Four, TV, Machine à laver","Située dans le quartier prisé de Targa à Marrakech, cette magnifique villa meublée d’environ 500 m² habitables offre un cadre de vie élégant, confortable et parfaitement équipé. Elle se compose de cinq chambres, dont une superbe master bedroom avec hammam beldi, ainsi qu’une suite avec salon et salle à manger donnant directement sur la cour. La villa dispose également d’une cuisine entièrement équipée, du chauffage et de la climatisation dans les...",https://www.mubawab-media.com/ad/8/380/033F/h/IMG-20250407-WA0013_83201002.avif,22,2026-09-30
8082180,Location Villa Meublée Targa,https://www.mubawab.ma/fr/a/8082180/location-villa-meubl%C3%A9e-targa,Location,Villa,Marrakech,Targa,33 000 DH,33000,260m²,260,4 Pièces,5 Chambres,5 Salles de bains,"Jardin, Terrasse, Garage, Vue sur les montagnes, Piscine, Concierge, Chambre rangement, Meublé, Entre-seul, Salon Marocain, Salon européen, Antenne parabolique, Climatisation, Chauffage central, Sécurité, Double vitrage, Porte blindée, Cuisine équipée, Réfrigérateur, Four, TV, Machine à laver, Micro-ondes, Internet, Animaux domestiques autorisés","Location villa elle meublée sur Targa dans un emplacement cale près des écoles à Marrakech, avec une bonne finition. Cette villa de 380m2 de terrain, réunit confort et modernité avec. Les meubles sont en très bonne état. La villa est partagée comme ceci : L’étage :4 suites climatisées avec leurs propre sdb et balcon. Rez-de-chaussée : 2 grands salons, cuisine entièrement équipée aménagée. Piscine, jardin N’hésitez pas à nous contac...",https://www.mubawab-media.com/ad/8/082/180F/h/Capture_79674347.avif,19,2026-09-30
8395793,Villa Meublée Avec Piscine 5 Chambres À Louer,https://www.mubawab.ma/fr/a/8395793/villa-meubl%C3%A9e-avec-piscine-5-chambres-%C3%A0-louer,Location,Villa,Marrakech,Targa,35 000 DH,35000,400m²,400,9 Pièces,6 Chambres,4 Salles de bains,"Jardin, Terrasse, Piscine, Meublé, Entre-seul, Salon Marocain, Salon européen, Cheminée, Cuisine équipée, Réfrigérateur, Four, TV, Machine à laver","Le 25 Immobilier vous propose à la location cette magnifique villa entièrement meublée, située dans le quartier prisé de Targa, offrant un cadre de vie alliant confort, espace et élégance. Édifiée sur un terrain de plus de 650 m², cette villa bénéficie d’un vaste jardin avec piscine et d’un agréable espace extérieur, idéal pour profiter de moments de détente en famille ou entre amis. À l’étage, la villa comprend 5 chambres, dont 2 suites pa...",https://www.mubawab-media.com/ad/8/395/793F/h/IMG_9437_83007432.avif,7,2026-09-30
8411261,Magnifique villa meublée à louer à Targa,https://www.mubawab.ma/fr/a/8411261/magnifique-villa-meubl%C3%A9e-%C3%A0-louer-%C3%A0-targa,Location,Villa,Marrakech,Targa,35 000 DH,35000,500m²,500,7 Pièces,5 Chambres,4 Salles de bains,"Jardin, Garage, Piscine, Meublé, Salon européen, Antenne parabolique, Cheminée, Climatisation, Chauffage central, Sécurité, Double vitrage, Porte blindée, Cuisine équipée, Réfrigérateur, Four, TV, Machine à laver, Micro-ondes, Internet, Animaux domestiques autorisés","Découvrez cette belle villa meublée située dans le quartier recherché de Targa, offrant un cadre de vie confortable, spacieux et agréable, avec jardin privatif, piscine et garage. La villa se compose de : Sous sol: Une chambre pour le personnel Une salle de bain Un salon Une cuisine équipée Une douche Rez de chaussée: Un double salon lumineux et confortable Une chambre Une salle de bain Accès direct au jardin et à la piscine A l'étage: 3 suites...",https://www.mubawab-media.com/ad/8/411/261F/h/IMG-20260907-WA0067_83171464.avif,21,2026-09-30
8416810,Villa à targa location/sous location,https://www.mubawab.ma/fr/a/8416810/villa-%C3%A0-targa-location-sous-location,Location,Villa,Marrakech,Targa,35 000 DH,35000,500m²,500,7 Pièces,5 Chambres,6 Salles de bains,"Jardin, Piscine, Chambre rangement, Meublé, Salon Marocain, Salon européen, Antenne parabolique, Climatisation, Sécurité, Porte blindée, Cuisine équipée, Réfrigérateur, Four, TV, Machine à laver, Micro-ondes, Internet, Animaux domestiques autorisés","À LOUER – Magnifique villa de standing en longue durée – Disponible immédiatement Découvrez cette superbe villa entièrement rénovée, située dans une résidence calme, sécurisée et très recherchée. Alliant confort, élégance et prestations de qualité, elle est idéale pour une famille, une résidence principale ou un projet de location haut de gamme. Caractéristiques : 5 grandes chambres avec lits doubles Plusieurs salles de bains Grand salon spacieu...",https://www.mubawab-media.com/ad/8/416/810F/h/photo_00_83233867.avif,18,2026-09-30
8383736,Villa de prestige 4 chambres avec piscine privée – location...,https://www.mubawab.ma/fr/a/8383736/villa-de-prestige-4-chambres-avec-piscine-priv%C3%A9e-%E2%80%93-location-longue-dur%C3%A9e-%C3%A0-targa,Location,Villa,Marrakech,Targa,35 000 DH,35000,600m²,600,6 Pièces,4 Chambres,4 Salles de bains,"Jardin, Terrasse, Garage, Piscine, Chambre rangement, Meublé, Salon Marocain, Salon européen, Antenne parabolique, Cheminée, Climatisation, Sécurité, Double vitrage, Porte blindée, Cuisine équipée, Réfrigérateur, Four, TV, Machine à laver, Micro-ondes, Internet, Animaux domestiques autorisés","L'agence Marrakech Global Invest vous propose à la location longue durée cette somptueuse villa indépendante de 600 m², située dans le prestigieux quartier résidentiel de Targa à Marrakech. Implantée sur trois niveaux, cette propriété de haut standing allie élégance, confort et fonctionnalité, offrant un cadre de vie idéal pour une famille ou des expatriés à la recherche d'une résidence d'exception. La villa comprend 4 chambres, dont 3 magnifiqu...",https://www.mubawab-media.com/ad/8/383/736F/h/photo_0_82914094.avif,1,2026-09-30
8337403,Spacieuse villa avec piscine privée à Targa,https://www.mubawab.ma/fr/a/8337403/spacieuse-villa-avec-piscine-priv%C3%A9e-%C3%A0-targa,Location,Villa,Marrakech,Targa,35 000 DH,35000,500m²,500,9 Pièces,6 Chambres,7 Salles de bains,"Jardin, Ascenseur, Piscine, Meublé, Entre-seul, Salon Marocain, Salon européen, Climatisation, Sécurité, Cuisine équipée","Nous mettons à la location longue durée une magnifique villa spacieuse située dans le quartier résidentiel de Targa. La villa bénéficie d’un ascenseur, d’une vaste piscine privée ainsi que d’un jardin privatif. Elle se compose comme suit : Au rez-de-chaussée : • Un salon marocain • Un salon européen • Un coin salle à manger • Toilettes invités À l’étage : • 5 suites parentales avec dressing et salle de bain privative Au sous...",https://www.mubawab-media.com/ad/8/337/403F/h/WhatsApp%20Image%202026-04-22%20at%2014.33.44%20%282%29_82324801.avif,32,2026-09-30
8363263,Belle villa avec piscine privée à Targa,https://www.mubawab.ma/fr/a/8363263/belle-villa-avec-piscine-priv%C3%A9e-%C3%A0-targa,Location,Villa,Marrakech,Targa,35 000 DH,35000,500m²,500,7 Pièces,5 Chambres,4 Salles de bains,"Jardin, Piscine, Entre-seul, Salon Marocain, Salon européen",Nous mettons à la location longue durée une magnifique villa de 500 M2 située dans le quartier recherché de Targa. La villa dispose d’un beau jardin privatif ainsi que d’une grande piscine privée. La villa se compose de : Rez-de-chaussée : • Double salon donnant sur le jardin et la piscine • Spacieuse cuisine • Espace salle à manger • Toilette invités À l’étage : • Deux suites parentales avec dressing et salle de bain privative • Deux c...,https://www.mubawab-media.com/ad/8/363/263F/h/WhatsApp%20Image%202026-06-11%20at%2012.50.30%20%284%29_82617061.avif,32,2026-09-30
8397686,Villa meublée à louer à Targa avec piscine chauffée,https://www.mubawab.ma/fr/a/8397686/villa-meubl%C3%A9e-%C3%A0-louer-%C3%A0-targa-avec-piscine-chauff%C3%A9e,Location,Villa,Marrakech,Targa,35 000 DH,35000,500m²,500,10 Pièces,5 Chambres,4 Salles de bains,"Jardin, Terrasse, Garage, Piscine, Concierge, Chambre rangement, Meublé, Entre-seul, Salon Marocain, Salon européen, Antenne parabolique, Cheminée, Climatisation, Chauffage central, Sécurité, Double vitrage, Cuisine équipée, Réfrigérateur, Four, TV, Machine à laver, Micro-ondes","L’Immobilier Sans Frontières vous propose à la location cette spacieuse villa meublée située à Targa, Marrakech, à proximité de toutes les commodités. D’une superficie habitable de 500 m², cette villa offre de généreux espaces de vie, des prestations modernes et un extérieur agréable avec jardin privé, piscine chauffée et espace de détente. La propriété comprend au total 5 chambres, dont une suite parentale avec hammam beldi ainsi qu’une suite...",https://www.mubawab-media.com/ad/8/397/686F/h/0%20image%20a%20la%20une%20Photo%20_83027520.avif,18,2026-09-30
8365287,Location Jolie Villa Meublée à Targa,https://www.mubawab.ma/fr/a/8365287/location-jolie-villa-meubl%C3%A9e-%C3%A0-targa,Location,Villa,Marrakech,Targa,35 000 DH,35000,350m²,350,5 Pièces,4 Chambres,5 Salles de bains,"Jardin, Terrasse, Garage, Ascenseur, Vue sur les montagnes, Piscine, Concierge, Chambre rangement, Meublé, Salon européen, Antenne parabolique, Cheminée, Climatisation, Chauffage central, Sécurité, Double vitrage, Porte blindée, Cuisine équipée, Réfrigérateur, Four, TV, Machine à laver, Micro-ondes, Internet, Animaux domestiques autorisés","À louer, très belle villa toute neuve située au cœur de Targa, dans un emplacement très recherché, à proximité des écoles et de toutes les commodités. La villa, récemment meublée avec goût, offre de belles prestations et se compose de quatre suites, deux salons, une piscine, un jardin et la climatisation dans toute la maison. Loyer : 35 000 DH/mois Commission agence : 1 mois de loyer Une excellente opportunité à ne pas manquer, idéale p...",https://www.mubawab-media.com/ad/8/365/287F/h/1a2b170b-b193-4da7-9afa-362b0682d014_83119984.avif,14,2026-09-30
8390590,Jolie Villa Meublée avec Piscine à Targa,https://www.mubawab.ma/fr/a/8390590/jolie-villa-meubl%C3%A9e-avec-piscine-%C3%A0-targa,Location,Villa,Marrakech,Targa,35 000 DH,35000,400m²,400,6 Pièces,3 Chambres,4 Salles de bains,"Jardin, Terrasse, Garage, Vue sur les montagnes, Piscine, Chambre rangement, Meublé, Salon Marocain, Salon européen, Antenne parabolique, Climatisation, Sécurité, Double vitrage, Porte blindée, Cuisine équipée, Réfrigérateur, Four, TV, Machine à laver, Micro-ondes, Internet","À louer pour longue durée, jolir villa d'environ 400 m² située dans le quartier prisé de Targa, à proximité immédiate de l'Hôtel Zephyr à Marrakech. Le mobilier, entièrement neuf, a été changé il y a moins de 6 mois. Caractéristiques du Bien : Espaces de vie : 1 salon marocain, 1 salon européen, 1 salle à manger et 1 salon piscine. Chambres : 3 chambres dotées de balcons, incluant une grande suite parentale. Extérieur : Piscine privée et espaces...",https://www.mubawab-media.com/ad/8/390/590F/h/vue_Gen_Image_l8gg2zl8gg2zl8gg_82948160.avif,13,2026-09-30
8357360,Location Magnifique Villa Meublée à Targa,https://www.mubawab.ma/fr/a/8357360/location-magnifique-villa-meubl%C3%A9e-%C3%A0-targa,Location,Villa,Marrakech,Targa,35 000 DH,35000,340m²,340,5 Pièces,4 Chambres,5 Salles de bains,"Jardin, Terrasse, Garage, Piscine, Concierge, Chambre rangement, Meublé, Entre-seul, Salon Marocain, Salon européen, Antenne parabolique, Cheminée, Climatisation, Chauffage central, Sécurité, Double vitrage, Porte blindée, Cuisine équipée, Réfrigérateur, Four, TV, Machine à laver, Micro-ondes, Internet, Animaux domestiques autorisés","Quartier Targa, à proximité des écoles, dans un emplacement très recherché. Loyer : 40 000 MAD/mois Commission agence : 1 mois de loyer Des aménagements sont prévus pour limiter le vis-à-vis autour de la piscine et garantir davantage d’intimité. Cette superbe villa meublée offre des prestations haut de gamme et des finitions modernes : * 4 suites spacieuses * 5 salles de bain * 2 grands salons * Salle de jeux * Cuisine indépendan...",https://www.mubawab-media.com/ad/8/357/360F/h/aab48e73-6435-4f51-bcc8-3204c07cdd1d_82551050.avif,27,2026-09-30
8383153,Villa en location longue durée à Tagana,https://www.mubawab.ma/fr/a/8383153/villa-en-location-longue-dur%C3%A9e-%C3%A0-tagana,Location,Villa,Marrakech,Targa,35 000 DH,35000,200m²,200,7 Pièces,4 Chambres,4 Salles de bains,"Jardin, Piscine, Cuisine équipée","Villa de prestige à louer meublée Marrakech Découvrez cette magnifique villa meublée située dans le quartier recherché de Targa, offrant un cadre de vie élégant et confortable. La villa comprend 4 suites spacieuses, chacune avec sa salle de bain privative, un vaste salon lumineux, une cuisine entièrement équipée ainsi que de beaux espaces de vie ouverts sur le jardin. À l’extérieur, profitez d’un agréable jardin paysager et d’une piscine chauf...",https://www.mubawab-media.com/ad/8/383/153F/h/IMG_0424_82867320.avif,8,2026-09-30
8131468,Super villa location longue durée à Targa,https://www.mubawab.ma/fr/a/8131468/super-villa-location-longue-dur%C3%A9e-%C3%A0-targa,Location,Villa,Marrakech,Targa,35 000 DH,35000,300m²,300,2 Pièces,5 Chambres,4 Salles de bains,"Garage, Piscine, Salon européen, Climatisation, Chauffage central, Sécurité, Cuisine équipée, Réfrigérateur, Four, TV, Machine à laver, Micro-ondes, Internet","Les Tailleurs de l’Immobilier vous présentent en exclusivité cette splendide villa de prestige située à Taga, alliant confort, espace et élégance Détails du bien : • Surface totale : 470 m² Surface habitable : 300 m² • 5 chambres spacieuses • 4 salles de bain modernes • Deux piscines : une intérieure et une extérieure sur le rooftop • Villa entièrement meublée, avec des équipements et meubles de très haute qualité Un cadre de vie except...",https://www.mubawab-media.com/ad/8/131/468F/h/1745688996010_80165645.avif,20,2026-09-30
8285706,Villa de prestige à louer à Targa – Luxe,https://www.mubawab.ma/fr/a/8285706/villa-de-prestige-%C3%A0-louer-%C3%A0-targa-%E2%80%93-luxe,Location,Villa,Marrakech,Targa,35 000 DH,35000,540m²,540,10 Pièces,7 Chambres,6 Salles de bains,"Jardin, Garage, Ascenseur, Piscine, Chambre rangement, Meublé, Cuisine équipée","540 m² habitables avec piscine, spa, hammam et prestations haut de gamme – Location longue durée Située dans le quartier résidentiel recherché de Targa à Marrakech, cette villa offre un cadre de vie calme, sécurisé et privilégié, à proximité immédiate des commodités, des écoles internationales et des principaux axes de la ville. Développant environ 540 m² habitables, la propriété se distingue par ses volumes généreux, ses deux grands salons lumin...",https://www.mubawab-media.com/ad/8/285/706F/h/IMG_7224_81777341.avif,26,2026-09-30
8413834,Trés belle villa tt neuve avec piscine à Targa,https://www.mubawab.ma/fr/a/8413834/tr%C3%A9s-belle-villa-tt-neuve-avec-piscine-%C3%A0-targa,Location,Villa,Marrakech,Targa,36 000 DH,36000,680m²,680,8 Pièces,5 Chambres,3 Salles de bains,"Jardin, Terrasse, Garage, Vue sur les montagnes, Piscine, Concierge, Chambre rangement, Meublé, Entre-seul, Salon Marocain, Salon européen, Antenne parabolique, Cheminée, Climatisation, Sécurité, Double vitrage, Porte blindée, Cuisine équipée, Réfrigérateur, Four, TV, Machine à laver, Micro-ondes, Internet","Située au cœur d'une résidence sécurisée et prisée de Targa, cette villa allie une architecture épurée à des touches artisanales marocaines élégantes. Entièrement rénovée et meublée à neuf avec des équipements de haute qualité, elle offre 450 m² habitables sur 3 niveaux, édifiée sur un terrain arboré de 620 m². Emplacement stratégique À moins de 10 minutes de la British School À 5 minutes du quartier industriel À 20 minutes des établi...",https://www.mubawab-media.com/ad/8/413/834F/h/801938970_10243669516743731_3937848288263928024_n_83200933.avif,27,2026-09-30
8080045,Superbe villa à la location longue durée à Targa,https://www.mubawab.ma/fr/a/8080045/superbe-villa-%C3%A0-la-location-longue-dur%C3%A9e-%C3%A0-targa,Location,Villa,Marrakech,Targa,40 000 DH,40000,400m²,400,9 Pièces,3 Chambres,5 Salles de bains,"Jardin, Terrasse, Garage, Piscine, Meublé, Entre-seul, Salon Marocain, Salon européen, Antenne parabolique, Cheminée, Climatisation, Chauffage central, Sécurité, Double vitrage, Porte blindée, Cuisine équipée, Réfrigérateur, Four, TV, Machine à laver, Micro-ondes, Internet, Animaux domestiques autorisés",Le Comptoir Des Villas vous propose une prestigieuse villa à la location longue durée meublée à Targa. Superficie : 400m2 de terrain 450m2 habitables La villa est construite sur 3 niveaux : -Piscine -Existence d’un puits opérationnel -Filtre anti calcaire pour l’ensemble de la maison -Fibre Optique Wifi et TV dans toutes les chambres et salons Villa entièrement meublée et climatisée Garage couvert pour 2 voitures avec porte électriqu...,https://www.mubawab-media.com/ad/8/080/045F/h/photo_1_79654438.avif,21,2026-09-30
8159067,A louer superbe villa meublé à Targa,https://www.mubawab.ma/fr/a/8159067/a-louer-superbe-villa-meubl%C3%A9-%C3%A0-targa,Location,Villa,Marrakech,Targa,40 000 DH,40000,450m²,450,10 Pièces,4 Chambres,4 Salles de bains,"Jardin, Terrasse, Garage, Piscine, Chambre rangement, Meublé, Entre-seul, Salon européen, Antenne parabolique, Climatisation, Chauffage central, Double vitrage, Porte blindée, Cuisine équipée","Située dans un quartier calme et résidentiel de Targa, cette magnifique villa meublée d'une superficie de 450 m² offre un cadre de vie exceptionnel, alliant confort, espace et modernité. Nichée dans un environnement verdoyant, elle dispose d’un grand jardin bien entretenu, d’une piscine privée et d’un puits. Composition de la villa : Sous-sol : 1 chambre spacieuse 1 salle de bain 1 toilette indépendante Une cour anglaise lumineuse Un garage...",https://www.mubawab-media.com/ad/8/159/067F/h/PHOTO-2025-06-11-13-08-23_80449861.avif,22,2026-09-30
8413254,Villa de charme meublée à lour à Targa,https://www.mubawab.ma/fr/a/8413254/villa-de-charme-meubl%C3%A9e-%C3%A0-lour-%C3%A0-targa,Location,Villa,Marrakech,Targa,40 000 DH,40000,650m²,650,7 Pièces,5 Chambres,5 Salles de bains,"Jardin, Terrasse, Garage, Piscine, Chambre rangement, Meublé, Entre-seul, Salon Marocain, Salon européen, Antenne parabolique, Cheminée, Climatisation, Chauffage central, Sécurité, Double vitrage, Porte blindée, Cuisine équipée","Découvrez cette belle villa meublée, idéalement située dans le quartier recherché de Targa, offrant un cadre de vie calme, confortable et agréable. Implantée sur un terrain de 650 m², la villa est construite sur 3 niveaux et bénéficie d’un très beau jardin paysager avec piscine, idéal pour profiter pleinement des beaux jours. Composition : Au rez-de-chaussée : Un élégant salon marocain Un salon européen lumineux avec cheminée Une cuisine entière...",https://www.mubawab-media.com/ad/8/413/254F/h/WhatsApp_Image_2026-09-10_at_10.13.36__1__83193747.avif,24,2026-09-30
8420237,"Villa 5 chambres avec piscine – Quartier Targa, Marrakech",https://www.mubawab.ma/fr/a/8420237/villa-5-chambres-avec-piscine-%E2%80%93-quartier-targa-marrakech,Location,Villa,Marrakech,Targa,40 000 DH,40000,650m²,650,8 Pièces,3 Chambres,3 Salles de bains,"Jardin, Terrasse, Garage, Piscine, Chambre rangement, Meublé, Entre-seul, Salon Marocain, Salon européen, Cheminée, Climatisation, Double vitrage, Cuisine équipée, Réfrigérateur, Four, TV, Machine à laver","Century 21 Invest Marrakech vous propose à la location cette élégante villa R1 avec sous-sol, située dans le quartier recherché de Targa à Marrakech, dans un environnement calme et résidentiel, à proximité du centre-ville. Édifiée sur une surface adoptée de 650 m², la propriété offre de beaux volumes, une architecture marocaine contemporaine et des espaces extérieurs agréables avec piscine privative et jardin. Composition de la villa Rez-de-ch...",https://www.mubawab-media.com/ad/8/420/237F/h/photo_00_83285678.avif,25,2026-09-30
8420262,A louer villa 6 chambres targa,https://www.mubawab.ma/fr/a/8420262/a-louer-villa-6-chambres-targa,Location,Villa,Marrakech,Targa,40 000 DH,40000,650m²,650,6 Pièces,6 Chambres,3 Salles de bains,Meublé,"**Villa spacieuse à louer à Targa – 6 chambres** Découvrez cette magnifique villa située dans le secteur prisé de Targa à Marrakech. Idéale pour une installation en famille, cette propriété offre des volumes généreux et un cadre de vie confortable, parfaitement adapté à une location longue durée. Cette villa de 450 m² habitables, édifiée sur un terrain de 650 m², se distingue par son agencement fonctionnel et ses prestations de qualité. Le bien...",https://www.mubawab-media.com/ad/8/420/262F/h/thumb_164489_property_xlarge_83271758.avif,23,2026-09-30
8018669,Splendide villa 4 chambres piscine privée à Targa,https://www.mubawab.ma/fr/a/8018669/splendide-villa-4-chambres-piscine-priv%C3%A9e-%C3%A0-targa,Location,Villa,Marrakech,Targa,40 000 DH,40000,700m²,700,7 Pièces,4 Chambres,4 Salles de bains,"Jardin, Piscine, Meublé, Salon Marocain, Salon européen, Antenne parabolique, Cheminée, Climatisation, Chauffage central, Sécurité, Cuisine équipée, Réfrigérateur, Four, Machine à laver, Micro-ondes","Nous mettons à la location longue durée une splendide villa spacieuse de 700 M2, située sur le beau quartier de Targa. La villa dispose d’une vaste piscine privée ainsi que d’un jardin privé bien ensoleillé. La villa se compose de : Au rez-de-chaussée : Un grand salon marocain Un double salon européen Un séjour Une spacieuse cuisine Une toilette invités À l’étage : Quatre chambres, dont deux suites parentales avec salle de bain privée Une deu...",https://www.mubawab-media.com/ad/8/018/669F/h/WhatsApp%20Image%202026-04-23%20at%2009.23.39%20%281%29_82328834.avif,32,2026-09-30
8394043,"Villa meublée à louer à Targa avec piscine privée, hammam et...",https://www.mubawab.ma/fr/a/8394043/villa-meubl%C3%A9e-%C3%A0-louer-%C3%A0-targa-avec-piscine-priv%C3%A9e-hammam-et-sauna,Location,Villa,Marrakech,Targa,40 000 DH,40000,690m²,690,8 Pièces,6 Chambres,3 Salles de bains,"Jardin, Terrasse, Garage, Piscine, Chambre rangement, Meublé, Entre-seul, Salon Marocain, Salon européen, Antenne parabolique, Cheminée, Climatisation, Sécurité, Double vitrage, Porte blindée, Cuisine équipée, Réfrigérateur, Four, TV, Machine à laver, Micro-ondes, Internet, Animaux domestiques autorisés","L’Immobilier Sans Frontières vous propose à la location cette spacieuse villa meublée située à Targa, Marrakech, au sein d’une résidence offrant un environnement résidentiel calme, sécurisé et adapté à une vie familiale confortable. Édifiée sur un terrain de 690 m², cette villa bénéficie de volumes généreux, d’une distribution fonctionnelle sur plusieurs niveaux et de nombreuses prestations de confort. Son jardin privé aménagé, sa piscine et ses...",https://www.mubawab-media.com/ad/8/394/043F/h/0%20image%20a%20la%20une%20Photo%20_82988675.avif,32,2026-09-30
8366638,"Maison moderne avec piscine et jardin Targa, Marrakech",https://www.mubawab.ma/fr/a/8366638/maison-moderne-avec-piscine-et-jardin-targa-marrakech,Location,Maison,Marrakech,Targa,40 000 DH,40000,500m²,500,8 Pièces,6 Chambres,5 Salles de bains,"Jardin, Terrasse, Garage, Piscine, Concierge, Chambre rangement, Meublé, Salon Marocain, Salon européen, Antenne parabolique, Cheminée, Climatisation, Chauffage central, Sécurité, Double vitrage, Porte blindée, Cuisine équipée, Réfrigérateur, Four, TV, Machine à laver, Micro-ondes, Internet, Animaux domestiques autorisés","Superbe maison moderne refaite à neuf, idéalement située dans le quartier résidentiel et calme de Targa. Parfaite pour une famille recherchant confort, espace et tranquillité. Rez-de-chaussée • Salon moderne et lumineux • 1 chambre avec salle de bain attenante 1er étage • 3 suites parentales, chacune avec sa propre salle de bain Espace personnel / invités au S/s 1 chambre de personnel 1 chambre d’amis 1 salle de bain avec toilettes ...",https://www.mubawab-media.com/ad/8/366/638F/h/photo_0_82685443.avif,29,2026-09-30
8411169,Villa À Louer Longue Durée TARGA PORTE MARRAKECH,https://www.mubawab.ma/fr/a/8411169/villa-%C3%A0-louer-longue-dur%C3%A9e-targa-porte-marrakech,Location,Villa,Marrakech,Targa,45 000 DH,45000,600m²,600,12 Pièces,6 Chambres,4 Salles de bains,"Jardin, Terrasse, Garage, Vue sur les montagnes, Piscine, Chambre rangement, Meublé, Entre-seul, Salon Marocain, Salon européen, Antenne parabolique, Cheminée, Climatisation, Sécurité, Double vitrage, Porte blindée, Cuisine équipée, Réfrigérateur, Four, TV, Machine à laver, Micro-ondes, Internet, Animaux domestiques autorisés","VILLA D’EXCEPTION À LOUER – LONGUE DURÉE Targa – Porte de Marrakech À louer en location longue durée exclusivement pour une famille, superbe villa familiale située dans un secteur résidentiel recherché de Targa – Porte de Marrakech, offrant de très beaux volumes, une excellente luminosité et peu de vis-à-vis. Loyer : 45.000 DHS / mois Terrain : 416 m² Surface construite : environ 600 m² 6 chambres au total Piscine privée Hammam beldi Sous-sol ...",https://www.mubawab-media.com/ad/8/411/169F/h/WhatsApp_Image_2026-09-07_at_11.08.26__3__83170208.avif,32,2026-09-30
8386482,Magnifique villa meublée à louer à Targa– 1200 m²,https://www.mubawab.ma/fr/a/8386482/magnifique-villa-meubl%C3%A9e-%C3%A0-louer-%C3%A0-targa%E2%80%93-1200-m%C2%B2,Location,Villa,Marrakech,Targa,45 000 DH,45000,1200m²,1200,11 Pièces,8 Chambres,8 Salles de bains,"Jardin, Terrasse, Garage, Piscine, Chambre rangement, Meublé, Entre-seul, Salon Marocain, Antenne parabolique, Cheminée, Climatisation, Chauffage central, Sécurité, Double vitrage, Porte blindée, Cuisine équipée, Animaux domestiques autorisés","Située dans le quartier résidentiel très prisé de Targa, cette somptueuse villa meublée développe une superficie construite de 1 200 m², répartie sur trois niveaux, et offre un cadre de vie exceptionnel alliant confort, élégance et intimité. Elle bénéficie d'un magnifique jardin paysager, d'une grande piscine privée et de vastes espaces de réception, idéals pour une famille ou pour recevoir. La villa se compose comme suit : Sous-sol : Une gran...",https://www.mubawab-media.com/ad/8/386/482F/h/WhatsApp%20Image%202026-07-20%20at%2020.07.19%20%281%29_82903273.avif,22,2026-09-30
8409857,Location villa de luxe à Hay Targa. 5 chambres. Meublé,https://www.mubawab.ma/fr/a/8409857/location-villa-de-luxe-%C3%A0-hay-targa-5-chambres-meubl%C3%A9,Location,Villa,Marrakech,Targa,45 000 DH,45000,650m²,650,10 Pièces,5 Chambres,5 Salles de bains,"Jardin, Terrasse, Garage, Piscine, Concierge, Chambre rangement, Meublé, Entre-seul, Salon Marocain, Salon européen, Antenne parabolique, Cheminée, Climatisation, Chauffage central, Sécurité, Double vitrage, Porte blindée, Cuisine équipée, Réfrigérateur, Four, TV, Machine à laver, Micro-ondes, Internet, Animaux domestiques autorisés","Nichée dans le prestigieux quartier de Targa à Marrakech, cette somptueuse villa offre un cadre de vie luxueux et moderne sur une surface généreuse de 650 m². Elle incarne l'élégance et la fonctionnalité avec ses cinq chambres confortables et cinq salles de bains bien équipées. Chaque espace de la maison est baigné de lumière naturelle, notamment grâce aux larges baies vitrées qui s'ouvrent sur un magnifique jardin verdoyant et une piscine privée...",https://www.mubawab-media.com/ad/8/409/857F/h/photo_0_83156231.avif,23,2026-09-30
8411589,Somptueuse villa à louer à Hay Targa. 6 belles chambres. Meu...,https://www.mubawab.ma/fr/a/8411589/somptueuse-villa-%C3%A0-louer-%C3%A0-hay-targa-6-belles-chambres-meubl%C3%A9,Location,Villa,Marrakech,Targa,45 000 DH,45000,480m²,480,8 Pièces,6 Chambres,3 Salles de bains,"Jardin, Terrasse, Garage, Piscine, Chambre rangement, Meublé, Entre-seul, Salon Marocain, Salon européen, Cheminée, Climatisation, Chauffage central, Sécurité, Double vitrage, Cuisine équipée, Réfrigérateur, Four, TV, Machine à laver, Micro-ondes, Internet","À LOUER – MAGNIFIQUE VILLA ENTIÈREMENT RÉNOVÉE – BASSATINE TARGA, MARRAKECH Découvrez cette superbe villa située dans le prestigieux secteur de Bassatine Targa, au sein d’une résidence sécurisée et calme, idéale pour une famille à la recherche de confort, d’espace et de tranquillité. Villa entièrement rénovée, avec de belles prestations et des espaces pensés pour une vie familiale agréable. EMPLACEMENT PRIVILÉGIÉ – BASSATINE TARGA * Quartie...",https://www.mubawab-media.com/ad/8/411/589F/h/photo_00_83175290.avif,27,2026-09-30
8326373,Maison d’hôtes de charme en location gérance,https://www.mubawab.ma/fr/a/8326373/maison-d%E2%80%99h%C3%B4tes-de-charme-en-location-g%C3%A9rance,Location,Maison,Marrakech,Targa,60 000 DH,60000,2000m²,2000,8 Pièces,6 Chambres,8 Salles de bains,"Jardin, Terrasse, Garage, Piscine, Meublé, Entre-seul, Salon Marocain, Salon européen, Climatisation, Chauffage central, Sécurité, Cuisine équipée, Réfrigérateur, Four, TV, Machine à laver, Micro-ondes","Maison d’hôtes de charme en location gérance sur la Route d’Agadir, Située à seulement 16 km du quartier Targa, dans un environnement paisible et verdoyant, l’agence immobilière Marrakesh Opportunity vous propose en location gérance une élégante maison d’hôtes, édifiée sur un magnifique terrain de 2 000 m² soigneusement aménagé, offrant un cadre idéal pour une activité touristique de qualité. La propriété séduit par ses espaces extérieurs généreu...",https://www.mubawab-media.com/ad/8/326/373F/h/WhatsApp%20Image%202026-03-30%20at%2016.12.24%20%282%29_82209446.avif,25,2026-09-30
8364353,Charmante villa 800 M2 avec piscine privée à Taga,https://www.mubawab.ma/fr/a/8364353/charmante-villa-800-m2-avec-piscine-priv%C3%A9e-%C3%A0-taga,Location,Villa,Marrakech,Targa,65 000 DH,65000,800m²,800,7 Pièces,4 Chambres,6 Salles de bains,"Jardin, Terrasse, Piscine, Entre-seul, Salon Marocain, Salon européen, Climatisation","Nous mettons à la location longue durée une charmante villa moderne sans vis-à-vis de 800 M2, située dans le beau quartier de Targa. La villa dispose d’une piscine privée et se compose comme suit : Au rez-de-chaussée : • Un salon égyptien • Un salon marocain • Un salon européen, le tout donnant sur le jardin et la piscine • Toilette invités À l’étage : • 4 suites parentales avec salles de bain privatives, dont une suite master...",https://www.mubawab-media.com/ad/8/364/353F/h/WhatsApp%20Image%202026-06-13%20at%2009.18.55_82658223.avif,32,2026-09-30
8146653,Vend appartement à Hay Targa. Surface de 80 m². Meublé,https://www.mubawab.ma/fr/a/8146653/vend-appartement-%C3%A0-hay-targa-surface-de-80-m%C2%B2-meubl%C3%A9,Vente,Appartement,Marrakech,Targa,136 000 DH,136000,80m²,80,4 Pièces,2 Chambres,2 Salles de bains,"Terrasse, Garage, Ascenseur, Piscine, Concierge, Meublé, Sécurité","Appartement à vendre – Palmier de Targa, Marrakech Quartier Hay Targa ️ Prix : 136 000 (non meublé) ️ Prix meublé : 140 000 Superficie : 80 m² ⸻ Descriptif du bien : • 4 pièces • 2 chambres • 2 salles de bains • Salon lumineux • 2 balcons • 1er étage avec ascenseur • 2 façades • État : Bon état général • Entièrement meublé (optionnel) ⸻ Atouts de la résidence : • Résidence Palmier de Targa • Piscine • Service de conciergerie •...",https://www.mubawab-media.com/ad/8/146/653F/h/photo_00_80314312.avif,15,2026-09-30
8402997,"Appartement 96 m² 2 chambres RDC avec terrasse, Targa Marrak...",https://www.mubawab.ma/fr/a/8402997/appartement-96-m%C2%B2-2-chambres-rdc-avec-terrasse-targa-marrakech,Vente,Appartement,Marrakech,Targa,190 000 DH,190000,96m²,96,3 Pièces,2 Chambres,2 Salles de bains,"Terrasse, Garage, Piscine, Concierge, Meublé, Façade extérieure, Salon Marocain, Salon européen, Antenne parabolique, Cheminée, Climatisation, Chauffage central, Sécurité, Double vitrage, Porte blindée, Cuisine équipée, Réfrigérateur, Four, Machine à laver, Micro-ondes","Bel appartement de 96 m² situé au rez-de-chaussée dans le quartier recherché de Targa, un secteur résidentiel calme et bien desservi de Marrakech. L’appartement se compose d’un salon lumineux, d’une cuisine, et de 2 chambres, desservies par une salle de bain et une salle d’eau séparée. Une terrasse attenante à la chambre prolonge agréablement l’espace de vie. Atout appréciable : le bien est sans vis-à-vis, garantissant luminosité et intimité au...",https://www.mubawab-media.com/ad/8/402/997F/h/photo_0_83082963.avif,6,2026-09-30
8095704,Location villa de luxe à Hay Targa. 4 belles chambres. Meubl...,https://www.mubawab.ma/fr/a/8095704/location-villa-de-luxe-%C3%A0-hay-targa-4-belles-chambres-meubl%C3%A9,Location,Villa,Marrakech,Targa,190 000 DH,190000,250m²,250,7 Pièces,4 Chambres,3 Salles de bains,"Jardin, Terrasse, Garage, Concierge, Chambre rangement, Meublé, Entre-seul, Salon Marocain, Salon européen, Antenne parabolique, Climatisation, Chauffage central, Sécurité, Double vitrage, Porte blindée, Cuisine équipée, Réfrigérateur, Four, TV, Machine à laver, Micro-ondes, Internet, Animaux domestiques autorisés","Louez une villa de rêve. Prix 20 000 DH. 4 chambres à coucher, 3 salles de bains, 250 m². 7 pièces lumineuses. Moins de 5 ans. Type de sol: Marbre. Meublé. Venez découvrir cette villa de luxe à Hay Targa. Décoration traditionnelle avec beau salon marocain. Le bien est également équipé d'une porte blindée et la résidence est sécurisée. Confort et sécurité avec service de conciergerie et climatisation. À proximité: établissements scolaires et com...",https://www.mubawab-media.com/ad/8/095/704F/h/photo_0_83146273.avif,26,2026-09-30
8361456,Maison de standing avec piscine et suite parentale – Targa,https://www.mubawab.ma/fr/a/8361456/maison-de-standing-avec-piscine-et-suite-parentale-%E2%80%93-targa,Vente,Maison,Marrakech,Targa,350 000 DH,350000,200m²,200,6 Pièces,4 Chambres,4 Salles de bains,"Jardin, Garage, Piscine, Chambre rangement, Meublé, Salon Marocain, Salon européen, Antenne parabolique, Cheminée, Climatisation, Chauffage central, Sécurité, Double vitrage, Porte blindée, Cuisine équipée, Réfrigérateur, Four, Machine à laver, Micro-ondes","Superbe maison familiale de 200 m² au sol située dans le quartier prisé de Targa, l’un des secteurs résidentiels les plus recherchés de Marrakech, à deux pas de l’École La Fontaine. Idéale pour une famille recherchant espace, confort et standing. Description des espaces Pièces de vie • 1 salon marocain traditionnel • 1 salon européen • 1 salon marocain supplémentaire dans une chambre-séjour • Cuisine équipée • Toilettes d’invités Chambre...",https://www.mubawab-media.com/ad/8/361/456F/h/photo_0_82588240.avif,32,2026-09-30
8370194,"Terrain Villa à Vendre – Hay Targa, Marrakech",https://www.mubawab.ma/fr/a/8370194/terrain-villa-%C3%A0-vendre-%E2%80%93-hay-targa-marrakech,Vente,Villa,Marrakech,Targa,395 000 DH,395000,562m²,562,,,,,"**Terrain Villa à Vendre – Hay Targa, Marrakech** **Emplacement Premium sur la Route Principale de Targa** Opportunité rare d’investissement dans l’un des quartiers les plus recherchés de Marrakech ! Terrain pour villa d’une superficie de **562 m²** Situé sur la **route principale de Targa** À seulement **1,8 km de Carrefour Targa** Accès facile et pratique via une **voie de desserte (service road)** Emplacement stratégique id...",https://www.mubawab-media.com/ad/8/370/194F/h/1000295917_82722655.avif,1,2026-09-30
8423057,Appartement à vendre à Marrakech,https://www.mubawab.ma/fr/a/8423057/appartement-%C3%A0-vendre-%C3%A0-marrakech,Vente,Appartement,Marrakech,Targa,430 000 DH,430000,56m²,56,1 Pièce,2 Chambres,1 Salle de bain,,"Cet appartement situé à Marrakech, zhour targa. Il se trouve au troisième étage. Maison à vendre à Marrakech (quartier Zohour Targa). Prix négociable pour les acheteurs sérieux. Pour plus d'informations, veuillez contacter le numéro indiqué. Merci",https://www.mubawab-media.com/ad/8/423/057F/h/photo_0_83303039.avif,7,2026-09-30
8388062,Appartement à vendre résidence salma zhour targa,https://www.mubawab.ma/fr/a/8388062/appartement-%C3%A0-vendre-r%C3%A9sidence-salma-zhour-targa,Vente,Appartement,Marrakech,Targa,450 000 DH,450000,54m²,54,1 Pièce,2 Chambres,1 Salle de bain,"Garage, Façade extérieure, Sécurité",appartement a vendre au 3 étage résidence fermé et sécuriser avec parking 2 Chambre .Salon. cuisine. salle de bain,https://www.mubawab-media.com/ad/8/388/062F/h/701830963_1064005402815056_1063698320882288526_n_82921312.avif,1,2026-09-30
7815585,Très jolie Villa,https://www.mubawab.ma/fr/a/7815585/tr%C3%A8s-jolie-villa,Vente,Villa,Marrakech,Targa,460 000 DH,460000,393m²,393,,6 Chambres,4 Salles de bains,"Terrasse, Piscine, Entre-seul, Sécurité, Cuisine équipée","Cette villa représente un mélange parfait de confort moderne, de touches traditionnelles et installations haut de gamme, offrant un style de vie luxueux à Targa.Au niveau de la cave, vous serez accueilli par deux grands salons, une salle de bains, une grande cuisine équipée et un Hamma Beldi, ajoutant une touche traditionnelle marocaine à cette résidence moderne. Trois sorties extérieures permettent un accès pratique aux espaces extérieurs bien e...",https://www.mubawab-media.com/ad/7/815/585F/h/file_1700303364_7504818_60797873.avif,29,2026-09-30
8221109,Targa abwab marrakech 2,https://www.mubawab.ma/fr/a/8221109/targa-abwab-marrakech-2,Vente,Villa,Marrakech,Targa,460 000 DH,460000,400m²,400,1 Pièce,5 Chambres,4 Salles de bains,"Jardin, Terrasse, Vue sur mer, Vue sur les montagnes, Piscine","Prestations de luxe pour cette villa à vendre. Prix 460 00000 5 chambres à coucher, 4 salles de bains, 400 m². 1 Pièces. Nouveau. Vous bénéficierez d'une terrasse et d'un jardin. Venez découvrir sans hésiter cette villa à targa. Vue exceptionnelle sur la montagne. Piscine. Programmez dès maintenant votre visite pour cette villa d'exception à Marrakech. En prime, une magnifique vue sur la mer",https://www.mubawab-media.com/ad/8/221/109F/h/photo_0_81081345.avif,26,2026-09-30
8401892,"Appartement à vendre 51 m², 2 chambres Targa Marrakech",https://www.mubawab.ma/fr/a/8401892/appartement-%C3%A0-vendre-51-m%C2%B2-2-chambres-targa-marrakech,Vente,Appartement,Marrakech,Targa,500 000 DH,500000,51m²,51,,2 Chambres,1 Salle de bain,,"Idéal pour une vie de famille confortable, cet appartement de 51 m² niché au rez-de-chaussée dans le quartier recherché de Targa à Marrakech bénéficie d'une double orientation recherchée avec un séjour et un espace nuit. Pensé pour le quotidien, il propose un cadre de vie harmonieux où espace et fonctionnalité se conjuguent parfaitement. L'agencement optimisé de cet appartement permet de jouir d'un environnement agréable, tout en garantissant un...",https://www.mubawab-media.com/ad/8/401/892F/h/annonce-agenz-20260819T150645247Z-WhatsAppImage2026-08-19at16.02.27_83071084.avif,9,2026-09-30
8267714,Vend appartement à Basatin targa. 2 pièces. Meublé,https://www.mubawab.ma/fr/a/8267714/vend-appartement-%C3%A0-basatin-targa-2-pi%C3%A8ces-meubl%C3%A9,Vente,Appartement,Marrakech,Targa,520 000 DH,520000,58m²,58,3 Pièces,2 Chambres,1 Salle de bain,"Garage, Vue sur les montagnes, Concierge, Chambre rangement, Meublé, Façade extérieure, Salon Marocain, Antenne parabolique, Climatisation, Chauffage central, Sécurité, Porte blindée, Cuisine équipée, Four","Ne laissez pas passer cette opportunité ! Appartement à vendre au prix de 520 000 DH. Ce bien, situé à Route de Targa – Basatin Targa, offre une superficie de 58 m² au 1er étage d’une résidence récente (moins de 5 ans). Il se compose de : • 2 chambres • 1 salon • 1 salle de bains • Cuisine équipée avec four encastré • Revêtement en carrelage • Appartement entièrement meublé Vous apprécierez sa vue imprenable sur les montagnes...",https://www.mubawab-media.com/ad/8/267/714F/h/photo_00_81584584.avif,12,2026-09-30
8405469,Vente Appartement à targa,https://www.mubawab.ma/fr/a/8405469/vente-appartement-%C3%A0-targa,Vente,Appartement,Marrakech,Targa,540 000 DH,540000,51m²,51,3 Pièces,2 Chambres,1 Salle de bain,,"Appartement de 51 m² à vendre à Zohour Targa. Je vous propose à la vente cet appartement très bien agencé, situé dans le quartier recherché de Zohour Targa. Un bien idéal aussi bien pour une résidence principale que pour un investissement locatif. Il est composé d'un salon et de deux chambres. Point forts : - Quartier calme et accessible. - Finitions soignées (faux plafond moderne avec spots et LED). - Bonne luminosité et disposition optimale...",https://www.mubawab-media.com/ad/8/405/469F/h/c0263ac7efd6325339f7_83109336.avif,10,2026-09-30
8341641,Appartement à vendre – Résidence sécurisée à Targa,https://www.mubawab.ma/fr/a/8341641/appartement-%C3%A0-vendre-%E2%80%93-r%C3%A9sidence-s%C3%A9curis%C3%A9e-%C3%A0-targa,Vente,Appartement,Marrakech,Targa,550 000 DH,550000,52m²,52,3 Pièces,2 Chambres,1 Salle de bain,"Garage, Concierge, Salon Marocain, Climatisation, Sécurité","Appartement à vendre – Résidence fermée à Targa, Marrakech Découvrez cet appartement situé dans une résidence sécurisée et calme, idéale pour un cadre de vie agréable. Superficie : 52 m² Étage : 3ème étage sans ascenseur Chambres : 2 chambres Salle de bain : 1 salle de bain État : Bon état Prix : 550 000 DH Emplacement recherché à Targa, proche de toutes les commodités (écoles, commerces, transports). Idéal pour habitation principale ou investis...",https://www.mubawab-media.com/ad/8/341/641F/h/WhatsApp%20Image%202026-04-14%20at%2016.58.02%20%283%29_82371062.avif,12,2026-09-30
8423373,Vente Appartement à hay targa,https://www.mubawab.ma/fr/a/8423373/vente-appartement-%C3%A0-hay-targa,Vente,Appartement,Marrakech,Targa,560 000 DH,560000,54m²,54,3 Pièces,2 Chambres,1 Salle de bain,"Terrasse, Meublé","Vente d'un appartement de 54m² à Targa (Marrakech). Vous présente à la vente cet agréable appartement entièrement meublé et équipé, idéalement situé au premier étage dans le quartier prisé de Targa. L'agencement intérieur se compose d'un salon chaleureux, de deux chambres à coucher lumineuses s'ouvrant sur un agréable petit balcon, d'une cuisine fonctionnelle entièrement équipée ainsi que d'une salle de bain soignée. Proche de toutes les commo...",https://www.mubawab-media.com/ad/8/423/373F/h/35d6aae5751c7d9dbe61_83306077.avif,11,2026-09-30
8415914,Appartement à vendre – Hay Targa – Résidence sécurisée avec...,https://www.mubawab.ma/fr/a/8415914/appartement-%C3%A0-vendre-%E2%80%93-hay-targa-%E2%80%93-r%C3%A9sidence-s%C3%A9curis%C3%A9e-avec-piscine-%E2%80%93-marrakech,Vente,Appartement,Marrakech,Targa,560 000 DH,560000,50m²,50,3 Pièces,2 Chambres,2 Salles de bains,"Jardin, Garage, Ascenseur, Piscine, Concierge, Façade extérieure, Salon Marocain, Salon européen, Antenne parabolique, Climatisation, Sécurité, Porte blindée, Cuisine équipée","L’agence Pics Atlas vous propose un appartement à vendre situé à Hay Targa, dans une résidence sécurisée et agréable à Marrakech. D’une superficie de 50 m², cet appartement situé au 2ᵉ étage bénéficie d’un agencement fonctionnel et d’un cadre de vie agréable avec accès à une piscine et un jardin. Il constitue une belle opportunité pour une résidence principale, un pied-à-terre ou un investissement locatif. Caractéristiques principales •Localis...",https://www.mubawab-media.com/ad/8/415/914F/h/1_83223303.avif,13,2026-09-30
8329324,Appartement vide ou meublé a vendre,https://www.mubawab.ma/fr/a/8329324/appartement-vide-ou-meubl%C3%A9-a-vendre,Vente,Appartement,Marrakech,Targa,580 000 DH,580000,51m²,51,3 Pièces,2 Chambres,1 Salle de bain,"Meublé, Salon Marocain, Antenne parabolique, Climatisation, Cuisine équipée, Réfrigérateur, Four, Machine à laver","Parad’immo13-26 Prestige vous propose à la vente un appartement rénové situé à Basatin Targa, dans un environnement calme. D’une superficie de 51 m², cet appartement se trouve au 3ᵉ étage et offre un cadre de vie agréable, idéal pour habitation ou investissement. Il est disponible vide ou meublé, selon votre besoin. Le prix débute à partir de 550000 dh (vide) et 580000 dh (meublé), avec possibilité de négociation selon les modalités de paiemen...",https://www.mubawab-media.com/ad/8/329/324F/h/1000030508_82241138.avif,14,2026-09-30
8363724,"Vente villa avec piscine à targa, marrakech",https://www.mubawab.ma/fr/a/8363724/vente-villa-avec-piscine-%C3%A0-targa-marrakech,Vente,Villa,Marrakech,Targa,590 000 DH,590000,380m²,380,9 Pièces,5 Chambres,5 Salles de bains,"Jardin, Terrasse, Piscine","Vente villa sur un terrain 475 m² avec piscine, magnifiquement située à Targa dans une Résidence fermé, calme, et propre. Composée de : RDC : 2 salons, cuisine, salle à manger, chambre, SDB. Etage : salon, suite parentale et 3 chambres avec 3 SDB. Terrasse. Grand jardin avec grand piscine et puits. • Surface terrain : 475m² • Surface Habitable : 380m² • Prix de vente : 590 000 Euro",https://www.mubawab-media.com/ad/8/363/724F/h/WhatsApp%20Image%202026-06-11%20at%2016.32.52%20%281%29%20-%20Copie_82651232.avif,7,2026-09-30
8272655,Appartement à vendre à Targa – Marrakech,https://www.mubawab.ma/fr/a/8272655/appartement-%C3%A0-vendre-%C3%A0-targa-%E2%80%93-marrakech,Vente,Appartement,Marrakech,Targa,600 000 DH,600000,48m²,48,1 Pièce,1 Ch.,1 Salle de bain,"Chambre rangement, Salon européen, Antenne parabolique","33 7 61 18 13 98 Appartement à vendre à Targa – Marrakech Bel appartement offrant une chambre, un grand salon avec salle à manger, idéal pour un cadre de vie confortable",https://www.mubawab-media.com/ad/8/272/655F/h/600514409_122106198201153653_447325724821710769_n_81636739.avif,7,2026-09-30
8422328,Appartement à vendre – Hay Targa – Résidence sécurisée avec...,https://www.mubawab.ma/fr/a/8422328/appartement-%C3%A0-vendre-%E2%80%93-hay-targa-%E2%80%93-r%C3%A9sidence-s%C3%A9curis%C3%A9e-avec-piscine-%E2%80%93-marrakech,Vente,Appartement,Marrakech,Targa,620 000 DH,620000,52m²,52,3 Pièces,2 Chambres,1 Salle de bain,"Jardin, Terrasse, Garage, Ascenseur, Piscine, Concierge, Salon Marocain, Salon européen, Antenne parabolique, Climatisation, Sécurité, Porte blindée, Cuisine équipée","L’agence Pics Atlas vous propose un appartement à vendre situé à Hay Targa, au sein d’une résidence sécurisée avec piscine et ascenseur. D’une superficie de 52 m², cet appartement situé au 3ᵉ étage offre une distribution fonctionnelle et des équipements appréciables, notamment une cuisine équipée et deux climatiseurs. Il constitue une belle opportunité pour une résidence principale, un pied-à-terre ou un investissement locatif. Caractéristiques...",https://www.mubawab-media.com/ad/8/422/328F/h/1_83294908.avif,12,2026-09-30
8286292,Appartement 2 chambres résidence Bassatine Targa,https://www.mubawab.ma/fr/a/8286292/appartement-2-chambres-r%C3%A9sidence-bassatine-targa,Vente,Appartement,Marrakech,Targa,630 000 DH,630000,53m²,53,6 Pièces,2 Chambres,1 Salle de bain,"Terrasse, Garage, Ascenseur, Vue sur les montagnes, Concierge, Climatisation, Sécurité, Double vitrage, Porte blindée","PAVIMMO vous présente un appartement de 2 chambres, situé au 4ème étage avec ascenseur au sein de la résidence sécurisée Bassatine / Targa. Quartier résidentiel calme, proche de toutes les commodités et offrant un excellent rapport qualité/prix. Appartement entièrement rénové, bien agencé et jamais habité, se composant comme suit : hall d’entrée, salon lumineux, cuisine avec coin buanderie, deux chambres, dont une avec terrasse fermée, une sal...",https://www.mubawab-media.com/ad/8/286/292F/h/image00002_81783227.avif,10,2026-09-30
8416362,Appartements et Duplex à Vendre à Targa VEPN26294,https://www.mubawab.ma/fr/a/8416362/appartements-et-duplex-%C3%A0-vendre-%C3%A0-targa-vepn26294,Vente,Duplex,Marrakech,Targa,645 000 DH,645000,43m²,43,3 Pièces,2 Chambres,2 Salles de bains,"Jardin, Terrasse, Piscine, Sécurité","Votre agence immobilière à Marrakech PRESTIGE GALLERY IMMO a le plaisir de vous présenter les appartements et duplex neufs de ce projet immobilier unique au cœur de Targa, à Marrakech, à proximité immédiate de Targa Fit Club. Pensé autour du concept « Habiter. Travailler. S’épanouir », ce projet immobilier mixte de nouvelle génération réunit plusieurs univers au sein d’une même destination : studios, appartements de 2 et 3 chambres, duplex, appa...",https://www.mubawab-media.com/ad/8/416/362F/h/17271_111703_601293632396268_83228503.avif,14,2026-09-30
8377686,Bel Appartement À Vendre Meublé 2 Chambres À Targa,https://www.mubawab.ma/fr/a/8377686/bel-appartement-%C3%A0-vendre-meubl%C3%A9-2-chambres-%C3%A0-targa,Vente,Appartement,Marrakech,Targa,650 000 DH,650000,49m²,49,3 Pièces,2 Chambres,1 Salle de bain,"Meublé, Salon européen, Climatisation, Cuisine équipée, Réfrigérateur, Four, Machine à laver","Le 25 Immobilier vous propose à la vente un agréable appartement meublé de 49 m², idéalement situé dans le quartier de Targa, au sein d’une résidence économique, calme et bien entretenue. Cet appartement offre un cadre de vie confortable et fonctionnel. Il se compose de deux chambres, dont l’une est actuellement aménagée en second salon, laissant la possibilité de l’utiliser selon vos besoins : chambre, bureau ou espace de détente. Vous pro...",https://www.mubawab-media.com/ad/8/377/686F/h/Capture%20d%E2%80%99e%CC%81cran%202026-07-06%20a%CC%80%2016.36.17_82807125.avif,10,2026-09-30
8378470,Vends appartement Marrakech quartier azouzia,https://www.mubawab.ma/fr/a/8378470/vends-appartement-marrakech-quartier-azouzia,Vente,Appartement,Marrakech,Targa,650 000 DH,650000,75m²,75,3 Pièces,2 Chambres,1 Salle de bain,"Garage, Chambre rangement","Appartement à vendre – Bab Targa / Azouzia – Marrakech Prix : 650 000 DH À vendre, agréable appartement de 79 m² situé au 1er étage dans le quartier recherché de Bab Targa – Azouzia, à proximité de la mosquée et de la future gare routière. Ce bien se compose de : * 2 chambres avec placards * Un grand salon * Une cuisine * Une salle de bain * Un placard dans le couloir * 2 places de parking extérieures 1 place de parking en sous-...",https://www.mubawab-media.com/ad/8/378/470F/h/IMG_6288_82816749.avif,10,2026-09-30
8265638,Appartement meublé à vendre à Targa,https://www.mubawab.ma/fr/a/8265638/appartement-meubl%C3%A9-%C3%A0-vendre-%C3%A0-targa,Vente,Appartement,Marrakech,Targa,660 000 DH,660000,54m²,54,3 Pièces,2 Chambres,1 Salle de bain,"Concierge, Meublé, Salon Marocain, Climatisation, Sécurité, Cuisine équipée, Réfrigérateur, Four, Machine à laver","Notre agence immobilière vous propose un superbe appartement entièrement rénové d’une superficie de 54 m², situé au deuxième étage d’une résidence calme et bien entretenue à Targa. Ce bien, vendu meublé, vous séduira par son état irréprochable et son aménagement moderne. L’appartement se compose de deux chambres confortables, d’un salon lumineux, d’une cuisine entièrement équipée, ainsi que d’une élégante salle de bain à l’italienne. L'appart...",https://www.mubawab-media.com/ad/8/265/638F/h/20251203_132651_81559293.avif,20,2026-09-30
8342247,Terrain 2300 m² titré à Targa – Constructible villa,https://www.mubawab.ma/fr/a/8342247/terrain-2300-m%C2%B2-titr%C3%A9-%C3%A0-targa-%E2%80%93-constructible-villa,Vente,Villa,Marrakech,Targa,695 000 DH,695000,2300m²,2300,,,,,"À la vente un terrain titré de 2300 m² situé dans le quartier résidentiel prisé de Targa à Marrakech. Caractéristiques du lot : • Superficie : 2300 m² • Statut : Titré (titre foncier) • Constructible : Oui • Destination : Villa individuelle unique • Forme : Rectangulaire, régulière • Accès : Direct sur voie carrossable Ce lot est destiné à la construction d’une seule villa. Le découpage en plusieurs lots n’est pas autorisé et aucune copro...",https://www.mubawab-media.com/ad/8/342/247F/h/photo_0_82377644.avif,13,2026-09-30
8278710,Appartement à vendre à Hay Targa – 72 m² – 2 chambres,https://www.mubawab.ma/fr/a/8278710/appartement-%C3%A0-vendre-%C3%A0-hay-targa-%E2%80%93-72-m%C2%B2-%E2%80%93-2-chambres,Vente,Appartement,Marrakech,Targa,750 000 DH,750000,72m²,72,3 Pièces,2 Chambres,2 Salles de bains,"Terrasse, Garage, Ascenseur, Concierge, Salon Marocain, Antenne parabolique, Climatisation, Sécurité, Double vitrage, Cuisine équipée","L’agence Pics Atlas vous propose un appartement à vendre situé dans le quartier recherché de Hay Targa à Marrakech. Ce bien offre un cadre de vie agréable, idéal pour une résidence principale ou un investissement locatif, grâce à sa bonne distribution des espaces et sa situation pratique. Caractéristiques principales • Superficie : 72 m² • Étage : 2ᵉ étage • Quartier : Hay Targa Composition 2 chambres - 1 salon - 2 salles de bains Les atouts d...",https://www.mubawab-media.com/ad/8/278/710F/h/1_81702286.avif,15,2026-09-30
8292305,Appartement à vendre – Résidence moyen standing – Hay Targa...,https://www.mubawab.ma/fr/a/8292305/appartement-%C3%A0-vendre-%E2%80%93-r%C3%A9sidence-moyen-standing-%E2%80%93-hay-targa-marrakech,Vente,Appartement,Marrakech,Targa,780 000 DH,780000,85m²,85,4 Pièces,3 Chambres,2 Salles de bains,"Jardin, Terrasse, Garage, Concierge, Salon Marocain, Antenne parabolique, Climatisation, Sécurité, Double vitrage, Porte blindée, Cuisine équipée","L’agence Pics Atlas vous propose ce bel appartement à la vente situé au rez-de-chaussée d’une résidence moyen standing sécurisée à Hay Targa. Proche des commodités, il offre une configuration pratique adaptée aussi bien pour un usage familial que pour un investissement locatif. Caractéristiques principales • Localisation : Targa – Marrakech • Résidence : Moyen standing • Étage : Rez-de-chaussée • Superficie : 85 m² • Statut : Vente Composi...",https://www.mubawab-media.com/ad/8/292/305F/h/1_81846306.avif,11,2026-09-30
8217143,Bel appartement à vendre à Marrakech zhor targa,https://www.mubawab.ma/fr/a/8217143/bel-appartement-%C3%A0-vendre-%C3%A0-marrakech-zhor-targa,Vente,Appartement,Marrakech,Targa,800 000 DH,800000,86m²,86,4 Pièces,3 Chambres,2 Salles de bains,"Jardin, Garage, Concierge, Façade extérieure, Salon Marocain, Salon européen, Antenne parabolique, Climatisation, Chauffage central, Sécurité, Double vitrage, Porte blindée, Cuisine équipée, Réfrigérateur, Four, Machine à laver, Micro-ondes","Situé dans une résidence sécurisée, cet appartement offre confort et fonctionnalité dans un cadre agréable et calme. • Superficie bien agencée • 3 chambres lumineuses • 1 salon spacieux avec espace salle à manger • Cuisine équipée avec buanderie intégrée • 2 salles de bains modernes • Porte d’entrée blindée assurant sécurité et tranquillité La résidence bénéficie d’un environnement serein, idéal pour une famille ou un investissement",https://www.mubawab-media.com/ad/8/217/143F/h/photo_0_81039104.avif,10,2026-09-30
8415862,Local commercial en vente à targa Surface de 37 m²,https://www.mubawab.ma/fr/a/8415862/local-commercial-en-vente-%C3%A0-targa-surface-de-37-m%C2%B2,Vente,Commerce,Marrakech,Targa,820 000 DH,820000,37m²,37,,,1 Salle de bain,,"Ce local commercial à vendre est idéalement situé dans le quartier Route d'Agadir - Essaouira à Marrakech, précisément à Nour Sakane tranche 3 Targa. Établi dans une construction relativement récente, âgée de 1 à 5 ans, cet espace offre une superficie de 37 m². Bien conçu, il est disposé au rez-de-chaussée, ce qui facilite l'accessibilité et la visibilité pour les activités commerciales. Le sol est entièrement en carrelage, offrant une facilité d...",https://www.mubawab-media.com/ad/8/415/862F/h/photo_0_83238584.avif,3,2026-09-30
8222553,"Plateau de bureau à vendre — Ascenseur Targa, Marrakech",https://www.mubawab.ma/fr/a/8222553/plateau-de-bureau-%C3%A0-vendre-%E2%80%94-ascenseur-targa-marrakech,Vente,Bureau,Marrakech,Targa,850 000 DH,850000,54m²,54,,,1 Salle de bain,"Garage, Ascenseur, Concierge, Climatisation, Sécurité, Porte blindée, Cuisine équipée","L’IMMOBILIER SANS FRONTIÈRES vous propose ce plateau de bureau à vendre à Targa, Marrakech, d’une superficie de 54 m², situé au 2ᵉ étage d’une résidence moderne. Le texte indique une vue dégagée. Ce plateau de bureau se compose de : Espace bureau séparé - Kitchenette - Toilette Équipements & prestations : Sol en carrelage et parquet - Ascenseur Convient à une activité professionnelle si vous recherchez un bureau de 54 m² à Targa, au 2ᵉ étage, av...",https://www.mubawab-media.com/ad/8/222/553F/h/0%20image%20a%20la%20une_81097001.avif,9,2026-09-30
8386715,À Vendre – Villa de Prestige à Targa,https://www.mubawab.ma/fr/a/8386715/%C3%A0-vendre-%E2%80%93-villa-de-prestige-%C3%A0-targa,Vente,Villa,Marrakech,Targa,880 000 DH,880000,500m²,500,8 Pièces,6 Chambres,3 Salles de bains,"Jardin, Piscine, Entre-seul","À Vendre – Villa de Prestige à Targa Située dans le quartier prisé de Targa, cette élégante villa bénéficie d'un emplacement privilégié et d'un cadre de vie calme et résidentiel. Édifiée sur un terrain de 1 165 m², elle dispose de 4 façades, d'un vaste jardin paysager et d'une belle piscine, offrant un environnement idéal pour une résidence familiale. Développant environ 500 m² couverts répartis sur trois niveaux, la villa se distingue par ses v...",https://www.mubawab-media.com/ad/8/386/715F/h/7_82905791.avif,18,2026-09-30
8372354,Appartement à vendre – 84 m² Hay Targa – Marrakech,https://www.mubawab.ma/fr/a/8372354/appartement-%C3%A0-vendre-%E2%80%93-84-m%C2%B2-hay-targa-%E2%80%93-marrakech,Vente,Appartement,Marrakech,Targa,882 000 DH,882000,84m²,84,3 Pièces,2 Chambres,2 Salles de bains,"Garage, Ascenseur, Concierge, Façade extérieure, Salon Marocain, Antenne parabolique, Climatisation, Sécurité, Double vitrage, Porte blindée","L’agence Pics Atlas vous propose un appartement à vendre situé dans le quartier recherché de Hay Targa à Marrakech. Situé au 1er étage, cet appartement de 84 m² offre une distribution fonctionnelle et un cadre de vie agréable, idéal pour une résidence principale ou un investissement locatif. Caractéristiques principales • Localisation : Hay Targa – Marrakech • Superficie : 84 m² • Étage : 1er étage • Type : Appartement Composition 2 chamb...",https://www.mubawab-media.com/ad/8/372/354F/h/1_82746295.avif,13,2026-09-30
8315201,Appartement 3 chambres à vendre à Hay Targa,https://www.mubawab.ma/fr/a/8315201/appartement-3-chambres-%C3%A0-vendre-%C3%A0-hay-targa,Vente,Appartement,Marrakech,Targa,920 000 DH,920000,82m²,82,4 Pièces,3 Chambres,2 Salles de bains,"Jardin, Terrasse, Garage, Ascenseur, Concierge, Salon Marocain, Salon européen, Antenne parabolique, Climatisation, Sécurité, Double vitrage, Cuisine équipée","L’agence Pics Atlas vous propose un bel appartement à vendre situé dans le quartier recherché de Hay Targa à Marrakech. Ce bien se trouve dans un environnement calme et agréable, idéal pour une résidence familiale ou pour un investissement locatif. L’appartement bénéficie d’une bonne distribution des espaces ainsi que d’une luminosité naturelle. Caractéristiques principales • Localisation : Hay Targa – Marrakech • Superficie : 82 m² • Étage...",https://www.mubawab-media.com/ad/8/315/201F/h/1_82092081.avif,19,2026-09-30
8337554,Villa 10 mn de Marrakech Targa sans vis à vis,https://www.mubawab.ma/fr/a/8337554/villa-10-mn-de-marrakech-targa-sans-vis-%C3%A0-vis,Vente,Villa,Marrakech,Targa,950 000 DH,950000,420m²,420,11 Pièces,5 Chambres,5 Salles de bains,"Jardin, Terrasse, Garage, Piscine, Concierge, Chambre rangement, Meublé, Salon Marocain, Salon européen, Antenne parabolique, Climatisation, Sécurité, Cuisine équipée, Réfrigérateur, Four, Machine à laver, Micro-ondes","Entièrement et récemment rénovée, cette belle Villa contemporaine est dotée d’un beau jardin et offre de beaux espaces au sein d'un environnement calme à seulement 10 mn du centre-ville de Marrakech dans le quartier Targa Superficie habitable : 420 m² Superficie du terrain : 1850 m2 Elle se compose de : Triple salon dont un avec Tv 1 Bar intérieur 1 Salle à manger 1 Cuisine équipée 1 Toilette invités 1 Bureau pouvant faire office d’une chambre ...",https://www.mubawab-media.com/ad/8/337/554F/h/PHOTO-2026-03-19-12-22-08-1_82326694.avif,16,2026-09-30
8319228,Magnifque villa 10 mn centre Marrakech,https://www.mubawab.ma/fr/a/8319228/magnifque-villa-10-mn-centre-marrakech,Vente,Villa,Marrakech,Targa,950 000 DH,950000,420m²,420,10 Pièces,6 Chambres,,"Jardin, Garage, Piscine, Concierge, Meublé, Cheminée, Climatisation, Chauffage central","Entièrement et récemment rénovée, cette belle Villa contemporaine est dotée d’un beau jardin et offre de beaux espaces au sein d'un environnement calme à seulement 10 mn du centre-ville de Marrakech dans le quartier Targa Elle se compose de : Triple salon dont un avec Tv 1 Bar intérieur 1 Salle à manger 1 grande cuisine dinatoire équipée 1 Toilette invités 1 Suite 1 Chambre de service avec toilettes et salle d'eau 1er étage : 1 Suite parental...",https://www.mubawab-media.com/ad/8/319/228F/h/82035ffc7bbdd939ca46b48b1d7f2171_7e93ce9bc1_1280-big_82133673.avif,16,2026-09-30
8423573,Appartement 86m2 résidence Ksar Targa,https://www.mubawab.ma/fr/a/8423573/appartement-86m2-r%C3%A9sidence-ksar-targa,Vente,Appartement,Marrakech,Targa,1 100 000 DH,1100000,86m²,86,5 Pièces,2 Chambres,2 Salles de bains,"Terrasse, Salon Marocain, Cheminée, Climatisation, Cuisine équipée, Réfrigérateur, Four, Micro-ondes","Appartement composée de : 2 chambres à coucher 2 salle de bain avec douche 1 salon avec cheminée 1 cuisine équipée 1 terrasse avec barbecue Proche de toutes commodités, pas besoin d’être motorisé",https://www.mubawab-media.com/ad/8/423/573F/h/IMG_2249_83309850.avif,2,2026-09-30
8218956,Opportunité à saisir,https://www.mubawab.ma/fr/a/8218956/opportunit%C3%A9-%C3%A0-saisir,Vente,Appartement,Marrakech,Targa,1 100 000 DH,1100000,191m²,191,4 Pièces,3 Chambres,2 Salles de bains,"Jardin, Terrasse, Garage, Vue sur les montagnes, Concierge, Façade extérieure, Salon Marocain, Salon européen, Antenne parabolique, Climatisation, Cuisine équipée, Réfrigérateur, Four, Machine à laver, Micro-ondes","A vendre à Marakech quartier Targa et dans une résidence fermée un appartement de 191 mètres dont 145 mètres habitables et 46 mètres de balcons. Situé au 3eme étage sans ascenseur, avec 3 façades il est composé d'un grand salon, 3 chambres, une cuisine et 2 salles de bain",https://www.mubawab-media.com/ad/8/218/956F/h/WhatsApp%20Image%202025-09-14%20at%2012.43.44%20-%20Modifie%CC%81_81058680.avif,13,2026-09-30
7772941,Appartement à targa,https://www.mubawab.ma/fr/a/7772941/appartement-%C3%A0-targa,Vente,Appartement,Marrakech,Targa,1 150 000 DH,1150000,75m²,75,6 Pièces,2 Chambres,2 Salles de bains,"Ascenseur, Piscine, Concierge, Meublé, Façade extérieure, Salon européen, Antenne parabolique, Climatisation, Sécurité, Cuisine équipée, Réfrigérateur, Four, Machine à laver, Micro-ondes","Les palmiers de targa avec 2 piscines Appartement 1ère étage avec ascenseur, 75 m² ; Deux chambres, salon meublé, cuisine équipée,SDB, toilette 1.150.000 dhs",https://www.mubawab-media.com/ad/7/772/941F/h/IMG-20241015-WA0116_79118380.avif,23,2026-09-30
8422031,Villa contemporaine à vendre – Targa,https://www.mubawab.ma/fr/a/8422031/villa-contemporaine-%C3%A0-vendre-%E2%80%93-targa,Vente,Villa,Marrakech,Targa,1 200 000 DH,1200000,1000m²,1000,10 Pièces,6 Chambres,5 Salles de bains,"Jardin, Terrasse, Garage, Piscine, Concierge, Entre-seul, Cheminée, Climatisation, Cuisine équipée","Découvrez cette luxueuse villa contemporaine située dans un secteur résidentiel recherché de Targa, édifiée sur un terrain clos et paysagé de 1 160 m², avec une superficie construite d’environ 1 000 m². Conçue avec des matériaux haut de gamme et offrant de beaux volumes, cette propriété bénéficie d’une architecture contemporaine, de grandes baies vitrées et d’une luminosité exceptionnelle. Composition * Rez-de-chaussée : Une vaste entrée avec hal...",https://www.mubawab-media.com/ad/8/422/031F/h/WhatsApp_Image_2026-09-18_at_17.50.28__6__83291285.avif,19,2026-09-30
8399250,Appartement à vendre dans résidence avec piscine,https://www.mubawab.ma/fr/a/8399250/appartement-%C3%A0-vendre-dans-r%C3%A9sidence-avec-piscine,Vente,Appartement,Marrakech,Targa,1 200 000 DH,1200000,80m²,80,4 Pièces,2 Chambres,2 Salles de bains,"Terrasse, Ascenseur, Piscine, Meublé","Appartement a vendre meublé neuf jamais habité dans résidence avec piscine à Targa , 2 chambres salon et 2 salles de bain, rez-de-chaussée avec petite terasse",https://www.mubawab-media.com/ad/8/399/250F/h/1000061731_83044551.avif,8,2026-09-30
8303455,Terrain titré zone villa targa,https://www.mubawab.ma/fr/a/8303455/terrain-titr%C3%A9-zone-villa-targa,Vente,Villa,Marrakech,Targa,1 200 000 DH,1200000,240m²,240,,,,,240m2 superficie globale 140M2 SUPERFICIE HABITABLE ZONE VILLA TERRAIN TITRE LES VILLAS SONT DEJA CONSTRUIT DANS LA RESIDENCE Il a deux façade en avant et arrière seulement,https://www.mubawab-media.com/ad/8/303/455F/h/targa%203_81968222.avif,2,2026-09-30
8174346,"Projet Duplex neufs finis à vendre – Targa, Marrakech",https://www.mubawab.ma/fr/a/8174346/projet-duplex-neufs-finis-%C3%A0-vendre-%E2%80%93-targa-marrakech,Vente,Duplex,Marrakech,Targa,1 248 000 DH,1248000,104m²,104,4 Pièces,3 Chambres,2 Salles de bains,"Terrasse, Garage, Ascenseur, Concierge, Façade extérieure, Salon Marocain, Salon européen, Sécurité, Porte blindée, Cuisine équipée","L’Immobilier Sans Frontières vous propose à la vente des duplex neufs finis, situés à Targa, Marrakech, dans un immeuble moderne avec ascenseur et parking extérieur. Les duplex disponibles offrent des surfaces de 104 m², 113 m², 115 m² et 124 m², au prix de 12 000 DHS/m². Ces duplex se composent de : Rez-de-chaussée : Salon – Cuisine – Chambre – Salle de bain Étage : 2 chambres – Salle de bain commune Équipements & prestations : Ascenseur – P...",https://www.mubawab-media.com/ad/8/174/346F/h/0%20image%20a%20la%20une%20Photo%20_82506634.avif,23,2026-09-30
8072301,"Appartement à Vendre de 111.0 m² à Marrakech, Targa",https://www.mubawab.ma/fr/a/8072301/appartement-%C3%A0-vendre-de-111-0-m%C2%B2-%C3%A0-marrakech-targa,Vente,Appartement,Marrakech,Targa,1 385 000 DH,1385000,111m²,111,4 Pièces,2 Chambres,2 Salles de bains,"Garage, Ascenseur, Meublé","À vendre, superbe appartement de 99 m² situé au 5ème étage d'un immeuble de standing à Boulvard Moulay Abdellah, Marrakech. Ce bien lumineux comprend 2 chambres et 1 salle de bain. Profitez d'une agréable vue et d'un cadre de vie agréable. Prix : 1 385 000 Dhs. Ne manquez pas cette opportunité !",https://www.mubawab-media.com/ad/8/072/301F/h/image_892308221_79578081.avif,14,2026-09-30
8385173,Superbe appartement à vendre à Targa. 2 chambres agréables...,https://www.mubawab.ma/fr/a/8385173/superbe-appartement-%C3%A0-vendre-%C3%A0-targa-2-chambres-agr%C3%A9ables-meubl%C3%A9,Vente,Appartement,Marrakech,Targa,1 400 000 DH,1400000,76m²,76,5 Pièces,2 Chambres,1 Salle de bain,"Terrasse, Ascenseur, Piscine, Concierge, Meublé, Façade extérieure, Salon Marocain, Salon européen, Antenne parabolique, Climatisation, Sécurité, Double vitrage, Porte blindée, Cuisine équipée, Réfrigérateur, Four, Machine à laver, Micro-ondes","À Vendre – Magnifique appartement à Targa avec piscine Appartement de 76 m², vendu vide et non meublé, situé au 2ᵉ étage avec ascenseur, dans une résidence calme, sécurisée et gardiennée avec piscine. • 2 chambres • 1 salon • 1 grande salle de bain • Résidence bien entretenue • Parking libre à l’extérieur (pas de parking titré) Prix : 1 400 000 MAD net vendeur 3 % de frais d’agence Le prix est ferme, conformément à la volonté du propriétaire...",https://www.mubawab-media.com/ad/8/385/173F/h/photo_00_82889498.avif,2,2026-09-30
7435206,"Targa, villa 640m2, parc 1300m2, piscine, 4 ch",https://www.mubawab.ma/fr/a/7435206/targa-villa-640m2-parc-1300m2-piscine-4-ch,Vente,Villa,Marrakech,Targa,1 450 000 DH,1450000,640m²,640,9 Pièces,4 Chambres,3 Salles de bains,"Jardin, Terrasse, Vue sur les montagnes, Piscine, Chambre rangement, Salon Marocain, Salon européen, Antenne parabolique, Cheminée, Climatisation, Cuisine équipée, Réfrigérateur, Four, Machine à laver","Marrakech, jolie villa de 640m2 sur parc de1300 m2, piscine 15 m, 2 suites, 2 chambres, terrasse, sous-sol. Très agréable villa , située dans le quartier Targa, à 5 minutes du lycée français. Elle offre sur son parc arboré une piscine de 15m x5m, un kiosque. La villa se compose en rez de chaussée d'un grand salon avec 2 cheminées, un grand salon et un salon de thé, 2 grandes terrasses et une grande cuisine équipée. Grand sous-sol avec cours a...",https://www.mubawab-media.com/ad/7/435/206F/h/20220522_125714%20%282%29_24495739.avif,23,2026-09-30
8425220,Appartement à l'achat à Hay Targa. 2 chambres,https://www.mubawab.ma/fr/a/8425220/appartement-%C3%A0-l-achat-%C3%A0-hay-targa-2-chambres,Vente,Appartement,Marrakech,Targa,1 480 000 DH,1480000,81m²,81,3 Pièces,2 Chambres,2 Salles de bains,,"Découvrez ce superbe appartement à vendre situé dans le quartier prisé de Hay Targa, dans la région de Marrakech-Safi, à Marrakech. Idéalement placé au deuxième étage d'un immeuble bien entretenu, cette propriété moderne, âgée de seulement 1 à 5 ans, offre un espace de vie confortable de 81 m². L'appartement dispose de deux chambres spacieuses et de deux salles de bains élégamment conçues. Le séjour lumineux s'ouvre sur un balcon offrant une vue...",https://www.mubawab-media.com/ad/8/425/220F/h/photo_00_83326683.avif,17,2026-09-30
8335580,Opportunité exceptionnelle à saisir sur Marrakech,https://www.mubawab.ma/fr/a/8335580/opportunit%C3%A9-exceptionnelle-%C3%A0-saisir-sur-marrakech,Vente,Appartement,Marrakech,Targa,1 500 000 DH,1500000,81m²,81,2 Pièces,2 Chambres,2 Salles de bains,"Terrasse, Garage, Ascenseur","À VENDRE – Bel Appartement Moderne avec Terrasse à Targa – Marrakech M-Signature Luxury a le plaisir de vous présenter en exclusivité ce magnifique appartement de 81 m², idéalement situé au 2ème et dernier étage d’un petit immeuble intimiste (R2) au cœur du quartier recherché de Targa. Alliant confort, sécurité et finitions soignées, ce bien se compose de : Espace jour : Un salon lumineux avec un coin salle à manger convivial. Espace nuit : 2...",https://www.mubawab-media.com/ad/8/335/580F/h/IMG_8811_83199045.avif,11,2026-09-30
8323704,Superbe appartement meublé à vendre à Targa,https://www.mubawab.ma/fr/a/8323704/superbe-appartement-meubl%C3%A9-%C3%A0-vendre-%C3%A0-targa,Vente,Appartement,Marrakech,Targa,1 500 000 DH,1500000,87m²,87,3 Pièces,2 Chambres,2 Salles de bains,"Jardin, Terrasse, Ascenseur, Piscine, Concierge, Meublé, Salon européen, Antenne parabolique, Climatisation, Chauffage central, Sécurité, Porte blindée, Cuisine équipée, Réfrigérateur, Four, Machine à laver, Micro-ondes","Découvrez ce magnifique appartement entièrement meublé, situé dans une résidence fermée et sécurisée à Targa, offrant un cadre de vie agréable avec 2 piscines et de beaux espaces verts. D’une superficie de 87 m², ce bien se distingue par ses finitions de qualité et son mobilier neuf et élégant, prêt à accueillir ses futurs propriétaires sans aucuns travaux à prévoir. Composition de l’appartement : • Un salon lumineux et confortable • Une chambre...",https://www.mubawab-media.com/ad/8/323/704F/h/WhatsApp%20Image%202026-03-30%20at%2017.41.27_82177903.avif,32,2026-09-30
8361666,Vend appartement à Hay Targa. 2 belles chambres. Bien meublé,https://www.mubawab.ma/fr/a/8361666/vend-appartement-%C3%A0-hay-targa-2-belles-chambres-bien-meubl%C3%A9,Vente,Appartement,Marrakech,Targa,1 550 000 DH,1550000,81m²,81,3 Pièces,2 Chambres,2 Salles de bains,"Terrasse, Ascenseur, Piscine, Concierge, Meublé, Salon Marocain, Cuisine équipée","Cet appartement de 81 m², situé à Marrakech, dans le quartier prisé de Hay Targa, combine confort moderne et élégance. Niché au premier étage d'un immeuble bien entretenu, il bénéficie d'une orientation ouest, garantissant une belle luminosité tout au long de l'après-midi. Le sol en marbre exsude une touche de luxe discrète, s'étendant harmonieusement dans toutes les pièces. Ce bien offre deux chambres spacieuses, parfaitement complétées par deux...",https://www.mubawab-media.com/ad/8/361/666F/h/photo_00_82590507.avif,6,2026-09-30
8317361,Magnifique Terrain pour Villa Zhor Targa,https://www.mubawab.ma/fr/a/8317361/magnifique-terrain-pour-villa-zhor-targa,Vente,Villa,Marrakech,Targa,1 600 000 DH,1600000,322m²,322,,,,,"Prix : 1,6 million de dirhams Commission agence : 2,5 % Superficie : 322 m² Largeur : 10 m Profondeur : 32 m Terrain de deux façades, situé dans le quartier recherché de Zhor Targa, proche des écoles. Idéal pour construction de villa, avec plans autorisés",https://www.mubawab-media.com/ad/8/317/361F/h/83ae314c-9538-4c87-8cd6-f5df9c371006_82118641.avif,1,2026-09-30
8329872,Contacter,https://www.mubawab.ma/fr/a/8329872/contacter,Vente,Villa,Marrakech,Targa,1 600 000 DH,1600000,515m²,515,,,,,Terrain titré zone villa deux façades à targa,https://www.mubawab-media.com/ad/8/329/872F/h/1000476421_82247169.avif,1,2026-09-30
8233387,Marrakech – Appartement 3 chambres dans résidence familiale...,https://www.mubawab.ma/fr/a/8233387/marrakech-%E2%80%93-appartement-3-chambres-dans-r%C3%A9sidence-familiale-avec-piscines-%E2%80%93-quartier-targa,Vente,Appartement,Marrakech,Targa,1 650 000 DH,1650000,97m²,97,,3 Chambres,2 Salles de bains,"Jardin, Terrasse, Climatisation, Sécurité, Cuisine équipée","Situé dans le SECTEUR CALME ET PRISÉ DE TARGA, à seulement 5 MINUTES DE L’HYPERMARCHÉ CARREFOUR et à proximité immédiate des ÉCOLES ET CENTRES MÉDICAUX, cet appartement de 97 m² est une OPPORTUNITÉ IDÉALE pour une résidence principale confortable ou un investissement locatif stable. Niché au sein d’une RÉSIDENCE FAMILIALE ARBORÉE avec DEUX PISCINES, il offre un cadre de vie paisible, verdoyant et parfaitement entretenu. L’appartement est lumineu...",https://www.mubawab-media.com/ad/8/233/387F/h/IMG_2857_81214932.avif,19,2026-09-30
8367088,"Magasin à vendre à Targa, Marrakech — 55 m²",https://www.mubawab.ma/fr/a/8367088/magasin-%C3%A0-vendre-%C3%A0-targa-marrakech-%E2%80%94-55-m%C2%B2,Vente,Commerce,Marrakech,Targa,1 650 000 DH,1650000,55m²,55,,,1 Salle de bain,"Garage, Concierge, Chambre rangement","L’Immobilier Sans Frontières vous propose à la vente ce magasin situé à Targa, Marrakech, dans un secteur en plein développement, bénéficiant d’un emplacement stratégique et d’une bonne visibilité. D’une superficie totale de 55 m², ce bien offre un espace ouvert, adapté à différents projets commerciaux ou professionnels. Ce magasin se compose de : Espace ouvert Équipements & prestations : Espace commercial Convient parfaitement à un projet co...",https://www.mubawab-media.com/ad/8/367/088F/h/0%20image%20a%20la%20une%20_82690173.avif,6,2026-09-30
8363655,Appartement Targa Nour 6,https://www.mubawab.ma/fr/a/8363655/appartement-targa-nour-6,Vente,Appartement,Marrakech,Targa,1 650 000 DH,1650000,81m²,81,3 Pièces,2 Chambres,2 Salles de bains,"Garage, Ascenseur, Vue sur les montagnes, Piscine, Concierge, Meublé, Façade extérieure, Salon européen, Climatisation, Cuisine équipée, Réfrigérateur, Four, Machine à laver",Magnifique appartement à targa résidence fermée sécurisée avec piscine et espace vert parking sous sol proche de toute commodité écoles et commerce,https://www.mubawab-media.com/ad/8/363/655F/h/IMG_8606_82675353.avif,18,2026-09-30
8383873,Magnifique appartement à Targa à vendre rez de jardin,https://www.mubawab.ma/fr/a/8383873/magnifique-appartement-%C3%A0-targa-%C3%A0-vendre-rez-de-jardin,Vente,Appartement,Marrakech,Targa,1 700 000 DH,1700000,96m²,96,3 Pièces,2 Chambres,2 Salles de bains,"Terrasse, Garage, Ascenseur, Piscine, Concierge, Meublé, Salon européen, Climatisation, Sécurité, Cuisine équipée, Réfrigérateur, Four, Machine à laver, Micro-ondes","Appartement à vendre à Targa Prix : 1 700 000 Dhs Découvrez ce bel appartement situé au rez-de-chaussée dans le quartier recherché de Targa, offrant confort et tranquillité. Caractéristiques : * Superficie : 96 m² * 2 chambres * Salon * Cuisine * 1 salle de bain * 1 salle d’eau * Terrasse attenante à la chambre * Sans vis-à-vis * Parking commun Emplacement calme et agréable, idéal pour une résidence principale ou un investissement.",https://www.mubawab-media.com/ad/8/383/873F/h/photo_0_83295323.avif,14,2026-09-30
8417492,Appartement 97 m2 à vendre situé à Targa,https://www.mubawab.ma/fr/a/8417492/appartement-97-m2-%C3%A0-vendre-situ%C3%A9-%C3%A0-targa,Vente,Appartement,Marrakech,Targa,1 700 000 DH,1700000,97m²,97,3 Pièces,2 Chambres,2 Salles de bains,"Terrasse, Garage, Ascenseur, Piscine, Concierge, Façade extérieure, Sécurité, Cuisine équipée","Situé dans le quartier prisé de Hay Targa, au cœur de la région de Marrakech-Safi, cet appartement de 97 m² offre un cadre de vie alliant confort et fonctionnalité. À seulement quelques minutes en voiture des fameux Jardins de la Ménara et des nombreux commerces, cette propriété vous permet de profiter pleinement de l'effervescence de la ville tout en offrant un havre de tranquillité. L'appartement, situé au premier étage d'un immeuble bien entr...",https://www.mubawab-media.com/ad/8/417/492F/h/IMG_1399_83241312.avif,17,2026-09-30
8420003,"Duplex 3 chambres à vendre à Targa, Marrakech",https://www.mubawab.ma/fr/a/8420003/duplex-3-chambres-%C3%A0-vendre-%C3%A0-targa-marrakech,Vente,Duplex,Marrakech,Targa,1 700 000 DH,1700000,130m²,130,4 Pièces,3 Chambres,2 Salles de bains,"Jardin, Garage, Concierge, Salon européen, Climatisation, Double vitrage, Porte blindée, Cuisine équipée, Four","Turnkey Real Estate Services vous propose ce duplex de 130 m² à vendre sur la route de Targa à Marrakech, à proximité des Palmiers de Targa. Réparti sur deux niveaux, il comprend trois chambres et deux salles de bain. Il dispose d’un séjour et d’une cuisine aménagée. Prix : 1 700 000 DH, hors frais d’agence (2,5 % à la charge de l’acquéreur). Pour obtenir plus d’informations ou organiser une visite, contactez-nous en indiquant la référen...",https://www.mubawab-media.com/ad/8/420/003F/h/79c71eedf2fc3ad3_83268918.avif,16,2026-09-30
8415806,Maison R2 3 appartements garage,https://www.mubawab.ma/fr/a/8415806/maison-r2-3-appartements-garage,Vente,Appartement,Marrakech,Targa,1 700 000 DH,1700000,300m²,300,20 Pièces,9 Chambres,5 Salles de bains,"Terrasse, Garage","À vendre : Maison R2 à Marrakech – 3 Appartements Garage – Quartier Jnane Tisir Prix : 1 720 000 MAD Maison bien agencée d’une superficie de 112 m², idéalement située dans un secteur stratégique entre Targa, Azzouzia et la zone industrielle. La propriété se compose d’un rez-de-chaussée et de deux étages, comprenant : 3 appartements indépendants 1 garage Possibilité d’agrandissement jusqu’à 50 % supplémentaires de la terrasse Const...",https://www.mubawab-media.com/ad/8/415/806F/h/PHOTO-2026-06-02-16-45-49_83222244.avif,1,2026-09-30
8415093,Terrain en vente à Hay Targa. Surface totale 300 m²,https://www.mubawab.ma/fr/a/8415093/terrain-en-vente-%C3%A0-hay-targa-surface-totale-300-m%C2%B2,Vente,Villa,Marrakech,Targa,1 750 000 DH,1750000,300m²,300,,,,,"À VENDRE – LOT POUR CONSTRUCTION DE VILLA À TARGA, MARRAKECH Emplacement recherché – Targa, Marrakech Belle opportunité pour réaliser une villa sur mesure dans l’un des secteurs résidentiels prisés de Marrakech. Superficie du terrain : 300 m² ️ Autorisation de construction accordée : • Sous-sol • Rez-de-chaussée • 1er étage • Terrasse Les atouts : • Terrain idéal pour un projet de villa familiale ou résidence secondaire • Secteur résidentiel...",https://www.mubawab-media.com/ad/8/415/093F/h/photo_0_83214176.avif,1,2026-09-30
8193777,Terrain à vendre à Hay Targa. Surface totale 430 m²,https://www.mubawab.ma/fr/a/8193777/terrain-%C3%A0-vendre-%C3%A0-hay-targa-surface-totale-430-m%C2%B2,Vente,Terrain,Marrakech,Targa,1 750 000 DH,1750000,430m²,430,,,,,"Belle affaire pour ce terrain à vendre. Prix 1 750 000 DH. Superficie de 430 m². Ce terrain est proposé à la vente à Hay Targa, Marrakech",https://www.mubawab-media.com/ad/8/193/777F/h/photo_0_80802191.avif,3,2026-09-30
8424402,Lot de terrain 3 façades à vendre à Targa VE25286,https://www.mubawab.ma/fr/a/8424402/lot-de-terrain-3-fa%C3%A7ades-%C3%A0-vendre-%C3%A0-targa-ve25286,Vente,Terrain,Marrakech,Targa,1 800 000 DH,1800000,428m²,428,,,,,"PRESTIGE GALLERY IMMO, votre agence immobilière à Marrakech, a le plaisir de vous présenter cette opportunité rare à saisir à Targa, l’un des secteurs résidentiels les plus recherchés de Marrakech. À vendre, terrain de 428 m² à Targa, bénéficiant de trois façades, offrant une excellente luminosité, une belle accessibilité et de nombreuses possibilités d’aménagement. Ce terrain constitue une excellente opportunité pour la construction d’une...",https://www.mubawab-media.com/ad/8/424/402F/h/ChatGPT_Image_Sep_29__2026__04_57_15_PM_83324883.avif,2,2026-09-30
8343271,Opportunité d'une vente d1 villa à Marrakech,https://www.mubawab.ma/fr/a/8343271/opportunit%C3%A9-d-une-vente-d1-villa-%C3%A0-marrakech,Vente,Villa,Marrakech,Targa,1 800 000 DH,1800000,160m²,160,6 Pièces,5 Chambres,3 Salles de bains,"Jardin, Terrasse, Garage, Vue sur les montagnes, Piscine, Concierge, Chambre rangement, Entre-seul, Salon Marocain, Salon européen, Antenne parabolique, Cheminée, Climatisation, Sécurité, Double vitrage, Porte blindée, Cuisine équipée, Réfrigérateur, Four, Machine à laver, Micro-ondes","Villa à saisir pas loin du centre-ville. Prix 1 800 000 DH. Elle est construite sur 2 niveaux, un garage un petit jardin à l'entrée et l'autre derrière a l'étage 4 chambres avec salles de bain, Résidence sécurisée et porte blindée. Le bien dispose également d'une antenne parabolique et d'un beau salon marocain traditionnel. Venez découvrir sans hésiter cette villa à Hay Targa. Appréciez le confort de la climatisation. La résidence dispose égaleme...",https://www.mubawab-media.com/ad/8/343/271F/h/photo_0_82389127.avif,10,2026-09-30
8367962,Terrain 440 m² en résidence à Targa,https://www.mubawab.ma/fr/a/8367962/terrain-440-m%C2%B2-en-r%C3%A9sidence-%C3%A0-targa,Vente,Villa,Marrakech,Targa,1 800 000 DH,1800000,440m²,440,,,,,"À vendre, terrain de 440 m² situé à Targa Extension – Route d'Agadir, dans une résidence fermée et sécurisée, au sein d'un quartier résidentiel recherché de Marrakech. Classé en zone villa, ce terrain est idéal pour la construction d'une villa haut de gamme ou pour un investissement immobilier. Son emplacement privilégié offre un environnement calme tout en restant à proximité des écoles, commerces, axes principaux et de toutes les commodités. ...",https://www.mubawab-media.com/ad/8/367/962F/h/11%20%281%29_82699386.avif,1,2026-09-30
8395580,Terrain Villa Titré 376 m² à Targa Marrakech,https://www.mubawab.ma/fr/a/8395580/terrain-villa-titr%C3%A9-376-m%C2%B2-%C3%A0-targa-marrakech,Vente,Villa,Marrakech,Targa,1 930 000 DH,1930000,376m²,376,,,,,"Terrain Titré 376 m² à Vendre – Targa, Marrakech Belle opportunité d’acquérir un terrain titré de 376 m² situé dans le quartier recherché de Targa à Marrakech, à proximité de l’École El Guermaï. Ce terrain bénéficie d’un emplacement idéal dans un environnement calme et résidentiel, parfait pour construire une villa familiale ou une résidence de standing. Points forts : Terrain titré (Titre Foncier) Superficie : 376 m² Zone villas Q...",https://www.mubawab-media.com/ad/8/395/580F/h/WhatsApp%20Image%202026-08-06%20at%2013.54.37_83004826.avif,6,2026-09-30
8400484,À vendre magnifique duplex en rez de jardin targa,https://www.mubawab.ma/fr/a/8400484/%C3%A0-vendre-magnifique-duplex-en-rez-de-jardin-targa,Vente,Duplex,Marrakech,Targa,2 055 000 DH,2055000,135m²,135,5 Pièces,3 Chambres,2 Salles de bains,"Jardin, Terrasse, Ascenseur, Piscine, Meublé, Façade extérieure, Salon européen, Antenne parabolique, Climatisation, Sécurité, Cuisine équipée, Réfrigérateur, Machine à laver","Découvrez ce magnifique duplex de 135 m², situé dans une résidence recherchée à Targa, Marrakech. Entièrement rénové avec des prestations de qualité et vendu entièrement meublé, ce duplex offre un cadre de vie confortable et agréable. * 135 m² * 3 chambres, dont une belle suite parentale * Salon et salle à manger * 2 salles de bain * Rez-de-jardin * Grande terrasse et espaces extérieurs * Deux façades, offrant une belle luminosité * Vu...",https://www.mubawab-media.com/ad/8/400/484F/h/IMG_6240_83056077.avif,14,2026-09-30
8388451,Beau terrain à la vente à Hay Targa. Superficie 375 m²,https://www.mubawab.ma/fr/a/8388451/beau-terrain-%C3%A0-la-vente-%C3%A0-hay-targa-superficie-375-m%C2%B2,Vente,Terrain,Marrakech,Targa,2 063 000 DH,2063000,375m²,375,,,,,"Découvrez un terrain exceptionnel de 375 m² situé dans le quartier prisé de Hay Targa, à Marrakech, au sein de la région en plein essor de Marrakech-Safi. Ce terrain plat, jamais habité ni rénové, offre une toile vierge pour la construction de votre projet immobilier idéal. Situé dans le district de Ménara, le terrain bénéficie d'un emplacement stratégique, offrant un accès facile aux infrastructures routières bien aménagées, ce qui assure une ex...",https://www.mubawab-media.com/ad/8/388/451F/h/photo_00_82962841.avif,8,2026-09-30
8387234,Bureau commercial à l'achat à Hay Targa. Surface de 184 m²...,https://www.mubawab.ma/fr/a/8387234/bureau-commercial-%C3%A0-l-achat-%C3%A0-hay-targa-surface-de-184-m%C2%B2-environnement-calme-avec-vue-sur-la-montagne-porte-blind%C3%A9e,Vente,Bureau,Marrakech,Targa,2 095 000 DH,2095000,184m²,184,,,2 Salles de bains,"Vue sur les montagnes, Porte blindée","VENTE – Grand Bureau Commercial de 184 m² – Targa Marrakech Idéalement situé à Targa, sur un axe passant et dynamique à proximité immédiate de la British School et de la Clinique de Marrakech, ce vaste bureau commercial semi-fini de 184 m² représente une excellente opportunité d’investissement ou d’exploitation professionnelle. Composé de deux lots attenants offrant de nombreuses possibilités d’aménagement, il convient parfaitement à une activit...",https://www.mubawab-media.com/ad/8/387/234F/h/photo_0_82911430.avif,1,2026-09-30
8403054,"Appartement neuf vide de 137 m² à Targa, 3 chambres et terra...",https://www.mubawab.ma/fr/a/8403054/appartement-neuf-vide-de-137-m%C2%B2-%C3%A0-targa-3-chambres-et-terrasse,Vente,Appartement,Marrakech,Targa,2 100 000 DH,2100000,137m²,137,4 Pièces,3 Chambres,2 Salles de bains,"Jardin, Terrasse, Garage, Ascenseur, Piscine, Concierge, Meublé, Façade extérieure, Salon Marocain, Salon européen, Antenne parabolique, Climatisation, Sécurité, Double vitrage, Cuisine équipée","L’Immobilier Sans Frontières vous propose à la vente cet appartement neuf et vide de 137 m² situé au rez-de-chaussée d’une résidence à Targa, Marrakech. Le bien bénéficie d’une vue sur la piscine, de beaux espaces de vie et d’un agencement confortable. La résidence dispose d’un jardin collectif et d’une piscine collective, tandis que l’appartement bénéficie également d’un parking extérieur et d’un parking titré au sous-sol. Composition : Salon m...",https://www.mubawab-media.com/ad/8/403/054F/h/0%20image%20a%20la%20une%20Photo%20_83083740.avif,29,2026-09-30
8354356,Terrain villa jumulé de 3 facades à vendre,https://www.mubawab.ma/fr/a/8354356/terrain-villa-jumul%C3%A9-de-3-facades-%C3%A0-vendre,Vente,Villa,Marrakech,Targa,2 200 000 DH,2200000,413m²,413,,,,,"Veri Immo Marrakech vous propose à la vente un terrain de 413 m² idéalement situé à Targa quartier Abwab Marrakech, le terrain est de 3 facades offrant une excellente orientation ideal pour la construction d’une villa Prix de vente : 2200000 DH Intermédiaires merci de s'abstenir Pour plus d’information ou une visite, n'hésitez pas à nous contacter",https://www.mubawab-media.com/ad/8/354/356F/h/Creative%20Maquette%20PUBLICATION%20POST%20%281%29_82510413.avif,1,2026-09-30
8401707,Appartement meublé 110m² à Targa avec piscine,https://www.mubawab.ma/fr/a/8401707/appartement-meubl%C3%A9-110m%C2%B2-%C3%A0-targa-avec-piscine,Vente,Appartement,Marrakech,Targa,2 300 000 DH,2300000,110m²,110,4 Pièces,3 Chambres,2 Salles de bains,"Jardin, Terrasse, Garage, Ascenseur, Piscine, Concierge, Meublé, Salon Marocain, Climatisation, Sécurité","Le 25 Immobilier vous propose un magnifique appartement meublé de 110 m², idéalement situé à Targa, dans une résidence fermée et sécurisée avec piscine. Ce bien lumineux et bien agencé se compose de 3 chambres spacieuses, un salon, un séjour convivial, ainsi que 2 salles de bain modernes et parfaitement équipées. L’appartement dispose également de 3 terrasses offrant de belles échappées et un cadre de vie agréable en plein air. Pour votre c...",https://www.mubawab-media.com/ad/8/401/707F/h/N1.jpg_83069013.avif,13,2026-09-30
8393415,Appartement à vendre à Targa Marrakech,https://www.mubawab.ma/fr/a/8393415/appartement-%C3%A0-vendre-%C3%A0-targa-marrakech,Vente,Appartement,Marrakech,Targa,2 300 000 DH,2300000,115m²,115,3 Pièces,2 Chambres,2 Salles de bains,"Garage, Piscine, Concierge, Façade extérieure, Antenne parabolique, Sécurité, Cuisine équipée","Découvrez ce magnifique appartement de 115 m², situé au 2ᵉ et dernier étage d'une résidence sécurisée sur Targa Il se compose de : - 2 chambres confortables - 2 salles de bain - Une cuisine entièrement équipée - Un salon lumineux - 2 agréables petites terrasses La résidence dispose d'une piscine, offrant un cadre de vie calme et agréable",https://www.mubawab-media.com/ad/8/393/415F/h/WhatsApp%20Image%202026-07-20%20at%2010.10.33%20%282%29_82979586.avif,18,2026-09-30
8390294,"Terrain à vendre de 666 m² à Targa, Marrakech",https://www.mubawab.ma/fr/a/8390294/terrain-%C3%A0-vendre-de-666-m%C2%B2-%C3%A0-targa-marrakech,Vente,Villa,Marrakech,Targa,2 331 000 DH,2331000,666m²,666,,,,,"Promo Immo Marrakech vous propose à la vente un terrain de 666 m² situé à Targa, dans un environnement résidentiel recherché, idéal pour la construction d’une villa individuelle moderne. Ce terrain bénéficie d’un emplacement intéressant dans une zone à vocation résidentielle, entourée de villas existantes et offrant un cadre calme, structuré et adapté à un projet d’habitation familiale ou d’investissement immobilier. Sa surface de 666 m² pe...",https://www.mubawab-media.com/ad/8/390/294F/h/photo_82944661.avif,1,2026-09-30
8192857,"Terrain à vendre à Targa, Marrakech — Zone Villa — 666 m²",https://www.mubawab.ma/fr/a/8192857/terrain-%C3%A0-vendre-%C3%A0-targa-marrakech-%E2%80%94-zone-villa-%E2%80%94-666-m%C2%B2,Vente,Villa,Marrakech,Targa,2 331 000 DH,2331000,666m²,666,,,,,"L’Immobilier Sans Frontières vous propose à la vente ce terrain de 666 m² situé à Targa, Marrakech. Il est indiqué en zone villa, avec prix au m² et prix total communiqués. Caractéristiques du terrain : Surface : 666 m² Zonage, usage & atouts : Note : Villa - Prix au m² : 3 500 DHS/m² - Prix total : 2 331 000.00 DHS Convient à : un projet résidentiel en zone villa pour un acquéreur recherchant 666 m² à Targa avec prix au m² communiqué. Moins a...",https://www.mubawab-media.com/ad/8/192/857F/h/0%20image%20a%20la%20une_80791458.avif,1,2026-09-30
8342105,Lot de terrain titré à vendre – Targa Marrakech,https://www.mubawab.ma/fr/a/8342105/lot-de-terrain-titr%C3%A9-%C3%A0-vendre-%E2%80%93-targa-marrakech,Vente,Villa,Marrakech,Targa,2 340 000 DH,2340000,390m²,390,,,,,"À vendre, lot de terrain titré idéalement situé dans un lotissement calme et bien organisé à Targa. Caractéristiques : Superficie : 390 m² Terrain titré Emplacement stratégique dans un quartier résidentiel Idéal pour : Construction d’une villa spacieuse R1 Investissement à fort potentiel dans une zone très demandée Situation juridique : Terrain propre, titré et disponible immédiatement",https://www.mubawab-media.com/ad/8/342/105F/h/LOT%20TARGA_82376010.avif,1,2026-09-30
8224042,Terrain à vendre à Hay Targa – 670 m² au prix de 3 500 DHS/m...,https://www.mubawab.ma/fr/a/8224042/terrain-%C3%A0-vendre-%C3%A0-hay-targa-%E2%80%93-670-m%C2%B2-au-prix-de-3-500-dhs-m%C2%B2,Vente,Terrain,Marrakech,Targa,2 350 000 DH,2350000,670m²,670,,,,,"Belle affaire pour ce terrain à vendre. Prix 2 350 000 DH. Superficie de 670 m². Ce terrain est en vente à Hay Targa, Marrakech",https://www.mubawab-media.com/ad/8/224/042F/h/photo_00_81113971.avif,2,2026-09-30
8377154,Terrain pour villa. Les Portes de Marrakech,https://www.mubawab.ma/fr/a/8377154/terrain-pour-villa-les-portes-de-marrakech,Vente,Villa,Marrakech,Targa,2 360 000 DH,2360000,459m²,459,,,,,"Un terrain de 459m2 bien situé, avec deux façades. Ce bien se situe dans le secteur ""les portes de Marrakech"" à moins de 10 minutes à pied de Carrefour Targa",https://www.mubawab-media.com/ad/8/377/154F/h/IMG_2407_82801644.avif,3,2026-09-30
8334205,"Maison à vendre, Belle occasion à saisir",https://www.mubawab.ma/fr/a/8334205/maison-%C3%A0-vendre-belle-occasion-%C3%A0-saisir,Vente,Maison,Marrakech,Targa,2 500 000 DH,2500000,400m²,400,11 Pièces,8 Chambres,3 Salles de bains,"Jardin, Terrasse, Garage, Concierge, Chambre rangement, Entre-seul, Salon Marocain","Maison sans vis-à-vis dans un quartier très calme et très demande a Marrakech Quartier Massira 2 tout près de l’école Al Manare proche de toutes commodités et à 05 min de Carrefour Targa Surface au sol 361 m Surface construite 400 m constituée de : Semi cave 2 chambres,1 salon, 1 cuisine et 1 salle de bain Deux étages avec 3 chambres toutes avec balcon, un grand salon marocain, 1 cuisine, 1 salle de bain. Sur la terrasse 3 chambres, 1...",https://www.mubawab-media.com/ad/8/334/205F/h/IMG_5207_82292354.avif,12,2026-09-30
8419704,Villa semi fini 4 chambres résidence sécurisée,https://www.mubawab.ma/fr/a/8419704/villa-semi-fini-4-chambres-r%C3%A9sidence-s%C3%A9curis%C3%A9e,Vente,Villa,Marrakech,Targa,2 600 000 DH,2600000,227m²,227,5 Pièces,4 Chambres,3 Salles de bains,"Jardin, Terrasse, Garage, Piscine, Concierge, Entre-seul, Sécurité","Veri Immo Marrakech vous propose à la vente une villa semi fini 3 façades, 4 chambres située sur une résidence sécurisée au quartier prestigieux de Targa a 7 minutes de carrefour, la villa est d’une superficie de 227 m² avec autorisation de piscine privée, la villa se compose d’une petite cave, Rez de chaussée et 1 er étage Prix de vente : 2600000 DH Intermédiaires et agences immobilières merci de s'abstenir Pour plus d’information ou une vis...",https://www.mubawab-media.com/ad/8/419/704F/h/WhatsApp_Image_2026-03-29_at_23.35.07_83265543.avif,14,2026-09-21
8425457,Vente terrain d’angle à targa,https://www.mubawab.ma/fr/a/8425457/vente-terrain-d%E2%80%99angle-%C3%A0-targa,Vente,Villa,Marrakech,Targa,2 600 000 DH,2600000,509m²,509,,,,,"– 509 M² – RÉSIDENCE FERMÉE À TARGA, MARRAKECH À vendre, magnifique lot de terrain d’angle de 509 m², idéalement situé dans une résidence fermée, calme et sécurisée à Targa, Marrakech. * Superficie : 509 m² * Lot d’angle offrant une excellente exposition * Idéal pour la construction d’une villa de standing * Résidence sécurisée dans un environnement résidentiel de qualité Prix : 2 600 000 DH Commission agence : 2,5 %",https://www.mubawab-media.com/ad/8/425/457F/h/10144323141_83329283.avif,1,2026-09-30
8303315,Terrain titré de 400 m² à vendre Targa,https://www.mubawab.ma/fr/a/8303315/terrain-titr%C3%A9-de-400-m%C2%B2-%C3%A0-vendre-targa,Vente,Villa,Marrakech,Targa,2 600 000 DH,2600000,400m²,400,,,,,"Terrain titré de 400 m², destiné à la construction d'une villa R1, situé dans une résidence sécurisée à Targa, à proximité de Carrefour",https://www.mubawab-media.com/ad/8/303/315F/h/cvbgnhdfh_81966860.avif,1,2026-09-30
8130853,Villa Semi fini en Vente sur Targa,https://www.mubawab.ma/fr/a/8130853/villa-semi-fini-en-vente-sur-targa,Vente,Villa,Marrakech,Targa,2 600 000 DH,2600000,192m²,192,7 Pièces,4 Chambres,3 Salles de bains,"Jardin, Terrasse, Garage, Vue sur les montagnes, Piscine, Concierge, Entre-seul, Salon Marocain, Salon européen, Cheminée, Sécurité","Imarrakechimmo.com vous propose deux superbes villas semi-finies à vendre, situées dans une résidence fermée et sécurisée à Targa, Marrakech. Idéales pour une vie confortable et paisible. Détails de chaque villa : • Terrain : 232 m² • Surface habitable : 192 m² • Façades : 3 • Sur 3 niveaux : (Sous-sol RDC Étage) Sous-sol : • Cuisine Rez-de-chaussée : • Grand salon lumineux avec accès à une belle terrasse • Jardin arboré • Piscine pri...",https://www.mubawab-media.com/ad/8/130/853F/h/b0e6a2bc-dc3e-4880-be4c-c3488468c6a1_80155897.avif,16,2026-09-30
8107727,Charmante Villa à Vendre à Targa – Confort et Emplacement Id...,https://www.mubawab.ma/fr/a/8107727/charmante-villa-%C3%A0-vendre-%C3%A0-targa-%E2%80%93-confort-et-emplacement-id%C3%A9al,Vente,Villa,Marrakech,Targa,2 600 000 DH,2600000,240m²,240,5 Pièces,4 Chambres,2 Salles de bains,"Salon Marocain, Salon européen, Climatisation, Chauffage central, Cuisine équipée","À Vendre : Charmante Villa à Targa – Confort & Emplacement Idéal Découvrez cette magnifique villa située dans le prestigieux quartier de Targa, offrant un cadre de vie paisible et proche de toutes commodités. Surface habitable : 240 m² répartis sur trois niveaux Terrain : 150 m² Composition : Rez-de-chaussée : Salon européen, salon marocain, salle à manger, cuisine équipée Étage 1 & 2 : 3 chambres spacieuses, 2 salles de bain Rooftop : U...",https://www.mubawab-media.com/ad/8/107/727F/h/photo_00_79921413.avif,17,2026-09-30
8255641,Belle villa à vendre à Marrakech marr,https://www.mubawab.ma/fr/a/8255641/belle-villa-%C3%A0-vendre-%C3%A0-marrakech-marr,Vente,Villa,Marrakech,Targa,2 650 000 DH,2650000,364m²,364,6 Pièces,4 Chambres,4 Salles de bains,"Jardin, Terrasse, Garage, Concierge, Chambre rangement, Salon Marocain, Salon européen, Climatisation, Chauffage central, Sécurité, Porte blindée, Cuisine équipée, Réfrigérateur, Four, Machine à laver, Micro-ondes","Prestations de luxe pour cette villa dans une résidence sécurisée à vendre. Prix 2 650 000 DH. 4 chambres, 4 salles de bains, 364 m² sur 2 niveaux 6 pièces lumineuses. Moins de 5 ans. Revêtement meilleur qualité de Carrelage. Sécurité maximale avec système de surveillance et porte blindée. Superbe salon marocain et européen. Cette belle villa est en vente à Azzouzia à-côtés de targa. Appréciez le confort de la climatisation. La résidence dispose...",https://www.mubawab-media.com/ad/8/255/641F/h/photo_0_81447408.avif,32,2026-09-30
8415916,"Terrain pour construction de villa à vendre – Hay Targa, Mar...",https://www.mubawab.ma/fr/a/8415916/terrain-pour-construction-de-villa-%C3%A0-vendre-%E2%80%93-hay-targa-marrakech,Vente,Villa,Marrakech,Targa,2 676 000 DH,2676000,669m²,669,,,,,"L’agence Pics Atlas vous propose à la vente un terrain de 669 m², idéalement destiné à la construction d’une villa, situé à Hay Targa à Marrakech. Caractéristiques principales •Superficie : 669 m² •Destination : Construction de villa •Localisation : Hay Targa – Marrakech •Prix : 4 000 DH/m² • Prix total : 669 4 000 2 676 000 DH Les atouts de ce bien •Belle superficie de 669 m² •Idéal pour un projet de villa •Emplacement recherché à Ta...",https://www.mubawab-media.com/ad/8/415/916F/h/6f6299e3-8b5e-4fe2-8bb5-2760b0a792b5_83223323.avif,1,2026-09-30
8335941,Terrain titré 590 m² Targa,https://www.mubawab.ma/fr/a/8335941/terrain-titr%C3%A9-590-m%C2%B2-targa,Vente,Villa,Marrakech,Targa,2 750 000 DH,2750000,590m²,590,,,,,"À vendre : Terrain titré de 590 m² – Zone villas à Targa Situé dans le quartier prisé de Targa à Marrakech, ce terrain titré de 590 m² bénéficie d’un emplacement stratégique en zone villas. Terrain isolé avec 4 façades, offrant une excellente exposition Environnement calme et résidentiel Idéal pour construction d’une villa de standing Accès facile et proximité des commodités Une opportunité rare pour un projet résidentiel dans l’un des secteurs...",https://www.mubawab-media.com/ad/8/335/941F/h/cvbgnhdfh_82309088.avif,1,2026-09-30
8418379,Exclusivité: Terrain de 557 m² TARGA,https://www.mubawab.ma/fr/a/8418379/exclusivit%C3%A9-terrain-de-557-m%C2%B2-targa,Vente,Villa,Marrakech,Targa,2 785 000 DH,2785000,557m²,557,,,,,"Idéalement situé dans le secteur recherché et résidentiel de Targa à Marrakech, découvrez ce magnifique terrain constructible d’une superficie de 557 m² (Titré). Bénéficiant d'une configuration optimale, cette parcelle offre un cadre parfait pour la réalisation d’un projet résidentiel sur mesure de haut standing (Villa jumelée). Caractéristiques techniques & Constructibilité (estimatives sous réserve de NRU) : - Superficie : 557 m² - Zonage :...",https://www.mubawab-media.com/ad/8/418/379F/h/file_00000000359c8246adea9028ff3f3664_83251160.avif,2,2026-09-30
8365829,Magnifique villa avec 4 chambres à Targa,https://www.mubawab.ma/fr/a/8365829/magnifique-villa-avec-4-chambres-%C3%A0-targa,Vente,Villa,Marrakech,Targa,2 800 000 DH,2800000,240m²,240,6 Pièces,4 Chambres,4 Salles de bains,"Terrasse, Cheminée","Nous mettons à la vente une magnifique villa de 240 M2, située dans un endroit calme et recherché du beau quartier de Targa. La villa se compose comme suit : Au rez-de-chaussée : • Double salon avec cheminée • Une cuisine spacieuse • Une chambre avec salle de bain privative • Une belle et grande terrasse À l’étage : • Trois chambres, dont une suite parentale avec dressing et salle de bain privative • Une salle de bain commune pour les de...",https://www.mubawab-media.com/ad/8/365/829F/h/WhatsApp%20Image%202026-06-15%20at%2009.19.01%20%283%29_82676218.avif,18,2026-09-30
8400884,Terrain de villa de 738 m² à vendre – Zhor Targa,https://www.mubawab.ma/fr/a/8400884/terrain-de-villa-de-738-m%C2%B2-%C3%A0-vendre-%E2%80%93-zhor-targa,Vente,Villa,Marrakech,Targa,2 800 000 DH,2800000,738m²,738,,,,,"Opportunité à Zhor Targa, Marrakech, 3 800 dhs / m2 À vendre, magnifique lot de villa de 738 m², idéalement situé dans un quartier calme, sécurisé et en pleine expansion à Zhor Targa. Le terrain bénéficie de deux façades, offrant une excellente visibilité, une belle luminosité ainsi que de nombreuses possibilités d’aménagement. Sa configuration et son emplacement en font un investissement particulièrement intéressant, aussi bien pour un pro...",https://www.mubawab-media.com/ad/8/400/884F/h/WhatsApp%20Image%202026-08-19%20at%2014.49.45_83067571.avif,3,2026-09-30
8339427,Villa semi finie à vendre,https://www.mubawab.ma/fr/a/8339427/villa-semi-finie-%C3%A0-vendre,Vente,Villa,Marrakech,Targa,2 800 000 DH,2800000,330m²,330,7 Pièces,5 Chambres,4 Salles de bains,"Jardin, Terrasse, Garage, Vue sur les montagnes, Piscine, Chambre rangement, Salon Marocain, Salon européen, Antenne parabolique, Cheminée, Climatisation, Chauffage central, Sécurité, Double vitrage","Je propose à la vente cette villa semi finie, à personnaliser selon votre goût, située à Targa, Marrakech. - Surface habitable : 330 m² - Surface totale : 289 m² - Garage - Balcon - Terrasse - Climatisation - Chauffage - Jardin - Piscine - Sécurité - Parking - Mise à jour disponible NB : je suis le propriétaire (sans frais d'agence)",https://www.mubawab-media.com/ad/8/339/427F/h/22_83322853.avif,14,2026-09-30
8046564,Vente Fond de commerce à les portes de marrakech,https://www.mubawab.ma/fr/a/8046564/vente-fond-de-commerce-%C3%A0-les-portes-de-marrakech,Vente,Commerce,Marrakech,Targa,2 800 000 DH,2800000,68m²,68,,,2 Salles de bains,Cuisine équipée,"Je mets en vente un café de 68m² , situé près de Targa, à Marrakech . Il dispose de 2 terrasses, d’un jardin, d’une mezzanine, d’une chambre économat, d’une porte de service, d’une cuisine équipée et de 2 salles de bain . N’attendez plus ! Contactez-moi au plus vite pour visiter ce local commercial ou pour en savoir plus.",https://www.mubawab-media.com/ad/8/046/564F/h/2ccecbec8c7894eb8057_79322650.avif,2,2026-09-30
8371694,Targa: parc de jeu pour enfant 450 m2,https://www.mubawab.ma/fr/a/8371694/targa-parc-de-jeu-pour-enfant-450-m2,Vente,Autre,Marrakech,Targa,2 900 000 DH,2900000,450m²,450,,,2 Salles de bains,"Ascenseur, Climatisation, Chauffage central, Sécurité","PARC DE JEU : un emplacement stratégique au cœur d’un quartier familial Implanté sur l’une des avenues les plus fréquentées de Marrakech, le Parc bénéficie d’un positionnement particulièrement rare sur le marché immobilier commercial local. Avec près de 450 m² de surface exploitable, le parc occupe l’un des plus grands locaux commerciaux dédiés aux loisirs et à la famille dans ce secteur en forte croissance. À cela s’ajoute une terrasse fermée, c...",https://www.mubawab-media.com/ad/8/371/694F/h/photo_0_82740624.avif,1,2026-09-30
8417870,Opportunité exceptionnelle à saisir sur targa,https://www.mubawab.ma/fr/a/8417870/opportunit%C3%A9-exceptionnelle-%C3%A0-saisir-sur-targa,Vente,Villa,Marrakech,Targa,2 900 000 DH,2900000,289m²,289,5 Pièces,5 Chambres,3 Salles de bains,,"M-SIGNATURE Luxury Villa de Standing à la Vente vous présente cette superbe propriété de 330 m² habitables bâtie sur un terrain de 289 m², alliant confort moderne et charme traditionnel. Caractéristiques principales Terrain : 289 m² Habitable : 330 m² Espace Nuit : 1 suite parentale 3 chambres avec salles de bain séparées Atout exclusif : Un authentique Hammam Beldi traditionnel à l'étage Conditions financières Prix de vente...",https://www.mubawab-media.com/ad/8/417/870F/h/IMG_0315_83245463.avif,26,2026-09-30
8283123,Lot de villa 707 m² à vendre zohor targa Marrakech,https://www.mubawab.ma/fr/a/8283123/lot-de-villa-707-m%C2%B2-%C3%A0-vendre-zohor-targa-marrakech,Vente,Villa,Marrakech,Targa,2 900 000 DH,2900000,707m²,707,,,,,Lot de terrain pour villa de 707 m² en vente situé à Zohor Targa à 10 minutes du centre ville dans une nouvelle lotissement possède 2 façades avec autorisation de construction Pour plus d informations veuillez nous contacter,https://www.mubawab-media.com/ad/8/283/123F/h/IMG-20250618-WA0007%5B1%5D_81750445.avif,1,2026-09-30
8350420,"Villa à vendre 200 m², 9 chambres Targa Marrakech",https://www.mubawab.ma/fr/a/8350420/villa-%C3%A0-vendre-200-m%C2%B2-9-chambres-targa-marrakech,Vente,Villa,Marrakech,Targa,2 900 000 DH,2900000,200m²,200,,9 Chambres,3 Salles de bains,"Jardin, Terrasse, Garage, Entre-seul, Salon Marocain, Cuisine équipée","Idéale pour une vie de famille, cette villa de 350 m² édifiée sur 200 m² de terrain située dans le quartier prisé de Targa à Marrakech, bénéficie d'une orientation Est offrant une belle luminosité naturelle dès le matin et une atmosphère chaleureuse tout au long de la journée. Répartie sur plusieurs niveaux, elle propose des espaces de vie généreux et une organisation pensée pour garantir confort, intimité et convivialité au quotidien. Elle se...",https://www.mubawab-media.com/ad/8/350/420F/h/annonce-agenz-20260511T182540380Z-1778523902667_82644202.avif,22,2026-09-30
8399598,Villa à vendre à Targa – 3 chambres avec jardin et piscine,https://www.mubawab.ma/fr/a/8399598/villa-%C3%A0-vendre-%C3%A0-targa-%E2%80%93-3-chambres-avec-jardin-et-piscine,Vente,Villa,Marrakech,Targa,2 950 000 DH,2950000,188m²,188,6 Pièces,3 Chambres,1 Salle de bain,"Jardin, Terrasse, Garage, Piscine, Concierge, Chambre rangement, Entre-seul, Salon Marocain, Salon européen, Antenne parabolique, Cheminée, Climatisation, Chauffage central, Sécurité, Double vitrage, Four","L’Immobilier Sans Frontières vous propose … une villa à vendre située à Targa, Marrakech, dans une résidence sécurisée. D’une superficie de 188 m², elle comprend 6 pièces, 3 chambres et 2 salles de bains. La villa dispose notamment d’un jardin, d’une terrasse, d’une piscine, d’une cheminée et de la climatisation. Distribution : • 6 pièces • 3 chambres • 2 salles de bains • Salon marocain • Salon contemporain Équipements & prestations : • Jardin...",https://www.mubawab-media.com/ad/8/399/598F/h/0%20image%20a%20la%20une%20Photo%20_83047847.avif,30,2026-09-30
8260815,"Villa à vendre 260 m², 5 chambres Targa Marrakech",https://www.mubawab.ma/fr/a/8260815/villa-%C3%A0-vendre-260-m%C2%B2-5-chambres-targa-marrakech,Vente,Villa,Marrakech,Targa,2 950 000 DH,2950000,260m²,260,,5 Chambres,5 Salles de bains,Garage,"Villa de 260m2 de terrain et 240m2 de construit avec des travaux à prévoir. Située dans le quartier de Targa à Marrakech, cette villa offre de nombreux espaces intérieurs et extérieurs. Avec 5 chambres à coucher et 5 salles de bains, cette propriété offre un confort exceptionnel pour une grande famille. Cette villa de 3 niveaux se compose comme suit : Sous sol : - Un séjour - Une cuisine fonctionnelle - Une chambre à coucher - Une salle de b...",https://www.mubawab-media.com/ad/8/260/815F/h/annonce-agenz-2024-09-27T125749-426Z-20240927_123408_82622853.avif,17,2026-09-30
8251946,Terrain de 1000 m² à Targa Abwab Marrakech,https://www.mubawab.ma/fr/a/8251946/terrain-de-1000-m%C2%B2-%C3%A0-targa-abwab-marrakech,Vente,Villa,Marrakech,Targa,3 000 000 DH,3000000,1000m²,1000,,,,,"Nous mettons à la vente un terrain de 1000 m², idéalement situé à Targa Abwab Marrakech. Ce terrain bénéficie d’une excellente orientation, parfaite pour la construction d’une villa. Pour plus d’informations veuillez nous contacter",https://www.mubawab-media.com/ad/8/251/946F/h/WhatsApp%20Image%202025-11-13%20at%2012.22.49_81405109.avif,1,2026-09-30
8022118,Villa Riad à vendre sur Targa,https://www.mubawab.ma/fr/a/8022118/villa-riad-%C3%A0-vendre-sur-targa,Vente,Riad,Marrakech,Targa,3 000 000 DH,3000000,300m²,300,4 Pièces,3 Chambres,3 Salles de bains,"Jardin, Terrasse, Piscine, Concierge, Cheminée, Climatisation, Sécurité, Double vitrage, Porte blindée, Four, Micro-ondes",Nous vous proposons une belle riad à vendre sur targa dans une résidence bien sécurisée. La villa composée de : *Rez de chaussée - Double salon dont un salon avec cheminée - Salle à manger - Terrasse avec jardin - Cuisine - Salle d’eau - Placard de rangement *1 er étage : - Une suite parentale avec sa salle de bain - 2 chambres - Salle de bain - Placard de rangement - Balcon avec terrasse *Piscine collective *Jardin collectif Prix de v...,https://www.mubawab-media.com/ad/8/022/118F/h/photo_0_79494084.avif,21,2026-09-30
8271252,Villa de haut standing à vendre à Hay Targa. 3 chambres,https://www.mubawab.ma/fr/a/8271252/villa-de-haut-standing-%C3%A0-vendre-%C3%A0-hay-targa-3-chambres,Vente,Villa,Marrakech,Targa,3 000 000 DH,3000000,160m²,160,4 Pièces,3 Chambres,2 Salles de bains,"Jardin, Terrasse, Garage, Piscine, Salon Marocain, Cheminée, Sécurité, Cuisine équipée","Très belle villa jumelée – Résidence Les Orangers – Targa À vendre, charmante villa jumelée située au sein de la résidence sécurisée Les Orangers à Targa, à seulement 4 km du lycée Victor Hugo, soit environ 10 minutes en voiture. Idéale aussi bien pour une résidence principale familiale que pour un investissement locatif (location longue durée ou location saisonnière). Il s’agit d’un ensemble de villas jumelées, dans un environnement calme et r...",https://www.mubawab-media.com/ad/8/271/252F/h/photo_00_81621900.avif,26,2026-09-30
7937575,"Villa à Vendre de 240.0 m² à Marrakech, Targa",https://www.mubawab.ma/fr/a/7937575/villa-%C3%A0-vendre-de-240-0-m%C2%B2-%C3%A0-marrakech-targa,Vente,Villa,Marrakech,Targa,3 000 000 DH,3000000,240m²,240,6 Pièces,4 Chambres,6 Salles de bains,"Jardin, Terrasse, Garage, Chauffage central","À vendre, élégante villa située dans le quartier prisé de Targa à Marrakech. D'une superficie de 240 m², cette propriété dispose de 4 chambres, 3 salles de bain, et s'étend sur 2 niveaux avec 2 façades. Profitez d'un jardin de 40 m² et de terrasses totalisant 30 m². Un cadre idéal pour un confort de vie optimal. Prix : 3 000 000 Dhs",https://www.mubawab-media.com/ad/7/937/575F/h/image_351211265_78403456.avif,26,2026-09-30
8318034,"Terrain à vendre à Targa – Marrakech, 503 m², Emplacement id...",https://www.mubawab.ma/fr/a/8318034/terrain-%C3%A0-vendre-%C3%A0-targa-%E2%80%93-marrakech-503-m%C2%B2-emplacement-id%C3%A9al,Vente,Villa,Marrakech,Targa,3 018 000 DH,3018000,503m²,503,,,,,"Opportunité rare à saisir dans le quartier recherché de Targa, plus précisément à Basatine Targa. Superbe terrain de 503 m², idéalement situé, bénéficiant de deux façades, offrant un fort potentiel pour la construction d’une villa de standing ou villa de rêve. Points forts : Emplacement calme, sécurisé et prisé Quartier résidentiel haut de gamme Proximité des commodités (écoles, commerces, accès rapide au centre-ville) Double façade offrant lumi...",https://www.mubawab-media.com/ad/8/318/034F/h/photo_0_82121171.avif,1,2026-09-30
8219540,"Terrain à Vendre – 917 m² à Hay Targa, Marrakech",https://www.mubawab.ma/fr/a/8219540/terrain-%C3%A0-vendre-%E2%80%93-917-m%C2%B2-%C3%A0-hay-targa-marrakech,Vente,Villa,Marrakech,Targa,3 025 100 DH,3025100,917m²,917,,,,,"L’agence PICS Atlas vous propose un magnifique terrain à vendre, situé dans le quartier résidentiel et recherché de Hay Targa à Marrakech. Ce bien constitue une opportunité idéale pour la construction d’une villa de haut standing, dans un environnement calme et sécurisé. Caractéristiques principales : • Superficie : 917 m² • Destination : Construction villa • Quartier : Calme, résidentiel et bien desservi Les atouts de ce bien : • Terrain spaci...",https://www.mubawab-media.com/ad/8/219/540F/h/1_81064741.avif,6,2026-09-30
8312926,Villa Élégante et Spacieuse à Targa – Idéale Famille,https://www.mubawab.ma/fr/a/8312926/villa-%C3%A9l%C3%A9gante-et-spacieuse-%C3%A0-targa-%E2%80%93-id%C3%A9ale-famille,Vente,Villa,Marrakech,Targa,3 100 000 DH,3100000,200m²,200,6 Pièces,4 Chambres,3 Salles de bains,"Terrasse, Garage, Concierge, Meublé, Salon Marocain, Cheminée, Climatisation, Chauffage central, Sécurité, Double vitrage, Porte blindée, Cuisine équipée, Réfrigérateur, Four, Machine à laver, Micro-ondes","Villa Meublée à Vendre – Targa Située dans le quartier recherché de Targa, cette élégante villa meublée offre un cadre de vie confortable et fonctionnel, idéal pour une résidence principale ou un investissement locatif. Superficie terrain : 180 m² Surface habitable : 200 m² (hors terrasse) Composition : • 4 chambres dont 1 suite parentale • 3 salles de bains • 2 salons spacieux et lumineux • Chambre pour le personnel • Cuisine équipée ...",https://www.mubawab-media.com/ad/8/312/926F/h/photo_0_82068666.avif,12,2026-09-30
7870537,"Villa vide à vendre à Targa, 375 m², Marrakech",https://www.mubawab.ma/fr/a/7870537/villa-vide-%C3%A0-vendre-%C3%A0-targa-375-m%C2%B2-marrakech,Vente,Villa,Marrakech,Targa,3 100 000 DH,3100000,375m²,375,6 Pièces,4 Chambres,3 Salles de bains,"Jardin, Terrasse, Garage, Salon Marocain, Salon européen, Antenne parabolique, Cuisine équipée","L’Immobilier Sans Frontières vous propose cette villa vide à vendre à Targa, Marrakech. Le texte indique un style différent, de grands volumes ouverts et de grandes fenêtres apportant une luminosité naturelle. La villa dispose d’un grand jardin privé. Cette villa se compose de : Rez-de-chaussée: Salon marocain - double salon européen - cuisine équipée - buanderie - jardin Étage: Suite avec salle de bain, dressing et balcon - 3 chambres avec plac...",https://www.mubawab-media.com/ad/7/870/537F/h/0%20image%20a%20la%20une_68671611.avif,31,2026-09-30
8234772,Maison de haut standing à vendre à Hay Targa. Surface totale...,https://www.mubawab.ma/fr/a/8234772/maison-de-haut-standing-%C3%A0-vendre-%C3%A0-hay-targa-surface-totale-516-m%C2%B2-chemin%C3%A9e-et-concierge,Vente,Villa,Marrakech,Targa,3 200 000 DH,3200000,516m²,516,6 Pièces,4 Chambres,2 Salles de bains,"Jardin, Terrasse, Garage, Piscine, Concierge, Chambre rangement, Salon Marocain, Salon européen, Cheminée, Climatisation, Sécurité","Superbes prestations pour cette villa à vendre. Prix 3 200 000 DH. 4 chambres, 2 salles de bains, superficie 516 m². 6 pièces lumineuses. Moins de 20 ans. Type de sol: Marbre. Nombreux équipements : cheminée, climatisation et piscine. La résidence dispose également d'un service de conciergerie. Cette belle villa est en vente à Hay Targa. Vous bénéficierez d'une terrasse et d'un jardin. Décoration traditionnelle avec beau salon marocain. La rési...",https://www.mubawab-media.com/ad/8/234/772F/h/photo_00_81228840.avif,16,2026-09-30
8306693,Villa en vente à Targa,https://www.mubawab.ma/fr/a/8306693/villa-en-vente-%C3%A0-targa,Vente,Villa,Marrakech,Targa,3 200 000 DH,3200000,242m²,242,7 Pièces,5 Chambres,3 Salles de bains,"Jardin, Garage, Entre-seul, Cheminée, Climatisation, Cuisine équipée","Villa en vente à Targa, idéalement située dans un quartier résidentiel calme et recherché, à proximité immédiate de toutes les commodités (centre commercial, écoles, commerces et axes principaux), Marrakesh Opportunity vous propose en vente une charmante villa , alliant confort et fonctionnalité. d’une superficie globale de 242m² , cette propriété offre un cadre de vie agréable et lumineux comprenant un salon , un séjour convivial avec cheminée...",https://www.mubawab-media.com/ad/8/306/693F/h/_ABC0912_82000316.avif,18,2026-09-30
8359457,Maison Coup de coeur à vendre à Targa,https://www.mubawab.ma/fr/a/8359457/maison-coup-de-coeur-%C3%A0-vendre-%C3%A0-targa,Vente,Maison,Marrakech,Targa,3 300 000 DH,3300000,241m²,241,6 Pièces,4 Chambres,3 Salles de bains,"Terrasse, Garage, Piscine, Chambre rangement, Meublé, Salon européen, Climatisation, Sécurité, Porte blindée, Cuisine équipée, Réfrigérateur, Four, Machine à laver, Micro-ondes","BELLE MAISON EQUIPEE AVEC PISCINE PRIVÉE A VENDRE Située dans un quartier résidentiel calme, propre et sécurisé, cette charmante maison de ville traversante, baignée de lumiére naturelle à seulement 3 minutes de Carrefour et de toutes les commodités, et à 12 minutes du centre-ville. Elle se compose de : * 4 chambres spacieuses avec balcon * Salon et salle à manger lumineux et trés agréable * Cuisine ouverte équipée * WC invités * 2 salles...",https://www.mubawab-media.com/ad/8/359/457F/h/ChatGPT%20Image%2014%20juil.%202026%2C%2014_09_11_82858396.avif,12,2026-09-30
8392231,Villa intéressante. Habitation ou investissement,https://www.mubawab.ma/fr/a/8392231/villa-int%C3%A9ressante-habitation-ou-investissement,Vente,Villa,Marrakech,Targa,3 300 000 DH,3300000,300m²,300,11 Pièces,7 Chambres,4 Salles de bains,"Jardin, Terrasse, Entre-seul, Porte blindée, Cuisine équipée, Réfrigérateur, Four, Machine à laver, Micro-ondes","Nous avons le plaisir de vous présenter cette magnifique villa de standing à la vente, située dans l'un des quartiers les plus prisés et dynamiques de Marrakech : Targa. Que vous cherchiez votre future résidence principale au calme ou un investissement stratégique à forte valeur ajoutée, cette propriété répond à toutes vos exigences",https://www.mubawab-media.com/ad/8/392/231F/h/WhatsApp%20Image%202026-07-31%20at%2018.16.31%20%282%29_82966093.avif,21,2026-09-30
8353476,Superbe villa meublée moderne en vente à Targa,https://www.mubawab.ma/fr/a/8353476/superbe-villa-meubl%C3%A9e-moderne-en-vente-%C3%A0-targa,Vente,Villa,Marrakech,Targa,3 300 000 DH,3300000,241m²,241,6 Pièces,4 Chambres,3 Salles de bains,"Jardin, Terrasse, Garage, Piscine, Meublé, Entre-seul, Salon européen, Climatisation, Chauffage central, Sécurité, Cuisine équipée, Réfrigérateur, Four, Machine à laver","Superbe villa meublée moderne en vente à Targa, idéalement située dans un quartier résidentiel calme et sécurisé, à proximité immédiate de toutes les commodités. L’agence immobilière Marrakesh Opportunity vous propose à la vente cette élégante villa au style contemporain et épuré, offrant des espaces de vie lumineux et confortables. La villa se compose d’un double chaleureux salon, d’un agréable espace salle à manger, ainsi que d’une cuisin...",https://www.mubawab-media.com/ad/8/353/476F/h/WhatsApp%20Image%202026-05-14%20at%2011.53.40%20%282%29_82501021.avif,12,2026-09-30
8258211,Villa à Vendre à Zohour Targa 395 m² – 3.3M,https://www.mubawab.ma/fr/a/8258211/villa-%C3%A0-vendre-%C3%A0-zohour-targa-395-m%C2%B2-%E2%80%93-3-3m,Vente,Villa,Marrakech,Targa,3 300 000 DH,3300000,395m²,395,6 Pièces,4 Chambres,4 Salles de bains,"Jardin, Terrasse, Garage, Piscine, Chambre rangement, Entre-seul, Salon Marocain, Salon européen, Antenne parabolique","Magnifique villa moderne à vendre à Zohour Targa, située dans un quartier sécurisé, calme et familial. Édifiée sur un terrain de 395 m², elle offre un confort exceptionnel, une belle luminosité et des espaces parfaitement agencés. Superficie : • Rez-de-chaussée : 156 m² habitables • 3 grands salons lumineux • WC invités • Débarras • Étage : 150 m² • 3 suites spacieuses avec salles de bain et terrasses • Cuisine moderne • Petit salon / es...",https://www.mubawab-media.com/ad/8/258/211F/h/WhatsApp%20Image%202025-10-29%20at%2015.26.18%20%283%29_81469240.avif,17,2026-09-30
8250295,Villa 6 Chambres avec Jardin & Piscine – Hay Targa,https://www.mubawab.ma/fr/a/8250295/villa-6-chambres-avec-jardin-piscine-%E2%80%93-hay-targa,Vente,Villa,Marrakech,Targa,3 300 000 DH,3300000,280m²,280,7 Pièces,6 Chambres,4 Salles de bains,"Jardin, Terrasse, Garage, Piscine, Chambre rangement, Salon Marocain, Salon européen, Antenne parabolique, Climatisation, Sécurité, Double vitrage, Porte blindée, Cuisine équipée","L’Agence Pics Atlas vous propose une villa spacieuse située dans un quartier résidentiel calme, idéal pour une grande famille recherchant confort et tranquillité. Caractéristiques principales : • Superficie du terrain : 235 m² • Superficie habitable : 280 m² • Quartier : Hay Targa – Marrakech • Étage : R1 Composition du bien : 6 chambres - 1 salon spacieux - 4 salles de bain - Cuisine fonctionnelle Jardin - Piscine privée Les atouts du...",https://www.mubawab-media.com/ad/8/250/295F/h/1_81388814.avif,30,2026-09-30
8291490,"Belle villa à vendre 300m², a hay targa Marrakech",https://www.mubawab.ma/fr/a/8291490/belle-villa-%C3%A0-vendre-300m%C2%B2-a-hay-targa-marrakech,Vente,Villa,Marrakech,Targa,3 300 000 DH,3300000,300m²,300,8 Pièces,5 Chambres,3 Salles de bains,"Jardin, Terrasse, Garage, Chambre rangement, Salon Marocain, Salon européen, Antenne parabolique, Climatisation, Double vitrage, Porte blindée, Cuisine équipée","L’agence Pics Atlas vous propose une belle villa à vendre située dans le quartier résidentiel très apprécié de Hay Targa. Cette propriété offre de beaux volumes ainsi qu’un agencement idéal pour une vie familiale. Elle bénéficie d’une bonne luminosité et d’un environnement calme et sécurisé, tout en restant proche des commodités. Caractéristiques principales • Superficie terrain : 300 m² • Quartier : Hay Targa • Nombre de niveaux : 2 Composi...",https://www.mubawab-media.com/ad/8/291/490F/h/1_81837999.avif,31,2026-09-30
8340874,Villa a Palmiers Targa Lotissement Marrakesh,https://www.mubawab.ma/fr/a/8340874/villa-a-palmiers-targa-lotissement-marrakesh,Vente,Villa,Marrakech,Targa,3 350 000 DH,3350000,316m²,316,2 Pièces,6 Chambres,4 Salles de bains,"Jardin, Terrasse, Garage, Piscine, Entre-seul, Salon Marocain, Salon européen, Climatisation, Porte blindée",3350000dh le prix superficie 235m2 habitable 316m2 rez-de-chaussée chaussez une cuisine chambre deux salon 1 européenne autre marocain toilette avec douche première étage deux chambres parentales avec toilette et douche plus dressing 3chambres pour enfant et toilette et douche pour enfant stalation du climatisation dans tous les chambres. Please email me at loubnakolen@gmail.com if you are interested in scheduling a visit. Thanks,https://www.mubawab-media.com/ad/8/340/874F/h/1_82362181.avif,11,2026-09-30
8392681,Maison rénovée à targa à vendre,https://www.mubawab.ma/fr/a/8392681/maison-r%C3%A9nov%C3%A9e-%C3%A0-targa-%C3%A0-vendre,Vente,Maison,Marrakech,Targa,3 400 000 DH,3400000,350m²,350,7 Pièces,4 Chambres,3 Salles de bains,"Jardin, Terrasse, Garage, Chambre rangement, Entre-seul, Salon Marocain, Cuisine équipée","Maison titré rénovée et jamais habitee d une superficie de 219m au sol sirue a targa a proximité tres proche de carrefour et toutes les commodites, dans un lotissement trés calme. La maison se compose de : Sous sol: Grande cuisine équipée Salon 2 pièces Une salle de bain Grande cour RDC: Grand salon marocain 1 chambre invité avec sdb Wc invités ETAGE: 4 chambres 2 sdb Solarium. La maison a été complètement rénové, elle n est jamais habité. P...",https://www.mubawab-media.com/ad/8/392/681F/h/photo_0_82971764.avif,10,2026-09-21
8402667,Villa à vendre à zhour Targa. Surface de 304 m². Espace vert,https://www.mubawab.ma/fr/a/8402667/villa-%C3%A0-vendre-%C3%A0-zhour-targa-surface-de-304-m%C2%B2-espace-vert,Vente,Villa,Marrakech,Targa,3 400 000 DH,3400000,304m²,304,9 Pièces,5 Chambres,3 Salles de bains,"Jardin, Terrasse, Garage, Entre-seul, Salon Marocain, Salon européen, Climatisation, Cuisine équipée","Cette magnifique villa située dans le quartier prisé de zhour Targa à Marrakech offre un cadre de vie exceptionnel sur une superficie totale de 304 m². La propriété se distingue par son architecture bien entretenue datant de 5 à 10 ans et est orientée à l'est, garantissant une luminosité optimale. Avec une surface habitable de 420 m², elle comprend cinq chambres spacieuses et trois salles de bains, idéales pour accueillir une grande famille ou de...",https://www.mubawab-media.com/ad/8/402/667F/h/photo_0_83079480.avif,22,2026-09-30
8345235,Villa résidence fermée à Targa,https://www.mubawab.ma/fr/a/8345235/villa-r%C3%A9sidence-ferm%C3%A9e-%C3%A0-targa,Vente,Villa,Marrakech,Targa,3 400 000 DH,3400000,180m²,180,3 Pièces,3 Chambres,3 Salles de bains,Cheminée,Villa de prestige à vendre au style épurée marocain en très bon état. Situé au sein d’une résidence fermée à Targa. Sans vis à vis. Doté de 3 chambres et 3 espace salon avec cheminée. Entourée d’espace vert. Proche de toute commodité( centre carrefour- école privée- pharmacie …..) Prix 3 400 000 DH,https://www.mubawab-media.com/ad/8/345/235F/h/photo_00_82410441.avif,9,2026-09-30
8361393,Villa à vendre – Résidence sécurisée – Hay Targa – Marrakech,https://www.mubawab.ma/fr/a/8361393/villa-%C3%A0-vendre-%E2%80%93-r%C3%A9sidence-s%C3%A9curis%C3%A9e-%E2%80%93-hay-targa-%E2%80%93-marrakech,Vente,Villa,Marrakech,Targa,3 400 000 DH,3400000,480m²,480,10 Pièces,7 Chambres,4 Salles de bains,"Jardin, Terrasse, Garage, Chambre rangement, Salon Marocain, Salon européen, Antenne parabolique, Climatisation, Sécurité, Double vitrage, Porte blindée, Cuisine équipée","L’agence Pics Atlas vous propose une spacieuse villa à vendre située dans une résidence sécurisée à Hay Targa, l’un des quartiers les plus recherchés de Marrakech. Cette villa offre de généreux espaces de vie et une excellente capacité d’accueil, idéale pour une grande famille ou pour un investissement immobilier dans un environnement calme et sécurisé. Caractéristiques principales • Localisation : Hay Targa – Marrakech • Superficie : 480 m² ...",https://www.mubawab-media.com/ad/8/361/393F/h/1_82587602.avif,28,2026-09-30
8220881,Villa Vide avec Piscine et Jardin à Vendre Hay Targa,https://www.mubawab.ma/fr/a/8220881/villa-vide-avec-piscine-et-jardin-%C3%A0-vendre-hay-targa,Vente,Villa,Marrakech,Targa,3 400 000 DH,3400000,354m²,354,17 Pièces,4 Chambres,3 Salles de bains,"Jardin, Terrasse, Garage, Piscine, Chambre rangement, Salon Marocain, Salon européen, Antenne parabolique, Climatisation, Sécurité, Double vitrage, Porte blindée, Cuisine équipée","L’Agence PICS Atlas vous propose une superbe villa vide à vendre, située dans le quartier résidentiel et recherché de Hay Targa, offrant confort, espace et tranquillité. Caractéristiques principales : • Superficie terrain : 301 m² • Superficie construite : 354 m² • Piscine privée • Jardin arboré • 2 balcons spacieux Composition : 4 chambres lumineuses - 3 salons spacieux - 3 salles de bain modernes - Cuisine fonctionnelle Les atouts de ce bien...",https://www.mubawab-media.com/ad/8/220/881F/h/1_81078979.avif,31,2026-09-30
8345368,Opportunité exceptionnelle à saisir sur Marrakech,https://www.mubawab.ma/fr/a/8345368/opportunit%C3%A9-exceptionnelle-%C3%A0-saisir-sur-marrakech,Vente,Villa,Marrakech,Targa,3 400 000 DH,3400000,230m²,230,4 Pièces,4 Chambres,4 Salles de bains,"Terrasse, Piscine, Salon Marocain","Villa de Luxe à Vendre – Marrakech, Quartier Targa Une opportunité d’investissement rare au cœur de la Ville Ocre Découvrez cette villa d'exception de 230 m², alliant modernité et artisanat marocain, située dans l'un des quartiers les plus prisés et calmes de Marrakech. Caractéristiques principales : Chambres : 4 suites spacieuses et lumineuses. Salons : Un grand salon marocain traditionnel un salon moderne épuré. Détente : Piscine privée...",https://www.mubawab-media.com/ad/8/345/368F/h/b6630cd3-938b-4e4f-990d-59d9dad0599c_82411911.avif,22,2026-09-30
8232424,"Villa à Vendre de 400.0 m² à Marrakech, Targa",https://www.mubawab.ma/fr/a/8232424/villa-%C3%A0-vendre-de-400-0-m%C2%B2-%C3%A0-marrakech-targa,Vente,Villa,Marrakech,Targa,3 400 000 DH,3400000,400m²,400,7 Pièces,6 Chambres,10 Salles de bains,Jardin,"À vendre, superbe villa située dans le quartier prisé de Targa à Marrakech. D'une surface de 480 m², elle offre 6 chambres, 5 salles de bain et s'étend sur 3 niveaux. Profitez également d'un jardin de 80 m². Ce bien d'exception est proposé au prix de 3 400 000 Dhs. Ne manquez pas cette opportunité unique!",https://www.mubawab-media.com/ad/8/232/424F/h/image_814087104_81205391.avif,17,2026-09-30
8397708,"Villa vide à vendre à Targa, Marrakech – Jardin privé – 195...",https://www.mubawab.ma/fr/a/8397708/villa-vide-%C3%A0-vendre-%C3%A0-targa-marrakech-%E2%80%93-jardin-priv%C3%A9-%E2%80%93-195-m%C2%B2,Vente,Villa,Marrakech,Targa,3 490 000 DH,3490000,195m²,195,6 Pièces,3 Chambres,3 Salles de bains,"Jardin, Terrasse, Chambre rangement, Entre-seul, Salon Marocain, Salon européen, Antenne parabolique, Cheminée, Climatisation, Double vitrage, Cuisine équipée","L’Immobilier Sans Frontières vous propose à la vente cette villa vide située à Targa, Marrakech. D’une superficie de 195 m², cette propriété offre un agencement fonctionnel, plusieurs espaces de réception, un jardin privé ainsi que des prestations de qualité, avec notamment du marbre au rez-de-chaussée et du parquet dans les chambres. Cette villa se compose de : Rez-de-chaussée : Cuisine équipée – 2 salons européens – Salon marocain beldi...",https://www.mubawab-media.com/ad/8/397/708F/h/0%20image%20a%20la%20une%20Photo_83027915.avif,28,2026-09-30
8343859,Magnifique villa 4 chambres à Targa,https://www.mubawab.ma/fr/a/8343859/magnifique-villa-4-chambres-%C3%A0-targa,Vente,Villa,Marrakech,Targa,3 500 000 DH,3500000,289m²,289,6 Pièces,4 Chambres,3 Salles de bains,"Jardin, Cheminée","Nous mettons à la vente une magnifique villa édifiée sur un terrain de 289 M2, située dans le quartier prisé de Targa. La villa dispose d’un beau jardin privé et se compose comme suit : Au rez-de-chaussée : Un double salon avec coin cheminée Une cuisine Toilettes invités À l’étage : Quatre chambres, dont une suite parentale avec dressing et salle de bain Une salle de bain commune pour les autres chambres Pour plus d’informations veuillez nous...",https://www.mubawab-media.com/ad/8/343/859F/h/WhatsApp%20Image%202026-05-04%20at%2015.28.42%20%283%29_82395430.avif,23,2026-09-30
8244248,"Vente villa de luxe à Hay Targa. 6 pièces. Porte blindée, sa...",https://www.mubawab.ma/fr/a/8244248/vente-villa-de-luxe-%C3%A0-hay-targa-6-pi%C3%A8ces-porte-blind%C3%A9e-salon-marocain,Vente,Villa,Marrakech,Targa,3 500 000 DH,3500000,289m²,289,6 Pièces,4 Chambres,3 Salles de bains,"Jardin, Terrasse, Garage, Chambre rangement, Salon Marocain, Antenne parabolique, Cheminée, Climatisation, Chauffage central, Porte blindée, Cuisine équipée, Réfrigérateur, Four, Machine à laver","Vente d'une villa d'exception. Prix 3 500 000 DH. 4 chambres à coucher, 3 salles de bains, 289 m². 6 pièces. Moins de 5 ans. Type de sol: Marbre. Confort et tradition avec un beau salon marocain. Le bien dispose également d'une antenne parabolique et d'une porte blindée. Cette belle villa est en vente à Hay Targa. Jardin et terrasse propices à la détente. Confortable et bien équipé avec cheminée et climatisation. Programmez dès maintenant votre...",https://www.mubawab-media.com/ad/8/244/248F/h/photo_00_81380324.avif,19,2026-09-30
8244221,"Villa vide à Targa, Jardin privé Caméras de surveillance, Ma...",https://www.mubawab.ma/fr/a/8244221/villa-vide-%C3%A0-targa-jardin-priv%C3%A9-cam%C3%A9ras-de-surveillance-marrakech-%C3%A0-vendre,Vente,Villa,Marrakech,Targa,3 500 000 DH,3500000,289m²,289,6 Pièces,4 Chambres,2 Salles de bains,"Jardin, Terrasse, Garage, Vue sur les montagnes, Concierge, Chambre rangement, Entre-seul, Salon Marocain, Salon européen, Cheminée, Climatisation, Chauffage central, Sécurité, Double vitrage, Porte blindée, Cuisine équipée, Four, Micro-ondes","L’Immobilier Sans Frontières vous propose à la vente cette villa vide située dans un lotissement résidentiel à Targa, Marrakech. La superficie communiquée est de 289 m². Les surfaces par niveau sont indiquées pour le rez-de-chaussée, l’étage et la terrasse. Cette villa se compose de : Rez-de-chaussée (92 m²): Double salon avec climatisation centralisée, cheminée en bois et baies vitrées - Séjour - Toilettes invités - Cuisine équipée - Bua...",https://www.mubawab-media.com/ad/8/244/221F/h/0%20image%20a%20la%20une%20_82125724.avif,32,2026-09-30
8305913,"Villa à Vendre de 397.0 m² à Marrakech, Targa",https://www.mubawab.ma/fr/a/8305913/villa-%C3%A0-vendre-de-397-0-m%C2%B2-%C3%A0-marrakech-targa,Vente,Villa,Marrakech,Targa,3 500 000 DH,3500000,397m²,397,5 Pièces,3 Chambres,4 Salles de bains,Jardin,"À vendre, magnifique villa située dans le quartier prisé de Targa, Marrakech. D'une superficie de 397 m², cette propriété offre 3 chambres, 3 salles de bain et un jardin de 127 m². Avec ses 2 niveaux et 3 façades, elle allie confort et espace. Prix : 3 500 000 Dhs. Une opportunité à ne pas manquer!",https://www.mubawab-media.com/ad/8/305/913F/h/image_294601552_81992257.avif,12,2026-09-30
8271338,Villa moderne avec jardin à vendre à Targa – 176 m²,https://www.mubawab.ma/fr/a/8271338/villa-moderne-avec-jardin-%C3%A0-vendre-%C3%A0-targa-%E2%80%93-176-m%C2%B2,Vente,Villa,Marrakech,Targa,3 500 000 DH,3500000,176m²,176,4 Pièces,3 Chambres,3 Salles de bains,"Jardin, Terrasse, Garage, Vue sur les montagnes, Concierge, Chambre rangement, Salon Marocain, Salon européen, Antenne parabolique, Climatisation, Sécurité, Double vitrage, Porte blindée, Cuisine équipée","L’agence Pics Atlas vous propose cette agréable villa située dans le quartier résidentiel et recherché de Targa à Marrakech. Offrant un cadre de vie calme et confortable, cette propriété est idéale pour une famille à la recherche d’un bien fonctionnel avec espace extérieur. Caractéristiques principales • Superficie totale : 176 m² • Balcon : Oui • Jardin : Oui Composition 1 salon spacieux et lumineux - 3 chambres confortables - 3 salles de ba...",https://www.mubawab-media.com/ad/8/271/338F/h/1_81622965.avif,28,2026-09-30
8331852,Villa à vendre Targa Quartier des Fleurs Marrakech,https://www.mubawab.ma/fr/a/8331852/villa-%C3%A0-vendre-targa-quartier-des-fleurs-marrakech,Vente,Villa,Marrakech,Targa,3 500 000 DH,3500000,167m²,167,3 Pièces,3 Chambres,3 Salles de bains,"Jardin, Terrasse, Garage, Piscine, Entre-seul, Climatisation, Sécurité","Villa à vendre à Targa Quartier des Fleurs Marrakech Adresse Targa Quartier des Fleurs Marrakech Magnifique villa à vendre dans l'un des quartiers les plus raffinés de Marrakech, superficie de 395 mètres carrés, 3 chambres spacieuses, joli jardin, piscine privée, emplacement sécurisé et proche de toutes les commodités Excellente opportunité d'investissement ou de logement Pour plus d'informations, n'hésitez pas à nous contacter #Marrakech #Ta...",https://www.mubawab-media.com/ad/8/331/852F/h/photo_0_82267387.avif,14,2026-09-30
8280201,Belle Villa à vendre à Targa,https://www.mubawab.ma/fr/a/8280201/belle-villa-%C3%A0-vendre-%C3%A0-targa,Vente,Villa,Marrakech,Targa,3 600 000 DH,3600000,301m²,301,5 Pièces,4 Chambres,3 Salles de bains,"Jardin, Garage, Piscine, Chambre rangement, Salon Marocain, Salon européen, Antenne parabolique, Climatisation, Chauffage central, Sécurité, Double vitrage, Cuisine équipée, Four","Magnifique villa située dans le quartier résidentiel très recherché de Zhour Targa, offrant calme, confort et proximité des commodités. La villa se compose de : 3 salons spacieux et lumineux 4 chambres confortables 3 salles de bain Cuisine entièrement équipée Beau jardin bien entretenu Piscine privée La villa bénéficie d’une belle luminosité, d’une bonne distribution des espaces et d’un cadre de vie agréable, idéal pour un...",https://www.mubawab-media.com/ad/8/280/201F/h/WhatsApp%20Image%202025-12-28%20at%2012.16.14_81718415.avif,14,2026-09-30
8409862,Opportunité à saisir magnifique villa sur Targa,https://www.mubawab.ma/fr/a/8409862/opportunit%C3%A9-%C3%A0-saisir-magnifique-villa-sur-targa,Vente,Villa,Marrakech,Targa,3 600 000 DH,3600000,380m²,380,7 Pièces,4 Chambres,4 Salles de bains,"Jardin, Terrasse, Garage, Chambre rangement, Entre-seul, Salon Marocain, Salon européen, Antenne parabolique, Cheminée, Climatisation, Cuisine équipée","L'agence Aide services met en vente une très belle villa d’une superficie de 280 m² au sol, située dans un quartier très calme et recherché à Targa, à proximité de toutes les commodités. La villa se compose d'un Cave avec : Une chambre, Une Salle de Bain et une cuisine équipée ainsi qu'un espace à manger. Le RDC se compose : de deux grands Salon dans un avec cheminée, un séjour et un WC invité. L'étage : se compose de 3 grandes chambres avec leur...",https://www.mubawab-media.com/ad/8/409/862F/h/bffc54b7-2b94-498b-a3e3-d57115e7fe7d_83156306.avif,11,2026-09-30
7737223,"Villa vide à vendre de 350m², avec piscine privée, Targa",https://www.mubawab.ma/fr/a/7737223/villa-vide-%C3%A0-vendre-de-350m%C2%B2-avec-piscine-priv%C3%A9e-targa,Vente,Villa,Marrakech,Targa,3 600 000 DH,3600000,350m²,350,7 Pièces,4 Chambres,3 Salles de bains,"Terrasse, Garage, Vue sur les montagnes, Piscine, Concierge, Chambre rangement, Salon Marocain, Salon européen, Antenne parabolique, Cheminée, Climatisation, Sécurité, Cuisine équipée, Réfrigérateur, Four","L’Immobilier Sans Frontières vous propose cette villa vide à vendre dans une résidence sécurisée à Targa, à Marrakech. Le texte mentionne une piscine et une terrasse aménagée. Cette villa se compose de : Rez-de-chaussée: 3 salons – cuisine équipée – salle de bain – cheminée Étage: Suite avec placard, salle de bain et terrasse – 3 chambres avec placards – salle de bain Équipements & prestations : Piscine privée – Garage – puit Convient à un...",https://www.mubawab-media.com/ad/7/737/223F/h/0%20image%20a%20la%20une%20Photo%20_82585266.avif,32,2026-09-30
8420230,Vente de terrain à Les Portes de Marrakech. Surface totale 1...,https://www.mubawab.ma/fr/a/8420230/vente-de-terrain-%C3%A0-les-portes-de-marrakech-surface-totale-1290-m%C2%B2,Vente,Terrain,Marrakech,Targa,3 626 000 DH,3626000,1290m²,1290,,,,,"Cette propriété, située dans le lotissement Rouhi sur la route de Targa à à la limite de l'arrondissement Ménara à Marrakech, présente un terrain impressionnant qui s'étend sur 1295 m². Nichée dans le quartier prisé et en plein essor des Portes de Marrakech, cette parcelle offre une opportunité rare pour le développement résidentiel ou de loisir. Bien que la surface extérieure et la surface de la parcelle ne soient pas détaillées, l'ampleur de l'...",https://www.mubawab-media.com/ad/8/420/230F/h/1000023715_83271587.avif,3,2026-09-30
8407994,Villa 300m2 à TARGA. À 3 650 000dhs. 4chambres,https://www.mubawab.ma/fr/a/8407994/villa-300m2-%C3%A0-targa-%C3%A0-3-650-000dhs-4chambres,Vente,Villa,Marrakech,Targa,3 650 000 DH,3650000,300m²,300,1 Pièce,4 Chambres,5 Salles de bains,"Jardin, Garage, Salon Marocain, Salon européen, Cheminée, Cuisine équipée","Découvrez cette somptueuse villa située dans le prestigieux quartier de Hay TARGA à Marrakech. Offrant une surface habitable de 300 m², cette propriété de luxe présente une architecture élégante et soignée. À l'extérieur, un jardin verdoyant et entretenu invite à la détente, entouré de palmiers majestueux qui renforcent le charme exotique du lieu. En franchissant l'imposante entrée, on accède à un intérieur spacieux comprenant une cuisine enti...",https://www.mubawab-media.com/ad/8/407/994F/h/photo_0_83134548.avif,12,2026-09-30
8398272,Villa meublée à vendre,https://www.mubawab.ma/fr/a/8398272/villa-meubl%C3%A9e-%C3%A0-vendre,Vente,Villa,Marrakech,Targa,3 650 000 DH,3650000,110m²,110,6 Pièces,4 Chambres,4 Salles de bains,"Jardin, Terrasse, Garage, Meublé, Entre-seul, Salon Marocain, Salon européen, Antenne parabolique, Climatisation, Chauffage central, Cuisine équipée, Réfrigérateur, Four, Machine à laver","Villa meublée à vendre à Azouzia, proche de Targa, Située dans un environnement résidentiel calme et sécurisé, à proximité de Targa, Marrakesh Opportunity vous propose à la vente cette charmante villa moderne, entièrement meublée, idéale pour une résidence familiale ou un investissement. Édifiée sur un terrain de 300 m², avec environ 110 m² habitables, la villa bénéficie d’un agréable jardin arboré, d’une grande place de parking et d’une belle...",https://www.mubawab-media.com/ad/8/398/272F/h/RbSX9JHqcjtKgHJYd06o_83033724.avif,19,2026-09-30
8179678,"Villa spacieuse à vendre, 400m², Hay Targa",https://www.mubawab.ma/fr/a/8179678/villa-spacieuse-%C3%A0-vendre-400m%C2%B2-hay-targa,Vente,Villa,Marrakech,Targa,3 650 000 DH,3650000,400m²,400,10 Pièces,7 Chambres,4 Salles de bains,"Jardin, Terrasse, Garage, Chambre rangement, Entre-seul, Salon Marocain, Salon européen, Antenne parabolique, Cheminée, Climatisation, Double vitrage, Porte blindée, Cuisine équipée","Découvrez cette magnifique villa familiale, idéalement située dans le quartier résidentiel prisé de Targa à Marrakech, offrant un confort optimal et de vastes espaces de vie sur trois niveaux. Une opportunité parfaite pour ceux qui recherchent un cadre de vie calme, élégant et bien desservi. Caractéristiques principales : • Superficie du terrain : 375 m² • Superficie habitable : 400 m² • Façades : 3 façades • Garage : Capacité pour 3 voitures •...",https://www.mubawab-media.com/ad/8/179/678F/h/Photos%20Mubawab%20%281%29_81008668.avif,31,2026-09-30
8152746,Vente Villa à targa,https://www.mubawab.ma/fr/a/8152746/vente-villa-%C3%A0-targa,Vente,Villa,Marrakech,Targa,3 650 000 DH,3650000,374m²,374,10 Pièces,8 Chambres,4 Salles de bains,"Jardin, Terrasse, Garage, Entre-seul, Salon Marocain, Salon européen, Cheminée, Sécurité","El Yazid EL JJOUAOUI vous propose à la vente une magnifique villa spacieuse située à Targa Palmiers 2, un quartier résidentiel très recherché de Marrakech. Érigée sur un terrain de 375 m², cette propriété allie confort, espace et sécurité, idéale pour une vie de famille paisible et élégante. La villa s’étend sur plusieurs niveaux : En cave (180 m²), vous trouverez une grande cuisine, un salon marocain, deux chambres avec placards, une petite c...",https://www.mubawab-media.com/ad/8/152/746F/h/d8d91f51938151d9bc67_80374984.avif,13,2026-09-30
8288995,"Investissement sûr à Targa – Terrain 3 façades, 491 m²",https://www.mubawab.ma/fr/a/8288995/investissement-s%C3%BBr-%C3%A0-targa-%E2%80%93-terrain-3-fa%C3%A7ades-491-m%C2%B2,Vente,Terrain,Marrakech,Targa,3 700 000 DH,3700000,491m²,491,,,,,"À vendre, très beau terrain bien placé dans le quartier prisé de Targa, idéal pour un projet de construction à usage d’habitation. Le terrain bénéficie de deux façades, offrant une excellente orientation, une belle luminosité et de multiples possibilités d’aménagement. • Superficie : 491 m² • Zonage : construction habitable • Nombre de façades : 3 • Quartier calme et recherché • Accès facile et environnement résidentiel Prix de vente : 3 70...",https://www.mubawab-media.com/ad/8/288/995F/h/photo_0_81811893.avif,1,2026-09-30
8423989,Villa modern 5 chambres targa,https://www.mubawab.ma/fr/a/8423989/villa-modern-5-chambres-targa,Vente,Villa,Marrakech,Targa,3 700 000 DH,3700000,641m²,641,7 Pièces,5 Chambres,3 Salles de bains,"Jardin, Terrasse, Garage, Piscine, Entre-seul","Idéalement située dans le quartier prisé et très calme de Targa, cette magnifique villa moderne offre un cadre de vie exceptionnel alliant confort, espace et élégance. Avec ses belles prestations et son agencement optimisé, elle est parfaite pour une famille à la recherche d'un bien de prestige à Marrakech. Caractéristiques principales : Superficie du terrain : 290 m² Espace extérieur (Jardin & Piscine) : 133 m² Surface bâtie : Enviro...",https://www.mubawab-media.com/ad/8/423/989F/h/WhatsApp_Image_2026-09-28_at_04.00.07__3__83312895.avif,15,2026-09-30
8266300,"Magnifique Villa Familiale à Targa – 6 Chambres, Neuf",https://www.mubawab.ma/fr/a/8266300/magnifique-villa-familiale-%C3%A0-targa-%E2%80%93-6-chambres-neuf,Vente,Villa,Marrakech,Targa,3 700 000 DH,3700000,141m²,141,8 Pièces,6 Chambres,5 Salles de bains,,"Villa Neuve à Vendre – Targa 6 Chambres 230 m² Découvrez cette superbe villa neuve, située dans l’un des quartiers résidentiels les plus prisés de Targa. Offrant un confort moderne et des finitions soignées, cette propriété est idéale pour une famille à la recherche d’un cadre de vie calme et sécurisé. Caractéristiques principales : • 6 Chambres spacieuses • 4 Salles de bain modernes • 2 Salons lumineux • Surface totale : 230 m² •...",https://www.mubawab-media.com/ad/8/266/300F/h/photo_0_81570229.avif,12,2026-09-30
8335680,À vendre – Superbe villa avec piscine à Targa,https://www.mubawab.ma/fr/a/8335680/%C3%A0-vendre-%E2%80%93-superbe-villa-avec-piscine-%C3%A0-targa,Vente,Villa,Marrakech,Targa,3 700 000 DH,3700000,280m²,280,5 Pièces,3 Chambres,2 Salles de bains,"Terrasse, Piscine, Meublé, Salon Marocain, Salon européen, Cuisine équipée","Située dans le quartier prisé de Targa, cette magnifique villa offre un cadre de vie alliant confort, espace et tranquillité. D’une superficie d’environ 280 m², elle se compose de 3 chambres, dont une suite parentale, ainsi que de 2 salles de bain. La villa dispose également d’un balcon agréable, idéal pour profiter de l’extérieur, ainsi que d’une piscine, parfaite pour des moments de détente en toute intimité. Points forts : Villa spacieuse...",https://www.mubawab-media.com/ad/8/335/680F/h/WhatsApp%20Image%202026-04-20%20at%2009.27.02%20%285%29_82306414.avif,23,2026-09-30
8394276,Villa Résidentielle à Vendre à Targa Marrakech,https://www.mubawab.ma/fr/a/8394276/villa-r%C3%A9sidentielle-%C3%A0-vendre-%C3%A0-targa-marrakech,Vente,Villa,Marrakech,Targa,3 800 000 DH,3800000,300m²,300,3 Pièces,4 Chambres,3 Salles de bains,"Jardin, Terrasse, Garage, Vue sur les montagnes, Piscine, Chambre rangement, Salon Marocain, Salon européen, Antenne parabolique, Cheminée, Climatisation, Chauffage central, Sécurité, Double vitrage, Porte blindée, Cuisine équipée, Four, Micro-ondes","Située au cœur de la prestigieuse résidence sécurisée Les Roses de Targa, cette élégante villa de 283 m² au sol, bénéficiant de trois façades, offre un cadre de vie privilégié alliant confort, luminosité et intimité. Implantée dans une résidence fermée avec gardiennage 24h/24, elle séduit par la qualité de ses prestations, son excellent état d'entretien et son emplacement recherché. Composition Rez-de-chaussée : Double salon spacieux et...",https://www.mubawab-media.com/ad/8/394/276F/h/WhatsApp%20Image%202026-08-05%20at%2022.41.52_82997497.avif,25,2026-09-30
8421515,"Villa contemporaine, targa",https://www.mubawab.ma/fr/a/8421515/villa-contemporaine-targa,Vente,Villa,Marrakech,Targa,3 800 000 DH,3800000,470m²,470,8 Pièces,5 Chambres,3 Salles de bains,"Jardin, Terrasse, Piscine, Entre-seul, Climatisation","Située dans le quartier résidentiel de Targa à Marrakech, cette villa contemporaine séduit par ses volumes généreux, son architecture moderne et ses larges ouvertures qui apportent une belle luminosité aux différents espaces. Répartie sur sous-sol, rez-de-chaussée et premier étage, avec terrasse, la propriété offre une configuration particulièrement adaptée à une vie de famille confortable. 5 chambres Beaux volumes de réception Architecture...",https://www.mubawab-media.com/ad/8/421/515F/h/1_83285534.avif,13,2026-09-30
8232429,"Villa à Vendre de 374.0 m² à Marrakech, Sofia Targa",https://www.mubawab.ma/fr/a/8232429/villa-%C3%A0-vendre-de-374-0-m%C2%B2-%C3%A0-marrakech-sofia-targa,Vente,Villa,Marrakech,Targa,3 800 000 DH,3800000,374m²,374,9 Pièces,7 Chambres,6 Salles de bains,Jardin,"À vendre, magnifique villa située dans le quartier recherché de Sofia Targa à Marrakech. D'une superficie de 500 m², cette propriété spacieuse comprend 7 chambres, 4 salles de bain et s'étend sur 2 niveaux. Profitez d'un cadre de vie exceptionnel pour le prix de 3 800 000 Dhs. Ne manquez pas cette opportunité unique !",https://www.mubawab-media.com/ad/8/232/429F/h/image_652485084_81205467.avif,16,2026-09-30
8255606,Villa semi finie à vendre targa,https://www.mubawab.ma/fr/a/8255606/villa-semi-finie-%C3%A0-vendre-targa,Vente,Villa,Marrakech,Targa,3 800 000 DH,3800000,540m²,540,9 Pièces,4 Chambres,4 Salles de bains,"Jardin, Terrasse, Garage, Entre-seul, Salon européen","Villa de prestige à vendre à Les Portes de Marrakech, située dans une résidence calme et recherchée. Cette propriété semi-finie offre un très fort potentiel pour personnaliser et finaliser les espaces selon vos goûts et vos besoins. La villa dispose d’une architecture moderne avec plusieurs espaces de vie généreux, dont un salon européen lumineux. L’étage nuit comprend des chambres spacieuses offrant de belles possibilités d’aménagement, accompa...",https://www.mubawab-media.com/ad/8/255/606F/h/photo_00_81443016.avif,2,2026-09-30
8127354,Villa de charme à vendre quartier Zohour Targa Marrakech,https://www.mubawab.ma/fr/a/8127354/villa-de-charme-%C3%A0-vendre-quartier-zohour-targa-marrakech,Vente,Villa,Marrakech,Targa,3 800 000 DH,3800000,280m²,280,7 Pièces,4 Chambres,4 Salles de bains,"Jardin, Terrasse, Garage, Piscine, Chambre rangement, Salon Marocain, Salon européen, Antenne parabolique, Cheminée, Climatisation, Chauffage central, Double vitrage, Cuisine équipée, Réfrigérateur, Four, Machine à laver, Micro-ondes","Découvrez cette superbe villa située dans le quartier résidentiel Zohour Targa, un havre de paix, loin de toute pollution sonore, à proximité immédiate de l’Hôtel Zephyr Marrakech. Édifiée sur un terrain de 314 m², avec une surface bâtie de 140 m² sur deux niveaux (280 m²), cette villa offre un cadre de vie calme, verdoyant et idéal pour les familles. Elle se compose de : Une vaste cuisine fonctionnelle, Deux salles de bain, Un grand espace...",https://www.mubawab-media.com/ad/8/127/354F/h/photo_00_80121014.avif,20,2026-09-30
8231554,Villa 4 chambres Targa,https://www.mubawab.ma/fr/a/8231554/villa-4-chambres-targa,Vente,Villa,Marrakech,Targa,3 800 000 DH,3800000,500m²,500,12 Pièces,4 Chambres,2 Salles de bains,"Jardin, Terrasse, Garage, Entre-seul, Salon Marocain, Cheminée, Climatisation","L'agence Esprit-Immo vous propose à la vente une villa située dans une petite résidence au début du quartier Targa, à proximité de l'école Les 2 Palmiers. Caractéristiques principales : Villa 3 façades avec jardin et garage pour 3 voitures Année de construction : 2008 Superficie du terrain : 375 m² Superficie habitable : environ 500 m² Répartition des espaces : Rez-de-chaussée (150 m²) Double salon : un grand salon marocain et un salon mo...",https://www.mubawab-media.com/ad/8/231/554F/h/1000364331_81196057.avif,18,2026-09-30
8147409,"Villa Spacieuse à Vendre, 375 m², Hay Targa",https://www.mubawab.ma/fr/a/8147409/villa-spacieuse-%C3%A0-vendre-375-m%C2%B2-hay-targa,Vente,Villa,Marrakech,Targa,3 800 000 DH,3800000,375m²,375,10 Pièces,7 Chambres,4 Salles de bains,"Jardin, Terrasse, Garage, Chambre rangement, Entre-seul, Salon Marocain, Salon européen, Antenne parabolique, Cheminée, Climatisation, Sécurité, Double vitrage, Porte blindée, Cuisine équipée","L’agence Pics Atlas vous propose cette belle villa familiale à vendre, située dans le quartier résidentiel calme et recherché de Targa. Offrant des volumes généreux et une architecture traditionnelle élégante, cette propriété est idéale pour une grande famille ou un investissement locatif. Caractéristiques de la villa : Superficie du terrain : 375 m² Surface construite : • Cave : 180 m² • Rez-de-chaussée : 150 m² • Étage : 170 m² Com...",https://www.mubawab-media.com/ad/8/147/409F/h/1_80321970.avif,19,2026-09-30
8416091,Villa à vendre Zhour Targa,https://www.mubawab.ma/fr/a/8416091/villa-%C3%A0-vendre-zhour-targa,Vente,Villa,Marrakech,Targa,3 850 000 DH,3850000,290m²,290,8 Pièces,5 Chambres,4 Salles de bains,"Jardin, Terrasse, Garage, Piscine, Entre-seul","Découvrez cette superbe villa neuve et non meublée, idéalement située à Zhour Targa, à proximité de l’Hôtel Zephyr, dans un environnement résidentiel recherché. Édifiée sur une superficie de 290 m², cette villa moderne et spacieuse se compose de plusieurs niveaux : sous-sol, rez-de-chaussée, premier étage et terrasse. Elle offre notamment : 5 chambres spacieuses ; Plusieurs salons lumineux et élégants ; Une piscine privée ; Un garage avec ouve...",https://www.mubawab-media.com/ad/8/416/091F/h/piscine_83225482.avif,11,2026-09-30
8137468,Villa à vendre à Hay Targa,https://www.mubawab.ma/fr/a/8137468/villa-%C3%A0-vendre-%C3%A0-hay-targa,Vente,Villa,Marrakech,Targa,3 850 000 DH,3850000,300m²,300,7 Pièces,5 Chambres,4 Salles de bains,Jardin,"Superbes prestations pour cette villa à vendre à Targa Superficie du 300 m2 Superficie habitables 340 m2 La villa à vendre est très proche carrefour Targa des écoles des cliniques Le descriptif est comme suit : Suite parentale 4 chambres Cour anglaise / chambre personnel Cette superbe villa est en vente à Hay Targa, Marrakech. Prix 3 850 000DH",https://www.mubawab-media.com/ad/8/137/468F/h/photo_00_80223276.avif,11,2026-09-30
8229642,Magnigique villa 305m avec piscine à targa,https://www.mubawab.ma/fr/a/8229642/magnigique-villa-305m-avec-piscine-%C3%A0-targa,Vente,Villa,Marrakech,Targa,3 900 000 DH,3900000,305m²,305,5 Pièces,4 Chambres,3 Salles de bains,"Jardin, Terrasse, Garage, Piscine, Cheminée, Cuisine équipée","Au cœur d’un quartier résidentiel prisé, calme et hautement sécurisé, à proximité immédiate du Club Banque Populaire et à seulement 5 minutes de Carrefour, cette villa de standing incarne le parfait équilibre entre raffinement, confort absolu et intimité. Implantée sur un terrain de 305 m², la propriété offre une surface habitable de 275 m², harmonieusement répartie sur plusieurs niveaux, et bénéficie d’une excellente orientation, assurant intim...",https://www.mubawab-media.com/ad/8/229/642F/h/1_81847551.avif,32,2026-09-30
8420597,À VENDRE – Villa neuve à Zohour Targa,https://www.mubawab.ma/fr/a/8420597/%C3%A0-vendre-%E2%80%93-villa-neuve-%C3%A0-zohour-targa,Vente,Villa,Marrakech,Targa,3 900 000 DH,3900000,290m²,290,7 Pièces,5 Chambres,2 Salles de bains,"Jardin, Garage, Piscine, Entre-seul","Réf : 054S/026 À vendre, villa neuve, jamais habitée, située à Zohour Targa, d’une superficie de 290 m², composée de 3 niveaux. La villa comprend : * Jardin avec piscine * Garage avec porte électrique pour voiture * 2 chambres au sous-sol * 2 salons au rez-de-chaussée * 3 chambres au 1er étage * 3 balcons * Cuisine * 3 salles de bain Prix : 3 900 000 DH",https://www.mubawab-media.com/ad/8/420/597F/h/WhatsApp_Image_2026-09-22_at_12.33.53_83275346.avif,14,2026-09-30
8289679,Belle villa avec piscine privée sur résidence,https://www.mubawab.ma/fr/a/8289679/belle-villa-avec-piscine-priv%C3%A9e-sur-r%C3%A9sidence,Vente,Villa,Marrakech,Targa,3 900 000 DH,3900000,325m²,325,6 Pièces,4 Chambres,3 Salles de bains,"Jardin, Piscine, Cheminée, Sécurité","Nous mettons à la vente une spacieuse villa de 325 m², située au sein d’une jolie résidence sécurisée, idéalement implantée dans le quartier prisé de Targa. La villa dispose d’une vaste piscine privée avec jardin et se compose comme suit : Au rez-de-chaussée : • Un double salon avec coin cheminée, donnant sur le jardin et la piscine • Une cuisine • Une chambre À l’étage : • Une suite parentale avec dressing et salle de bain priva...",https://www.mubawab-media.com/ad/8/289/679F/h/WhatsApp%20Image%202026-01-21%20at%2015.59.39%20%284%29_81818756.avif,20,2026-09-30
8136399,"Villa Récente à Vendre – Secteur Targa Marrakech, 3 Chambres...",https://www.mubawab.ma/fr/a/8136399/villa-r%C3%A9cente-%C3%A0-vendre-%E2%80%93-secteur-targa-marrakech-3-chambres-piscine-et-vue-panoramique-sur-l%E2%80%99atlas,Vente,Villa,Marrakech,Targa,3 900 000 DH,3900000,280m²,280,,3 Chambres,3 Salles de bains,"Terrasse, Piscine, Climatisation, Machine à laver","UNE VILLA MODERNE, LUMINEUSE ET PARFAITEMENT SITUÉE À 10 MIN DE VICTOR HUGO Découvrez cette VILLA RÉCENTE EN R1, idéalement située dans le SECTEUR RÉSIDENTIEL DE TARGA, à seulement 10 MINUTES DE L’ÉCOLE VICTOR HUGO. Édifiée sur un TERRAIN DE 327 M² avec 280 M² HABITABLES, elle offre une EXPOSITION EST/OUEST, assurant ENSOLEILLEMENT OPTIMAL toute la journée. Avec ses 3 CHAMBRES, ses 3 FAÇADES, une PISCINE PRIVATIVE et un ROOFTOP PANORAMIQUE AVEC...",https://www.mubawab-media.com/ad/8/136/399F/h/IMG_1536-1_80212966.avif,15,2026-09-30
8345041,Vente Nouvelle Villa Targa,https://www.mubawab.ma/fr/a/8345041/vente-nouvelle-villa-targa,Vente,Villa,Marrakech,Targa,3 900 000 DH,3900000,532m²,532,5 Pièces,4 Chambres,5 Salles de bains,"Jardin, Terrasse, Garage, Vue sur les montagnes, Piscine, Chambre rangement, Entre-seul, Salon Marocain, Salon européen, Antenne parabolique, Climatisation, Sécurité, Double vitrage, Porte blindée, Cuisine équipée, Four, Micro-ondes","Livraison dans un mois et demi Prix : 3 900 000 MAD Commission agence : 2,5 % Composition de la villa : Rez-de-chaussée : * Deux grands salons lumineux * Coin cuisine * Salle de bain Étage : * Trois suites avec de beaux dressings * Grandes terrasses Sous-sol : * Grande cuisine entièrement équipée * Une suite avec salle de bain * Salle de bain supplémentaire Superficies : * Superficie du terrain : 256 m² * Étage : 173 m² * Rez-de-chaussé...",https://www.mubawab-media.com/ad/8/345/041F/h/villa-a-zohour-targa-a-vendre-ou-bien-hypothetique-371m-3-facade_20793-22-700x500_82408274.avif,1,2026-09-30
8317869,"Villa avec sous sol et piscine à vendre, Hay Targa – Marrake...",https://www.mubawab.ma/fr/a/8317869/villa-avec-sous-sol-et-piscine-%C3%A0-vendre-hay-targa-%E2%80%93-marrakech,Vente,Villa,Marrakech,Targa,3 900 000 DH,3900000,450m²,450,9 Pièces,6 Chambres,5 Salles de bains,"Jardin, Terrasse, Garage, Piscine, Chambre rangement, Entre-seul, Salon Marocain, Salon européen, Antenne parabolique, Climatisation, Sécurité, Double vitrage, Porte blindée, Cuisine équipée","L’agence Pics Atlas vous propose une spacieuse villa à vendre située à Marrakech. Cette propriété offre de grands volumes et une excellente distribution des espaces, idéale pour une grande famille ou pour un projet de maison d’hôtes. Caractéristiques principales • Superficie terrain : 450 m² • Superficie construite : 500 m² • Villa avec sous-sol • Piscine Composition Sous-sol - Espaces polyvalents - 2 Cuisine - 3 salons spacieux - 6 chambre...",https://www.mubawab-media.com/ad/8/317/869F/h/1_82119473.avif,32,2026-09-30
8340483,Villa à vendre Targa opportunité – Marrakech,https://www.mubawab.ma/fr/a/8340483/villa-%C3%A0-vendre-targa-opportunit%C3%A9-%E2%80%93-marrakech,Vente,Villa,Marrakech,Targa,3 900 000 DH,3900000,622m²,622,10 Pièces,7 Chambres,4 Salles de bains,"Terrasse, Garage, Piscine, Concierge, Entre-seul, Cheminée, Climatisation","Située dans un quartier calme et recherché, cette spacieuse villa titrée offre de très beaux volumes et un fort potentiel locatif, idéale aussi bien pour une résidence principale que pour un investissement. Caractéristiques principales : •Surface terrain : 436 m² • 6 chambres, dont : • 1 grande suite parentale avec accès à une belle terrasse • 1 chambre avec terrasse et salle de bain • 1 chambre avec salle de bain. • 2 grands sal...",https://www.mubawab-media.com/ad/8/340/483F/h/photo_00_82358990.avif,22,2026-09-30
8266892,"Vente villa spacieuse, 3 chambres agréables. Meublé",https://www.mubawab.ma/fr/a/8266892/vente-villa-spacieuse-3-chambres-agr%C3%A9ables-meubl%C3%A9,Vente,Villa,Marrakech,Targa,3 900 000 DH,3900000,258m²,258,5 Pièces,3 Chambres,3 Salles de bains,"Jardin, Garage, Piscine, Concierge, Chambre rangement, Meublé, Entre-seul, Salon Marocain, Cheminée","Villa 258 m² à Targa : magnifique propriété offrant un grand salon moderne et un salon marocain, cheminée, 3 chambres dont une suite, un hammam beldi en sous-sol, une maison de gardien, un garage et un vaste jardin avec possibilité d’aménager une piscine. Idéalement située, proche de tous les commodités. Une villa complète, spacieuse idéale pour un investissement sûr ou une résidence élégante et confortable. Programmez dès maintenant votre visit...",https://www.mubawab-media.com/ad/8/266/892F/h/photo_0_81576527.avif,19,2026-09-30
8379041,Magnifique villa vide à vendre à targa,https://www.mubawab.ma/fr/a/8379041/magnifique-villa-vide-%C3%A0-vendre-%C3%A0-targa,Vente,Villa,Marrakech,Targa,3 950 000 DH,3950000,473m²,473,6 Pièces,4 Chambres,2 Salles de bains,"Terrasse, Garage, Piscine, Entre-seul, Cuisine équipée","Découvrez cette magnifique villa vide, offrant des espaces généreux, une excellente distribution des pièces et un cadre de vie confortable. Idéalement conçue pour une résidence principale, elle allie luminosité, fonctionnalité et élégance. Caractéristiques : Surface du terrain : 286 m² Sous-sol : 157 m² Rez-de-chaussée : 157 m² Étage : 159 m² Piscine privée : 7 3 m Composition : Sous-sol : 1 chambre, 1 salon, Cuisine, Buanderie et Toilettes Rez-...",https://www.mubawab-media.com/ad/8/379/041F/h/WhatsApp%20Image%202026-07-02%20at%2016.29.06_82822754.avif,23,2026-09-30
8416317,Magnifique villa à vendre à Marrakech – Targa,https://www.mubawab.ma/fr/a/8416317/magnifique-villa-%C3%A0-vendre-%C3%A0-marrakech-%E2%80%93-targa,Vente,Villa,Marrakech,Targa,4 000 000 DH,4000000,323m²,323,9 Pièces,4 Chambres,5 Salles de bains,"Jardin, Terrasse, Garage, Piscine, Climatisation, Sécurité","Découvrez cette belle villa d’une superficie de 332 m², située dans une résidence fermée et sécurisée, idéalement située à proximité du British School et de la Clinique Le Marrakech. Composition : Au rez-de-chaussée : • 2 salons spacieux avec accès direct au jardin et à la piscine • Cuisine • Salle de bain • Jardin privatif À l’étage : • 4 chambres, chacune avec sa propre salle de bain • Terrasse sur le toit La résidence dispose également d’une g...",https://www.mubawab-media.com/ad/8/416/317F/h/photo_00_83227929.avif,19,2026-09-30
8345162,"Villa meublée à vendre – Résidence sécurisée à Targa, Marrak...",https://www.mubawab.ma/fr/a/8345162/villa-meubl%C3%A9e-%C3%A0-vendre-%E2%80%93-r%C3%A9sidence-s%C3%A9curis%C3%A9e-%C3%A0-targa-marrakech,Vente,Villa,Marrakech,Targa,4 000 000 DH,4000000,307m²,307,5 Pièces,3 Chambres,2 Salles de bains,"Jardin, Terrasse, Garage, Piscine, Concierge, Chambre rangement, Meublé, Entre-seul, Salon Marocain, Salon européen, Antenne parabolique, Cheminée, Climatisation, Chauffage central, Sécurité, Double vitrage, Porte blindée, Cuisine équipée, Réfrigérateur, Four","L’Immobilier Sans Frontières vous propose à la vente cette villa meublée située au sein d’une résidence sécurisée à Targa, Marrakech. Implantée sur un terrain de 307 m² avec une surface habitable de 210 m², cette villa offre des espaces confortables et une distribution fonctionnelle dans un cadre résidentiel agréable. Cette villa se compose de : Rez-de-chaussée : Salon marocain – Salon européen avec cheminée et climatisation – Séjour – Cheminée...",https://www.mubawab-media.com/ad/8/345/162F/h/0%20image%20a%20la%20une%20_82409646.avif,32,2026-09-30
8363668,Opportunité à vendre quartier Targa,https://www.mubawab.ma/fr/a/8363668/opportunit%C3%A9-%C3%A0-vendre-quartier-targa,Vente,Villa,Marrakech,Targa,4 000 000 DH,4000000,650m²,650,6 Pièces,5 Chambres,4 Salles de bains,"Jardin, Terrasse, Garage, Concierge, Entre-seul, Salon Marocain, Climatisation, Sécurité, Cuisine équipée, Réfrigérateur, Four, Machine à laver","CH IMMOBILIER – VILLA À VENDRE MARRAKECH (TARGA) Emplacement : À côté de Carrefour, Targa Superficie terrain : 650 m² Configuration : Cave Rez-de-chaussée 1er étage Prix : 4 000 000 DH Atouts : Emplacement stratégique à Targa Grande superficie Potentiel idéal habitation ou investissement Pour plus d’informations ou visite, contactez",https://www.mubawab-media.com/ad/8/363/668F/h/IMG_7972_82656320.avif,19,2026-09-30
8361084,Villa à vendre – 290 m² Hay Targa – Marrakech,https://www.mubawab.ma/fr/a/8361084/villa-%C3%A0-vendre-%E2%80%93-290-m%C2%B2-hay-targa-%E2%80%93-marrakech,Vente,Villa,Marrakech,Targa,4 000 000 DH,4000000,290m²,290,7 Pièces,4 Chambres,5 Salles de bains,"Jardin, Terrasse, Garage, Entre-seul, Salon Marocain, Salon européen, Antenne parabolique, Climatisation, Sécurité, Double vitrage, Porte blindée, Cuisine équipée","L’agence Pics Atlas vous propose une magnifique villa à vendre située dans le quartier prisé de Hay Targa à Marrakech. Répartie sur trois niveaux, cette villa offre de beaux volumes et un agencement fonctionnel, idéale pour une grande famille à la recherche de confort, d’intimité et d’un cadre de vie agréable. Caractéristiques principales : • Localisation : Hay Targa – Marrakech • Superficie : 290 m² • Type : Villa • Configuration : Sous-s...",https://www.mubawab-media.com/ad/8/361/084F/h/1_82584258.avif,21,2026-09-30
8281906,Terrain pour villa 976 m² a vendre Targa Marrakech,https://www.mubawab.ma/fr/a/8281906/terrain-pour-villa-976-m%C2%B2-a-vendre-targa-marrakech,Vente,Villa,Marrakech,Targa,4 000 000 DH,4000000,976m²,976,,,,,"Lot de terrain pour villa de 976 m² en vente situé a Hay Targa 2 façades contient une villa semi finie bâtie sur 3 étages avec autorisation ,plan ,dans une zone des villas , voisinage très respectueux près de tous commodités Pour plus d informations veuillez nous contacter",https://www.mubawab-media.com/ad/8/281/906F/h/IMG-20251207-WA0017%5B1%5D_81740578.avif,2,2026-09-30
7927977,Villa en vente à targa,https://www.mubawab.ma/fr/a/7927977/villa-en-vente-%C3%A0-targa,Vente,Villa,Marrakech,Targa,4 000 000 DH,4000000,600m²,600,7 Pièces,4 Chambres,3 Salles de bains,"Terrasse, Cuisine équipée",Superbe villa d’une superficie de 600m2 composé de 1-sous sol : grand espace ouvert une pièce toilette et grande cour anglaise. 2- deux salons ouverts salle à manger toilette visiteur grande cuisine équipée accès jardin arrière 3- premier étage : une suite parentale avec salle de bains et dressing et balcon 3 chambres et salle de bain et balcon 4- une grande terrasse ouverte. Prix 4.000.000dhs,https://www.mubawab-media.com/ad/7/927/977F/h/f3c02ff3-bf63-4a21-a62d-9b5fedd7b142_76250993.avif,11,2026-09-30
8245916,Villa a vendre targa,https://www.mubawab.ma/fr/a/8245916/villa-a-vendre-targa,Vente,Villa,Marrakech,Targa,4 000 000 DH,4000000,300m²,300,3 Pièces,4 Chambres,3 Salles de bains,"Jardin, Terrasse, Garage, Chambre rangement, Meublé, Salon Marocain, Salon européen, Cheminée, Climatisation, Cuisine équipée, Réfrigérateur, Four, Machine à laver",VILLA A VENDRE . LES ROSES DE TARGA : RESIDENCE FERMEE ET SECURISEE,https://www.mubawab-media.com/ad/8/245/916F/h/DSC_3755-HDR_81344595.avif,13,2026-09-30
8239241,Charmante villa 4 chambres à vendre à targa,https://www.mubawab.ma/fr/a/8239241/charmante-villa-4-chambres-%C3%A0-vendre-%C3%A0-targa,Vente,Villa,Marrakech,Targa,4 000 000 DH,4000000,211m²,211,5 Pièces,4 Chambres,2 Salles de bains,"Jardin, Terrasse, Piscine, Entre-seul, Antenne parabolique, Cheminée, Climatisation, Sécurité, Cuisine équipée","Villa à vendre à Targa Charmante villa de 211 m² habitables sur 325 m² de terrain, située dans une résidence fermée et calme. Au rez-de-chaussée : grand salon avec cheminée, accès direct au jardin et à la piscine, cuisine équipée, chambre et toilette invités. À l’étage : 4 chambres, 2 salles de bain. À l’extérieur : piscine privée, jardin arboré et puits. Un cadre idéal pour profiter du confort, de la sécurité et de la tranquillité",https://www.mubawab-media.com/ad/8/239/241F/h/IMG_6907_81274697.avif,17,2026-09-30
8226216,Vila avendre a targa a cotes de carfour,https://www.mubawab.ma/fr/a/8226216/vila-avendre-a-targa-a-cotes-de-carfour,Vente,Villa,Marrakech,Targa,4 000 000 DH,4000000,449m²,449,1 Pièce,7 Chambres,3 Salles de bains,"Jardin, Terrasse, Garage, Piscine, Chambre rangement, Meublé, Entre-seul, Salon Marocain, Climatisation, Sécurité, Porte blindée, Cuisine équipée, Réfrigérateur, Four, Machine à laver, Micro-ondes",Superficie terrain 449 m2 Superficie habitable 314 m2 A côté carrefour targa Sans piscine mais existe sur le plan Avec puits Villa isolée Résidence sécurisée avec barrière Syndic existe Prix 4 000 000 dhs négociable,https://www.mubawab-media.com/ad/8/226/216F/h/IMG_3817_81135997.avif,9,2026-09-30
8111963,Beau terrain à la vente à Targa,https://www.mubawab.ma/fr/a/8111963/beau-terrain-%C3%A0-la-vente-%C3%A0-targa,Vente,Terrain,Marrakech,Targa,4 030 000 DH,4030000,491m²,491,,,,,"Réalisez vos projets avec ce terrain à vendre. Prix 4 030 000 DH. Superficie de 491 m². Ce terrain est proposé à la vente à Targa, Marrakech. Prix : 4 030 000 Dhs Commission agence : 2,5 % HT N’hésitez pas à nous contacter pour plus d’informations",https://www.mubawab-media.com/ad/8/111/963F/h/photo_0_79963971.avif,1,2026-09-30
8323367,Terrain villa 370 metre à Targa,https://www.mubawab.ma/fr/a/8323367/terrain-villa-370-metre-%C3%A0-targa,Vente,Villa,Marrakech,Targa,4 070 000 DH,4070000,370m²,370,,,,,"Emplacement stratégique sur l’avenue El Idrissi, en face du Café Mawazine. Terrain en angle offrant excellente visibilité et fort potentiel pour projet résidentiel ou investissement",https://www.mubawab-media.com/ad/8/323/367F/h/terrain%20marrakech_82174349.avif,1,2026-09-30
8009738,Villa à Targa pour la vente,https://www.mubawab.ma/fr/a/8009738/villa-%C3%A0-targa-pour-la-vente,Vente,Villa,Marrakech,Targa,4 100 000 DH,4100000,380m²,380,7 Pièces,4 Chambres,4 Salles de bains,"Jardin, Terrasse, Piscine, Concierge, Climatisation, Sécurité","VILLA À VENDRE – CENTRE DE TARGA, MARRAKECH À vendre, belle villa située au centre de Targa, au sein d’une résidence sécurisée et recherchée. Superficie : 332 m² Piscine privée Espaces extérieurs Résidence sécurisée Emplacement privilégié à proximité des commodités Une propriété idéale pour une résidence familiale ou un investissement à Marrakech. Prix de vente : 4 100 000 DH Pour plus d’informations, photos et vidéo",https://www.mubawab-media.com/ad/8/009/738F/h/4e7aaeaa-5f01-4f5c-a3c1-b8a8ea8f6a58_83135273.avif,25,2026-09-30
8407307,Villa 4 chambres,https://www.mubawab.ma/fr/a/8407307/villa-4-chambres,Vente,Villa,Marrakech,Targa,4 100 000 DH,4100000,332m²,332,5 Pièces,4 Chambres,4 Salles de bains,,"Villa très bien situé a targa a coté du British School et de la clinique le Marrakech, dans une résidence fermée. Prix à débattre Travaux à prévoir Curieux s’abstenir",https://www.mubawab-media.com/ad/8/407/307F/h/IMG_0653_83129318.avif,12,2026-09-30
8375657,Villa à vendre – Résidence sécurisée – Hay Targa – Marrakech,https://www.mubawab.ma/fr/a/8375657/villa-%C3%A0-vendre-%E2%80%93-r%C3%A9sidence-s%C3%A9curis%C3%A9e-%E2%80%93-hay-targa-%E2%80%93-marrakech,Vente,Villa,Marrakech,Targa,4 150 000 DH,4150000,450m²,450,9 Pièces,5 Chambres,6 Salles de bains,"Jardin, Terrasse, Garage, Piscine, Concierge, Chambre rangement, Entre-seul, Salon Marocain, Salon européen, Antenne parabolique, Climatisation, Sécurité, Double vitrage, Porte blindée, Cuisine équipée","L’agence Pics Atlas vous propose une magnifique villa à vendre située au cœur de Hay Targa à Marrakech, l’un des quartiers résidentiels les plus prisés de la ville. Édifiée sur une superficie de 450 m², cette villa offre de généreux espaces de vie, des prestations de qualité et un environnement calme et sécurisé 24h/24. Elle dispose d’un jardin aménagé sur trois côtés, d’une piscine privée ainsi que de plusieurs terrasses, offrant un cadre de vi...",https://www.mubawab-media.com/ad/8/375/657F/h/1_82785162.avif,15,2026-09-30
8239493,Jolie Villa avec piscine en vente à Targa,https://www.mubawab.ma/fr/a/8239493/jolie-villa-avec-piscine-en-vente-%C3%A0-targa,Vente,Villa,Marrakech,Targa,4 150 000 DH,4150000,215m²,215,6 Pièces,4 Chambres,3 Salles de bains,"Jardin, Terrasse, Piscine, Concierge, Entre-seul, Cheminée, Climatisation, Sécurité, Cuisine équipée","Jolie Villa avec piscine en vente à Targa, Située dans une résidence sécurisée et familiale , vous propose en vente une jolie villa avec piscine et jardin , d’une superficie habitable de 215m² et 325 m² en terrain , Bâtie sur deux niveaux , au rez-de-chaussée elle dispose d’un double salon , un séjour , une cuisine aménagée et des toilettes d’invités , À l’étage 4 chambres à coucher et 3 salles de bain , une buanderie et une grande terrasse",https://www.mubawab-media.com/ad/8/239/493F/h/WhatsApp%20Image%202025-10-21%20at%2013.26.41%20%285%29_81277330.avif,11,2026-09-30
8416836,VILLA À VENDRE TARGA Opportunité rare,https://www.mubawab.ma/fr/a/8416836/villa-%C3%A0-vendre-targa-opportunit%C3%A9-rare,Vente,Villa,Marrakech,Targa,4 200 000 DH,4200000,305m²,305,7 Pièces,4 Chambres,4 Salles de bains,"Piscine, Concierge, Salon européen, Cheminée, Climatisation, Sécurité, Double vitrage","Située dans un emplacement stratégique à Targa, au sein d’une résidence sécurisée et très prisée, cette belle villa de 305 m² bénéficie d’un environnement résidentiel recherché et d’une proximité immédiate avec toutes les commodités. La villa se compose de : * 4 chambres, chacune avec sa propre salle de bain * Triple salon, dont un avec cheminée * De beaux espaces de réception lumineux * De grandes baies vitrées donnant sur la piscine * Un agré...",https://www.mubawab-media.com/ad/8/416/836F/h/PHOTO-2026-09-08-13-28-55_7_83234141.avif,16,2026-09-30
8350367,Villa de haut standing à vendre à Hay Targa. Surface de 436...,https://www.mubawab.ma/fr/a/8350367/villa-de-haut-standing-%C3%A0-vendre-%C3%A0-hay-targa-surface-de-436-m%C2%B2-bien-meubl%C3%A9,Vente,Villa,Marrakech,Targa,4 200 000 DH,4200000,436m²,436,8 Pièces,5 Chambres,5 Salles de bains,"Jardin, Terrasse, Garage, Piscine, Chambre rangement, Meublé, Entre-seul, Salon Marocain, Salon européen, Antenne parabolique, Cheminée, Climatisation, Chauffage central, Sécurité, Double vitrage, Porte blindée, Cuisine équipée, Réfrigérateur, Four, Machine à laver, Micro-ondes","Raffinement et confort pour cette villa à vendre. Prix 4 200 000 DH. 5 chambres à coucher, 5 salles de bains, 436 m². 8 pièces. Moins de 20 ans. Type de sol: Marbre. Bien meublé. Venez découvrir sans hésiter cette villa à Hay Targa. Résidence sécurisée et porte blindée. Le bien dispose également d'un beau salon marocain traditionnel. Confortable et bien équipé avec piscine, cheminée et climatisation. Programmez dès maintenant votre visite pour...",https://www.mubawab-media.com/ad/8/350/367F/h/photo_0_82473315.avif,24,2026-09-30
8419184,Somptueuse villa à vendre à Hay Targa. Superficie 428 m²,https://www.mubawab.ma/fr/a/8419184/somptueuse-villa-%C3%A0-vendre-%C3%A0-hay-targa-superficie-428-m%C2%B2,Vente,Villa,Marrakech,Targa,4 200 000 DH,4200000,428m²,428,5 Pièces,5 Chambres,4 Salles de bains,"Jardin, Piscine, Climatisation","[À VENDRE] Magnifique Villa Semi-Finie avec Piscine – Zhour Targa, Marrakech M-Signature Luxury vous propose une opportunité d’investissement d’exception au cœur du quartier recherché de Targa (secteur Les Zhour). Cette villa contemporaine en cours de finition bénéficie d'une excellente qualité de construction et d'un plan parfaitement optimisé pour une vie de famille luxueuse. Fiche Technique & Configuration : Surface du terrain : 428 m² Re...",https://www.mubawab-media.com/ad/8/419/184F/h/IMG_0929_83260284.avif,11,2026-09-30
8381564,Villa d’exception à vendre targa,https://www.mubawab.ma/fr/a/8381564/villa-d%E2%80%99exception-%C3%A0-vendre-targa,Vente,Villa,Marrakech,Targa,4 200 000 DH,4200000,390m²,390,5 Pièces,4 Chambres,5 Salles de bains,"Jardin, Terrasse, Garage, Vue sur les montagnes, Piscine, Concierge, Chambre rangement, Entre-seul, Salon européen, Antenne parabolique, Cheminée, Chauffage central, Sécurité, Double vitrage, Porte blindée, Cuisine équipée, Réfrigérateur, Four, Machine à laver, Micro-ondes","Prix : 4 200 000 DH Frais d’agence : 2,5 % villa privée haut standing, alliant élégance, confort absolu et architecture raffinée, située dans le très prisé quartier de Targa. Pensée pour une clientèle exigeante, cette propriété séduit par ses volumes généreux, sa luminosité exceptionnelle et ses finitions nobles en marbre, offrant un cadre de vie prestigieux et intimiste. Caractéristiques principales : • Terrain : 390 m² • Surface habitable :...",https://www.mubawab-media.com/ad/8/381/564F/h/e314f60b-798f-4645-a56d-cbce53c4b533_82850089.avif,18,2026-09-30
8383791,"Villa à vendre à Targa, Marrakech — piscine collective — 336...",https://www.mubawab.ma/fr/a/8383791/villa-%C3%A0-vendre-%C3%A0-targa-marrakech-%E2%80%94-piscine-collective-%E2%80%94-336m%C2%B2,Vente,Villa,Marrakech,Targa,4 200 000 DH,4200000,336m²,336,7 Pièces,4 Chambres,3 Salles de bains,"Jardin, Terrasse, Piscine, Chambre rangement, Salon Marocain, Salon européen, Antenne parabolique, Cheminée, Climatisation, Chauffage central, Sécurité, Double vitrage, Cuisine équipée, Réfrigérateur, Four, Machine à laver, Micro-ondes","L’Immobilier Sans Frontières vous propose cette villa à vendre dans une résidence sécurisée à Targa, Marrakech. Le bien est annoncé à proximité des commodités, avec jardin privé et accès à une piscine collective. Cette villa se compose de : Rez-de-chaussée : Salon européen – salon marocain – séjour – cuisine bien équipée – buanderie – toilette invités – terrasse – baie vitrée – cheminée en bois Étage : Suite parentale avec salle de bain, dressin...",https://www.mubawab-media.com/ad/8/383/791F/h/0%20image%20a%20la%20une_82874365.avif,32,2026-09-30
8291758,"Villa avec jardin et pisine à vendre, hay targa Marrakech",https://www.mubawab.ma/fr/a/8291758/villa-avec-jardin-et-pisine-%C3%A0-vendre-hay-targa-marrakech,Vente,Villa,Marrakech,Targa,4 200 000 DH,4200000,304m²,304,5 Pièces,4 Chambres,4 Salles de bains,"Jardin, Terrasse, Garage, Piscine, Chambre rangement, Salon Marocain, Salon européen, Antenne parabolique, Climatisation, Sécurité, Double vitrage, Porte blindée, Cuisine équipée","L’agence Pics Atlas vous propose à la vente une villa située à Hay Targa, l’un des quartiers résidentiels les plus recherchés de Marrakech. Cette propriété offre un cadre de vie agréable, des espaces fonctionnels et un fort potentiel pour une résidence familiale. Caractéristiques principales • Superficie terrain : 304 m² • Type de bien : Villa • Localisation : Hay Targa – Marrakech Composition 1 salon lumineux donnant sur le jardin - 4 cham...",https://www.mubawab-media.com/ad/8/291/758F/h/1_81840784.avif,27,2026-09-30
8330570,Maison de luxe à vendre à TARGA,https://www.mubawab.ma/fr/a/8330570/maison-de-luxe-%C3%A0-vendre-%C3%A0-targa,Vente,Villa,Marrakech,Targa,4 200 000 DH,4200000,300m²,300,1 Pièce,4 Chambres,5 Salles de bains,"Jardin, Garage, Salon Marocain, Salon européen, Cheminée, Cuisine équipée","Prestations haut de gamme pour cette magnifique villa en vente à TARGA. 300m2 à 4 200 000dhs Au rez-de-chaussée: un grand salon, coin salle à manger, coin cheminée et une sdb À l’étage: 3chambresdressings et sdbs Le sous sol : une cuisine, une chambre, une sdb. Venez découvrir sans hésiter cette villa à Hay Lalla Haya. TARGA. Garage. Et jardin Programmez dès maintenant votre visite pour cette villa d'exception à Marrakech",https://www.mubawab-media.com/ad/8/330/570F/h/photo_0_82260852.avif,6,2026-09-30
8186873,Vente Villa Contemporaine à Targa,https://www.mubawab.ma/fr/a/8186873/vente-villa-contemporaine-%C3%A0-targa,Vente,Villa,Marrakech,Targa,4 250 000 DH,4250000,245m²,245,4 Pièces,3 Chambres,4 Salles de bains,"Jardin, Terrasse, Garage, Vue sur les montagnes, Piscine, Concierge, Chambre rangement, Meublé, Entre-seul, Salon Marocain, Salon européen, Antenne parabolique, Cheminée, Climatisation, Sécurité, Double vitrage, Porte blindée, Cuisine équipée, Réfrigérateur, Four, Machine à laver, Micro-ondes","Villa contemporaine à vendre – Marrakech (3 façades, piscine, jardin, construction récente) Située dans un quartier calme et sécurisé de Marrakech, cette villa d’angle indépendante vous séduira par sa luminosité, ses volumes et la qualité remarquable de ses matériaux. Prix : 4 250 000 MAD meublée / 4 100 000 MAD vide – légèrement négociable. Terrain : 434 m² Surface construite : 245 m² (RDC étage) Rez-de-chaussée – 152 m² : 1 chamb...",https://www.mubawab-media.com/ad/8/186/873F/h/d356e1d6-9342-4070-973c-700c755bcc8f_80732506.avif,12,2026-09-30
8172217,"Villa à Vendre de 516.0 m² à Marrakech, Targa",https://www.mubawab.ma/fr/a/8172217/villa-%C3%A0-vendre-de-516-0-m%C2%B2-%C3%A0-marrakech-targa,Vente,Villa,Marrakech,Targa,4 290 000 DH,4290000,516m²,516,6 Pièces,5 Chambres,8 Salles de bains,"Meublé, Chauffage central","À vendre, villa spacieuse située dans le quartier prisé de Targa à Marrakech. D'une surface totale de 516 m², cette propriété offre 5 chambres, 4 salles de bain et 2 niveaux, le tout sur un terrain de 210 m². Profitez de ses 3 façades pour une luminosité optimale. Prix : 4 500 000 Dhs. Ne manquez pas cette opportunité unique !",https://www.mubawab-media.com/ad/8/172/217F/h/image_50422951_80583588.avif,24,2026-09-30
8355210,Villa quartier d’exception TARGA,https://www.mubawab.ma/fr/a/8355210/villa-quartier-d%E2%80%99exception-targa,Vente,Villa,Marrakech,Targa,4 300 000 DH,4300000,350m²,350,5 Pièces,4 Chambres,3 Salles de bains,"Jardin, Terrasse, Cheminée","Maison de cœur dans un quartier d’exception Située dans le très prisé secteur de Targa, au sein d’un environnement calme, sécurisé et recherché (habité notamment par notaires et professions libérales), cette villa moderne entièrement rénovée est une véritable opportunité pour une vie de famille sereine. Édifiée sur environ 300 m² de terrain, elle offre 350 m² habitables baignés de lumière, avec de beaux volumes et une hauteur sous plafond r...",https://www.mubawab-media.com/ad/8/355/210F/h/IMG_4422_82540778.avif,7,2026-09-30
8376801,À vendre – terrain exceptionnel à targa,https://www.mubawab.ma/fr/a/8376801/%C3%A0-vendre-%E2%80%93-terrain-exceptionnel-%C3%A0-targa,Vente,Terrain,Marrakech,Targa,4 320 000 DH,4320000,1200m²,1200,,,,,"Opportunité rare à Targa : terrain de 1 200 m², idéalement situé à proximité immédiate de la Clinique Grand Atlas. Grâce à son emplacement stratégique, ce terrain est parfaitement adapté pour un projet à fort potentiel, notamment : École privée ou établissement de formation Clinique, centre médical ou centre de soins Projet immobilier haut standing Bureaux ou activité professionnelle, selon autorisations Emplacement : Targa, à proximité immédia...",https://www.mubawab-media.com/ad/8/376/801F/h/WhatsApp%20Image%202026-07-04%20at%2017.29.15_82797982.avif,1,2026-09-30
8374329,Terrain en vente à targa. Surface totale 1199 m²,https://www.mubawab.ma/fr/a/8374329/terrain-en-vente-%C3%A0-targa-surface-totale-1199-m%C2%B2,Vente,Terrain,Marrakech,Targa,4 376 350 DH,4376350,1199m²,1199,,,,,"Découvrez ce magnifique terrain à vendre situé dans le quartier prisé de Masmoudi, au cœur de la région dynamique de Marrakech-Safi, précisément à Marrakech, dans le district de Ménara. S'étendant sur une superficie généreuse de 1199 m², ce terrain vierge n'a jamais été habité ni réformé, offrant un potentiel immense pour la réalisation de vos projets immobiliers. La localisation est idéale pour ceux qui souhaitent être entourés par l'énergie vi...",https://www.mubawab-media.com/ad/8/374/329F/h/photo_0_82767672.avif,1,2026-09-30
8380179,Villa avec cosy et accueillante à vendre,https://www.mubawab.ma/fr/a/8380179/villa-avec-cosy-et-accueillante-%C3%A0-vendre,Vente,Villa,Marrakech,Targa,4 395 000 DH,4395000,250m²,250,7 Pièces,4 Chambres,2 Salles de bains,"Jardin, Terrasse, Garage, Entre-seul, Salon Marocain, Salon européen, Cheminée, Climatisation, Sécurité, Porte blindée, Cuisine équipée, Réfrigérateur, Four, Machine à laver","Bonne opportunité ! Située au coeur de Targa, au calme, sans vis-à-vis et bénéficiant d'un excellent voisinage, cette villa est idéale pour une famille recherchant confort, qualité de vie et à proximité immédiate de Victor Hugo Édifiée sur un terrain de 240 m², elle développe environ 250 m² habitables et ne nécessite aucun travaux. Elle offre : Une belle réception avec salon marocain, salon européen avec cheminée et salle à manger ouverts sur...",https://www.mubawab-media.com/ad/8/380/179F/h/ChatGPT%20Image%2010%20juil.%202026%2C%2013_24_16_82858258.avif,11,2026-09-30
8376017,Villa moderne à vendre meublé de 270m² à Targa,https://www.mubawab.ma/fr/a/8376017/villa-moderne-%C3%A0-vendre-meubl%C3%A9-de-270m%C2%B2-%C3%A0-targa,Vente,Villa,Marrakech,Targa,4 400 000 DH,4400000,270m²,270,6 Pièces,4 Chambres,3 Salles de bains,"Jardin, Terrasse, Garage, Piscine, Chambre rangement, Meublé, Entre-seul, Salon Marocain, Salon européen, Antenne parabolique, Climatisation, Chauffage central, Sécurité, Double vitrage, Porte blindée, Cuisine équipée, Réfrigérateur, Four, Machine à laver","Cette villa à vendre meublé idéalement située dans le quartier résidentiel très recherché de Targa d'une surface de terrain 270m², cette élégante villa séduit par son architecture contemporaine, ses volumes généreux et son cadre de vie paisible. Le rez-de-chaussée offre de magnifiques espaces de réception baignés de lumière, comprenant un salon marocain, un salon européen, une salle à manger conviviale, une cuisine fonctionnelle entièrement aména...",https://www.mubawab-media.com/ad/8/376/017F/h/WhatsApp%20Image%202026-07-03%20at%2012.15.38%20%284%29_82789754.avif,13,2026-09-30
8381924,Villa a vendre hay targa marrakech,https://www.mubawab.ma/fr/a/8381924/villa-a-vendre-hay-targa-marrakech,Vente,Villa,Marrakech,Targa,4 400 000 DH,4400000,392m²,392,2 Pièces,5 Chambres,2 Salles de bains,"Terrasse, Piscine, Sécurité, Cuisine équipée","Cette villa allie parfaitement confort moderne, touches traditionnelles et prestations haut de gamme, offrant un style de vie luxueux à Targa. Au rez-de-chaussée, vous trouverez deux spacieux salons, une salle de bain, une spacieuse cuisine entièrement équipée et un hammam municipal, apportant une touche marocaine traditionnelle à cette résidence contemporaine. Trois sorties extérieures permettent d'accéder facilement aux espaces extérieurs bien...",https://www.mubawab-media.com/ad/8/381/924F/h/photo_0_82853975.avif,6,2026-09-30
8288448,Superbe villa 4 chambres avec piscine privée,https://www.mubawab.ma/fr/a/8288448/superbe-villa-4-chambres-avec-piscine-priv%C3%A9e,Vente,Villa,Marrakech,Targa,4 500 000 DH,4500000,405m²,405,7 Pièces,4 Chambres,3 Salles de bains,"Piscine, Entre-seul, Cheminée","Nous mettons à la vente une belle villa avec piscine privée, située au cœur du quartier Targa, La villa se compose de 3 niveaux Caractéristiques de la villa : Au rez de chaussée : triple salon avec coin cheminée et toilette des invitées A l’étage : 3 chambres dont 2 suites parentales avec dressing salle de bain chacune Au sous-sol : Une chambre et une cuisine Pour plus d’informations, veuillez nous contacter",https://www.mubawab-media.com/ad/8/288/448F/h/WhatsApp%20Image%202026-04-20%20at%2010.17.48%20%281%29_82306649.avif,31,2026-09-30
8133976,Belle villa de 500 m² avec piscine à Targa,https://www.mubawab.ma/fr/a/8133976/belle-villa-de-500-m%C2%B2-avec-piscine-%C3%A0-targa,Vente,Villa,Marrakech,Targa,4 500 000 DH,4500000,500m²,500,6 Pièces,4 Chambres,5 Salles de bains,"Jardin, Piscine, Meublé, Salon Marocain, Salon européen, Climatisation, Sécurité, Cuisine équipée","Nous mettons à la vente une belle villa moderne de 500 m², idéalement située à Targa, avec piscine privée et jardin. Au Rez-de-chaussée : • Double salon lumineux donnant sur la piscine • Coin salle à manger ouvert sur l’espace piscine • Cuisine équipée • Toilettes invités A l’étage : • 4 chambres, dont 3 suites parentales avec salle de bain • 1 salle de bain indépendante Pour plus d’informations veuillez nous contacter",https://www.mubawab-media.com/ad/8/133/976F/h/WhatsApp%20Image%202025-04-30%20at%2014.57.15_80188678.avif,20,2026-09-30
8424456,Villa top moderne à vendre à targa,https://www.mubawab.ma/fr/a/8424456/villa-top-moderne-%C3%A0-vendre-%C3%A0-targa,Vente,Villa,Marrakech,Targa,4 500 000 DH,4500000,360m²,360,7 Pièces,5 Chambres,6 Salles de bains,"Jardin, Terrasse, Garage, Piscine, Chambre rangement, Salon Marocain, Salon européen, Antenne parabolique, Climatisation, Chauffage central, Sécurité, Double vitrage, Porte blindée, Cuisine équipée, Réfrigérateur, Four, Machine à laver","Villa moderne à vendre, édifiée sur un terrain de 390 m², offrant de beaux volumes et un cadre de vie confortable. Elle se compose de deux salons spacieux et de 5 suites, idéales pour une grande famille. La villa dispose également d’une piscine et d’un jardin, parfaits pour profiter des beaux jours dans un environnement agréable",https://www.mubawab-media.com/ad/8/424/456F/h/IMG_4722_83318049.avif,13,2026-09-30
8397717,"Villa vide à vendre à Targa, Marrakech – Piscine privée – Te...",https://www.mubawab.ma/fr/a/8397717/villa-vide-%C3%A0-vendre-%C3%A0-targa-marrakech-%E2%80%93-piscine-priv%C3%A9e-%E2%80%93-terrain-400-m%C2%B2,Vente,Villa,Marrakech,Targa,4 500 000 DH,4500000,120m²,120,8 Pièces,4 Chambres,3 Salles de bains,"Jardin, Terrasse, Garage, Piscine, Chambre rangement, Meublé, Entre-seul, Salon Marocain, Salon européen, Antenne parabolique, Cheminée, Climatisation, Double vitrage, Cuisine équipée","L’Immobilier Sans Frontières vous propose à la vente cette villa vide située à Targa, Marrakech. Implantée sur un terrain de 400 m², elle développe environ 380 m² répartis entre le sous-sol, le rez-de-chaussée et l’étage. La villa offre plusieurs espaces de vie, quatre chambres, un jardin privé ainsi qu’une piscine privée. Sous-sol – 120 m² : Salon européen – Chambre – Cuisine équipée – Salle de bain Rez-de-chaussée – 120 m² : Salon marocain –...",https://www.mubawab-media.com/ad/8/397/717F/h/0%20image%20a%20la%20une%20Photo%20_83028003.avif,29,2026-09-30
8345863,"A vendre Villa de prestige à Targa, Marrakech",https://www.mubawab.ma/fr/a/8345863/a-vendre-villa-de-prestige-%C3%A0-targa-marrakech,Vente,Villa,Marrakech,Targa,4 500 000 DH,4500000,320m²,320,7 Pièces,4 Chambres,5 Salles de bains,"Jardin, Terrasse, Garage, Piscine, Concierge, Chambre rangement, Meublé, Entre-seul, Salon Marocain, Salon européen, Antenne parabolique, Cheminée, Climatisation, Chauffage central, Sécurité, Porte blindée, Cuisine équipée, Réfrigérateur, Four, Machine à laver, Micro-ondes","Villa de prestige en vente à Targa, Marrakech Découvrez cette superbe villa située dans le quartier prisé de Targa à Marrakech. Érigée sur trois niveaux, cette propriété offre des prestations haut de gamme et des finitions soignées, alliant élégance et confort moderne. L'architecture se distingue par l'utilisation de matériaux nobles tels que le marbre de qualité et une menuiserie en cèdre raffinée, rehaussée par des détails luxueux en feuille d'...",https://www.mubawab-media.com/ad/8/345/863F/h/M_82417165.avif,14,2026-09-30
8390367,À Vendre – Villa Individuelle Meublée à Targa,https://www.mubawab.ma/fr/a/8390367/%C3%A0-vendre-%E2%80%93-villa-individuelle-meubl%C3%A9e-%C3%A0-targa,Vente,Villa,Marrakech,Targa,4 500 000 DH,4500000,370m²,370,4 Pièces,3 Chambres,3 Salles de bains,"Piscine, Meublé, Salon Marocain, Climatisation, Cuisine équipée, Réfrigérateur, Four","Réf. : 041S/026 Magnifique villa individuelle, vendue entièrement meublée, offrant de beaux volumes et un cadre de vie agréable. Caractéristiques : - Terrain : 370 m² - Surface construite : 120 m² par étage - Villa spacieuse et lumineuse - Plusieurs chambres et espaces de vie confortables - Cuisine équipée - Salles de bains - Vendue entièrement meublée Prix de vente : 4 500 000 DH Une excellente opportunité, idéale pour une résidence princip...",https://www.mubawab-media.com/ad/8/390/367F/h/WhatsApp%20Image%202026-07-28%20at%2014.51.54%20%282%29_82945543.avif,15,2026-09-30
8387267,Maison de haut standing à vendre,https://www.mubawab.ma/fr/a/8387267/maison-de-haut-standing-%C3%A0-vendre,Vente,Villa,Marrakech,Targa,4 500 000 DH,4500000,260m²,260,1 Pièce,5 Chambres,3 Salles de bains,"Jardin, Terrasse, Garage, Chambre rangement, Salon Marocain, Salon européen, Antenne parabolique, Cheminée, Climatisation, Cuisine équipée","Cette magnifique villa de luxe à vendre est située dans le quartier prisé de Hay Targa, à Marrakech. Avec une surface habitable de 260 m² et un terrain de 240 m², cette propriété spacieuse offre le confort et l'élégance recherché. La maison, orientée à Est Ouest est âgée elle se distingue par ses sols en marbre qui ajoutent une touche de sophistication à l'intérieur. En entrant, on découvre un salon marocain traditionnel ainsi qu'un salon europé...",https://www.mubawab-media.com/ad/8/387/267F/h/photo_0_82911851.avif,15,2026-09-30
8365824,Opportunité d’investissement exclusive A Marrakech,https://www.mubawab.ma/fr/a/8365824/opportunit%C3%A9-d%E2%80%99investissement-exclusive-a-marrakech,Vente,Villa,Marrakech,Targa,4 500 000 DH,4500000,600m²,600,10 Pièces,9 Chambres,4 Salles de bains,"Jardin, Terrasse, Garage, Chambre rangement, Entre-seul","Nous proposons à la vente cette superbe villa à Marrakech, Abouab Marrakech, Targa. Une Opportunité d’investissement exclusive avec Bastet Property. Sur un terrain de 436 m² et une superficie totale construite de 600 m², le bâtiment comprend deux étages et un sous-sol, ainsi que plusieurs terrasses découvertes, d’autres terrasses couvertes et des jardins. Cette propriété à rénovée permet l’exploitation commerciale de plusieurs établissements en...",https://www.mubawab-media.com/ad/8/365/824F/h/1bsv0130_82676148.avif,32,2026-09-30
8365642,Opportunité exceptionnelle à saisir sur Marrakech,https://www.mubawab.ma/fr/a/8365642/opportunit%C3%A9-exceptionnelle-%C3%A0-saisir-sur-marrakech,Vente,Villa,Marrakech,Targa,4 500 000 DH,4500000,517m²,517,5 Pièces,5 Chambres,5 Salles de bains,"Jardin, Piscine, Entre-seul, Cuisine équipée","EXCLUSIVITÉ M-SIGNATURE] – Magnifique Villa d'Exception à Targa, Marrakech Découvrez cette superbe propriété nichée dans l'un des quartiers résidentiels les plus prisés de Marrakech, alliant confort moderne et charme traditionnel. Superficie du terrain : 517 m² Superficie habitable : 250 m² Espaces de vie :Rez-de-chaussée : Un triple salon spacieux et lumineux, idéal pour recevoir, ainsi qu'une cuisine entièrement équipée. Sous-sol : Un es...",https://www.mubawab-media.com/ad/8/365/642F/h/IMG_6718_82673859.avif,32,2026-09-30
8362956,"Villa à Vendre de 429.0 m² à Marrakech, Zohor Targa Zephyr",https://www.mubawab.ma/fr/a/8362956/villa-%C3%A0-vendre-de-429-0-m%C2%B2-%C3%A0-marrakech-zohor-targa-zephyr,Vente,Villa,Marrakech,Targa,4 500 000 DH,4500000,429m²,429,11 Pièces,9 Chambres,7 Salles de bains,"Jardin, Meublé, Climatisation, Chauffage central","À vendre, magnifique villa située dans le quartier prisé de Zohor Targa - Zephyr à Marrakech. Cette propriété spacieuse de 429 m², comprenant 360 m² habitables, offre 9 chambres, 5 salles de bain et 4 façades sur 2 niveaux. Profitez d'un jardin de 200 m². Prix : 4 500 000 Dhs. Une opportunité rare à ne pas manquer",https://www.mubawab-media.com/ad/8/362/956F/h/image_505627864_82604410.avif,15,2026-09-30
8183323,Vente Villa à hay targa,https://www.mubawab.ma/fr/a/8183323/vente-villa-%C3%A0-hay-targa,Vente,Villa,Marrakech,Targa,4 500 000 DH,4500000,516m²,516,,,,"Jardin, Terrasse, Piscine, Meublé, Entre-seul, Sécurité","El Yazid EL JJOUAOUI vous propose à la vente une magnifique villa meublée de 3 façades, située dans un quartier résidentiel calme et sécurisé à Targa. Édifiée sur un terrain de 516 m², elle offre 270 m² habitables, répartis intelligemment pour garantir un confort optimal. La villa se compose au rez-de-chaussée de deux séjours, un salon lumineux et des toilettes invités. À l'étage, on retrouve une suite parentale avec salle de bain privative et...",https://www.mubawab-media.com/ad/8/183/323F/h/7623449d57186a042fa9_80696195.avif,13,2026-09-30
8265327,"Villa à Vendre de 400.0 m² à Marrakech, Targa",https://www.mubawab.ma/fr/a/8265327/villa-%C3%A0-vendre-de-400-0-m%C2%B2-%C3%A0-marrakech-targa,Vente,Villa,Marrakech,Targa,4 500 000 DH,4500000,400m²,400,8 Pièces,6 Chambres,5 Salles de bains,"Jardin, Garage, Chauffage central","À vendre : superbe villa située dans le quartier prisé de Targa à Marrakech. Cette propriété spacieuse de 400 m² comprend 6 chambres et 5 salles de bain, réparties sur 2 niveaux. Idéale pour les familles cherchant confort et élégance. Prix : 4 500 000 Dhs",https://www.mubawab-media.com/ad/8/265/327F/h/image_268373647_81556307.avif,19,2026-09-30
8017465,Villa à vendre Targa,https://www.mubawab.ma/fr/a/8017465/villa-%C3%A0-vendre-targa,Vente,Villa,Marrakech,Targa,4 530 000 DH,4530000,433m²,433,4 Pièces,4 Chambres,4 Salles de bains,"Jardin, Terrasse, Piscine, Salon européen, Cheminée, Climatisation, Cuisine équipée","Villa contemporaine neuve isolée proposée à la vente à Targa, construite sur un terrain de 433 m² dont 320 m² habitables. La villa est composée d'un triple séjour avec cheminée donnant accés au jardin, cuisine moderne équipée, 4 chambres à coucher avec salle de douche privatives, WC visiteurs, jardin et piscine privée",https://www.mubawab-media.com/ad/8/017/465F/h/39faf12c-aeb8-43ce-af01-d2131b74e0881_79040854.avif,17,2026-09-30
8291877,Belle villa à vendre de 304m² à Targa,https://www.mubawab.ma/fr/a/8291877/belle-villa-%C3%A0-vendre-de-304m%C2%B2-%C3%A0-targa,Vente,Villa,Marrakech,Targa,4 600 000 DH,4600000,304m²,304,8 Pièces,4 Chambres,3 Salles de bains,"Jardin, Terrasse, Garage, Piscine, Chambre rangement, Salon Marocain, Salon européen, Antenne parabolique, Cheminée, Climatisation, Sécurité, Double vitrage, Cuisine équipée","Nous vous proposons à la vente une belle villa située dans le quartier résidentiel prisé de Targa, édifiée sur un terrain de 304m², offrant confort, fonctionnalité et belles finitions. Le rez-de-chaussée se compose de trois salons lumineux, comprenant : un salon marocain, un salon européen moderne, un séjour convivial avec cheminée, idéal pour les moments en famille. Vous y trouverez également une cuisine fonctionnelle, une toilette invités, a...",https://www.mubawab-media.com/ad/8/291/877F/h/IMG-20260126-WA0042_81842087.avif,17,2026-09-30
8163360,Villa à vendre à Targa – 400m² avec piscine,https://www.mubawab.ma/fr/a/8163360/villa-%C3%A0-vendre-%C3%A0-targa-%E2%80%93-400m%C2%B2-avec-piscine,Vente,Villa,Marrakech,Targa,4 600 000 DH,4600000,450m²,450,7 Pièces,5 Chambres,3 Salles de bains,"Jardin, Terrasse, Garage, Piscine, Chambre rangement, Entre-seul, Salon Marocain, Salon européen, Climatisation, Chauffage central, Sécurité, Double vitrage, Porte blindée, Cuisine équipée","Située dans un quartier résidentiel calme et recherché à Targa, cette magnifique villa d’une superficie bâtie de 400 m² sur un terrain de 377 m² offre un cadre de vie élégant et confortable avec jardin arboré et piscine privée. Composition : Sous-sol : Un hammam beldi traditionnel, une chambre, une toilette ainsi qu’un débarras. Rez-de-chaussée : Un vaste salon européen lumineux, un séjour convivial, une cuisine moderne entièrement équ...",https://www.mubawab-media.com/ad/8/163/360F/h/PHOTO-2025-06-18-10-47-38_80494104.avif,17,2026-09-30
8359210,Magnifique Villa avec Piscine à Vendre à Targa,https://www.mubawab.ma/fr/a/8359210/magnifique-villa-avec-piscine-%C3%A0-vendre-%C3%A0-targa,Vente,Villa,Marrakech,Targa,4 600 000 DH,4600000,412m²,412,4 Pièces,3 Chambres,3 Salles de bains,"Jardin, Terrasse, Garage, Piscine, Chambre rangement, Salon européen, Cuisine équipée","Située dans le prestigieux quartier de Targa à Marrakech, cette superbe villa de 412 m² allie confort, élégance et fonctionnalité. Édifiée sur deux niveaux (RDC étage), la propriété se compose de : * 3 chambres spacieuses avec placards intégrés, dont une magnifique suite parentale avec dressing et terrasse privative. * 3 salles de bains modernes. * Un vaste salon lumineux ouvert sur la piscine. * Une grande salle à manger idéale pour recevoir. *...",https://www.mubawab-media.com/ad/8/359/210F/h/WhatsApp%20Image%202026-05-23%20at%2015.34.07%20%282%29_82564394.avif,32,2026-09-30
8047830,"Moderne villa meublée à vendre, 360m², Targa Marrakech",https://www.mubawab.ma/fr/a/8047830/moderne-villa-meubl%C3%A9e-%C3%A0-vendre-360m%C2%B2-targa-marrakech,Vente,Villa,Marrakech,Targa,4 600 000 DH,4600000,360m²,360,7 Pièces,4 Chambres,4 Salles de bains,"Jardin, Terrasse, Garage, Piscine, Concierge, Chambre rangement, Salon Marocain, Salon européen, Antenne parabolique, Climatisation, Cuisine équipée, Four","L’Agence Pics Atlas vous propose cette superbe villa nichée dans le quartier résidentiel paisible de Targa, un cadre privilégié alliant élégance, confort et nature. Bénéficiez d’une vue imprenable sur les montagnes de l’Atlas et d’un environnement serein tout en restant à proximité des commodités essentielles. Caractéristiques de la villa : • Superficie du terrain : 360 m² • Nombre de chambres : 4 chambres spacieuses au design moderne • Nom...",https://www.mubawab-media.com/ad/8/047/830F/h/T%20mubawab%20%2810%29_80310831.avif,26,2026-09-30
8000932,"Villa à Vendre de 545.0 m² à Marrakech, Zohor Targa Zephyr",https://www.mubawab.ma/fr/a/8000932/villa-%C3%A0-vendre-de-545-0-m%C2%B2-%C3%A0-marrakech-zohor-targa-zephyr,Vente,Villa,Marrakech,Targa,4 600 000 DH,4600000,545m²,545,7 Pièces,5 Chambres,11 Salles de bains,Meublé,"À vendre, magnifique villa située dans le quartier prisé de Zohor Targa - Zephyr à Marrakech. Cette propriété spacieuse de 545 m², avec 420 m² de surface habitable, offre 5 chambres et 5 salles de bain, le tout sur un seul niveau. Profitez d'un cadre de vie agréable avec 3 façades. Prix : 4 600 000 Dhs",https://www.mubawab-media.com/ad/8/000/932F/h/image_902050399_78867924.avif,16,2026-09-30
8318181,Vente Villa Targa 2 Façades,https://www.mubawab.ma/fr/a/8318181/vente-villa-targa-2-fa%C3%A7ades,Vente,Villa,Marrakech,Targa,4 600 000 DH,4600000,237m²,237,7 Pièces,4 Chambres,2 Salles de bains,"Jardin, Terrasse, Garage, Piscine, Concierge, Meublé, Entre-seul, Salon Marocain, Salon européen, Antenne parabolique, Cheminée, Sécurité, Cuisine équipée, Réfrigérateur, Four, Machine à laver, Micro-ondes","Située dans un quartier calme et recherché, cette magnifique propriété de 237 m² habitables édifiée sur un terrain de 200 m² profite d'une excellente exposition grâce à ses deux façades, garantissant une luminosité naturelle tout au long de la journée. Distribution du bien : Au Rez-de-chaussée (Espace de vie) : Une triple réception spacieuse composée de 3 salons élégants, parfaits pour recevoir. Une cuisine moderne entièrement équipée (...",https://www.mubawab-media.com/ad/8/318/181F/h/WhatsApp%20Image%202026-03-17%20at%2021.00.23%20%283%29_82127072.avif,29,2026-09-30
8425788,Villa à vendre,https://www.mubawab.ma/fr/a/8425788/villa-%C3%A0-vendre,Vente,Villa,Marrakech,Targa,4 600 000 DH,4600000,320m²,320,8 Pièces,5 Chambres,3 Salles de bains,"Jardin, Garage, Piscine, Cheminée","Karim immo sud vous propose une villa à vendre à Targa. D'une superficie de 410 m2 de terrain et de 320 m2 construit. Qui se compose d'une chambre au rez-de-chaussée et 4 chambres à l'étage avec balcons vue sur piscine, 3 salles de bains, 2 toilettes invités, 3 salons avec cheminée donnant sur piscine, piscine ( 7 m sur 3,50 m ), cuisine avec porte de service sur jardin, garage pour 2 voitures, 2 façade avec une entrée chaque une, 7 climatiseur...",https://www.mubawab-media.com/ad/8/425/788F/h/photo_0_83332664.avif,30,2026-09-30
8418113,Villa Meublée avec Piscine à Vendre – Targa,https://www.mubawab.ma/fr/a/8418113/villa-meubl%C3%A9e-avec-piscine-%C3%A0-vendre-%E2%80%93-targa,Vente,Villa,Marrakech,Targa,4 700 000 DH,4700000,130m²,130,7 Pièces,5 Chambres,4 Salles de bains,"Jardin, Garage, Piscine, Chambre rangement, Meublé, Salon Marocain, Salon européen, Cheminée, Climatisation, Sécurité, Double vitrage, Porte blindée, Cuisine équipée, Réfrigérateur, Four, Machine à laver, Micro-ondes","IANA REAL ESTATE vous propose à la vente cette villa meublée avec piscine située à Targa, Marrakech, dans un secteur résidentiel recherché, calme et agréable. Cette villa à vendre à Targa est édifiée sur un terrain de 292 m² avec environ 130 m² habitables. Grâce à ses 3 façades, elle bénéficie d’une excellente luminosité naturelle, d’une bonne ventilation et d’une agréable intimité. La propriété, entièrement meublée et équipée, offre plusieurs...",https://www.mubawab-media.com/ad/8/418/113F/h/AVM-07__42__83247862.avif,23,2026-09-30
8374043,"Villa à Vendre de 318.0 m² à Marrakech, Targa",https://www.mubawab.ma/fr/a/8374043/villa-%C3%A0-vendre-de-318-0-m%C2%B2-%C3%A0-marrakech-targa,Vente,Villa,Marrakech,Targa,4 700 000 DH,4700000,318m²,318,6 Pièces,4 Chambres,9 Salles de bains,Climatisation,"À vendre, magnifique villa située dans le quartier prisé de Targa à Marrakech. Cette propriété spacieuse de 360 m² comprend 4 chambres, 4 salles de bain et s'étend sur un terrain de 318 m². Avec deux niveaux et deux façades, elle offre un cadre de vie agréable. Prix : 4 700 000 Dhs. Ne manquez pas cette opportunité exceptionnelle!",https://www.mubawab-media.com/ad/8/374/043F/h/image_248403861_82764361.avif,12,2026-09-30
8146514,"Villa en 3 niveaux avec piscine, 6 chambres 570 m²",https://www.mubawab.ma/fr/a/8146514/villa-en-3-niveaux-avec-piscine-6-chambres-570-m%C2%B2,Vente,Villa,Marrakech,Targa,4 700 000 DH,4700000,570m²,570,13 Pièces,6 Chambres,5 Salles de bains,"Jardin, Terrasse, Garage, Piscine, Concierge, Chambre rangement, Entre-seul, Salon Marocain, Salon européen, Antenne parabolique, Cheminée, Climatisation, Sécurité, Porte blindée, Cuisine équipée, Réfrigérateur, Four, Machine à laver, Micro-ondes","Magnifique Villa à vendre de 3 niveaux construite sur terrain de 570 m². située dans une residence gardée au quartier Targa proche de toutes commodités. - RDC : Grande réception de 4 Salons, cheminée, salle à manger, toilette des invités - ETAGE : 4 Chambres dont 3 suites, 1 salon double, 2 terrasses - CAVE : 2 Salons, 2 Chambres, Grande Cuisien équipée, salle de bain douche, Hammam beldi, 1 réserve. -TOIT : Terrasse à la toiture avec instal...",https://www.mubawab-media.com/ad/8/146/514F/h/villa-targa-picine-cave87_82383666.avif,21,2026-09-30
8288127,Villa de 416m2 à Targa,https://www.mubawab.ma/fr/a/8288127/villa-de-416m2-%C3%A0-targa,Vente,Villa,Marrakech,Targa,4 700 000 DH,4700000,600m²,600,9 Pièces,7 Chambres,4 Salles de bains,"Jardin, Terrasse, Garage, Piscine, Chambre rangement, Entre-seul, Cheminée, Climatisation, Cuisine équipée","Foncia real estate vous propose cette belle villa alliant élégance et confort. D'une superficie de 600 m2 construites sur 416 m2 de terrain situé en plein Targa. Au rez-de-chaussée : deux salons dont un avec cheminée, une cuisine spacieuse donnant sur le jardin, une salle de bain invités et une chambre à coucher avec salle de bain et dressing. Sol en marbre, portes en bois massif acajou. A l'étage : 4 chambres dont 2 avec balcons, 2 salles...",https://www.mubawab-media.com/ad/8/288/127F/h/164554_81802732.avif,12,2026-09-30
7270469,Élégance Marocaine Contemporaine à Targa,https://www.mubawab.ma/fr/a/7270469/%C3%A9l%C3%A9gance-marocaine-contemporaine-%C3%A0-targa,Vente,Villa,Marrakech,Targa,4 750 000 DH,4750000,418m²,418,10 Pièces,5 Chambres,4 Salles de bains,"Jardin, Terrasse, Garage, Piscine, Chambre rangement, Meublé, Entre-seul, Salon Marocain, Salon européen, Cheminée, Climatisation, Sécurité, Cuisine équipée, Réfrigérateur, Four, Machine à laver, Micro-ondes","Offrez-vous le luxe et la sérénité à seulement 5 minutes de Victor Hugo Située dans le quartier de Targa, à seulement 5 minutes de Victor Hugo, cette somptueuse et très agréable villa vous offre un cadre calme et reposant. 371 m² de terrain accueille cette demeure de 418 m² habitables. Elle réunit toutes les caractéristiques d’une villa de luxe. Elle se compose au sous-sol d’un immense salon, de deux magnifiques chambres, d’une salle de douches e...",https://www.mubawab-media.com/ad/7/270/469F/h/20220117_140227_16764210.avif,26,2026-09-30
8097026,"Villa à Vendre de 410.0 m² à Marrakech, Targa",https://www.mubawab.ma/fr/a/8097026/villa-%C3%A0-vendre-de-410-0-m%C2%B2-%C3%A0-marrakech-targa,Vente,Villa,Marrakech,Targa,4 755 000 DH,4755000,410m²,410,7 Pièces,5 Chambres,8 Salles de bains,Garage,"À vendre : magnifique villa située dans le quartier prisé de Targa à Marrakech. D'une superficie de 410 m², cette propriété dispose de 5 chambres, 3 salles de bain et s'étend sur 2 niveaux. Bénéficiant de 3 façades, elle offre un cadre de vie agréable et spacieux. Prix : 4 755 000 Dhs",https://www.mubawab-media.com/ad/8/097/026F/h/image_292244979_79817319.avif,32,2026-09-30
8378317,Villa à vendre d’exception à Targa Marrakech,https://www.mubawab.ma/fr/a/8378317/villa-%C3%A0-vendre-d%E2%80%99exception-%C3%A0-targa-marrakech,Vente,Villa,Marrakech,Targa,4 800 000 DH,4800000,600m²,600,8 Pièces,4 Chambres,3 Salles de bains,"Jardin, Terrasse, Garage, Piscine, Entre-seul, Salon Marocain, Cheminée","Imaginez-vous dans un quartier paisible de Marrakech, où chaque journée débute avec le chant des oiseaux et se termine par une douce brise autour de votre propre piscine. Cette magnifique villa située à Targa vous offre cette expérience de vie unique. Dès que vous franchissez le hall d'entrée orné de marbre, vous êtes accueilli par une atmosphère de luxe discret. Le double séjour spacieux, agrémenté d'un coin cheminée, et le grand salon maroca...",https://www.mubawab-media.com/ad/8/378/317F/h/promo-immo-marrakech-vente-villa-VVV-452-marrakech-targa%20%2829%29_82814552.avif,10,2026-09-30
8302526,Villa de standing avec piscine à Targa – Emplacement premium...,https://www.mubawab.ma/fr/a/8302526/villa-de-standing-avec-piscine-%C3%A0-targa-%E2%80%93-emplacement-premium-proche-de-quick,Vente,Villa,Marrakech,Targa,4 800 000 DH,4800000,405m²,405,6 Pièces,3 Chambres,3 Salles de bains,"Jardin, Terrasse, Piscine, Cheminée","Magnifique villa à vendre à Targa – Emplacement privilégié proche de Quick Nous vous proposons cette superbe villa idéalement située à Targa, dans un secteur recherché et calme, à proximité immédiate de Quick. Édifiée sur un terrain de 405 m², la villa offre de beaux volumes et une distribution fonctionnelle : Rez-de-chaussée : • Trois salons spacieux et lumineux • Cheminée • Cuisine • Salle d’eau invités Étage : • Une suite parentale ...",https://www.mubawab-media.com/ad/8/302/526F/h/photo_0_81958590.avif,22,2026-09-30
8287473,Somptueuse maison à vendre à Hay Targa. 5 pièces confortabl...,https://www.mubawab.ma/fr/a/8287473/somptueuse-maison-%C3%A0-vendre-%C3%A0-hay-targa-5-pi%C3%A8ces-confortables-bien-meubl%C3%A9,Vente,Villa,Marrakech,Targa,4 800 000 DH,4800000,400m²,400,5 Pièces,5 Chambres,4 Salles de bains,"Jardin, Terrasse, Garage, Piscine, Chambre rangement, Meublé, Cheminée, Climatisation, Cuisine équipée","Prestations haut de gamme pour cette villa à vendre. Prix 4 800 000 DH. 5 pièces, 4 salles de bains, 400 m². 5 chambres à coucher. Bon état. Meublé. Venez découvrir sans hésiter cette villa à Hay Targa. Confortable et bien équipé avec piscine, cheminée et climatisation. En plus d'une terrasse, dispose également d'un jardin et d'un parking. Programmez dès maintenant votre visite pour cette villa d'exception à Marrakech. Cuisine équipée",https://www.mubawab-media.com/ad/8/287/473F/h/photo_00_81795789.avif,11,2026-09-30
8283369,Somptueuse villa à vendre à Hay Targa,https://www.mubawab.ma/fr/a/8283369/somptueuse-villa-%C3%A0-vendre-%C3%A0-hay-targa,Vente,Villa,Marrakech,Targa,4 800 000 DH,4800000,380m²,380,7 Pièces,4 Chambres,3 Salles de bains,"Jardin, Garage, Piscine","Située dans le très prisé quartier Targa, cette élégante villa offre de beaux volumes et un cadre de vie alliant confort, intimité et raffinement. Caractéristiques principales : • Surface du terrain : 377 m² • Surface habitable : 380 m² Commodités : • Triple salon spacieux et lumineux • 4 chambres confortables • Grand jardin arboré • Piscine privée • Parking Cette villa est idéale pour une résidence principale ou un investissement de qu...",https://www.mubawab-media.com/ad/8/283/369F/h/photo_00_81752976.avif,22,2026-09-30
7937473,"Villa à Vendre de 421.0 m² à Marrakech, Targa",https://www.mubawab.ma/fr/a/7937473/villa-%C3%A0-vendre-de-421-0-m%C2%B2-%C3%A0-marrakech-targa,Vente,Villa,Marrakech,Targa,4 800 000 DH,4800000,421m²,421,7 Pièces,4 Chambres,5 Salles de bains,"Jardin, Garage","À vendre, villa spacieuse de 480 m² dans le quartier prisé de Hay El Bahja à Marrakech. Cette propriété dispose de 4 chambres, 3 salles de bain, et s'étend sur un terrain de 421 m² avec un jardin de 200 m². Offrant 2 niveaux et 3 façades, elle est idéale pour une famille. Prix : 4 800 000 Dhs",https://www.mubawab-media.com/ad/7/937/473F/h/image_922805430_78402450.avif,17,2026-09-30
8349999,Villa à vendre,https://www.mubawab.ma/fr/a/8349999/villa-%C3%A0-vendre,Vente,Villa,Marrakech,Targa,4 900 000 DH,4900000,630m²,630,5 Pièces,5 Chambres,1 Salle de bain,"Jardin, Salon Marocain, Salon européen, Sécurité","Villa — Résidence Targa À Vendre 4 900 000 DH Magnifique villa de standing à Targa, construite en 2008 et entièrement rénovée en 2022 — aucune fissure ni dommage suite au tremblement de terre, un gage de solidité et de sérénité. Implantée sur 630 m² au sol dont 145 m² construits et un jardin de 500 m², la propriété offre un cadre de vie exceptionnel sur 2 niveaux. Distribution : Espaces de vie Salon européen & salon marocain 5 chambres d...",https://www.mubawab-media.com/ad/8/349/999F/h/thumb_134787_property_large_82464530.avif,8,2026-09-30
8247495,Villa de Prestige à Targa,https://www.mubawab.ma/fr/a/8247495/villa-de-prestige-%C3%A0-targa,Vente,Villa,Marrakech,Targa,4 900 000 DH,4900000,300m²,300,6 Pièces,5 Chambres,4 Salles de bains,"Jardin, Terrasse, Garage, Piscine, Entre-seul, Salon Marocain, Salon européen, Antenne parabolique, Cheminée, Climatisation, Sécurité, Cuisine équipée, Réfrigérateur, Four, Machine à laver, Micro-ondes","Cette propriété d'exception, finie et entièrement titrée, offre une opportunité rare de s'installer immédiatement dans l'un des quartiers résidentiels les plus prisés. Elle constitue une demeure idéale alliant volumes généreux, confort moderne et finitions de haut standing, sans aucun travaux à prévoir. - Emplacement : Idéalement situé dans le secteur recherché et calme de Targa, offrant un cadre de vie familial privilégié et une excellente ac...",https://www.mubawab-media.com/ad/8/247/495F/h/1_82804379.avif,31,2026-09-30
8421473,Villa d’Exception à Lala Haya Targa – 414 m² de Terrain,https://www.mubawab.ma/fr/a/8421473/villa-d%E2%80%99exception-%C3%A0-lala-haya-targa-%E2%80%93-414-m%C2%B2-de-terrain,Vente,Villa,Marrakech,Targa,4 900 000 DH,4900000,414m²,414,11 Pièces,8 Chambres,6 Salles de bains,"Garage, Piscine, Entre-seul, Antenne parabolique, Climatisation, Chauffage central, Sécurité, Double vitrage, Porte blindée, Cuisine équipée, Réfrigérateur, Four, Machine à laver, Micro-ondes","Villa de Standing à Vendre 3 façades – Lala Haya Targa, Marrakech Le Comptoir des Villas vous propose à la vente cette spacieuse villa située dans le quartier recherché de Lala Haya Targa, offrant de beaux volumes et un fort potentiel pour une résidence familiale. Superficie du terrain : 414 m² Villa sur plusieurs niveaux Rez-de-chaussée * 1 chambre * 1 salle de bain avec hammam beldi * 3 salons * 1 salle d’eau * Cuisine * Garage Sous-sol *...",https://www.mubawab-media.com/ad/8/421/473F/h/photo_0_83285128.avif,27,2026-09-30
8414536,"Magnifique Villa avec Piscine Targa, Marrakech",https://www.mubawab.ma/fr/a/8414536/magnifique-villa-avec-piscine-targa-marrakech,Vente,Villa,Marrakech,Targa,4 900 000 DH,4900000,500m²,500,8 Pièces,4 Chambres,5 Salles de bains,"Jardin, Garage, Piscine, Chambre rangement, Salon Marocain, Salon européen, Climatisation","Villa avec Piscine – Quartier Targa, Marrakech ​Découvrez cette très belle villa située dans le quartier de Targa à Marrakech. Elle dispose d'une surface habitable de 500 m² sur deux niveaux, implantée sur un terrain de 577 m². ​Description du Bien ​Rez-de-Chaussée : ​Plusieurs salons et une salle à manger ​Grande cuisine ​Toilettes invités ​Étage : ​4 suites, chacune avec sa salle de bain ​Débarras ​Extérieurs : ​Jardin arboré ​Pisc...",https://www.mubawab-media.com/ad/8/414/536F/h/WhatsApp_Image_2026-09-12_at_13.41.58__4__83208332.avif,11,2026-09-30
8358164,Villa à vendre,https://www.mubawab.ma/fr/a/8358164/villa-%C3%A0-vendre,Vente,Villa,Marrakech,Targa,4 900 000 DH,4900000,560m²,560,5 Pièces,5 Chambres,1 Salle de bain,"Jardin, Piscine","Villa à vendre – Targa, Marrakech Située dans le quartier prisé de Targa, cette élégante villa offre un cadre de vie idéal alliant confort, espace et intimité. Terrain : 560 m² Surface habitable : 380 m² (190 m² par niveau) 4 suites avec salles de bain 1 chambre supplémentaire Villa R1 Piscine privative Jardin aménagé Cette propriété bénéficie de beaux volumes et d’un agencement fonctionnel, parfaite pour une résidence familiale ou un investis...",https://www.mubawab-media.com/ad/8/358/164F/h/thumb_137545_property_large_82553118.avif,17,2026-09-30
7764769,"Villa vide à vendre à Targa, 433m², Marrakech",https://www.mubawab.ma/fr/a/7764769/villa-vide-%C3%A0-vendre-%C3%A0-targa-433m%C2%B2-marrakech,Vente,Villa,Marrakech,Targa,4 900 000 DH,4900000,433m²,433,7 Pièces,5 Chambres,5 Salles de bains,"Jardin, Terrasse, Garage, Vue sur les montagnes, Piscine, Concierge, Chambre rangement, Salon Marocain, Salon européen, Antenne parabolique, Cheminée, Climatisation, Chauffage central, Sécurité, Double vitrage, Porte blindée, Cuisine équipée, Four, Micro-ondes","L’Immobilier Sans Frontières vous propose cette villa vide à vendre à Targa, à Marrakech. Le texte mentionne une villa contemporaine avec trois façades, jardin et piscine, ainsi que des espaces annoncés comme lumineux grâce à une baie vitrée. Superficie communiquée : 433m². Cette villa se compose de : RDC: Salon européen avec cheminée - salon marocain - chambre - séjour - cuisine équipée - buanderie - toilette invités - baie vitrée - terrasse Ét...",https://www.mubawab-media.com/ad/7/764/769F/h/0%20image%20a%20la%20une%20_66369126.avif,32,2026-09-30
8186373,Villa de 5 chambres Targa Abwab Marrakech,https://www.mubawab.ma/fr/a/8186373/villa-de-5-chambres-targa-abwab-marrakech,Vente,Villa,Marrakech,Targa,4 950 000 DH,4950000,395m²,395,12 Pièces,5 Chambres,4 Salles de bains,"Jardin, Terrasse, Garage, Piscine, Chambre rangement, Cheminée, Climatisation, Cuisine équipée","L'agence Esprit-immo vous propose à la vente une villa comme suit : Une villa moderne, située dans le quartier de Targa Abwab Marrakech, de 3 façades, 5 chambres, construite en 2019, très bien entretenue, avec jardin et piscine, ensoleillée, fonctionnelle et sans travaux à prévoir. Superficie terrain : 488m Superficie Construite : 395m Rez de chaussée : Un couloir d'entrée Un double salon : un marocain et un moderne avec une chemi...",https://www.mubawab-media.com/ad/8/186/373F/h/WhatsApp%20Image%202025-07-08%20at%2015.16.40_80727567.avif,17,2026-09-30
8257359,Magnifique villa en bande à vendre à Marrakech Hay zhour Ta...,https://www.mubawab.ma/fr/a/8257359/magnifique-villa-en-bande-%C3%A0-vendre-%C3%A0-marrakech-hay-zhour-targa,Vente,Villa,Marrakech,Targa,4 980 000 DH,4980000,320m²,320,7 Pièces,5 Chambres,3 Salles de bains,"Jardin, Terrasse, Garage, Vue sur les montagnes, Chambre rangement, Salon Marocain, Salon européen, Antenne parabolique, Cheminée, Climatisation, Chauffage central, Sécurité, Double vitrage, Cuisine équipée, Réfrigérateur, Four, Machine à laver, Micro-ondes","Nous vous proposons une belle villa en bande à vendre à Zhor Targa – Marrakech, dans un quartier résidentiel calme et recherché. • Surface terrain : 300 m² • Surface construite : 240 m² • Façades : 2 façades Rez-de-chaussée : • 1 chambre • 3 salons lumineux • Cuisine équipée • WC invités Étage : • Une spacieuse suite parentale avec dressing, salle de bain et séjour • Une deuxième suite parentale • Une grande chambre Terrasse : • Cha...",https://www.mubawab-media.com/ad/8/257/359F/h/photo_00_81460257.avif,16,2026-09-30
8296177,Terrain d’exception de 1000 m² à Targa,https://www.mubawab.ma/fr/a/8296177/terrain-d%E2%80%99exception-de-1000%E2%80%AFm%C2%B2-%C3%A0-targa,Vente,Terrain,Marrakech,Targa,5 000 000 DH,5000000,1000m²,1000,,,,,"Nous proposons à la vente un terrain de 1000 m², idéalement situé dans un emplacement privilégié du quartier de Targa, offrant un fort potentiel pour projet résidentiel ou investissement. Pour plus d’informations veuillez nous contacter",https://www.mubawab-media.com/ad/8/296/177F/h/WhatsApp%20Image%202026-02-02%20at%2014.33.40_81890699.avif,2,2026-09-30
8206378,Villa à vendre de 390m² au quartier Targa,https://www.mubawab.ma/fr/a/8206378/villa-%C3%A0-vendre-de-390m%C2%B2-au-quartier-targa,Vente,Villa,Marrakech,Targa,5 000 000 DH,5000000,390m²,390,5 Pièces,3 Chambres,3 Salles de bains,"Jardin, Garage, Vue sur les montagnes, Piscine, Chambre rangement, Entre-seul, Salon Marocain, Salon européen, Antenne parabolique, Climatisation, Chauffage central, Sécurité, Double vitrage, Cuisine équipée, Réfrigérateur, Micro-ondes","Située dans le quartier résidentiel très recherché de Targa, cette villa à vendre offre un cadre de vie agréable, alliant confort, fonctionnalité et espaces généreux. Édifiée sur un terrain de 390m² avec une surface habitable de 350m², elle est idéale pour une famille à la recherche d'un bien de qualité. La villa se compose de 5 pièces, dont 3 spacieuses chambres, chacune offrant un bel espace de vie, ainsi que 3 salles de bains modernes. Les esp...",https://www.mubawab-media.com/ad/8/206/378F/h/photo_0_80924644.avif,21,2026-09-30
8417598,Villa de 800 m2 de terrain à vendre à targa,https://www.mubawab.ma/fr/a/8417598/villa-de-800-m2-de-terrain-%C3%A0-vendre-%C3%A0-targa,Vente,Villa,Marrakech,Targa,5 000 000 DH,5000000,300m²,300,6 Pièces,5 Chambres,2 Salles de bains,"Jardin, Garage, Piscine, Concierge","Située dans le prestigieux quartier de Targa, à Marrakech, cette villa de luxe offre une rare opportunité d'acquisition. S'étendant sur un vaste terrain de 810 m², la propriété dispose d'une surface habitable de 300 m² qui comprend cinq chambres. La villa nécessite des travaux de rénovation pour révéler tout son potentiel. Elle est orientée plein sud, garantissant une luminosité abondante tout au long de la journée. La propriété est sécurisée gr...",https://www.mubawab-media.com/ad/8/417/598F/h/e722fef0-3d7e-4560-847d-de4e8fc69c63_83242418.avif,8,2026-09-30
8379201,Villa de charme style beldi moderne,https://www.mubawab.ma/fr/a/8379201/villa-de-charme-style-beldi-moderne,Vente,Villa,Marrakech,Targa,5 000 000 DH,5000000,230m²,230,9 Pièces,5 Chambres,5 Salles de bains,"Jardin, Terrasse, Garage, Piscine, Concierge, Chambre rangement, Salon Marocain, Salon européen, Cheminée, Climatisation, Sécurité, Double vitrage, Cuisine équipée","Située dans le quartier recherché de Targa, au sein d’une résidence fermée et sécurisée, cette villa combine le charme du beldi marocain et une touche de modernité soignée. Édifiée sur un terrain de 390 m², avec environ 230 m² construits répartis sur deux niveaux, elle offre un cadre de vie confortable et agréable, parfait pour une famille. Un rez-de-chaussée pensé pour la vie de tous les jours Le rez-de-chaussée se compose de trois espaces de...",https://www.mubawab-media.com/ad/8/379/201F/h/1781902979009%281%29%281%29%281%29_82824798.avif,23,2026-09-30
8209731,En vente une superbe villa de maître à Targa,https://www.mubawab.ma/fr/a/8209731/en-vente-une-superbe-villa-de-ma%C3%AEtre-%C3%A0-targa,Vente,Villa,Marrakech,Targa,5 000 000 DH,5000000,390m²,390,6 Pièces,5 Chambres,6 Salles de bains,"Jardin, Terrasse, Piscine, Cheminée, Climatisation, Chauffage central, Cuisine équipée","Réf :0205S/025. En vente, une superbe villa de maître de 310 m² construits sur un terrain de 390 m², située dans une résidence familiale sécurisée et calme à Targa, à quelques mètres seulement de la clinique Le Marrakech. Au rez-de-chaussée, la villa dispose d’un double salon, dont l’un avec cheminée, donnant directement sur le jardin paysager avec pelouse, oliviers et citronniers, ainsi que sur une belle piscine. On y trouve également une...",https://www.mubawab-media.com/ad/8/209/731F/h/WhatsApp%20Image%202025-09-02%20at%2016.43.30_80960916.avif,29,2026-09-30
8415210,Vente Très Belle Villa Meublée Targa,https://www.mubawab.ma/fr/a/8415210/vente-tr%C3%A8s-belle-villa-meubl%C3%A9e-targa,Vente,Villa,Marrakech,Targa,5 000 000 DH,5000000,390m²,390,5 Pièces,4 Chambres,5 Salles de bains,"Jardin, Terrasse, Garage, Vue sur les montagnes, Piscine, Concierge, Chambre rangement, Meublé, Salon Marocain, Salon européen, Antenne parabolique, Cheminée, Climatisation, Chauffage central, Sécurité, Double vitrage, Porte blindée, Cuisine équipée, Réfrigérateur, Four, Machine à laver, Micro-ondes","Targa, Vendue Entièrement Meublée Coup de cœur assuré pour cette magnifique villa moderne, implantée sur une parcelle de 390 m² et bénéficiant de 3 façades offrant une luminosité exceptionnelle tout au long de la journée. Conçue pour allier confort, élégance et art de vivre, cette propriété se distingue par ses volumes généreux et ses finitions soignées. **Rez-de-chaussée** - 3 salons spacieux, idéals pour recevoir en toute élégance - Cuisine...",https://www.mubawab-media.com/ad/8/415/210F/h/bf24afed-ef71-4176-85ec-b7d0d0eb8b94_83215477.avif,24,2026-09-30
8330866,Villa à Vendre à Targa,https://www.mubawab.ma/fr/a/8330866/villa-%C3%A0-vendre-%C3%A0-targa,Vente,Villa,Marrakech,Targa,5 000 000 DH,5000000,400m²,400,3 Pièces,3 Chambres,1 Salle de bain,"Jardin, Garage, Piscine","Villa à Vendre à Targa - Luxe et Confort Détails de la Propriété : Localisation : Targa, près de Quick Superficie : 400 m² Prix : 5 millions DH Caractéristiques Principales : Chambres : 3 suites spacieuses, parfaites pour la famille. Salon : Grand espace lumineux pour recevoir vos proches. Cuisine : Moderne et entièrement équipée. Jardin : Bien entretenu, idéal pour la détente. Garage : Espace pour plusieurs véhicules. Avantages : ...",https://www.mubawab-media.com/ad/8/330/866F/h/thumb_127404_property_large_82257317.avif,17,2026-09-30
8408200,Villa Vide à vendre avec piscine privée Targa,https://www.mubawab.ma/fr/a/8408200/villa-vide-%C3%A0-vendre-avec-piscine-priv%C3%A9e-targa,Vente,Villa,Marrakech,Targa,5 000 000 DH,5000000,300m²,300,8 Pièces,6 Chambres,6 Salles de bains,"Jardin, Terrasse, Garage, Vue sur les montagnes, Piscine, Chambre rangement, Entre-seul, Salon Marocain, Salon européen, Antenne parabolique, Cheminée, Climatisation, Chauffage central, Sécurité, Double vitrage, Porte blindée, Cuisine équipée, Réfrigérateur, Four","Découvrez cette belle villa offrant de généreux volumes et une configuration idéale pour une vie familiale confortable. Implantée sur un terrain de 564 m², la propriété développe environ 300 m² construits, répartis sur trois niveaux parfaitement agencés. Elle se compose de 6 chambres spacieuses et confortables, de 4 salons lumineux et élégants, ainsi que de 6 salles de bains offrant confort et fonctionnalité. À l’extérieur, la villa béné...",https://www.mubawab-media.com/ad/8/408/200F/h/WhatsApp%20Image%202026-08-27%20at%2011.28.35_83135965.avif,14,2026-09-30
8017907,Vente Villa à targa,https://www.mubawab.ma/fr/a/8017907/vente-villa-%C3%A0-targa,Vente,Villa,Marrakech,Targa,5 000 000 DH,5000000,577m²,577,6 Pièces,4 Chambres,4 Salles de bains,Piscine,"Je mets en vente une magnifique villa d'une superficie de 577 m² située à Hay Targa, Marrakech. Cette villa comprend quatre chambres spacieuses, chacune disposant de sa propre salle de bain, ainsi qu'une chambre de service. Elle est équipée d'un puits et d'une superbe piscine à débordement, parfaite pour se détendre. N’attendez plus, contactez-moi au plus vite pour visiter cette villa ou pour en savoir plus. Amine HADDANI",https://www.mubawab-media.com/ad/8/017/907F/h/13c7c134b4d2271c4cee_79042765.avif,10,2026-09-30
8179112,Villa récente sans vis à vis à Targa – 5 chambres – Excellen...,https://www.mubawab.ma/fr/a/8179112/villa-r%C3%A9cente-sans-vis-%C3%A0-vis-%C3%A0-targa-%E2%80%93-5-chambres-%E2%80%93-excellente-opportunit%C3%A9,Vente,Villa,Marrakech,Targa,5 000 000 DH,5000000,395m²,395,,5 Chambres,3 Salles de bains,"Terrasse, Garage, Piscine, Chambre rangement, Entre-seul, Cheminée, Climatisation, Cuisine équipée","Située dans le quartier résidentiel prisé de TARGA, à proximité immédiate du centre commercial CARREFOUR et à seulement 15 MINUTES DE L’ÉCOLE VICTOR HUGO, cette villa contemporaine est une opportunité rare à ce prix. Récemment construite sur un terrain de 488 M², elle offre 395 M² HABITABLES, 3 façades, une belle EXPOSITION, une PISCINE DE GRANDE TAILLE, et de BELLES PRESTATIONS modernes, dans un environnement calme et sans vis-à-vis. CARACTÉRI...",https://www.mubawab-media.com/ad/8/179/112F/h/IMG_2241_80653963.avif,24,2026-09-30
8244062,"Villa meublée à vendre Piscine Targa, Marrakech",https://www.mubawab.ma/fr/a/8244062/villa-meubl%C3%A9e-%C3%A0-vendre-piscine-targa-marrakech,Vente,Villa,Marrakech,Targa,5 000 000 DH,5000000,319m²,319,7 Pièces,3 Chambres,3 Salles de bains,"Jardin, Terrasse, Garage, Piscine, Chambre rangement, Meublé, Entre-seul, Salon Marocain, Antenne parabolique, Cheminée, Climatisation, Chauffage central, Sécurité, Double vitrage, Porte blindée, Cuisine équipée, Réfrigérateur, Four, Machine à laver","L’Immobilier Sans Frontières vous propose à la vente cette villa meublée située à Targa, Marrakech, dans un lotissement résidentiel. La superficie communiquée est de 319 m² et le bien dispose d’une piscine et d’un jardin privé. Cette villa se compose de : Sous-sol: Salon marocain avec climatisation - Cuisine équipée - Salle de bain - Cour Rez-de-chaussée: 3 salons marocains avec climatisation centralisée et baies vitrées - Cheminé - Séjour -...",https://www.mubawab-media.com/ad/8/244/062F/h/0%20image%20a%20la%20une_82104838.avif,32,2026-09-30
8243158,Vente Terrain nu à targa,https://www.mubawab.ma/fr/a/8243158/vente-terrain-nu-%C3%A0-targa,Vente,Maison,Marrakech,Targa,5 000 000 DH,5000000,1197m²,1197,,,,,"Je mets en vente un terrain titré de 1197 m² situé à Targa– Marrakech, destiné à un usage habitation. Ce terrain, bien placé dans un quartier calme et en développement, représente une belle opportunité pour construire une maison ou réaliser un projet résidentiel. Pour plus d’informations ou pour organiser une visite, n’hésitez pas à me contacter. Amine HADDANI",https://www.mubawab-media.com/ad/8/243/158F/h/cbacce047d12eb750c3e_81313664.avif,2,2026-09-30
8419205,Villa à vendre avec piscine – Hay Targa – Marrakech,https://www.mubawab.ma/fr/a/8419205/villa-%C3%A0-vendre-avec-piscine-%E2%80%93-hay-targa-%E2%80%93-marrakech,Vente,Villa,Marrakech,Targa,5 100 000 DH,5100000,400m²,400,7 Pièces,4 Chambres,4 Salles de bains,"Jardin, Terrasse, Garage, Piscine, Chambre rangement, Entre-seul, Salon Marocain, Salon européen, Climatisation, Sécurité, Double vitrage, Porte blindée, Cuisine équipée","L’agence Pics Atlas vous propose une belle villa à vendre située à Hay Targa, dans un quartier résidentiel recherché de Marrakech. Cette propriété bénéficie d’une superficie de terrain de 380 m² et d’une superficie construite de 400 m². Elle offre de beaux volumes, plusieurs espaces de réception ainsi qu’un extérieur agréable avec piscine et pergola, idéale pour profiter des beaux jours en famille ou entre amis. Caractéristiques principales •...",https://www.mubawab-media.com/ad/8/419/205F/h/1_83260469.avif,28,2026-09-30
8262073,"Villa à vendre 650 m², 5 chambres Targa Marrakech",https://www.mubawab.ma/fr/a/8262073/villa-%C3%A0-vendre-650-m%C2%B2-5-chambres-targa-marrakech,Vente,Villa,Marrakech,Targa,5 100 000 DH,5100000,650m²,650,,5 Chambres,5 Salles de bains,"Garage, Piscine, Entre-seul","Découvrez cette magnifique villa récemment rénovée, idéalement située dans le quartier recherché de Targa à Marrakech. Offrant un cadre de vie spacieux et lumineux de 650 m², cette propriété répondant ainsi à toutes les exigences pour une famille en quête de confort et de qualité de vie. Description de la villa : Sous-sol : - Hall d'entrée - Chambre à coucher - Chambre de service - Salle de bain - Cuisine Rez-de-chaussée : - Salon s...",https://www.mubawab-media.com/ad/8/262/073F/h/annonce-agenz-2025-02-09T134157-518Z-20250209_142044_82636117.avif,22,2026-09-30
8132697,Belle villa à vendre vide à Targa,https://www.mubawab.ma/fr/a/8132697/belle-villa-%C3%A0-vendre-vide-%C3%A0-targa,Vente,Villa,Marrakech,Targa,5 125 000 DH,5125000,500m²,500,10 Pièces,6 Chambres,6 Salles de bains,"Jardin, Terrasse, Garage, Piscine, Entre-seul, Chauffage central, Sécurité, Double vitrage, Porte blindée","Nous vous proposons une belle villa très bien située dans lun des plus beaux quartiers de Marrakech, Targa (à côté de Quick Burger). Terrain : 470 m2. 500 m2 habitable (cave/RC/Etage). Double façade, non jumelée. Sans piscine (avec possibilité de le faire) **Cave**: -Très grande cuisine -Cour anglaise -Hammam Beldi (chauffage serpentin au sol) -1 séjour -1 chambre -1 salle de bain *Rez de chaussée* : -3 grands salons -1 chambre -1 salle de bain *...",https://www.mubawab-media.com/ad/8/132/697F/h/photo_0_80213252.avif,17,2026-09-30
7793197,Belle villa targa 520 m2 terrain,https://www.mubawab.ma/fr/a/7793197/belle-villa-targa-520-m2-terrain,Vente,Villa,Marrakech,Targa,5 150 000 DH,5150000,520m²,520,7 Pièces,4 Chambres,4 Salles de bains,"Jardin, Terrasse, Garage, Vue sur les montagnes, Piscine, Concierge, Chambre rangement, Salon Marocain, Salon européen, Antenne parabolique, Cheminée, Climatisation, Chauffage central, Sécurité, Double vitrage, Porte blindée, Cuisine équipée","Prestations haut de gamme pour cette villa à vendre. Prix 5 150 000 DH. 7 pièces, 4 salles de bains, surface 520 m². 4 chambres. Moins de 5 ans. Type de sol: Marbre. Vue exceptionnelle sur les montagnes, fenêtres avec double vitrage, chauffage central et porte blindée. Cette superbe villa est en vente à Camp Al Ghoul. Décoration traditionnelle avec beau salon marocain. Le bien est également équipé d'une antenne parabolique et la résidence est...",https://www.mubawab-media.com/ad/7/793/197F/h/photo_00_58137615.avif,15,2026-09-30
8337434,Belle villa avec piscine privée à Targa,https://www.mubawab.ma/fr/a/8337434/belle-villa-avec-piscine-priv%C3%A9e-%C3%A0-targa,Vente,Villa,Marrakech,Targa,5 200 000 DH,5200000,375m²,375,6 Pièces,5 Chambres,5 Salles de bains,"Jardin, Terrasse, Piscine","Nous mettons à la vente une magnifique villa située dans le beau quartier de Targa. La villa dispose d’un puits et d’une piscine privée et se compose comme suit : Au rez-de-chaussée : • Un salon avec vue sur le jardin et la piscine • Une cuisine • Une chambre • Une salle de bain À l’étage : • Quatre chambres avec dressing, salle de bain et balcon chacune Pour plus d’informations veuillez nous contacter",https://www.mubawab-media.com/ad/8/337/434F/h/WhatsApp%20Image%202026-05-12%20at%2013.40.35%20%281%29_82447547.avif,30,2026-09-30
8332188,Villa à vendre avec piscine – 5 chambres Hay Targa – Marrak...,https://www.mubawab.ma/fr/a/8332188/villa-%C3%A0-vendre-avec-piscine-%E2%80%93-5-chambres-hay-targa-%E2%80%93-marrakech,Vente,Villa,Marrakech,Targa,5 200 000 DH,5200000,397m²,397,6 Pièces,5 Chambres,5 Salles de bains,"Jardin, Terrasse, Garage, Piscine, Chambre rangement, Salon Marocain, Salon européen, Antenne parabolique, Climatisation, Sécurité, Double vitrage, Porte blindée, Cuisine équipée","L’agence Pics Atlas vous propose une villa de standing à vendre située dans le quartier prisé de Hay Targa à Marrakech. Cette propriété offre de grands espaces, une excellente distribution et des prestations de qualité, idéale pour une résidence familiale haut de gamme. Caractéristiques principales • Localisation : Hay Targa – Marrakech • Superficie RDC : 190 m² • Superficie étage : 190 m² • Terrasse : 17 m² • Superficie totale : 397 m² •...",https://www.mubawab-media.com/ad/8/332/188F/h/1_82270858.avif,29,2026-09-30
8388806,Vente villa de 400 m² habitable /600 m² terrain,https://www.mubawab.ma/fr/a/8388806/vente-villa-de-400-m%C2%B2-habitable-600-m%C2%B2-terrain,Vente,Villa,Marrakech,Targa,5 250 000 DH,5250000,400m²,400,11 Pièces,7 Chambres,5 Salles de bains,"Jardin, Terrasse, Garage, Piscine, Entre-seul, Salon Marocain, Cheminée","Édifiée sur un terrain de 600 m² et offrant 400 m² habitables, cette villa séduit par ses volumes généreux, sa configuration fonctionnelle et son fort potentiel. Elle bénéficie d'un emplacement privilégié, à proximité immédiate du Carrefour Targa, des écoles, des commerces et de toutes les commodités du quotidien. Composition de la villa Sous-sol : * Grand salon * 3 chambres * 2 salles de bain * Cuisine Rez-de-chaussée : * 4 immenses salons de...",https://www.mubawab-media.com/ad/8/388/806F/h/WhatsApp%20Image%202026-07-24%20at%2012.48.23%20%2830%29_82929154.avif,23,2026-09-30
8356136,"Villa à vendre 740 m², 7 chambres Targa Marrakech",https://www.mubawab.ma/fr/a/8356136/villa-%C3%A0-vendre-740-m%C2%B2-7-chambres-targa-marrakech,Vente,Villa,Marrakech,Targa,5 399 000 DH,5399000,740m²,740,,7 Chambres,5 Salles de bains,"Jardin, Terrasse, Garage, Piscine, Entre-seul","Cette villa de prestige de 450 m² édifiée sur 740 m² située dans le quartier de Targa à Marrakech se distingue par ses volumes généreux, ses prestations haut de gamme et son architecture élégante, offrant un cadre de vie exclusif. Répartie sur quatre niveaux, elle propose des espaces raffinés pensés pour le confort, l'intimité et la réception : - Jardin & extérieurs: deux garages, piscine privative 10x5m et jardin soigné, créant un véritable es...",https://www.mubawab-media.com/ad/8/356/136F/h/annonce-agenz-20260526T103948013Z-1779791970327_82626277.avif,22,2026-09-30
8133178,A vendre superbe villa avec piscine et jardin Targa,https://www.mubawab.ma/fr/a/8133178/a-vendre-superbe-villa-avec-piscine-et-jardin-targa,Vente,Villa,Marrakech,Targa,5 400 000 DH,5400000,365m²,365,5 Pièces,5 Chambres,5 Salles de bains,"Jardin, Terrasse, Garage, Piscine, Salon Marocain, Climatisation, Chauffage central, Sécurité, Cuisine équipée","Située dans un quartier résidentiel calme et recherché à Targa, cette magnifique villa allie confort, élégance et fonctionnalité. Édifiée sur un terrain arboré avec piscine et jardin soigneusement entretenu, elle offre un cadre de vie idéal pour une famille. Composition : Rez-de-chaussée : 1 chambre spacieuse 1 cuisine équipée 1 salle de bain moderne Un grand salon lumineux donnant sur le jardin et la piscine Une toilette pour l...",https://www.mubawab-media.com/ad/8/133/178F/h/PHOTO-2025-05-13-13-43-21_80265274.avif,18,2026-09-30
8142587,"Villa à vendre Piscine Targa, Marrakech",https://www.mubawab.ma/fr/a/8142587/villa-%C3%A0-vendre-piscine-targa-marrakech,Vente,Villa,Marrakech,Targa,5 400 000 DH,5400000,320m²,320,6 Pièces,3 Chambres,3 Salles de bains,"Jardin, Terrasse, Garage, Piscine, Entre-seul, Salon Marocain, Salon européen, Climatisation, Chauffage central, Double vitrage, Porte blindée, Cuisine équipée","L’Immobilier Sans Frontières vous propose cette villa privée vide à vendre dans le quartier résidentiel de Targa, Marrakech. La superficie indiquée est de 320 m², avec 640 m² habitables. Le bien est décrit dans un environnement calme, sécurisé et sans vis-à-vis, avec des volumes et une luminosité naturelle. Cette villa se compose de : RDC: 3 salons spacieux et lumineux - Grande baie vitrée avec vue sur jardin et piscine - Toilettes invités - Ter...",https://www.mubawab-media.com/ad/8/142/587F/h/0%20image%20a%20la%20une_80274310.avif,32,2026-09-30
8223025,Villa a Vendre a Targa Marrakech,https://www.mubawab.ma/fr/a/8223025/villa-a-vendre-a-targa-marrakech,Vente,Villa,Marrakech,Targa,5 500 000 DH,5500000,500m²,500,10 Pièces,7 Chambres,8 Salles de bains,"Jardin, Terrasse, Garage, Vue sur les montagnes, Piscine, Concierge, Chambre rangement, Meublé, Salon Marocain, Salon européen, Antenne parabolique, Climatisation, Cuisine équipée, Réfrigérateur, Four, Machine à laver, Micro-ondes","Villa de 510 m² à Targa – Superficie habitable 500 m², composée de 7 chambres avec 8 salles de bain, 3 salons, cuisine, buanderie, chambre de service et chambre de gardien. Piscine, garage et immense terrasse avec vue panoramique sur Targa et la montagne",https://www.mubawab-media.com/ad/8/223/025F/h/WhatsApp%20Image%202025-09-18%20at%2013.12.25%281%29_81102641.avif,24,2026-09-21
8407398,VILLA de LUXE à vendre à TARGA. 5chbres. 384m2 avec piscine,https://www.mubawab.ma/fr/a/8407398/villa-de-luxe-%C3%A0-vendre-%C3%A0-targa-5chbres-384m2-avec-piscine,Vente,Villa,Marrakech,Targa,5 500 000 DH,5500000,384m²,384,3 Pièces,5 Chambres,6 Salles de bains,"Garage, Piscine, Salon Marocain, Salon européen, Cheminée, Cuisine équipée","Située dans le prestigieux quartier de Zhour Targa à Marrakech. Cette somptueuse villa incarne le luxe et le confort moderne. Avec une superficie généreuse de 384 m², la propriété comprend 5 chambres spacieuses et 6 salles de bains, offrant tout l'espace nécessaire pour une vie familiale confortable ou pour recevoir des invités. À l'intérieur, le sol en marbre s'étend gracieusement dans les principales zones de vie, créant une atmosphère de grand...",https://www.mubawab-media.com/ad/8/407/398F/h/photo_0_83247138.avif,16,2026-09-30
8208681,Belle villa avec piscine privée à Targa,https://www.mubawab.ma/fr/a/8208681/belle-villa-avec-piscine-priv%C3%A9e-%C3%A0-targa,Vente,Villa,Marrakech,Targa,5 500 000 DH,5500000,190m²,190,6 Pièces,4 Chambres,3 Salles de bains,"Jardin, Piscine","Nous mettons à la vente une magnifique villa moderne, idéalement située dans le quartier Targa. La villa dispose d’une piscine privée, d’un jardin et se compose comme suit : Rez-de-chaussée : • Double salon • Cuisine • Toilette invités Étage : • 4 chambres, dont une suite parentale avec salle de bain privative • 2e salle de bain pour les autres chambres Pour plus d’informations veuillez nous contacter",https://www.mubawab-media.com/ad/8/208/681F/h/WhatsApp%20Image%202025-09-01%20at%2016.35.44%20%282%29_80949920.avif,24,2026-09-30
8284461,Villa meublée avec piscine à vendre Style marocain Targa,https://www.mubawab.ma/fr/a/8284461/villa-meubl%C3%A9e-avec-piscine-%C3%A0-vendre-style-marocain-targa,Vente,Villa,Marrakech,Targa,5 500 000 DH,5500000,480m²,480,7 Pièces,5 Chambres,4 Salles de bains,"Jardin, Terrasse, Garage, Vue sur les montagnes, Piscine, Concierge, Chambre rangement, Meublé, Entre-seul, Salon Marocain, Salon européen, Antenne parabolique, Cheminée, Climatisation, Chauffage central, Sécurité, Double vitrage, Porte blindée, Cuisine équipée, Réfrigérateur, Four, Machine à laver, Micro-ondes","Située dans le quartier résidentiel très recherché de Targa, à proximité immédiate du centre-ville de Marrakech, cette villa marocaine meublée avec piscine séduit par son authentique style marocain, sublimé par de magnifiques plafonds sculptés en bois de cèdre, apportant caractère, noblesse et raffinement à l’ensemble de la propriété. Édifiée sur un terrain de 560 m², la villa développe environ 480 m² habitables, répartis sur plusieurs niveaux...",https://www.mubawab-media.com/ad/8/284/461F/h/photo_00_81764161.avif,16,2026-09-30
8420381,Somptueuse villa à vendre à Hay Targa,https://www.mubawab.ma/fr/a/8420381/somptueuse-villa-%C3%A0-vendre-%C3%A0-hay-targa,Vente,Villa,Marrakech,Targa,5 500 000 DH,5500000,420m²,420,6 Pièces,6 Chambres,6 Salles de bains,"Jardin, Piscine, Chambre rangement, Entre-seul, Cuisine équipée","Magnifique Villa Contemporaine – Targa, Marrakech M-Signature Luxury vous propose une somptueuse villa de standing à Targa, idéalement située à proximité de la Clinique de Marrakech. Érigée sur 3 façades, elle offre des volumes généreux et une luminosité absolue. Surface : 420 m² Prix : 5 500 000 DH (Frais d'agence : 2,5 %) Suites : 6 suites au total Agencement : RDC : 3 grands salons ouverts, cuisine équipée, sanitaires invités. Étage :...",https://www.mubawab-media.com/ad/8/420/381F/h/IMG_1245_83273156.avif,8,2026-09-30
8144569,"Villa à Vendre de 926.0 m² à Marrakech, Zohor Targa Zephyr",https://www.mubawab.ma/fr/a/8144569/villa-%C3%A0-vendre-de-926-0-m%C2%B2-%C3%A0-marrakech-zohor-targa-zephyr,Vente,Villa,Marrakech,Targa,5 500 000 DH,5500000,926m²,926,8 Pièces,5 Chambres,6 Salles de bains,"Jardin, Garage","À vendre, magnifique villa de 5 chambres, située dans le quartier prisé de Zohor Targa - Zephyr à Marrakech. Bénéficiant d'une surface totale de 926 m² et d'une surface habitable de 820 m², cette propriété dispose de 5 salles de bain et de 4 façades. Un bien d'exception à un prix de 5 500 000 Dhs. Ne manquez pas cette opportunité unique !",https://www.mubawab-media.com/ad/8/144/569F/h/image_636392952_80294086.avif,8,2026-09-30
8421965,Villa à vendre à Targa – 368 m² de terrain,https://www.mubawab.ma/fr/a/8421965/villa-%C3%A0-vendre-%C3%A0-targa-%E2%80%93-368-m%C2%B2-de-terrain,Vente,Villa,Marrakech,Targa,5 600 000 DH,5600000,368m²,368,6 Pièces,5 Chambres,4 Salles de bains,"Jardin, Terrasse, Garage, Piscine, Entre-seul, Salon européen, Antenne parabolique, Climatisation, Chauffage central, Sécurité, Double vitrage, Porte blindée, Cuisine équipée","À vendre, belle villa située dans le quartier recherché de Targa à Marrakech, édifiée sur un terrain de 368 m² et offrant environ 320 m² habitables. La propriété bénéficie d’un agréable jardin avec piscine ainsi que d’un garage pouvant accueillir deux voitures. La villa se compose au rez-de-chaussée d’un grand salon lumineux d'une chambre, d’une cuisine et d’une toilette pour invités. À l’étage, elle dispose de 4 chambres spacieuses, chacune bé...",https://www.mubawab-media.com/ad/8/421/965F/h/WhatsApp_Image_2026-09-23_at_18.12.24__1__83290633.avif,9,2026-09-30
8383453,"Villa d’exception à vendre – Targa, Marrakech",https://www.mubawab.ma/fr/a/8383453/villa-d%E2%80%99exception-%C3%A0-vendre-%E2%80%93-targa-marrakech,Vente,Villa,Marrakech,Targa,5 600 000 DH,5600000,465m²,465,5 Pièces,4 Chambres,4 Salles de bains,"Jardin, Garage, Piscine, Climatisation, Sécurité, Double vitrage, Cuisine équipée","Découvrez cette élégante villa contemporaine, construite en 2025, idéalement située dans une résidence privée et sécurisée au cœur du quartier prisé de Targa. Bénéficiant d’une exposition plein sud et d’une parfaite intimité grâce à son absence de vis-à-vis, cette propriété allie confort, modernité et qualité de vie.Édifiée sur un terrain de 465 m² avec une surface habitable de 380 m², la villa offre des espaces de réception lumineux comprenant t...",https://www.mubawab-media.com/ad/8/383/453F/h/281107ee-d5eb-4840-b3c7-02acff0086be_82870731.avif,9,2026-09-30
8141361,"Villa Spacieuse à Vendre – Targa Marrakech, 5 Chambres, Pisc...",https://www.mubawab.ma/fr/a/8141361/villa-spacieuse-%C3%A0-vendre-%E2%80%93-targa-marrakech-5-chambres-piscine-et-rooftop-panoramique,Vente,Villa,Marrakech,Targa,5 700 000 DH,5700000,860m²,860,,5 Chambres,5 Salles de bains,"Jardin, Terrasse, Piscine, Entre-seul, Salon Marocain, Cheminée, Climatisation, Chauffage central, Cuisine équipée","VILLA RÉCENTE EN PARFAIT ÉTAT, AU CŒUR D’UN QUARTIER RÉSIDENTIEL PRISÉ Située dans un environnement calme et résidentiel à Targa, à seulement 10 minutes de l’école Victor Hugo, cette villa contemporaine construite en 2021 offre un cadre de vie élégant, confortable et sans vis-à-vis. Édifiée sur un terrain de 420 m², elle développe 390 m² habitables répartis sur trois niveaux, avec une triple exposition Nord-Ouest et trois façades en angle de rue...",https://www.mubawab-media.com/ad/8/141/361F/h/IMG_1611_80262988.avif,11,2026-09-30
8092997,"Villa de luxe à vendre, 1008 m², Targa",https://www.mubawab.ma/fr/a/8092997/villa-de-luxe-%C3%A0-vendre-1008-m%C2%B2-targa,Vente,Villa,Marrakech,Targa,5 700 000 DH,5700000,1008m²,1008,7 Pièces,4 Chambres,3 Salles de bains,"Jardin, Terrasse, Garage, Vue sur les montagnes, Piscine, Chambre rangement, Salon Marocain, Salon européen, Antenne parabolique, Cheminée, Climatisation, Sécurité, Cuisine équipée","L’agence Pics Atlas vous présente une splendide villa à vendre, située dans le très recherché quartier de Targa, à proximité immédiate de Quick et de l’école Les Églantiers. Alliant élégance, confort et emplacement stratégique, cette propriété est idéale pour une résidence familiale de haut standing. Caractéristiques de la villa : • Superficie du terrain : 1008 m² • Style architectural raffiné avec belles finitions • Piscine privée • C...",https://www.mubawab-media.com/ad/8/092/997F/h/T%20mubawab%20%2814%29_80311023.avif,31,2026-09-30
8274496,Maison de famille de 420 m2 sur un terrain de 542 m2 à la ve...,https://www.mubawab.ma/fr/a/8274496/maison-de-famille-de-420-m2-sur-un-terrain-de-542-m2-%C3%A0-la-vente-%C3%A0-targa-emplacement-tr%C3%A8s-calme-5-chambres-meubl%C3%A9,Vente,Maison,Marrakech,Targa,5 700 000 DH,5700000,410m²,410,7 Pièces,5 Chambres,3 Salles de bains,"Terrasse, Garage, Vue sur les montagnes, Piscine, Concierge, Meublé, Entre-seul, Salon Marocain, Salon européen, Cheminée, Climatisation, Cuisine équipée","L’agence Worldwide transaction propose cette maison idéale pour une famille à vendre de :420 m2 Prix 5 700 000 Dhs. 5 chambres, 2 salles de bains, 1 toilettes invités , piscine chauffée , sous-sol qui avec parking et 1 chambre pour personnel et 1 chambre pour le gardien. 7 pièces lumineuses. Meublé. Terrasse avec buanderie vue sur les montagnes de l’atlas Cette belle maison est en vente à Targa dans un lotissement très calme Confortable et b...",https://www.mubawab-media.com/ad/8/274/496F/h/photo_0_81656107.avif,29,2026-09-30
8369348,Belle villa à vendre meublée de 398m² à targa,https://www.mubawab.ma/fr/a/8369348/belle-villa-%C3%A0-vendre-meubl%C3%A9e-de-398m%C2%B2-%C3%A0-targa,Vente,Villa,Marrakech,Targa,5 800 000 DH,5800000,450m²,450,6 Pièces,4 Chambres,4 Salles de bains,"Garage, Vue sur les montagnes, Piscine, Concierge, Chambre rangement, Meublé, Salon Marocain, Antenne parabolique, Cheminée, Climatisation, Sécurité, Double vitrage, Porte blindée, Cuisine équipée, Réfrigérateur, Four, Machine à laver","Villa Moderne Meublée à vendre meublé à Targa cette magnifique villa moderne entièrement meublée, située dans le prestigieux quartier résidentiel de Targa à Marrakech, reconnu pour son calme, sa sécurité et sa proximité avec toutes les commodités. Édifiée sur un terrain de 398 m² et offrant 450 m² habitables, cette propriété allie élégance, confort et prestations haut de gamme. La villa se compose de : 4 grandes chambres lumineuses 4 salles de ba...",https://www.mubawab-media.com/ad/8/369/348F/h/IMG-20250611-WA0030_82713565.avif,12,2026-09-30
8262963,Maison de luxe à vendre à Hay Targa. Superficie 619 m². Bell...,https://www.mubawab.ma/fr/a/8262963/maison-de-luxe-%C3%A0-vendre-%C3%A0-hay-targa-superficie-619-m%C2%B2-belle-terrasse-et-jardin,Vente,Villa,Marrakech,Targa,5 800 000 DH,5800000,619m²,619,4 Pièces,4 Chambres,5 Salles de bains,"Jardin, Terrasse, Garage, Ascenseur, Vue sur les montagnes, Piscine, Climatisation, Sécurité, Cuisine équipée, Réfrigérateur, Four, Machine à laver, Micro-ondes","- MAGNIFIQUE VILLA MODERNE AVEC PISCINE À VENDRE-MARRAKECH : - Je vous propose à la vente un belle villa 4 chambres moderne isolé d’une superficie de 619 m2,d’une endroit propre ,villa est à 12 minutes de la place de jamaa lafna et la mosquée Koutoubia et à 7 minutes de l’aéroport Marrakech Ménara, au cœur de Marrakech ,dans un environnement calme,sécurisé ,situé à Targa , il se composé de: • Rez-de-chaussée : - Entrée spacieuse, ...",https://www.mubawab-media.com/ad/8/262/963F/h/photo_0_81528343.avif,27,2026-09-30
8307935,Villa vide de 401 m² à vendre avec piscine privée – Targa,https://www.mubawab.ma/fr/a/8307935/villa-vide-de-401-m%C2%B2-%C3%A0-vendre-avec-piscine-priv%C3%A9e-%E2%80%93-targa,Vente,Villa,Marrakech,Targa,5 800 000 DH,5800000,401m²,401,9 Pièces,6 Chambres,4 Salles de bains,"Jardin, Terrasse, Garage, Piscine, Entre-seul, Salon Marocain, Salon européen, Antenne parabolique, Climatisation, Chauffage central, Sécurité, Double vitrage, Porte blindée, Cuisine équipée","L’IMMOBILIER SANS FRONTIÈRES vous propose à la vente cette somptueuse villa vide, idéalement située à Targa, dans un cadre résidentiel calme et sécurisé. Édifiée sur un terrain de 401 m² et développant environ 520 m² habitables, cette propriété moderne s’organise sur quatre niveaux et offre des prestations rares. Sous-sol : - Espace de vie polyvalent - Piscine intérieure en L - Espace dédié aux enfants - Suite avec salle de bain - Chambre supp...",https://www.mubawab-media.com/ad/8/307/935F/h/0%20image%20a%20la%20une%20_82012862.avif,23,2026-09-30
8424440,Villa magnifique moderne à vendre à targa,https://www.mubawab.ma/fr/a/8424440/villa-magnifique-moderne-%C3%A0-vendre-%C3%A0-targa,Vente,Villa,Marrakech,Targa,5 900 000 DH,5900000,360m²,360,8 Pièces,5 Chambres,5 Salles de bains,"Jardin, Terrasse, Garage, Ascenseur, Piscine, Chambre rangement, Salon Marocain, Salon européen, Antenne parabolique, Climatisation, Chauffage central, Sécurité, Double vitrage, Porte blindée, Cuisine équipée, Réfrigérateur, Machine à laver","Villa neuve de 376 m² à vendre, récemment achevée, bénéficiant de trois façades et offrant de beaux volumes ainsi qu’une excellente luminosité. Elle dispose d’une piscine et d’un garage électrique pouvant accueillir deux voitures. Au rez-de-chaussée, la villa comprend deux salons spacieux, une chambre, une salle de bains et une cuisine. À l’étage, vous trouverez quatre chambres avec balcons, ainsi que leurs salles de bains",https://www.mubawab-media.com/ad/8/424/440F/h/IMG_5127_83317841.avif,13,2026-09-30
8316032,Villa d’exception à vendre – Targa Masmoudi,https://www.mubawab.ma/fr/a/8316032/villa-d%E2%80%99exception-%C3%A0-vendre-%E2%80%93-targa-masmoudi,Vente,Villa,Marrakech,Targa,5 950 000 DH,5950000,300m²,300,7 Pièces,5 Chambres,5 Salles de bains,"Jardin, Terrasse, Piscine, Salon Marocain, Sécurité","Villa d’exception à vendre – Targa Masmoudi Résidence sécurisée de standing avec piscine privée Nichée au sein d’une résidence sécurisée et prisée à Targa Masmoudi, cette somptueuse villa conjugue élégance, confort moderne et volumes généreux, offrant un cadre de vie raffiné et exclusif. Édifiée sur un terrain de 450 m² avec environ 316 m² habitables, la propriété séduit par son architecture harmonieuse et ses espaces de réception lumineux...",https://www.mubawab-media.com/ad/8/316/032F/h/5_82100629.avif,31,2026-09-30
8404727,"Villa vide de 470 m² à Targa – 4 chambres, suite, piscine pr...",https://www.mubawab.ma/fr/a/8404727/villa-vide-de-470-m%C2%B2-%C3%A0-targa-%E2%80%93-4-chambres-suite-piscine-priv%C3%A9e-et-jardin,Vente,Villa,Marrakech,Targa,6 000 000 DH,6000000,470m²,470,7 Pièces,5 Chambres,2 Salles de bains,"Jardin, Terrasse, Garage, Piscine, Meublé, Entre-seul, Salon européen, Cheminée, Climatisation, Sécurité, Double vitrage, Cuisine équipée","L’Immobilier Sans Frontières vous propose à la vente cette villa vide de 470 m² située à Targa. Organisée entre sous-sol, rez-de-chaussée et étage, elle comprend plusieurs espaces de réception, quatre chambres ainsi qu’une suite avec balcon et salle de bains. Le bien dispose également d’un jardin et d’une piscine privés, d’un hammam beldi, d’un puits de 26 m et d’une climatisation centralisée. Composition : Sous-sol : Salon européen – Hammam bel...",https://www.mubawab-media.com/ad/8/404/727F/h/0%20image%20a%20la%20une%20Photo%20_83101076.avif,32,2026-09-30
8324538,"Villa à Vendre de 280.0 m² à Marrakech, Targa",https://www.mubawab.ma/fr/a/8324538/villa-%C3%A0-vendre-de-280-0-m%C2%B2-%C3%A0-marrakech-targa,Vente,Villa,Marrakech,Targa,6 000 000 DH,6000000,280m²,280,6 Pièces,5 Chambres,9 Salles de bains,Garage,"Nouvelle annonce de Vente d'une villa à Marrakesh, dans le quartier Targa. Cette propriété spacieuse offre une surface de 280.0m² Elle offre une luminosité exceptionnelle. Prix attractif de 6000000 Dhs",https://www.mubawab-media.com/ad/8/324/538F/h/image_479409453_82187005.avif,6,2026-09-30
8123992,Splendide villa d’Architecte à vendre à Hay Targa,https://www.mubawab.ma/fr/a/8123992/splendide-villa-d%E2%80%99architecte-%C3%A0-vendre-%C3%A0-hay-targa,Vente,Villa,Marrakech,Targa,6 000 000 DH,6000000,450m²,450,7 Pièces,5 Chambres,5 Salles de bains,"Jardin, Terrasse, Garage, Vue sur les montagnes, Piscine, Concierge, Chambre rangement, Salon Marocain, Salon européen, Antenne parabolique, Climatisation, Porte blindée, Cuisine équipée, Réfrigérateur, Four, Micro-ondes",Moderne Villa d’architecte à vendre à targua Cette villa est très bien placé sans aucun vis à vis de 3 façades Superficie habitables est de 420 m2 Superficie de terrain 450 m2 Construit sur 3 niveaux un sous sol réez jardin étage et stahe . Prix de vente est 6 000 000Dh,https://www.mubawab-media.com/ad/8/123/992F/h/photo_0_80091553.avif,17,2026-09-30
7986574,Magnifique villa moderne piscine privée à Targa,https://www.mubawab.ma/fr/a/7986574/magnifique-villa-moderne-piscine-priv%C3%A9e-%C3%A0-targa,Vente,Villa,Marrakech,Targa,6 200 000 DH,6200000,630m²,630,6 Pièces,5 Chambres,4 Salles de bains,"Jardin, Piscine","Nous mettons à la vente une magnifique villa moderne de 4 suites avec piscine à Targa, La villa est d'une superficie de plus de 600m² offrant un beau jardin entouré avec une piscine pour vous rafraîchir pendant les chaudes journées d'été La villa se compose de : Au rez de chaussée : Un grand Salon qui donne sur la piscine, une chambre d’amis , une cuisine et une toilette des invitées A l’étage : 4 suites avec dressing et salle de bain Pour...",https://www.mubawab-media.com/ad/7/986/574F/h/WhatsApp%20Image%202026-05-04%20at%2014.33.50_82394778.avif,28,2026-09-21
8417029,Somptueuse villa à vendre à Targa,https://www.mubawab.ma/fr/a/8417029/somptueuse-villa-%C3%A0-vendre-%C3%A0-targa,Vente,Villa,Marrakech,Targa,6 200 000 DH,6200000,376m²,376,1 Pièce,5 Chambres,6 Salles de bains,"Garage, Piscine, Salon Marocain, Salon européen, Cuisine équipée",Belle villa de 5suites 6sdbs Piscine Garage électrique,https://www.mubawab-media.com/ad/8/417/029F/h/photo_0_83236473.avif,17,2026-09-30
8421242,Magnifique villa à vendre à Hay Targa. 5 chambres agréables...,https://www.mubawab.ma/fr/a/8421242/magnifique-villa-%C3%A0-vendre-%C3%A0-hay-targa-5-chambres-agr%C3%A9ables-piscine-climatisation,Vente,Villa,Marrakech,Targa,6 200 000 DH,6200000,376m²,376,5 Pièces,5 Chambres,5 Salles de bains,"Jardin, Terrasse, Garage, Piscine, Concierge, Climatisation, Sécurité","- MAGNIFIQUE VILLA MODERNE NEUF À VENDRE-MARRAKECH : - je vous propose à la vente un villa 5 suites parentales moderne avec trois façades d’une superficie de 375 m2 jamais habitée .Villa est à 30 minutes de la place de jamaa lafna et la mosquée Koutoubia et à 20 minutes de l’aéroport et Marrakech Ménara et à 20 minutes à centre ville-Marrakech, au cœur de Marrakech, dans un environment calme, sécurisé, situé à Zhor Targa, il se composé de : ...",https://www.mubawab-media.com/ad/8/421/242F/h/photo_00_83282776.avif,21,2026-09-30
8307505,Magnifique villa à vendre à Hay Targa. 13 grandes pièces. Bi...,https://www.mubawab.ma/fr/a/8307505/magnifique-villa-%C3%A0-vendre-%C3%A0-hay-targa-13-grandes-pi%C3%A8ces-bien-meubl%C3%A9,Vente,Villa,Marrakech,Targa,6 300 000 DH,6300000,500m²,500,13 Pièces,6 Chambres,6 Salles de bains,"Jardin, Terrasse, Garage, Vue sur les montagnes, Piscine, Chambre rangement, Meublé, Entre-seul, Salon européen, Antenne parabolique, Cheminée, Climatisation, Sécurité, Cuisine équipée, Four",BELLE ET GRANDE DEMEURE AVEC JARDIN ET PISCINE CHAUFFEE A DEBORDEMENT DANS UN STYLE TRADITIONNEL EPURE SITUEE EN VILLE DE MARRAKECH DANS LE QUARTIER TARGA PROCHE DU LYCEE FRANCAIS VICTOR HUGO. Villa de 500 m2 (sur 3 niveaux) sur un terrain de 400 m2 / 6 SUITES / POSSIBILITE DE 2 CHAMBRES SUPPLEMENTAIRES VENDUE MEUBLEE OU NON . TOP EMPLACEMENT ET TOP ACCES A 2 PAS DU RESTAURANT QUICK ET DU SUPERMARCHE CARREFOUR. TRANSPORT EN COMMUN ET TAXI A P...,https://www.mubawab-media.com/ad/8/307/505F/h/photo_0_82763797.avif,11,2026-09-30
8129400,Superbe Villa à Vendre – Zhour Targa,https://www.mubawab.ma/fr/a/8129400/superbe-villa-%C3%A0-vendre-%E2%80%93-zhour-targa,Vente,Villa,Marrakech,Targa,6 500 000 DH,6500000,560m²,560,7 Pièces,5 Chambres,5 Salles de bains,"Jardin, Terrasse, Garage, Vue sur les montagnes, Piscine, Chambre rangement, Entre-seul, Salon Marocain, Salon européen, Antenne parabolique, Cheminée, Climatisation, Chauffage central, Sécurité, Double vitrage, Porte blindée, Cuisine équipée, Réfrigérateur, Four, Machine à laver, Micro-ondes","Nichée dans un quartier résidentiel calme et prisé, cette magnifique villa allie confort, élégance et bien-être. Érigée sur un terrain spacieux, elle séduit par son très beau jardin arboré et sa piscine privée, parfaits pour profiter des journées ensoleillées en toute intimité. Sous-sol : Un hammam beldi traditionnel pour des moments de détente, Une cuisine équipée, Un salon confortable, Une chambre accueillante, Une salle de...",https://www.mubawab-media.com/ad/8/129/400F/h/IMG-20250714-WA0009_80681598.avif,17,2026-09-30
8367521,Très bon affaire à nous pas rater sur targa,https://www.mubawab.ma/fr/a/8367521/tr%C3%A8s-bon-affaire-%C3%A0-nous-pas-rater-sur-targa,Vente,Villa,Marrakech,Targa,6 500 000 DH,6500000,623m²,623,5 Pièces,5 Chambres,5 Salles de bains,"Jardin, Terrasse, Garage, Piscine, Chambre rangement, Meublé, Entre-seul","EXCLUSIVITÉ M-SIGNATURE C’est VILLA DE LUXE CLÉ EN MAIN Découvrez cette somptueuse villa meublée de 420 m² habitables sur un terrain de 623 m², située dans une résidence fermée et hautement sécurisée. Un bien d'exception alliant confort, modernité et sérénité. Les Points Forts :RDC : Lumineux double salon ouvert sur le jardin.Étage : 4 suites spacieuses grande terrasse avec vue sur la piscine.Toit : Une 5ème suite indépendante idéale pour les...",https://www.mubawab-media.com/ad/8/367/521F/h/c389d45d-4d4d-4a56-8b70-bb29e0d39b1a_82694895.avif,21,2026-09-30
8387838,Magnifique villa à vendre à Zhour Targa Marrakech. Superfici...,https://www.mubawab.ma/fr/a/8387838/magnifique-villa-%C3%A0-vendre-%C3%A0-zhour-targa-marrakech-superficie-430-m%C2%B2-avec-piscine-et-jardin,Vente,Villa,Marrakech,Targa,6 500 000 DH,6500000,430m²,430,10 Pièces,6 Chambres,5 Salles de bains,"Jardin, Terrasse, Garage, Piscine, Chambre rangement, Entre-seul, Salon Marocain, Salon européen, Antenne parabolique, Cheminée, Climatisation, Chauffage central, Sécurité, Porte blindée, Cuisine équipée","Magnifique villa de prestige à vendre – Zhour Targa, Marrakech Découvrez cette somptueuse villa située dans le quartier résidentiel très recherché de Zhour Targa, offrant de généreux volumes, des prestations de qualité et un cadre de vie idéal pour une famille. Caractéristiques : * Superficie du terrain : 430 m² * Surface habitable : 570 m² * Répartie sur 3 niveaux : sous-sol, rez-de-chaussée et étage Rez-de-chaussée : * Grand sa...",https://www.mubawab-media.com/ad/8/387/838F/h/photo_18_82918437.avif,26,2026-09-30
8330233,Vente villa Bourgeoise Zhour Targa Marrakech,https://www.mubawab.ma/fr/a/8330233/vente-villa-bourgeoise-zhour-targa-marrakech,Vente,Villa,Marrakech,Targa,6 500 000 DH,6500000,420m²,420,9 Pièces,6 Chambres,7 Salles de bains,"Jardin, Terrasse, Garage, Vue sur les montagnes, Piscine, Concierge, Chambre rangement, Salon Marocain, Cheminée, Climatisation, Cuisine équipée","Notre Agence Immobilière TERRE & DIAMANT, vous présente à la vente cette magnifique villa bourgeoise style Marocain construite avec des matériaux haut de gamme situé quartier Zhour Targa à seulement 15 minutes du centre-ville de Marrakech. • Villa isolé (4 façades) • Aucun vis-à-vis • Construction de 2020 • Permis d’habiter • Surface terrain : 781 m2 • Surface habitable : - RDC : 196 m2 - 1er éta...",https://www.mubawab-media.com/ad/8/330/233F/h/1_82250686.avif,27,2026-09-30
8168241,Vente Villa à targa,https://www.mubawab.ma/fr/a/8168241/vente-villa-%C3%A0-targa,Vente,Villa,Marrakech,Targa,6 500 000 DH,6500000,465m²,465,7 Pièces,5 Chambres,5 Salles de bains,"Jardin, Terrasse, Garage, Piscine, Meublé, Salon européen","Je mets en vente une villa R1 de standing meublé, située dans le quartier résidentiel de Targa à Marrakech, à seulement 5 minutes de Carrefour Targa. Édifiée sur un terrain de 465 m², elle offre une surface construite de 375 m², alliant confort, espace et prestations haut de gamme. La villa se compose de 5 chambres, chacune disposant de son propre dressing et de sa salle de bain privative, d’un salon européen, d’un salon américain, d’une cuisine...",https://www.mubawab-media.com/ad/8/168/241F/h/07d8bf53f3bd29412795_80542134.avif,9,2026-09-30
8255590,"Villa à Vendre de 385.0 m² à Marrakech, Targa",https://www.mubawab.ma/fr/a/8255590/villa-%C3%A0-vendre-de-385-0-m%C2%B2-%C3%A0-marrakech-targa,Vente,Villa,Marrakech,Targa,6 500 000 DH,6500000,385m²,385,8 Pièces,5 Chambres,7 Salles de bains,"Jardin, Garage, Meublé, Climatisation","À vendre, magnifique villa située dans le quartier prisé de Targa à Marrakech. D'une surface totale de 480 m², cette propriété dispose de 5 chambres et 4 salles de bain, offrant un espace de vie confortable sur 2 niveaux. Avec 2 façades, elle bénéficie d'une belle luminosité. Prix : 6 500 000 Dhs. Ne manquez pas cette opportunité unique !",https://www.mubawab-media.com/ad/8/255/590F/h/image_718337502_81442720.avif,31,2026-09-30
7951999,"Villa à Vendre de 781.0 m² à Marrakech, Zohor Targa Zephyr",https://www.mubawab.ma/fr/a/7951999/villa-%C3%A0-vendre-de-781-0-m%C2%B2-%C3%A0-marrakech-zohor-targa-zephyr,Vente,Villa,Marrakech,Targa,6 500 000 DH,6500000,781m²,781,8 Pièces,6 Chambres,5 Salles de bains,"Garage, Climatisation, Chauffage central","À vendre, magnifique villa située dans le quartier prisé de Targa à Marrakech. Cette propriété spacieuse de 781 m² comprend 6 chambres et 5 salles de bain, offrant un confort optimal. Avec ses 4 façades et un seul niveau, cette villa est idéale pour une vie familiale agréable. Prix : 6 800 000 Dhs",https://www.mubawab-media.com/ad/7/951/999F/h/image_649847371_78401012.avif,30,2026-09-30
8307785,Superbe Villa à vendre à Targa – 782 m²,https://www.mubawab.ma/fr/a/8307785/superbe-villa-%C3%A0-vendre-%C3%A0-targa-%E2%80%93-782-m%C2%B2,Location,Villa,Marrakech,Targa,6 500 000 DH,6500000,782m²,782,7 Pièces,5 Chambres,5 Salles de bains,"Jardin, Terrasse, Garage, Piscine, Concierge, Entre-seul, Salon Marocain, Salon européen, Antenne parabolique, Climatisation, Chauffage central, Sécurité, Double vitrage, Porte blindée, Cuisine équipée, Internet","Située dans le quartier résidentiel très recherché de Targa, cette magnifique villa offre un cadre de vie spacieux, confortable et parfaitement sécurisé. Édifiée sur un terrain de 782 m², elle bénéficie d’une emprise au sol de 17 m x 14 m, avec des prestations de qualité et des rénovations récentes. Description détaillée: Rez-de-chaussée: Grand salon lumineux Salle à manger Cuisine spacieuse (climatisée) 1 chambre 1 salle de bains 1er étage 2 su...",https://www.mubawab-media.com/ad/8/307/785F/h/WhatsApp%20Image%202026-02-23%20at%2009.52.14%20%281%29_82011372.avif,13,2026-09-30
8422279,Villa 600m² avec Piscine à Targa Marrakech,https://www.mubawab.ma/fr/a/8422279/villa-600m%C2%B2-avec-piscine-%C3%A0-targa-marrakech,Vente,Villa,Marrakech,Targa,6 730 000 DH,6730000,448m²,448,7 Pièces,6 Chambres,8 Salles de bains,"Jardin, Terrasse, Garage, Piscine, Chambre rangement, Entre-seul, Climatisation, Chauffage central, Sécurité, Double vitrage, Porte blindée, Cuisine équipée","À vendre à Targa, Marrakech, magnifique villa moderne de standing édifiée sur un terrain de 600 m² et offrant une surface habitable de 448 m². Bénéficiant d’une orientation Sud, de trois façades et d’une vue dégagée sans vis-à-vis, cette propriété offre un cadre de vie privilégié alliant espace, confort, luminosité et intimité. La villa dispose de prestations recherchées, notamment une piscine privée, une climatisation centralisée, un hammam t...",https://www.mubawab-media.com/ad/8/422/279F/h/6_83294371.avif,26,2026-09-30
8407531,Somptueuse villa à TARGA de 634m2.6chbres,https://www.mubawab.ma/fr/a/8407531/somptueuse-villa-%C3%A0-targa-de-634m2-6chbres,Vente,Villa,Marrakech,Targa,6 800 000 DH,6800000,634m²,634,3 Pièces,6 Chambres,8 Salles de bains,"Jardin, Garage, Piscine, Chambre rangement, Salon Marocain, Salon européen, Cheminée, Cuisine équipée","Située dans le quartier prisé Zhour TARGA à Marrakech, cette somptueuse villa de luxe présente une surface de 634 m². En entrant, on découvre des intérieurs spacieux et lumineux, sublimés par un élégant escalier acajou avec un garde-corps en verre, qui confère au hall d'entrée une impression de grandeur. Le sol en marbre, visible à travers plusieurs pièces, accentue le raffinement de cette demeure. La villa comprend 6 chambres spacieuses, tout...",https://www.mubawab-media.com/ad/8/407/531F/h/photo_0_83164915.avif,16,2026-09-30
8415426,Villa d’exception à vendre à Targa – 634 m²,https://www.mubawab.ma/fr/a/8415426/villa-d%E2%80%99exception-%C3%A0-vendre-%C3%A0-targa-%E2%80%93-634-m%C2%B2,Vente,Villa,Marrakech,Targa,6 800 000 DH,6800000,634m²,634,9 Pièces,6 Chambres,8 Salles de bains,"Jardin, Terrasse, Garage, Piscine, Concierge, Chambre rangement, Entre-seul, Salon Marocain, Salon européen, Antenne parabolique, Cheminée, Climatisation, Chauffage central, Sécurité, Double vitrage, Porte blindée, Cuisine équipée","Découvrez cette magnifique villa à vendre située dans le quartier prisé de Targa à Marrakech, offrant une superficie de terrain de 447 m² et une surface habitable de 634 m² répartie sur trois niveaux. Cette propriété d’exception allie élégance, confort et qualité de construction, avec de beaux volumes et des prestations soigneusement sélectionnées. La villa se compose de six chambres, huit salles de bains, trois salons élégants, une salle à ma...",https://www.mubawab-media.com/ad/8/415/426F/h/WhatsApp_Image_2026-09-15_at_11.00.45__2__83225465.avif,18,2026-09-30
8389424,L'Affaire du Moment à Saisir sur Marrakech,https://www.mubawab.ma/fr/a/8389424/l-affaire-du-moment-%C3%A0-saisir-sur-marrakech,Vente,Villa,Marrakech,Targa,6 800 000 DH,6800000,680m²,680,5 Pièces,5 Chambres,5 Salles de bains,"Jardin, Piscine, Entre-seul, Cheminée","Villa neuve de prestige à vendre à Targa Découvrez cette magnifique villa neuve située dans le quartier prisé de Targa, offrant des prestations haut de gamme et de généreux espaces de vie. Édifiée sur un terrain de 448 m² avec une surface construite de 680 m² répartie sur trois niveaux, cette propriété est idéale pour une résidence familiale de standing. Composition : Sous-sol : Grande cuisine fonctionnelle Chambre de personnel ou d'...",https://www.mubawab-media.com/ad/8/389/424F/h/IMG_8522_83191260.avif,26,2026-09-30
8400855,Villa vide avec piscine avec cascade à vendre à Targa,https://www.mubawab.ma/fr/a/8400855/villa-vide-avec-piscine-avec-cascade-%C3%A0-vendre-%C3%A0-targa,Vente,Villa,Marrakech,Targa,6 800 000 DH,6800000,448m²,448,7 Pièces,5 Chambres,6 Salles de bains,"Jardin, Terrasse, Garage, Piscine, Chambre rangement, Entre-seul, Salon Marocain, Salon européen, Antenne parabolique, Cheminée, Climatisation, Chauffage central, Sécurité, Double vitrage, Cuisine équipée","L’Immobilier Sans Frontières vous propose … une villa vide à vendre située à Targa, Marrakech, sur un terrain de 650 m², avec une surface habitable de 448 m². La villa est répartie entre un sous-sol, un rez-de-chaussée et un étage. Elle comprend plusieurs espaces de vie et de nuit, ainsi qu’un jardin privé, une piscine de 14 m x 4 m avec cascade, un puits et un système d’arrosage automatique. Rez-de-chaussée : Double salon avec climatisation cen...",https://www.mubawab-media.com/ad/8/400/855F/h/0%20image%20a%20la%20une%20Photo%20_83060319.avif,30,2026-09-30
8400581,Villa vide à vendre à Targa,https://www.mubawab.ma/fr/a/8400581/villa-vide-%C3%A0-vendre-%C3%A0-targa,Vente,Villa,Marrakech,Targa,6 900 000 DH,6900000,420m²,420,7 Pièces,5 Chambres,5 Salles de bains,"Jardin, Terrasse, Garage, Piscine, Chambre rangement, Entre-seul, Salon Marocain, Salon européen, Antenne parabolique, Cheminée, Climatisation, Chauffage central, Sécurité, Double vitrage, Cuisine équipée","L’Immobilier Sans Frontières vous propose … une villa vide à vendre située à Targa, Marrakech, sur un terrain de 680 m², avec une surface habitable de 420 m². La villa est répartie entre un rez-de-chaussée et un étage. Elle dispose notamment de 5 chambres au total, d’un jardin privé, d’une piscine et d’un garage électrique. Rez-de-chaussée : • Double salon avec climatisation centralisée • Toilettes invités • 1 chambre avec placard • 1 salle de b...",https://www.mubawab-media.com/ad/8/400/581F/h/0%20image%20a%20la%20une%20Photo%20_83057143.avif,30,2026-09-30
8355799,Magnifique villa à vendre à targa. 11 pièces. Porte blindée...,https://www.mubawab.ma/fr/a/8355799/magnifique-villa-%C3%A0-vendre-%C3%A0-targa-11-pi%C3%A8ces-porte-blind%C3%A9e-et-chauffage-central,Vente,Villa,Marrakech,Targa,6 900 000 DH,6900000,490m²,490,11 Pièces,6 Chambres,6 Salles de bains,"Jardin, Terrasse, Garage, Vue sur les montagnes, Piscine, Chambre rangement, Salon européen, Climatisation, Chauffage central, Sécurité, Double vitrage, Porte blindée, Cuisine équipée","Cette villa de luxe en vente, située sur l'Avenue de Targa à Marrakech, offre une expérience de vie exceptionnelle avec ses caractéristiques haut de gamme et son design moderne. Avec une surface habitable de 490 m² et un terrain de 505 m², cette propriété se distingue par son architecture contemporaine et son orientation sud, maximisant la lumière naturelle. La villa comprend six chambres spacieuses et six salles de bains élégantes, toutes dotée...",https://www.mubawab-media.com/ad/8/355/799F/h/photo_0_82526705.avif,32,2026-09-30
8337781,Splendide villa 4 chambres piscine privée à Targa,https://www.mubawab.ma/fr/a/8337781/splendide-villa-4-chambres-piscine-priv%C3%A9e-%C3%A0-targa,Vente,Villa,Marrakech,Targa,7 000 000 DH,7000000,700m²,700,7 Pièces,4 Chambres,4 Salles de bains,"Jardin, Piscine, Salon Marocain, Salon européen","Nous mettons à la vente une splendide villa spacieuse de 700 M2, située sur le beau quartier de Targa. La villa dispose d’une vaste piscine privée ainsi que d’un jardin privé bien ensoleillé. La villa se compose de : Au rez-de-chaussée : Un grand salon marocain Un double salon européen Un séjour Une spacieuse cuisine Une toilette invités À l’étage : Quatre chambres, dont deux suites parentales avec salle de bain privée Une deuxième salle de b...",https://www.mubawab-media.com/ad/8/337/781F/h/WhatsApp%20Image%202026-04-23%20at%2009.23.39%20%281%29_82328993.avif,32,2026-09-30
8393441,Vente villa de luxe à Hay Targa. Superficie 1230 m². Bien...,https://www.mubawab.ma/fr/a/8393441/vente-villa-de-luxe-%C3%A0-hay-targa-superficie-1230-m%C2%B2-bien-meubl%C3%A9,Vente,Villa,Marrakech,Targa,7 000 000 DH,7000000,1230m²,1230,9 Pièces,6 Chambres,8 Salles de bains,"Jardin, Terrasse, Garage, Vue sur les montagnes, Piscine, Concierge, Chambre rangement, Meublé, Entre-seul, Salon Marocain, Salon européen, Antenne parabolique, Cheminée, Climatisation, Sécurité, Double vitrage, Porte blindée, Cuisine équipée, Réfrigérateur, Four, Machine à laver, Micro-ondes","Cette villa de luxe, située dans le quartier prisé de Hay Targa à Marrakech, incarne l'élégance et le confort moderne. Nichée sur un terrain spacieux de 1230 m², la propriété offre une multitude d'atouts, notamment une somptueuse piscine entourée de verdure luxuriance, idéale pour se détendre sous le climat ensoleillé de Marrakech. L'architecture extérieure présente des lignes élégantes et une palette de couleurs chaudes qui se fondent harmonieu...",https://www.mubawab-media.com/ad/8/393/441F/h/photo_00_82979981.avif,20,2026-09-30
8410968,Villa neuve à vendre à Zhour targa Marrakech piscine privat...,https://www.mubawab.ma/fr/a/8410968/villa-neuve-%C3%A0-vendre-%C3%A0-zhour-targa-marrakech-piscine-privative,Vente,Villa,Marrakech,Targa,7 000 000 DH,7000000,448m²,448,6 Pièces,5 Chambres,5 Salles de bains,"Jardin, Terrasse, Garage, Piscine, Entre-seul, Salon Marocain, Salon européen, Antenne parabolique, Cheminée, Climatisation, Chauffage central, Sécurité, Double vitrage, Cuisine équipée, Réfrigérateur, Four, Machine à laver, Micro-ondes","VILLA À VENDRE — TARGA ZHOUR, MARRAKECH CARACTÉRISTIQUES GÉNÉRALES * Superficie du terrain : 448 m² * Superficie habitable : environ 640 m² * Sous-sol : environ 140 m² * Rez-de-chaussée : environ 245 m² * 1er étage : environ 255 m² * Terrain avec deux façades * Villa avec trois façades, configuration jumelée en U EXTÉRIEURS La villa dispose d’un jardin privatif aménagé autour des espaces de vie. * Piscine à débordement de 10 4 m * Système d...",https://www.mubawab-media.com/ad/8/410/968F/h/photo_0_83168161.avif,19,2026-09-30
8370050,Villa neuve de prestige à vendre à Targa,https://www.mubawab.ma/fr/a/8370050/villa-neuve-de-prestige-%C3%A0-vendre-%C3%A0-targa,Vente,Villa,Marrakech,Targa,7 000 000 DH,7000000,680m²,680,7 Pièces,6 Chambres,7 Salles de bains,"Jardin, Terrasse, Garage, Piscine, Chambre rangement, Entre-seul, Salon Marocain, Salon européen, Antenne parabolique, Cheminée, Sécurité, Double vitrage, Porte blindée, Cuisine équipée","Découvrez cette magnifique villa neuve située dans le quartier prisé de Targa, offrant des prestations haut de gamme et de généreux espaces de vie. Édifiée sur un terrain de 448 m² avec une surface construite de 680 m² répartie sur trois niveaux, cette propriété est idéale pour une résidence familiale de standing. Composition : Sous-sol : Grande cuisine fonctionnelle Chambre de personnel ou d'invités avec salle de bain Hammam beldi traditionne...",https://www.mubawab-media.com/ad/8/370/050F/h/WhatsApp%20Image%202026-06-23%20at%2012.29.53%20%281%29_82720954.avif,8,2026-09-30
8264688,Av villa 800m2 a TARGA,https://www.mubawab.ma/fr/a/8264688/av-villa-800m2-a-targa,Vente,Villa,Marrakech,Targa,7 000 000 DH,7000000,250m²,250,9 Pièces,5 Chambres,4 Salles de bains,"Jardin, Terrasse, Garage, Piscine, Concierge, Entre-seul, Salon Marocain, Salon européen, Sécurité","A vendre Villa ennara Targa Superficie au sol 800 M2 3 salon 5 chambres avec salle de bain Bureau Chambres de personnel Chambres de gardien Piscine Grand solarium Garage Plusieurs terrasses Et grands jardins Vendu vide a 7 000 000 DH Honoraires d'agence 2,5% hors-taxe",https://www.mubawab-media.com/ad/8/264/688F/h/23598_83264379.avif,3,2026-09-30
7966650,"Villa de luxe à vendre de 600M², Jardin et piscine privé, Ta...",https://www.mubawab.ma/fr/a/7966650/villa-de-luxe-%C3%A0-vendre-de-600m%C2%B2-jardin-et-piscine-priv%C3%A9-targa,Vente,Villa,Marrakech,Targa,7 200 000 DH,7200000,600m²,600,9 Pièces,6 Chambres,5 Salles de bains,"Jardin, Terrasse, Garage, Ascenseur, Vue sur les montagnes, Piscine, Chambre rangement, Entre-seul, Salon Marocain, Salon européen, Antenne parabolique, Sécurité, Cuisine équipée","L’agence Pics Atlas vous propose une villa exceptionnelle à vendre, alliant luxe, confort et élégance. Située à Hay Targa, l’un des quartiers les plus prisés de Marrakech, cette propriété de haut standing offre un cadre de vie unique et paisible. Caractéristiques de la villa : • Superficie totale : 600 m² • Nombre d’étages : Sous-sol, rez-de-chaussée et 1er étage Composition : 3 salons spacieux et élégants - 3 chambres - 4 suites lux...",https://www.mubawab-media.com/ad/7/966/650F/h/T%20mubawab%20%281%29_80310591.avif,32,2026-09-30
8261835,"Villa à vendre 1 009 m², 6 chambres Targa Marrakech",https://www.mubawab.ma/fr/a/8261835/villa-%C3%A0-vendre-1-009-m%C2%B2-6-chambres-targa-marrakech,Vente,Villa,Marrakech,Targa,7 300 000 DH,7300000,1009m²,1009,,6 Chambres,8 Salles de bains,"Jardin, Terrasse, Garage, Piscine, Concierge, Chambre rangement, Entre-seul, Salon Marocain, Cuisine équipée","L'ART DE VIVRE MAROCAIN DANS UN ÉCRIN DE VERDURE Au cœur du quartier résidentiel prisé de Targa à Marrakech, cette majestueuse villa de caractère vous propose un cadre de vie d'exception. Située sans vis-à-vis et sans mur mitoyen, cette villa jouit d'une intimité totale et d'une tranquillité absolue. Aucune nuisance ne vient troubler la sérénité de ce cadre de vie exceptionnel, idéal pour les familles recherchant espace, calme et qualité de vie...",https://www.mubawab-media.com/ad/8/261/835F/h/annonce-agenz-20250918T151851121Z-20250918150132_81513387.avif,22,2026-09-30
8364357,Charmante villa 800 M2 avec piscine privée à Targa,https://www.mubawab.ma/fr/a/8364357/charmante-villa-800-m2-avec-piscine-priv%C3%A9e-%C3%A0-targa,Vente,Villa,Marrakech,Targa,7 500 000 DH,7500000,800m²,800,7 Pièces,4 Chambres,6 Salles de bains,"Jardin, Terrasse, Piscine, Entre-seul, Salon Marocain, Salon européen","Nous mettons à la vente une charmante villa moderne sans vis-à-vis de 800 M2, située dans le beau quartier de Targa. La villa dispose d’une piscine privée et se compose comme suit : Au rez-de-chaussée : • Un salon égyptien • Un salon marocain • Un salon européen, le tout donnant sur le jardin et la piscine • Toilette invités À l’étage : • 4 suites parentales avec salles de bain privatives, dont une suite master avec terrasse Au sous-sol : • U...",https://www.mubawab-media.com/ad/8/364/357F/h/WhatsApp%20Image%202026-06-13%20at%2009.18.55_82658288.avif,32,2026-09-30
8187039,Villa Luxueuse Style Riad À Vendre À Targa,https://www.mubawab.ma/fr/a/8187039/villa-luxueuse-style-riad-%C3%A0-vendre-%C3%A0-targa,Vente,Riad,Marrakech,Targa,7 500 000 DH,7500000,850m²,850,9 Pièces,6 Chambres,5 Salles de bains,"Jardin, Terrasse, Piscine, Entre-seul, Salon Marocain, Salon européen, Cheminée, Climatisation, Cuisine équipée, Réfrigérateur, Four, Machine à laver, Micro-ondes","Le 25 Immobilier vous propose à la vente une somptueuse villa de style riad située à Targa. Édifiée sur un terrain de 1 230 m², elle offre une surface habitable de 850 m² répartie sur trois niveaux. Au rez-de-chaussée, vous trouverez un WC invité, un salon européen avec une cheminée fonctionnelle, un grand salon marocain ainsi qu’une petite fontaine décorative dans le hall. Ce niveau comprend également deux suites, dont une avec placard, ainsi...",https://www.mubawab-media.com/ad/8/187/039F/h/PHOTO-2025-02-25-23-05-16%202_81275966.avif,9,2026-09-30
8238764,Villa d’exception à Targa avec piscine et jardin,https://www.mubawab.ma/fr/a/8238764/villa-d%E2%80%99exception-%C3%A0-targa-avec-piscine-et-jardin,Vente,Villa,Marrakech,Targa,7 500 000 DH,7500000,800m²,800,12 Pièces,9 Chambres,9 Salles de bains,"Jardin, Terrasse, Garage, Piscine, Chambre rangement, Entre-seul, Salon Marocain, Salon européen, Antenne parabolique, Climatisation, Chauffage central, Sécurité, Double vitrage, Porte blindée, Cuisine équipée","Située dans un quartier calme et recherché de Targa, cette magnifique villa d’une superficie de 270 m² offre un cadre de vie paisible et raffiné, idéal pour une famille en quête de confort et de modernité. Édifiée sur un beau terrain avec grand jardin verdoyant et piscine privée, la propriété se distingue par ses finitions de qualité et son agencement harmonieux. Rez-de-chaussée : Un salon marocain élégant et lumineux, idéal pour recevoir, Un sal...",https://www.mubawab-media.com/ad/8/238/764F/h/PHOTO-2025-10-21-13-37-04_81269859.avif,15,2026-09-30
8371125,Villa de prestige à vendre à targa,https://www.mubawab.ma/fr/a/8371125/villa-de-prestige-%C3%A0-vendre-%C3%A0-targa,Vente,Villa,Marrakech,Targa,7 500 000 DH,7500000,600m²,600,8 Pièces,5 Chambres,2 Salles de bains,"Jardin, Terrasse, Garage, Vue sur les montagnes, Piscine, Concierge, Entre-seul, Salon Marocain, Cheminée, Climatisation, Sécurité","Située dans le prestigieux quartier résidentiel de Targa, cette magnifique villa édifiée sur un terrain de 870 m² et offrant près de 600 m² construits constitue une opportunité rare pour les amateurs de confort, d’espace et d’élégance. La propriété se compose d’un vaste sous-sol comprenant un garage, une cour anglaise, une cuisine, une chambre, un séjour, une chambre de personnel, deux sanitaires, une kitchenette extérieure ainsi qu’un logement...",https://www.mubawab-media.com/ad/8/371/125F/h/3c8520a8-3819-4fa8-b060-15e44487609b_82733316.avif,17,2026-09-30
8030118,"Villa à Vendre de 656.0 m² à Marrakech, Targa",https://www.mubawab.ma/fr/a/8030118/villa-%C3%A0-vendre-de-656-0-m%C2%B2-%C3%A0-marrakech-targa,Vente,Villa,Marrakech,Targa,7 500 000 DH,7500000,656m²,656,8 Pièces,5 Chambres,10 Salles de bains,"Climatisation, Chauffage central","À vendre, magnifique villa située dans le quartier prisé de Zohor Targa - Zephyr à Marrakech. Cette propriété spacieuse de 760 m², comprenant 5 chambres et 6 salles de bain, s'étend sur un terrain de 656 m². Avec ses 4 façades et 2 niveaux, elle offre un cadre de vie idéal. Prix : 7 500 000 Dhs",https://www.mubawab-media.com/ad/8/030/118F/h/image_756533249_79159771.avif,17,2026-09-30
8229821,"Villa vide à vendre à Targa, 680 m², Marrakech",https://www.mubawab.ma/fr/a/8229821/villa-vide-%C3%A0-vendre-%C3%A0-targa-680-m%C2%B2-marrakech,Vente,Villa,Marrakech,Targa,7 500 000 DH,7500000,680m²,680,10 Pièces,6 Chambres,6 Salles de bains,"Jardin, Terrasse, Garage, Piscine, Chambre rangement, Entre-seul, Salon Marocain, Salon européen, Antenne parabolique, Climatisation, Chauffage central, Sécurité, Double vitrage, Porte blindée, Cuisine équipée","L’Immobilier Sans Frontières vous propose à la vente cette villa vide située à Targa, Marrakech. La superficie communiquée est de 680 m². La villa dispose d’un jardin privé, d’une piscine, de panneaux solaires et d’une climatisation centralisée. Cette villa se compose de : Sous-sol: Salon marocain - Cuisine équipée - Chambre de service - Toilette - Chambre supplémentaire avec salle de bain - Cour Rez-de-chaussée: 2 salons marocains -...",https://www.mubawab-media.com/ad/8/229/821F/h/0%20image%20a%20la%20une_82168437.avif,32,2026-09-30
8147714,"Villa à Vendre de 483.0 m² à Marrakech, Lotissement Les Palm...",https://www.mubawab.ma/fr/a/8147714/villa-%C3%A0-vendre-de-483-0-m%C2%B2-%C3%A0-marrakech-lotissement-les-palmiers,Vente,Villa,Marrakech,Targa,7 700 000 DH,7700000,483m²,483,9 Pièces,7 Chambres,12 Salles de bains,"Jardin, Terrasse, Garage, Climatisation, Chauffage central","À vendre : superbe villa située dans le quartier prisé de Targa à Marrakech. D'une surface construite de 483 m², cette propriété dispose de 7 chambres et 5 salles de bain, réparties sur 3 niveaux. Profitez d'un jardin de 120 m² et de terrasses totalisant 150 m². Idéale pour une grande famille, cette villa est proposée au prix de 7 700 000 Dhs",https://www.mubawab-media.com/ad/8/147/714F/h/image_440911550_80325087.avif,12,2026-09-30
8094465,"Villa résidentielle à vendre à Targa, 1230 m², Marrakech",https://www.mubawab.ma/fr/a/8094465/villa-r%C3%A9sidentielle-%C3%A0-vendre-%C3%A0-targa-1230-m%C2%B2-marrakech,Vente,Villa,Marrakech,Targa,7 900 000 DH,7900000,1230m²,1230,11 Pièces,7 Chambres,7 Salles de bains,"Jardin, Terrasse, Garage, Ascenseur, Vue sur les montagnes, Piscine, Chambre rangement, Entre-seul, Salon Marocain, Salon européen, Antenne parabolique, Cheminée, Climatisation, Sécurité, Cuisine équipée","L’Immobilier Sans Frontières vous propose cette villa résidentielle à vendre à Targa, Marrakech. La villa est annoncée avec 4 façades, un jardin privé, une piscine et des espaces de vie spacieux. Superficie : 1230 m². Cette villa se compose de : Rez-de-chaussée: salon marocain - salon européen - séjour - toilette invités - 2 suites - terrasse - cuisine équipée Étage: salon - suite master - dressing - salle de bain - terrasse - kitchenette - suit...",https://www.mubawab-media.com/ad/8/094/465F/h/0%20image%20a%20la%20une_82286452.avif,32,2026-09-30
8122899,Une villa indépendante Targa,https://www.mubawab.ma/fr/a/8122899/une-villa-ind%C3%A9pendante-targa,Vente,Villa,Marrakech,Targa,7 900 000 DH,7900000,300m²,300,8 Pièces,3 Chambres,3 Salles de bains,"Jardin, Terrasse, Garage, Piscine, Cheminée, Climatisation","L'agence ESPRIT-IMMO vous propose à la vente une villa comme suit ; Située dans le quartier résidentiel de Targa, à proximité du supermarché Carrefour. Una villa indépendante sans aucune mitoyenneté et vis-à-vis. Annèe de construction : 1980 rénovée en 2021 Superficie terrain : 1298m Superficie Construite : 300m plus une independace qui a été ajoutée AU Rez de chaussé : Un salon avec cheminée, une salle à manger Une...",https://www.mubawab-media.com/ad/8/122/899F/h/PHOTO%20VILLA%20TARGA_80075480.avif,12,2026-09-30
8419640,Achat de terrain à TARGA. Surface de 2300m²,https://www.mubawab.ma/fr/a/8419640/achat-de-terrain-%C3%A0-targa-surface-de-2300m%C2%B2,Vente,Villa,Marrakech,Targa,8 050 000 DH,8050000,2300m²,2300,,,,,"️ TERRAIN À VENDRE – TARGA MARRAKECH Emplacement stratégique en zone urbaine, dans le quartier Jawhar , avec une excellente visibilité. Superficie : 2300 m Autorisation de construire déjà obtenue, valable jusqu’à mi-2027 Prix : 3500 dhs/m Frais d’agence : 3 % Terrain idéal pour : • Construction d’une villa • Clinique / cabinet médical • Projet commercial ou professionnel Un emplacement particulièrement intéressant pour un projet nécessitant...",https://www.mubawab-media.com/ad/8/419/640F/h/photo_00_83265385.avif,2,2026-09-30
8322414,"Off market terrain d’exception à targa, marrakech",https://www.mubawab.ma/fr/a/8322414/off-market-terrain-d%E2%80%99exception-%C3%A0-targa-marrakech,Vente,Villa,Marrakech,Targa,8 050 000 DH,8050000,2300m²,2300,,,,,"Terrain 2 300 m² à vendre à Targa – Marrakech Off market – Adresse strictement confidentielle Rare terrain plat de 2 300 m² situé dans un secteur résidentiel premium de Targa à Marrakech. Idéal pour : • 2 à 3 villas contemporaines • Une propriété privée de prestige • Un projet résidentiel haut de gamme Proche des écoles internationales, commerces et principaux axes. Prix : 3 500 DH/m² Prix total : 8 050 000 DH Honoraires agence : 3 % Dossier r...",https://www.mubawab-media.com/ad/8/322/414F/h/photo_00_82165022.avif,2,2026-09-30
8425563,Villa neuve d’exception – targa,https://www.mubawab.ma/fr/a/8425563/villa-neuve-d%E2%80%99exception-%E2%80%93-targa,Vente,Villa,Marrakech,Targa,8 300 000 DH,8300000,620m²,620,16 Pièces,6 Chambres,7 Salles de bains,"Jardin, Terrasse, Garage, Piscine","Superficie : 620 m² Deux façades Villa neuve, jamais habitée Elle se compose de : 6 suites avec salles de bains Salon spacieux et lumineux Cuisine moderne et indépendante Chambre de personnel avec salle de bain Piscine privée Jardin aménagé Grande terrasse donnant sur la rue Garage pour voitures Deux accès indépendants • Une entrée principale pour la villa • Une entrée séparée pour la cuisine et le personnel Accès facile et emplacement pratiq...",https://www.mubawab-media.com/ad/8/425/563F/h/photo_0_83330482.avif,13,2026-09-30
8383255,Splendide villa isolée à vendre à Hay Targa à Marrakech. Ave...,https://www.mubawab.ma/fr/a/8383255/splendide-villa-isol%C3%A9e-%C3%A0-vendre-%C3%A0-hay-targa-%C3%A0-marrakech-avec-piscine-priv%C3%A9e-et-jardin-superficie-1160-m%C2%B2,Vente,Villa,Marrakech,Targa,8 500 000 DH,8500000,1160m²,1160,10 Pièces,6 Chambres,3 Salles de bains,"Jardin, Garage, Piscine, Concierge, Chambre rangement, Entre-seul, Salon Marocain, Salon européen, Cheminée, Climatisation, Chauffage central, Porte blindée, Cuisine équipée","Magnifique villa isolée à vendre – Targa Située dans le prestigieux quartier de Targa, cette superbe villa isolée bénéficie d’un environnement calme et résidentiel. Édifiée sur un terrain de 1160 m² avec une superficie habitable d’environ 700 m², elle est répartie sur trois niveaux : cave, rez-de-chaussée et premier étage. Cave * Une chambre. * Un salon. * Un hammam beldi (installation existante, actuellement non opérationnelle). Re...",https://www.mubawab-media.com/ad/8/383/255F/h/photo_07_82868526.avif,22,2026-09-30
8416154,Villa à vendre à Targa – 620 m² de terrain,https://www.mubawab.ma/fr/a/8416154/villa-%C3%A0-vendre-%C3%A0-targa-%E2%80%93-620-m%C2%B2-de-terrain,Vente,Villa,Marrakech,Targa,8 500 000 DH,8500000,620m²,620,10 Pièces,7 Chambres,6 Salles de bains,"Jardin, Terrasse, Garage, Piscine, Chambre rangement, Entre-seul, Salon Marocain, Salon européen, Antenne parabolique, Cheminée, Climatisation, Chauffage central, Sécurité, Double vitrage, Porte blindée, Cuisine équipée","Découvrez cette magnifique villa à vendre située dans le quartier prisé de Targa à Marrakech, édifiée sur un terrain de 620 m² et offrant environ 400 m² habitables répartis sur trois niveaux. Cette propriété bénéficie d’un agréable jardin avec piscine, offrant un cadre de vie confortable et convivial. La villa se compose au sous-sol d’une cuisine, d’une buanderie, de deux chambres, d’une salle de bain, d’un hammam beldi, d’une cour anglaise agré...",https://www.mubawab-media.com/ad/8/416/154F/h/WhatsApp_Image_2026-09-15_at_12.32.36__1__83226150.avif,22,2026-09-30
8420633,Belle villa a Targa,https://www.mubawab.ma/fr/a/8420633/belle-villa-a-targa,Vente,Villa,Marrakech,Targa,8 700 000 DH,8700000,830m²,830,8 Pièces,6 Chambres,6 Salles de bains,"Jardin, Terrasse, Garage, Piscine, Chambre rangement, Entre-seul, Salon Marocain, Salon européen, Antenne parabolique, Cheminée, Climatisation, Chauffage central, Cuisine équipée",1099 Surface total 830 Surface habitable 1er étage 3 Ch suite parentale 1 BureauBuanderie RDC. 3 Salon ouverts cheminée Ch d’amis avec SDB cuisine WC réception. S. Sol Salle de sport Chambre Hammam Beldi WC Grande cuisine sur Cour Anglaise Ch personnel,https://www.mubawab-media.com/ad/8/420/633F/h/photo_0_83275819.avif,8,2026-09-30
8369154,Villa moderne 3 façades à vendre meublée à Zhour Targa 660m2...,https://www.mubawab.ma/fr/a/8369154/villa-moderne-3-fa%C3%A7ades-%C3%A0-vendre-meubl%C3%A9e-%C3%A0-zhour-targa-660m2-sans-vis-%C3%A0-vis,Vente,Villa,Marrakech,Targa,8 700 000 DH,8700000,660m²,660,9 Pièces,4 Chambres,5 Salles de bains,"Jardin, Terrasse, Garage, Piscine, Chambre rangement, Meublé, Entre-seul, Salon Marocain, Salon européen, Cheminée, Climatisation, Chauffage central, Sécurité, Double vitrage, Porte blindée, Cuisine équipée, Réfrigérateur, Four, Machine à laver, Micro-ondes","Située dans le prestigieux quartier de Zhour Targa à Marrakech, à quelques minutes de Ménara et des principaux axes de la ville, cette somptueuse villa de 660 m² séduit par son architecture élégante, ses prestations haut de gamme et son environnement résidentiel calme et sécurisé. Bénéficiant de 3 façades, d’une excellente orientation plein sud et d’une conception sans vis-à-vis, cette propriété offre une luminosité exceptionnelle ainsi qu’une p...",https://www.mubawab-media.com/ad/8/369/154F/h/photo_0_82711586.avif,13,2026-09-30
8365077,Magnifique Villa à Vendre À Targa,https://www.mubawab.ma/fr/a/8365077/magnifique-villa-%C3%A0-vendre-%C3%A0-targa,Vente,Villa,Marrakech,Targa,8 800 000 DH,8800000,1165m²,1165,4 Pièces,6 Chambres,3 Salles de bains,"Jardin, Garage, Piscine, Chambre rangement, Entre-seul, Salon Marocain, Salon européen, Cheminée, Climatisation, Cuisine équipée, Réfrigérateur, Four, Machine à laver","Grande villa isolée située à Targa, au cœur d’un quartier résidentiel prestigieux Édifiée dans un environnement calme et recherché, cette magnifique villa offre un cadre de vie alliant confort, espace et intimité. Elle bénéficie d’un grand jardin arboré sans vis-à-vis, agrémenté d’une piscine et d’un garage pouvant accueillir deux voitures. Dès l’entrée, vous serez séduit par un vaste double salon, mêlant harmonieusement styles marocain et...",https://www.mubawab-media.com/ad/8/365/077F/h/IMG_1612_82665626.avif,17,2026-09-30
8418307,Villa de luxe à vendre à Targa – 800 m,https://www.mubawab.ma/fr/a/8418307/villa-de-luxe-%C3%A0-vendre-%C3%A0-targa-%E2%80%93-800-m,Vente,Villa,Marrakech,Targa,9 000 000 DH,9000000,800m²,800,7 Pièces,5 Chambres,6 Salles de bains,"Jardin, Terrasse, Garage, Piscine, Chambre rangement, Entre-seul, Salon Marocain, Salon européen, Antenne parabolique, Cheminée, Climatisation, Chauffage central, Sécurité, Double vitrage, Porte blindée, Cuisine équipée","Marrakech Realty Investments vous propose à la vente cette belle villa située dans le quartier recherché de Targa, édifiée sur un terrain de 800 m² et offrant une superficie habitable de 500 m². La propriété bénéficie d’un agréable jardin et d’une piscine, créant un cadre de vie paisible et privilégié. La villa se compose au sous-sol d’une grande cuisine équipée, d’une chambre et d’un hammam beldi. Le rez-de-chaussée comprend deux salons ouverts...",https://www.mubawab-media.com/ad/8/418/307F/h/WhatsApp_Image_2026-09-18_at_12.43.46__4__83250145.avif,23,2026-09-30
8261726,"Villa à vendre 1 069 m², 5 chambres Targa Marrakech",https://www.mubawab.ma/fr/a/8261726/villa-%C3%A0-vendre-1-069-m%C2%B2-5-chambres-targa-marrakech,Vente,Villa,Marrakech,Targa,9 000 000 DH,9000000,1069m²,1069,,5 Chambres,6 Salles de bains,"Jardin, Terrasse, Garage, Piscine","VILLA SEMI-FINIE AVEC PISCINE ET HAMMAM BELDI - TARGA, MARRAKECH Située dans le quartier prisé de Targa à Marrakech, cette magnifique villa semi-finie offre un potentiel exceptionnel pour devenir une résidence d’exception. Spacieuse, lumineuse et sans vis-à-vis, elle séduira les familles à la recherche d’un cadre de vie alliant calme, confort et élégance. La villa se distingue par ses volumes généreux, son grand jardin verdoyant, sa piscine pri...",https://www.mubawab-media.com/ad/8/261/726F/h/annonce-agenz-20251008T092657248Z-ChatGPTImage8oct.2025102623_82642064.avif,22,2026-09-30
8346471,"À vendre villa d'exception à targa, marrakech",https://www.mubawab.ma/fr/a/8346471/%C3%A0-vendre-villa-d-exception-%C3%A0-targa-marrakech,Vente,Villa,Marrakech,Targa,9 000 000 DH,9000000,1098m²,1098,12 Pièces,6 Chambres,4 Salles de bains,"Jardin, Piscine, Cuisine équipée","À VENDRE - VILLA D'EXCEPTION À TARGA, MARRAKECH Située dans le quartier prisé de Targa, à quelques minutes du Carrefour, cette magnifique villa 4 façades vous offre un cadre de vie paisible, idéal pour une résidence familiale ou un projet de maison d'hôtes. Caractéristiques principales : * Terrain: 1 098 m? * Surface habitable : 570 m2 * 6 chambres spacieuses * 4 salles de bain * 5 à 6 salons lumineux et élégants * Cuisine équipée Extér...",https://www.mubawab-media.com/ad/8/346/471F/h/WhatsApp%20Image%202026-05-05%20at%2011.41.28_82423486.avif,10,2026-09-30
8362237,"Villa à Vendre de 799.0 m² à Marrakech, Targa",https://www.mubawab.ma/fr/a/8362237/villa-%C3%A0-vendre-de-799-0-m%C2%B2-%C3%A0-marrakech-targa,Vente,Villa,Marrakech,Targa,9 200 000 DH,9200000,799m²,799,12 Pièces,10 Chambres,7 Salles de bains,Jardin,"À vendre, magnifique villa située dans le quartier prisé de Targa à Marrakech. D'une superficie totale de 799 m² et 500 m² de surface habitable, cette propriété dispose de 10 chambres, 4 salles de bain et s'étend sur deux niveaux. Profitez d'un jardin spacieux de 575 m² et d'une exposition sur 4 façades. Prix : 9 200 000 Dhs. Une opportunité à ne pas manquer!",https://www.mubawab-media.com/ad/8/362/237F/h/image_486583114_82596812.avif,32,2026-09-30
8425429,Villa de luxe à vendre à Hay Targa. Surface de 750 m². Porte...,https://www.mubawab.ma/fr/a/8425429/villa-de-luxe-%C3%A0-vendre-%C3%A0-hay-targa-surface-de-750-m%C2%B2-porte-blind%C3%A9e-et-parabole,Vente,Villa,Marrakech,Targa,9 262 000 DH,9262000,750m²,750,9 Pièces,6 Chambres,7 Salles de bains,"Jardin, Terrasse, Piscine, Chambre rangement, Entre-seul, Salon Marocain, Salon européen, Antenne parabolique, Cheminée, Climatisation, Chauffage central, Sécurité, Double vitrage, Porte blindée, Cuisine équipée, Réfrigérateur, Four, Machine à laver, Micro-ondes","Nichée dans le quartier prestigieux de Ménara, cette somptueuse villa de luxe à vendre offre une évasion élitiste avec une surface habitable de 750 m². La demeure se situe dans le quartier prisé de Hay Targa, reconnu pour son atmosphère paisible et ses commodités haut de gamme. À seulement 10 minutes en voiture du centre-ville vibrant de Marrakech, elle bénéficie d'une localisation exceptionnelle, offrant à la fois tranquillité et accessibilité. ...",https://www.mubawab-media.com/ad/8/425/429F/h/IMG_2631_83328997.avif,17,2026-09-30
8340876,Lot de terrain titré à vendre 1123 m² Targa,https://www.mubawab.ma/fr/a/8340876/lot-de-terrain-titr%C3%A9-%C3%A0-vendre-1123-m%C2%B2-targa,Vente,Terrain,Marrakech,Targa,9 500 000 DH,9500000,1123m²,1123,,,,,"Lot de terrain titré à vendre, d’une superficie de 1123 m², idéalement situé dans le quartier prisé de Targa, à proximité de la clinique Le Marrakech. Ce terrain bénéficie de deux façades, offrant ainsi un excellent potentiel pour un projet d'investissement clinique ou établissement scolaire. Pour plus d’informations veuillez nous contacter",https://www.mubawab-media.com/ad/8/340/876F/h/terrain%20%C3%A0%20vendre_82362140.avif,1,2026-09-30
8203183,Villa meublée à vendre Targa Marrakech – Opportunité,https://www.mubawab.ma/fr/a/8203183/villa-meubl%C3%A9e-%C3%A0-vendre-targa-marrakech-%E2%80%93-opportunit%C3%A9,Vente,Villa,Marrakech,Targa,9 600 000 DH,9600000,600m²,600,6 Pièces,4 Chambres,4 Salles de bains,"Jardin, Terrasse, Garage, Concierge, Chambre rangement, Meublé, Entre-seul, Salon Marocain, Salon européen, Cheminée, Climatisation, Sécurité, Cuisine équipée, Réfrigérateur, Four, Machine à laver, Micro-ondes","Bien d’exception à Targa. Découvrez cette somptueuse villa meublée de prestige, édifiée sur 984 m² de terrain avec près de 600 m² habitables, nichée dans un environnement résidentiel calme, sécurisé et très recherché à Marrakech. Pensée pour une clientèle exigeante, cette villa de luxe à Marrakech offre des prestations raffinées : spacieuses réceptions lumineuses, salons élégants, 4 chambres dont une suite parentale avec terrasse, hammam beldi...",https://www.mubawab-media.com/ad/8/203/183F/h/WhatsApp%20Image%202025-08-22%20at%2011.00.35_80893128.avif,11,2026-09-30
7916380,Somptueuse villa à vendre à Hay Targa. 7 grandes pièces. Bie...,https://www.mubawab.ma/fr/a/7916380/somptueuse-villa-%C3%A0-vendre-%C3%A0-hay-targa-7-grandes-pi%C3%A8ces-bien-meubl%C3%A9-,Vente,Villa,Marrakech,Targa,9 950 000 DH,9950000,1250m²,1250,7 Pièces,5 Chambres,5 Salles de bains,"Jardin, Terrasse, Garage, Vue sur les montagnes, Concierge, Meublé, Antenne parabolique, Climatisation, Double vitrage, Porte blindée, Cuisine équipée, Réfrigérateur, Four, Machine à laver, Micro-ondes","Superbes prestations pour cette villa à vendre. Prix 9 950 000 DH. 7 pièces, 5 salles de bains, 1250 m². 5 chambres. Moins de 20 ans. Type de sol: Marbre. Meublé. Cette belle villa est en vente à Hay Targa. Confort et sécurité avec porte blindée et double vitrage. En prime, une magnifique vue sur les montagnes. Jardin et terrasse propices à la détente. Contactez-nous pour visiter cette villa à vendre à Marrakech. Nombreux équipements dont c...",https://www.mubawab-media.com/ad/7/916/380F/h/photo_00_75383622.avif,8,2026-09-30
8305059,Opportunité exceptionnelle à saisir rapidement,https://www.mubawab.ma/fr/a/8305059/opportunit%C3%A9-exceptionnelle-%C3%A0-saisir-rapidement,Vente,Villa,Marrakech,Targa,11 000 000 DH,11000000,1200m²,1200,6 Pièces,6 Chambres,6 Salles de bains,"Jardin, Piscine, Concierge, Chambre rangement, Meublé, Entre-seul",Just Luxe Immo Marrakech vous propose une magnifique villa à vendre sur Targa Caractéristiques : • Piscine • Jardin Étage : • 4 suites avec salles de bain • 1 chambre supplémentaire Rez-de-chaussée : • Triple salon • Salle de bain invités • Suite • Séjour • Cuisine américaine Sous-sol : • 2 salons • Cuisine • Bureau • Salle de bain • Débarras • Cour anglaise Surface terrain : 1200 m² Pour plus d’informations ou visite,https://www.mubawab-media.com/ad/8/305/059F/h/36c5d0ce-aeb6-469c-ac0c-1f678b02b34b_81983386.avif,15,2026-09-30
8194739,"A vendre Grande Villa avec piscine et grand jardin, Targa, M...",https://www.mubawab.ma/fr/a/8194739/a-vendre-grande-villa-avec-piscine-et-grand-jardin-targa-marrakech,Vente,Villa,Marrakech,Targa,11 000 000 DH,11000000,700m²,700,8 Pièces,5 Chambres,5 Salles de bains,"Jardin, Garage, Piscine, Concierge, Entre-seul, Cheminée, Climatisation, Sécurité, Cuisine équipée","Dans un quartier calme, sécurisé et très privilégié, à l'abri du bruit et des regards, avec une vue époustouflante et verdoyante, se situe cette somptueuse propriété au quartier Targa à Marrakech. Sur un terrain de 2100 m² s'étale une construction de 700 m² sur 3 niveaux : sous-sol, RDC et un étage. Un magnifique jardin de 1800 m² avec une piscine de 17 m de long et 8 m de large, le tout avec des allées verdoyantes. 3 salons et une grande récep...",https://www.mubawab-media.com/ad/8/194/739F/h/IMG-20210810-WA0024-630x419_80811584.avif,8,2026-09-30
8337780,Villa à vendre meublé 680 m² Targa,https://www.mubawab.ma/fr/a/8337780/villa-%C3%A0-vendre-meubl%C3%A9-680-m%C2%B2-targa,Vente,Villa,Marrakech,Targa,11 000 000 DH,11000000,680m²,680,14 Pièces,11 Chambres,11 Salles de bains,"Jardin, Terrasse, Garage, Piscine, Concierge, Chambre rangement, Meublé, Entre-seul, Salon Marocain, Salon européen, Antenne parabolique, Cheminée, Climatisation, Chauffage central, Sécurité, Double vitrage, Porte blindée, Cuisine équipée, Réfrigérateur, Four, Machine à laver, Micro-ondes","Très belle Villa meublée à vendre à Targa, Marrakech Située à proximité de The British Academy School, dans le quartier prisé de Targa à Marrakech, cette villa meublée de style maison d’hôtes est édifiée sur un terrain de 680 m² et développe environ 660 m² construits répartis sur trois niveaux (220 m² par niveau). La propriété comprend 11 suites spacieuses, lumineuses et soigneusement aménagées, chacune disposant de sa propre salle de bains et de...",https://www.mubawab-media.com/ad/8/337/780F/h/WhatsApp%20Image%202026-04-18%20at%2009.33.40%20%282%29_82328986.avif,12,2026-09-30
8262492,"Villa à vendre 1 512 m², 9 chambres Targa Marrakech",https://www.mubawab.ma/fr/a/8262492/villa-%C3%A0-vendre-1-512-m%C2%B2-9-chambres-targa-marrakech,Vente,Villa,Marrakech,Targa,11 500 000 DH,11500000,1512m²,1512,,9 Chambres,6 Salles de bains,"Jardin, Terrasse, Garage, Piscine, Entre-seul, Sécurité","Découvrez cette magnifique villa à vendre, idéalement située dans le prestigieux quartier de Targa à Marrakech. Cette propriété spacieuse, au charme intemporel et à l’ambiance chaleureuse, offre un cadre de vie exceptionnel pour une famille à la recherche d’espace, de confort et de tranquillité. Avec ses grands extérieurs et ses pièces généreuses, cette villa est parfaite pour profiter du climat marrakchi tout au long de l’année. Piscine, ja...",https://www.mubawab-media.com/ad/8/262/492F/h/annonce-agenz-2025-06-26T091247-794Z-20250625_172056_81523063.avif,22,2026-09-30
8313135,Magnifique villa à Targa – 1 280 m² de terrain,https://www.mubawab.ma/fr/a/8313135/magnifique-villa-%C3%A0-targa-%E2%80%93-1-280-m%C2%B2-de-terrain,Vente,Villa,Marrakech,Targa,12 000 000 DH,12000000,1280m²,1280,7 Pièces,6 Chambres,5 Salles de bains,"Jardin, Terrasse, Garage, Vue sur les montagnes, Piscine, Chambre rangement, Meublé, Entre-seul, Salon Marocain, Salon européen, Cheminée, Climatisation, Chauffage central, Cuisine équipée",Villa d’exception à Targa – Marrakech Située dans le quartier résidentiel recherché de Targa Villa à architecture circulaire unique avec de très beaux volumes Terrain : 1 280 m² Surface habitable : 720 m² Étage : 4 grandes suites avec salles de bain privatives Rez-de-chaussée : 1 suite 1 chambre supplémentaire 3 salons spacieux 1 grande salle à manger Sous-sol : Grande cuisine fonctionnelle avec buanderie ...,https://www.mubawab-media.com/ad/8/313/135F/h/WhatsApp%20Image%202026-03-06%20at%2002.10.18_82071033.avif,17,2026-09-30
8271445,Mise en vente d'une superbe villa a Targa,https://www.mubawab.ma/fr/a/8271445/mise-en-vente-d-une-superbe-villa-a-targa,Vente,Villa,Marrakech,Targa,12 000 000 DH,12000000,1200m²,1200,8 Pièces,5 Chambres,5 Salles de bains,"Jardin, Terrasse, Garage, Vue sur les montagnes, Piscine, Concierge, Chambre rangement, Meublé, Entre-seul, Salon Marocain, Salon européen, Antenne parabolique, Cheminée, Climatisation, Chauffage central, Sécurité, Double vitrage, Porte blindée, Cuisine équipée, Réfrigérateur, Four, Machine à laver, Micro-ondes","Villa jumelée 8 chambres – 3 niveaux – vue dégagée Belle villa jumelée édifiée sur un terrain de 1300 m² pour une surface construite d’environ 900 m², répartie sur 3 niveaux, avec une vue dégagée et une orientation Sud-Est qui lui offre une belle luminosité tout au long de la journée. Le bien se compose de : 8 chambres 5 salles de bains 8 salles d’eau plusieurs Balcons d’environ 15 m² chacun 2 places de parking extérieur C...",https://www.mubawab-media.com/ad/8/271/445F/h/IMG_4188_81623941.avif,17,2026-09-30
8376937,"Exclusivité marrakech – targa, villa contemporaine de presti...",https://www.mubawab.ma/fr/a/8376937/exclusivit%C3%A9-marrakech-%E2%80%93-targa-villa-contemporaine-de-prestige-1-161-m%C2%B2-,Vente,Villa,Marrakech,Targa,12 500 000 DH,12500000,1161m²,1161,9 Pièces,6 Chambres,6 Salles de bains,"Jardin, Terrasse, Garage, Piscine, Cheminée, Climatisation","Nichée dans le quartier résidentiel et prisé de Targa, cette villa contemporaine d’exception offre un art de vivre incomparable au cœur de Marrakech. Érigée sur un terrain clos et paysagé de 1 160 m², elle déploie 1 000 m² habitables répartis sur trois niveaux, conçus par un architecte de renom. Baies vitrées toute hauteur, double hauteur sous plafond et finitions luxueuses font de cette propriété une opportunité rare sur le marché du prestige. R...",https://www.mubawab-media.com/ad/8/376/937F/h/d008e56f-7514-4d42-98a0-9618ccd9e5f7_82799404.avif,23,2026-09-30
8373899,La belle targa,https://www.mubawab.ma/fr/a/8373899/la-belle-targa,Vente,Villa,Marrakech,Targa,12 500 000 DH,12500000,1161m²,1161,,5 Chambres,4 Salles de bains,"Jardin, Terrasse, Garage, Piscine, Concierge, Entre-seul, Cheminée, Climatisation","EXCLUSIVITÉ MARRAKECH – TARGA | VILLA CONTEMPORAINE DE PRESTIGE | 1 161 m² | Nichée dans le quartier résidentiel et prisé de Targa, cette villa contemporaine d'exception offre un art de vivre incomparable au cœur de Marrakech. Érigée sur un terrain clos et paysagé de 1 160 m², elle déploie 1 000 m² habitables répartis sur trois niveaux, conçus par un architecte de renom. ...EXCLUSIVITÉ MARRAKECH – TARGA VILLA CONTEMPORAINE DE PRESTIGE 1 161 m²...",https://www.mubawab-media.com/ad/8/373/899F/h/WhatsApp-Image-2026-06-24-at-14.18.15-9_82762812.avif,33,2026-09-30
8286599,Villa Le Palais de Targa,https://www.mubawab.ma/fr/a/8286599/villa-le-palais-de-targa,Vente,Villa,Marrakech,Targa,13 905 000 DH,13905000,780m²,780,8 Pièces,6 Chambres,6 Salles de bains,"Jardin, Terrasse, Garage, Piscine, Salon Marocain, Salon européen, Cheminée, Climatisation, Cuisine équipée","Située dans l’un des quartiers résidentiels les plus prisés de Targa – route de Souihla, Villa Le Palais de Targa incarne l’élégance, le confort et le très haut standing. Cette demeure prestigieuse est édifiée sur un terrain de 2 150 m², avec une surface bâtie d’environ 780 m², offrant des volumes rares et une architecture raffinée. Dès l’entrée, la villa séduit par son grand jardin paysager, véritable havre de paix, agrémenté d’une piscine, d’u...",https://www.mubawab-media.com/ad/8/286/599F/h/CSP00395-HDR_81786851.avif,1,2026-09-30
8002541,Propriete privee targa,https://www.mubawab.ma/fr/a/8002541/propriete-privee-targa,Vente,Villa,Marrakech,Targa,14 420 000 DH,14420000,394m²,394,7 Pièces,5 Chambres,4 Salles de bains,"Jardin, Terrasse, Garage, Piscine, Meublé, Salon Marocain, Salon européen, Cheminée, Climatisation, Cuisine équipée","Notre agence LE COMPTOIR DE L’IMMOBILIER vous présente cette villa à la vente, située dans le quartier résidentiel de TARGA a 5 min du centre ville de Marrakech. Elle propose cinq chambres spacieuses avec rangement climatisation et trois salles de bain plus un hammam. Edifiée sur un terrain de 2334 m², bien arboré, la maison propose 394 m² dont plusieurs terrasses attenantes aux chambres. Piscine privative, parking et logements pour le personn...",https://www.mubawab-media.com/ad/8/002/541F/h/villa-centre-ville-targa-vente-immobilier-immo-agence-maroc-invest%20%2813%29_78884403.avif,18,2026-09-30
8424910,Villa à vendre de prestige de 1000m² targa,https://www.mubawab.ma/fr/a/8424910/villa-%C3%A0-vendre-de-prestige-de-1000m%C2%B2-targa,Vente,Villa,Marrakech,Targa,15 000 000 DH,15000000,500m²,500,7 Pièces,6 Chambres,4 Salles de bains,"Terrasse, Piscine, Concierge, Chambre rangement, Salon européen, Antenne parabolique, Cheminée, Climatisation, Sécurité, Double vitrage, Porte blindée, Cuisine équipée, Réfrigérateur","À vendre, magnifique villa de prestige implantée sur un terrain de 1000m² et 500m2 habitable, offrant un cadre de vie exceptionnel alliant élégance, confort, intimité et autonomie. Cette propriété a été pensée pour offrir de grands espaces de réception aussi bien à l’intérieur qu’à l’extérieur, avec des équipements permettant de profiter pleinement de la villa tout au long de l’année. Dès l’entrée, la villa séduit par ses volumes généreux et la q...",https://www.mubawab-media.com/ad/8/424/910F/h/IMG-20260929-WA0072_83323176.avif,26,2026-09-30
8119068,Vente Murs à targa,https://www.mubawab.ma/fr/a/8119068/vente-murs-%C3%A0-targa,Vente,Studio,Marrakech,Targa,15 000 000 DH,15000000,369m²,369,,,44 Salles de bains,,"Je mets en vente un local commercial comprenant quatre studios, d'une superficie totale de 369 m², idéalement situé à Targa, Marrakech. Ce bien bénéficie d’un emplacement stratégique, parfait pour un projet commercial ou un investissement locatif rentable. Le rez-de-chaussée, hors terrasse, offre une surface de 150 m², accompagnée d’une structure légère dédiée à une cuisine de 35 m². La terrasse, d’une surface de 130 m², dispose également d’une...",https://www.mubawab-media.com/ad/8/119/068F/h/d8d2dd3f284912f5afd6_80037722.avif,12,2026-09-30
8288755,Chef d’œuvre architectural à vendre à Marrakech – Villa d’ex...,https://www.mubawab.ma/fr/a/8288755/chef-d%E2%80%99%C5%93uvre-architectural-%C3%A0-vendre-%C3%A0-marrakech-%E2%80%93-villa-d%E2%80%99exception-au-quartier-targa,Vente,Villa,Marrakech,Targa,15 000 000 DH,15000000,2100m²,2100,8 Pièces,5 Chambres,5 Salles de bains,"Jardin, Terrasse, Garage, Piscine, Concierge, Entre-seul, Salon Marocain, Salon européen, Antenne parabolique, Cheminée, Climatisation, Chauffage central, Sécurité",Magnifique Villa à vendre à Marrakech Quartier Targa Terrain 2100 m2 Construit 700 m2 sur 2 étage cave 1800 m2 jardin 3 salons et grande réception 5 chambres 5 salles de bain 2 Grandes terrasses Piscine 17m de long et 8 m de large - garage 3 voitures - Chambre gardien - Chambres de personnel - 2 puits,https://www.mubawab-media.com/ad/8/288/755F/h/photo_0_81809250.avif,12,2026-09-30
8407140,Boulangerie et snack à vendre,https://www.mubawab.ma/fr/a/8407140/boulangerie-et-snack-%C3%A0-vendre,Vente,Autre,Marrakech,Targa,26 000 000 DH,26000000,1342m²,1342,,,6 Salles de bains,"Chambre rangement, Climatisation, Chauffage central, Sécurité, Cuisine équipée","À VENDRE – TARGA, MARRAKECH BOULANGERIE, CAFÉ & RESTAURANT CLÉ EN MAIN OPPORTUNITÉ D’INVESTISSEMENT EXCEPTIONNELLE Prix demandé : 26 000 000 DH Situé à Targa, Marrakech, cet établissement commercial polyvalent représente une opportunité rare d’acquérir une entreprise en activité ainsi que son actif immobilier, le tout prêt à être exploité. Le bien offre une superficie exploitable de 1342 m², comprenant une boulangerie actuellement en activité, u...",https://www.mubawab-media.com/ad/8/407/140F/h/1-2_83129729.avif,3,2026-09-30
8313091,Clinique privée 32 lits Route Targa Marrakech,https://www.mubawab.ma/fr/a/8313091/clinique-priv%C3%A9e-32-lits-route-targa-marrakech,Vente,Terrain,Marrakech,Targa,40 000 000 DH,40000000,1000m²,1000,,11 Chambres,4 Salles de bains,"Garage, Ascenseur, Chambre rangement, Climatisation, Chauffage central, Sécurité, Cuisine équipée","À vendre clinique privée opérationnelle située sur la Route de Targa à Marrakech, dans un secteur dynamique et recherché. (0662873375) Prix : 40 000 000 DH – négociable Le bien est construit sur un terrain de 800 m² avec une surface bâtie d’environ 1 000 m² répartie sur 3 niveaux, offrant une capacité de 32 lits. La clinique est en activité depuis 2011 et dispose d’infrastructures médicales complètes. Infrastructures principales : - Blo...",https://www.mubawab-media.com/ad/8/313/091F/h/IMG_2439%202_82070680.avif,6,2026-09-30
8315828,Superbe villa à louer dans le quartier Lalla Haya. Superfici...,https://www.mubawab.ma/fr/a/8315828/superbe-villa-%C3%A0-louer-dans-le-quartier-lalla-haya-superficie-de-650-m%C2%B2-fen%C3%AAtres-%C3%A0-double-vitrage-et-chauffage-central-,Location,Villa,Marrakech,Targa,67 000 000 DH,67000000,500m²,500,4 Pièces,3 Chambres,3 Salles de bains,"Garage, Piscine, Chambre rangement, Meublé, Salon Marocain, Salon européen, Climatisation, Chauffage central, Sécurité, Double vitrage, Cuisine équipée, Internet","Confort et tranquillité dans cette villa proposée à la location. Prix 67 000 000 Dhs. 3 chambres, 3 salles de bains, 600 m². 4 pièces. Moins de 10 ans. Propriété en marbre au sol. Confort absolu avec piscine et climatisation. Cette villa et cette maison de luxe à vendre dans le quartier Targa Lalla Haya. Confort et authenticité avec un joli salon marocain. Résidence sécurisée. Profitez d'un calme absolu avec des fenêtres à double vitrage et un c...",https://www.mubawab-media.com/ad/8/315/828F/h/photo_00_82098576.avif,9,2026-09-30
8421426,Villa de haut standing à vendre à targa. 10 chambres agréab...,https://www.mubawab.ma/fr/a/8421426/villa-de-haut-standing-%C3%A0-vendre-%C3%A0-targa-10-chambres-agr%C3%A9ables-piscine-et-chemin%C3%A9e,Vente,Villa,Marrakech,Targa,85 000 000 DH,85000000,800m²,800,3 Pièces,10 Chambres,5 Salles de bains,"Jardin, Terrasse, Garage, Piscine, Chambre rangement, Salon Marocain, Cheminée, Climatisation","Cette somptueuse villa de luxe, située à Marrakech, dans le quartier prisé de Hay massemoudi t’argüa, Ménara, est un véritable joyau moderne, âgé de seulement 1 à 5 ans. S'étendant sur une parcelle de 250 m², la propriété offre une surface impressionnante de 800 m², soulignée par une orientation est qui assure un ensoleillement optimal tout au long de la journée. À l'extérieur, un vaste jardin verdoyant entoure la propriété, offrant un cadre idé...",https://www.mubawab-media.com/ad/8/421/426F/h/photo_00_83284485.avif,16,2026-09-30
