id,title,url,transaction_type,house_type,city,quartier,price_raw,price_numeric,surface_raw,surface_m2,rooms,bedrooms,bathrooms,features,description,main_image,images_count,scraped_date
8423423,Maison à vendre à Mhamid Bouaakaz. Superficie 131 m²,https://www.mubawab.ma/fr/a/8423423/maison-%C3%A0-vendre-%C3%A0-mhamid-bouaakaz-superficie-131-m%C2%B2,Vente,Maison,Marrakech,M'hamid,Prix à consulter,,131m²,131,3 Pièces,8 Chambres,4 Salles de bains,Terrasse,"Niché dans le quartier vibrant de Mhamid à Marrakech, cette maison remarquable offre un mélange harmonieux de vie moderne et d'architecture marocaine traditionnelle. Comprenant huit chambres spacieuses et quatre salles de bains bien équipées, la propriété offre un espace ample pour un confort familial. Construite au cours de la dernière décennie, son intégrité structurelle est complétée par un design artistique, mis en valeur par un travail de ca...",https://www.mubawab-media.com/ad/8/423/423F/h/photo_00_83306603.avif,11,2026-09-30
8423343,شقة للإيجار اليومي خاصة بالعاءلة,https://www.mubawab.ma/fr/a/8423343/%D8%B4%D9%82%D8%A9-%D9%84%D9%84%D8%A5%D9%8A%D8%AC%D8%A7%D8%B1-%D8%A7%D9%84%D9%8A%D9%88%D9%85%D9%8A-%D8%AE%D8%A7%D8%B5%D8%A9-%D8%A8%D8%A7%D9%84%D8%B9%D8%A7%D8%A1%D9%84%D8%A9,Vente,Appartement,Marrakech,M'hamid,Prix à consulter,,80m²,80,3 Pièces,2 Chambres,1 Salle de bain,"Garage, Meublé, Salon Marocain, Salon européen, Antenne parabolique, Climatisation, Sécurité, Porte blindée, Cuisine équipée, Réfrigérateur, Four","Cet appartement à vendre, situé dans le quartier de Mhamid à Marrakech, est une propriété moderne avec une ancienneté de 1 à 5 ans. Il se trouve dans le district prisé de Ménara, offrant un cadre de vie agréable. L'appartement dispose de deux salons, l'un de style européen et un autre traditionnel marocain, ce qui permet de profiter pleinement de l'art de vivre local. Avec une surface totale de 80 m², ce bien est situé au premier étage d'un imme...",https://www.mubawab-media.com/ad/8/423/343F/h/photo_00_83305800.avif,2,2026-09-30
8423061,Superbe maison à vendre à Mhamid. Superficie 111 m²,https://www.mubawab.ma/fr/a/8423061/superbe-maison-%C3%A0-vendre-%C3%A0-mhamid-superficie-111-m%C2%B2,Vente,Maison,Marrakech,M'hamid,Prix à consulter,,111m²,111,4 Pièces,6 Chambres,4 Salles de bains,"Garage, Entre-seul","Cette maison en vente, située dans le quartier dynamique de Mhamid à Marrakech, se distingue par ses caractéristiques uniques. Datant de 10 à 20 ans, elle offre une surface de parcelle de 111 m². La maison est orientée plein sud, garantissant une luminosité optimale tout au long de la journée. Elle comprend six chambres spacieuses et quatre salles de bains, idéales pour une grande famille ou pour recevoir des invités. Le sol intérieur est orné d...",https://www.mubawab-media.com/ad/8/423/061F/h/photo_00_83303091.avif,6,2026-09-30
8327307,"Local commercial, dépôt, magasin 2100 m² à mhamid Marrakech",https://www.mubawab.ma/fr/a/8327307/local-commercial-d%C3%A9p%C3%B4t-magasin-2100-m%C2%B2-%C3%A0-mhamid-marrakech,Vente,Commerce,Marrakech,M'hamid,Prix à consulter,,2100m²,2100,,,1 Salle de bain,Chambre rangement,"Je vous propose un local commercial ou bien dépôt, ou bien zone de stockage ou n'importe quel utilité vous pouvez l'exploiter, une superficie de 2100 m² au prix de 3500 dh par mètre carré négociable",https://www.mubawab-media.com/ad/8/327/307F/h/photo_00_82219818.avif,6,2026-09-30
8417103,Beau terrain à la vente à Mhamid R4. Surface de 38000 m²,https://www.mubawab.ma/fr/a/8417103/beau-terrain-%C3%A0-la-vente-%C3%A0-mhamid-r4-surface-de-38000-m%C2%B2,Vente,Terrain,Marrakech,M'hamid,Prix à consulter,,38000m²,38000,,,,,"Opportunité d’Investissement Exceptionnelle – Marrakech (Al Mahamid Sud) •Superficie : 4 hectares •Situation juridique : 2 titres fonciers disponibles •Autorisation : Plan d’aménagement urbain validé permis pour un complexe résidentiel (immeubles R4) •Localisation stratégique : Situé dans la zone El Mahamid Sud, en pleine expansion À 8 km de la gare ferroviaire À 10 km de la célèbre place Jemaa el-Fna À seulement 6 km de l’aéroport international...",https://www.mubawab-media.com/ad/8/417/103F/h/photo_0_83237240.avif,1,2026-09-30
8412281,Lots pour École Privé 2000m 3 façade à Mhamid Marrakech,https://www.mubawab.ma/fr/a/8412281/lots-pour-%C3%A9cole-priv%C3%A9-2000m-3-fa%C3%A7ade-%C3%A0-mhamid-marrakech,Vente,Autre,Marrakech,M'hamid,Prix à consulter,,2000m²,2000,,,,,Lots pour école privé 2000m 3 façade À Mhamid 9 Marrakech Prix: 5500dhs/m,https://www.mubawab-media.com/ad/8/412/281F/h/photo_0_83182557.avif,1,2026-09-30
8278153,Superbe appartement à vendre à Mhamid. 2 pièces confortables...,https://www.mubawab.ma/fr/a/8278153/superbe-appartement-%C3%A0-vendre-%C3%A0-mhamid-2-pi%C3%A8ces-confortables-vue-mer-imprenable-porte-blind%C3%A9e,Vente,Appartement,Marrakech,M'hamid,Prix à consulter,,64m²,64,2 Pièces,2 Chambres,1 Salle de bain,"Vue sur mer, Vue sur les montagnes, Façade extérieure, Salon Marocain, Antenne parabolique, Climatisation, Porte blindée","Agréable appartement à vendre. 2 chambres, 1 salle de bains, 64 m². 2 pièces. 2ème étage. Moins d'un an. Type de sol: Marbre. Cet appartement est en vente à Mhamid. Décoration traditionnelle avec beau salon marocain. Le bien est également équipé d'une antenne parabolique et d'une porte blindée. Vue exceptionnelle sur la montagne. Programmez dès maintenant votre visite pour cet appartement d'exception à Marrakech. Système de climatisation. Vue e...",https://www.mubawab-media.com/ad/8/278/153F/h/photo_00_81696292.avif,20,2026-09-30
8267579,Duplex à vendre à Mhamid. Surface totale 90 m² 45m sur 45m...,https://www.mubawab.ma/fr/a/8267579/duplex-%C3%A0-vendre-%C3%A0-mhamid-surface-totale-90-m%C2%B2-45m-sur-45m-bien-meubl%C3%A9,Vente,Duplex,Marrakech,M'hamid,Prix à consulter,,90m²,90,3 Pièces,2 Chambres,2 Salles de bains,"Garage, Ascenseur, Concierge, Meublé, Façade extérieure, Salon européen, Antenne parabolique, Climatisation, Chauffage central, Double vitrage, Porte blindée, Cuisine équipée","Achetez votre appartement. 3 pièces, 2 salles de bains, superficie 90 m². 2 chambres. Bon état. Revêtement: Parquet. Entièrement meublé. Idéal si vous souhaitez acheter un appartement à Mhamid. Confort et sécurité avec chauffage central, porte blindée et double vitrage. La résidence dispose également d'un service de concierge. Cuisine bien équipée",https://www.mubawab-media.com/ad/8/267/579F/h/photo_00_81583431.avif,25,2026-09-30
8245703,Vend appartement à Mhamid. Superficie 62 m². Meublé,https://www.mubawab.ma/fr/a/8245703/vend-appartement-%C3%A0-mhamid-superficie-62-m%C2%B2-meubl%C3%A9,Vente,Appartement,Marrakech,M'hamid,Prix à consulter,,62m²,62,1 Pièce,2 Chambres,1 Salle de bain,Meublé,"Achetez votre appartement. 2 chambres, 1 salle de bains, 62 m². 1 Pièces. Moins d'un an. Type de sol: Marbre. Cet appartement est en vente à Mhamid, Marrakech. Entièrement meublé",https://www.mubawab-media.com/ad/8/245/703F/h/Screenshot_2025-10-28-15-36-39-198_com.whatsapp_81342403.avif,6,2026-09-30
8316294,Bureau à abrar,https://www.mubawab.ma/fr/a/8316294/bureau-%C3%A0-abrar,Location,Bureau,Marrakech,M'hamid,Prix à consulter,,46m²,46,,,1 Salle de bain,"Ascenseur, Concierge",Bureau à louer à abrar mhamid en face de nouveau clinique l'aéroport un bureau professionnel situé au centre quartier mhamid Ce bureau offre une opportunité idéale pour les professionnels qui cherchent un espace de travail bien situé. *Caractéristiques du Bureau* - *Surface totale* : 46m² - *Étage* : 3ème étage - *Équipements* : - Ascenseur - Eau et électricité déjà installé - Sécurité *Détails* Ce bureau est situé dans un imm...,https://www.mubawab-media.com/ad/8/316/294F/h/IMG_20260313_002209_82103279.avif,3,2026-09-30
8415293,Superbe appartement à louer à Mhamid. Surface totale 60 m². ...,https://www.mubawab.ma/fr/a/8415293/superbe-appartement-%C3%A0-louer-%C3%A0-mhamid-surface-totale-60-m%C2%B2-meubl%C3%A9,Location,Appartement,Marrakech,M'hamid,250 DH,250,60m²,60,3 Pièces,2 Chambres,1 Salle de bain,"Meublé, Antenne parabolique, Cuisine équipée, Réfrigérateur, TV, Machine à laver, Internet","Ce superbe appartement à louer, situé dans le quartier de Mhamid à Marrakech, offre un cadre confortable et moderne. Avec une surface totale de 60 m², ce bien présente des sols en carrelage élégants qui s'étendent dans toutes les pièces, ajoutant une touche contemporaine et facile d'entretien à l'espace. L'appartement comprend deux chambres bien aménagées, idéales pour une petite famille ou un couple. La chambre principale dispose d'un lit doubl...",https://www.mubawab-media.com/ad/8/415/293F/h/photo_00_83216480.avif,9,2026-09-30
8415299,Location d'un appartement à Mhamid. 2 belles chambres. Para...,https://www.mubawab.ma/fr/a/8415299/location-d-un-appartement-%C3%A0-mhamid-2-belles-chambres-parabole,Location Vacances,Appartement,Marrakech,M'hamid,250 DH,250,60m²,60,3 Pièces,2 Chambres,1 Salle de bain,"Antenne parabolique, Cuisine équipée, Réfrigérateur, TV, Machine à laver, Internet","Cet appartement à louer est situé au rez-de-chaussée dans le quartier animé de Mhamid, dans la région de Ménara à Marrakech. Conçu pour offrir tout le confort nécessaire, l'appartement dispose de deux chambres et d'une salle de bain, accueillant jusqu'à quatre personnes. L'intérieur présente des sols en carrelage, ajoutant une touche fraîche et facile à entretenir dans chaque pièce. Le salon est chaleureux et spacieux, avec des plafonds ornés de...",https://www.mubawab-media.com/ad/8/415/299F/h/photo_00_83216520.avif,9,2026-09-30
8098865,Appartement de vacances à louer à Mhamid. Surface totale 50...,https://www.mubawab.ma/fr/a/8098865/appartement-de-vacances-%C3%A0-louer-%C3%A0-mhamid-surface-totale-50-m%C2%B2-environnement-calme-avec-vue-montagne-chauffage-central,Location Vacances,Appartement,Marrakech,M'hamid,250 DH,250,50m²,50,2 Pièces,2 Chambres,1 Salle de bain,"Ascenseur, Vue sur mer, Vue sur les montagnes, Concierge, Salon Marocain, Chauffage central, Sécurité, Double vitrage, Cuisine équipée, Réfrigérateur, Four, TV","Appartement à louer idéalement placé. Prix 250 DH. 2 pièces, 1 salle de bains, surface 50 m². 2 chambres. Bon état. Nombres de nuits minimum 3. Confort et sécurité avec chauffage central et double vitrage. En prime, une magnifique vue sur les montagnes. Appartement pour location saisonnière à Mhamid. Résidence sécurisée. Le bien dispose également d'un beau salon marocain traditionnel. En prime, une magnifique vue sur la mer. Cuisine équipée. Té...",https://www.mubawab-media.com/ad/8/098/865F/h/photo_0_79834618.avif,3,2026-09-30
8409088,Appartement meublé à louer à M'Hamid Marrakech,https://www.mubawab.ma/fr/a/8409088/appartement-meubl%C3%A9-%C3%A0-louer-%C3%A0-m-hamid-marrakech,Location,Appartement,Marrakech,M'hamid,300 DH,300,70m²,70,1 Pièce,3 Chambres,1 Salle de bain,"Garage, Ascenseur, Concierge, Meublé, Salon Marocain, Cuisine équipée, Réfrigérateur, Four, Machine à laver, Animaux domestiques autorisés","Appartement meublé à louer à M'Hamid, Marrakech, proche de l'aéroport. L'appartement est propre et bien équipé, composé d'un salon, de deux chambres, d'une cuisine et d'une salle de bain. Idéal pour une location longue durée. شقة مفروشة للكراء بالمحاميد، مراكش، قريبة من مطار مراكش. الشقة نظيفة ومجهزة بشكل جيد، وتتكون من صالون، غرفتين، مطبخ وحمام. مناسبة للكراء طويل الأمد",https://www.mubawab-media.com/ad/8/409/088F/h/WhatsApp_Image_2026-09-03_at_14.37.00__2__83146748.avif,14,2026-09-30
8374589,Location des appartements Mhamid à cote de l'aeroport,https://www.mubawab.ma/fr/a/8374589/location-des-appartements-mhamid-%C3%A0-cote-de-l-aeroport,Location,Appartement,Marrakech,M'hamid,300 DH,300,65m²,65,3 Pièces,3 Chambres,1 Salle de bain,"Terrasse, Garage, Ascenseur, Concierge, Chambre rangement, Meublé, Façade extérieure, Salon européen, Antenne parabolique, Climatisation, Sécurité, Double vitrage, Porte blindée, Cuisine équipée, Réfrigérateur, Four, TV, Machine à laver, Internet","Cet appartement à louer, situé dans le quartier de Mhamid à Marrakech, offre un espace de 65 m² idéalement agencé. La propriété bénéficie d'une orientation nord et se trouve au premier étage d'un immeuble équipé d'un ascenseur. La finition en marbre rehausse l'élégance de cet espace. Comprenant trois pièces et une salle de bain, l'appartement présente une décoration moderne et entièrement meublée. L'intérieur offre un salon européen accueillant...",https://www.mubawab-media.com/ad/8/374/589F/h/photo_00_82770443.avif,11,2026-09-30
8423477,Appartements à louer à Mhamid. 2 belles chambres. Système de...,https://www.mubawab.ma/fr/a/8423477/appartements-%C3%A0-louer-%C3%A0-mhamid-2-belles-chambres-syst%C3%A8me-de-parabole-et-r%C3%A9sidence-s%C3%A9curis%C3%A9e,Location Vacances,Appartement,Marrakech,M'hamid,300 DH,300,80m²,80,4 Pièces,2 Chambres,1 Salle de bain,"Ascenseur, Concierge, Salon Marocain, Salon européen, Antenne parabolique, Climatisation, Sécurité, Cuisine équipée, Réfrigérateur, Four, TV","300 sauf les week-ends 350 dhs Uniquement pour les familles / للعائلات فقط Cet appartement charmant de deux chambres est situé dans le quartier vibrant de Ménara, Marrakech, spécifiquement dans le quartier de Mhamid. Avec une superficie spacieuse de 80 m², la résidence est conçue pour le confort et la commodité. Elle est située au troisième étage d'un immeuble équipé d'un ascenseur et offre des commodités modernes, y compris la climatisation, l...",https://www.mubawab-media.com/ad/8/423/477F/h/photo_00_83307390.avif,17,2026-09-30
8329339,Bel appartement en location à Mhamid. 6 pièces confortables...,https://www.mubawab.ma/fr/a/8329339/bel-appartement-en-location-%C3%A0-mhamid-6-pi%C3%A8ces-confortables-bien-meubl%C3%A9,Location,Appartement,Marrakech,M'hamid,350 DH,350,100m²,100,6 Pièces,1 Ch.,1 Salle de bain,"Terrasse, Chambre rangement, Meublé, Façade extérieure, Salon Marocain, Salon européen, Cuisine équipée, Réfrigérateur, Four, TV, Machine à laver, Animaux domestiques autorisés","Découvrez cette appartement à louer pour longue durée à 4000dh par mois ( l’eau et l’électricité incluse ) 6 pièces, 1 salle de bains, superficie 100 m². 1 chambre. Moins de 10 ans. Bien meublé. Venez découvrir cet appartement en location à Mhamid. Four. Cuisine bien équipée. Programmez dès maintenant votre visite pour cet appartement d'exception à Marrakech. Machine à laver. Téléviseur. Grande terrasse",https://www.mubawab-media.com/ad/8/329/339F/h/photo_00_82694726.avif,17,2026-09-30
8418851,Appartements à louer chambres. Salon marocain traditionnel...,https://www.mubawab.ma/fr/a/8418851/appartements-%C3%A0-louer-chambres-salon-marocain-traditionnel-r%C3%A9sidence-s%C3%A9curis%C3%A9e,Location Vacances,Appartement,Marrakech,M'hamid,400 DH,400,70m²,70,2 Pièces,3 Chambres,1 Salle de bain,"Terrasse, Garage, Ascenseur, Concierge, Façade extérieure, Salon Marocain, Climatisation, Sécurité, Cuisine équipée, Réfrigérateur, Four, TV, Machine à laver, Internet","Cet appartement exceptionnel à louer est situé dans le quartier Mhamid de la commune de Manara, près de l'aéroport international de Marrakech. Il se distingue par son apparence non moderne, ajoutant du charme et de l'attrait pour les familles à la recherche de confort. L'appartement dispose de 2 chambres et d'une salle de bain, idéalement répartis sur une superficie de 70 mètres carrés, offrant des espaces de vie spacieux et confortables pour les...",https://www.mubawab-media.com/ad/8/418/851F/h/30582_83256582.avif,16,2026-09-30
8409347,Appartements à louer à Mhamid. 2 chambres. Salon marocain me...,https://www.mubawab.ma/fr/a/8409347/appartements-%C3%A0-louer-%C3%A0-mhamid-2-chambres-salon-marocain-meubl%C3%A9-r%C3%A9sidence-ferm%C3%A9e,Location Vacances,Appartement,Marrakech,M'hamid,400 DH,400,,,1 Pièce,2 Chambres,1 Salle de bain,"Garage, Façade extérieure, Salon Marocain, Antenne parabolique, Climatisation, Chauffage central, Sécurité, Double vitrage, Cuisine équipée, Réfrigérateur, Four, TV, Machine à laver, Micro-ondes, Internet, Animaux domestiques autorisés","Ce charmant appartement disponible à la location est situé dans le quartier de Ménara à Marrakech, plus précisément dans le quartier de Mhamid, à proximité de la clinique Lmhamid lmatar. Situé au deuxième étage de l'immeuble avec une façade extérieure, cette propriété promet un mélange de charme traditionnel marocain et d'équipements modernes. L'appartement dispose de deux chambres de bonne taille, avec une salle de bain pouvant accueillir un max...",https://www.mubawab-media.com/ad/8/409/347F/h/photo_00_83149441.avif,10,2026-09-30
8408134,Superbe appartement à louer à Mhamid. 2 pièces. Meublé,https://www.mubawab.ma/fr/a/8408134/superbe-appartement-%C3%A0-louer-%C3%A0-mhamid-2-pi%C3%A8ces-meubl%C3%A9,Location,Appartement,Marrakech,M'hamid,500 DH,500,60m²,60,2 Pièces,2 Chambres,1 Salle de bain,"Ascenseur, Concierge, Meublé, Salon Marocain, Climatisation, Sécurité, Cuisine équipée, Réfrigérateur, Internet","Situé au cœur du quartier animé de Mhamid à Marrakech, cet appartement moderne de 60 m² offre un cadre de vie confortable et pratique. Niché au cinquième étage d'un immeuble avec ascenseur, cet espace lumineux dispose de deux chambres et d'une salle de bains élégante, équipée de finitions modernes et d'une douche à l’italienne. L'intérieur de l'appartement est décoré avec soin, mettant en avant des lignes contemporaines et des détails lumineux q...",https://www.mubawab-media.com/ad/8/408/134F/h/photo_00_83135441.avif,8,2026-09-30
8287088,Superbe appartement à louer à Mhamid. 2 grandes pièces. Bien...,https://www.mubawab.ma/fr/a/8287088/superbe-appartement-%C3%A0-louer-%C3%A0-mhamid-2-grandes-pi%C3%A8ces-bien-meubl%C3%A9,Location,Appartement,Marrakech,M'hamid,500 DH,500,,,2 Pièces,3 Chambres,1 Salle de bain,"Jardin, Ascenseur, Meublé, Salon Marocain, TV, Machine à laver","Appartement idéal en location. Prix 500 DH. 3 chambres à coucher, 1 salle de bains, 2 m². 2 pièces. Bon état. Meublé. Cet appartement est à louer à Mhamid. Jardin et ascenseur. Télévision moderne. Programmez dès maintenant votre visite pour cet appartement d'exception à Marrakech. Machine à laver. Confort et tradition avec salon marocain",https://www.mubawab-media.com/ad/8/287/088F/h/photo_00_81791714.avif,15,2026-09-30
8422292,Appartements à louer à Mhamid. 3 jolies chambres. Nuit d'hôt...,https://www.mubawab.ma/fr/a/8422292/appartements-%C3%A0-louer-%C3%A0-mhamid-3-jolies-chambres-nuit-d-h%C3%B4tel-1,Location Vacances,Appartement,Marrakech,M'hamid,500 DH,500,65m²,65,1 Pièce,3 Chambres,2 Salles de bains,"Garage, Climatisation, Sécurité, Cuisine équipée, Réfrigérateur, Four, TV, Machine à laver, Micro-ondes, Internet","Cet appartement charmant à louer dans le quartier de Ménara à Marrakech offre un espace de vie confortable et pratique. Situé au troisième étage, cette propriété de 65 m² est entièrement équipée pour accueillir jusqu'à cinq personnes, garantissant un séjour agréable. Doté de trois chambres et de deux salles de bain, l'appartement convient parfaitement aux familles ou aux groupes. La cuisine est lumineuse et fonctionnelle, équipée d'appareils mo...",https://www.mubawab-media.com/ad/8/422/292F/h/photo_00_83294543.avif,9,2026-09-30
8409486,Appartement à louer à Mhamid. Surface de 68 m². Bien meublé,https://www.mubawab.ma/fr/a/8409486/appartement-%C3%A0-louer-%C3%A0-mhamid-surface-de-68-m%C2%B2-bien-meubl%C3%A9,Location,Appartement,Marrakech,M'hamid,4 000 DH,4000,68m²,68,5 Pièces,3 Chambres,1 Salle de bain,"Jardin, Concierge, Meublé, Façade extérieure, Salon européen, Antenne parabolique, Climatisation, Chauffage central, Cuisine équipée, Réfrigérateur, Four, TV, Machine à laver, Internet","Ce charmant appartement meublé de 68 m² en location est situé dans le quartier prisé de Mhamid, à Marrakech, dans le district de Ménara. L'intérieur est remarquablement bien agencé, offrant trois pièces spacieuses, dont une cuisine entièrement équipée avec four, réfrigérateur et lave-linge. Le salon présente une allure européenne avec une décoration moderne mettant en valeur les espaces généreux, parfaits pour se détendre. La salle de bain est é...",https://www.mubawab-media.com/ad/8/409/486F/h/photo_00_83151130.avif,11,2026-09-30
8408117,Appartement à Mhamid. Surface totale 67 m². Meublé,https://www.mubawab.ma/fr/a/8408117/appartement-%C3%A0-mhamid-surface-totale-67-m%C2%B2-meubl%C3%A9,Location,Appartement,Marrakech,M'hamid,4 000 DH,4000,67m²,67,1 Pièce,2 Chambres,1 Salle de bain,"Terrasse, Ascenseur, Vue sur les montagnes, Meublé, Façade extérieure, Salon Marocain, Antenne parabolique, Climatisation, Sécurité, Porte blindée, Cuisine équipée, Réfrigérateur, Four, TV, Machine à laver, Micro-ondes, Animaux domestiques autorisés","Situé à hamid, près de l'aéroport et de la célèbre place Jemaa el-Fna, cet appartement offre un cadre de vie agréable et pratique. Avec une surface de 67 m², ce bien en bon état et habitable immédiatement propose une disposition bien pensée avec deux chambres et une salle de bains. L'appartement se situe au quatrième étage d'un immeuble qui dispose d'un ascenseur, facilitant ainsi l'accès pour tous. La sécurité est un atout majeur, renforcée par...",https://www.mubawab-media.com/ad/8/408/117F/h/WhatsApp_Image_2026-09-07_at_12.16.02_83174239.avif,7,2026-09-30
8340508,"Appartement à Louer de 79.0 m² à Marrakech, M'Hamid",https://www.mubawab.ma/fr/a/8340508/appartement-%C3%A0-louer-de-79-0-m%C2%B2-%C3%A0-marrakech-m-hamid,Location,Appartement,Marrakech,M'hamid,4 000 DH,4000,79m²,79,4 Pièces,2 Chambres,2 Salles de bains,,"Nouvelle annonce de Location d'un appartement à Marrakech, dans le quartier M'hamidi. Cette propriété spacieuse offre une surface de 79.0m² au 2 étage Ce bien lumineux est idéal. Prix attractif de 4000 Dhs",https://www.mubawab-media.com/ad/8/340/508F/h/image_853029505_82357788.avif,10,2026-09-30
8353393,Appartement À Louer Pour Longue DureéMhamid,https://www.mubawab.ma/fr/a/8353393/appartement-%C3%A0-louer-pour-longue-dure%C3%A9mhamid,Location,Appartement,Marrakech,M'hamid,4 000 DH,4000,70m²,70,2 Pièces,1 Ch.,1 Salle de bain,"Meublé, Cuisine équipée, Réfrigérateur, TV, Machine à laver","Appartement à louer Pour longue dureé Mhamid Marrakech 2 Salons , chambre , douche chaude , frigo , cuisine simple , quartier calme et proche des transports , À 5 Minutes de l'aéroport . Idéal pour séjour court ou voyageurs . Maximum 3 personnes . ( Sans Agence immobilier ) ( Sans Semsar ) Pour plus d'informations , veuillez nous contacter au numéro indiqué : 212678562280",https://www.mubawab-media.com/ad/8/353/393F/h/IMG-20260428-WA0050_82500195.avif,11,2026-09-30
8421445,Location Local à m'hamid,https://www.mubawab.ma/fr/a/8421445/location-local-%C3%A0-m-hamid,Location,Commerce,Marrakech,M'hamid,4 200 DH,4200,18m²,18,,,1 Salle de bain,Chambre rangement,"Location d'un Magasin de 18 m² à M’hamid, Marrakech Vous recherchez un local commercial à louer à Marrakech ? Découvrez ce magasin situé dans le quartier de M’hamid, à proximité de l’aéroport. Emplacement pratique et facilement accessible, idéal pour développer votre activité commerciale. Pour plus d’informations ou pour organiser une visite, n’hésitez pas à me contacter. Zineb SAMAA",https://www.mubawab-media.com/ad/8/421/445F/h/bd501c9e8df0181ff21d_83284737.avif,2,2026-09-30
8361532,Location d'un appartement à Mhamid. Superficie 70 m². Meublé,https://www.mubawab.ma/fr/a/8361532/location-d-un-appartement-%C3%A0-mhamid-superficie-70-m%C2%B2-meubl%C3%A9,Location,Appartement,Marrakech,M'hamid,4 300 DH,4300,70m²,70,2 Pièces,2 Chambres,1 Salle de bain,"Terrasse, Ascenseur, Concierge, Meublé, Façade extérieure, Salon Marocain, Salon européen, Antenne parabolique, Climatisation, Cuisine équipée, Réfrigérateur, Four, TV, Machine à laver","Cet appartement contemporain, situé dans le quartier dynamique de Mhamid à Marrakech, offre une opportunité unique de vivre dans un environnement moderne et confortable. Avec une surface de 70 m², il est idéal pour les jeunes couples ou les petites familles cherchant un espace bien aménagé avec deux chambres et une salle de bains. L'intérieur présente un sol en carrelage brillant qui apporte une touche de fraîcheur tout au long de l'appartement...",https://www.mubawab-media.com/ad/8/361/532F/h/photo_00_82588971.avif,7,2026-09-30
8279044,Furnished apartment for monthly rent in Marrakech,https://www.mubawab.ma/fr/a/8279044/furnished-apartment-for-monthly-rent-in-marrakech,Location,Appartement,Marrakech,M'hamid,4 300 DH,4300,70m²,70,4 Pièces,4 Chambres,2 Salles de bains,"Garage, Ascenseur, Concierge, Meublé, Façade extérieure, Salon Marocain, Antenne parabolique, Climatisation, Sécurité, Double vitrage, Porte blindée, Cuisine équipée, Réfrigérateur, Four, TV, Machine à laver","Appartement meublé à louer au mois, 4300 dirhams par mois plus 5000 dirhams de caution, à Marrakech, plus précisément à M'hamid, près d'Al Qawas",https://www.mubawab-media.com/ad/8/279/044F/h/IMG-20251229-WA0022_81706246.avif,1,2026-09-30
8409800,Appartement à louer à Mhamid. 2 chambres agréables. Meublé,https://www.mubawab.ma/fr/a/8409800/appartement-%C3%A0-louer-%C3%A0-mhamid-2-chambres-agr%C3%A9ables-meubl%C3%A9,Location,Appartement,Marrakech,M'hamid,4 400 DH,4400,68m²,68,1 Pièce,2 Chambres,1 Salle de bain,"Garage, Ascenseur, Chambre rangement, Meublé, Salon Marocain, Climatisation, Porte blindée, Réfrigérateur, TV, Machine à laver, Micro-ondes","Voici une description détaillée d'un appartement à louer situé à Marrakech, dans le quartier de Ménara, plus précisément à Mhamid. Cet élégant appartement, d'une superficie de 68 m², est idéal pour ceux qui recherchent un endroit moderne avec de nombreuses commodités. Il a entre 1 et 5 ans, ce qui témoigne d'un état presque neuf. Situé au troisième étage d'un immeuble équipé d'un ascenseur, l'appartement est facilement accessible et offre une vu...",https://www.mubawab-media.com/ad/8/409/800F/h/photo_0_83155552.avif,1,2026-09-30
8395783,Location Appartement à m'hamid,https://www.mubawab.ma/fr/a/8395783/location-appartement-%C3%A0-m-hamid,Location,Appartement,Marrakech,M'hamid,4 500 DH,4500,70m²,70,6 Pièces,3 Chambres,1 Salle de bain,"Meublé, Climatisation","À Louer : Bel Appartement de 3 Chambres au quartier M'Hamid, Marrakech Zineb SAMAA vous propose à la location un bel appartement spacieux et lumineux, situé au 2ème étage dans le quartier de M'Hamid à Marrakech. L'agencement intérieur se compose d'un salon lumineux, de trois chambres spacieuses, d'une salle de douche et de toilettes séparées. Équipé de la climatisation, cet appartement garantit un confort optimal en toutes saisons. Implanté a...",https://www.mubawab-media.com/ad/8/395/783F/h/7b6bb14e1d91eb519bc9_83007013.avif,7,2026-09-30
8362879,Louez cet appartement à mhamid. 3 chambres agréables. Bien m...,https://www.mubawab.ma/fr/a/8362879/louez-cet-appartement-%C3%A0-mhamid-3-chambres-agr%C3%A9ables-bien-meubl%C3%A9,Location,Appartement,Marrakech,M'hamid,4 500 DH,4500,105m²,105,4 Pièces,4 Chambres,2 Salles de bains,"Meublé, Façade extérieure, Salon Marocain, Salon européen, Antenne parabolique, Cuisine équipée, Réfrigérateur, Four, TV, Machine à laver, Micro-ondes, Internet","Cet appartement spacieux de 105 m² est situé dans le quartier mhamid près de l’aéroport à Marrakech, une zone prisée de la région Marrakech-Safi. Avec trois chambres et deux salles de bains, cette propriété moderne est idéale pour des familles ou des professionnels à la recherche d'un cadre de vie confortable. Le projet est flambant neuf, garantissant des finitions impeccables et un espace contemporain. Le salon européen, équipé de parquet él...",https://www.mubawab-media.com/ad/8/362/879F/h/photo_00_82603715.avif,11,2026-09-30
8297531,Location d'un appartement à Mhamid. 2chambres. Bien meublé,https://www.mubawab.ma/fr/a/8297531/location-d-un-appartement-%C3%A0-mhamid-2chambres-bien-meubl%C3%A9,Location,Appartement,Marrakech,M'hamid,4 800 DH,4800,50m²,50,2 Pièces,2 Chambres,1 Salle de bain,"Garage, Ascenseur, Vue sur mer, Concierge, Meublé, Salon Marocain, Antenne parabolique, Sécurité, Cuisine équipée, Réfrigérateur, Four, TV","Appartement idéal en location. Prix 4 800 DH. 2 pièces, 1 salle de bains, superficie 50 m². 2 chambres à coucher. 1er étage. Moins de 5 ans. Meublé. Cet appartement est proposé à la location à Mhamid. Confort et tradition avec un beau salon marocain. Le bien dispose également d'une antenne parabolique et la résidence est sécurisée. Cuisine entièrement équipée. Contactez-nous si vous êtes intéressé par cet appartement à Marrakech. Équipé d'une T...",https://www.mubawab-media.com/ad/8/297/531F/h/photo_00_81948958.avif,6,2026-09-30
8399997,Appartement à louer à Mhamid. Surface totale 100 m². Bien me...,https://www.mubawab.ma/fr/a/8399997/appartement-%C3%A0-louer-%C3%A0-mhamid-surface-totale-100-m%C2%B2-bien-meubl%C3%A9,Location,Appartement,Marrakech,M'hamid,5 000 DH,5000,100m²,100,5 Pièces,3 Chambres,2 Salles de bains,"Meublé, Façade extérieure, Salon Marocain, Salon européen, Antenne parabolique, Climatisation, Sécurité, Porte blindée, Cuisine équipée, Réfrigérateur, Four, TV, Machine à laver, Micro-ondes, Internet","Cet appartement à louer est situé dans le quartier de Mhamid, à Marrakech, dans la région dynamique de Ménara. Avec une surface de 100 m², ce bien offre un espace de vie généreux et fonctionnel. Situé au premier étage, l'appartement dispose de trois chambres et de deux salles de bains, parfait pour une famille ou des colocataires. L'intérieur est caractérisé par un sol en dallage qui confère une sensation de fraîcheur, idéale pour le climat chau...",https://www.mubawab-media.com/ad/8/399/997F/h/photo_00_83051659.avif,3,2026-09-30
8332801,Appartement meublé à louer à Marrakech,https://www.mubawab.ma/fr/a/8332801/appartement-meubl%C3%A9-%C3%A0-louer-%C3%A0-marrakech,Location,Appartement,Marrakech,M'hamid,5 500 DH,5500,63m²,63,3 Pièces,2 Chambres,1 Salle de bain,"Concierge, Meublé, Salon Marocain, Antenne parabolique, Climatisation, Cuisine équipée","Découvrez cet appartement à louer. Prix 5 500 DH. 3 pièces, 1 salle de bains, surface 63 m². 2 chambres. 1er étage. Moins de 5 ans. Type de sol: Carrelage. Bien meublé. Cet appartement est proposé à la location à Bouaakkaz. Confort et tradition avec un beau salon marocain. Le bien dispose également d'une antenne parabolique. Confort et sécurité avec service de conciergerie et climatisation. Appartement à louer – Marrakech (Mhamid) Je mets en lo...",https://www.mubawab-media.com/ad/8/332/801F/h/photo_0_82277369.avif,8,2026-09-30
8417981,Appartement en location à Mhamid. Superficie 60 m². Meublé,https://www.mubawab.ma/fr/a/8417981/appartement-en-location-%C3%A0-mhamid-superficie-60-m%C2%B2-meubl%C3%A9,Location,Appartement,Marrakech,M'hamid,6 000 DH,6000,60m²,60,3 Pièces,2 Chambres,1 Salle de bain,"Terrasse, Ascenseur, Concierge, Chambre rangement, Meublé, Façade extérieure, Salon Marocain, Salon européen, Antenne parabolique, Climatisation, Sécurité, Double vitrage, Porte blindée, Cuisine équipée, Réfrigérateur, Four, TV, Machine à laver, Micro-ondes, Internet","Situé dans le quartier prisé de Mhamid à Marrakech, cet appartement de 60 m² offre un cadre de vie moderne et confortable, à seulement quelques minutes en voiture de points d'intérêt tels que l'aéroport et les majestueux Jardins de la Ménara. À cinq à dix minutes en marche, vous pourrez profiter de divers cafés et boutiques, ajoutant une dimension pratique et agréable à votre quotidien. Ce logement se trouve dans un immeuble moderne, bien entrete...",https://www.mubawab-media.com/ad/8/417/981F/h/IMG20201003141954_83246530.avif,2,2026-09-30
8392182,Location Local à m'hamid,https://www.mubawab.ma/fr/a/8392182/location-local-%C3%A0-m-hamid,Location,Commerce,Marrakech,M'hamid,6 000 DH,6000,30m²,30,,,1 Salle de bain,Garage,"Location d'un local Commercial de 30 m² à M'Hamid, Marrakech. Zineb SAMAA vous propose à la location un très bel espace commercial de 30 m², idéalement situé au cœur du quartier dynamique de M'Hamid à Marrakech. Bénéficiant d'un emplacement stratégique et d'une excellente visibilité au sein d'un secteur fréquenté, ce local représente une belle opportunité pour lancer ou développer votre activité professionnelle (boutique, alimentation, salon de...",https://www.mubawab-media.com/ad/8/392/182F/h/9fc33fff8dc86233ed44_82965431.avif,2,2026-09-30
8293043,Bureau à louer 47 m² Mhamid Marrakech,https://www.mubawab.ma/fr/a/8293043/bureau-%C3%A0-louer-47-m%C2%B2-mhamid-marrakech,Location,Bureau,Marrakech,M'hamid,6 500 DH,6500,47m²,47,,,1 Salle de bain,Ascenseur,"Découvrez ce superbe bureau à louer, idéalement situé dans un quartier agréable de Marrakech, au sein d’une résidence fermée et sécurisée. D’une superficie de 47 m², ce bureau neuf offre un cadre de travail moderne, fonctionnel et parfaitement adapté aux exigences professionnelles actuelles. Situé en rez-de-chaussée, il bénéficie d’un accès facile pour vous et vos clients. Sa hauteur sous plafond permet l’aménagement d’une mezzanine, un véritab...",https://www.mubawab-media.com/ad/8/293/043F/h/annonce-agenz-20260122T131141233Z-1000068837_82631404.avif,6,2026-09-30
8281505,Local Commercial Neuf,https://www.mubawab.ma/fr/a/8281505/local-commercial-neuf,Location,Commerce,Marrakech,M'hamid,6 600 DH,6600,31m²,31,,,1 Salle de bain,"Chambre rangement, Climatisation, Sécurité","A CÔTÉ DE LA FUTURE PLUS GRANDE MOSQUEE A M'HAMID Saisissez l'opportunité unique d'établir votre commerce dans un emplacement stratégique et à forte visibilité à Marrakech. Ce local neuf, livré clé en main après une rénovation complète et haut de gamme, est idéal pour les entrepreneurs exigeants. Ville : Marrakech. Quartier : M'hamid, au cœur du dynamique Projet AIN RAHA. Accès Stratégique : Situé immédiatement à l'entrée de la célèbre Aven...",https://www.mubawab-media.com/ad/8/281/505F/h/WhatsApp_Image_2026-09-14_at_08.56.37__6___83216441.avif,21,2026-09-30
8368212,"Local commercial à Louer de 47.0 m² à Marrakech, M'Hamid",https://www.mubawab.ma/fr/a/8368212/local-commercial-%C3%A0-louer-de-47-0-m%C2%B2-%C3%A0-marrakech-m-hamid,Location,Commerce,Marrakech,M'hamid,7 000 DH,7000,47m²,47,,,1 Salle de bain,"Garage, Concierge, Climatisation, Chauffage central","Nouvelle annonce de Location d'un commercial à Marrakech, dans le quartier MHAMID. Cette propriété spacieuse offre une surface de 47.0m². Prix attractif de 7000 Dhs. Contactez-nous dès maintenant pour visiter ce bien!",https://www.mubawab-media.com/ad/8/368/212F/h/image_923457135_82701407.avif,6,2026-09-30
8168478,"Local commercial à Louer de 27.0 m² à Marrakech, M'Hamidi",https://www.mubawab.ma/fr/a/8168478/local-commercial-%C3%A0-louer-de-27-0-m%C2%B2-%C3%A0-marrakech-m-hamidi,Location,Commerce,Marrakech,M'hamid,7 000 DH,7000,27m²,27,,,1 Salle de bain,Garage,"À louer, local commercial de 27 m² situé dans le quartier prisé d'Abouab Mhamid à Marrakech. Idéal pour diverses activités, ce bien est proposé à un prix de 7 000 Dhs. Opportunité à ne pas manquer pour développer votre projet dans un emplacement stratégique",https://www.mubawab-media.com/ad/8/168/478F/h/image_704816980_80544367.avif,2,2026-09-30
8368206,"Bureau à Louer de 75.0 m² à Marrakech, M'Hamid",https://www.mubawab.ma/fr/a/8368206/bureau-%C3%A0-louer-de-75-0-m%C2%B2-%C3%A0-marrakech-m-hamid,Location,Bureau,Marrakech,M'hamid,7 500 DH,7500,75m²,75,,,1 Salle de bain,"Garage, Ascenseur, Climatisation","Nouvelle annonce de Location d'un bureau à Marrakech, dans le quartier M'Hamid. Cette propriété spacieuse offre une surface de 75.0m² au 3 étage. Le bureau est équipée d'une configuration flexible pour répondre à vos besoins professionnels spécifiques. Prix attractif de 7500 Dhs",https://www.mubawab-media.com/ad/8/368/206F/h/image_517838701_82701360.avif,6,2026-09-30
8294938,Bureau à louer 75 m² Mhamid Marrakech,https://www.mubawab.ma/fr/a/8294938/bureau-%C3%A0-louer-75-m%C2%B2-mhamid-marrakech,Location,Bureau,Marrakech,M'hamid,7 500 DH,7500,75m²,75,,,1 Salle de bain,Ascenseur,"Découvrez ce superbe bureau neuf de 75 m², idéalement situé dans le quartier recherché de Mhamid à Marrakech. Implanté au 3ᵉ étage d’une résidence fermée, ce bureau offre un cadre de travail moderne, calme et fonctionnel, parfaitement adapté aux professionnels, entrepreneurs ou professions libérales. Grâce à son agencement optimisé et à sa belle luminosité, cet espace permet de travailler dans des conditions confortables, tout en bénéficiant d...",https://www.mubawab-media.com/ad/8/294/938F/h/annonce-agenz-20260122T132034012Z-1000068847_82647785.avif,6,2026-09-30
8287777,Bureaux professionnels pour location longue durée,https://www.mubawab.ma/fr/a/8287777/bureaux-professionnels-pour-location-longue-dur%C3%A9e,Location,Duplex,Marrakech,M'hamid,7 500 DH,7500,78m²,78,,,2 Salles de bains,"Ascenseur, Concierge",Opportunité à saisir. Bureaux et duplex dans un emplacement central entre deux axes stratégiques de Mhamid Marrakech et face à un grand complexe hospitalier. Quartier en plein essor avec commerces et activités croissantes,https://www.mubawab-media.com/ad/8/287/777F/h/1000137777_81798854.avif,6,2026-09-30
8393092,Duplex pour location longue durée à Chrifia,https://www.mubawab.ma/fr/a/8393092/duplex-pour-location-longue-dur%C3%A9e-%C3%A0-chrifia,Location,Duplex,Marrakech,M'hamid,8 000 DH,8000,134m²,134,1 Pièce,1 Ch.,1 Salle de bain,"Jardin, Garage, Concierge, Salon européen, Cuisine équipée, TV, Machine à laver",Duplex 134 mètres Quartie Chrifia Mhamid Au rez-de-chaussée il y a deux salons ouverts sur une magnifique cuisine Et une salle de bain 65 mètres à l'étage Au premier étage il y'a trois chambres et une douche et une salle de bain,https://www.mubawab-media.com/ad/8/393/092F/h/hhn_82976022.avif,14,2026-09-30
8368626,Une opportunité d’investissement exceptionnelle au cœur d’un...,https://www.mubawab.ma/fr/a/8368626/une-opportunit%C3%A9-d%E2%80%99investissement-exceptionnelle-au-c%C5%93ur-d%E2%80%99un-secteur-en-pleine-expansion-marrakech-%E2%80%93-mhamid-9-r3,Vente,Terrain,Marrakech,M'hamid,8 500 DH,8500,155m²,155,,,,,"MARRAKECH – MHAMID 9 Une opportunité d’investissement exceptionnelle au cœur d’un secteur en pleine expansion. Des lots de terrain exclusivement commerciaux, bénéficiant d’un emplacement stratégique et d’un fort potentiel de valorisation, destinés aux investisseurs, promoteurs immobiliers et porteurs de projets ambitieux. • R3 • Superficies de 155 m² à 222 m² • Lot dédié à une école privée de 600 m² • Environnement urbain en développement cont...",https://www.mubawab-media.com/ad/8/368/626F/h/photo_0_83288086.avif,3,2026-09-30
8368554,Duplex et appartement moyen standing,https://www.mubawab.ma/fr/a/8368554/duplex-et-appartement-moyen-standing,Vente,Duplex,Marrakech,M'hamid,9 500 DH,9500,72m²,72,3 Pièces,2 Chambres,2 Salles de bains,"Garage, Ascenseur, Façade extérieure, Antenne parabolique, Sécurité, Porte blindée, Cuisine équipée, Four","NOUVEAU PROJET RÉSIDENTIEL À MHAMID MARRAKECH Découvrez une résidence moderne alliant confort, élégance et qualité de vie au cœur de Mhamid. Appartements de moyen standing avec finitions haut de gamme et design contemporain. Superficies à partir de 72 m² 2 ou 3 chambres spacieuses Salon lumineux et espaces optimisés Cuisine moderne et fonctionnelle Finitions de luxe et matériaux de qualité Parking en sous-sol sécurisé Profitez...",https://www.mubawab-media.com/ad/8/368/554F/h/Atik%201_82704523.avif,7,2026-09-30
8361840,8 Appartements à vendre à Mhamid,https://www.mubawab.ma/fr/a/8361840/8-appartements-%C3%A0-vendre-%C3%A0-mhamid,Vente,Appartement,Marrakech,M'hamid,12 000 DH,12000,68m²,68,1 Pièce,2 Chambres,1 Salle de bain,Concierge,"Appartements haut standing à vendre à Bouakaz – Mhamid, Marrakech Découvrez une résidence moderne idéalement située sur un grand boulevard à Bouakaz – Mhamid, offrant confort, sécurité et qualité de vie. Caractéristiques : * Superficies à partir de 68 m² jusqu’à 84 m² (à partir 12.000dh) * Appartements de 2 à 3 chambres * Résidence ensoleillée et bien orientée * Service de gardiennage 24h/24 et 7j/7 * Concierge à disposition * Poss...",https://www.mubawab-media.com/ad/8/361/840F/h/photo_00_82592166.avif,19,2026-09-30
8420743,Location Appartement à m'hamid,https://www.mubawab.ma/fr/a/8420743/location-appartement-%C3%A0-m-hamid,Location,Appartement,Marrakech,M'hamid,13 000 DH,13000,60m²,60,5 Pièces,2 Chambres,2 Salles de bains,"Jardin, Garage, Piscine, Meublé, Sécurité","Location d'un appartement de 60 m² au quartier M'hamid. Zineb SAMAA vous propose à la location ce magnifique appartement prestigieux, niché au cœur d'une résidence sécurisée, calme et haut de gamme. Offrant un cadre de vie chic, confortable et raffiné, ce bien d'exception est idéal pour les résidents exigeants en quête de sérénité, de sécurité et d'un confort moderne au quotidien. L'agencement intérieur se compose d'un salon élégant baigné de l...",https://www.mubawab-media.com/ad/8/420/743F/h/f3911ffbc5925ae1d4cf_83277062.avif,12,2026-09-30
8375397,Maison de luxe à louer à Mhamid. 4 chambres. Bien meublé,https://www.mubawab.ma/fr/a/8375397/maison-de-luxe-%C3%A0-louer-%C3%A0-mhamid-4-chambres-bien-meubl%C3%A9,Location,Villa,Marrakech,M'hamid,15 000 DH,15000,300m²,300,4 Pièces,4 Chambres,4 Salles de bains,"Jardin, Terrasse, Garage, Vue sur les montagnes, Chambre rangement, Meublé, Entre-seul, Salon Marocain, Salon européen, Antenne parabolique, Climatisation, Chauffage central, Porte blindée, Cuisine équipée, Réfrigérateur, Four, TV, Machine à laver, Micro-ondes","À louer longue durée– Belle villa spacieuse avec jardin Belle villa de standing, construite avec soin, offrant une surface bâtie totale de 300 m², avec un jardin privatif d'environ 50 m² et un parking privé. Composition de la villa : Sous-sol : Deux chambres. Deux salons spacieux. Grand espace de vie, idéal pour la famille ou pour recevoir. Rez-de-chaussée : Un séjour climatisé. Une chambre climatisée. Une grande cuisine climatisée et bien aménag...",https://www.mubawab-media.com/ad/8/375/397F/h/photo_00_82782203.avif,16,2026-09-30
8419163,Grand dépôt 1 100 m² à louer – Route d’Essaouira,https://www.mubawab.ma/fr/a/8419163/grand-d%C3%A9p%C3%B4t-1-100-m%C2%B2-%C3%A0-louer-%E2%80%93-route-d%E2%80%99essaouira,Location,Bureau,Marrakech,M'hamid,24 000 DH,24000,1100m²,1100,,,2 Salles de bains,Sécurité,"Dépôt de 1 100 m² à louer – Route d'Essaouira km 7 de Marrakech À louer, grand local/dépôt d’une superficie totale de 1 100 m², situé à Mhamid 10 Saada, Oulad Said à Marrakech, dans un emplacement offrant un accès pratique aux principaux axes routiers. Le local dispose notamment de : 1 100 m² de superficie Grand bureau 2 salles de bain Compteur électrique 4 fils – 60 A Espace adapté au stockage, dépôt ou activité professionnelle Emplacement à e...",https://www.mubawab-media.com/ad/8/419/163F/h/photo_00_83260129.avif,9,2026-09-30
8236619,Beau local à vendre à Mhamid. Surface de 42 m²,https://www.mubawab.ma/fr/a/8236619/beau-local-%C3%A0-vendre-%C3%A0-mhamid-surface-de-42-m%C2%B2,Vente,Autre,Marrakech,M'hamid,358 000 DH,358000,42m²,42,,,1 Salle de bain,Garage,"Affaire à saisir pour ce local à vendre. Prix 358 000 DH. 1 salle de bains, 42 m². Moins de 10 ans. Venez découvrir ce local à vendre à Mhamid, Marrakech. Frais d’agence : 2,5%",https://www.mubawab-media.com/ad/8/236/619F/h/photo_00_81248014.avif,3,2026-09-30
7115908,Appartement de 52m² en vente Dyour Al Masjid,https://www.mubawab.ma/fr/pa/7115908/appartement-de-52m%C2%B2-en-vente-dyour-al-masjid,Vente,Appartement,Marrakech,M'hamid,400 000 DH,400000,52m²,52,3 Pièces,2 Chambres,1 Salle de bain,Ascenseur,"Dyour Al Masjid est un nouveau projet immobilier d'appartements et de commerces au sein de la ville ocre, en plein cœur du quartier M'hamid 9. Les appartements du projet Dyour Al Masjid varient de deux à trois chambres avec des superficies allant jusqu'à 72m2. Spacieux et de haute qualité, ces lieux de vie offrent les meilleures finitions du marché. Vous trouverez tout le confort dont vous avez besoin pour vous logez confortablement ainsi que...",https://www.mubawab-media.com/ad/7/115/908F/h/Dyour-Al-Masjid-2-02042026_095535_81909701.avif,10,2026-09-30
7115907,Appartement de 52m² en vente Dyour Al Masjid,https://www.mubawab.ma/fr/pa/7115907/appartement-de-52m%C2%B2-en-vente-dyour-al-masjid,Vente,Appartement,Marrakech,M'hamid,400 000 DH,400000,52m²,52,3 Pièces,2 Chambres,1 Salle de bain,,"Dyour Al Masjid est un tout nouveau projet immobilier au sein de la ville ocre, en plein cœur du quartier M'hamid 9. Nous vous proposant des appartements de 2 à 3 chambres de qualité supérieure avec un bel agencement et une finition de qualité. Nous vous proposons également des locaux commerciaux de superficie oscillant entre 16 et 75 m² à la vente. Le projet Dyour Al Masjid se caractérise par une situation stratégique. A proximité des moy...",https://www.mubawab-media.com/ad/7/115/907F/h/Dyour-Al-Masjid-2-02042026_095724_81909056.avif,10,2026-09-30
7461638,Appartement de 52m² en vente Dyour Al Masjid,https://www.mubawab.ma/fr/pa/7461638/appartement-de-52m%C2%B2-en-vente-dyour-al-masjid,Vente,Appartement,Marrakech,M'hamid,400 000 DH,400000,52m²,52,3 Pièces,2 Chambres,1 Salle de bain,,"Dyour Al Masjid est un nouveau projet immobilier d'appartements et de commerces au sein de la ville ocre, en plein cœur du quartier M'hamid 9. Les appartements du projet Dyour Al Masjid varient de deux à trois chambres avec des superficies allant jusqu'à 72m2. Spacieux et de haute qualité, ces lieux de vie offrent les meilleures finitions du marché. Vous trouverez tout le confort dont vous avez besoin pour vous logez confortablement ainsi que...",https://www.mubawab-media.com/ad/7/461/638F/h/WhatsApp%20Image%202023-06-19%20at%2012.07.29%20%281%29_51208527.avif,13,2026-09-30
7677928,Magasin de 27m² en vente Dyour Al Masjid,https://www.mubawab.ma/fr/pa/7677928/magasin-de-27m%C2%B2-en-vente-dyour-al-masjid,Vente,Appartement,Marrakech,M'hamid,405 000 DH,405000,27m²,27,,,1 Salle de bain,,"*** LIVRAISON IMMEDIATE *** Dyour Al Masjid est un nouveau projet immobilier d'appartements et de commerces au sein de la ville ocre, en plein cœur du quartier M'hamid 9. Nous vous proposons des locaux commerciaux de toutes les tailles offrant une visibilité optimale sur la rue passante, qui s'adapteront parfaitement à votre projet d'investissement. Les titres fonciers et permis d'habiter sont disponibles !",https://www.mubawab-media.com/ad/7/677/928F/h/WhatsApp%20Image%202023-06-19%20at%2012.07.28%20%281%29_51207690.avif,4,2026-09-30
7127717,Appartement de 64m ² en vente Dyour Al Masjid,https://www.mubawab.ma/fr/pa/7127717/appartement-de-64m-%C2%B2-en-vente-dyour-al-masjid,Vente,Appartement,Marrakech,M'hamid,430 000 DH,430000,64m²,64,3 Pièces,2 Chambres,1 Salle de bain,Ascenseur,"Dyour Al Masjid est un nouveau projet immobilier d'appartements et de commerces au sein de la ville ocre, en plein cœur du quartier M'hamid 9. Les appartements du projet Dyour Al Masjid varient de deux à trois chambres avec des superficies allant jusqu'à 72m2. Spacieux et de haute qualité, ces lieux de vie offrent les meilleures finitions du marché. Vous trouverez tout le confort dont vous avez besoin pour vous logez confortablement ainsi que...",https://www.mubawab-media.com/ad/7/127/717F/h/Dyour-Al-Masjid-2-02042026_095015_81909667.avif,10,2026-09-30
7461645,Appartement de 67m² en vente Dyour Al Masjid,https://www.mubawab.ma/fr/pa/7461645/appartement-de-67m%C2%B2-en-vente-dyour-al-masjid,Vente,Appartement,Marrakech,M'hamid,430 000 DH,430000,64m²,64,3 Pièces,2 Chambres,1 Salle de bain,Ascenseur,"Dyour Al Masjid est un nouveau projet immobilier d'appartements et de commerces au sein de la ville ocre, en plein cœur du quartier M'hamid 9. Les appartements du projet Dyour Al Masjid varient de deux à trois chambres avec des superficies allant jusqu'à 72m2. Spacieux et de haute qualité, ces lieux de vie offrent les meilleures finitions du marché. Vous trouverez tout le confort dont vous avez besoin pour vous logez confortablement ainsi que...",https://www.mubawab-media.com/ad/7/461/645F/h/Dyour-Al-Masjid-2-02042026_095724_81909925.avif,10,2026-09-30
8410403,Bel appartement à vendre à mhamid beradi 2,https://www.mubawab.ma/fr/a/8410403/bel-appartement-%C3%A0-vendre-%C3%A0-mhamid-beradi-2,Vente,Appartement,Marrakech,M'hamid,440 000 DH,440000,56m²,56,1 Pièce,2 Chambres,1 Salle de bain,"Climatisation, Chauffage central, Réfrigérateur, Four, Machine à laver, Micro-ondes","Découvrez ce charmant appartement à vendre situé a mhamid berdi 2, ce logement offre une surface de 56 m² intelligemment agencée. Composé de deux chambres confortables, il dispose également d'une salle de bains bien équipée. La cuisine, entièrement aménagée, inclut des appareils de dernière génération tels qu'un four, un micro-ondes, un réfrigérateur, et une machine à laver, facilitant ainsi la vie quotidienne des futurs occupants. Le séjour se...",https://www.mubawab-media.com/ad/8/410/403F/h/photo_00_83211494.avif,13,2026-09-30
7115910,Appartement de 72m² en vente Dyour Al Masjid,https://www.mubawab.ma/fr/pa/7115910/appartement-de-72m%C2%B2-en-vente-dyour-al-masjid,Vente,Appartement,Marrakech,M'hamid,460 000 DH,460000,71m²,71,4 Pièces,3 Chambres,1 Salle de bain,,"Dyour Al Masjid est un tout nouveau projet immobilier au sein de la ville ocre, en plein cœur du quartier M'hamid 9. Nous vous proposant des appartements de 2 à 3 chambres de qualité supérieure avec un bel agencement et une finition de qualité. Nous vous proposons également des locaux commerciaux de superficie oscillant entre 16 et 75 m² à la vente. Le projet Dyour Al Masjid se caractérise par une situation stratégique. A proximité des moy...",https://www.mubawab-media.com/ad/7/115/910F/h/Dyour-Al-Masjid-2-02042026_095724_81909973.avif,18,2026-09-30
7115909,Appartement de 72m² en vente Dyour Al Masjid,https://www.mubawab.ma/fr/pa/7115909/appartement-de-72m%C2%B2-en-vente-dyour-al-masjid,Vente,Appartement,Marrakech,M'hamid,460 000 DH,460000,71m²,71,4 Pièces,3 Chambres,1 Salle de bain,Ascenseur,"Dyour Al Masjid est un tout nouveau projet immobilier au sein de la ville ocre, en plein cœur du quartier M'hamid 9. Nous vous proposant des appartements de 2 à 3 chambres de qualité supérieure avec un bel agencement et une finition de qualité. Nous vous proposons également des locaux commerciaux de superficie oscillant entre 16 et 75 m² à la vente. Le projet Dyour Al Masjid se caractérise par une situation stratégique. A proximité des moy...",https://www.mubawab-media.com/ad/7/115/909F/h/Dyour-Al-Masjid-2-02042026_095724_81909856.avif,10,2026-09-30
7461637,Appartement de 72m² en vente Dyour Al Masjid,https://www.mubawab.ma/fr/pa/7461637/appartement-de-72m%C2%B2-en-vente-dyour-al-masjid,Vente,Appartement,Marrakech,M'hamid,460 000 DH,460000,71m²,71,4 Pièces,3 Chambres,1 Salle de bain,,"Dyour Al Masjid est un nouveau projet immobilier d'appartements et de commerces au sein de la ville ocre, en plein cœur du quartier M'hamid 9. Les appartements du projet Dyour Al Masjid varient de deux à trois chambres avec des superficies allant jusqu'à 72m2. Spacieux et de haute qualité, ces lieux de vie offrent les meilleures finitions du marché. Vous trouverez tout le confort dont vous avez besoin pour vous logez confortablement ainsi que...",https://www.mubawab-media.com/ad/7/461/637F/h/Dyour-Al-Masjid-2-02042026_095015_81908706.avif,10,2026-09-30
7461643,Appartement de 72m² en vente Dyour Al Masjid,https://www.mubawab.ma/fr/pa/7461643/appartement-de-72m%C2%B2-en-vente-dyour-al-masjid,Vente,Appartement,Marrakech,M'hamid,460 000 DH,460000,71m²,71,4 Pièces,3 Chambres,1 Salle de bain,Ascenseur,"Dyour Al Masjid est un tout nouveau projet immobilier au sein de la ville ocre, en plein cœur du quartier M'hamid 9. Nous vous proposant des appartements de 2 à 3 chambres de qualité supérieure avec un bel agencement et une finition de qualité. Nous vous proposons également des locaux commerciaux de superficie oscillant entre 16 et 75 m² à la vente. Le projet Dyour Al Masjid se caractérise par une situation stratégique. A proximité des moy...",https://www.mubawab-media.com/ad/7/461/643F/h/Dyour-Al-Masjid-2-02042026_095724_81909676.avif,10,2026-09-30
8347044,Appartement a vendre mhamid marrakech,https://www.mubawab.ma/fr/a/8347044/appartement-a-vendre-mhamid-marrakech,Vente,Appartement,Marrakech,M'hamid,480 000 DH,480000,65m²,65,3 Pièces,2 Chambres,2 Salles de bains,"Jardin, Ascenseur, Concierge, Façade extérieure, Antenne parabolique, Double vitrage, Porte blindée","*À vendre : Bel appartement de 65 m² au 1er étage dans la résidence ""Jardin des Citronniers"".* *Composé de : un salon, 2 chambres, une cuisine, 2 salles de bain et 2 balcons.* *Vue dégagée sur l'avenue principale qui mène à l'aéroport.* *Proche de toutes les commodités : commerces, transports",https://www.mubawab-media.com/ad/8/347/044F/h/IMG-20220608-WA0010_82429638.avif,10,2026-09-30
8304905,Appartement à vendre à Mhamid. 3 chambres agréables,https://www.mubawab.ma/fr/pa/8304905/appartement-%C3%A0-vendre-%C3%A0-mhamid-3-chambres-agr%C3%A9ables,Vente,Appartement,Marrakech,M'hamid,500 000 DH,500000,57m²,57,,3 Chambres,2 Salles de bains,,"Bassatine Al M’Hamid est un projet immobilier résidentiel situé à Marrakech, sur le boulevard Guemassa, au cœur du quartier dynamique de M’Hamid. Ce projet propose des logements accessibles, bien pensés et idéalement situés, répondant aux besoins des familles d’aujourd’hui. Le projet propose des appartements à partir de 60 m², composés de 3 chambres + salon Points Fort du projet : proximité calme la qualité des constructions et des finition...",https://www.mubawab-media.com/ad/8/304/905F/h/salon%20m_001_81981762_81981902.avif,29,2026-09-30
8410561,Vend velle appartement a mhamid 7 askejour,https://www.mubawab.ma/fr/a/8410561/vend-velle-appartement-a-mhamid-7-askejour,Vente,Appartement,Marrakech,M'hamid,500 000 DH,500000,63m²,63,3 Pièces,2 Chambres,1 Salle de bain,"Jardin, Terrasse, Garage, Concierge","Découvrez ce magnifique appartement situé dans le quartier mhamid 7 askejour Marrakech, au sein de la région ensoleillée de Marrakech-Safi. Ce spacieux logement de 63 m² n'a jamais été habité et est en condition parfaite, offrant une occasion rare de vivre dans un espace complètement neuf",https://www.mubawab-media.com/ad/8/410/561F/h/1000015325_83163810.avif,11,2026-09-30
8405605,Appartement en vente Mhamid 2 chambres et salon,https://www.mubawab.ma/fr/a/8405605/appartement-en-vente-mhamid-2-chambres-et-salon,Vente,Appartement,Marrakech,M'hamid,500 000 DH,500000,57m²,57,2 Pièces,2 Chambres,1 Salle de bain,,"Cet appartement à vendre est situé dans la Résidence Safa, au cœur de Marrakech, dans la région de Marrakech-Safi, plus précisément sur la Route Amizmiz. Offrant une superficie totale de 57 m², cet espace de vie présente une conception fonctionnelle avec deux chambres et une salle de bain. La cuisine est bien aménagée, équipée de plans de travail en granit, offrant un espace idéal pour la préparation des repas. Le sol en marbre s'étend élégammen...",https://www.mubawab-media.com/ad/8/405/605F/h/photo_0_83111106.avif,7,2026-09-30
8304903,Appartement à l'achat à Mhamid. 3 chambres agréables,https://www.mubawab.ma/fr/pa/8304903/appartement-%C3%A0-l-achat-%C3%A0-mhamid-3-chambres-agr%C3%A9ables,Vente,Appartement,Marrakech,M'hamid,510 000 DH,510000,60m²,60,4 Pièces,3 Chambres,2 Salles de bains,,"Bassatine Al M’Hamid est un projet immobilier résidentiel situé à Marrakech, sur le boulevard Guemassa, au cœur du quartier dynamique de M’Hamid. Ce projet propose des logements accessibles, bien pensés et idéalement situés, répondant aux besoins des familles d’aujourd’hui. Le projet propose des appartements à partir de 60 m², composés de 3 chambres + salon Points Fort du projet : proximité calme la qualité des constructions et des finition...",https://www.mubawab-media.com/ad/8/304/903F/h/salon%20m_001_81981762_81981848.avif,29,2026-09-30
8304902,Bel appartement à vendre à Mhamid. Surface de 60 m²,https://www.mubawab.ma/fr/pa/8304902/bel-appartement-%C3%A0-vendre-%C3%A0-mhamid-surface-de-60-m%C2%B2,Vente,Appartement,Marrakech,M'hamid,510 000 DH,510000,60m²,60,,,,,"Bassatine Al M’Hamid est un projet immobilier résidentiel situé à Marrakech, sur le boulevard Guemassa, au cœur du quartier dynamique de M’Hamid. Ce projet propose des logements accessibles, bien pensés et idéalement situés, répondant aux besoins des familles d’aujourd’hui. Le projet propose des appartements à partir de 60 m², composés de 3 chambres + salon Points Fort du projet : proximité calme la qualité des constructions et des finition...",https://www.mubawab-media.com/ad/8/304/902F/h/salon%20m_001_81981762_81981811.avif,29,2026-09-30
8304907,Appartement en vente à Mhamid. Superficie 58 m²,https://www.mubawab.ma/fr/pa/8304907/appartement-en-vente-%C3%A0-mhamid-superficie-58-m%C2%B2,Vente,Appartement,Marrakech,M'hamid,520 000 DH,520000,58m²,58,,3 Chambres,2 Salles de bains,,"Bassatine Al M’Hamid est un projet immobilier résidentiel situé à Marrakech, sur le boulevard Guemassa, au cœur du quartier dynamique de M’Hamid. Ce projet propose des logements accessibles, bien pensés et idéalement situés, répondant aux besoins des familles d’aujourd’hui. Le projet propose des appartements à partir de 60 m², composés de 3 chambres + salon Points Fort du projet : proximité calme la qualité des constructions et des finition...",https://www.mubawab-media.com/ad/8/304/907F/h/salon%20m_001_81981762_81981975.avif,29,2026-09-30
8304906,Vend appartement à Mhamid. 3 chambres,https://www.mubawab.ma/fr/pa/8304906/vend-appartement-%C3%A0-mhamid-3-chambres,Vente,Appartement,Marrakech,M'hamid,520 000 DH,520000,58m²,58,4 Pièces,3 Chambres,2 Salles de bains,,"Bassatine Al M’Hamid est un projet immobilier résidentiel situé à Marrakech, sur le boulevard Guemassa, au cœur du quartier dynamique de M’Hamid. Ce projet propose des logements accessibles, bien pensés et idéalement situés, répondant aux besoins des familles d’aujourd’hui. Le projet propose des appartements à partir de 60 m², composés de 3 chambres + salon Points Fort du projet : proximité calme la qualité des constructions et des finition...",https://www.mubawab-media.com/ad/8/304/906F/h/salon%20m_001_81981762_81981948.avif,29,2026-09-30
8238742,Appartement à vendre à Mhamid. 3 chambres agréables. Salon M...,https://www.mubawab.ma/fr/a/8238742/appartement-%C3%A0-vendre-%C3%A0-mhamid-3-chambres-agr%C3%A9ables-salon-marocain-s%C3%A9curit%C3%A9,Vente,Appartement,Marrakech,M'hamid,520 000 DH,520000,69m²,69,1 Pièce,3 Chambres,1 Salle de bain,"Jardin, Ascenseur, Concierge, Salon Marocain, Sécurité","Bel appartement abordable à vendre à Marrakech, dans le quartier sud de Mamed. Prix : seulement 490 000 dirhams Emplacement : Deuxième étage Superficie : environ 70 m² Comprend : 3 chambres, salon, cuisine et salle de bain Le quartier est calme et proche de toutes les commodités (marchés, écoles, transports)",https://www.mubawab-media.com/ad/8/238/742F/h/%D9%81%D9%87%D8%B3%D8%B3%D9%87%D9%82_81269658.avif,11,2026-09-30
7864058,"Appartement à vendre 75 m², 3 chambres et salon",https://www.mubawab.ma/fr/pa/7864058/appartement-%C3%A0-vendre-75-m%C2%B2-3-chambres-et-salon,Vente,Appartement,Marrakech,M'hamid,542 000 DH,542000,69m²,69,4 Pièces,3 Chambres,2 Salles de bains,"Garage, Ascenseur, Cuisine équipée","La résidence Al Anbar ets située sur l'avenue Guemassa dans le quartier de M'hamid Sud, dans un emplacement privilégié qui la rend proche des principaux services et moyens de transport de la ville. La résidence se distingue par son architecture moderne R4, équipée d'ascenseurs et d'un parking souterrain pour les voitures. Al Anbar propose des appartements avec une finition de haute qualité, d'une superficie allant de 59 à 91 m² et composés...",https://www.mubawab-media.com/ad/7/864/058F/h/24-09-24%20ASSERMOUH%20-%20Rendus%203D%20S2-S3_Page_3_81094112.avif,4,2026-09-30
8377760,Vend appartement à Mhamid. Surface de 53 m². Salon tradition...,https://www.mubawab.ma/fr/a/8377760/vend-appartement-%C3%A0-mhamid-surface-de-53-m%C2%B2-salon-traditionnel-marocain-r%C3%A9sidence-s%C3%A9curis%C3%A9e,Vente,Appartement,Marrakech,M'hamid,560 000 DH,560000,56m²,56,3 Pièces,2 Chambres,1 Salle de bain,"Terrasse, Concierge, Façade extérieure, Salon Marocain, Sécurité, Double vitrage, Porte blindée, Cuisine équipée","Cet appartement moderne à vendre à Marrakech, situé dans le quartier de Mhamid à Ménara, présente une superficie de 53 m². Récemment construit, il a entre 1 et 5 ans d’ancienneté et se trouve au deuxième étage d’un immeuble doté de commodités attractives telles qu'un service de conciergerie et un dispositif de sécurité renforcée. À l'intérieur, le logement dispose de deux pièces lumineuses et d'une salle de bain bien aménagée avec une douche mode...",https://www.mubawab-media.com/ad/8/377/760F/h/photo_0_82807910.avif,14,2026-09-30
8362512,"Appartement à vendre 60 m², 2 chambres Mhamid Marrakech",https://www.mubawab.ma/fr/a/8362512/appartement-%C3%A0-vendre-60-m%C2%B2-2-chambres-mhamid-marrakech,Vente,Appartement,Marrakech,M'hamid,560 000 DH,560000,60m²,60,,2 Chambres,1 Salle de bain,"Garage, Ascenseur, Cuisine équipée","Parfait pour un investissement à fort potentiel, cet appartement de 60 m² situé au 3ème étage à Mhamid, Marrakech. Sa configuration offre un séjour exposé à la lumière naturelle et des chambres qui garantissent une luminosité agréable tout au long de la journée. Son emplacement stratégique dans un quartier dynamique, combiné à un agencement optimisé, en fait un bien attractif . Caractéristiques principales : - Un séjour - 2 chambres à couche...",https://www.mubawab-media.com/ad/8/362/512F/h/annonce-agenz-20260605T202432115Z-1780691017665_82599440.avif,16,2026-09-30
8379841,Mhamid 9 Tours Koutoubia Marrakech,https://www.mubawab.ma/fr/a/8379841/mhamid-9-tours-koutoubia-marrakech,Vente,Appartement,Marrakech,M'hamid,560 000 DH,560000,52m²,52,2 Pièces,2 Chambres,1 Salle de bain,"Terrasse, Vue sur les montagnes","Appartement à vendre à Mhamid 9 Tours Koutoubia, au deuxième étage, superficie de 52 mètres",https://www.mubawab-media.com/ad/8/379/841F/h/1000129654_82831680.avif,1,2026-09-30
8164957,Appartement à l'achat à Mhamid. Superficie 64 m². Porte blin...,https://www.mubawab.ma/fr/a/8164957/appartement-%C3%A0-l-achat-%C3%A0-mhamid-superficie-64-m%C2%B2-porte-blind%C3%A9e,Vente,Appartement,Marrakech,M'hamid,560 000 DH,560000,64m²,64,3 Pièces,2 Chambres,1 Salle de bain,"Salon Marocain, Salon européen, Sécurité, Porte blindée, Cuisine équipée, Four","Magnifique appartement à vendre situé au deuxième étage dans un immeuble propre et sécurisé. La superficie titrée de l appartement 64 m, comportant deux chambres avec placard, un salon, un petit coin salle à manger, une salle de bain invitée équipée avec (lavabo, toilette et douche), une cuisine indépendante moderne équipée avec des blocs et étagère. L appartement aéré éclairé et ensoleillé, propre et bien entretenu ainsi le carrelage serrureries...",https://www.mubawab-media.com/ad/8/164/957F/h/photo_00_80510477.avif,12,2026-09-30
8304904,Vente d'un bel appartement à Mhamid. 3 belles chambres,https://www.mubawab.ma/fr/pa/8304904/vente-d-un-bel-appartement-%C3%A0-mhamid-3-belles-chambres,Vente,Appartement,Marrakech,M'hamid,576 000 DH,576000,64m²,64,,3 Chambres,2 Salles de bains,,"Bassatine Al M’Hamid est un projet immobilier résidentiel situé à Marrakech, sur le boulevard Guemassa, au cœur du quartier dynamique de M’Hamid. Ce projet propose des logements accessibles, bien pensés et idéalement situés, répondant aux besoins des familles d’aujourd’hui. Le projet propose des appartements à partir de 60 m², composés de 3 chambres + salon Points Fort du projet : proximité calme la qualité des constructions et des finition...",https://www.mubawab-media.com/ad/8/304/904F/h/salon%20m_001_81981762_81981875.avif,29,2026-09-30
8414911,"Appartement à vendre 56 m², 2 chambres Mhamid Marrakech",https://www.mubawab.ma/fr/a/8414911/appartement-%C3%A0-vendre-56-m%C2%B2-2-chambres-mhamid-marrakech,Vente,Appartement,Marrakech,M'hamid,580 000 DH,580000,56m²,56,,2 Chambres,1 Salle de bain,Ascenseur,"Idéal pour une vie de famille confortable, cet appartement de 56 m², situé au 3ème étage dans le quartier recherché de Mhamid à Marrakech, offre une configuration fonctionnelle et agréable. Son orientation Sud-Est, favorise une belle luminosité naturelle et une atmosphère agréable au quotidien. Son environnement résidentiel, à proximité des commodités, permet de conjuguer facilement confort, praticité et accessibilité au quotidien. Avec sa sup...",https://www.mubawab-media.com/ad/8/414/911F/h/annonce-agenz-20260909T132813147Z-1788960444683_83212501.avif,16,2026-09-30
8373417,Appartement en vente à Mhamid,https://www.mubawab.ma/fr/a/8373417/appartement-en-vente-%C3%A0-mhamid,Vente,Appartement,Marrakech,M'hamid,580 000 DH,580000,80m²,80,2 Pièces,3 Chambres,1 Salle de bain,,Appartement en vente à Mhamid,https://www.mubawab-media.com/ad/8/373/417F/h/e54e1e03-3907-4b72-b4eb-ff6a400b7545_82767117.avif,9,2026-09-30
7861569,"Appartement 2 chambres, Salon à Mhamid 62 m²",https://www.mubawab.ma/fr/pa/7861569/appartement-2-chambres-salon-%C3%A0-mhamid-62-m%C2%B2,Vente,Appartement,Marrakech,M'hamid,584 000 DH,584000,73m²,73,3 Pièces,2 Chambres,2 Salles de bains,"Garage, Ascenseur, Cuisine équipée","La résidence Al Anbar ets située sur l'avenue Guemassa dans le quartier de M'hamid Sud, dans un emplacement privilégié qui la rend proche des principaux services et moyens de transport de la ville. La résidence se distingue par son architecture moderne R4, équipée d'ascenseurs et d'un parking souterrain pour les voitures. Al Anbar propose des appartements avec une finition de haute qualité, d'une superficie allant de 59 à 91 m² et composés...",https://www.mubawab-media.com/ad/7/861/569F/h/24-09-24%20ASSERMOUH%20-%20Rendus%203D%20S2-S3_Page_3_81094110.avif,4,2026-09-30
8304911,Appartement à l'achat à Mhamid. 4 chambres agréables,https://www.mubawab.ma/fr/pa/8304911/appartement-%C3%A0-l-achat-%C3%A0-mhamid-4-chambres-agr%C3%A9ables,Vente,Appartement,Marrakech,M'hamid,599 800 DH,599800,64m²,64,5 Pièces,4 Chambres,2 Salles de bains,,"Bassatine Al M’Hamid est un projet immobilier résidentiel situé à Marrakech, sur le boulevard Guemassa, au cœur du quartier dynamique de M’Hamid. Ce projet propose des logements accessibles, bien pensés et idéalement situés, répondant aux besoins des familles d’aujourd’hui. Le projet propose des appartements à partir de 60 m², composés de 3 chambres + salon Points Fort du projet : proximité calme la qualité des constructions et des finition...",https://www.mubawab-media.com/ad/8/304/911F/h/salon%20m_001_81981762_81982099.avif,29,2026-09-30
8422807,Vente Appartement à m'hamid,https://www.mubawab.ma/fr/a/8422807/vente-appartement-%C3%A0-m-hamid,Vente,Appartement,Marrakech,M'hamid,600 000 DH,600000,60m²,60,3 Pièces,2 Chambres,1 Salle de bain,"Meublé, Salon Marocain, Cuisine équipée, Réfrigérateur, Four, Machine à laver, Micro-ondes","Vente d'un appartement de 60 m² au quartier Mhamid à Marrakech. Charmant appartement de 60 m² entièrement meublé et équipé, idéalement situé au 2ᵉ étage dans le secteur Mhamid (Guemassa) à Marrakech, à seulement 2,9 km de l'aéroport Marrakech-Ménara. Composition du bien : 2 chambres 1 salon marocain 1 séjour 1 cuisine équipée (réfrigérateur Candy, four, micro-ondes, hotte, machine à laver) 1 salle de bain Les du bien : Prêt à habiter ou à l...",https://www.mubawab-media.com/ad/8/422/807F/h/1246b2f51eb5eac5d2e4_83300162.avif,13,2026-09-30
8410298,Vente terrain à Hay Saada Surface totale 65 m²,https://www.mubawab.ma/fr/a/8410298/vente-terrain-%C3%A0-hay-saada-surface-totale-65-m%C2%B2,Vente,Villa,Marrakech,M'hamid,600 000 DH,600000,65m²,65,,,,,"TERRAIN NU À VENDRE - MHAMID 10 Superficie : 65m² Prix : 600 000 DH Mhamid 10 - Tranche 1 Quartier en plein développement, viabilisé Idéal pour villa R2 ou investissement Titre foncier disponible Pour plus d’infos et visite du terrain DM",https://www.mubawab-media.com/ad/8/410/298F/h/photo_0_83161027.avif,1,2026-09-30
8304489,Appartement à vendre à Mhamid. A proximité d'aéroport Marrak...,https://www.mubawab.ma/fr/a/8304489/appartement-%C3%A0-vendre-%C3%A0-mhamid-a-proximit%C3%A9-d-a%C3%A9roport-marrakech,Vente,Appartement,Marrakech,M'hamid,600 000 DH,600000,64m²,64,2 Pièces,2 Chambres,1 Salle de bain,"Ascenseur, Concierge","Achetez votre appartement. Prix 600 000 DH. 2 salon , cuisine 1 salle de bains, superficie 64 m². 2 chambres à coucher. Bon état / habitable. Ascenseur dans la résidence. Cet appartement est proposé à la vente à Mhamid, Marrakech. Concierge",https://www.mubawab-media.com/ad/8/304/489F/h/photo_00_81978240.avif,9,2026-09-30
8339666,Appartement RDC meublé 60m² Route de Guemassa,https://www.mubawab.ma/fr/a/8339666/appartement-rdc-meubl%C3%A9-60m%C2%B2-route-de-guemassa,Vente,Appartement,Marrakech,M'hamid,610 000 DH,610000,60m²,60,3 Pièces,2 Chambres,1 Salle de bain,"Terrasse, Garage, Meublé, Antenne parabolique, Climatisation, Sécurité, Cuisine équipée, Réfrigérateur, Four, Machine à laver, Micro-ondes","À vendre bel appartement meublé, prêt à habiter en rez-de-chaussée, situé à Mhamid 7 Asekjour sur la route de Gmassa à Marrakech. Superficie : 60 m² 2 chambres et salon Cuisine équipée RDC – accès privé et facile Parking gratuit Espace extérieur aménagé 2 climatiseurs (18 000 BTU et 12 000 BTU) Caméras de surveillance installées 2 blocs de secours (autonomie 1 heure en cas de coupure d’électricité) À seulement 10 minutes de l’aéroport ...",https://www.mubawab-media.com/ad/8/339/666F/h/WhatsApp%20Image%202026-04-25%20at%2021.56.32%20%283%29_82348613.avif,15,2026-09-30
8421998,Dernier appartement 2 chambres à Ain Raha Mhamid,https://www.mubawab.ma/fr/a/8421998/dernier-appartement-2-chambres-%C3%A0-ain-raha-mhamid,Vente,Appartement,Marrakech,M'hamid,614 000 DH,614000,72m²,72,6 Pièces,2 Chambres,2 Salles de bains,"Garage, Ascenseur, Concierge, Salon Marocain, Salon européen, Climatisation, Sécurité, Double vitrage, Cuisine équipée, Four","Dernier appartement disponible – 2 chambres – Aïn Raha, M’Hamid À vendre, dernier appartement disponible parmi les 8 appartements de la résidence, situé dans le quartier Aïn Raha – M’Hamid. D’une superficie de 72 m² architecturale (67 m² cadastrale), cet appartement offre une conception moderne et fonctionnelle. Il se compose de : 2 chambres, dont une avec dressing Salon lumineux et spacieux Cuisine moderne aménagée 2 salles de bains Place de...",https://www.mubawab-media.com/ad/8/421/998F/h/WhatsApp_Image_2026-09-24_at_12.47.50_PM_83291024.avif,8,2026-09-30
8304912,Bel appartement à vendre à Mhamid. Superficie 83 m²,https://www.mubawab.ma/fr/pa/8304912/bel-appartement-%C3%A0-vendre-%C3%A0-mhamid-superficie-83-m%C2%B2,Vente,Appartement,Marrakech,M'hamid,620 000 DH,620000,83m²,83,5 Pièces,4 Chambres,2 Salles de bains,,"Bassatine Al M’Hamid est un projet immobilier résidentiel situé à Marrakech, sur le boulevard Guemassa, au cœur du quartier dynamique de M’Hamid. Ce projet propose des logements accessibles, bien pensés et idéalement situés, répondant aux besoins des familles d’aujourd’hui. Le projet propose des appartements à partir de 60 m², composés de 3 chambres + salon Points Fort du projet : proximité calme la qualité des constructions et des finition...",https://www.mubawab-media.com/ad/8/304/912F/h/salon%20m_001_81981762_81982130.avif,29,2026-09-30
8417015,Vente Appartement à m'hamid,https://www.mubawab.ma/fr/a/8417015/vente-appartement-%C3%A0-m-hamid,Vente,Appartement,Marrakech,M'hamid,630 000 DH,630000,60m²,60,3 Pièces,2 Chambres,1 Salle de bain,"Climatisation, Sécurité, Cuisine équipée","Vente d'un appartement de 60 m² sur Quartier M’Hamid, à Marrakech. Zineb SAMAA vous propose à la vente cet appartement d'une superficie de 60 m², idéalement situé au 1er étage d'une résidence calme et sécurisée dans le quartier agréable de M’Hamid à Marrakech. Proposé vide pour vous permettre de l'aménager selon vos goûts, l'intérieur se compose de deux chambres à coucher confortables, d'un salon accueillant, d'une cuisine équipée et d'un systè...",https://www.mubawab-media.com/ad/8/417/015F/h/d5a54d3fb5869ad27ac6_83236225.avif,11,2026-09-30
8394008,Vente Local à m'hamid,https://www.mubawab.ma/fr/a/8394008/vente-local-%C3%A0-m-hamid,Vente,Commerce,Marrakech,M'hamid,630 000 DH,630000,30m²,30,,,1 Salle de bain,"Garage, Chambre rangement","À Vendre : Magasin Commercial de 30 m² – M'Hamid, Marrakech. Zineb SAMAA vous propose à la vente un très bel espace commercial de 30 m², idéalement situé au cœur du quartier dynamique et très fréquenté de M'Hamid à Marrakech. Bénéficiant d'un emplacement stratégique offrant une excellente visibilité et un accès facile, ce local représente une opportunité idéale pour lancer votre activité professionnelle ou pour réaliser un investissement locati...",https://www.mubawab-media.com/ad/8/394/008F/h/1d7b0ba659ec302070b7_82988162.avif,2,2026-09-30
8398067,Appartement à vendre à Miftah atlas. 2 chambres. Bien meublé,https://www.mubawab.ma/fr/a/8398067/appartement-%C3%A0-vendre-%C3%A0-miftah-atlas-2-chambres-bien-meubl%C3%A9,Vente,Appartement,Marrakech,M'hamid,650 000 DH,650000,63m²,63,7 Pièces,2 Chambres,3 Salles de bains,"Meublé, Salon Marocain, Climatisation, Double vitrage, Cuisine équipée, Réfrigérateur, Four, Machine à laver, Micro-ondes","Situé au cœur de Marrakech, dans le quartier prisé de Mhamid cet appartement moderne de 63 m² offre un confort contemporain à seulement quelques pas des attractions locales. Niché au deuxième étage d'un immeuble relativement récent, construit il y a moins de cinq ans, le bien présente des sols en carrelage soigneusement posés dans toutes les pièces, ajoutant une touche de fraîcheur et de simplicité à l'ensemble. L'appartement se compose de deux...",https://www.mubawab-media.com/ad/8/398/067F/h/photo_00_83031633.avif,19,2026-09-30
8268634,Super magasin commercial à vendre,https://www.mubawab.ma/fr/a/8268634/super-magasin-commercial-%C3%A0-vendre,Vente,Commerce,Marrakech,M'hamid,650 000 DH,650000,36m²,36,,,1 Salle de bain,Chambre rangement,Magasin commercial à vendre à Ain Souna à Mhamid une zone immeuble 36 m2 2 façades,https://www.mubawab-media.com/ad/8/268/634F/h/Capture%20d%E2%80%99%C3%A9cran%202025-12-09%20113849_81594525.avif,1,2026-09-30
8219408,Appartement à l'achat à Mhamid. 2 belles chambres,https://www.mubawab.ma/fr/pa/8219408/appartement-%C3%A0-l-achat-%C3%A0-mhamid-2-belles-chambres,Vente,Appartement,Marrakech,M'hamid,656 001 DH,656001,82m²,82,3 Pièces,2 Chambres,2 Salles de bains,"Jardin, Garage, Cuisine équipée","Opportunité unique pour cet appartement à vendre. Prix 656 001 DH. 3 pièces, 2 salles de bains, 82 m². 2 chambres à coucher. Nouveau. Profitez d'un beau jardin. Dispose également d'un garage. Idéal si vous souhaitez acheter un appartement à Mhamid, Marrakech. Cuisine bien équipée",https://www.mubawab-media.com/ad/8/219/408F/h/24-09-24%20ASSERMOUH%20-%20Rendus%203D%20S2-S3_Page_1_81102772.avif,4,2026-09-30
8422436,"Appartement à vendre 85 m², 2 chambres Mhamid Marrakech",https://www.mubawab.ma/fr/a/8422436/appartement-%C3%A0-vendre-85-m%C2%B2-2-chambres-mhamid-marrakech,Vente,Appartement,Marrakech,M'hamid,660 000 DH,660000,85m²,85,,2 Chambres,2 Salles de bains,,"Idéal pour une vie de famille confortable, cet appartement de 85 m², situé au 3ème étage dans le quartier de Mhamid à Marrakech, offre une configuration agréable et fonctionnelle. Grâce à sa double orientation, dont un séjour exposé nord-est, l’appartement bénéficie d’une bonne ouverture et d’une atmosphère agréable. L’espace nuit profite également d’une orientation sud-est, apportant une séparation naturelle entre les espaces de vie et les cha...",https://www.mubawab-media.com/ad/8/422/436F/h/annonce-agenz-20260924T185712218Z-GeminiGeneratedImagencz0n7ncz0n7ncz0_83296145.avif,22,2026-09-30
8336710,Apparemens neuf a M'HAMID,https://www.mubawab.ma/fr/a/8336710/apparemens-neuf-a-m-hamid,Vente,Appartement,Marrakech,M'hamid,684 000 DH,684000,890m²,890,4 Pièces,2 Chambres,2 Salles de bains,"Terrasse, Garage, Ascenseur, Vue sur les montagnes, Concierge, Chambre rangement, Sécurité, Cuisine équipée",Programme neuf moyen standing M'HAMID livrable 2027 votre nouvelle adresse d'exception a M'HAMID Appartements de 72m2 a 86m2 cuisine équipée parking sous sol profiter d'un moyen standing dans une résidence sécurisée projet avec l'aide d'état,https://www.mubawab-media.com/ad/8/336/710F/h/WhatsApp%20Image%202026-04-21%20at%2012.15.12_82317311.avif,8,2026-09-30
8410578,À VENDRE: Appart 84m² 3 Chambres Berradi II Mhamid,https://www.mubawab.ma/fr/a/8410578/%C3%A0-vendre-appart-84m%C2%B2-3-chambres-berradi-ii-mhamid,Vente,Appartement,Marrakech,M'hamid,690 000 DH,690000,84m²,84,4 Pièces,3 Chambres,1 Salle de bain,"Façade extérieure, Salon Marocain","Votre nouveau chez-vous à BERRADI II - MHAMID ️ 84m² de confort au 2ème étage : 3 Grandes Chambres Salon spacieux Cuisine aérée et lumineuse Appartement personnel, très propre Prix : 690 000 DH Opportunité à ne pas rater dans un quartier prisé de Mhamid !Intéressé(e) ? Envoyez-nous un message pour visite#VenteAppartement #Berradi2 #BerradiIIMhamid #MhamidMarrakech #MarrakechImmobilier AppartementMarrakech ImmobilierMaroc",https://www.mubawab-media.com/ad/8/410/578F/h/photo_1_83212115.avif,6,2026-09-30
8346898,"Duplex à vendre 104 m², 3 chambres Mhamid Marrakech",https://www.mubawab.ma/fr/a/8346898/duplex-%C3%A0-vendre-104-m%C2%B2-3-chambres-mhamid-marrakech,Vente,Duplex,Marrakech,M'hamid,690 000 DH,690000,104m²,104,,3 Chambres,3 Salles de bains,"Ascenseur, Salon Marocain","Découvrez ce duplex lumineux et agréable, idéalement situé dans le quartier recherché de Mhamid à Marrakech. Offrant une surface de 104 m², il propose un cadre de vie confortable, parfaitement adapté à une famille ou à un projet d’investissement locatif. Installé au rez-de-chaussée d’une résidence fermée avec ascenseur, il garantit sécurité, praticité et accessibilité au quotidien. Bénéficiant d’une orientation Est, il profite d’une belle lumi...",https://www.mubawab-media.com/ad/8/346/898F/h/annonce-agenz-20260507T161055340Z-1000060025_82616266.avif,22,2026-09-30
7461641,Magasin de 50 m² en vente Dyour Al Masjid,https://www.mubawab.ma/fr/pa/7461641/magasin-de-50-m%C2%B2-en-vente-dyour-al-masjid,Vente,Appartement,Marrakech,M'hamid,700 000 DH,700000,50m²,50,,,1 Salle de bain,,"**LIVRAISON IMMEDIATE ** Dyour Al Masjid est un nouveau projet immobilier d'appartements et de commerces au sein de la ville ocre, en plein cœur du quartier M'hamid 9. Nous vous proposons des locaux commerciaux de toutes les tailles offrant une visibilité optimale sur la rue passante, qui s'adapteront parfaitement à votre projet d'investissement. Les titres fonciers et permis d'habiter sont disponibles !",https://www.mubawab-media.com/ad/7/461/641F/h/WhatsApp%20Image%202023-06-19%20at%2012.07.27_51207692_70228549.avif,4,2026-09-30
8423458,Bel appartement à vendre à Mhamid. 2 chambres agréables,https://www.mubawab.ma/fr/a/8423458/bel-appartement-%C3%A0-vendre-%C3%A0-mhamid-2-chambres-agr%C3%A9ables,Vente,Appartement,Marrakech,M'hamid,700 000 DH,700000,79m²,79,1 Pièce,2 Chambres,2 Salles de bains,"Terrasse, Garage, Salon Marocain, Climatisation, Sécurité, Cuisine équipée","Situé au sein de la résidence ESSAADIYINE 1 immeuble de 3 étages dans le quartier dynamique de Mhamid, dans la région de Marrakech-Safi, cet appartement de 79 m² présente de nombreuses caractéristiques attrayantes pour ceux qui recherchent un espace de vie confortable et bien situé. Le bâtiment, d'une solidité et d'un style qui reflètent ses 10 à 20 ans d'existence, abrite cet appartement au deuxième étage, offrant ainsi une accessibilité appréci...",https://www.mubawab-media.com/ad/8/423/458F/h/1000343136_83307136.avif,21,2026-09-30
8410569,Terrain de 70 m² semi commercial – Bouaakaz,https://www.mubawab.ma/fr/a/8410569/terrain-de-70-m%C2%B2-semi-commercial-%E2%80%93-bouaakaz,Vente,Terrain,Marrakech,M'hamid,730 000 DH,730000,70m²,70,,,,,"Terrain de 70 m², très bien situé à Bouaakaz – El Mhamid, autorisé en R2 avec garage au rez-de-chaussée. Semi-commercial R2 Garage au rez-de-chaussée Belle vue sur les montagnes de l’Atlas Proche de l’aéroport Marrakech-Ménara Emplacement idéal pour habitation ou investissement Je suis le propriétaire direct : vente sans intermédiaire et sans agence. Pour plus d’informations et le prix, merci de me contacter",https://www.mubawab-media.com/ad/8/410/569F/h/4f1221c3-30e9-4204-832b-42fe83c2c4e7_83163882.avif,1,2026-09-30
8304909,Bel appartement à vendre à Mhamid. Surface totale 87 m²,https://www.mubawab.ma/fr/pa/8304909/bel-appartement-%C3%A0-vendre-%C3%A0-mhamid-surface-totale-87-m%C2%B2,Vente,Appartement,Marrakech,M'hamid,740 000 DH,740000,87m²,87,5 Pièces,4 Chambres,2 Salles de bains,,"Bassatine Al M’Hamid est un projet immobilier résidentiel situé à Marrakech, sur le boulevard Guemassa, au cœur du quartier dynamique de M’Hamid. Ce projet propose des logements accessibles, bien pensés et idéalement situés, répondant aux besoins des familles d’aujourd’hui. Le projet propose des appartements à partir de 60 m², composés de 3 chambres + salon Points Fort du projet : proximité calme la qualité des constructions et des finition...",https://www.mubawab-media.com/ad/8/304/909F/h/salon%20m_001_81981762_81982033.avif,29,2026-09-30
8344059,Négociable grand appartement mhamid 8,https://www.mubawab.ma/fr/a/8344059/n%C3%A9gociable-grand-appartement-mhamid-8,Vente,Appartement,Marrakech,M'hamid,750 000 DH,750000,76m²,76,5 Pièces,2 Chambres,1 Salle de bain,"Terrasse, Garage, Ascenseur, Concierge, Chambre rangement, Façade extérieure, Antenne parabolique, Sécurité, Cuisine équipée",Contactez moi sur WhatsApp pour voir les vidéos complete. ️ Grand Appartement neuf jamais habité propre situé dans une résidence construite en 2020 il a une superficie de 76 m2. ️ Résidence propre calme avec caméra de surveillance ; ascenseur ; parking. ️ Le syndic est sérieux et offre un cadre sécurisant et confortable aux habitants. Cotisation des frais de syndic : 100 dhr mensuel . ️ L' appartement est situé au 3 ème étage avec ascen...,https://www.mubawab-media.com/ad/8/344/059F/h/photo_0_82397507.avif,6,2026-09-30
8323832,Appartement à acheter à Mhamid 9.100m,https://www.mubawab.ma/fr/a/8323832/appartement-%C3%A0-acheter-%C3%A0-mhamid-9-100m,Vente,Appartement,Marrakech,M'hamid,750 000 DH,750000,100m²,100,1 Pièce,4 Chambres,2 Salles de bains,Terrasse,"Appartement idéal à vendre. Prix 750 000 DH. 4 chambres, 2 salles de bains, surface 100 m². 1 espaces de vie. Moins d'1 an. Terrasse fantastique. Venez découvrir cet appartement à vendre à Mhamid, Marrakech",https://www.mubawab-media.com/ad/8/323/832F/h/photo_0_82179285.avif,8,2026-09-30
8182633,Vente Appartement à m'hamid,https://www.mubawab.ma/fr/a/8182633/vente-appartement-%C3%A0-m-hamid,Vente,Appartement,Marrakech,M'hamid,750 000 DH,750000,112m²,112,4 Pièces,3 Chambres,1 Salle de bain,Garage,"Je mets en vente un appartement de 112 m² situé à Mhamid, Marrakech, au 3ᵉ étage d’un immeuble sécurisé en R4 (4 appartements par étage). L’appartement dispose de deux façades offrant une belle luminosité, et se compose de deux chambres dont une suite parentale, d’un salon, d’un séjour, d’une cuisine et d’une salle de bain. Un parking extérieur est également disponible. Idéalement situé dans un quartier calme et proche de toutes commodités. Po...",https://www.mubawab-media.com/ad/8/182/633F/h/f7dadf5e74d16cef5f68_80688899.avif,9,2026-09-30
8398415,Appartement à vendre à Mhamid. Superficie 94 m². Terrasse et...,https://www.mubawab.ma/fr/a/8398415/appartement-%C3%A0-vendre-%C3%A0-mhamid-superficie-94-m%C2%B2-terrasse-et-ascenseur,Vente,Appartement,Marrakech,M'hamid,780 000 DH,780000,94m²,94,2 Pièces,2 Chambres,1 Salle de bain,"Terrasse, Ascenseur","Cet appartement moderne, situé dans le quartier de Mhamid dans le quartier animé de Ménara à Marrakech, offre un spacieux séjour de 94 m². Situé au troisième étage d'un bâtiment récemment construit, cette résidence allie commodité et design contemporain. L'appartement dispose de deux chambres de taille généreuse et d'une salle de bain bien équipée, répondant parfaitement aux besoins des familles et des investisseurs à la recherche de qualité et d...",https://www.mubawab-media.com/ad/8/398/415F/h/photo_02_83036537.avif,9,2026-09-30
8139740,Vente Local à m'hamid,https://www.mubawab.ma/fr/a/8139740/vente-local-%C3%A0-m-hamid,Vente,Commerce,Marrakech,M'hamid,780 000 DH,780000,34m²,34,,,,Chambre rangement,"Je mets en vente un magasin de 34 m², sans mezzanine, situé dans le quartier Mhamid à Marrakech. Ce magasin est idéale pour divers types d’activités. N’hésitez plus ! Organisez une visite ou obtenez plus d’informations. El Mahdi AIT EL HADJ",https://www.mubawab-media.com/ad/8/139/740F/h/f3eedef3eb5b597d828b_80246872.avif,2,2026-09-30
8315624,Duplex à l'achat à Mhamid. Confortables,https://www.mubawab.ma/fr/a/8315624/duplex-%C3%A0-l-achat-%C3%A0-mhamid-confortables,Vente,Duplex,Marrakech,M'hamid,800 000 DH,800000,92m²,92,3 Pièces,2 Chambres,2 Salles de bains,"Garage, Ascenseur, Concierge, Meublé, Climatisation, Chauffage central, Porte blindée","Découvrez cet appartement à vendre. Prix 800 000 DH. 2 chambres, 2 salles de bains, 92 m². Projet neuf. Revêtement: Parquet. Le prix meublé 900000dhs Venez découvrir cet appartement à vendre à Mhamid. Confort et sécurité avec service de conciergerie et climatisation. Profitez du confort du chauffage central. Porte d'entrée blindée. Programmez dès maintenant votre visite pour cet appartement d'exception à Marrakech. Ascenseur et garage dans l...",https://www.mubawab-media.com/ad/8/315/624F/h/photo_00_82096558.avif,22,2026-09-30
8304908,Superbe appartement à vendre à Mhamid. Surface totale 90 m²,https://www.mubawab.ma/fr/pa/8304908/superbe-appartement-%C3%A0-vendre-%C3%A0-mhamid-surface-totale-90-m%C2%B2,Vente,Appartement,Marrakech,M'hamid,801 000 DH,801000,90m²,90,5 Pièces,4 Chambres,2 Salles de bains,,"Bassatine Al M’Hamid est un projet immobilier résidentiel situé à Marrakech, sur le boulevard Guemassa, au cœur du quartier dynamique de M’Hamid. Ce projet propose des logements accessibles, bien pensés et idéalement situés, répondant aux besoins des familles d’aujourd’hui. Le projet propose des appartements à partir de 60 m², composés de 3 chambres + salon Points Fort du projet : proximité calme la qualité des constructions et des finition...",https://www.mubawab-media.com/ad/8/304/908F/h/salon%20m_001_81981762_81982002.avif,29,2026-09-30
8417235,"Appartement en vente à Mhamid, agréables. Bien meublé",https://www.mubawab.ma/fr/a/8417235/appartement-en-vente-%C3%A0-mhamid-agr%C3%A9ables-bien-meubl%C3%A9,Vente,Appartement,Marrakech,M'hamid,820 000 DH,820000,108m²,108,3 Pièces,2 Chambres,2 Salles de bains,"Chambre rangement, Meublé, Façade extérieure, Salon Marocain, Climatisation, Cuisine équipée, Réfrigérateur, Four, Machine à laver","Imposante appartement situé au cœur du quartier prisé de Mhamid, dans le district de Ménara à Marrakech. Ce bien de 108 m², vieux de seulement 5 à 10 ans, occupe le deuxième étage d'un immeuble à la façade extérieure saisissante, assurant un espace de vie lumineux grâce à son orientation au sud. Il comprend deux chambres spacieuses et deux salles de bains bien aménagées, parfait pour une famille ou des investisseurs cherchant une propriété attray...",https://www.mubawab-media.com/ad/8/417/235F/h/photo_0_83238601.avif,1,2026-09-30
8310002,Grand Appartement Mhamid Avenue Nakhil,https://www.mubawab.ma/fr/a/8310002/grand-appartement-mhamid-avenue-nakhil,Vente,Appartement,Marrakech,M'hamid,820 000 DH,820000,126m²,126,2 Pièces,2 Chambres,2 Salles de bains,"Terrasse, Chambre rangement, Meublé, Façade extérieure, Salon Marocain, Salon européen, Antenne parabolique, Climatisation, Chauffage central, Sécurité, Double vitrage, Porte blindée, Cuisine équipée, Réfrigérateur, Four, Machine à laver, Micro-ondes","Salut, nous vous présentons un bel appartement d'une superficie de 98 m2 à El Mhamid, sur la rue El Nakhil, près de Nahda, au deuxième étage sans ascenseur, pour location meublée 5000 dirhams à vendre 820000 dirhams 0662431377",https://www.mubawab-media.com/ad/8/310/002F/h/20260223_143707%7E2_82034870.avif,16,2026-09-30
7677943,Magasin de 56 m² en vente Dyour Al Masjid,https://www.mubawab.ma/fr/pa/7677943/magasin-de-56-m%C2%B2-en-vente-dyour-al-masjid,Vente,Appartement,Marrakech,M'hamid,840 000 DH,840000,56m²,56,,,1 Salle de bain,,"*** LIVRAISON IMMEDIATE *** Dyour Al Masjid est un nouveau projet immobilier d'appartements et de commerces au sein de la ville ocre, en plein cœur du quartier M'hamid 9. Nous vous proposons des locaux commerciaux de toutes les tailles offrant une visibilité optimale sur la rue passante, qui s'adapteront parfaitement à votre projet d'investissement. Les titres fonciers et permis d'habiter sont disponibles !",https://www.mubawab-media.com/ad/7/677/943F/h/WhatsApp%20Image%202023-06-19%20at%2012.07.27_51207693.avif,7,2026-09-30
8374278,Bel appartement à vendre à Mhamid. 4 grandes pièces. Porte b...,https://www.mubawab.ma/fr/a/8374278/bel-appartement-%C3%A0-vendre-%C3%A0-mhamid-4-grandes-pi%C3%A8ces-porte-blind%C3%A9e-s%C3%A9curit%C3%A9,Vente,Appartement,Marrakech,M'hamid,840 000 DH,840000,80m²,80,4 Pièces,3 Chambres,2 Salles de bains,"Ascenseur, Concierge, Chambre rangement, Façade extérieure, Climatisation, Sécurité, Double vitrage, Porte blindée, Cuisine équipée","Cet appartement spacieux, situé dans le quartier Mhamid de Marrakech, offre une superficie de 80 m² et se trouve au premier étage d’un immeuble moderne. L'immeuble est doté d'un ascenseur et d'un service de conciergerie, garantissant commodité et sécurité à ses résidents. La propriété, âgée de 1 à 5 ans, comprend trois pièces principales et deux salles de bains modernes. Les sols en marbre se déploient gracieusement dans tout l'espace principal...",https://www.mubawab-media.com/ad/8/374/278F/h/photo_1_82766904.avif,8,2026-09-30
8258811,Appartement à vendre de 3Ch à M'Hamid de 92m²,https://www.mubawab.ma/fr/a/8258811/appartement-%C3%A0-vendre-de-3ch-%C3%A0-m-hamid-de-92m%C2%B2,Vente,Appartement,Marrakech,M'hamid,850 000 DH,850000,92m²,92,4 Pièces,3 Chambres,1 Salle de bain,"Garage, Ascenseur, Concierge, Salon Marocain, Antenne parabolique, Climatisation, Cuisine équipée","À vendre, un agréable appartement situé dans le quartier calme et recherché de M'Hamid, offrant une superficie de 92m² bien agencés. Il se compose de : 3 chambres lumineuses, idéales pour une famille ou un jeune couple Un salon spacieux, parfait pour recevoir ou se détendre Une cuisine équipée, fonctionnelle et moderne Une salle de bain Une toilette pour invités, pratique et indépendante Cet appartement représente une belle opportunité pou...",https://www.mubawab-media.com/ad/8/258/811F/h/photo_06_81475646.avif,16,2026-09-30
8321049,Lot de 113m2 à M'hamid 1 à vendre,https://www.mubawab.ma/fr/a/8321049/lot-de-113m2-%C3%A0-m-hamid-1-%C3%A0-vendre,Vente,Terrain,Marrakech,M'hamid,850 000 DH,850000,113m²,113,,,,,"je met en vente un lot de terrain de 113m2 à M'hamid 1 Marrakech situé à 600m de l'aéroport international de Marrakech Menara, plate forme et façade déjà construites. à proximité du café alboughaz.",https://www.mubawab-media.com/ad/8/321/049F/h/1000058726_82150737.avif,2,2026-09-30
8304913,Bel appartement à vendre à Mhamid. Superficie 97 m²,https://www.mubawab.ma/fr/pa/8304913/bel-appartement-%C3%A0-vendre-%C3%A0-mhamid-superficie-97-m%C2%B2,Vente,Appartement,Marrakech,M'hamid,857 800 DH,857800,97m²,97,5 Pièces,4 Chambres,2 Salles de bains,,"Bassatine Al M’Hamid est un projet immobilier résidentiel situé à Marrakech, sur le boulevard Guemassa, au cœur du quartier dynamique de M’Hamid. Ce projet propose des logements accessibles, bien pensés et idéalement situés, répondant aux besoins des familles d’aujourd’hui. Le projet propose des appartements à partir de 60 m², composés de 3 chambres + salon Points Fort du projet : proximité calme la qualité des constructions et des finition...",https://www.mubawab-media.com/ad/8/304/913F/h/salon%20m_001_81981762_81982157.avif,29,2026-09-30
8343006,Vente d'un bel appartement à Hay Annahda. 2 pièces. Ascenseu...,https://www.mubawab.ma/fr/a/8343006/vente-d-un-bel-appartement-%C3%A0-hay-annahda-2-pi%C3%A8ces-ascenseur,Vente,Appartement,Marrakech,M'hamid,860 000 DH,860000,77m²,77,2 Pièces,3 Chambres,2 Salles de bains,"Garage, Ascenseur, Façade extérieure","Faites une belle affaire en achetant cet appartement. Prix 860 000 DH. 3 chambres, 2 salles de bains, superficie 77 m². 2 pièces. Moins de 10 ans. Type de sol: Carrelage. Avec ascenseur. Venez découvrir cet appartement à vendre à Hay Mhamid Marrakech",https://www.mubawab-media.com/ad/8/343/006F/h/photo_0_82386291.avif,3,2026-09-30
8025011,Lot de terrain a vendre a mhamid 2 marrakech,https://www.mubawab.ma/fr/a/8025011/lot-de-terrain-a-vendre-a-mhamid-2-marrakech,Vente,Terrain,Marrakech,M'hamid,864 000 DH,864000,108m²,108,,,,,"JE METS EN VENTE UN LOT DE TERRAIN DE 108M2 A MARRAKECH MENARA MHAMID 2, TITRE, TROIS FACADES (SUD EST NORD), ZONE R2",https://www.mubawab-media.com/ad/8/025/011F/h/WhatsApp%20Image%202024-12-17%20at%2000.31.36_79436022.avif,1,2026-09-30
8304910,Vend appartement à Mhamid. Surface totale 99 m²,https://www.mubawab.ma/fr/pa/8304910/vend-appartement-%C3%A0-mhamid-surface-totale-99-m%C2%B2,Vente,Appartement,Marrakech,M'hamid,871 200 DH,871200,99m²,99,5 Pièces,4 Chambres,2 Salles de bains,,"Bassatine Al M’Hamid est un projet immobilier résidentiel situé à Marrakech, sur le boulevard Guemassa, au cœur du quartier dynamique de M’Hamid. Ce projet propose des logements accessibles, bien pensés et idéalement situés, répondant aux besoins des familles d’aujourd’hui. Le projet propose des appartements à partir de 60 m², composés de 3 chambres + salon Points Fort du projet : proximité calme la qualité des constructions et des finition...",https://www.mubawab-media.com/ad/8/304/910F/h/salon%20m_001_81981762_81982060.avif,29,2026-09-30
8361865,Terrain titré prix imbattable,https://www.mubawab.ma/fr/a/8361865/terrain-titr%C3%A9-prix-imbattable,Vente,Villa,Marrakech,M'hamid,900 000 DH,900000,70000m²,70000,,,,,"Terrain de 7 hectares (70 000 m²) entièrement titré très bien situé à seulement 5 km de M'hamid (Marrakech). ​Ce terrain est idéal pour construire un projet de villas ou un complexe touristique (hôtel, maison d'hôtes, etc.) ​Pour plus d'informations contactez-moi directement ​",https://www.mubawab-media.com/ad/8/361/865F/h/1000124683_82592518.avif,1,2026-09-30
8402251,Terrain 90m² R3 – 2 commerces cave,https://www.mubawab.ma/fr/a/8402251/terrain-90m%C2%B2-r3-%E2%80%93-2-commerces-cave,Vente,Terrain,Marrakech,M'hamid,950 000 DH,950000,90m²,90,,,,,"# Terrain à vendre – Askjour / Mhamid – Marrakech À vendre, terrain de **90 m²** situé à **Askjour, à proximité de Mhamid – Marrakech**. Le terrain bénéficie d’un **potentiel de construction R3** et constitue une excellente opportunité pour un projet immobilier et commercial. ### Caractéristiques : * Superficie : **90 m²** * Construction : **R3** * **2 locaux commerciaux au rez-de-chaussée** * **Cave** * Idéal pour investissement...",https://www.mubawab-media.com/ad/8/402/251F/h/photo_0_82108854_83074922.avif,1,2026-09-30
8424469,Appartement à vendre avec ascenseur M’hamid,https://www.mubawab.ma/fr/a/8424469/appartement-%C3%A0-vendre-avec-ascenseur-m%E2%80%99hamid,Vente,Appartement,Marrakech,M'hamid,980 000 DH,980000,100m²,100,5 Pièces,3 Chambres,2 Salles de bains,"Terrasse, Ascenseur, Concierge, Salon Marocain, Salon européen, Antenne parabolique, Climatisation, Chauffage central, Double vitrage, Cuisine équipée, Machine à laver",Appartement à vendre à mhamid,https://www.mubawab-media.com/ad/8/424/469F/h/IMG_5357_83318104.avif,12,2026-09-30
8399896,Duplex style riad a vendre a Marrakech,https://www.mubawab.ma/fr/a/8399896/duplex-style-riad-a-vendre-a-marrakech,Vente,Riad,Marrakech,M'hamid,980 000 DH,980000,110m²,110,3 Pièces,3 Chambres,3 Salles de bains,"Jardin, Terrasse, Ascenseur, Concierge, Façade extérieure, Salon Marocain, Salon européen, Antenne parabolique, Climatisation, Sécurité, Porte blindée",Le duplex comprend 3 pieces 3 salles de bain 3 ch jardin placards castres > M'hamid pres de l'aeroport Menara .Le prix est negociable,https://www.mubawab-media.com/ad/8/399/896F/h/WhatsApp%20Image%202026-07-28%20at%207.47.30%20PM%20%281%29_83050718.avif,1,2026-09-30
8391210,Appartement en vente à Mhamid. 4 pièces confortables. Porte...,https://www.mubawab.ma/fr/a/8391210/appartement-en-vente-%C3%A0-mhamid-4-pi%C3%A8ces-confortables-porte-blind%C3%A9e-et-syst%C3%A8me-de-double-vitrage,Vente,Appartement,Marrakech,M'hamid,1 000 000 DH,1000000,99m²,99,4 Pièces,3 Chambres,2 Salles de bains,"Terrasse, Ascenseur, Concierge, Chambre rangement, Façade extérieure, Salon Marocain, Climatisation, Sécurité, Double vitrage, Porte blindée, Cuisine équipée","Ce superbe appartement à vendre est situé dans le quartier prisé de Mhamid, dans la ville dynamique de Marrakech, région de Marrakech-Safi. Avec une surface généreuse de 99 m², il offre un espace de vie moderne et lumineux. Situé au premier étage d'un immeuble doté d'un ascenseur, cet appartement combine confort moderne et praticité. L’intérieur se distingue par un design soigné et contemporain. La cuisine est tout équipée, offrant un espace fon...",https://www.mubawab-media.com/ad/8/391/210F/h/photo_0_82954843.avif,20,2026-09-30
8377764,Bel appartement à vendre à Mhamid. Surface totale 130 m². Po...,https://www.mubawab.ma/fr/a/8377764/bel-appartement-%C3%A0-vendre-%C3%A0-mhamid-surface-totale-130-m%C2%B2-porte-blind%C3%A9e-et-r%C3%A9sidence-s%C3%A9curis%C3%A9e,Vente,Appartement,Marrakech,M'hamid,1 100 000 DH,1100000,130m²,130,5 Pièces,3 Chambres,2 Salles de bains,"Concierge, Chambre rangement, Façade extérieure, Salon Marocain, Salon européen, Sécurité, Double vitrage, Porte blindée, Cuisine équipée","Cet appartement moderne à vendre est situé dans le quartier recherché de Mhamid, à Marrakech, dans la région de Marrakech-Safi. Il offre une surface généreuse de 130 m² et se trouve au troisième étage d'un immeuble bien entretenu, avec une construction récente datant de 1 à 5 ans. Vous y trouverez trois chambres spacieuses et deux salles de bain. Dès l'entrée, l'élégance de l'appartement est soulignée par des sols en marbre qui s'étendent sur l'...",https://www.mubawab-media.com/ad/8/377/764F/h/photo_0_82807926.avif,21,2026-09-30
8381849,Bel appartement à vendre à Mhamid. 3 jolies chambres. Balcon,https://www.mubawab.ma/fr/a/8381849/bel-appartement-%C3%A0-vendre-%C3%A0-mhamid-3-jolies-chambres-balcon,Vente,Appartement,Marrakech,M'hamid,1 100 000 DH,1100000,125m²,125,3 Pièces,3 Chambres,2 Salles de bains,Terrasse,"Cet appartement exquis est situé dans le quartier vibrant de Ménara, au cœur de la ville animée de Marrakech. S'étendant sur 125 m², la propriété est située au troisième étage et présente un design moderne avec un revêtement en carrelage dans tout l'espace, reflétant son attrait contemporain. L'appartement offre trois chambres spacieuses et deux salles de bains bien équipées, toutes de moins d'un an, promettant des normes de construction récentes...",https://www.mubawab-media.com/ad/8/381/849F/h/photo_01_82853232.avif,12,2026-09-30
8366123,Vend local commercial à Mhamid. Superficie 30 m²,https://www.mubawab.ma/fr/a/8366123/vend-local-commercial-%C3%A0-mhamid-superficie-30-m%C2%B2,Vente,Commerce,Marrakech,M'hamid,1 100 000 DH,1100000,30m²,30,,,1 Salle de bain,,"Ce local commercial à vendre est idéalement situé sur l'avenue Mhamid, dans le quartier Ménara de Marrakech. Établi sur une superficie de 30 m², il offre un espace fonctionnel et bien agencé, avec des sols en carreaux qui assurent une ambiance propre et professionnelle. La propriété, qui a entre 10 et 20 ans d'ancienneté, est en bon état et représente un investissement judicieux pour les entrepreneurs et commerçants cherchant à établir ou à étend...",https://www.mubawab-media.com/ad/8/366/123F/h/photo_10_82679698.avif,2,2026-09-30
8287087,Vente Appartement à m'hamid,https://www.mubawab.ma/fr/a/8287087/vente-appartement-%C3%A0-m-hamid,Vente,Duplex,Marrakech,M'hamid,1 100 000 DH,1100000,148m²,148,5 Pièces,4 Chambres,2 Salles de bains,"Terrasse, Chambre rangement, Sécurité","Je mets en vente un magnifique duplex de 148 m² situé au sein d'une résidence fermée et sécurisée à Mhamid 9. Ce bien, offrant confort et praticité, est parfaitement agencé sur deux niveaux : Rez-de-chaussée (75 m²) : Un salon lumineux, un petit séjour, une chambre, une cuisine, une salle de bain ainsi qu'un débarras pour plus de rangement. Étage (73 m²) : Une suite parentale avec dressing, une seconde chambre avec balcon, et une troisième cha...",https://www.mubawab-media.com/ad/8/287/087F/h/0ee80d0d2ffbcb388a57_81791704.avif,13,2026-09-30
8361221,Terrain à vendre 351 m² Mhamid Marrakech,https://www.mubawab.ma/fr/a/8361221/terrain-%C3%A0-vendre-351-m%C2%B2-mhamid-marrakech,Vente,Villa,Marrakech,M'hamid,1 250 000 DH,1250000,351m²,351,,,,,"Idéal pour la réalisation d'une villa sur mesure, ce terrain de 351 m² situé à Mhamid, Marrakech, bénéficie d'un environnement calme et recherché. Parfaitement adapté à un projet de villa individuelle, il permet de concevoir une résidence personnalisée alliant confort, intimité et qualité de vie. Ce terrain est une opportunité rare pour les investisseurs et les futurs propriétaires souhaitant s'installer dans un secteur prometteur. Son emplace...",https://www.mubawab-media.com/ad/8/361/221F/h/annonce-agenz-20260608T100545934Z-PancarteBoutaina2_82585762.avif,2,2026-09-30
8173431,Vente Maison à m'hamid,https://www.mubawab.ma/fr/a/8173431/vente-maison-%C3%A0-m-hamid,Vente,Maison,Marrakech,M'hamid,1 300 000 DH,1300000,103m²,103,,,,"Jardin, Terrasse, Garage","Je mets en vente une maison R1 avec possibilité d’extension en R2, située dans le quartier en plein essor d’Adrar Mhamid à Marrakech. Cette propriété offre un fort potentiel d’aménagement, idéale pour une résidence familiale ou un projet locatif rentable. Au rez-de-chaussée, elle se compose d’une chambre avec placard, d’un salon lumineux, d’une cuisine fonctionnelle, d’une toilette indépendante, d’une cour privée, ainsi que d’une porte d’entrée...",https://www.mubawab-media.com/ad/8/173/431F/h/a43b3e6020c17fffae46_80595896.avif,12,2026-09-30
8258053,Vente Terrain nu à m'hamid,https://www.mubawab.ma/fr/a/8258053/vente-terrain-nu-%C3%A0-m-hamid,Vente,Villa,Marrakech,M'hamid,1 300 000 DH,1300000,351m²,351,,,,,"Je mets en vente un terrain de 351 m² idéal pour la construction d'une villa dans le quartier de M'Hamid à Marrakech. Ce terrain bénéficie d'un emplacement exceptionnel avec trois (3) façades, assurant une excellente luminosité et de multiples possibilités architecturales. Il est proche de toutes les commodités. Contactez-moi pour plus de renseignements. El Mahdi AIT EL HADJ",https://www.mubawab-media.com/ad/8/258/053F/h/05afbb7cab4564eaa7ac_81467613.avif,2,2026-09-30
8354597,Café entièrement équipé à vendre,https://www.mubawab.ma/fr/a/8354597/caf%C3%A9-enti%C3%A8rement-%C3%A9quip%C3%A9-%C3%A0-vendre,Vente,Autre,Marrakech,M'hamid,1 300 000 DH,1300000,42m²,42,,,1 Salle de bain,"Climatisation, Sécurité, Cuisine équipée","Coffee shop avec mezzanine et terrasse situé dans un quartier résidentiel moderne et dynamique à Mhamid 9 Marrakech. Le local est vendu entièrement équipé et prêt à exploiter immédiatement. Caractéristiques : Surface : 40 m² mezzanine Terrasse exploitable Équipement inclus Belle visibilité Quartier résidentiel avec passage Facilité de stationnement Activité prête à fonctionner Idéal pour : coffee shop moderne, brunch, snack premium...",https://www.mubawab-media.com/ad/8/354/597F/h/1000005554_82513140.avif,6,2026-09-30
8230956,Lot de terrain à vendre 127 m² Marrakech,https://www.mubawab.ma/fr/a/8230956/lot-de-terrain-%C3%A0-vendre-127-m%C2%B2-marrakech,Vente,Terrain,Marrakech,M'hamid,1 300 000 DH,1300000,127m²,127,,,,,Lot de terrain à vendre situé au Lotissement Abraj menara 1 Mhamid 9. 127 m² en R2. Tijari Chouka. Croisement de deux rue de 20 m avec un recule de plus d'une autre 20 m. En face des immeubles Addoha et une mosquée pas encore construite. Quartier neuf avec un potentiel commercial attractif. Le bien est en première main. A dix minutes de l'aéroport. Le bien est titré et enregistré. Prix 1 300 000 dhs,https://www.mubawab-media.com/ad/8/230/956F/h/1000300951_81189884.avif,7,2026-09-30
8407335,Terrain à vendre à Mhamid. Surface totale 160 m²,https://www.mubawab.ma/fr/a/8407335/terrain-%C3%A0-vendre-%C3%A0-mhamid-surface-totale-160-m%C2%B2,Vente,Appartement,Marrakech,M'hamid,1 400 000 DH,1400000,160m²,160,,,,,À VENDRE – Terrain exceptionnel à Marrakech Localisation : Lotissement Al Mhamid 9 – à seulement 15 minutes du centre-ville et 10 minutes de l’aéroport international de Marrakech. •Superficie : 160 m² •Autorisation : Construction d’un immeuble R3 •Programme approuvé : 7 appartements 3 locaux commerciaux •Atouts : •Emplacement stratégique dans une zone en plein développement •Forte valeur ajoutée pour un projet résidentiel et commercial •Ac...,https://www.mubawab-media.com/ad/8/407/335F/h/photo_01_83129612.avif,1,2026-09-30
8212439,Trouvez votre ferme à acheter à Mhamid. Surface totale 1738...,https://www.mubawab.ma/fr/a/8212439/trouvez-votre-ferme-%C3%A0-acheter-%C3%A0-mhamid-surface-totale-1738-m%C2%B2-garage-priv%C3%A9,Vente,Maison,Marrakech,M'hamid,1 400 000 DH,1400000,1738m²,1738,,2 Chambres,,"Garage, Chambre rangement","Un terrain avec 2 maisons, jardins et piscine à vendre. 1) Maison moderne (rez-de-chaussée) avec un salon, 2 chambres à coucher, un large hall d'entrée, terrasse extérieure carrelée (carrelage beldi) Jardinet avec 2 jeunes palmiers, 2 vignes, citronnier et quelques autres arbres fruitiers, salle de douche avec tadelakt (le tout est très spacieux), cuisine ouverte équipée blanche faite sur mesure. Maison ensoleillée avec grandes fenêtres couli...",https://www.mubawab-media.com/ad/8/212/439F/h/photo_0_80988702.avif,24,2026-09-30
8382794,"Maison à vendre 80 m², 5 chambres Mhamid Marrakech",https://www.mubawab.ma/fr/a/8382794/maison-%C3%A0-vendre-80-m%C2%B2-5-chambres-mhamid-marrakech,Vente,Maison,Marrakech,M'hamid,1 650 000 DH,1650000,80m²,80,,5 Chambres,2 Salles de bains,"Terrasse, Garage, Salon Marocain","Idéale pour une vie de famille, cette maison de 260 m² édifiée sur un terrain de 80 m² située à Mhamid, Marrakech, bénéficie d'une double orientation avec un séjour exposé au sud et un espace nuit orienté Est offrant une luminosité optimale. Répartie sur 4 niveaux, elle propose des espaces de vie généreux et une organisation pensée pour garantir confort, intimité et convivialité au quotidien. Configuration par étage : Rez-de-chaussée : - U...",https://www.mubawab-media.com/ad/8/382/794F/h/annonce-agenz-20260714T130529634Z-GeminiGeneratedImageqdned8qdned8qdne_82863418.avif,22,2026-09-30
8064081,"Maison vide à vendre à Mhamid AV. Annakhil, Marrakech — 2 fa...",https://www.mubawab.ma/fr/a/8064081/maison-vide-%C3%A0-vendre-%C3%A0-mhamid-av-annakhil-marrakech-%E2%80%94-2-fa%C3%A7ades-%E2%80%94-109-m%C2%B2,Vente,Maison,Marrakech,M'hamid,1 700 000 DH,1700000,109m²,109,7 Pièces,2 Chambres,2 Salles de bains,"Terrasse, Garage, Vue sur les montagnes, Cuisine équipée","L’Immobilier Sans Frontières vous propose à la vente cette maison vide située à Mhamid AV. Annakhil, Marrakech. La surface communiquée est de 109 m². La maison est indiquée comme une maison de 2 façades avec garage et terrasse. Cette maison se compose de : Rez-de-chaussée: Salon - Séjour - Chambre avec placard - Cuisine équipée - Salle de bain Étage: 2 Salons - Séjour - Chambre avec placard - Cuisine équipée avec balcon - Salle de ba...",https://www.mubawab-media.com/ad/8/064/081F/h/0%20image%20a%20la%20une_82168463.avif,18,2026-09-30
8396637,Terrain pour villa R1 à Mhamid Marrakech 200m²,https://www.mubawab.ma/fr/a/8396637/terrain-pour-villa-r1-%C3%A0-mhamid-marrakech-200m%C2%B2,Vente,Villa,Marrakech,M'hamid,1 790 000 DH,1790000,200m²,200,,,,,à vendre un terrain pour villa R1 de 200m² au prix de 1 790 000 dirhams,https://www.mubawab-media.com/ad/8/396/637F/h/IMG_5255_83016057.avif,1,2026-09-30
8328175,Lot commercial sur boulevard 40 m,https://www.mubawab.ma/fr/a/8328175/lot-commercial-sur-boulevard-40-m,Vente,Autre,Marrakech,M'hamid,1 800 000 DH,1800000,100m²,100,,,,,Lot commercial 100 M2 R2 avec possibilité de cave Mhamid ain Raha Blvd en face de l établissement CHKILI,https://www.mubawab-media.com/ad/8/328/175F/h/Sans%20titre_82228497.avif,1,2026-09-30
8228168,Vente Maison à m'hamid,https://www.mubawab.ma/fr/a/8228168/vente-maison-%C3%A0-m-hamid,Vente,Maison,Marrakech,M'hamid,1 900 000 DH,1900000,120m²,120,8 Pièces,6 Chambres,2 Salles de bains,,"Je mets en vente une maison R2 titrée, d’une superficie de 120 m², située dans le quartier Al Mhamid – Maâtallah, à Marrakech. Elle se compose de 6 chambres, de deux salons, de deux salles de bains et d’une cuisine. Bien placée et offrant un fort potentiel, cette propriété constitue une excellente opportunité pour habitation ou investissement. Pour plus d’informations ou pour organiser une visite, n’hésitez pas à me contacter. Amine HADDANI. ...",https://www.mubawab-media.com/ad/8/228/168F/h/1db5162755a71480ab5f_81157586.avif,9,2026-09-30
8262536,"Maison à vendre 120 m², 6 chambres Mhamid Marrakech",https://www.mubawab.ma/fr/a/8262536/maison-%C3%A0-vendre-120-m%C2%B2-6-chambres-mhamid-marrakech,Vente,Maison,Marrakech,M'hamid,2 100 000 DH,2100000,120m²,120,,6 Chambres,3 Salles de bains,"Jardin, Terrasse","Découvrez cette charmante maison située dans le quartier prisé de Mhamid à Marrakech, idéale pour ceux qui recherchent un espace de vie confortable et spacieux. Avec une architecture bien pensée, cette propriété se développe sur plusieurs niveaux et offre une belle variété d'espaces pour recevoir et profiter en famille ou entre amis. Sa configuration permet d'accueillir une grande famille tout en garantissant à chacun son intimité grâce à ses...",https://www.mubawab-media.com/ad/8/262/536F/h/annonce-agenz-2025-06-10T173236-317Z-20250610_173737_81523808.avif,22,2026-09-30
8365018,Belle maison à vendre sur Mhamid,https://www.mubawab.ma/fr/a/8365018/belle-maison-%C3%A0-vendre-sur-mhamid,Vente,Maison,Marrakech,M'hamid,2 200 000 DH,2200000,102m²,102,12 Pièces,4 Chambres,3 Salles de bains,"Jardin, Garage, Chambre rangement, Entre-seul, Salon Marocain, Salon européen, Antenne parabolique, Climatisation, Cuisine équipée","A vendre : belle maison située à Marrakech, dans une résidence fermée avec gardiennage à Mhamid 7. La maison bénéficie d’une excellente exposition, sans vis-à-vis, avec une agréable vue sur un jardin privé, idéal pour vos moments de détente. Elle est en bon état et dispose d’un garage couvert dans un parking sécurisé. Située dans un emplacement stratégique, la maison est proche des écoles, des commerces et des moyens de transport. Elle se com...",https://www.mubawab-media.com/ad/8/365/018F/h/IMG-20260614-WA0003_82665142.avif,7,2026-09-30
8319465,Espace commercial à acheter à Mhamid. Surface totale de 60 m...,https://www.mubawab.ma/fr/a/8319465/espace-commercial-%C3%A0-acheter-%C3%A0-mhamid-surface-totale-de-60-m%C2%B2,Vente,Autre,Marrakech,M'hamid,2 200 000 DH,2200000,60m²,60,,,2 Salles de bains,,"Espace commercial à vendre. Prix 2 2200 000 DH. 2 salles de bain, surface de 60 m². Moins de 5 ans. محلات تجارية كبيرة تقع بالقرب من سوق نموذج محاميد 9 Venez voir cet espace à vendre à Mhamid, Marrakech",https://www.mubawab-media.com/ad/8/319/465F/h/photo_0_82135882.avif,13,2026-09-30
8325959,Très belle Maison à vendre a Ain Esouna Mhamid,https://www.mubawab.ma/fr/a/8325959/tr%C3%A8s-belle-maison-%C3%A0-vendre-a-ain-esouna-mhamid,Vente,Maison,Marrakech,M'hamid,2 300 000 DH,2300000,80m²,80,6 Pièces,4 Chambres,3 Salles de bains,"Terrasse, Vue sur les montagnes, Chambre rangement, Entre-seul, Salon Marocain, Salon européen, Antenne parabolique, Climatisation, Double vitrage","Opportunité unique pour cette maison à vendre. Prix 2 300 000 DH. 4 chambres, 3 salles de bains, 80 m². 6 pièces lumineuses. Et deux garages commercial Moins de 5 ans. Type de sol: Carrelage. Profitez du confort du double vitrage. En prime, une magnifique vue sur les montagnes. Venez découvrir cette maison à vendre à Ain Esouna Mhamid. Décoration moderne avec beau salon marocain. Le bien est également équipé d'une antenne parabolique. Confortabl...",https://www.mubawab-media.com/ad/8/325/959F/h/photo_0_82204685.avif,32,2026-09-30
8220575,Maison 95m² à vendre Mhamid 3 Marrakech,https://www.mubawab.ma/fr/a/8220575/maison-95m%C2%B2-%C3%A0-vendre-mhamid-3-marrakech,Vente,Appartement,Marrakech,M'hamid,2 300 000 DH,2300000,95m²,95,8 Pièces,4 Chambres,4 Salles de bains,"Jardin, Terrasse, Salon Marocain, Salon européen, Antenne parabolique, Climatisation, Sécurité, Double vitrage, Porte blindée, Cuisine équipée, Réfrigérateur, Four, Machine à laver, Micro-ondes","Très jolie maison de 95 m² à vendre 330 m² Bâtis à MHAMID 3 Marrakech à côté de L'établissent Scolaire CHKILI. A 10 minutes de l'aéroport. .récemment rénovée..se compose d'un Rez de chaussée , 2 étages , et une terrasse avec un petit appartement très bien équipé. Rez de chaussée : se compose de 2 chambres , un salon , une cuisine , une toilette et douche ,une cour. 1 er étage : se compose d'un grand salon très spacieux , un autre salon , une cham...",https://www.mubawab-media.com/ad/8/220/575F/h/maison%2095m%C2%B2%20mhamid3%2010_81076919.avif,13,2026-09-30
8407836,Maison à acheter à Mhamid. 4 chambres agréables. Garage priv...,https://www.mubawab.ma/fr/a/8407836/maison-%C3%A0-acheter-%C3%A0-mhamid-4-chambres-agr%C3%A9ables-garage-priv%C3%A9,Vente,Appartement,Marrakech,M'hamid,2 400 000 DH,2400000,111m²,111,6 Pièces,4 Chambres,4 Salles de bains,Garage,"Maison d’une superficie de 126 m², située à Mhamid 7 – Marrakech, composée de deux appartements au premier et au deuxième étage, ainsi que de deux locaux commerciaux au rez-de-chaussée. Chaque appartement et chaque local commercial dispose de compteurs d’eau et d’électricité indépendants, ainsi que d’un titre foncier indépendant. Pour plus d’informations : 212 7 07 96 42 90",https://www.mubawab-media.com/ad/8/407/836F/h/1000032869_83133621.avif,1,2026-09-30
8340891,Maison Commercial à vendre à M'hamid Marrakech,https://www.mubawab.ma/fr/a/8340891/maison-commercial-%C3%A0-vendre-%C3%A0-m-hamid-marrakech,Vente,Appartement,Marrakech,M'hamid,2 400 000 DH,2400000,90m²,90,3 Pièces,2 Chambres,2 Salles de bains,"Jardin, Terrasse, Garage, Vue sur les montagnes, Chambre rangement, Entre-seul, Salon Marocain, Antenne parabolique, Porte blindée, Cuisine équipée","Située dans le quartier dynamique de Mhamid à Marrakech, cette maison en R2 offre un excellent potentiel pour un projet résidentiel et commercial, avec des espaces bien agencés et fonctionnels. Rez-de-chaussée : * Garage à usage commercial * 2 appartements indépendants 1er étage : * Appartement composé de : * 2 chambres * 1 suite parentale avec salle de bain privée * Salon * Cuisine équipée * Cour 2ème étage : * Appartement simil...",https://www.mubawab-media.com/ad/8/340/891F/h/25420f23-9862-4795-9099-4e85da42ab2c_82362319.avif,17,2026-09-30
8214447,"Maison à vendre Panneaux solaires Mhamid, Marrakech",https://www.mubawab.ma/fr/a/8214447/maison-%C3%A0-vendre-panneaux-solaires-mhamid-marrakech,Vente,Maison,Marrakech,M'hamid,2 400 000 DH,2400000,97m²,97,7 Pièces,6 Chambres,2 Salles de bains,"Jardin, Terrasse, Garage, Chambre rangement, Entre-seul, Salon Marocain, Salon européen, Climatisation, Porte blindée, Cuisine équipée","L’Immobilier Sans Frontières vous propose à la vente cette maison de 97 m² située à Mhamid, à quelques minutes du centre de Marrakech. Elle est distribuée sur plusieurs niveaux et comprend une terrasse avec buanderie, pergola et cuisine équipée. Cette maison se compose de : Rez-de-chaussée: Salon - Séjour - Cuisine équipée - Toilette invité 1er étage: 4 chambres avec placard et climatisation split - Salle de bain extérieure 2ème étage: 2 chambre...",https://www.mubawab-media.com/ad/8/214/447F/h/0%20image%20a%20la%20une_82299448.avif,32,2026-09-30
8330314,Terrain 258m² R3 Al Mhamid 6,https://www.mubawab.ma/fr/a/8330314/terrain-258m%C2%B2-r3-al-mhamid-6,Vente,Terrain,Marrakech,M'hamid,2 451 000 DH,2451000,258m²,258,,,,,"À vendre terrain idéalement situé à Al Mhamid 6, Marrakech, dans un secteur en développement et proche de toutes commodités. Le terrain dispose d’une superficie de 258 m² avec autorisation de construction R3, offrant un excellent potentiel pour un projet immobilier résidentiel ou investissement locatif. Prix : 9 500 DH/m² Emplacement stratégique dans un quartier dynamique, proche des commerces, écoles et axes principaux, avec un fort potentiel...",https://www.mubawab-media.com/ad/8/330/314F/h/delimitation-land-with-trees_82251673.avif,1,2026-09-30
8238995,Trouvez votre maison à acheter à Mhamid. 1 Pièce,https://www.mubawab.ma/fr/a/8238995/trouvez-votre-maison-%C3%A0-acheter-%C3%A0-mhamid-1-pi%C3%A8ce,Vente,Maison,Marrakech,M'hamid,2 500 000 DH,2500000,80m²,80,1 Pièce,1 Ch.,1 Salle de bain,,"maison à vendre. Prix 2 500 000 DH. surface de 80 m². Venez découvrir cette maison à vendre à Mhamid, Marrakech",https://www.mubawab-media.com/ad/8/238/995F/h/photo_0_81272322.avif,1,2026-09-30
8421623,Maison neuve a vendre a mhamid 9 lot abraj menara,https://www.mubawab.ma/fr/a/8421623/maison-neuve-a-vendre-a-mhamid-9-lot-abraj-menara,Vente,Maison,Marrakech,M'hamid,2 600 000 DH,2600000,80m²,80,2 Pièces,4 Chambres,2 Salles de bains,Garage,"Maison neuve située à Mhamid 9, Lotissement Abraj Al Manara 1, dans un secteur récemment développé. Le bâtiment vient d’être construit et bénéficie d’un emplacement privilégié sur une grande voie. Il se trouve à proximité d’un terrain destiné à la construction d’une mosquée, ainsi que de deux terrains réservés par le promoteur à la réalisation d’une école privée et d’un hammam. Un emplacement stratégique au cœur d’un quartier en plein développeme...",https://www.mubawab-media.com/ad/8/421/623F/h/WhatsApp_Image_2026-09-23_at_15.59.46_83291157.avif,2,2026-09-30
8412983,Superbe maison commerciale à vendre à Mhamid. Surface de 81...,https://www.mubawab.ma/fr/a/8412983/superbe-maison-commerciale-%C3%A0-vendre-%C3%A0-mhamid-surface-de-81-m%C2%B2-surface-habitable-330-m%C2%B2-3-salons,Vente,Maison,Marrakech,M'hamid,2 600 000 DH,2600000,330m²,330,3 Pièces,5 Chambres,3 Salles de bains,"Terrasse, Garage, Salon Marocain, Antenne parabolique, Climatisation, Sécurité, Double vitrage, Porte blindée, Cuisine équipée","Cette maison moderne située dans le quartier de Mhamid, Marrakech, est un exemple éloquent de vie confortable et élégante. Avec une superficie de 81 m², la propriété se distingue par ses caractéristiques contemporaines et ses finitions de haute qualité. Construite il y a seulement 1 à 5 ans, la maison bénéficie d'un excellent état général. Dès l'entrée, le sol en carrelage de qualité ajoute une touche de sophistication et de facilité d'entretien...",https://www.mubawab-media.com/ad/8/412/983F/h/photo_00_83234729.avif,32,2026-09-30
8394914,Grande Villa 360m² à M'Hamid 10,https://www.mubawab.ma/fr/a/8394914/grande-villa-360m%C2%B2-%C3%A0-m-hamid-10,Vente,Villa,Marrakech,M'hamid,2 800 000 DH,2800000,360m²,360,11 Pièces,7 Chambres,3 Salles de bains,"Jardin, Terrasse, Garage, Vue sur les montagnes, Entre-seul, Climatisation, Chauffage central","À vendre, grande villa de 360 m² habitables sur une parcelle de 300 m², située dans un quartier calme de M'Hamid 10 à Marrakech. La villa est répartie sur 3 niveaux (Sous-sol, Rez-de-chaussée et Étage) et offre de beaux volumes ainsi qu'une excellente luminosité grâce à sa cour anglaise. Composition : 7 chambres 3 cuisines (une par niveau) 3 salles de bains 1 toilette supplémentaire au sous-sol Plusieurs salons, dont un grand salon d'environ 5...",https://www.mubawab-media.com/ad/8/394/914F/h/84551f07-4e25-4b7d-8e25-1c447cc991a5_82997894.avif,9,2026-09-30
8421443,Vente Murs à m'hamid,https://www.mubawab.ma/fr/a/8421443/vente-murs-%C3%A0-m-hamid,Vente,Autre,Marrakech,M'hamid,2 850 000 DH,2850000,274m²,274,,,,,"VENTE DE MURS COMMERCIAUX de 274 m² AVEC 3 RIDEAUX SUR BOULEVARD EL NAKHIL (M'HAMID). Offrez une visibilité d'exception à votre marque ou réalisez un investissement locatif ultra-performant au cœur de l'axe le plus dynamique, fréquenté et recherché de M'hamid : le Boulevard El Nakhil. Grâce à sa très grande façade dotée de 3 rideaux, ce local bénéficie d'une vitrine spectaculaire assurant un flux piéton et véhicule ininterrompu du matin au soir...",https://www.mubawab-media.com/ad/8/421/443F/h/40dfa83eb48c852816e0_83284730.avif,4,2026-09-30
8393445,Vente Maison à m'hamid,https://www.mubawab.ma/fr/a/8393445/vente-maison-%C3%A0-m-hamid,Vente,Maison,Marrakech,M'hamid,3 000 000 DH,3000000,111m²,111,,3 Chambres,1 Salle de bain,,"Vente d'une magnifique Maison R3 de 111 m² – M'Hamid (Jnan Aïcha), Marrakech. Amine Haddani vous propose à la vente cette superbe maison de 111 m² édifiée en R3, idéalement située dans le quartier prisé et dynamique de M'Hamid (secteur Jnan Aïcha) à Marrakech. Très bien entretenue et offrant de belles prestations, cette propriété séduit par ses volumes généreux et sa luminosité naturelle exceptionnelle, constituant un cadre de vie idéal pour un...",https://www.mubawab-media.com/ad/8/393/445F/h/b7c9088c79b69c7fbe32_82979976.avif,8,2026-09-30
8388136,"Villa à Vendre de 176.0 m² à Marrakech, M'Hamid",https://www.mubawab.ma/fr/a/8388136/villa-%C3%A0-vendre-de-176-0-m%C2%B2-%C3%A0-marrakech-m-hamid,Vente,Villa,Marrakech,M'hamid,3 000 000 DH,3000000,176m²,176,8 Pièces,5 Chambres,6 Salles de bains,"Garage, Climatisation, Chauffage central","À vendre, magnifique villa située dans le quartier prisé de M'Hamid à Marrakech. Cette propriété de 370 m² habitables, sur un terrain de 176 m², comprend 5 chambres spacieuses et 4 salles de bain. Bénéficiant de 2 façades et de 2 niveaux, cette villa est idéale pour une famille. Prix : 3 000 000 Dhs. Ne manquez pas cette opportunité unique",https://www.mubawab-media.com/ad/8/388/136F/h/image_478481216_82922100.avif,19,2026-09-30
8304667,Vente Maison à m'hamid,https://www.mubawab.ma/fr/a/8304667/vente-maison-%C3%A0-m-hamid,Vente,Maison,Marrakech,M'hamid,3 600 000 DH,3600000,388m²,388,9 Pièces,6 Chambres,3 Salles de bains,"Jardin, Terrasse, Chambre rangement, Climatisation, Sécurité, Cuisine équipée","El Yazid EL JJOUAOUI vous propose à la vente cette propriété d’exception située à Mhamid Maatalah (Marrakech). Cette maison R2 commerciale neuve, d'une surface au sol de 144 m², représente une opportunité rare sur le marché, alliant finitions de haut standing et potentiel commercial immédiat. Entièrement neuve et jamais habitée, elle se compose comme suit : Rez-de-chaussée (130 m²) : Un vaste local commercial doté de trois rideaux, idéal pour...",https://www.mubawab-media.com/ad/8/304/667F/h/02c01f6731f9d7372aff_81979595.avif,11,2026-09-30
8333675,Terrain à vendre à Mhamid. Surface de 500 m²,https://www.mubawab.ma/fr/a/8333675/terrain-%C3%A0-vendre-%C3%A0-mhamid-surface-de-500-m%C2%B2,Vente,Terrain,Marrakech,M'hamid,3 625 000 DH,3625000,500m²,500,,,,,"Belle affaire pour ce terrain à vendre. Prix 3 625 000 DH. Surface du bien : 500 m². Terrain à découvrir à Mhamid, Marrakech",https://www.mubawab-media.com/ad/8/333/675F/h/photo_0_82286556.avif,2,2026-09-30
8156285,Vente Maison à m'hamid,https://www.mubawab.ma/fr/a/8156285/vente-maison-%C3%A0-m-hamid,Vente,Duplex,Marrakech,M'hamid,3 800 000 DH,3800000,150m²,150,,,,Terrasse,"Je mets en vente un immeuble R2 à usage mixte, situé dans le quartier vivant et très recherché de Mhamid à Marrakech. D’une superficie de 150 m² au sol et construit sur deux façades, cet immeuble titré offre un excellent potentiel d’investissement. Il comprend trois appartements indépendants, un duplex avec une grande terrasse offrant une vue dégagée, ainsi que trois magasins en rez-de-chaussée parfaitement adaptés à une activité commerciale. ...",https://www.mubawab-media.com/ad/8/156/285F/h/d16d7332cc6d6460a0a8_80421105.avif,4,2026-09-30
8128929,"Villa à Vendre de 150.0 m² à Marrakech, M'Hamid",https://www.mubawab.ma/fr/a/8128929/villa-%C3%A0-vendre-de-150-0-m%C2%B2-%C3%A0-marrakech-m-hamid,Vente,Villa,Marrakech,M'hamid,4 000 000 DH,4000000,150m²,150,11 Pièces,9 Chambres,8 Salles de bains,Terrasse,"À vendre, magnifique villa située dans le quartier prisé de M'Hamid à Marrakech. Cette propriété spacieuse offre 580 m² de surface habitable, avec 9 chambres et 5 salles de bain. Élevée sur 3 niveaux, elle dispose de 2 façades et d'une terrasse de 80 m². Prix : 4 000 000 Dhs. Une opportunité rare à ne pas manquer!",https://www.mubawab-media.com/ad/8/128/929F/h/image_118494022_80136600.avif,9,2026-09-30
8188468,Vente Terrain nu à m'hamid,https://www.mubawab.ma/fr/a/8188468/vente-terrain-nu-%C3%A0-m-hamid,Vente,Terrain,Marrakech,M'hamid,4 000 000 DH,4000000,323m²,323,,,,,"Je mets en vente un terrain situé à Mhamid, Marrakech, idéal pour un projet de hammam. Ce terrain se trouve dans le quartier Mhamid, un secteur en pleine expansion, offrant un emplacement stratégique dans un environnement résidentiel. Sa superficie est adaptée pour un hammam traditionnel ou moderne, avec une accessibilité facilitée et proche de toutes les commodités. Il est également possible d'obtenir une autorisation pour une activité com...",https://www.mubawab-media.com/ad/8/188/468F/h/bd7622a82c290377e316_80747871.avif,2,2026-09-30
8323289,Café moderne équipé à vendre à Mhamid Marrakech,https://www.mubawab.ma/fr/a/8323289/caf%C3%A9-moderne-%C3%A9quip%C3%A9-%C3%A0-vendre-%C3%A0-mhamid-marrakech,Vente,Autre,Marrakech,M'hamid,4 800 000 DH,4800000,170m²,170,,,1 Salle de bain,"Climatisation, Sécurité, Double vitrage, Cuisine équipée","À vendre, situé à Mhamid Marrakech, dans un emplacement stratégique avec forte fréquentation. Local moderne, entièrement équipé et prêt à exploiter : salle intérieure, terrasse, mobilier neuf, bar professionnel et écrans TV. Le café attire une clientèle variée (jeunes, familles, amateurs de football), avec un fort potentiel de développement. Emplacement : Mhamid, Marrakech État : Neuf Prix : 480 Millions",https://www.mubawab-media.com/ad/8/323/289F/h/photo_0_82178682.avif,7,2026-09-30
8340514,"Villa à Vendre de 10238.0 m² à Marrakech, M'Hamid",https://www.mubawab.ma/fr/a/8340514/villa-%C3%A0-vendre-de-10238-0-m%C2%B2-%C3%A0-marrakech-m-hamid,Vente,Villa,Marrakech,M'hamid,5 300 000 DH,5300000,10238m²,10238,7 Pièces,5 Chambres,,,"À vendre, belle villa située dans le quartier prisé de Saada-Tissir à Marrakech. D'une superficie totale de 10 238 m², cette propriété dispose de 5 chambres et d'un espace habitable de 220 m². Idéale pour une famille, elle offre un cadre de vie paisible et confortable. Prix : 5 300 000 Dhs",https://www.mubawab-media.com/ad/8/340/514F/h/image_615581074_82357862.avif,29,2026-09-30
8312957,Hammam a vendre a mhamid Marrakech,https://www.mubawab.ma/fr/a/8312957/hammam-a-vendre-a-mhamid-marrakech,Vente,Autre,Marrakech,M'hamid,6 000 000 DH,6000000,400m²,400,,,2 Salles de bains,,"A vendre - Marrakech - mhamid Un hammam a vendre d'une superficie de 400 mètre carre , avec quatre façade , quartier mhamid prix : 6 000 000 DH pour plus d'information",https://www.mubawab-media.com/ad/8/312/957F/h/foto-hamam-1_82069022.avif,1,2026-09-30
8389834,Vente Murs à m'hamid,https://www.mubawab.ma/fr/a/8389834/vente-murs-%C3%A0-m-hamid,Vente,Terrain,Marrakech,M'hamid,6 100 000 DH,6100000,263m²,263,,,,Chambre rangement,"El Yazid EL JJOUAOUI vous propose à la vente un grand hammam traditionnel fonctionnant avec une clientèle déjà établie, idéalement situé au cœur du quartier résidentiel à forte densité de Berradi 2, à M'hamid. Édifié sur un terrain de 263 m², ce commerce jouit d'un emplacement stratégique au sein d'une zone familiale très demandeuse. Grâce à son infrastructure ultra-robuste et ses volumes généreux, ce local se prête parfaitement à la poursuite d...",https://www.mubawab-media.com/ad/8/389/834F/h/4c79a52f22ae3c7fd131_82940075.avif,4,2026-09-30
8393348,Terrain à la vente à Mhamid. Surface de 72160 m²,https://www.mubawab.ma/fr/a/8393348/terrain-%C3%A0-la-vente-%C3%A0-mhamid-surface-de-72160-m%C2%B2,Vente,Terrain,Marrakech,M'hamid,6 856 000 DH,6856000,72160m²,72160,,,,,"Ce terrain à vendre est situé à seulement 5 km de Mhamid 10, dans la région prisée de Marrakech-Safi, précisément dans le quartier de la Ménara à Marrakech. S'étendant sur une vaste superficie de 72 160 m², ce terrain offre une opportunité exceptionnelle pour des projets diversifiés, qu’ils soient résidentiels ou commerciaux. Le terrain est plat et présente une surface bien dégagée, idéale pour faciliter l'aménagement futur. Les images révèlent...",https://www.mubawab-media.com/ad/8/393/348F/h/photo_0_82978762.avif,8,2026-09-30
8424498,Terrain residential 1053 m Mhamid Marrakech,https://www.mubawab.ma/fr/a/8424498/terrain-residential-1053-m-mhamid-marrakech,Vente,Terrain,Marrakech,M'hamid,7 000 000 DH,7000000,1053m²,1053,,,,,"Je propose à la vente un terrain nu situé à M'Hamid, Marrakech. - Loti - Non titré - Zoning : Immeuble Pour toute information complémentaire, veuillez me contacter",https://www.mubawab-media.com/ad/8/424/498F/h/Screenshot_20260927_153640_Drive_83318457.avif,1,2026-09-30
8369054,Terrain a vendre Réquisition 3HA Mhamid,https://www.mubawab.ma/fr/a/8369054/terrain-a-vendre-r%C3%A9quisition-3ha-mhamid,Vente,Villa,Marrakech,M'hamid,30 000 000 DH,30000000,30000m²,30000,,,,,"Opportunité rare d'investissement à Mhamid Réquisition, dans un secteur en plein développement à proximité de Marrakech. Superficie : 3 hectares Terrain nu, sans construction Zonage autorisant une villa par tranche de 250 m² Terrain vendu en totalité uniquement Accès facile et environnement en forte croissance Idéal pour projet résidentiel, lotissement de villas ou investissement foncier à fort potentiel Grâce à son zonage favorable e...",https://www.mubawab-media.com/ad/8/369/054F/h/807e9117-4c5c-401d-82e9-2dd8d18caaa8_82710682.avif,1,2026-09-30
8319433,Trouvez votre ferme à acheter à Mhamid. Dimension 110 000 m²...,https://www.mubawab.ma/fr/a/8319433/trouvez-votre-ferme-%C3%A0-acheter-%C3%A0-mhamid-dimension-110-000-m%C2%B2-11-hectares-de-terrain-%C3%A0-vendre-id%C3%A9al-pour-un-projet-de-villas-r2,Vente,Villa,Marrakech,M'hamid,8 249 999 872 DH,8249999872,110000m²,110000,,,,,"Terrain à vendre avec une superficie totale de 11 hectares (110 000 m²), idéalement situé sur une route principale. Le terrain est adapté à un projet de développement immobilier, y compris des villas (zonage R2). Il offre une excellente opportunité d'investissement en raison de son emplacement stratégique et de sa grande surface. Surface totale : 110 000 m² Zonage : R2 (projet de villas possible) Emplacement : Près de la route principale Prix : 7...",https://www.mubawab-media.com/ad/8/319/433F/h/photo_00_82135637.avif,6,2026-09-30
