id,platform,title,url,transaction_type,house_type,city,quartier,price_raw,price_mad,surface_m2,bedrooms,bathrooms,features,description,main_image,images_count,seller_type,scraped_at
87404906,barnes,Villa d'exception - Golf Noria,https://www.barnes-marrakech.com/fr/vente/marrakech/87404906,Vente,Villa,Marrakech,Golf Noria,860 000 EUR,9288000,520,5,5,Meublé; Golf; Cheminée; Gardien; Piscine,"Villa à proximité du Golf Noria, superbe villa de 520 m² habitables sur un terrain de 552 m². Entièrement pensée pour offrir confort, élégance et intimité, cette propriété haut de gamme bénéficie de beaux volumes, de finitions soignées et d’un emplacement recherché. La villa comprend 5 grandes suites, chacune avec salle de bain privative et dressing, 3 salons lumineux, une salle à manger pouvant accueillir jusqu’à 12 personnes, ainsi qu’une cuisine haut de gamme entièrement équipée avec électroménager Whirlpool, LG et Tesla. Elle dispose également d’un hammam marocain traditionnel, d’une terrasse accessible avec vue dégagée, de 2 places de stationnement et d’une belle piscine privée de 11 × 4 m, d’une profondeur de 1,50 m. Les prestations sont de grande qualité : isolation phonique et thermique en laine de verre, menuiseries en aluminium profilé Massai, double vitrage avec isolation au gaz argon, climatisation gainable, mobilier sélectionné avec soin et décoration raffinée. La villa peut est vendue entièrement meublée et prête à habiter. Grâce à son emplacement privilégié, ses volumes généreux et ses prestations haut de gamme, cette villa constitue également une excellente opportunité pour la location. Elle s’adresse aussi bien à un acquéreur recherchant une résidence de prestige qu’à un investisseur souhaitant allier plaisir, confort et rendement locatif. Une visite s’impose",https://www.barnes-marrakech.com/images/produits/f02c1b670161d11b16260f72ac37fd66_b3874a811b_1280-original.jpg,1,Professionnel,2026-09-30
87415803,barnes,Duplex d'exception avec piscine privée,https://www.barnes-marrakech.com/fr/vente/marrakech/87415803,Vente,Appartement,Marrakech,Hivernage,550 000 EUR,5940000,314,3,2,Gardien; Piscine; Meublé,"Découvrez ce duplex d’exception de 314 m², situé au cœur du centre-ville dans une résidence de très haut standing avec seulement 2 appartements par étage, calme, sécurisée et confidentielle. Pensé pour offrir un art de vivre exclusif, ce bien rare séduit par ses volumes généreux, sa luminosité et ses prestations raffinées. Il propose trois suites spacieuses aux finitions soignées, deux salles de bain élégantes habillées de matériaux nobles, ainsi qu’une cuisine moderne entièrement équipée, à la fois esthétique et fonctionnelle. Les espaces de vie offrent une atmosphère contemporaine et chaleureuse, idéale pour recevoir comme pour profiter d’un confort quotidien absolu. Sa somptueuse terrasse et sa piscine privée créent un véritable havre de sérénité en plein centre-ville, tout en préservant intimité et élégance. Le bien offre également la possibilité d’aménager une quatrième suite, permettant d’adapter les volumes selon vos besoins et de valoriser davantage son potentiel, un projet pouvant être envisagé avec le propriétaire, architecte, afin d’optimiser les espaces. À proximité immédiate des commodités, ce duplex réunit emplacement privilégié, prestations haut de gamme et cadre de vie exclusif. Il représente une opportunité rare pour les amateurs de luxe, de confort et de biens d’exception. Une adresse rare, un bien unique, une visite s’impose.",https://www.barnes-marrakech.com/images/produits/acfd600df08d1243d31b4a2cc5a9738f_87d97c67a7_4000-original.jpg,1,Professionnel,2026-09-30
87404778,barnes,Villa de luxe à vendre sur Amélkis,https://www.barnes-marrakech.com/fr/vente/marrakech/87404778,Vente,Villa,Marrakech,Golf Amelkis,1 190 000 EUR,12852000,1000,4,4,Cheminée; Piscine; Meublé; Golf,"BARNES Marrakech, référence de l'immobilier de prestige, vous invite à découvrir cette élégante villa nichée au cœur du golf d'Amelkis, l'un des domaines les plus prisés de la ville ocre, à seulement quinze minutes du centre de Marrakech. Édifiée sur un terrain paysager d'environ 1 100 m², la propriété déploie près de 420 m² habitables pensés pour allier confort, raffinement et art de vivre. Elle se compose de quatre chambres, complétées par une chambre destinée au personnel, offrant ainsi un cadre de vie aussi fonctionnel que serein, dans un environnement calme et verdoyant. Vous rêvez d'une demeure d'exception sur le golf d'Amelkis ? Si cette villa répond à vos attentes, nos équipes se tiennent à votre disposition pour vous communiquer l'ensemble des informations complémentaires et organiser une visite privée. Fidèle à son exigence d'excellence, BARNES Marrakech vous accompagne avec discrétion et expertise à chaque étape de votre projet immobilier.",https://www.barnes-marrakech.com/images/produits/ebb12fee4c4dadcb340ad49bcb35a860_22630564f6_1920-original.jpg,1,Professionnel,2026-09-30
87409028,barnes,Villa D'Architecte Hors du Commun,https://www.barnes-marrakech.com/fr/vente/marrakech/87409028,Vente,Villa,Marrakech,Route D'Amizmiz,7 500 000 EUR,81000000,1480,6,6,Cheminée; Ascenseur; Gardien; Piscine,"Architecture, art, design et technologie se rencontrent dans cette résidence qui ne ressemble à aucune autre. Le jardin s'organise autour d'une piscine spectaculaire de 40 x 11 m avec jacuzzi. On y trouve aussi un court de padel professionnel, un salon extérieur avec cheminée, une cuisine d'été et une sculpture monumentale de King Kong. À l'intérieur, les six suites mêlent marbre italien et mobilier design. Une domotique intégrée pilote l'ensemble, dont la verrière motorisée Sky-Dome et l'ascenseur privé. La villa dispose aussi d'une salle de cinéma, d'une piscine intérieure chauffée sous un plafond étoilé, d'un hammam beldi et d'une salle de sport. Elle convient aussi bien à une résidence familiale qu'à un lieu de réception ou à un investissement locatif haut de gamme. Un bien rare, à vivre comme une œuvre d'art. Visites privées sur rendez-vous.",https://www.barnes-marrakech.com/images/produits/7a01ed1fbb0df14681ef6a9e88e77aef_6deba01edc_4096-original.jpg,1,Professionnel,2026-09-30
87403306,barnes,VILLA DE CHARME AVEC VNA PROCHE DES GOLFS,https://www.barnes-marrakech.com/fr/vente/marrakech/87403306,Vente,Villa,Marrakech,Route de Sidi Abdellah Ghiat,1 100 000 EUR,11880000,4000,5,5,Meublé; Cheminée,"Villa orientale de charme, située à seulement 20mn du centre ville au sein d'une copropriété de 8 villas et sans vis à vis! Toute de plain pieds, la villa dispose de 5 chambres à coucher dont une très belle master bedroom. La cinquième chambre est détachée de la maison sous forme de pavillon d'invités. Grand salon de 50m2, salle à manger, belle cuisine traditionnelle, la villa est vendue avec son mobilier. A l extérieur une belle piscine à débordement chauffée au milieu de ce superbe parc de 4000m2 très bien fleurie et arboré! Villa à voir absolument!!",https://www.barnes-marrakech.com/images/produits/647aa60f508d613e9f82987d43f25011_5c7166d6ba_1600-original.jpg,1,Professionnel,2026-09-30
87421673,barnes,RIAD DE CHARME - MAISON D’HÔTES,https://www.barnes-marrakech.com/fr/vente/marrakech/87421673,Vente,Riad,Marrakech,Médina,2 500 000 EUR,27000000,910,6,6,Meublé; Cheminée; Piscine,"Au cœur de la Médina de Marrakech dans le quartier de Azouel limite Bab Taghzout, ce riad de charme bénéficiant d’une autorisation d’exploitation en maison d’hôtes incarne une certaine idée de l’art de vivre marocain, entre authenticité, élégance et sérénité. Édifié sur une superficie au sol de 376 m² et développant environ 910 m² habitables, il séduit par ses volumes généreux, son agencement harmonieux et son atmosphère intimiste, à l’abri de l’effervescence de la ville. La décoration, particulièrement soignée, associe avec subtilité le charme de l’architecture marocaine à une élégance contemporaine. Le mobilier haut de gamme, sélectionné avec raffinement, souligne le caractère exclusif des lieux et contribue à une atmosphère chaleureuse et harmonieuse. Le patio central, véritable cœur de la propriété, s’ouvre sur une piscine entourée d’une belle végétation. Beds propices à la détente et espace repas composent un cadre paisible, idéal pour profiter pleinement de la douceur de vivre marrakchie. À l’intérieur, un bhou traditionnel, un salon avec cheminée et une salle à manger offrent des espaces de réception chaleureux, prolongés par une cuisine entièrement équipée. Un espace bureau complète le rez-de-chaussée. Les six suites, conçues pour allier confort et intimité, accueillent les hôtes dans un cadre raffiné, adapté à une activité de maison d’hôtes. En hauteur, les terrasses aménagées dévoilent de superbes perspectives sur les toits de la Médina et les sommets de l’Atlas. Une grande douche extérieure au design contemporain invite à se rafraîchir, tandis que les différents espaces de détente et la surterrasse prolongent agréablement les moments de convivialité. Pensé pour conjuguer confort et fonctionnalité, le riad dispose de deux accès distincts, l’un dédié à la clientèle, l’autre au personnel. Un atout particulièrement recherché dans la Médina : l’accès en voiture jusqu’à l’entrée, complété par un parking à proximité immédiate. Une propriété aux multiples atouts Avec ses six suites, son patio végétalisé avec piscine, ses espaces de réception généreux, sa décoration raffinée et ses terrasses offrant des vues remarquables, ce riad réunit tous les attributs d’une adresse de charme. Son autorisation d’exploitation en maison d’hôtes et son agencement fonctionnel en font une opportunité intéressante pour un projet hôtelier de caractère ou une résidence privée d’exception. Un lieu singulier où le charme de la Médina rencontre l’élégance et la douceur de vivre marrakchie.",https://www.barnes-marrakech.com/images/produits/08ed84ccc52bf386c658294ce6fda2f3_715b7d7ea1_3344-original.jpg,1,Professionnel,2026-09-30
87403320,barnes,Appartement 1 chambre dans résidence neuve avec piscine,https://www.barnes-marrakech.com/fr/vente/marrakech/87403320,Vente,Appartement,Marrakech,Guéliz,160 000 EUR,1728000,54,1,,Ascenseur; Piscine; Meublé,"Bel appartement 1 chambre avec salon, situé au 4ᵉ étage d’une résidence neuve, confidentielle et récemment livrée, composée de seulement 23 logements. D’une surface totale de 54 m², dont 16 m² de terrasse, ce bien offre un cadre de vie agréable et fonctionnel, idéal pour profiter pleinement de la lumière et des espaces extérieurs. L’appartement est vendu entièrement meublé et dispose d’une cuisine équipée avec électroménager BOSCH, d’un double vitrage et d’une très bonne isolation phonique et thermique. Les matériaux sélectionnés et les finitions haut standing apportent confort, élégance et qualité au quotidien. La résidence propose également un rooftop aménagé avec piscine, parfait pour se détendre et profiter des journées ensoleillées dans un environnement calme et privilégié.",https://www.barnes-marrakech.com/images/produits/d3c7efe1869e0a57fd2ce3a60b1622eb_cf2cbf8b31_4000-original.jpg,1,Professionnel,2026-09-30
87421690,barnes,Magnifique villa de plain-pied avec piscine chauffée,https://www.barnes-marrakech.com/fr/vente/marrakech/87421690,Vente,Villa,Marrakech,Route de l'Ourika,850 000 EUR,9180000,330,4,4,Cheminée; Gardien; Piscine,"Magnifique villa de plain-pied située dans une petite résidence de standing à Marrakech, offrant un cadre de vie rare alliant confort, intimité et sérénité. Édifiée sur un terrain de 1 280 m² et développant environ 330 m² habitables, cette propriété séduit par ses volumes généreux, sa circulation fluide et son atmosphère chaleureuse. Sans vis-à-vis, elle bénéficie d’un environnement calme et sécurisé, idéal pour une résidence principale, une maison de vacances ou un pied-à-terre de charme à Marrakech. La villa dispose de quatre suites confortables, chacune avec sa salle de bain privative, offrant à chaque occupant un espace personnel agréable et fonctionnel. Les pièces de vie, lumineuses et bien agencées, s’ouvrent naturellement vers l’extérieur et invitent à profiter pleinement du jardin arboré, soigneusement entretenu, ainsi que de la piscine chauffée de 12 x 4 mètres, véritable atout pour profiter de la propriété tout au long de l’année. La cuisine, pratique et bien pensée, complète harmonieusement l’ensemble. La présence de panneaux solaires apporte un confort supplémentaire et contribue à une meilleure maîtrise énergétique. Cette villa réunit tous les éléments recherchés pour vivre Marrakech dans les meilleures conditions : calme, élégance, confort moderne, espaces extérieurs généreux et prestations de qualité. Un bien rare, prêt à accueillir une famille ou des acquéreurs en quête d’un lieu de vie paisible, raffiné et facile à vivre.",https://www.barnes-marrakech.com/images/produits/dea7e75b0d1024686dee7e1fa7311d77_3033c3b9e4_3948-original.jpg,1,Professionnel,2026-09-30
87419873,barnes,Villa Akenza – Élégance et confort à Marrakech,https://www.barnes-marrakech.com/fr/vente/marrakech/87419873,Vente,Villa,Marrakech,Route de l'Ourika,670 000 EUR,7236000,240,4,4,Piscine; Meublé; Spa,"Villa Akenza – Élégance et confort à Marrakech Découvrez cette magnifique villa située au sein de la résidence Akenza, implantée sur un beau terrain d’angle de 450 m². D’une superficie construite de 240 m² répartie sur deux niveaux, cette propriété offre de beaux volumes et un cadre de vie particulièrement agréable. La villa se compose de 4 suites, offrant à chacun un espace confortable et intimiste. Elle dispose également d’une piscine chauffée, idéale pour profiter pleinement des extérieurs tout au long de l’année, ainsi que d’une salle de sport. Vendue entièrement meublée, cette villa est prête à accueillir ses futurs propriétaires dans un environnement alliant confort, élégance et fonctionnalité. Une propriété idéale pour une résidence principale, une résidence secondaire ou un investissement à Marrakech",https://www.barnes-marrakech.com/images/produits/314864cba0c870cf7c03b23b3446c97e_f68bbb144d_960-original.jpg,1,Professionnel,2026-09-30
87420805,barnes,"Villa d’exception – Route de l’Ourika, Marrakech",https://www.barnes-marrakech.com/fr/vente/marrakech/87420805,Vente,Villa,Marrakech,Route de l'Ourika,800 000 EUR,8640000,300,5,5,Piscine; Spa,"Située sur la prestigieuse Route de l’Ourika, au sein d’une résidence intimiste composée de seulement 8 villas, cette propriété offre un cadre privilégié alliant confort, espace et tranquillité. Édifiée sur un terrain de 915 m², la villa développe environ 300 m² habitables et se compose de 5 suites, dont une suite située dans une dépendance indépendante, idéale pour recevoir famille ou invités en toute intimité. La propriété bénéficie également d’une piscine chauffée, parfaitement intégrée aux espaces extérieurs, offrant un véritable espace de détente tout au long de l’année. Un bien rare dans un environnement recherché, idéal comme résidence principale, secondaire ou investissement à Marrakech.",https://www.barnes-marrakech.com/images/produits/b11540d47ed7531c3b16195a33c8327c_9e537ab554_2560-original.jpg,1,Professionnel,2026-09-30
87393935,barnes,VILLA D'EXCEPTION - GOLF AMELKIS,https://www.barnes-marrakech.com/fr/vente/marrakech/87393935,Vente,Villa,Marrakech,Golf Amelkis,3 000 000 EUR,32400000,900,5,5,Meublé; Cheminée; Piscine,"Implantée au cœur du Golf d'Amelkis, dans un resort sécurisé 24h/24 et l'un des secteurs les plus prisés de Marrakech, cette élégante villa contemporaine bénéficie d'un emplacement d'exception. Construite sur une parcelle de plus de 1 800 m², la propriété dispose en outre d'une jouissance privative d'environ 1 000 m² supplémentaires. Cet espace, aujourd'hui non aménagé, ouvre de belles perspectives de valorisation — jardin paysager, espace bien-être, pavillon d'invités ou zone de loisirs — sous réserve des autorisations nécessaires. D'une surface habitable d'environ 900 m² (à confirmer), la villa séduit par ses volumes généreux, ses belles hauteurs sous plafond et son architecture contemporaine aux lignes épurées. L'entrée dévoile un vaste espace de réception baigné de lumière, articulé autour d'un salon avec cheminée et d'une salle à manger ouverte sur l'extérieur. Les pièces de vie communiquent directement avec les grandes terrasses, le jardin paysager et la piscine, créant une transition fluide entre intérieur et extérieur. Le rez-de-chaussée comprend une grande cuisine indépendante, des toilettes invités, ainsi que deux chambres disposant chacune de leur salle de bains et de leur dressing. À l'étage, l'espace nuit se compose d'une vaste suite parentale avec dressing et salle de bains, complétée par deux chambres supplémentaires, chacune dotée de sa salle de bains privative et de son dressing. Toutes profitent de belles ouvertures et d'un cadre calme et préservé. Le sous-sol achève de compléter la propriété avec de nombreux espaces dédiés au bien-être et aux loisirs : salle de sport, sauna, salle de cinéma, buanderie, chambres de service, locaux techniques, garages et espaces de rangement. Au total, cette propriété réunit des prestations particulièrement complètes : cinq chambres, de vastes espaces de réception, de grandes terrasses, une piscine, une cheminée, une salle de sport, un sauna et une salle de cinéma. Par son emplacement au Golf d'Amelkis, ses volumes exceptionnels, la qualité de ses prestations et surtout son fort potentiel d'aménagement grâce à près de 1 000 m² de surface privative supplémentaire, cette villa représente une opportunité rare pour une clientèle en quête d'une résidence contemporaine de standing à Marrakech.",https://www.barnes-marrakech.com/images/produits/48801ec15c03a9a7c75a4b8259d79033_4aaacea042_1600-original.jpg,1,Professionnel,2026-09-30
87357208,barnes,"Appartement en rez-de-jardin à l’Hivernage, Marrakech",https://www.barnes-marrakech.com/fr/vente/marrakech/87357208,Vente,Appartement,Marrakech,Hivernage,470 000 EUR,5076000,118,2,,Meublé; Piscine,"Situé dans le prestigieux quartier de l’Hivernage à Marrakech, cet élégant appartement en rez-de-jardin se trouve au sein d’une résidence sécurisée 24h/24 et 7j/7, avec piscine. D’une superficie totale de 234 m², dont 118 m² habitables, l’appartement offre de beaux volumes et un agréable espace extérieur, idéal pour profiter pleinement du climat de Marrakech. Il se compose de deux chambres et est vendu entièrement meublé, offrant ainsi un bien prêt à vivre, aussi bien pour une résidence principale ou secondaire que pour un investissement. Le bien bénéficie également d’une place de parking souterrain titrée de 18 m², un véritable atout dans ce secteur très recherché. Un appartement rare et idéalement situé, offrant confort, sécurité et qualité de vie au cœur de l’Hivernage.",https://www.barnes-marrakech.com/images/produits/86a8b52e6b35a1e33b41c5ed787c5de7_144c3c34ed_2896-original.jpg,1,Professionnel,2026-09-30
87363767,barnes,Villa contemporaine sur golf à proximité du centre-ville,https://www.barnes-marrakech.com/fr/vente/marrakech/87363767,Vente,Villa,Marrakech,Hivernage,850 000 EUR,9180000,300,4,2,Golf; Cheminée; Gardien; Piscine,"Superbe villa de 300 m² habitables, sans vis-à-vis, idéalement située en première ligne du golf de Prestigia, à seulement 7 minutes de l’Hivernage et 12 minutes de Guéliz. Elle offre un emplacement privilégié, de beaux volumes et des prestations contemporaines. La villa comprend 4 chambres, dont 2 suites avec salle de bains, ainsi qu’une chambre dédiée au personnel et un toit terrasse aménageable selon vos envies avec vue dégagée. La pièce de vie s’ouvre sur une agréable terrasse ombragée avec cuisine d’été et un jardin arboré. Une piscine privée vient compléter ce bel ensemble. Cette villa convient aussi bien à un investissement locatif qu’à une résidence principale ou secondaire au cœur de la ville ocre",https://www.barnes-marrakech.com/images/produits/482256d6dad95543601136fdf6c536d9_ef83761cd9_4000-original.jpg,1,Professionnel,2026-09-30
87395623,barnes,RIAD D'HABITATION  A VENDRE CLÉ EN MAIN,https://www.barnes-marrakech.com/fr/vente/marrakech/87395623,Vente,Riad,Marrakech,Ryad Laarouss,580 000 EUR,6264000,300,4,4,Meublé; Piscine,"Au cœur de la médina de Marrakech, dans le secteur recherché de Laarouss, à proximité de Dar El Bacha, ce riad titré bénéficie d’une situation privilégiée au calme d’un derb accessible en voiture. Entièrement rénové, aménagé et décoré avec soin, il offre une atmosphère élégante mêlant confort contemporain et esprit marocain. Développé sur 120 m² au sol, le riad propose environ 300 m² habitables sur trois niveaux, avec des espaces généreux et parfaitement organisés. Il comprend quatre chambres, chacune avec sa salle de bains privative et sa climatisation, ainsi qu’un vaste patio agrémenté d’un bassin, une salle à manger, un salon climatisé avec espace télévision, une cuisine équipée et des espaces de rangement. La terrasse, particulièrement agréable, a été pensée comme un véritable lieu de vie. Arborée et aménagée, elle dispose d’une pergola bioclimatique, d’un espace repas avec barbecue, d’un solarium avec transats et parasols ainsi que d’un salon de détente. Un espace dédié au hammam et aux massages complète l’ensemble. Le riad bénéficie également d’un système de vidéosurveillance et d’équipements permettant une installation immédiate. Les atouts : Riad titré • rénovation complète • quatre chambres avec salles de bains • bassin • terrasse aménagée • pergola bioclimatique • hammam & espace massage • climatisation • cuisine équipée • vidéosurveillance • accès voiture • emplacement recherché. Un riad clé en main, idéal pour une résidence privée ou un projet d’exploitation dans l’un des secteurs les plus recherchés de la médina de Marrakech.",https://www.barnes-marrakech.com/images/produits/a536770dc49d5ad54204da7b5f136f7e_fecf9bfea2_3344-original.jpg,1,Professionnel,2026-09-30
87357178,barnes,RIAD ART DÉCO DE 2 CHAMBRES À VENDRE – MARRAKECH,https://www.barnes-marrakech.com/fr/vente/marrakech/87357178,Vente,Riad,Marrakech,Mouassine,370 000 EUR,3996000,120,2,2,Cheminée,"Dans l’un des secteurs les plus recherchés de la Médina de Marrakech, à proximité immédiate de l’hôtel El Fenn, ce très joli riad de deux chambres bénéficie d’un emplacement particulièrement agréable, à la fois central et recherché. Avec 51 m² au sol et environ 120 m² développés, il offre une habitation parfaitement confortable, pensée aussi bien pour une résidence à Marrakech que pour un pied-à-terre ou un investissement locatif. Une réalisation signée Studio K.O. Le riad a été entièrement conçu et réalisé par Studio K.O., dans un esprit Art Déco élégant et contemporain, avec un vrai souci du détail et une belle qualité de finition. Les volumes ont été intelligemment travaillés et chaque espace a été pensé pour être à la fois esthétique et agréable à vivre. Au rez-de-chaussée, la maison dispose d’une cuisine entièrement équipée, d’un espace salon, d’une salle à manger ainsi que de toilettes invités. À l’étage, deux très belles chambres offrent de confortables espaces de couchage et de nombreux rangements. Elles partagent une belle salle de bains entièrement habillée de marbre, élégante et parfaitement fonctionnelle. La maison est équipée de climatisation avec chauffage réversible dans chacune des pièces, permettant de profiter d’un confort optimal tout au long de l’année. Un riad clé en main C’est une maison que l’on peut véritablement prendre en main immédiatement, sans travaux ni investissement complémentaire à prévoir. Le riad est titré et bénéficie de son permis d’habiter, avec un dossier administratif parfaitement en ordre. Entièrement équipé et parfaitement entretenu, il se prête aussi bien à une utilisation personnelle qu’à une exploitation en location saisonnière. Une terrasse intimiste avec une très belle vue Le rooftop offre une jolie terrasse, à la taille volontairement intimiste, mais qui bénéficie d’une très belle vue sur les toits de la Médina et la Koutoubia. Juste avant d’y accéder, un petit espace de rafraîchissement, convivial et bien pensé, permet de faire une pause et de profiter pleinement de cet espace extérieur. La toiture électrique ouvrante permet quant à elle de moduler l’espace selon les envies et de profiter de la lumière naturelle. Un pied-à-terre qui offre également un revenu locatif Le riad bénéficie déjà d’un très beau taux d’occupation sur Airbnb, avec une activité locative bien installée. Il présente ainsi l’avantage de pouvoir être utilisé comme un pied-à-terre confortable à Marrakech, tout en continuant à générer des revenus lorsqu’il n’est pas occupé par ses propriétaires. Un riad à taille humaine, élégant et parfaitement équipé, qui réunit les qualités recherchées pour une acquisition dans la Médina : un emplacement de premier ordre, une rénovation soignée, un dossier administratif complet, aucun travaux à prévoir et une activité locative déjà en place.",https://www.barnes-marrakech.com/images/produits/747be59565bfbb7eee77808a9e8d1246_4e7d0bbc4c_2896-original.jpg,1,Professionnel,2026-09-30
87357080,barnes,MAISON D’HÔTES EN ACTIVITÉ À MARRAKECH,https://www.barnes-marrakech.com/fr/vente/marrakech/87357080,Vente,Riad,Marrakech,Derb Dabachi,1 750 000 EUR,18900000,700,8,2,Piscine; Meublé; Cheminée,"Situé au cœur de la Médina de Marrakech, à seulement trois minutes à pied de la place Jemaa el-Fna, ce riad est actuellement exploité en maison d’hôtes et bénéficie d’une activité établie depuis 2012. D’une superficie de 300 m² au sol et d’environ 700 m² développés, la maison offre de beaux volumes et conserve toute l’identité d’un riad marocain traditionnel, avec de belles hauteurs sous plafond, des espaces généreux et de nombreux éléments décoratifs anciens. Une maison chargée d’histoire L’origine des murs remonte au XVIIe siècle. Le riad conserve également de nombreux éléments sculptés et décoratifs historiques, dont certains datent d’environ 90 à 100 ans. L’ensemble a été parfaitement entretenu au fil des années, tout en conservant le caractère et l’esprit de la maison. Le riad s’organise autour de deux patios, chacun avec son atmosphère propre. Le premier patio accueille une piscine ; deux suites se trouvent au rez-de-chaussée autour de la piscine, ainsi qu’un salon et des toilettes invités. Le second patio constitue un véritable espace de vie et de réception. Il comprend un très bel espace bar avec un grand comptoir, ainsi qu’une cuisine entièrement équipée au rez-de-chaussée. Cet espace accueille également une belle partie dédiée à la restauration, avec une grande cheminée qui en constitue l’un des éléments forts. Une seconde cuisine équipée est également aménagée sur le rooftop, permettant une organisation particulièrement adaptée à l’activité de restauration et aux différents moments de la journée. La maison compte au total huit suites avec salles de bains, ainsi qu’une très belle terrasse et plusieurs espaces permettant d’accueillir les hôtes dans des conditions confortables. Une activité déjà bien installée Le riad est exploité en maison d’hôtes depuis 14 ans. L’activité est parfaitement organisée et bénéficie d’une excellente réputation auprès de sa clientèle. La maison a notamment été sélectionnée dans le Guide Marrakech de Louis Vuitton. Elle affiche également une note de 9,9/10 sur près de 2 000 avis. L’exploitation génère un excellent chiffre d’affaires, justificatifs à l’appui, réalisé sur dix mois d’ouverture par an. Les propriétaires ont fait le choix de fermer la maison pendant deux mois chaque année. Cette fermeture correspond à un choix d’exploitation et laisse ainsi une possibilité de développement pour un futur acquéreur qui souhaiterait ouvrir la maison sur une période plus longue. Une maison d’hôtes prête à continuer son histoire Ce riad réunit aujourd’hui tous les éléments d’une activité déjà bien établie : un emplacement central, une maison entretenue, huit suites, plusieurs espaces de réception, des installations dédiées à la restauration, une clientèle internationale et une réputation solide. Il s’adresse à un acquéreur souhaitant reprendre une activité existante tout en disposant encore de possibilités de développement.",https://www.barnes-marrakech.com/images/produits/d3912e4d16fdef1d549eeaef79e46d03_923d1d05a5_2896-original.jpg,1,Professionnel,2026-09-30
87354672,barnes,VILLA D ARCHITECTE PROGRAMME EN CONSTRUCTION,https://www.barnes-marrakech.com/fr/vente/marrakech/87354672,Vente,Villa,Marrakech,Route D'Amizmiz,530 000 EUR,5724000,538,4,4,Gardien; Piscine; Cheminée,"Villa neuve de 4 suites, offrant une surface construite de 293 m², proposée sur un terrains de 538m2, dans un domaine privé et sécurisé sur la route d’Amizmiz. Les photos sont celles de la villa témoin et les premières villas seront livrées au deuxième semestre 2027. La villa présente une architecture contemporaine aux lignes épurées, associant des formes douces, de larges ouvertures et des tonalités naturelles. Son esthétique aux influences nomades lui apporte une identité originale, plus sobre et plus architecturale que celle des villas résidentielles traditionnelles de Marrakech. Les pièces de réception s’ouvrent largement sur la terrasse, le jardin et la piscine privée. La distribution a été pensée pour faciliter la circulation et conserver une relation permanente entre la maison et ses espaces extérieurs. La partie nuit se compose de quatre suites installées à l’étage, offrant une configuration confortable pour une famille ou pour recevoir des invités dans de bonnes conditions d’intimité. Les orientations et les emplacements varient selon la parcelle sélectionnée. La majorité des villas bénéficient d’une orientation plein sud avec une vue sur l’Atlas. Le domaine bénéficie d’un environnement paysager, d’une sécurité permanente, d’un terrain de padel et d’une aire de jeux pour enfants.",https://www.barnes-marrakech.com/images/produits/2671e7c548dcfa028b68e91479313e56_a0a45a9903_3344-original.jpg,1,Professionnel,2026-09-30
87356974,barnes,Élégante douiria clé en main à Sidi Bouamar,https://www.barnes-marrakech.com/fr/vente/marrakech/87356974,Vente,Riad,Marrakech,Ryad Laarouss,495 000 EUR,5346000,130,4,4,Piscine; Meublé,"Située dans le très recherché quartier de Sidi Bouamar dans la Médina de Marrakech, cette douiria titrée bénéficie d’un emplacement privilégié, apprécié pour son accès facile, son calme et sa proximité avec les principaux centres d’intérêt. Édifiée sur un terrain de 45 m² au sol et développée sur trois niveaux, cette habitation a été aménagée et décorée avec beaucoup de goût, dans un véritable souci du détail. Chaque espace a été pensé pour offrir une atmosphère chaleureuse, élégante et un confort optimal. Le rez-de-chaussée se compose d’une agréable pièce de vie avec salon/salle à manger, d’une cuisine équipée, d’une belle fontaine traditionnelle ainsi que de toilettes. L'espace salon dispose également d’une télévision. Le premier étage accueille deux grandes chambres, chacune avec sa salle de bain privative et sa télévision. Le deuxième étage propose deux nouvelles grandes chambres, également dotées chacune de leur salle de bain privative et de leur télévision. Pour un confort optimal en toute saison, la climatisation réversible est présente dans l’ensemble des espaces du riad avec installation d'une couverture vitrée électrique pour le patio. Le rooftop constitue un véritable prolongement de la douiria et offre un espace extérieur particulièrement agréable avec son coin bed, sa cuisine d’été, son bassin et sa douche. Une machine à laver y est également installée, apportant un véritable confort au quotidien. Vendue clé en main, cette douiria se distingue par la qualité de ses aménagements, sa décoration soignée et l’attention portée à chaque détail. Une belle opportunité aussi bien pour une résidence personnelle que pour un investissement locatif.",https://www.barnes-marrakech.com/images/produits/ac5b87632a2f00f2c185491f8a6c1177_4f53e0f449_1600-original.jpg,1,Professionnel,2026-09-30
87348707,barnes,Villa Contemporaine - Route d'Ourika,https://www.barnes-marrakech.com/fr/vente/marrakech/87348707,Vente,Villa,Marrakech,Route de l'Ourika,1 600 000 EUR,17280000,450,6,6,Piscine; Cheminée,"Implantée au sein d'un domaine sur la très prisée route de l'Ourika, cette villa à la vente s'adapte aussi bien à une résidence principale qu'à une maison de villégiature. Elle s'organise autour de beaux volumes de réception : une entrée, une salle à manger, un salon ainsi qu'un espace bar convivial, prolongés par une cuisine équipée et ses rangements attenants. Un espace indépendant est réservé au personnel, garantissant confort et fonctionnalité au quotidien. La partie nuit compte cinq chambres, chacune dotée de sa salle de bain et de son dressing, dont une belle suite parentale à l'étage. Une sixième chambre, indépendante et située à l'extérieur, dispose de son propre hammam attenant. Les extérieurs, particulièrement soignés, invitent à la détente : une terrasse court le long des chambres côté façade nord, tandis qu'une terrasse couverte prolonge naturellement les espaces de vie du salon. L'espace piscine, avec sa plage et son système de chauffage par pompe à chaleur, offre un véritable lieu de convivialité. Un local de rangement complète l'ensemble des prestations.",https://www.barnes-marrakech.com/images/produits/4ba110e4c385e337a5e511463d61dfcb_978b91d8aa_2000-original.jpg,1,Professionnel,2026-09-30
87354506,barnes,Riad - Maison d'hôtes d’exception à vendre à Marrakech – Médina,https://www.barnes-marrakech.com/fr/vente/marrakech/87354506,Vente,Riad,Marrakech,Médina,1 250 000 EUR,13500000,300,6,6,Piscine; Meublé; Cheminée,"Une adresse confidentielle au cœur de la Médina, à deux pas de la Place des Épices Au cœur de la Médina de Marrakech, à seulement 50 mètres de la célèbre Place des Épices et à quelques minutes à pied de la place Jemaa El Fna, ce superbe riad offre une adresse rare, au sein d’un environnement authentique et préservé. Niché dans une ruelle calme, cette propriété de 175m2 au sol séduit par son emplacement privilégié, son architecture traditionnelle et la qualité de sa rénovation, réalisée en 2023 par ses propriétaires actuels. Chaque espace a été pensé pour conjuguer l’âme du patrimoine marocain avec une élégance contemporaine et un confort adapté aux exigences d’une clientèle internationale. La propriété dévoile six grandes chambres raffinées, chacune disposant de sa salle de bain privative en tadelakt et de sa climatisation réversible. Les matériaux nobles, les finitions soignées et l’harmonie des volumes créent une atmosphère chaleureuse, propice à la détente et à une expérience de séjour haut de gamme. Au centre du riad, le patio constitue un véritable lieu de vie. Il accueille plusieurs espaces salons ainsi qu’une magnifique piscine chauffée, équipée d’une verrière rétractable permettant d’en profiter en toute saison. Un hammam traditionnel complète les prestations de cette propriété, apportant une dimension bien-être particulièrement appréciée dans l’univers de l’hospitalité à Marrakech. Les trois terrasses panoramiques offrent un cadre privilégié pour profiter de la lumière de Marrakech et de vues remarquables sur les toits de la Médina, avec la Koutoubia en toile de fond. Aménagées avec des bains de soleil, des espaces de détente, un bar et un espace massage, elles invitent à prolonger l’expérience dans une ambiance sereine et raffinée. Par son emplacement stratégique, la qualité de sa rénovation et ses prestations, ce riad présente un potentiel particulièrement intéressant pour un acquéreur passionné par une activité de maison d’hôtes ou disposer d’une résidence privée au caractère unique. Son agencement, ses équipements et son atmosphère en font une propriété adaptée à un projet d’hospitalité de standing, dans l’un des secteurs les plus recherchés de la Médina de Marrakech. Les atouts de la propriété * Riad entièrement rénové en 2023 * Emplacement privilégié dans la Médina de Marrakech * À 50 mètres de la Place des Épices * À quelques minutes à pied de Jemaa El Fna * 6 grandes chambres avec salles de bain privatives en tadelakt * Climatisation réversible dans chaque chambre * Piscine chauffée avec verrière rétractable * Hammam traditionnel * 3 terrasses panoramiques * Vues sur les toits de la Médina et la Koutoubia * Espaces détente, bar et espace massage * Idéal pour une résidence privée ou maison d’hôtes Une propriété singulière, où l’authenticité de la Médina rencontre le confort contemporain, pour un investissement immobilier de caractère à Marrakech.",https://www.barnes-marrakech.com/images/produits/cf22799a2c7dc13dc411ac5a574bd3a7_aaa374f2b9_2896-original.jpg,1,Professionnel,2026-09-30
87349242,barnes,Villa Exceptionnelle - Golf,https://www.barnes-marrakech.com/fr/vente/marrakech/87349242,Vente,Villa,Marrakech,Golf Amelkis,1 590 000 EUR,17172000,800,4,2,Golf; Cheminée; Piscine,"Ancienne propriété de Charles Aznavour, cette villa d'exception bénéficie d'un environnement privilégié, au sein d'une résidence sécurisée avec golf. Édifiée sur un terrain de 902 m², elle développe environ 800 m² habitables. Son architecture élégante séduit d'emblée, avec ses sept baies vitrées aux formes ogivales ouvrant sur une piscine à débordement. Le jardin paysager, composé de bougainvilliers, rosiers, palmiers et cactées, confère à l'ensemble un charme rare. Au sous-sol, la villa dispose d'un logement de gardien avec salle d'eau, d'une buanderie, d'un hammam et d'une salle de sport. Le rez-de-chaussée s'organise autour d'une entrée, d'un double séjour, de deux salles à manger et d'une cuisine spacieuse, complétés par une chambre avec salle d'eau ainsi qu'un hall orné d'une fontaine et d'un escalier monumental. À l'étage, trois suites spacieuses avec cheminées, chacune dotée d'une terrasse ou d'un balcon, sont complétées par un bureau. La propriété est vendue avec du mobilier de valeur. Elle compte 7 pièces principales, dont 4 chambres, 2 salles de bain et 2 salles d'eau, pour une surface habitable de 800 m². Un bien rare sur le marché, alliant prestige, histoire et cadre de vie exceptionnel.",https://www.barnes-marrakech.com/images/produits/567f8131abe616b3f6ae036c73a9364f_daae8006be_2000-original.jpg,1,Professionnel,2026-09-30
87391760,barnes,RIAD D'EXCEPTION A VENDRE - MAISON D’HÔTES,https://www.barnes-marrakech.com/fr/vente/marrakech/87391760,Vente,Riad,Marrakech,Riad Zitoun Kedim,1 340 000 EUR,14472000,480,4,2,Meublé; Cheminée; Piscine,"Au cœur de la Médina de Marrakech, dans l’un des quartiers les plus recherchés de Riad Zitoun Kdim, à quelques minutes de la mythique place Jemaa el-Fna, se dévoile ce riad neuf de charme, bénéficiant d’une autorisation d’exploitation en maison d’hôtes. Édifié sur une superficie au sol d’environ 200 m², le riad a été pensé avec soin autour d’un patio central agrémenté d’une piscine. Sa décoration, à la fois raffinée, élégante et intemporelle, associe harmonieusement des lignes contemporaines à l’authenticité des matériaux et savoir-faire marocains, créant une atmosphère chaleureuse et particulièrement soignée. Le riad est exploité depuis environ un an et demi et bénéficie déjà d’une activité établie, avec un très bon taux d’occupation et une belle rentabilité, constituant ainsi une opportunité intéressante pour un acquéreur à la recherche d’un établissement prêt à poursuivre son exploitation. Dès l’entrée, un hall accueille les visiteurs et mène à un espace de réception avec cuisine équipée. L’ensemble s’ouvre ensuite sur le patio, véritable cœur du riad, autour duquel s’organisent les différents espaces de vie. Le rez-de-chaussée comprend deux suites, ainsi qu’un agréable espace salon et une salle à manger, offrant une circulation fluide entre les espaces intérieurs et le patio. À l’étage, deux suites supplémentaires prennent place, dont une master suite, offrant confort et intimité. Le rooftop constitue un véritable prolongement des espaces de vie. Il dispose d’une cuisine d’été, ainsi que de plusieurs espaces aménagés pour les repas et la détente, permettant de profiter pleinement des belles journées et soirées marrakchies. Une adresse clé en main au cœur de la Médina Avec ses quatre suites, son patio avec piscine, ses espaces de réception, son rooftop aménagé et son autorisation d’exploitation en maison d’hôtes, ce riad réunit les qualités recherchées d’une propriété de charme destinée à une clientèle internationale. Son exploitation depuis un an et demi, son bon niveau d’occupation et sa rentabilité déjà établis permettent d’envisager une acquisition dans une logique à la fois patrimoniale et d’exploitation. Une propriété neuve, élégante et parfaitement entretenue, où la modernité dialogue avec l’âme et les matériaux traditionnels du Maroc. Une adresse confidentielle et pleine de charme, idéalement située à Riad Zitoun Kdim, à proximité de Jemaa el-Fna, offrant une véritable opportunité d’investissement au cœur de Marrakech.",https://www.barnes-marrakech.com/images/produits/9cc1f08f4c411465336308b90d80e797_575da25793_2896-original.jpg,1,Professionnel,2026-09-30
87313943,barnes,VILLA DE LUXE À VENDRE PROCHE DES TROIS GOLFS,https://www.barnes-marrakech.com/fr/vente/marrakech/87313943,Vente,Villa,Marrakech,Golf Amelkis,1 790 000 EUR,19332000,2100,4,1,Cheminée; Piscine,"Villa d'exception de 495 m² sur un écrin de 2 100 m² Dans un cadre clos et préservé, cette villa de 495 m² habitable déploie sur 2 100 m² de terrain un art de vivre où raffinement et fonctionnalité se répondent avec évidence. Dès l'entrée, la demeure révèle une distribution pensée dans le moindre détail : chambre de service, cuisine entièrement équipée, cellier et cour de service dédiée assurent un confort discret au quotidien. Les réceptions y trouvent un cadre à la mesure de leur ambition — un salon TV intimiste, un salon principal aux volumes généreux, une salle à manger élégante, et un patio baigné de lumière qui insuffle à l'ensemble une atmosphère à la fois lumineuse et empreinte de charme. L'étage des nuits offre quatre suites spacieuses, chacune dotée d'une salle de bain privative et d'un dressing — un parti pris d'intimité et de confort digne des plus belles adresses. À l'extérieur, la villa se prolonge en un véritable art de vivre méditerranéen : un pool house élégant accompagne une piscine à débordement de 4x20 mètres, complétée d'un coin repos propice à la détente. Un solarium vient parachever ces espaces extérieurs, offrant un lieu privilégié pour se ressourcer face au ciel.",https://www.barnes-marrakech.com/images/produits/af07254c451c4783320ce8b94b9a2cd6_e3faf51188_1920-original.jpg,1,Professionnel,2026-09-30
87306101,barnes,Magnifique villa d’inspiration marocaine nichée dans un environnement paisible,https://www.barnes-marrakech.com/fr/vente/marrakech/87306101,Vente,Villa,Marrakech,Route de Fès,880 000 EUR,9504000,5088,6,1,Cheminée; Gardien; Piscine; Meublé,"Magnifique villa d’inspiration marocaine nichée dans un environnement paisible Située à seulement 30 minutes du centre-ville de Marrakech, au sein d’une résidence sécurisée, calme et parfaitement arborée, cette somptueuse villa séduit par son charme authentique et ses volumes généreux. Édifiée sur un magnifique terrain paysager de 5 088 m², la propriété développe une surface construite de 518 m² et offre des prestations de qualité ainsi qu’un cadre de vie exceptionnel. La villa se compose de : 4 belles suites en rez-de-chaussée, chacune avec sa salle de bain, une chambre à l’étage idéale pour recevoir, une chambre de personnel, ainsi qu’une suite en sous-sol, actuellement aménagée en élégante salle de billard. Les espaces de réception, à la fois spacieux et chaleureux, comprennent un vaste salon central, un espace salle à manger convivial et un authentique salon marocain, parfait pour recevoir dans une ambiance raffinée. À l’extérieur, tout a été pensé pour le confort et la détente : une grande terrasse ombragée, un pool house, une superbe piscine de 17 x 7 mètres, un jacuzzi pouvant accueillir jusqu’à 7 personnes, ainsi qu’un abri pour 3 véhicules. Cette propriété de caractère est idéale pour les amateurs de tranquillité, d’espace et d’art de vivre marocain, à proximité immédiate de Marrakech.",https://www.barnes-marrakech.com/images/produits/c6c09e14cd6d95a42a1519641276c070_2f82a09b37_2527-original.jpg,1,Professionnel,2026-09-30
87313869,barnes,Riad de luxe avec 4 chambres – Médina de Marrakech,https://www.barnes-marrakech.com/fr/vente/marrakech/87313869,Vente,Riad,Marrakech,Riad Zitoun Jdid,692 000 EUR,7473600,255,4,4,Cheminée; Meublé,"Bénéficiant d'un emplacement patrimonial d'exception, ce Riad titré offre de superbes volumes et une structure saine au cœur de la Médina. Avec ses 134 m² au sol et ses 255 m² habitables, ce bien propose des prestations complètes, idéales pour une résidence principale ou un projet locatif. Emplacement : Adjacant au prestigieux Palais Bahia, dans un secteur historique et très prisé de la Médina. Superficie & Agencement : 134 m² au sol (255 m² habitables) comprenant 4 chambres, 4 salles de bain, un bureau indépendant, un salon et une cuisine. Atouts : Un hammam privatif, un dressing, une belle terrasse spacieuse pour profiter de l'extérieur, le tout sur un bien entièrement titré garantissant un dossier juridique clair. Potentiel : Des volumes généreux et une adresse prestigieuse, idéaux pour un pied-à-terre d'exception ou un investissement à forte valeur ajoutée.",https://www.barnes-marrakech.com/images/produits/6a4335c76dc4f3b0e27d0de078069352_9f8c65ec3e_584-original.jpg,1,Professionnel,2026-09-30
87296317,barnes,Appartement hivernage avec piscine chauffée,https://www.barnes-marrakech.com/fr/vente/marrakech/87296317,Vente,Appartement,Marrakech,Hivernage,489 000 EUR,5281200,145,2,,Ascenseur; Piscine; Meublé,"Appartement de charme à l'hivernage, ce bien de haut standing, situé au calme dans une résidence avec piscine chauffée sur le toit terrasse dont vous pourrez admirer la vue exceptionnelle, ce bien a été entièrement revisité, il vous propose un beau séjour meublé sans démesure, un accès sur une terrasse aménagée, couverte, deux belles chambres avec chacune sa salle de bain également revisitée, à visiter absolument.",https://www.barnes-marrakech.com/images/produits/e6c0c314a7233545bff4145484e32f53_c5ff9e260b_1276-original.jpg,1,Professionnel,2026-09-30
87301518,barnes,Villa contemporaine en construction,https://www.barnes-marrakech.com/fr/vente/marrakech/87301518,Vente,Villa,Marrakech,Amelkis,940 000 EUR,10152000,1050,4,4,Air conditionné; Double vitrage; Fenêtre aluminium; Fenêtres coulissantes; Internet; Abri de voiture; Arrosage; Clôture; Éclairage extérieur; Portail électrique; Vidéophone; Piscine,"Dans le secteur du Golf d’Amelkis, cette élégante villa contemporaine en début de construction offre un cadre de vie raffiné sur un terrain de 1050 m², développant 400 m² habitables, elle dispose de quatre chambres spacieuses dont 2 master bedrooms, de beaux volumes baignés de lumière et de prestations haut de gamme. Son jardin arboré compose un véritable écrin de verdure, idéal pour profiter de la quiétude du secteur. Livraison prévus sous 12 mois clé en main et non meublée.",https://www.barnes-marrakech.com/images/produits/3b4fb7beb1d02e2e334a4bd046cd45b5_8438b2207a_871-original.jpg,1,Professionnel,2026-09-30
87281508,barnes,"PROGRAMME DE 8 VILLAS CONTEMPORAINES – ROUTE DE L’OURIKA, MARRAKECH",https://www.barnes-marrakech.com/fr/vente/marrakech/87281508,Vente,Villa,Marrakech,Route de l'Ourika,750 000 EUR,8100000,300,4,4,Piscine,"Situé sur la très prisée Route de l’Ourika, à environ 9 à 10 kilomètres de Marrakech, ce nouveau programme résidentiel en cours de construction se compose d’un ensemble exclusif de seulement 8 villas, pensé pour offrir à ses futurs propriétaires un cadre de vie privilégié, au calme et au cœur d’un environnement naturel exceptionnel. Chaque villa développe environ 300 m² habitables sur des terrains d’environ 980 m² et bénéficie d’une architecture contemporaine élégante, de beaux volumes et d’une conception tournée vers la lumière et les espaces extérieurs. Les villas disposent de 4 chambres en suites, chacune accompagnée de son dressing, offrant confort et intimité à toute la famille. Les espaces de vie s’ouvrent naturellement sur les extérieurs et profitent d’une magnifique vue dégagée sur les montagnes de l’Atlas, véritable signature du projet. Chaque propriété bénéficie également de sa piscine privative, avec une pré-installation permettant l’installation d’un système de chauffage de la piscine, ainsi que de prestations et finitions soigneusement sélectionnées, notamment des sols en céramique. Les villas sont proposées non meublées, laissant à chaque acquéreur la liberté de personnaliser entièrement son intérieur et de créer une atmosphère à son image. Ce programme offre ainsi une belle alternative pour ceux qui recherchent une résidence contemporaine à Marrakech, combinant espace, intimité, vue sur l’Atlas et proximité de la ville, dans un environnement résidentiel à taille humaine. Livraison prévisionnelle : décembre 2026. Un programme confidentiel de seulement 8 villas, idéal aussi bien pour une résidence principale ou secondaire que pour un investissement patrimonial dans l’un des secteurs les plus recherchés aux portes de Marrakech.",https://www.barnes-marrakech.com/images/produits/3ad6d1ea0df431a476a84f0f926a0642_99c35b2512_1280-original.jpg,1,Professionnel,2026-09-30
87281459,barnes,TRES BELLE MAISON A AMELKIS,https://www.barnes-marrakech.com/fr/vente/marrakech/87281459,Vente,Villa,Marrakech,Golf Amelkis,950 000 EUR,10260000,450,3,3,Cheminée; Piscine,"Située dans le prestigieux quartier d’Amelkis à Marrakech, cette magnifique villa vide offre un cadre de vie calme, sécurisé et haut de gamme. D’une superficie habitable de 450 m², la propriété se compose de plusieurs espaces lumineux et bien agencés. Elle dispose de trois chambres spacieuses accompagnées de 3 salles de bain, idéales pour une vie familiale confortable. La villa bénéficie également d’un beau jardin arboré ainsi que d’une piscine privée, parfaits pour profiter du climat ensoleillé de Marrakech. Au sous-sol, vous trouverez une chambre dédiée au personnel, offrant praticité et indépendance. Un bien rare dans un environnement prisé, à découvrir sans tarder.",https://www.barnes-marrakech.com/images/produits/ff473013e16dc230a6b8be79397834ba_4f0a941aac_3344-original.jpg,1,Professionnel,2026-09-30
87273216,barnes,PROGRAMME IMMOBILIER NEUF – MARRAKECH,https://www.barnes-marrakech.com/fr/vente/marrakech/87273216,Vente,Appartement,Marrakech,Centre ville,80 000 EUR,864000,,,,Ascenseur; Gardien,"BARNES MARRAKECH vous propose appartements & studios haut standing. Découvrez une nouvelle résidence immobilière au cœur de Marrakech, idéalement située à proximité du Jardin Majorelle et de Bab Doukkala, dans un environnement recherché offrant un accès rapide aux principales commodités de la ville. La résidence propose une sélection de studios et appartements neufs haut standing, pensés pour répondre aux exigences d’une clientèle à la recherche de confort, modernité et qualité de vie. Des prestations soignées Les logements bénéficient d’une architecture contemporaine, de volumes agréables et de finitions modernes et élégantes, avec une attention particulière portée aux détails et au confort au quotidien. Les atouts du projet : • Programme immobilier neuf • Studios et appartements de différentes configurations • Finitions contemporaines et haut standing • Architecture moderne et élégante • Emplacement central et stratégique • À proximité de Majorelle, Bab Doukkala et des principales commodités • Idéal pour habitation, résidence secondaire ou investissement locatif Un emplacement privilégié à Marrakech Profitez d’un emplacement permettant de conjuguer vie urbaine, confort et proximité des lieux emblématiques de Marrakech. Que ce soit pour y vivre ou pour investir, ce programme constitue une opportunité intéressante dans un secteur à forte demande. Pour connaître les disponibilités, les superficies, les plans et les prix, contactez-nous",https://www.barnes-marrakech.com/images/produits/cab8de268e27ce3068e229e89682c351_7294038929_1063-original.jpg,1,Professionnel,2026-09-30
87312568,barnes,à vendre villa d'exception à Bab Atlas,https://www.barnes-marrakech.com/fr/vente/marrakech/87312568,Vente,Villa,Marrakech,Bab Atlas,Prix Nous consulter,,13500,6,6,Gardien; Meublé,"Nichée au cœur d’un somptueux parc paysager de 1,38 hectare, entièrement arboré et préservé de tout vis-à-vis, cette propriété d’exception déploie près de 900 m² habitables dans un écrin d’une rare qualité, où l’intimité, l’élégance et le raffinement s’accordent en parfaite harmonie. Dès le seuil franchi, un escalier majestueux et une hauteur sous plafond spectaculaire imposent le ton et révèlent l’ampleur des volumes qui signent cette demeure. Sur la gauche s’ouvrent un espace de toilettes destiné aux invités ainsi qu’une vaste cuisine entièrement équipée, prolongée de ses espaces de service. Le cœur de la villa accueille un généreux salon de réception rehaussé d’une cheminée, en dialogue avec une élégante salle à manger. Baignées de lumière par leurs larges ouvertures, ces pièces de vie s’épanouissent sur une magnifique terrasse aménagée, trait d’union naturel entre les espaces de réception et le jardin.",https://www.barnes-marrakech.com/images/produits/585d5f9d6b1e1efc9782b985e3aebe9c_0bd8b5a28e_2000-original.jpg,1,Professionnel,2026-09-30
87356799,barnes,"ÉLEGANTE VILLA CONTEMPORAINE 4 CHAMBRES – GOLF DE NORIA, MARRAKECH",https://www.barnes-marrakech.com/fr/vente/marrakech/87356799,Vente,Villa,Marrakech,Route D'Amizmiz,845 000 EUR,9126000,550,4,4,Gardien; Piscine; Meublé; Golf; Cheminée,"Située dans le domaine golfique de Noria, à seulement 10 minutes du centre de Marrakech et de l’aéroport, cette villa contemporaine de 550 m² habitables sur un terrain paysager de 980 m² offre un cadre de vie privilégié, à proximité immédiate du golf. Dès l’entrée, la propriété séduit par ses beaux volumes, ses hauts plafonds, sa luminosité et la qualité de ses finitions. Pensée pour une vie confortable au quotidien comme pour recevoir, elle propose de vastes espaces de séjour et de réception, ainsi que quatre chambres dans la partie principale. Le sous-sol, entièrement aménagé, apporte une réelle valeur ajoutée à l’ensemble avec une cuisine ouverte sur une agréable cour anglaise, une salle à manger et une belle salle de réception, formant un véritable espace de vie complémentaire. La villa est vendue meublée et bénéficie de prestations complètes : piscine chauffée, climatisation intégrée double flux, volets électriques, arrosage automatique, éclairage extérieur, portail automatique et parking pour trois voitures. Au cœur d’un environnement calme, sécurisé et particulièrement apprécié, cette propriété représente une opportunité rare à Noria, aussi adaptée à une résidence principale qu’à une résidence secondaire ou à un investissement patrimonial de qualité.",https://www.barnes-marrakech.com/images/produits/f869a155967be301d103c5d9c9538561_911d22165e_1600-original.jpg,1,Professionnel,2026-09-30
87255598,barnes,Villa contemporaine en première ligne de golf — 600 m² sur parc arboré de 3 031 m²,https://www.barnes-marrakech.com/fr/vente/marrakech/87255598,Vente,Villa,Marrakech,Golf Al Maaden Marrakech,3 200 000 EUR,34560000,600,5,5,Piscine; Hammam; Spa; Cheminée; Proximité Golf,"Nichée au cœur d'un prestigieux domaine golfique, cette villa contemporaine de 600 m² habitables s'ouvre en première ligne sur le parcours, au sein d'un parc arboré de 3 031 m² d'une rare sérénité. Dès l'entrée, une vaste réception déploie ses salons à cheminée et sa salle à manger, prolongés par une cuisine entièrement équipée. La villa compte cinq suites — trois de plain-pied et deux à l'étage — ainsi qu'un hammam dédié au bien-être. À l'extérieur, les espaces paysagers s'organisent autour d'un bassin balinais et d'une superbe piscine offrant une vue directe sur le golf. Un logement du personnel complète la propriété. Parfaitement entretenue, cette demeure se distingue par la qualité de sa construction et de ses prestations haut de gamme. Orientée plein sud, elle jouit d'une vue exceptionnelle sur les montagnes de l'Atlas.",https://www.barnes-marrakech.com/images/produits/4863a14831fc28834815cacb8908ba80_de1f227b8b_1996-original.jpg,1,Professionnel,2026-09-30
87218694,barnes,"EXCEPTIONNEL – CENTRE COMMERCIAL D'EXCEPTION AU CŒUR DE LA PLACE JEMAA EL-FNA, MARRAKECH",https://www.barnes-marrakech.com/fr/vente/marrakech/87218694,Vente,Villa,Marrakech,Médina,Prix Nous consulter,,1045,,,Meublé; Spa; Calme absolu,"Au cœur de l'une des places les plus emblématiques et les plus fréquentées au monde, nous proposons à la vente un actif immobilier d'une rareté absolue : un centre commercial en gros œuvre, offrant un potentiel de développement exceptionnel dans un emplacement iconique. Édifié sur une emprise au sol d'environ 1 045 m², ce projet développe une surface d'exploitation totale d'environ 3 515 m², répartie sur quatre niveaux (R+2 avec deux sous-sols). Le programme prévoit 51 cellules commerciales modulables, permettant une grande flexibilité d'aménagement. Les espaces peuvent être réunis afin de créer des boutiques de plus grande envergure. Le véritable atout de cette réalisation est sans conteste son rooftop panoramique, imaginé pour accueillir un espace de restauration. Il offre une vue spectaculaire à 360° sur la mythique place Jemaa el-Fna, la mosquée Koutoubia et les majestueuses montagnes de l'Atlas. Un lieu unique où, contre toute attente, règne une atmosphère d'un calme remarquable, offrant une expérience rare au cœur de l'effervescence marrakchie. Cet actif représente une opportunité d'investissement unique pour le développement d'un pôle commercial, gastronomique ou lifestyle au sein de l'une des destinations touristiques les plus prisées au monde. Caractéristiques principales : - Emplacement premium sur la place Jemaa el-Fna. - Surface au sol : environ 1 045 m². - Surface d'exploitation : environ 3 515 m². - Immeuble en R+2 avec deux sous-sols. - 51 cellules commerciales modulables. - Rooftop dédié à la restauration avec vue panoramique exceptionnelle. - Gros œuvre réalisé, offrant une liberté totale d'aménagement selon votre concept. - Escalators - 2 entrées Dossier complet et informations complémentaires disponibles sur demande. Confidentialité assurée.",https://www.barnes-marrakech.com/images/produits/aecedb7825388baf80d2601a87012f30_f38eecc62d_1562-original.jpg,1,Professionnel,2026-09-30
87265980,barnes,Sublime villa en front de golf sur Amélkis,https://www.barnes-marrakech.com/fr/vente/marrakech/87265980,Vente,Villa,Marrakech,Golf Amelkis,2 390 000 EUR,25812000,500,6,5,Cheminée; Gardien; Piscine; Meublé; Golf,"Une élégance confidentielle face au golf de Marrakech Il est des demeures dont le charme s'impose sans jamais chercher à impressionner. Cette villa en première ligne de golf appartient à cette catégorie rare. Derrière une architecture contemporaine aux lignes pures, elle révèle un art de vivre empreint de sérénité, où chaque espace dialogue avec la lumière, les jardins et les perspectives infinies des greens. Déployée sur près de 500 m² habitables, la propriété bénéficie d'une exposition plein sud qui inonde les pièces de lumière tout au long de la journée. Les larges baies vitrées abolissent les frontières entre intérieur et extérieur, laissant entrer la douceur du climat marrakchi dans chaque pièce. Entièrement meublée avec un sens aigu des proportions et des matières, la villa privilégie l'élégance à l'ostentation. Les volumes sont généreux, les finitions soignées et l'atmosphère résolument apaisante. Une décoration contemporaine, ponctuée de touches artisanales marocaines, compose un ensemble intemporel où l'on se sent immédiatement chez soi. La demeure accueille cinq suites, dont une de plain-pied en rez-de-jardin, offrant une parfaite indépendance à ses occupants. Chacune dispose de son dressing, de sa salle de bains privative et s'ouvre sur les jardins paysagers ou sur les fairways du golf. L'organisation des espaces permet d'accueillir famille et invités dans un confort absolu, tout en préservant l'intimité de chacun. À l'extérieur, le jardin s'articule autour d'un spectaculaire bassin de nage, véritable colonne vertébrale de la propriété. Une piscine chauffée prolonge les plaisirs de la baignade en toute saison, tandis que le jacuzzi invite à savourer les longues soirées marocaines, avec, en toile de fond, les reliefs majestueux de l'Atlas. Pensée pour conjuguer prestige et modernité, la villa est équipée de panneaux solaires, illustrant une approche plus responsable du luxe sans rien céder aux exigences de confort. Des chambres de service indépendantes viennent compléter les prestations de cette propriété, dont chaque détail a été conçu pour répondre aux standards d'une résidence de grand standing. Dans l'un des domaines golfiques les plus recherchés de la Ville Ocre, cette adresse confidentielle offre bien plus qu'une maison : elle propose un mode de vie. Celui d'une élégance discrète, d'un luxe apaisé et d'un quotidien rythmé par la lumière, le silence et la beauté des paysages.",https://www.barnes-marrakech.com/images/produits/2de3fa8da711ff26b6a31e9d65fd2ee1_2c1eca7be2_2000-original.jpg,1,Professionnel,2026-09-30
87218267,barnes,VILLA CONTEMPRAINE A VENDRE,https://www.barnes-marrakech.com/fr/vente/marrakech/87218267,Vente,Villa,Marrakech,Route de l'Ourika,1 500 000 EUR,16200000,10000,8,8,Cheminée; Gardien; Piscine; Meublé,"Très belle maison contemporaine neuve de 670m2 sur la route de l’Ourika sur un hectare de terrain arboré. Elle compte 8 chambres, quatre à l’étage et deux au rez-de-chaussée, ainsi qu’un bungalow d’invités de 100 mètres carrés comprenant deux chambres et un salon. La maison offre une vue dégagée sur les montagnes de l’Atlas. A l'extérieur un grand pool house donnant sur la piscine et son salon encastré prévue pour 12 personnes. La maison est vendue meublée avec du mobilier de qualité.",https://www.barnes-marrakech.com/images/produits/2c9f33fb8b6aabc5eef99e97cfb7f969_54d8528e1c_3331-original.jpg,1,Professionnel,2026-09-30
87220455,barnes,"Villa d'exception à vendre – Route de Fès, Marrakech",https://www.barnes-marrakech.com/fr/vente/marrakech/87220455,Vente,Villa,Marrakech,Route de Fès,3 300 000 EUR,35640000,950,6,2,Cheminée; Piscine; Meublé,"Située dans l'un des secteurs les plus prisés de la Route de Fès, cette propriété d'exception s'étend sur un magnifique domaine paysager 10 300 m² et développe 950 m² habitables. Véritable écrin de verdure, elle offre un cadre de vie rare, où élégance, intimité et prestations haut de gamme se conjuguent harmonieusement. Dès l'entrée, la villa séduit par ses volumes généreux, sa luminosité naturelle et ses espaces de réception ouverts sur les jardins et la piscine. Pensée pour une clientèle exigeante, elle offre une atmosphère raffinée où chaque espace a été conçu pour privilégier le confort et la convivialité. La villa principale accueille quatre magnifiques suites, chacune disposant de sa salle de bains privative et de dressings, ainsi qu'une chambre de nounou. Une dépendance indépendante complète la propriété et comprend deux suites supplémentaires, offrant un espace idéal pour recevoir famille et invités en toute intimité. La propriété dispose également d'une élégante dépendance indépendante composée de deux suites, idéale pour accueillir famille et invités dans un confort absolu tout en préservant leur intimité. Les extérieurs invitent à la détente avec un vaste jardin arboré, une grande piscine, de larges terrasses ainsi que de nombreux espaces de vie en plein air, offrant un environnement paisible au cœur de la nature. Pensée comme un véritable lieu de bien-être, la villa est équipée d'un hammam traditionnel, d'un spa et d'une salle de sport entièrement aménagée, permettant de profiter d'un art de vivre exclusif au quotidien. Les amateurs de sport apprécieront également son terrain de padel privé, tandis que les équipements techniques, comprenant des panneaux solaires et un puits, assurent un excellent niveau de confort et une gestion optimisée de la propriété. Une chambre de personnel ainsi qu'une loge de gardien indépendante viennent compléter les prestations de cette demeure d'exception. À seulement quelques minutes du centre de Marrakech, cette propriété rare séduira les acquéreurs en quête d'un domaine privé offrant de vastes espaces, des prestations de qualité et un environnement privilégié.",https://www.barnes-marrakech.com/images/produits/ebbb6e0bca5adb4d7bc32d0109302079_f85f1d8aaa_1537-original.jpg,1,Professionnel,2026-09-30
87209345,barnes,"APPARTEMENT 3 CHAMBRES DE 143 M² A VENDRE – GUELIZ, MARRAKECH",https://www.barnes-marrakech.com/fr/vente/marrakech/87209345,Vente,Appartement,Marrakech,Guéliz,380 000 EUR,4104000,143,3,,Meublé; Ascenseur,"Idéalement situé au cœur de Guéliz, dans l’un des quartiers les plus recherchés de Marrakech, cet appartement de 143 m² constitue une excellente opportunité d’investissement, aussi bien pour une résidence principale que pour un projet locatif à forte rentabilité. Spacieux et lumineux, il offre de beaux volumes avec trois chambres, un agréable espace de vie, une cuisine fonctionnelle ainsi que plusieurs espaces de rangement. Son agencement permet un confort de vie optimal tout en répondant aux attentes d’une clientèle locale et internationale. Situé au sein d’une résidence sécurisée, le bien bénéficie d’un environnement calme et d’une place de parking privative en sous-sol, un véritable atout au centre-ville. Grâce à son emplacement privilégié, à proximité immédiate des commerces, restaurants, cafés, écoles et de toutes les commodités, cet appartement représente un investissement sûr avec un excellent potentiel de valorisation et de rendement locatif. Une opportunité rare au cœur de Guéliz à découvrir sans tarder.",https://www.barnes-marrakech.com/images/produits/2390deec55f145f867eab514878852ca_0f2516db0f_2896-original.jpg,1,Professionnel,2026-09-30
87181009,barnes,Villa contemporaine en palmeraie,https://www.barnes-marrakech.com/fr/vente/marrakech/87181009,Vente,Villa,Marrakech,Palmeraie,990 000 EUR,10692000,1200,6,1,Adoucisseur d'eau; Air conditionné; Borne voiture électrique; Cheminée; Double vitrage; Fenêtre aluminium; Fenêtres coulissantes; Internet; Meublé; Abri de voiture; Arrosage; Barbecue; Clôture; Éclairage extérieur; Fibre optique; Vidéophone; Jeu de boules; Piscine; Piscine en copropriété; --; Spa; Tennis; Terrain de jeux,"Au cœur d'un domaine privé sécurisé parmi les plus prisés de Marrakech, cette élégante villa contemporaine de 300 m², entièrement rénovée, s'épanouit sur un superbe terrain paysager de 1 200 m².

Baignée de lumière, la villa dévoile une vaste réception avec cheminée, largement ouverte sur les terrasses et une magnifique piscine miroir, offrant une parfaite harmonie entre les espaces intérieurs et extérieurs.

La propriété comprend une suite en rez-de-chaussée, trois suites à l'étage avec salles de bains privatives, ainsi que deux chambres indépendantes avec leurs salles de bains, idéales pour recevoir famille et invités en toute intimité.

Un garage fermé pour deux véhicules complète ce bien.

Le domaine offre à ses résidents un cadre de vie privilégié avec des prestations de qualité : court de tennis, salle de sport, restaurant, supérette, pressing et salon d'esthétique.

Une propriété de charme, idéale pour une résidence principale ou secondaire, alliant confort, élégance et qualité de vie à quelques minutes seulement du centre de Marrakech.
La villa est venue entièrement meublée, la piscine est chauffée.",https://www.barnes-marrakech.com/images/produits/7b4f77760294a154994a4f40869414f0_9893403ac1_3344-original.jpg,1,Professionnel,2026-09-30
87175128,barnes,Villa contemporaine 4 chambres Titrée,https://www.barnes-marrakech.com/fr/vente/marrakech/87175128,Vente,Villa,Marrakech,Route de l'Ourika,890 000 EUR,9612000,945,4,3,Cheminée; Piscine,"Villa contemporaine titrée à vendre sur la route de l'ourika au seins d'un programme de 10 villas sur un terrain de 945m2, offrant chacune un espace de 350m2 sur 2 niveaux avec au rez de chaussée un bel espace de réception, une salle à manger avec cuisine ouverte et une chambres d'amis. A l'étage 3 suite dans une chambres parentale avec grand dressing. La villa est vendue meublée.",https://www.barnes-marrakech.com/images/produits/9dbc99cc8a2027bf8a33bffa7e4ee768_e6e1278131_1920-original.jpg,1,Professionnel,2026-09-30
87218105,barnes,"RIAD DE CHARME TITRE AU CŒUR DE LA MEDINA, A QUELQUES PAS DE LA PLACE JEMAA EL-FNA",https://www.barnes-marrakech.com/fr/vente/marrakech/87218105,Vente,Riad,Marrakech,Derb Dabachi,420 000 EUR,4536000,140,3,3,Meublé,"Au cœur de la médina de Marrakech, dans le très recherché Derb Dabachi, à seulement cinq minutes à pied de la mythique place Jemaa el-Fna, ce riad de charme bénéficie d’une adresse privilégiée, au sein d’un quartier vivant et authentique, où demeures traditionnelles et maisons d’hôtes se côtoient. Situé au fond du derb, à l’abri de l’agitation tout en restant à proximité immédiate des principaux attraits de la médina, ce riad développe environ 140 m² de surface habitable sur une emprise au sol de 62 m². Dès l’entrée, le patio dévoile une atmosphère intimiste et chaleureuse, sublimée par un élégant bassin et une belle fontaine, véritables éléments centraux de cette demeure. Le rez-de-chaussée accueille également une chambre, une cuisine entièrement équipée ainsi qu’un agréable espace repas, prolongé par un véritable espace de vie pensé pour profiter pleinement de la douceur de vivre marocaine. À l’étage, deux belles chambres, chacune avec sa salle de bains, offrent confort et intimité. Le riad se prolonge enfin par une très jolie terrasse aménagée, véritable lieu de vie en plein cœur de la médina, idéale pour profiter des belles journées et des soirées marrakchies. Le riad séduit par la qualité de ses finitions et par le soin apporté à chaque détail. Le travail traditionnel du plâtre, les matériaux nobles et la décoration raffinée composent un ensemble harmonieux, qui ravira les amateurs d’architecture marocaine et d’artisanat traditionnel. Vendu clé en main, ce bien constitue une opportunité rare pour les amoureux du charme marocain à la recherche d’une propriété authentique, élégante et immédiatement exploitable, permettant de vivre pleinement l’expérience unique d’un riad au cœur de Marrakech. Le bien est titré et bénéficie également d’un permis d’habiter, offrant ainsi un cadre juridique particulièrement sécurisé. Un bien de caractère, idéal comme pied-à-terre à Marrakech ou pour un projet de maison d’hôtes, dans l’un des secteurs les plus recherchés de la médina.",https://www.barnes-marrakech.com/images/produits/99d4626fe380ef4c0e9ed4b3b2438dfd_dbeb3f28c5_1280-original.jpg,1,Professionnel,2026-09-30
87155586,barnes,À VENDRE – RIAD DE CHARME AU CŒUR DE LA MÉDINA DE MARRAKECH,https://www.barnes-marrakech.com/fr/vente/marrakech/87155586,Vente,Riad,Marrakech,Médina,590 000 EUR,6372000,200,4,4,Piscine; Meublé,"Idéalement situé au cœur de la Médina de Marrakech, à seulement deux minutes à pied du restaurant Slimana et à quelques pas de la Place des Épices, ce riad titré bénéficie d'un emplacement privilégié dans l'un des quartiers les plus recherchés de la ville. Développant environ 200 m² habitables sur un terrain de ±85 m², cette propriété a fait l'objet d'une rénovation complète, réalisée avec le plus grand soin. L'authenticité de l'architecture marocaine a été préservée tout en intégrant des prestations contemporaines de qualité, offrant un confort optimal et une élégance intemporelle. Chaque élément de décoration a été soigneusement sélectionné afin de créer un ensemble harmonieux et raffiné. Les matériaux nobles, les couleurs, les textures et le mobilier s'accordent avec une parfaite cohérence, sublimant le caractère authentique du riad tout en lui conférant une atmosphère chaleureuse et résolument élégante. Le riad propose quatre belles chambres, chacune disposant de sa propre salle de bain privative, une configuration idéale aussi bien pour une résidence de charme que pour une activité de location saisonnière à fort potentiel. Le rez-de-chaussée s'organise autour d'un agréable patio central, véritable cœur de la maison, et comprend : - un salon chaleureux et convivial, - un espace salle à manger, - une cuisine entièrement équipée, - des toilettes invités. Le premier étage accueille trois chambres avec leurs salles de bain privatives, offrant à chaque occupant confort et intimité. Le rooftop, véritable espace de vie à ciel ouvert, comprend : - une quatrième chambre avec salle de bain, - une cuisine, - un espace buanderie, - un bassin, idéal pour se rafraîchir et profiter pleinement du climat ensoleillé de Marrakech. L'ensemble est sublimé par une végétation soigneusement sélectionnée — oliviers, bougainvilliers, jasmin et lavande — créant une atmosphère paisible et élégante. L'accessibilité constitue un atout supplémentaire : accès voiture à proximité immédiate, parking à seulement trois minutes à pied, et environnement dynamique au cœur de l'un des secteurs les plus recherchés de la Médina. Ce riad représente une opportunité rare, alliant emplacement d'exception, charme authentique et excellent potentiel de rentabilité locative. Une adresse idéale pour les investisseurs comme pour les amateurs de biens de caractère souhaitant profiter pleinement de l'art de vivre marrakchi. Pour toute information complémentaire ou pour organiser une visite privée, nous vous invitons à nous contacter.",https://www.barnes-marrakech.com/images/produits/c8e5602b83088bf9dd253481f5847c6c_a047548e9e_3240-original.jpg,1,Professionnel,2026-09-30
87305825,barnes,Riad de luxe à Mouassine,https://www.barnes-marrakech.com/fr/vente/marrakech/87305825,Vente,Riad,Marrakech,Mouassine,1 200 000 EUR,12960000,350,6,6,Cheminée; Piscine; Meublé,"Luxueux riad titré, entièrement rénové de 350 m² habitables, idéalement situé dans le quartier le plus recherché de la médina de Marrakech, à Mouassine / Bab Laksour, à proximité immédiate du riad El Fenn et seulement 6 minutes de la Place Jemaa El Fna. Ce riad classé maison d’hôtes propose 6 chambres avec salles de bains privatives : 2 chambres au rez-de-chaussée avec chacune leur salle de bain, 4 chambres à l’étage avec leurs salles d’eau privatives. Le rez-de-chaussée comprend également un espace salon avec cheminée, un patio central lumineux avec un bassin chauffé à 29°c toute l’année, ainsi qu’un espace de rangement de 30 m² offrant un fort potentiel pour la création d’un espace bien-être. Le rooftop dispose d’un espace restaurant idéal pour les petits-déjeuners et repas, un bassin supplémentaire peut y être créé. Le sur-rooftop avec salon offre une vue imprenable sur la Koutoubia. Depuis la terrasse principale, une vue panoramique s’ouvre sur toute la Médina avec la Koutoubia et l’Atlas en ligne d’horizon. L’établissement bénéficie d’une réputation remarquable avec d’excellentes notes sur les plateformes de réservation de référence, d’un taux d’occupation solide et d’un très bon chiffre d’affaires, ce qui en fait un investissement immédiatement opérationnel et clé en main. Les matériaux ont été choisis avec soin combinant zelliges, plâtres sculptés, menuiseries alliant authenticité et confort contemporain avec des prestations modernes et un confort d’exploitation optimal. Un emplacement premium dans un secteur ultra-convoité de la médina avec un accès voiture à 100 m, un outil d’exploitation très rentable avec fort potentiel de développement (espace bien-être et bassin supplémentaire) et une qualité de réalisation exceptionnelle, en font un riad idéal pour un investisseur souhaitant reprendre une maison d’hôtes performante dans l’un des secteurs les plus prisés de la médina de Marrakech. Une visite s’impose.",https://www.barnes-marrakech.com/images/produits/905275713dd6a3f4931b84fc67725a62_cf9f07ea94_4000-original.jpg,1,Professionnel,2026-09-30
87153525,barnes,"VILLA DUPLEX DE PRESTIGE A VENDRE – HIVERNAGE, MARRAKECH",https://www.barnes-marrakech.com/fr/vente/marrakech/87153525,Vente,Appartement,Marrakech,Hivernage,Prix Nous consulter,,180,3,3,Gardien; Piscine; Meublé,"Dans l’un des secteurs les plus prisés de Marrakech, au cœur de l’Hivernage, découvrez cette élégante résidence en duplex offrant un cadre de vie privilégié, alliant confort, discrétion et prestations de grande qualité. Nichée au sein d’un environnement résidentiel calme et sécurisé, cette propriété bénéficie d’une adresse exceptionnelle, à proximité des hôtels de renom, des restaurants, des boutiques et des lieux incontournables du centre-ville. D’une superficie d’environ 180 m² habitables, cette villa séduit par ses beaux volumes, sa luminosité naturelle et son agencement pensé pour un quotidien à la fois confortable et raffiné. L’espace de vie propose un vaste salon ouvert sur les extérieurs, profitant de larges ouvertures donnant accès au jardin privé et à la piscine. L’ensemble crée une atmosphère chaleureuse, idéale pour recevoir ou profiter pleinement de l’art de vivre marrakchi. La cuisine contemporaine, entièrement équipée, combine élégance et fonctionnalité grâce à des aménagements modernes et de nombreux espaces de rangement. La partie nuit accueille trois suites indépendantes avec salles de bains privatives. Une suite située au rez-de-chaussée apporte une réelle flexibilité d’usage, tandis que la suite principale offre un espace plus intime avec dressing et salle de bains privative. Les prestations complémentaires, les rangements intégrés et la qualité des finitions renforcent le confort de cette propriété. À l’extérieur, le jardin soigneusement aménagé offre un véritable espace de détente, avec une piscine chauffée permettant d’en profiter tout au long de l’année. Vendue meublée avec goût, cette villa est prête à accueillir ses nouveaux propriétaires sans aucun travaux à prévoir. Une opportunité rare à l’Hivernage, parfaite pour une résidence principale, une maison de vacances ou un investissement de standing à Marrakech. Pour plus d’informations, contactez-nous.",https://www.barnes-marrakech.com/images/produits/72ddff0072000fe313ea7f4935e6720f_5f87173c5b_1600-original.jpg,1,Professionnel,2026-09-30
87180689,barnes,"À VENDRE – RIAD DE PRESTIGE AU CŒUR DU QUARTIER MOUASSINE, MARRAKECH",https://www.barnes-marrakech.com/fr/vente/marrakech/87180689,Vente,Riad,Marrakech,Mouassine,Prix Nous consulter,,470,6,6,Meublé; Cheminée; Piscine,"Au cœur du très prisé quartier de Mouassine, dans la Médina de Marrakech, ce superbe riad titré bénéficie d'un emplacement privilégié, à proximité des plus belles adresses de la ville. Il offre un subtil équilibre entre tradition marocaine, élégance et confort moderne. Implanté sur un terrain de 235 m², ce riad séduit par ses généreux volumes, sa circulation fluide et ses espaces de vie pensés pour offrir un cadre aussi agréable qu'élégant. Il constitue une opportunité idéale pour une résidence privée d'exception ou une maison d'hôtes. La propriété propose six chambres spacieuses, toutes dotées de leur salle de bain privative, garantissant à chacun confort, intimité et indépendance. Les espaces de réception s'articulent harmonieusement autour d'un magnifique patio agrémenté d'une piscine, véritable oasis de fraîcheur qui invite à la détente. Les matériaux, les finitions et les éléments de décoration ont été soigneusement sélectionnés afin de créer une atmosphère raffinée, chaleureuse et parfaitement cohérente, où chaque détail contribue à l'élégance du lieu. Le riad dispose d'une cuisine principale entièrement équipée au rez-de-chaussée, complétée par une cuisine d'été, idéale pour recevoir et profiter pleinement des repas en extérieur. Un ascenseur, équipement particulièrement rare dans la Médina, dessert les différents niveaux de la propriété et apporte un confort supplémentaire au quotidien. Le rooftop constitue sans conteste l'un des plus beaux atouts de cette demeure. Véritable espace de vie à ciel ouvert, il a été aménagé en plusieurs ambiances : un élégant espace bar pour partager des moments conviviaux, un salon, une salle à manger abritée sous une pergola avec chauffage et air conditionné, offrant un cadre privilégié pour se détendre. Une sur-terrasse vient compléter cet espace d'exception. Elle offre une vue panoramique à couper le souffle sur la Médina et les montagnes de l'Atlas en toile de fond, un cadre unique pour savourer chaque instant, du lever au coucher du soleil. Rare par son emplacement, ses volumes, ses prestations et son potentiel, ce riad séduira aussi bien les investisseurs à la recherche d'un établissement de charme que les acquéreurs souhaitant profiter d'une résidence de caractère au cœur de Marrakech. Pour toute information complémentaire ou pour organiser une visite privée, n'hésitez pas à nous contacter.",https://www.barnes-marrakech.com/images/produits/934d33dc8312d5ab7a0b67d5774dc932_84b48a3abb_2896-original.jpg,1,Professionnel,2026-09-30
87153287,barnes,RIAD D’EXCEPTION – 180 M² AU SOL – ARCHITECTURE MAROCAINE ÉLÉGANTE – EMPLACEMENT PREMIUM RIAD ZITOUN,https://www.barnes-marrakech.com/fr/vente/marrakech/87153287,Vente,Riad,Marrakech,Riad Zitoun Kedim,1 300 000 EUR,14040000,,8,1,Cheminée,"Au cœur du très recherché quartier de Riad Zitoun, découvrez un riad de caractère offrant une architecture marocaine raffinée, de magnifiques volumes et une distribution pensée pour conjuguer art de vivre et potentiel d’exploitation. Développé sur 180 m² au sol, ce bien séduit dès l’entrée par sa belle hauteur sous plafond, son atmosphère authentique et l’élégance de ses finitions. Le cœur du riad s’organise autour d’un patio lumineux agrémenté d’une fontaine, véritable espace de respiration desservant : - un bel espace salon / salle à manger, - une chambre avec salle de bain, - une suite, - une cuisine entièrement équipée. Un sous-sol aménagé complète l’ensemble avec un fort potentiel pour la création d’un espace bien-être, spa, hammam ou espace détente privatif. L’un des atouts majeurs de cette propriété réside dans sa conception intelligente : deux escaliers indépendants depuis le rez-de-chaussée, permettant de préserver une circulation distincte vers un appartement privatif. Cet espace indépendant accueille : - un superbe salon / salle à manger au cachet authentique, - un remarquable plafond en zwak traditionnel, - une seconde cuisine - un petit salon - deux chambres/sdb En rooftop, un espace de vie privilégié permet de profiter d’une vue ouverte sur les montagnes de l’Atlas, offrant un cadre exceptionnel pour recevoir ou créer un lieu de détente exclusif. Un bien aux multiples scénarios d’exploitation Résidence privée de prestige, maison familiale avec appartement indépendant, projet d’hospitalité confidentielle ou investissement locatif haut de gamme. Une adresse rare dans l’un des secteurs les plus prisés de la Médina de Marrakech.",https://www.barnes-marrakech.com/images/produits/6219682d0b93c1a9457840f10a520e69_d60a5c584a_2896-original.jpg,1,Professionnel,2026-09-30
87153485,barnes,"APPARTEMENT 2 CHAMBRES A VENDRE – GUELIZ, MARRAKECH",https://www.barnes-marrakech.com/fr/vente/marrakech/87153485,Vente,Appartement,Marrakech,Guéliz,235 000 EUR,2538000,84,2,1,Gardien; Meublé; Ascenseur,"À quelques pas du prestigieux Carré Eden, au cœur du quartier très prisé de Guéliz, découvrez ce bel appartement de 84 m² situé au troisième étage d’une résidence de standing. Dès l’entrée, ce bien séduit par ses volumes équilibrés, sa belle luminosité et son agencement optimisé. Il offre un vaste espace de vie composé d’un salon élégant prolongé par un coin salle à manger, créant une atmosphère chaleureuse et agréable au quotidien. La cuisine indépendante, entièrement fonctionnelle, bénéficie d’un espace buanderie discret apportant confort et praticité. L’espace nuit se compose de deux chambres raffinées, chacune disposant de grands placards intégrés pour un rangement optimal. Une salle de bain aux finitions soignées ainsi que des toilettes invités viennent compléter ce bien. Grâce à ses prestations de qualité et son emplacement stratégique à proximité immédiate des commerces, restaurants et lieux de vie de Guéliz, cet appartement représente une opportunité idéale aussi bien pour une résidence principale, un pied-à-terre à Marrakech ou un investissement locatif. Un bien rare réunissant emplacement, confort et élégance au cœur de la ville ocre. Contactez-nous pour plus d’informations",https://www.barnes-marrakech.com/images/produits/ed008da416339a69b89f8c043d30e86e_9833ad70dd_1600-original.jpg,1,Professionnel,2026-09-30
87217202,barnes,RESTAURANT A VENDRE GUELIZ MARRAKECH,https://www.barnes-marrakech.com/fr/vente/marrakech/87217202,Vente,Villa,Marrakech,Guéliz,480 000 EUR,5184000,200,,,Air conditionné; Double vitrage; Fenêtre aluminium; Meublé; Éclairage extérieur; Accès handicapé; Alarme incendie; Fibre optique; Alarme; Vidéo surveillance,"Idéalement situé au cœur de Guéliz, ce restaurant neuf bénéficie d’un emplacement de premier choix. Développé sur trois niveaux, l’établissement offre une capacité d’accueil d’environ 90 couverts, répartis entre une élégante salle au rez-de-chaussée et une agréable mezzanine. Les cuisines professionnelles, installées en sous-sol, ont été pensées pour une exploitation optimale. Une opportunité idéale pour un restaurateur ou un investisseur souhaitant s’implanter dans l’un des secteurs les plus dynamiques de Marrakech",https://www.barnes-marrakech.com/images/produits/75701d2ae6844806ef634bd35cbc6b04_d7ae2e6464_1561-original.jpg,1,Professionnel,2026-09-30
87145608,barnes,VILLA RIAD A VENDRE DANS LA PALMERAIE DE MARRAKECH,https://www.barnes-marrakech.com/fr/vente/marrakech/87145608,Vente,Villa,Marrakech,Palmeraie,830 000 EUR,8964000,580,4,4,Cheminée; Piscine; Meublé,"Située au sein de la palmeraie dans une résidence prestigieuse, à seulement 8 km du centre-ville de Marrakech, cette villa d’exception de 580 m² allie élégance, confort et raffinement. Elle offre quatre suites spacieuses, de beaux espaces de réception avec un vaste salon lumineux et une salle à manger élégante, conçus pour recevoir dans un cadre chic et contemporain. À l’extérieur, un magnifique jardin paysager accueille une piscine privée, créant un véritable havre de paix au cœur de la Palmeraie. Une propriété rare, idéale comme résidence principale, maison secondaire ou investissement de standing à Marrakech.",https://www.barnes-marrakech.com/images/produits/4d17f1e760366df84e54d13e8bb4b9f8_6c4cf10a82_3344-original.jpg,1,Professionnel,2026-09-30
87123587,barnes,PARC DE JEUX POUR ENFANTS,https://www.barnes-marrakech.com/fr/vente/marrakech/87123587,Vente,Villa,Marrakech,Targa,350 000 EUR,3780000,480,,,Air conditionné; Double vitrage; Fenêtre aluminium; Fenêtres coulissantes; Meublé; Éclairage extérieur; Ascenseur; Alarme; Terrain de jeux,"Implanté sur l’une des avenues les plus fréquentées de Marrakech, le Parc bénéficie d’un positionnement particulièrement rare sur le marché immobilier commercial local.

I s'agit d'un pas-de-porte avec un loyer mensuel de 4700€.

Avec près de 480 m² de surface exploitable, le parc occupe l’un des plus grands local commercial dédié aux loisirs.  À cela s’ajoute une terrasse fermée, climatisée et visible depuis l’avenue principale, permettant de développer une activité de restauration et de détente sur plus de 30 m² supplémentaires.

L’environnement immédiat constitue également un atout majeur :
Adossé à un important complexe sportif accueillant plusieurs centaines d’adhérents.
 Situé à proximité de 16 établissements scolaires privés dans un rayon de moins de 5 km.
Implanté au cœur de l’un des quartiers les plus dynamiques et les plus recherchés de Marrakech.

Cette combinaison entre visibilité, accessibilité, bassin de clientèle familiale et superficie exceptionnelle fait du Parc de Jeu un véritable pôle de loisirs et de services pour les familles de Marrakech.",https://www.barnes-marrakech.com/images/produits/004219d392ae148f82c9afa6a36e36cd_3b78bfbb19_1280-original.jpg,1,Professionnel,2026-09-30
87218729,barnes,"ÉLEGANT RIAD RENOVE – ALLIANCE PARFAITE ENTRE AUTHENTICITE ET MODERNITE AU CŒUR DE RIAD LAROUSS, MARRAKECH",https://www.barnes-marrakech.com/fr/vente/marrakech/87218729,Vente,Riad,Marrakech,Ryad Laarouss,830 000 EUR,8964000,150,4,4,Piscine,"Situé dans le très recherché quartier de Riad Larouss, au cœur de la médina de Marrakech, ce riad entièrement rénové séduit par son architecture raffinée, ses volumes généreux et son atmosphère paisible. Développé sur une emprise au sol d'environ 150 m², il offre un équilibre harmonieux entre le charme de l'artisanat marocain et des prestations contemporaines, laissant à son futur propriétaire la liberté de le meubler selon ses envies, puisqu'il est proposé non meublé. Le riad comprend quatre belles chambres avec salle de bain privative, un salon chaleureux, une élégante salle à manger ainsi qu'un superbe patio central agrémenté d'un bassin, véritable havre de fraîcheur et de sérénité. Situé dans une ruelle calme, avec un parking à proximité immédiate, il bénéficie d'un environnement privilégié, tout en restant à quelques minutes seulement des principaux centres d'intérêt de la médina. Grâce à sa configuration et à son emplacement stratégique, ce bien offre de multiples possibilités : résidence principale, maison de vacances, résidence secondaire ou exploitation en maison d'hôtes de charme (sous réserve des autorisations en vigueur). Un bien rare qui séduira les amateurs d'authenticité souhaitant profiter du confort contemporain, dans l'un des quartiers les plus prisés de la médina de Marrakech.",https://www.barnes-marrakech.com/images/produits/b5afd4817a8c52e1e1d0034ed2ed7dad_9dc732e137_1280-original.jpg,1,Professionnel,2026-09-30
87313841,barnes,"À vendre, très joli riad reconstruit situé à Bab Doukkala",https://www.barnes-marrakech.com/fr/vente/marrakech/87313841,Vente,Riad,Marrakech,Médina,625 000 EUR,6750000,205,4,4,Cheminée; Meublé,"À vendre, très joli riad reconstruit situé à Bab Doukkala, dans un derb calme avec accès très facile et parking à proximité. Développant environ 205 m² habitables sur 93 m² au sol, ce riad plein de charme offre un excellent équilibre entre authenticité, confort et élégance. La décoration, réalisée avec beaucoup de goût par la propriétaire, crée une atmosphère chaleureuse et raffinée. Le bien comprend quatre grandes chambres, chacune disposant de sa salle de bain privative, de climatisation réversible et d’espaces de rangement intégrés. Au rez-de-chaussée, le riad propose une agréable pièce de vie avec espace salon, une cuisine entièrement équipée ainsi qu’un joli bassin apportant fraîcheur et charme à l’ensemble. Le rooftop, parfaitement aménagé, offre une véritable pièce de vie supplémentaire avec cuisine d’été, espace repas, coin détente et douche, idéal pour profiter pleinement des journées et soirées de Marrakech. Grâce à sa configuration et à son emplacement recherché, ce riad convient parfaitement aussi bien à une résidence principale qu’à un projet de rendement locatif. Riad titré entièrement reconstruit avec permis d’habiter.",https://www.barnes-marrakech.com/images/produits/d9a649d5d894104a4176a48849decc57_a795cfc867_1600-original.jpg,1,Professionnel,2026-09-30
87145672,barnes,VILLA RIAD A VENDRE DANS LA PALMERAIE DE MARRAKECH,https://www.barnes-marrakech.com/fr/vente/marrakech/87145672,Vente,Villa,Marrakech,Palmeraie,415 000 EUR,4482000,250,3,3,Air conditionné; Cheminée; Internet; Meublé; Abri de voiture; Éclairage extérieur; Interphone; Jeu de boules; Piscine; Piscine en copropriété; Spa,"Villa de 3 chambres de style riad conçue dans la plus pure tradition arabo-andalous au seins d'une résidence de prestige de 5 hectares situé dans la Palmeraie à 5 min du golf de la Palmeraie et 15 min du centre-ville, la résidence est entièrement close et sécurisée 24h/24h Celle-ci propose un service de restauration, une grande piscine commune, un spa et un terrain de pétanque. La maison est construite sur 2 niveaux et offre 3 belles suites, le séjour très lumineux donne directement sur le patio et son bassin. Mobilier de qualité inclus dans le prix de vente",https://www.barnes-marrakech.com/images/produits/a00f73dd0ed8d4f0f9ea1b4c8a11e88a_8d6c7e9f42_3344-original.jpg,1,Professionnel,2026-09-30
87115998,barnes,APPARTEMENT 2 CHAMBRES A VENDRE – AGDAL MARRAKECH,https://www.barnes-marrakech.com/fr/vente/marrakech/87115998,Vente,Appartement,Marrakech,Agdal,190 000 EUR,2052000,92,2,,Ascenseur; Gardien; Meublé,"Situé au cœur du quartier recherché de l’Agdal à Marrakech, cet agréable appartement de 92 m² se trouve au sein d’une résidence sécurisée offrant un cadre de vie calme et confortable. L’appartement se compose d’un bel espace de vie lumineux, de deux chambres soigneusement aménagées ainsi que d’espaces fonctionnels pensés pour le confort du quotidien. Il bénéficie également d’une agréable terrasse de 8 m², idéale pour profiter des beaux jours et des moments de détente. La résidence dispose d’une piscine collective dans un environnement entretenu et sécurisé, permettant de profiter pleinement du climat de Marrakech tout au long de l’année. Vendu entièrement meublé, cet appartement représente une belle opportunité, aussi bien pour une résidence principale que pour un investissement locatif dans un secteur très apprécié.",https://www.barnes-marrakech.com/images/produits/42a48cc6a464d2db5d1d96a480c52445_954d5c0c45_1024-original.jpg,1,Professionnel,2026-09-30
87116479,barnes,Vente villa de luxe de plain-pied,https://www.barnes-marrakech.com/fr/vente/marrakech/87116479,Vente,Villa,Marrakech,Golf Amelkis,Prix Nous consulter,,1000,3,3,Cheminée; Piscine; Meublé,"en exclusivité chez Barnes Marrakech À deux pas du golf d’Amelkis, au sein d’un domaine privé et sécurisé, découvrez cette élégante villa contemporaine de plain-pied. Baignée de soleil tout au long de la journée, elle offre un vaste séjour avec cheminée, ouvert sur la piscine et le patio, créant une parfaite harmonie entre intérieur et extérieur. La villa dispose de trois belles suites, d’une cuisine entièrement équipée, d’une piscine et d’un magnifique jardin paysager de plus de 1 000 m². Une adresse privilégiée à Marrakech, alliant calme, confort et art de vivre, sur un terrain généreux avec une surface habitable de 220 m². ✨ Une villa idéale pour profiter du cadre exceptionnel d’Amelkis dans un environnement résidentiel de prestige.",https://www.barnes-marrakech.com/images/produits/136e05c3867a0115a2313172946e0cae_22c001ef0d_2896-original.jpg,1,Professionnel,2026-09-30
87101176,barnes,Maison de charme à vendre dans un domaine sécurisé,https://www.barnes-marrakech.com/fr/vente/marrakech/87101176,Vente,Villa,Marrakech,Route de Fès,1 690 000 EUR,18252000,4100,7,7,Cheminée; Gardien; Piscine; Meublé,"Située au sein d’un domaine privé sécurisé, sur la route de Fès, à seulement 15 minutes du centre-ville de Marrakech et à 5 minutes de l’École Américaine, cette élégante propriété de 4 100 m² séduit par son alliance harmonieuse entre architecture d’inspiration orientale et volumes contemporains. Édifiée sur un magnifique terrain paysager, la villa principale développe une surface habitable d’environ 450 m². Elle offre de généreux espaces de réception comprenant un salon avec cheminée, un salon télévision, un salon d’hiver, une salle à manger ainsi qu’un bureau. La cuisine est entièrement équipée et fonctionnelle. L’espace nuit se compose de cinq chambres, dont deux en rez-de-chaussée et trois à l’étage. Ce dernier bénéficie également d’une agréable terrasse offrant une vue panoramique exceptionnelle sur les montagnes de l’Atlas. La propriété dispose également d’un pavillon indépendant pour les invités comprenant un salon et deux chambres, garantissant confort et intimité à vos hôtes. À l’extérieur, de vastes terrasses aménagées s’ouvrent sur un jardin parfaitement entretenu agrémenté d’une belle piscine. Exposée plein sud, la propriété profite d’un ensoleillement optimal tout au long de l’année ainsi que d’une vue dégagée remarquable sur l’Atlas. Des logements pour le personnel ainsi qu’un parking couvert complètent les prestations de cette propriété de caractère, idéale pour une résidence principale ou secondaire aux portes de Marrakech.",https://www.barnes-marrakech.com/images/produits/a4d45ac32ac233194641d726ce082859_e4d318f0da_3344-original.jpg,1,Professionnel,2026-09-30
87116088,barnes,VILLA 4 SUITES A VENDRE – RESIDENCE GOLFIQUE AGDAL MARRAKECH,https://www.barnes-marrakech.com/fr/vente/marrakech/87116088,Vente,Villa,Marrakech,Agdal,950 000 EUR,10260000,295,4,4,Cheminée; Piscine,"Située dans un environnement privilégié au cœur du quartier de l’Agdal à Marrakech, cette élégante villa se trouve au sein d’une résidence golfique sécurisée offrant un cadre de vie exceptionnel, entre calme, confort et proximité des plus beaux atouts de la ville ocre. Édifiée sur un terrain d’une superficie de 423 m², la propriété bénéficie également d’une jouissance privative d’environ 400 m² supplémentaires, offrant de beaux espaces extérieurs et un environnement rare pour une villa en résidence. La villa propose de beaux volumes et se compose de 4 suites, pensées pour offrir confort et intimité à ses occupants. Son emplacement au sein d’un domaine golfique en fait une propriété particulièrement adaptée aussi bien pour une résidence privée que pour un investissement locatif de prestige, avec une forte demande sur ce secteur très recherché de Marrakech. Un bien idéal pour profiter d’un cadre paisible, sécurisé et verdoyant, tout en restant proche des commodités, des restaurants et des lieux emblématiques de l’Agdal",https://www.barnes-marrakech.com/images/produits/50b5529c7f624fbbcc26446cfe5db2b9_717a15e850_1280-original.jpg,1,Professionnel,2026-09-30
87072360,barnes,Élégante Villa Beldi Chic avec Piscine Privée,https://www.barnes-marrakech.com/fr/vente/marrakech/87072360,Vente,Villa,Marrakech,Route de Fès,480 000 EUR,5184000,250,5,5,Cheminée; Gardien; Piscine; Meublé,"Au cœur d’une résidence sécurisée, cette magnifique villa de style beldi chic séduit par son authenticité, son élégance et son atmosphère chaleureuse. Développant environ 250 m² habitables, la propriété offre de beaux volumes de réception et dispose de 5 suites, pensées pour garantir confort et intimité à leurs occupants. Les espaces de vie, lumineux et raffinés, s’ouvrent harmonieusement sur un agréable jardin agrémenté d’une superbe piscine privée de 8 x 4 mètres, avec une profondeur de 1,40 mètre, idéale pour profiter pleinement du climat privilégié de Marrakech. Vendue entièrement meublée et décorée avec goût, cette villa est prête à accueillir ses futurs propriétaires dans un cadre de vie alliant charme marocain et prestations de qualité. Une propriété rare, idéale comme résidence principale, maison de vacances ou investissement de standing, au sein d’un environnement calme et sécurisé à Marrakech",https://www.barnes-marrakech.com/images/produits/1d5a05cf335165d6b7162d52e64c10fd_8b36a06763_2896-original.jpg,1,Professionnel,2026-09-30
87093232,barnes,Riad de Charme d’Exception au cœur du quartier prisé des Ksour,https://www.barnes-marrakech.com/fr/vente/marrakech/87093232,Vente,Riad,Marrakech,Mouassine,1 350 000 EUR,14580000,350,6,6,Cheminée; Gardien; Piscine; Meublé,"Niché dans l’un des derbs les plus calmes et recherchés du quartier des Ksour, ce magnifique riad - maison d’hôtes conjugue authenticité marocaine, raffinement et emplacement privilégié. Édifié sur un terrain de 175 m² au sol, ce bien rare séduit par son architecture traditionnelle sublimée par des matériaux nobles : bejmat artisanal, tadelakt et finitions de caractère. Une végétation luxuriante apporte fraîcheur et sérénité à l’ensemble, créant une véritable oasis au cœur de la médina. Le riad propose 6 chambres élégantes, dont 2 de plain-pied, toutes équipées de télévision et pensées pour offrir un confort optimal à une clientèle exigeante. Les espaces de vie s’articulent autour d’un agréable patio avec bassin, complété par un salon chaleureux et une cuisine fonctionnelle. Chaque espace invite à la détente dans une atmosphère authentique et raffinée. Le point d’orgue de la propriété est son superbe rooftop aménagé, véritable havre de paix offrant plusieurs espaces lounge avec beds, ainsi qu’un jacuzzi, idéal pour profiter du climat de Marrakech en toute intimité. Les atouts : - Emplacement premium dans le quartier des Ksour - Derb calme et recherché - 175 m² au sol - 6 chambres dont 2 au rez-de-chaussée - Bassin dans le patio - Rooftop aménagé avec jacuzzi et espaces détente - Architecture marocaine authentique : bejmat, tadelakt et matériaux nobles - Végétation abondante et atmosphère paisible - Exploitation idéale en maison d’hôtes ou résidence de prestige Une propriété pleine de charme, prête à séduire une clientèle en quête d’authenticité, de confort et d’une adresse d’exception au cœur de la médina.",https://www.barnes-marrakech.com/images/produits/5a5783a47c31c965615924aa737ec577_f7487e8019_3344-original.jpg,1,Professionnel,2026-09-30
87107147,barnes,À VENDRE – VILLA CONTEMPORAINE EN CONSTRUCTION AVEC FORT POTENTIEL D’INVESTISSEMENT,https://www.barnes-marrakech.com/fr/vente/marrakech/87107147,Vente,Villa,Marrakech,Route D'Amizmiz,1 460 000 EUR,15768000,1400,5,5,Cheminée; Gardien; Piscine,"Grande Villa plain-pied luxueuse, 400 habitable + sous-sol de 200m2 sur un terrain de 1 400 m². Situé sur la route d’Amizmiz, entre le Palais Selman et le Fairmont Royal Palm, à proximité de 5 golfs prestigieux, cette villa offre une vue imprenable sur les montagnes de l’Atlas. Finitions haut de gamme et matériaux nobles pour un cadre de vie prestigieux. - Piscine : 20 mètres de longueur. - Jardin Paysagé et Roof-top Carrelé : Avec une vue imprenable. - 5 Suites Spacieuses et Lumineuses : Dont une master suite. - Grands Salons Ouverts : Donnant sur de grandes terrasses (100 à 180 m de terrasses). - Chambre de Personnel : Pouvant être réaménagée en 6ème chambre. - Cellier et Buanderie : Pour plus de commodité. - En Sous-sol: salle de sport, salle de cinéma, hammam, et locaux techniques. - Équipements très haut de gamme : Carrelage 120x120 cm ou marbre 30 x 60, portes en bois de noyer, climatisation Inverter générale Domotique généralisée, aluminium double-vitrage TECHNAL Isolation thermique par laine projetée Eau chaude par énergie solaire Piscine à débordement (pierre de Bali) Garage équipé d’une prise électrique pour recharge des voitures Cuisine équipée et dressing fourni Livraison… Prévue pour début 2027.",https://www.barnes-marrakech.com/images/produits/77643d1f2d121c54ec1f988cd8557ae8_ea91ae8d84_4096-original.jpg,1,Professionnel,2026-09-30
87145061,barnes,Propriété d'Exception à Marrakech – Villa Charles Boccara sur 1 000 m² de Terrain,https://www.barnes-marrakech.com/fr/vente/marrakech/87145061,Vente,Villa,Marrakech,Route de Ouarzazate,980 000 EUR,10584000,330,4,4,Spa; Domotique,"Signée par l'architecte Charles Boccara, cette villa d'exception allie l'élégance de l'architecture contemporaine à un niveau de prestations techniques rarement atteint sur le marché marrakchi. Entièrement rénovée en 2022, elle se présente dans un état irréprochable, au sein d'une résidence fermée et sécurisée, à seulement 30 mns du centre ville et à proximité immédiate des commerces, pharmacie et centre de soins. 330 m2 habitables sur un terrain de 1000 m2, la villa offre 4 chambres généreuses, conçues pour allier confort et intimité, dans un esprit de résidence principale haut de gamme. Cuisine américaine entièrement équipée, ouverte sur les espaces de vie — électroménager intégré, finitions soignées, pensée pour un usage quotidien comme pour la réception. La villa, gérée entièrement par système domotique, dispose d'une salle home cinéma prête à l'équipement, d'un arrosage automatique programmé en 6 zones indépendantes (goutte-à-goutte + asperseurs), ainsi que d'un éclairage d'ambiance extérieur traité sur 2 zones distinctes. Le terrain, parfaitement préservé de tout vis-à-vis, offre une intimité absolue. Rare sur le marché, cette propriété s'adresse à une clientèle exigeante en quête d'un bien clé en main, pensé dans ses moindres détails techniques et architecturaux. L'empreinte de Charles Boccara — maître de l'architecture arabo andalouse— confère à cette villa une identité singulière et une valeur patrimoniale pérenne.",https://www.barnes-marrakech.com/images/produits/10abedf3bd618fc601a222e22a143297_5ba4650cdb_1344-original.jpg,1,Professionnel,2026-09-30
87032496,barnes,Villa contemporaine neuve,https://www.barnes-marrakech.com/fr/vente/marrakech/87032496,Vente,Villa,Marrakech,Route de l'Ourika,645 000 EUR,6966000,800,4,4,Cheminée; Gardien; Piscine,"Villa contemporaine à vendre sur la route de l’Ourika, au sein d’un programme exclusif de seulement 4 villas, offrant un cadre de vie calme et privilégié. Édifiée sur un magnifique terrain paysagé et arboré de 800 m², cette propriété développe une surface habitable de 334 m² aux lignes modernes et aux prestations haut de gamme. La villa dispose de 4 belles chambres à coucher à l’étage, d’espaces de vie lumineux ouverts sur l’extérieur ainsi que d’une vue totalement dégagée, idéale pour profiter pleinement de l’environnement naturel et du calme des lieux. Les matériaux et finitions ont été soigneusement sélectionnés afin d’offrir un confort optimal et une élégance contemporaine. Villa vendue non meublée.",https://www.barnes-marrakech.com/images/produits/6b976b62afe29929f4519440e346a974_01b0cc9c72_1536-original.jpg,1,Professionnel,2026-09-30
87032358,barnes,Appartement avec toit-terrasse dans résidence sécurisée à Marrakech,https://www.barnes-marrakech.com/fr/vente/marrakech/87032358,Vente,Appartement,Marrakech,Sur. habitable,210 000 EUR,2268000,108,2,,Air conditionné; Internet; Meublé; Abri de voiture; Ascenseur; Gardien; Piscine; Piscine en copropriété; Tennis; Terrain de jeux,"Situé au sein d’une résidence privée et sécurisée sur la route de Casablanca, cet appartement offre un cadre de vie rare et particulièrement agréable, avec un atout fort : un superbe toit-terrasse permettant de profiter pleinement de l’extérieur.
L’appartement propose une distribution confortable et fonctionnelle, avec des espaces pensés pour une vie simple, pratique et agréable au quotidien. Son principal charme réside dans cet espace extérieur en hauteur, idéal pour aménager un coin détente, recevoir quelques invités, profiter des fins de journée ou simplement bénéficier d’un véritable prolongement de l’appartement.
La résidence offre un environnement soigné et convivial, avec plusieurs piscines, des espaces paysagers, un terrain de tennis et des équipements de loisirs qui renforcent le confort de vie. L’ensemble crée une atmosphère résidentielle agréable, à la fois calme, sécurisée et adaptée à une vie à l’année comme à un pied-à-terre à Marrakech.
Son emplacement permet de rester connecté aux principaux axes de la ville tout en profitant d’un cadre plus tranquille, dans une résidence appréciée pour ses prestations et ses espaces communs.
Ce bien conviendra particulièrement à un acquéreur recherchant un appartement facile à vivre, mais avec un vrai plus extérieur. Le toit-terrasse apporte une dimension supplémentaire au bien et en fait une opportunité intéressante, aussi bien pour une résidence principale, une résidence secondaire que pour un investissement locatif.
Un appartement lumineux, agréable et rare dans son format, offrant le confort d’une résidence sécurisée et le privilège d’un bel espace extérieur privatif.",https://www.barnes-marrakech.com/images/produits/999bcbbfdb7c452681fdb31223476243_507104c336_1280-original.jpg,1,Professionnel,2026-09-30
87032102,barnes,RIAD GROS OEUVRE – EMPLACEMENT PRIVILÉGIÉ AU CŒUR DE MARRAKECH,https://www.barnes-marrakech.com/fr/vente/marrakech/87032102,Vente,Riad,Marrakech,Médina,880 000 EUR,9504000,185,7,7,Parking; Spa; Calme absolu,"Nichée dans un environnement calme et recherché, cette propriété titrée au fort potentiel offre une opportunité rare de créer un riad d’exception, une élégante maison d’hôtes ou une prestigieuse résidence secondaire.
Édifié sur une parcelle de 185 m² au sol, ce riad en gros œuvre à terminer séduit par ses volumes généreux, sa configuration idéale et son emplacement privilégié.
Le projet prévoit :
* 7 chambres avec salles de bains privatives
* Un vaste patio ouvert baigné de lumière
* Un espace salon et salle à manger convivial et raffiné
* Une cuisine spacieuse
* Un bassin au rez-de-chaussée apportant fraîcheur et élégance
* Un espace boutique indépendant avec second accès sur rue principale, idéal pour une activité commerciale ou concept store
À l’extérieur, la propriété bénéficie d’une dépose voiture directement à l’entrée ainsi que d’un parking à proximité immédiate — un confort rare dans la médina.
Le rooftop offre une atmosphère paisible avec une agréable vue dégagée sur les palmiers, parfaite pour aménager un espace détente ou un rooftop lounge.
Les atouts :
* Titre foncier
* Excellent emplacement
* Quartier calme et accessible
* Double accès
* Fort potentiel d’exploitation en maison d’hôtes haut de gamme
* Architecture idéale pour un projet raffiné et rentable
Une adresse confidentielle au potentiel remarquable, pour investisseurs avertis ou amateurs de lieux uniques à Marrakech.",https://www.barnes-marrakech.com/images/produits/9df4cef483ed9d7cde870531229aa281_058115b30d_1280-original.jpg,1,Professionnel,2026-09-30
87032273,barnes,Appartement deux chambres dans une résidence sécurisée à Marrakech,https://www.barnes-marrakech.com/fr/vente/marrakech/87032273,Vente,Appartement,Marrakech,EXTÉRIEUR,155 000 EUR,1674000,87,2,1,Ascenseur; Gardien; Piscine,"Situé sur la route de Casablanca, au sein d’une résidence privée et sécurisée, cet appartement de 87 m² offre un cadre de vie agréable, pratique et complet, dans un environnement résidentiel apprécié à Marrakech. L’appartement propose une distribution fonctionnelle et confortable, avec un espace de vie convivial, deux chambres, une salle de bain ainsi qu’un extérieur d’environ 7 m², idéal pour profiter d’un moment au calme ou aménager un petit espace détente. La résidence se distingue par la qualité de ses espaces communs et par ses équipements pensés pour le confort du quotidien : plusieurs piscines, des espaces paysagers, un terrain de tennis ainsi que des installations de loisirs permettant de profiter pleinement de la vie en résidence. Cet environnement offre une vraie sensation de confort, avec un équilibre intéressant entre tranquillité, sécurité et services sur place. Son emplacement sur la route de Casablanca permet également de rejoindre facilement les principaux axes de Marrakech, tout en conservant un cadre résidentiel agréable. Le bien conviendra aussi bien à un premier achat qu’à un pied-à-terre ou à un investissement locatif, grâce à son format recherché, sa surface équilibrée et les prestations offertes par la résidence. Un appartement facile à vivre, situé dans une résidence complète et sécurisée, offrant un cadre de vie confortable aux portes de Marrakech.",https://www.barnes-marrakech.com/images/produits/60936547cff2b9187b73b24000c8c38c_5bd6848b71_1280-original.jpg,1,Professionnel,2026-09-30
87020804,barnes,L’EXCEPTION AU CŒUR DE LA MÉDINA : ENTRE TRADITION ET MODERNITÉ ABSOLUE Une Signature Architecturale Unique,https://www.barnes-marrakech.com/fr/vente/marrakech/87020804,Vente,Riad,Marrakech,Médina,Prix Nous consulter,,,7,1,Cheminée; Gardien; Piscine; Meublé,"Découvrez une propriété d'exception où l'âme d'un riad authentique rencontre le confort et les services d'un hôtel de luxe. Entièrement reconstruit avec une exigence rare, cette riad avec autorisation d'exploitation maison d’hôtes de 380 m² au sol est une célébration du savoir-faire artisanal et du design contemporain. Chaque détail a été personnellement orchestré par le propriétaire, mêlant matériaux nobles et objets d'art chinés pour créer une atmosphère feutrée et haut de gamme. Les espaces privatifs: Suites & Bien-être La propriété s'articule autour de volumes généreux, offrant une capacité d’accueil prestigieuse : * 7 Suites Majestueuses : Véritables havres de paix, elles disposent toutes d'une salle de bain complète avec baignoire balnéo, douche à l'italienne et toilettes séparées. * Potentiel d'extension : Une configuration permettant l’aménagement de 3 chambres supplémentaires selon vos besoins. * Espace Spa & Sérénité : Un niveau dédié à la relaxation avec un Hammam traditionnel et deux salles de massage, le tout sublimé par un marbre classique intemporel. L’Art de Vivre en Extérieur Le rooftop a été pensé comme une oasis suspendue au-dessus de la ville rouge : * Grand Bassin de nage : Pour se rafraîchir face aux toits de la Médina. * Double Espace Culinaire : Une cuisine d’été entièrement équipée avec son espace repas ombragé, complétée par une seconde cuisine professionnelle pour assurer un service impeccable. Technologie & Emplacement Stratégique Situé dans un quartier calme et préservé, ce bien offre une immersion totale dans la vie locale tout en garantissant un accès fluide et rapide vers les prestigieux golfs de Marrakech. * Éco-responsabilité : Équipé de panneaux solaires, alliant performance énergétique et respect de l'environnement. * Accessibilité : Positionnement idéal pour une exploitation en maison d'hôtes de prestige ou une résidence privée d'exception.",https://www.barnes-marrakech.com/images/produits/9ad5e94b81f79cd205189abe19076af1_6695e21d61_2896-original.jpg,1,Professionnel,2026-09-30
87017970,barnes,DOMAINE PRIVÉ DE VILLAS HAUT STANDING,https://www.barnes-marrakech.com/fr/vente/marrakech/87017970,Vente,Villa,Marrakech,Route de l'Ourika,Prix Nous consulter,,420,4,4,Cheminée; Gardien; Piscine,"Barnes Marrakech vous propose un programme résidentiel d’exception développé sur 10 hectares, dans un environnement calme, sécurisé et parfaitement aménagé. Ce domaine privé se compose de 98 villas contemporaines aux prestations soignées, offrant un cadre de vie exclusif avec de nombreux espaces dédiés aux résidents : piscine commune, terrain de padel, terrain multisports ainsi qu’une aire de jeux pour enfants. Le projet propose deux typologies de villas : * Villas isolées Terrain à partir de 771 m² Surface construite de 420 m² * Villas jumelées Terrain à partir de 500 m² Surface construite de 350 m² Le programme est développé en 4 phases. Les deux premières phases sont entièrement vendues et livrées. La troisième phase est actuellement en cours de livraison avec seulement quelques villas encore disponibles. La quatrième et dernière phase, dont la livraison est prévue pour septembre 2026, est désormais ouverte à la commercialisation. Une adresse idéale pour profiter d’un cadre de vie privilégié à Marrakech, entre confort, modernité et sérénité prix a partir de 535 000 euro",https://www.barnes-marrakech.com/images/produits/47889d604d7a26a691095f2c70904cdb_9f4636317c_3344-original.jpg,1,Professionnel,2026-09-30
87014790,barnes,GOLF ARGAN – SUPERBE VILLA FRONT GOLF A VENDRE,https://www.barnes-marrakech.com/fr/vente/marrakech/87014790,Vente,Villa,Marrakech,Golfs,1 200 000 EUR,12960000,,4,4,Cheminée; Gardien; Piscine; Meublé; Golf,"Barnes Marrakech vous propose cette élégante villa idéalement située en première ligne de golf au cœur du prestigieux Golf Argan, offrant un environnement calme, verdoyant et parfaitement sécurisé. Édifiée sur un terrain de 601 m², cette propriété séduit immédiatement par la qualité remarquable de ses matériaux et ses prestations haut de gamme. La villa dispose de quatre magnifiques suites, vendues entièrement meublées, dans un style raffiné mêlant confort moderne et élégance contemporaine. Les espaces de vie bénéficient de très belles finitions avec marbre au sol, menuiseries en bois massif, cuisine entièrement équipée et climatisation centralisée. Les ouvertures en double vitrage avec aluminium effet latte apportent à la fois isolation, luminosité et cachet architectural à l’ensemble. La villa comprend également un hammam beldi traditionnel, un vaste sous-sol entièrement aménageable selon vos envies (salle de sport, cinéma, spa ou espace de réception), ainsi qu’une superbe piscine privée avec vue dégagée sur le golf. Une propriété rare à Marrakech, idéale aussi bien en résidence principale qu’en investissement patrimonial haut de gamme.",https://www.barnes-marrakech.com/images/produits/051e812b071bf73c359e907f5f8c3ac0_b40c12b47a_3344-original.jpg,1,Professionnel,2026-09-30
87154583,barnes,ENSEMBLE EXCEPTIONNEL – 2 RIADS NEUFS À ACQUÉRIR EN LOT – OPPORTUNITÉ INVESTISSEUR À FORTE VALEUR AJOUTÉE,https://www.barnes-marrakech.com/fr/vente/marrakech/87154583,Vente,Riad,Marrakech,Ryad Laarouss,1 800 000 EUR,19440000,330,9,1,Meublé; Parking; Spa; Cuisine équipée,"Au cœur d’un environnement recherché au quartier de Riad Larouss, découvrez un ensemble immobilier rare composé de deux riads neufs se faisant face, conçus avec une exigence élevée de qualité, d’esthétique et d’exploitation. Une opportunité idéale pour un investisseur souhaitant développer une activité d’hospitalité premium, créer un concept hybride maison d’hôtes + résidence privée, ou optimiser une exploitation locative courte durée. RIAD 1 – MAISON D’HÔTES CLÉS EN MAIN – 180 m² AU SOL Autorisation d’exploitation Maison d’Hôtes obtenue Entièrement meublé, équipé et vendu neuf, ce premier riad a été pensé pour une exploitation immédiate. Il se compose de : - Une élégante entrée avec espace réception - Un magnifique bassin chauffé au rez-de-chaussée - Deux espaces salons / salle à manger - Une grande cuisine entièrement équipée - Un local technique - Toilettes invités - Une suite de plain-pied au RDC - Quatre suites supplémentaires à l’étage - Un rooftop offrant un vaste espace de vie avec douche Un produit rare permettant un lancement immédiat d’activité sans travaux ni aménagement complémentaire. RIAD 2 – RIAD PRIVÉ OU EXPLOITATION COMPLÉMENTAIRE – 150 m² AU SOL Situé juste en face du premier, ce second riad, vendu neuf et non meublé, offre une grande flexibilité d’usage. Il comprend : - Un bassin au rez-de-chaussée - Une belle cuisine équipée - Un espace salon / salle à manger - Quatre grandes chambres à l’étage - Un rooftop aménageable selon le projet Ce deuxième bien peut être exploité : - en location courte durée, - comme extension de l’activité d’hébergement, - ou comme partie habitation indépendante pour les propriétaires / exploitants. Un investissement aux multiples scénarios d’exploitation Maison d’hôtes + résidence privée, double exploitation touristique, concept exclusif privatisable ou stratégie patrimoniale haut rendement. Vente exclusivement en lot – acquisition des deux riads indissociable. A 2min du parking Dossier complet, photos et conditions sur demande.",https://www.barnes-marrakech.com/images/produits/b1f2109462ba027a5fb0a8bf987089a0_f898b3a436_1600-original.jpg,1,Professionnel,2026-09-30
86968581,barnes,Villa de luxe à vendre style Bali à marrakech,https://www.barnes-marrakech.com/fr/vente/marrakech/86968581,Vente,Villa,Marrakech,Golf Amelkis,2 450 000 EUR,26460000,1250,7,7,Golf; Cheminée; Meublé,"Au cœur du prestigieux golf d’Amelkis à Marrakech, cette villa d’exception incarne un art de vivre raffiné où élégance et rentabilité se conjuguent parfaitement. Édifiée sur une parcelle de 1 200 m², la propriété développe environ 550 m² habitables et offre des volumes généreux baignés de lumière. Pensée pour accueillir famille et invités dans un confort absolu, elle dispose de sept chambres, chacune offrant intimité et atmosphère apaisante. Les espaces de vie invitent à la détente et au bien-être avec un hammam traditionnel, un jacuzzi, ainsi qu’une salle de sport entièrement équipée. À l’extérieur, la villa révèle tout son potentiel avec une somptueuse piscine de 160 m², véritable pièce maîtresse, entourée d’espaces de réception et de loisirs incluant un terrain de pétanque et un espace convivial avec baby foot. Au-delà de ses prestations haut de gamme, cette propriété représente également une opportunité d’investissement particulièrement attractive. Actuellement exploitée en location courte durée, elle génère un revenu net propriétaire de 700 euros par nuit, pour un chiffre d’affaires mensuel minimum de 15 000 euros. Une adresse rare, idéale pour une résidence secondaire de prestige ou un investissement locatif à forte rentabilité dans l’un des domaines les plus recherchés de Marrakech.",https://www.barnes-marrakech.com/images/produits/737e99c6a3ea0db5e1f640151db7230b_56c0b8b58e_1600-original.jpg,1,Professionnel,2026-09-30
87014697,barnes,SUPERBE APPARTEMENT EN DERNIER ETAGE A GUELIZ – FORT POTENTIEL LOCATIF,https://www.barnes-marrakech.com/fr/vente/marrakech/87014697,Vente,Appartement,Marrakech,Guéliz,235 000 EUR,2538000,67,2,,Ascenseur; Gardien; Meublé,"Barnes Marrakech vous propose à la vente un charmant appartement situé au 5ᵉ et dernier étage d’une résidence avec ascenseur, offrant un cadre de vie confortable et une excellente opportunité d’investissement locatif. D’une superficie de 67 m² habitables complétés par 8 m² de terrasse, ce bien se compose de deux chambres, d’un espace de vie lumineux et est vendu entièrement meublé et équipé, prêt à être exploité immédiatement en location courte ou longue durée. L’appartement dispose également d’une place de parking privative en sous-sol titrée, un véritable atout au quotidien. Grâce à son emplacement recherché, sa configuration fonctionnelle et son excellent potentiel locatif, ce bien représente une opportunité idéale pour un investisseur souhaitant acquérir un produit rentable à Marrakech.",https://www.barnes-marrakech.com/images/produits/3e45ee1f754b265a08b9ccaf41c5223c_990f863d0a_2896-original.jpg,1,Professionnel,2026-09-30
87016863,barnes,Villa contemporaine de plain-pied aux lignes épurées,https://www.barnes-marrakech.com/fr/vente/marrakech/87016863,Vente,Villa,Marrakech,Route d'Amizmiz,900 000 EUR,9720000,1200,3,3,Adoucisseur d'eau; Air conditionné; Cheminée; Domotique; Double vitrage; Fenêtre aluminium; Fenêtres coulissantes; Internet; Meublé; Stores; Arrosage; Clôture; Éclairage extérieur; Puits; Fibre optique; Vidéophone; Piscine,"Superbe villa contemporaine de plain-pied idéalement située sur la route d’Amizmiz, à seulement 6 km du centre-ville, au sein d’un agréable groupement résidentiel offrant calme et sérénité.

Édifiée sur une parcelle de 1 200 m², la propriété bénéficie d’une magnifique vue dégagée sur les montagnes de l’Atlas. La villa de 250m2 propose de beaux volumes de réception avec un vaste séjour lumineux comprenant salon et salle à manger, harmonieusement ouverts sur une élégante cuisine américaine entièrement intégrée.

L’espace nuit se compose de 3 belles suites offrant confort et intimité.

Lingerie en sous sol.

À l’extérieur, tout a été pensé pour profiter pleinement du cadre et du climat ensoleillé de Marrakech : une superbe piscine de 14 x 4 m chauffée avec couverture électrique, une grande terrasse couverte ainsi qu’un espace bar aménagé créent un véritable lieu de vie convivial, idéal pour recevoir famille et amis ou profiter de séjours en toute détente.

Une propriété parfaite aussi bien en résidence principale que secondaire, à proximité immédiate du centre-ville.",https://www.barnes-marrakech.com/images/produits/9e5708f2cf58bf042bc70bc944045245_a85968ca3b_3344-original.jpg,1,Professionnel,2026-09-30
86993504,barnes,MAGNIFIQUE APPARTEMENT MEUBLE 2 CHAMBRES A GUELIZ DANS UNE RESIDENCE HAUT STANDING,https://www.barnes-marrakech.com/fr/vente/marrakech/86993504,Vente,Appartement,Marrakech,Guéliz,340 000 EUR,3672000,112,2,2,Cheminée; Ascenseur; Gardien; Meublé,"BARNES Marrakech vous propose à la vente ce bel appartement idéalement situé au cœur de Marrakech, au 4ᵉ étage d’une résidence bien entretenue. D’une superficie de 112 m², ce bien entièrement meublé et décoré avec goût offre un cadre de vie confortable et lumineux. Il se compose d’un spacieux salon baigné de lumière naturelle, avec cheminée électrique, espace TV et coin salle à manger convivial. L’espace nuit comprend deux suites avec salles de bain privatives. La suite principale bénéficie d’une agréable terrasse, tandis que la seconde dispose d’un balcon, apportant confort et intimité. La cuisine est entièrement équipée (réfrigérateur, four, plaque électrique, micro-ondes, machine à laver), parfaitement adaptée à un usage quotidien. Les extérieurs, entre terrasse et balcon, permettent de profiter pleinement du climat ensoleillé de Marrakech. Une place de parking complète ce bien, un véritable atout en centre-ville. À proximité immédiate des restaurants, commerces et commodités, cet appartement représente une excellente opportunité, aussi bien pour une résidence principale que pour un investissement locatif",https://www.barnes-marrakech.com/images/produits/5cf6b50e3f2f135b5b2be8d09be8b566_ea2b62c39f_2896-original.jpg,1,Professionnel,2026-09-30
87032479,barnes,Très belle maison spacieuse et lumineuse à AMELKIS,https://www.barnes-marrakech.com/fr/vente/marrakech/87032479,Vente,Villa,Marrakech,Golf Amelkis,Prix Nous consulter,,,7,7,Meublé; Cheminée; Gardien; Piscine,"Très belle maison spacieuse et lumineuse à AMELKIS 2 avec sa piscine extérieure et sa piscine intérieure ainsi que son terrain de tennis. Les piscines sont chauffées.Grâce aux 2 hectares de ce terrain titré, les jardins sont époustouflants et grandioses. La maison est de 2800 m² habitable et est faite de pièces de très grands volumes. Elle contient 9 chambres. C’est certainement le plus beau bien d’Amelkis, tant ses volumes DESCRIPTION : Villa de maître à usage d’habitation - Terrain d’une superficie totale de 20000 m² contenant une VILLA d’une surface habitable de 2800 m², équipée en fibre optique. La maison est équipée d’une centrale à biomasse qui permet le chauffage au sol, le chauffage des radiateurs, le chauffage des piscines, en plus de panneaux solaires pour l’eau. Ces systèmes fournissent 80% des besoins en électricité. Le jardin contient un puits ancien qui est autorisé ( rare à Amelkis ). Les charges de domaine sont faibles comparées à la surface de la propriété. Inscrite à la conservation foncière, elle comprend : RDC : Entrée majestueuse vers un patio dans l’esprit marocain et très fourni en végétation. Ce patio est entouré de coursives fermées par de grandes vitres du sol au plafond. Accès au patio par chacun des côtés Ces coursives permettent l’accès aux différentes pièces du RDC ainsi qu’aux somptueux escaliers suspendus - vers l’étage Immense galerie salon bibliothèque, faisant face à la piscine, avec sa terrasse extérieure Grande salle à manger avec sa cheminée, cuisine Grand Salon d’appoint, petit salon fumoir, bureau, superbe salon d’hiver ouvert sur le jardin Salle de projection home cinéma Office, chambres de service, toilettes réception, vestiaires et diverses autres pièces de service 4 chambres en suite avec salle de bain et dressing piscine intérieure d’hiver de 16*4m chauffée avec système anti-buée, dans une verrière intégrée dans la végétation hammam - salle de gym - salle de massage - toilettes – douche – local technique ETAGE : 2 masters suites avec leur cheminée, leur salle de bain et leur dressing 3 grandes chambres avec salle de bain et dressing Diverses déambulations SOUS-SOL : sur cours anglaise : rangements, réserves, lingerie, locaux techniques DÉPENDANCES : Garages couverts – lieu gardien – pièces techniques PISCINE EXTÉRIEURE chauffée de 29 x 7 mètres TERRAIN DE TENNIS en COUIC",https://www.barnes-marrakech.com/images/produits/cab51d41361d5b7177c222877dc3260d_2fe03d10cb_2896-original.jpg,1,Professionnel,2026-09-30
86938846,barnes,"CHARMANT RIAD RENOVE A VENDRE – KASBAH, MARRAKECH",https://www.barnes-marrakech.com/fr/vente/marrakech/86938846,Vente,Riad,Marrakech,La Kasbah,520 000 EUR,5616000,190,4,4,Meublé,"Situé dans le très prisé quartier de la Kasbah à Marrakech, ce riad entièrement rénové allie authenticité marocaine et confort moderne. Édifié sur une surface au sol de 80 m², ce bien rare constitue une excellente opportunité d’investissement ou de résidence secondaire. Le riad se compose de 4 chambres, chacune disposant de sa propre salle de bain privative et de la climatisation, garantissant un confort optimal pour les occupants. Un agréable patio central dessert les différents espaces de vie, comprenant salon, salle à manger, cuisine équipée ainsi qu’un espace pouvant être exploité en petite boutique. Vous apprécierez également son bassin idéal pour se rafraîchir, ainsi que sa terrasse très bien joliment aménagée offrant une vue panoramique exceptionnelle sur les jardins du Palais Royal. Idéalement situé, le riad bénéficie d’un accès voiture jusqu’à la porte, un véritable atout dans la médina. Il se trouve à seulement 10 minutes à pied de la célèbre place Jemaa el-Fna et à proximité immédiate des principaux sites historiques et attractions touristiques.",https://www.barnes-marrakech.com/images/produits/9212335323cb389cce5bdfa0c6e7b6e1_6df03ff742_1600-original.jpg,1,Professionnel,2026-09-30
86940838,barnes,SUPERBE RIAD AVEC ROOFTOP – 4 CHAMBRES AU CŒUR D’UN ENVIRONNEMENT CALME ET SECURISE,https://www.barnes-marrakech.com/fr/vente/marrakech/86940838,Vente,Riad,Marrakech,La Kasbah,650 000 EUR,7020000,220,4,4,Cheminée; Piscine; Meublé,"Situé dans un quartier prisé, calme et très sécurisé, ce superbe riad titré offre un cadre de vie alliant authenticité et confort moderne. Son emplacement privilégié permet un accès facile tout en étant à proximité immédiate des principaux centres d’intérêt. Dès l’entrée, vous serez séduit par un agréable espace de vie avec un bassin au rez-de-chaussée, apportant fraîcheur et sérénité. La cuisine ouverte s’intègre parfaitement au salon et à la salle à manger, créant un espace convivial et lumineux. Une chambre est également située au rez-de-chaussée. À l’étage, le riad dispose de trois belles chambres, chacune avec sa salle de bain privative, garantissant confort et intimité. Le bien est complété par un rooftop ainsi qu’une surterrasse, parfaits pour profiter du climat et aménager des espaces de détente. Une couverture électrique vient également renforcer le confort et la praticité du riad. Ce bien représente un excellent investissement, idéal pour un projet de location touristique à fort rendement, tout en offrant un environnement paisible après l’animation des balades en ville. Un riad plein de charme, prêt à concrétiser vos projets.",https://www.barnes-marrakech.com/images/produits/ad5b6b630f66414d9faf28fa8a4c46fd_83f86d5551_3344-original.jpg,1,Professionnel,2026-09-30
86947518,barnes,Villa contemporaine sur golf.,https://www.barnes-marrakech.com/fr/vente/marrakech/86947518,Vente,Villa,Marrakech,Golf Amelkis,1 690 000 EUR,18252000,1500,5,1,Golf; Cheminée; Gardien; Piscine,"Découvrez cette superbe villa neuve au style résolument moderne, idéalement située au cœur du prestigieux Golf d’Amelkis, dans un environnement sécurisé, calme et recherché. D’une superficie de 675 m² habitables, édifiée sur un terrain paysagé de 1 505 m², la propriété offre des volumes généreux, une luminosité exceptionnelle et des prestations haut de gamme. ⸻ Disposition intérieure Rez-de-chaussée    •   Vaste double séjour traversant, baigné de lumière grâce à ses larges baies vitrées donnant sur le jardin et la piscine.    •   1 chambre de plain-pied avec terrasse privée, dressing et salle de bain complète. Entre-sol    •   1 suite indépendante avec terrasse privative et jacuzzi, idéale pour les invités.    •   2 chambres pour le personnel.    •   Un hammam traditionnel.    •   Une salle de sport entièrement aménageable selon les besoins. Premier étage    •   3 suites dont :       •   Une master suite d’exception, bénéficiant d’une vaste terrasse surplombant le jardin et la piscine, avec dressing et salle de bain luxueuse. Extérieurs & Prestations    •   Grande piscine entourée d’un jardin soigneusement paysagé.    •   Architecture moderne associant lignes épurées et matériaux nobles.    •   Emplacement premium au sein du golf, offrant tranquillité, vue dégagée et proximité des clubs house et services.",https://www.barnes-marrakech.com/images/produits/0809a34ae3cbf67e539bdc5c3e559fc1_129ddb8b42_1920-original.jpg,1,Professionnel,2026-09-30
86924136,barnes,Villa de luxe à vendre à Marrakech sur golf,https://www.barnes-marrakech.com/fr/vente/marrakech/86924136,Vente,Villa,Marrakech,Golf Amelkis,1 350 000 EUR,14580000,500,4,4,Cheminée; Gardien; Piscine; Meublé,"Découvrez une propriété d’exception située sur l’un des plus beaux golfs de Marrakech, offrant un cadre de vie unique alliant élégance, confort et sérénité. Édifiée sur un terrain de 500 m², cette villa développe 500 m² habitables répartis sur trois niveaux, avec des volumes généreux et une architecture raffinée. Elle se compose de 4 magnifiques suites, chacune pensée pour offrir intimité et bien-être, avec des prestations haut de gamme. Les espaces de vie lumineux s’ouvrent harmonieusement sur l’extérieur, où vous pourrez profiter d’une piscine privée, idéale pour se détendre en toute tranquillité face à un environnement verdoyant.",https://www.barnes-marrakech.com/images/produits/bc81a454a0c1091a210bff428fb9699b_eb3be0f595_3344-original.jpg,1,Professionnel,2026-09-30
86906595,barnes,"MAGNIFIQUE DUPLEX DE 211 M² A LA PALMERAIE – 3 CHAMBRES, TERRASSE ET VUE GOLF",https://www.barnes-marrakech.com/fr/vente/marrakech/86906595,Vente,Appartement,Marrakech,Palmeraie,270 000 EUR,2916000,211,3,2,Gardien; Golf,"À vendre dans la Palmeraie de Marrakech, au sein d’une résidence privée avec piscine, beau duplex de 211 m² idéalement situé en face du golf. Ce bien offre un cadre de vie particulièrement agréable, dans un environnement calme, verdoyant et recherché. Réparti sur deux niveaux, il propose une distribution confortable avec deux salons, trois chambres, deux salles de bain, une cuisine, des toilettes invités ainsi que plusieurs terrasses ouvertes sur les jardins de la résidence. La partie nuit est à l’étage, ce qui permet de préserver une vraie séparation entre les espaces de réception et l’espace nuit. L’appartement est en bon état général, climatisé, et séduira par ses beaux volumes ainsi que par la qualité de son emplacement, un vrai atout pour ceux qui recherchent la Palmeraie pour son cadre, sa tranquillité et sa proximité immédiate avec le golf. Un bien agréable à vivre, aussi adapté à une résidence principale qu’à un pied-à-terre familial à Marrakech.",https://www.barnes-marrakech.com/images/produits/a714ea5016bb0a5c60fab0239dc74a50_9fed77f1f2_1280-original.jpg,1,Professionnel,2026-09-30
86924162,barnes,A VENDRE SUPERBE VILLA D’EXCEPTION – GOLF D’AMELKIS,https://www.barnes-marrakech.com/fr/vente/marrakech/86924162,Vente,Villa,Marrakech,Golf Amelkis,Prix Nous consulter,,1200,5,5,Piscine; Meublé,"Barnes Marrakech vous propose cette propriété d’architecte unique, idéalement située au sein du prestigieux Golf d’Amelkis. Développant 1 200 m² habitables sur un terrain de 1 350 m², cette villa contemporaine séduit par ses volumes spectaculaires, sa luminosité naturelle et la qualité remarquable de ses prestations. Elle se compose de cinq suites élégantes avec accès direct aux extérieurs, ainsi que d’un espace de réception entièrement ouvert à l’étage, réunissant salon, salle à manger et cuisine moderne, prolongé par une vaste terrasse avec piscine suspendue. Un ascenseur dessert l’ensemble de la propriété. Le sous-sol accueille un espace bien-être complet incluant piscine intérieure, hammam, sauna, jacuzzi et salle de cinéma privée. Un garage pouvant accueillir jusqu’à sept véhicules complète ce bien rare. Une adresse confidentielle, pensée pour une clientèle exigeante en quête de confort, de discrétion et de prestige.",https://www.barnes-marrakech.com/images/produits/f0799d6406680af1ab968d61497e5abf_3537cb5de1_3344-original.jpg,1,Professionnel,2026-09-30
86904743,barnes,DOUIRIA D’EXCEPTION A VENDRE – PRESTATIONS HAUT DE GAMME AU CŒUR DE MARRAKECH,https://www.barnes-marrakech.com/fr/vente/marrakech/86904743,Vente,Riad,Marrakech,Ryad Laarouss,395 000 EUR,4266000,140,3,3,Piscine; Meublé,"Idéalement située dans le quartier prisé d’Azouel, à seulement 10 minutes à pied du Jardin Secret, cette élégante douiria titrée allie authenticité marocaine et confort contemporain. Nichée dans un derb paisible avec accès voiture, elle offre un cadre de vie rare, intime et privilégié. D’une surface de 57 m² au sol et développant environ 140 m² habitables, cette propriété a bénéficié d’une décoration soignée et raffinée, pensée dans les moindres détails par sa propriétaire, mettant en valeur son cachet et son atmosphère chaleureuse. Disposition : Rez-de-chaussée : Entrée sur un espace de vie harmonieux comprenant une cuisine équipée, un salon convivial et une salle à manger élégante. Un bassin chauffé vient parfaire cet espace, accompagné de toilettes invités. 1er étage : Deux chambres lumineuses, chacune disposant de sa salle de bain privative. 2ème étage : Une troisième chambre avec salle de bain, ouvrant sur un superbe rooftop aménagé avec espace détente, prolongé par une surterrasse offrant une vue dégagée. Prestations & atouts : - Douiria titrée - Décoration haut de gamme et de goût - Bassin chauffé - Rooftop & surterrasse - Couverture électrique - Derb calme avec accès voiture - Vendu entièrement meublé Une opportunité rare pour une résidence secondaire de standing ou un investissement locatif de prestige au cœur de Marrakech.",https://www.barnes-marrakech.com/images/produits/241329ca74441de4d8dc12b1a61cbe64_f7126aa3ff_3344-original.jpg,1,Professionnel,2026-09-30
86973662,barnes,À VENDRE – RIAD COSY AU CŒUR DE LA MÉDINA,https://www.barnes-marrakech.com/fr/vente/marrakech/86973662,Vente,Riad,Marrakech,Derb Dabachi,500 000 EUR,5400000,260,3,2,Meublé,"Situé dans le quartier recherché de Dabachi, à la limite de Ben Salah, à seulement quelques minutes à pied de la célèbre Jemaa el-Fna, ce riad titré allie parfaitement authenticité marocaine et confort moderne. D’une surface habitable d’environ 260 m² sur un terrain de ±70 m², ce bien R+2 a été entièrement rénové il y a 3 ans avec goût et qualité. Il se compose de deux suites et une chambre double disposant de sa propre salle de bain, offrant ainsi un confort optimal pour une exploitation en location courte durée. Le rez-de-chaussée s’ouvre sur un agréable patio avec bassin chauffé, véritable cœur du riad, accompagné d’un salon chaleureux, d’une cuisine fonctionnelle et de toilettes invités. Au premier étage, vous trouverez une chambre avec sa salle de bain privatives et une suite lumineuse. Le deuxième étage accueille la seconde suite ainsi qu’un second bassin chauffé et un accès à une surterrasse, idéale pour profiter du climat ensoleillé de Marrakech. L’emplacement est un véritable atout : accès voiture jusqu’à l’entrée, parking à seulement 2 minutes, et environnement vivant au cœur de la médina. Ce bien représente une excellente opportunité d’investissement locatif, avec un fort potentiel de rentabilité. Pour plus d’informations ou organiser une visite, n’hésitez pas à nous contacter.",https://www.barnes-marrakech.com/images/produits/c38d4796d6bf42bf8edf32aa45951a05_715a3b8eef_2048-original.jpg,1,Professionnel,2026-09-30
86898337,barnes,HIVERNAGE MARRAKECH – SUPERBE APPARTEMENT DE STANDING DANS UNE RESIDENCE PRESTIGIEUSE,https://www.barnes-marrakech.com/fr/vente/marrakech/86898337,Vente,Appartement,Marrakech,Hivernage,570 000 EUR,6156000,130,2,,Cheminée; Ascenseur; Gardien; Meublé,"Idéalement situé au cœur du très prisé quartier de l’Hivernage à Marrakech, cet appartement de standing développe une superficie habitable de 130 m², offrant un cadre de vie alliant élégance et modernité. Le bien se compose de deux superbes suites parentales, chacune avec sa salle de bains attenante, pensées pour garantir confort et intimité. Le séjour, spacieux et baigné de lumière naturelle, s’ouvre sur un espace de vie raffiné, prolongé par une cuisine entièrement équipée aux finitions haut de gamme. Entièrement équipé en domotique, cet appartement offre un confort moderne et une gestion intelligente des équipements au quotidien. Une adresse rare dans l’un des quartiers les plus recherchés de Marrakech, idéale pour une résidence principale, secondaire ou un investissement de qualité",https://www.barnes-marrakech.com/images/produits/d7dac1b32ece927bfef60cad619d67a2_ad981ba646_4096-original.jpg,1,Professionnel,2026-09-30
86895241,barnes,MAISON DE CHARME AVEC AUTORISATION AVNA A VENDRE,https://www.barnes-marrakech.com/fr/vente/marrakech/86895241,Vente,Villa,Marrakech,Route de Ouarzazate,900 000 EUR,9720000,3600,4,1,Cheminée; Piscine,"À une quinzaine de kilomètres de la célèbre place Jemaa el-Fna, sur la route de Ouarzazate, au sein d’un domaine sécurisé, se niche une élégante villa d’inspiration arabo-andalouse, récemment rénovée avec un soin minutieux porté à chaque détail. Implantée au cœur d’un jardin verdoyant d’environ 3 728 m², la propriété séduit par son atmosphère paisible et son raffinement. La piscine, entourée de vastes terrasses, promet de précieux moments de détente, tandis que le toit-terrasse dévoile une vue imprenable sur les reliefs de l’Atlas, particulièrement envoûtante à l’heure du crépuscule. Les extérieurs, harmonieusement agencés, offrent différents espaces de vie : un salon lounge, un coin repas à l’ombre et des bains de soleil, invitant à profiter pleinement de la douceur de vivre en extérieur. Dès l’entrée, les volumes généreux et l’ambiance chaleureuse opèrent. Le salon principal, agrémenté d’une cheminée, s’ouvre sur une salle à manger conviviale, idéale pour recevoir. Une cuisine spacieuse, complétée par un cellier et des quartiers pour le personnel, vient parfaire l’ensemble. La villa dispose de trois suites de plain-pied, chacune dotée de sa salle de bain et de sa terrasse privative, assurant confort et intimité. À l’étage, une suite parentale aux dimensions généreuses comprend un dressing, une salle de bain élégante et un accès direct au roof top panoramique. Alliant prestations modernes ,panneaux solaires et photovoltaïques, système d’arrosage automatique, vidéosurveillance , à un cadre naturel préservé et une esthétique intemporelle, cette propriété rare s’adresse à une clientèle en quête d’un lieu de vie d’exception aux portes de Marrakech.",https://www.barnes-marrakech.com/images/produits/7a7a36b6ccabfc16e610b8100dd2c314_69bcdf0f02_2000-original.jpg,1,Professionnel,2026-09-30
86901020,barnes,SOMPTUEUX RIAD AVEC VUE PANORAMIQUE SUR LA KOUTOUBIA-CHARME AUTHENTIQUE & PRESTATIONS D’EXCEPTION,https://www.barnes-marrakech.com/fr/vente/marrakech/86901020,Vente,Riad,Marrakech,Dar El Bacha,Prix Nous consulter,,250,4,4,Cheminée; Meublé,"RIAD D’EXCEPTION – AUTHENTICITÉ & PRESTATIONS RARES – VUE KOUTOUBIA Au cœur de la médina dans le quartier de Bab Doukkala à la limite de Dar El Bacha, ce riad titré d’une superficie au sol de 112 m² incarne l’élégance marocaine dans sa forme la plus noble. Entièrement conçu avec des matériaux authentiques, il met à l’honneur le cèdre sculpté, le zellige traditionnel d’origine et le fer forgé artisanal. Un cachet architectural unique Dès l’entrée, le patio central baigné de lumière, sublimé par une couverture vitrée électrique, crée une atmosphère raffinée et intimiste. Le bhou traditionnel, les coursives élégantes et les vitraux colorés apportent une signature architecturale rare. La cuisine équipée, sublimée par ses portes en bois de cèdre et son zellige d’origine, constitue un espace de vie chaleureux et authentique, idéal pour recevoir dans une ambiance élégante. Volumes & confort moderne * 4 chambres spacieuses * 1 chambre avec salle de bain au rez-de-chaussée * Un salon avec cheminée peut également est transformé en chambre supplémentaire * 3 grandes chambres à l’étage avec volets en cèdre * Literie neuve & climatisation réversible dans toutes les pièces Chaque espace a été pensé pour allier charme traditionnel et confort contemporain. Terrasse avec vue emblématique La terrasse offre un véritable art de vivre avec : * Cuisine d’été * Espace repas convivial * Douche extérieure * Coin détente Le tout avec une vue imprenable sur la Koutoubia, les palmiers et la mosquée Bab Doukkala — un panorama exceptionnel au cœur de Marrakech. Un bien rare, idéal résidence de prestige ou investissement locatif haut de gamme Ce riad unique séduira les amateurs d’authenticité, à la recherche d’un bien de caractère conjuguant tradition, luxe et emplacement privilégié. Prix sur demande",https://www.barnes-marrakech.com/images/produits/2d76032743998f3920f6a9bd4a58027e_e766668677_3344-original.jpg,1,Professionnel,2026-09-30
86938815,barnes,A VENDRE DOUIRIA RENOVEE – KASBAH A  MARRAKECH,https://www.barnes-marrakech.com/fr/vente/marrakech/86938815,Vente,Riad,Marrakech,La Kasbah,320 000 EUR,3456000,100,3,3,Meublé,"Située dans le quartier recherché de la Kasbah à Marrakech, cette charmante douiria rénovée offre un cadre de vie agréable, alliant authenticité et confort moderne, au cœur de la médina. D’une superficie au sol d’environ 40 m², le bien se compose de trois chambres climatisées, chacune avec sa salle de bain privative, offrant une configuration pratique et fonctionnelle. Les espaces de vie sont optimisés avec un salon chaleureux dans un esprit marocain traditionnel aux finitions soignées et une cuisine équipée. Le rooftop constitue un véritable atout : il accueille un bassin pour se rafraîchir ainsi qu’une terrasse aménagée. Un espace idéal pour profiter des beaux jours en toute simplicité. Facile d’accès avec une arrivée à l'entrée, cette douiria se situe à seulement 13 minutes à pied de la célèbre place Jemaa el-Fna, tout en bénéficiant du calme d’un quartier sécurisé et apprécié. Vendue clé en main, cette propriété représente une belle opportunité pour un investissement locatif.",https://www.barnes-marrakech.com/images/produits/b55ac03ca1a3dfc0e07ffb77ebf76c0e_c277809e29_1600-original.jpg,1,Professionnel,2026-09-30
86878381,barnes,MAGNIFIQUE VILLA DE LUXE AU GOLF AKENZA – MARRAKECH,https://www.barnes-marrakech.com/fr/vente/marrakech/86878381,Vente,Villa,Marrakech,Route de l'Ourika,1 070 000 EUR,11556000,600,5,1,Gardien; Piscine; Meublé,"Située dans l’un des environnements les plus prisés de Marrakech, au sein du prestigieux Golf Akenza, cette somptueuse villa incarne l’élégance, le confort et l’art de vivre marocain dans toute sa splendeur. Développant 600 m² habitables sur un magnifique terrain paysagé de 1 200 m², cette propriété d’exception offre des volumes généreux et des prestations haut de gamme. Dès l’entrée, vous serez séduit par une atmosphère raffinée : un salon encastré au design contemporain et un vaste espace de réception baigné de lumière, idéal pour recevoir en toute convivialité. La cuisine ouverte, parfaitement équipée, dispose d’un accès indépendant pour le personnel, alliant fonctionnalité et discrétion. Une suite de plain-pied avec dressing et salle de bain complète ce niveau, offrant confort et intimité. À l’étage, la villa propose quatre superbes suites, dont trois bénéficient de terrasses privatives offrant une vue imprenable sur les majestueuses montagnes de l’Atlas. Le sous-sol a été pensé comme un véritable espace de bien-être et de loisirs : une chambre d’invités, une salle de sport, un espace spa avec hammam, une salle de cinéma privée, ainsi que deux cours anglaises apportant une belle luminosité naturelle. À l’extérieur, le charme opère immédiatement : un jardin paysagé soigneusement entretenu, une piscine élégante, un espace lounge et une cuisine d’été, parfaits pour profiter pleinement du climat ensoleillé de Marrakech toute l’année. Un bien rare, alliant prestige, confort et art de vivre Pour plus d’informations ou pour organiser une visite privée, contactez-nous dès maintenant",https://www.barnes-marrakech.com/images/produits/b1a53c5a60928bde1eef8f28016b5fd0_b24a9fc767_3344-original.jpg,1,Professionnel,2026-09-30
86893698,barnes,"APPARTEMENT DE STANDING MEUBLE A GUELIZ – 2 CHAMBRES, PISCINE ET RESIDENCE PRESTIGIEUSE",https://www.barnes-marrakech.com/fr/vente/marrakech/86893698,Vente,Appartement,Marrakech,Guéliz,270 000 EUR,2916000,83,2,,Air conditionné; Internet; Meublé; Ascenseur; Maison de gardien; Alarme; Gardien; Interphone; Vidéophone; Piscine,"Au cœur du très recherché quartier de Guéliz à Marrakech, découvrez ce charmant appartement situé au cinquième et dernier étage d’une résidence sécurisée avec piscine, offrant un cadre de vie à la fois confortable et privilégié.

D’une superficie de 83 m², ce bien séduit par sa luminosité et son agencement optimisé. Il se compose de deux belles chambres, idéales pour une résidence principale comme pour un investissement locatif de qualité. L’appartement est vendu entièrement meublé, prêt à accueillir ses futurs propriétaires ou locataires sans aucun travaux à prévoir.

La résidence, parfaitement entretenue, dispose d’une piscine appréciable ainsi que d’une place de parking, apportant un véritable confort au quotidien dans ce secteur dynamique et central.",https://www.barnes-marrakech.com/images/produits/39207b163c3816e7bbad60538e49d6f9_797e24d9c6_3344-original.jpg,1,Professionnel,2026-09-30
86880953,barnes,RIAD D’EXCEPTION AVEC VUE PANORAMIQUE – SIDI MIMOUNE,https://www.barnes-marrakech.com/fr/vente/marrakech/86880953,Vente,Riad,Marrakech,Médina,580 000 EUR,6264000,190,5,2,Piscine,"Au cœur du très prisé quartier de Sidi Mimoune, découvrez ce riad de caractère alliant authenticité marocaine et fort potentiel de valorisation. Édifié sur une surface au sol de 66 m², ce bien rare s’élève sur plusieurs niveaux (R+2) et se prolonge par une élégante terrasse ainsi qu’une sur terrasse offrant une vue spectaculaire à 360° sur Marrakech et ses environs. Un agencement raffiné : Rez-de-chaussée Dès l’entrée, un vaste hall s’ouvre sur un patio lumineux agrémenté d’une piscine, véritable cœur du riad. Un espace salon chaleureux, un hammam traditionnel, une salle de massage ainsi qu’une cuisine équipée complètent ce niveau, pensé pour le bien-être et la détente. 1er étage Trois chambres élégantes avec salle de bain, offrant confort et intimité. 2ème étage Deux suites spacieuses, idéales pour une clientèle exigeante. Dernier niveau Une superbe terrasse aménagée avec cuisine extérieure et douche, prolongée par une surterrasse dominant la ville avec une vue imprenable, parfaite pour des moments exclusifs. Les atouts : * Emplacement premium, à proximité immédiate des sites emblématiques * Vue panoramique rare * Fort potentiel locatif et patrimonial * Bien titré",https://www.barnes-marrakech.com/images/produits/f248318037d7ad71338b57c06629d03b_05bef54dc3_1600-original.jpg,1,Professionnel,2026-09-30
86893716,barnes,"Villa de luxe Route de Fès Marrakech – 4 suites, piscine privée",https://www.barnes-marrakech.com/fr/vente/marrakech/86893716,Vente,Villa,Marrakech,Route de Fès,850 000 EUR,9180000,,4,4,Cheminée; Gardien; Piscine; Meublé,"Située sur la très recherchée Route de Fès à Marrakech, cette superbe villa nichée au sein d’une résidence sécurisée offre un cadre de vie alliant confort, intimité et élégance. Édifiée sur un terrain de 667 m², cette propriété séduit dès l’entrée par ses volumes généreux et ses prestations de qualité. Elle se compose actuellement de quatre magnifiques suites, chacune pensée pour offrir confort et intimité, avec la possibilité d’aménager une quatrième chambre selon vos besoins. La villa est vendue entièrement meublée et équipée, avec des finitions soignées et des équipements modernes. Vous y trouverez également un hammam, véritable atout bien-être, idéal pour profiter de moments de détente à domicile. À l’extérieur, un bel espace de vie vous attend avec une piscine privée, parfaite pour savourer le climat ensoleillé de Marrakech dans un cadre paisible et sécurisé.",https://www.barnes-marrakech.com/images/produits/a51f531a042b7a6ff111785daafdbf9c_c78ff8804a_3344-original.jpg,1,Professionnel,2026-09-30
86881217,barnes,SUPERBE APPARTEMENT DE CHARME EN PLEIN CŒUR DE GUELIZ,https://www.barnes-marrakech.com/fr/vente/marrakech/86881217,Vente,Appartement,Marrakech,Guéliz,270 000 EUR,2916000,100,3,,Gardien; Meublé; Ascenseur,"Au cœur du très recherché quartier de Guéliz à Marrakech, cet appartement de 100 m² offre un cadre de vie à la fois confortable et stratégique, idéal pour profiter pleinement de l’énergie de la ville tout en réalisant un investissement intelligent. Dès l’entrée, on découvre un espace de vie agréable et lumineux, pensé pour allier convivialité et praticité. L’appartement dispose de trois chambres, parfaitement adaptées à une vie de famille comme à une exploitation locative. Entièrement meublé avec soin, il est prêt à accueillir ses futurs occupants sans aucun travaux ni aménagement supplémentaire. Situé dans une résidence bien entretenue avec ascenseur, ce bien bénéficie également d’un véritable atout en centre-ville : une place de parking souterrain titrée de 13 m², apportant confort et sécurité au quotidien. Son emplacement privilégié, à proximité immédiate des commerces, restaurants et toutes les commodités, en fait une adresse particulièrement recherchée. Que ce soit pour de la location longue durée ou saisonnière, le potentiel de rentabilité est excellent, porté par la forte demande du secteur. Cet appartement représente ainsi une opportunité rare de combiner qualité de vie et investissement performant, au sein de l’un des quartiers les plus dynamiques de Marrakech. Pour toute information complémentaire ou pour organiser une visite, nous restons à votre entière disposition.",https://www.barnes-marrakech.com/images/produits/832330f379519febfffeb95a157c210f_42d14e61d4_1179-original.jpg,1,Professionnel,2026-09-30
86947198,barnes,Charmante villa sur golf à vendre,https://www.barnes-marrakech.com/fr/vente/marrakech/86947198,Vente,Villa,Marrakech,Route de l'Ourika,480 000 EUR,5184000,300,3,3,Cheminée; Gardien,"Idéalement située sur le prestigieux golf d’Akenza, à seulement 10 km du centre-ville de Marrakech, cette villa représente une opportunité rare, aussi bien pour un investissement locatif que pour une élégante résidence secondaire. Édifiée sur un terrain de 400 m², la propriété développe environ 300 m² habitables répartis sur deux niveaux, offrant des volumes généreux et une distribution harmonieuse. Le rez-de-chaussée accueille plusieurs espaces de vie conviviaux, comprenant un salon TV, un authentique salon marocain, ainsi qu’une cuisine fonctionnelle. L’ensemble s’ouvre sur une vaste terrasse ombragée, idéale pour profiter pleinement du climat en toute saison. À l’étage, l’espace nuit propose trois chambres, dont une belle suite parentale avec grand dressing et terrasse couverte privative, offrant confort et intimité. Une villa au fort potentiel, alliant emplacement recherché, charme et qualité de vie.",https://www.barnes-marrakech.com/images/produits/41ed2e1ed2aaa91a27a3c063d439d3cc_81706f8be5_3344-original.jpg,1,Professionnel,2026-09-30
86836214,barnes,Villa d’architecte signée Boccara,https://www.barnes-marrakech.com/fr/vente/marrakech/86836214,Vente,Villa,Marrakech,Route de Ouarzazate,950 000 EUR,10260000,620,4,4,Cheminée; Piscine; Meublé,"Découvrez cette somptueuse villa signée Boccara, alliant élégance architecturale, prestations haut de gamme et confort moderne, située dans un environnement privilégié. Implantée sur un terrain de 620 m², la propriété développe environ 250 à 280 m² habitables, offrant des volumes généreux et une circulation fluide entre les espaces de vie. Composition : 4 belles chambres 4 salles de bain / salles d’eau 2 salons spacieux et lumineux 1 salle à manger Cuisine entièrement équipée Espaces extérieurs : Piscine chauffée Salon extérieur aménagé Terrasses conviviales Jardin paysager Abri voiture pour 2 places Prestations & équipements : Installation photovoltaïque piscine chauffée Villa vendue entièrement meublée Cette villa d’architecte offre un cadre de vie raffiné, idéal pour les amateurs de biens uniques conjuguant design, confort et autonomie énergétique. Un bien rare signé Boccara, à découvrir sans tarder.",https://www.barnes-marrakech.com/images/produits/d932b83d64f80efbc0ee64f00aa53824_00b883d82b_2048-original.jpg,1,Professionnel,2026-09-30
86868696,barnes,"MAGNIFIQUE VILLA DE LUXE AVEC 4 SUITES – ROUTE DE L’OURIKA KM 9, RESIDENCE SECURISEE",https://www.barnes-marrakech.com/fr/vente/marrakech/86868696,Vente,Villa,Marrakech,Route de l'Ourika,935 000 EUR,10098000,400,4,4,Gardien; Piscine; Meublé,"Située au kilomètre 9 de la prestigieuse Route de l'Ourika, cette propriété d’exception s'inscrit au sein d'un domaine confidentiel et sécurisé composé de seulement quatre villas. Édifiée sur une parcelle de 2 200 m², la demeure développe une surface habitable de 400 m², offrant un équilibre parfait entre architecture moderne et confort thermique de premier ordre. La villa se distingue par une conception intérieure audacieuse et fluide. La pièce de vie principale accueille un vaste salon lumineux complété par un salon encastré (submerged lounge), créant une atmosphère conviviale et design. L'espace de réception s'ouvre sur une cuisine américaine moderne, parfaitement intégrée, et s'articule autour d'un patio intérieur apportant une lumière naturelle zénithale. La partie nuit se compose de quatre suites de grand standing, disposant chacune de sa propre salle de bain privative. L’excellence de ce bien réside également dans sa qualité de construction rigoureuse, répondant aux normes techniques les plus strictes : isolation en laine de roche, système de double cloison, étanchéité de la terrasse certifiée (essais d'eau à l'appui) et structure réalisée par la société de renom Menara Préfa. À l'extérieur, le jardin paysager accueille une piscine de 15 x 5 mètres, ainsi qu'une terrasse accessible aménagée avec un espace barbecue, idéale pour les réceptions face à l'Atlas. Un grand parking privé complète ce bien. La résidence bénéficie de services communs incluant une loge de gardiennage et l'entretien par un jardinier dédié, garantissant une sérénité absolue.",https://www.barnes-marrakech.com/images/produits/831f7ca8594d6902b90891db782d7fa9_90e2cd1af9_3344-original.jpg,1,Professionnel,2026-09-30
86895114,barnes,MAGNIFIQUE MAISON NEUVE A AMELKIS 2 MARRAKECH – QUARTIER RESIDENTIEL DE PRESTIGE,https://www.barnes-marrakech.com/fr/vente/marrakech/86895114,Vente,Villa,Marrakech,Golf Amelkis,2 350 000 EUR,25380000,1500,5,5,Cheminée; Piscine; Meublé; Golf,"Maison neuve à vendre sur le golf d’Amelkis À l’écart de l’agitation du centre, à seulement quinze minutes de Marrakech, cette propriété neuve déploie ses lignes contemporaines au cœur du très prisé golf d’Amelkis. Une adresse confidentielle, où le calme n’a d’égal que la lumière, omniprésente. Signée Barnes Marrakech, spécialiste de l’immobilier de luxe , cette villa séduit d’emblée par ses volumes généreux et son harmonie architecturale. Édifiée sur un terrain de 1 500 m², elle offre près de 700 m² habitables, pensés pour conjuguer élégance et confort de vie. Les espaces de réception, largement ouverts sur l’extérieur, invitent à une douce continuité entre intérieur et jardin. Côté nuit, la maison propose cinq suites raffinées, chacune conçue comme un écrin intime, ainsi qu’une chambre dédiée au personnel. Vous recherchez une maison sur golf à Marrakech ? Si ce bien répond à vos attentes, nous serons ravis de vous accompagner et de vous en dévoiler tous les détails.",https://www.barnes-marrakech.com/images/produits/7bd1585edef862ac28f39cae472b60c9_5282760d10_1280-original.jpg,1,Professionnel,2026-09-30
86834402,barnes,"SUPERBE APPARTEMENT HAUT DE GAMME A VENDRE A L’HIVERNAGE, MARRAKECH",https://www.barnes-marrakech.com/fr/vente/marrakech/86834402,Vente,Appartement,Marrakech,Hivernage,Prix Nous consulter,,100,3,,Ascenseur; Gardien; Meublé,"Au cœur du très recherché quartier de l’Hivernage à Marrakech, ce bien d’exception offre un cadre de vie unique, alliant emplacement prestigieux, volumes rares et fort potentiel de valorisation. Développé sur une superficie totale de 400 m², dont 100 m² habitables, cet appartement se distingue immédiatement par ses espaces extérieurs généreux, véritables prolongements de l’espace de vie, idéals pour profiter du climat ensoleillé de Marrakech tout au long de l’année. L’intérieur, baigné de lumière naturelle, accueille trois chambres confortables ainsi qu’un espace de vie agréable et fonctionnel, offrant de nombreuses possibilités d’aménagement selon vos envies. Le bien est vendu partiellement meublé, permettant une installation rapide tout en laissant la liberté de personnaliser les lieux à votre image. Une place de parking en sous-sol ainsi qu’un box de rangement viennent compléter ce bien. Situé dans une résidence de qualité, sécurisée et idéalement positionnée, ce bien bénéficie d’un environnement calme tout en étant à proximité immédiate des plus belles adresses de Marrakech, des hôtels de prestige, restaurants raffinés et commodités. Ce bien rare sur le marché représente une opportunité unique pour une clientèle exigeante à la recherche d’un produit d’exception à l’Hivernage.",https://www.barnes-marrakech.com/images/produits/d79b5368f49c26fcfa439092f600563e_e59654e963_3344-original.jpg,1,Professionnel,2026-09-30
86824707,barnes,SUPERBE VILLA DE CHARME FACE A L’ATLAS,https://www.barnes-marrakech.com/fr/vente/marrakech/86824707,Vente,Villa,Marrakech,Golf Amelkis,950 000 EUR,10260000,320,4,3,Piscine; Jardin; Terrasse; Cheminée,"Au sein d’un petit domaine paisible, charmante villa de plain-pied de 320 m² édifiée sur un magnifique terrain paysager de 3200 m². La maison principale offre une vaste pièce de réception réunissant salon et salle à manger, séparés par une cheminée centrale. Elle comprend également un bureau pouvant être transformé en chambre, trois suites disposant chacune de leur terrasse privative, une grande cuisine ainsi qu’un salon d’hiver avec cheminée, ouvert sur le jardin. Un pavillon indépendant accueille les invités avec une chambre et sa piscine chauffée. La propriété dispose également d’une buanderie et d’un logement pour le personnel. Elle bénéficie enfin d’une vue exceptionnelle sur les montagnes de l’Atlas.",https://www.barnes-marrakech.com/images/produits/41769a34062cd214e6f21ec20cc0efb3_afde1b7e92_2048-original.jpg,1,Professionnel,2026-09-30
86802633,barnes,RIAD DE CARACTERE A RENOVER – OPPORTUNITE RARE POUR INVESTISSEURS,https://www.barnes-marrakech.com/fr/vente/marrakech/86802633,Vente,Riad,Marrakech,Marrakech,1 900 000 EUR,20520000,600,,,Jardin; Calme absolu,"Au cœur de la Médina, dans un derb calme et facilement accessible, ce riad historique offre une opportunité rare pour le développement d’un projet hôtelier ou d’une adresse gastronomique de prestige.
Implantée sur une surface au sol remarquable de 600 m², cette propriété titrée séduit immédiatement par l’authenticité de son architecture traditionnelle et la présence de superbes éléments d’époque, notamment de magnifiques boiseries anciennes parfaitement préservées.
Le riad s’organise autour de deux patios et bénéficie d’une végétation déjà présente, apportant charme, fraîcheur et caractère à l’ensemble.
La propriété est aujourd’hui divisée en deux parties distinctes :
* une première nécessitant une rénovation complète,
* une seconde partie demandant des travaux mais offrant déjà une base structurelle intéressante.
Par ses volumes exceptionnels, son cachet historique et son emplacement central, ce bien constitue une base idéale pour la création d’un boutique-hôtel de charme, d’une maison d’hôtes de prestige ou d’un restaurant haut de gamme avec jardin intérieur.
Les riads de cette taille et de cette authenticité deviennent extrêmement rares sur le marché, ce qui en fait une opportunité d’investissement particulièrement attractive pour les investisseurs à la recherche d’un projet emblématique dans la Médina.
Bien titré.",https://www.barnes-marrakech.com/images/produits/9df4cef483ed9d7cde870531229aa281_058115b30d_1280-original.jpg,1,Professionnel,2026-09-30
86798938,barnes,DOUIRIA A VENDRE – MARRAKECH,https://www.barnes-marrakech.com/fr/vente/marrakech/86798938,Vente,Riad,Marrakech,Médina,240 000 EUR,2592000,180,,,Calme absolu,"Idéalement situé dans le quartier recherché de Bab Ahmer – Derb Agdal, cette douiria offre un fort potentiel d’investissement au cœur de la médina de Marrakech.
Caractéristiques principales :
* Surface au sol : 60 m²
* Surface habitable : ± 180 m²
* Construction : R+2 (bâti sur 3 niveaux)
* État : Excellent état structurel – Riad à rénover selon vos goûts
* Quartier : Calme et agréable
* Vue : Très belle vue dégagée
* Statut foncier : Melkya (2022)
* Situation juridique : Seul héritier
Points forts :
Emplacement stratégique dans un quartier authentique
Environnement paisible
Fort potentiel pour résidence principale ou investissement locatif
Structure saine facilitant un projet de rénovation maîtrisé
Cette habitation représente une opportunité rare d’acquérir un bien avec un excellent potentiel de valorisation dans l’un des secteurs les plus prisés de Marrakech.
Contactez-nous pour plus d’informations ou pour organiser une visite.",https://www.barnes-marrakech.com/images/produits/9df4cef483ed9d7cde870531229aa281_058115b30d_1280-original.jpg,1,Professionnel,2026-09-30
86799665,barnes,RIAD À FORT POTENTIEL –  À BERRIMA,https://www.barnes-marrakech.com/fr/vente/marrakech/86799665,Vente,Riad,Marrakech,Médina,450 000 EUR,4860000,100,,,Terrasse,"Situé dans l’un des quartiers les plus authentiques et recherchés de la médina, ce riad bénéficie d’un emplacement privilégié dans la rue Berrima, à proximité immédiate des principaux centres d’intérêt.
Caractéristiques principales :
- Superficie au sol : 100 m²
- Configuration : R+2 + terrasse
- Statut juridique : Réquisition – dossier clair
- 7 propriétaires – tous en accord pour la vente
- Structure en très bon état
- Riad à rénover, idéal pour projet sur mesure
Ce bien représente une opportunité rare d’investissement pour la création d’un riad de charme ou résidence privée au cœur de la médina de Marrakech. Grâce à sa surface généreuse et à sa configuration sur plusieurs niveaux, il offre un excellent potentiel d’aménagement et de valorisation.
La terrasse permet d’envisager un rooftop avec vue dégagée, très recherché pour les projets touristiques.
Pour investisseurs ou porteurs de projets souhaitant développer un riad de caractère dans un secteur prisé.",https://www.barnes-marrakech.com/images/produits/9df4cef483ed9d7cde870531229aa281_058115b30d_1280-original.jpg,1,Professionnel,2026-09-30
86836128,barnes,Propriété d'exception à proximité des golfs de Marrakech,https://www.barnes-marrakech.com/fr/vente/marrakech/86836128,Vente,Villa,Marrakech,Golf Amelkis,1 290 000 EUR,13932000,650,4,4,Piscine; Terrasse; Spa; Proximité Golf,"⸻ Idéalement située à proximité des plus beaux golfs de Marrakech, cette somptueuse propriété d’environ 650 m² s’épanouit au cœur d’un magnifique terrain arboré de 1 305 m². Dès l’entrée, vous serez séduit par de généreux espaces de réception comprenant un vaste salon, une élégante salle à manger et un espace de loisirs, offrant un cadre de vie à la fois convivial et raffiné. La cuisine, entièrement équipée, allie fonctionnalité et modernité. La maison dispose de 4 superbes suites avec salles de bains privatives, ainsi qu’une salle de sport pouvant aisément être transformée en 5ème chambre selon vos besoins. Un pavillon d’invités indépendant accueille une chambre supplémentaire, idéal pour recevoir en toute intimité. À l’extérieur, tout a été pensé pour profiter pleinement du climat : salon et salle à manger en plein air, terrasses aménagées avec soin et une élégante piscine invitant à la détente. Prestations de qualité, volumes généreux et emplacement privilégié font de cette propriété un bien rare, parfaitement adapté en résidence principale comme secondaire.",https://www.barnes-marrakech.com/images/produits/4d3e29428c44aa2d020cad896e139bd2_73f4c0e9b4_1920-original.jpg,1,Professionnel,2026-09-30
86834698,barnes,RIAD DE CARACTÈRE FIN XVIIIe – AUTHENTICITÉ ET PRESTIGE À MARRAKECH,https://www.barnes-marrakech.com/fr/vente/marrakech/86834698,Vente,Riad,Marrakech,Médina,Prix Nous consulter,,818,,,Spa,"Au cœur de la médina de Marrakech, ce riad d’exception incarne une rareté absolue sur le marché. Développé sur une emprise au sol remarquable de 818 m², ce bien unique séduit dès l’entrée par son patio majestueux, véritable écrin de verdure. Luxuriamment arboré, baigné de lumière naturelle, il offre une atmosphère paisible et élégante, sublimée par une végétation mature et une ouverture rare sur les palmiers environnants. Les volumes généreux et l’architecture authentique confèrent à cette demeure un cachet incomparable, où chaque espace invite à la sérénité et à l’art de vivre marocain. La luminosité exceptionnelle, signature de ce lieu, met en valeur les lignes, les matériaux et les perspectives. Ce riad offre un potentiel unique pour une résidence privée de prestige ou un projet hôtelier exclusif, dans l’un des emplacements les plus recherchés de la médina. Un bien rarissime, alliant grandeur, élégance et authenticité. Dossier complet et informations complémentaires sur demande.",https://www.barnes-marrakech.com/images/produits/dba5c5326a62bad26533e80982a5566a_aa981c366a_1600-original.jpg,1,Professionnel,2026-09-30
86786805,barnes,RIAD DE PRESTIGE A VENDRE – PISCINE CHAUFFEE ET ROOFTOP AU CŒUR DE LA MEDINA,https://www.barnes-marrakech.com/fr/vente/marrakech/86786805,Vente,Riad,Marrakech,Riad Zitoun Kedim,1 250 000 EUR,13500000,250,5,5,Cheminée; Piscine; Meublé,"Localisation : Médina de Marrakech, à 5 minutes à pied de la Place Jemaa El Fna et du Palais de la Bahia. Accès voiture jusqu’au parking de Douar Graoua. Emplacement idéal, cœur historique, parfait pied-à-terre ou investissement. ⸻ Ce riad titré de grand standing développe 145 m² au sol et environ 250 m² habitables, complétés par plusieurs terrasses, dont une terrasse panoramique avec vue exceptionnelle. Entièrement rénové avec des prestations haut de gamme (électricité, plomberie, climatisation réversible, finitions), le riad est vendu clé en main, meublé et équipé, avec un niveau de décoration rare sur le marché. ⸻ Composition Rez-de-chaussée • Hall d’entrée élégant • Patio lumineux avec piscine chauffée • Salon fermé avec espace TV • Pièce de réception raffinée • Cuisine équipée ouverte sur salle à manger • Toilettes invités • Pièce indépendante actuellement utilisée en réserve (possibilité 6ᵉ chambre) Étage • 4 chambres avec salles de bain privatives • Coursives traditionnelles • Literie haut de gamme et nombreux rangements Terrasse & rooftop • Suite avec salle de bain privative • Espaces lounge avec beds • Bassin / jacuzzi en dur • Buanderie équipée (lave-linge, sèche-linge, linge d’exploitation) • Terrasse panoramique avec espace repas et vue dégagée sur la médina ⸻ Exploitation & potentiel • Dossier maison d’hôtes complet • Autorisation d’exploiter réactivable • Excellente rentabilité locative (chiffres disponibles) • Idéal pied-à-terre de prestige avec gestion locative ou résidence principale ⸻ Points forts • Emplacement exceptionnel au cœur de la médina • Riad titré, entièrement rénové • Décoration et mobilier inclus, très chic et authentique • Climatisation réversible dans toutes les pièces • Piscine chauffée et jacuzzi sur terrasse • Nombreux rangements et optimisation des espaces • Prêt à vivre ou exploiter immédiatement",https://www.barnes-marrakech.com/images/produits/a09be01dc74e2cdd390703ffea59520f_5f6abed6d9_3344-original.jpg,1,Professionnel,2026-09-30
86806684,barnes,"APPARTEMENT DE PRESTIGE HAUT STANDING A VENDRE – HIVERNAGE, MARRAKECH",https://www.barnes-marrakech.com/fr/vente/marrakech/86806684,Vente,Appartement,Marrakech,Hivernage,807 500 EUR,8721000,161,2,,Ascenseur; Gardien; Meublé,"Au cœur du prestigieux quartier de Hivernage à Marrakech, découvrez ce superbe appartement de standing de 161 m², situé dans une résidence neuve, moderne et entièrement sécurisée. Cet appartement se distingue par ses volumes généreux, sa luminosité naturelle et ses prestations haut de gamme. Il offre une magnifique vue dégagée sur les montagnes de l’Atlas, un véritable privilège au sein de l’un des quartiers les plus prisés de Marrakech. Pensé pour offrir confort et élégance, le bien est vendu entièrement meublé, avec un mobilier soigneusement sélectionné qui apporte une atmosphère chaleureuse et raffinée. Chaque espace a été conçu pour allier esthétique, fonctionnalité et qualité de vie. La résidence, récente et parfaitement entretenue, propose un cadre de vie calme et sécurisé, idéal pour une résidence principale, une résidence secondaire ou un investissement immobilier de prestige. Caractéristiques du bien : • Superficie : 161 m² • Résidence neuve et sécurisée • Vue dégagée sur les montagnes de l’Atlas • Appartement vendu entièrement meublé • Prestations modernes et finitions de qualité • Quartier calme, central et très recherché L’appartement bénéficie d’un emplacement privilégié, à proximité immédiate des hôtels de luxe, restaurants, commerces et des principales attractions de la ville.",https://www.barnes-marrakech.com/images/produits/7bd685ac264a7b1466bbccc5122bb381_36a6a7c646_1600-original.jpg,1,Professionnel,2026-09-30
86822596,barnes,MAGNIFIQUE RIAD A VENDRE – IDEAL RESIDENCE OU INVESTISSEMENT LOCATIF,https://www.barnes-marrakech.com/fr/vente/marrakech/86822596,Vente,Riad,Marrakech,Médina,Prix Nous consulter,,93,3,3,Cheminée; Meublé,"Édifié sur une surface de 93 m² au sol, ce riad haut de gamme, titré, séduit immédiatement par l’élégance de son atmosphère et l’harmonie de ses volumes. Les propriétaires ont imaginé et réalisé une décoration raffinée, avec un véritable sens du détail et des finitions de grande qualité, créant un lieu à la fois chaleureux, chic et intemporel. Le rez-de-chaussée s’organise autour d’un espace de vie convivial comprenant une cuisine, un salon avec cheminée ainsi qu’une élégante fontaine qui apporte fraîcheur et sérénité à l’ensemble. Une première suite complète ce niveau. Au premier étage se trouvent deux chambres avec salle de bain privative ainsi qu’un agréable espace détente, offrant calme et confort. Le deuxième niveau propose un espace de vie supplémentaire pensé pour recevoir et profiter pleinement du climat de Marrakech : cuisine/bar, espace repas, grand bassin et espace bed pour des moments de relaxation dans une ambiance exclusive. Ce riad constitue une résidence de charme idéale à Marrakech tout en offrant un excellent potentiel de rendement locatif grâce à son emplacement recherché, sa configuration et son standing. Un bien rare où se rencontrent élégance, confort et art de vivre. Idéalement situé dans un derb calme du quartier prisé de Sidi Mimoune bénéficiant d’un accès facile et pratique. Parking à seulement 2 minutes à pied, un atout rare et particulièrement recherché.",https://www.barnes-marrakech.com/images/produits/2cf5ee5903baf5a279debee1d08d045e_0774b8e0b6_1364-original.jpg,1,Professionnel,2026-09-30
86760461,barnes,Villa contemporaine en construction à vendre route de l'Ourika,https://www.barnes-marrakech.com/fr/vente/marrakech/86760461,Vente,Villa,Marrakech,Route de l'Ourika,840 000 EUR,9072000,1500,4,4,Cheminée; Gardien; Piscine,"Cette villa témoin de 330m2 construite sur un terrain de 1500m2, au seins d'une résidence d'exception livrable dans 12 mois, se distingue par son design épuré et ses espaces généreux, créant un cadre de vie exceptionnel. Ses 4 suites lumineuses, dont une suite principale, ses salles de bains modernes ainsi qu’une chambre de service sont complétées par une cuisine haut de gamme, que vous aurez le choix de laisser ouverte ou fermée selon vos préférences. Le salon spacieux, agrémenté de baies vitrées coulissantes à double vitrage, s’ouvre sur une superbe piscine et un jardin luxuriant. Avec la somptueuse vue sur les montagnes de l’Atlas tout autour de la villa. Au seins de cette résidence, 3 terrains de padel, un terrain de basket, un mini foot, une superette pour vous faciliter la vie au quotidien, une salle de fitness, un kids club pour les plus jeunes résidents et un espace détente avec un hammam et une salle de massage.",https://www.barnes-marrakech.com/images/produits/f22879b2284365a2bd659b3c238f737f_9260f5d91d_3344-original.jpg,1,Professionnel,2026-09-30
86773885,barnes,"VILLA RIAD DE PRESTIGE A VENDRE – PALMERAIE DE MARRAKECH, CADRE EXCLUSIF",https://www.barnes-marrakech.com/fr/vente/marrakech/86773885,Vente,Villa,Marrakech,Golf Palace,490 000 EUR,5292000,250,3,3,Cheminée; Piscine; Meublé,"Villa de style riad conçue dans la plus pure tradition arabo-andalous au seins la résidence Dar Lamia, un superbe domaine de 5 hectares situé dans la Palmeraie à 5 min du golf de la Palmeraie et 15 min du centre-ville, la résidence est entièrement close et sécurisée 24h/24h Celle-ci propose un service de restauration, une grande piscine commune, un spa et un terrain de pétanque. La maison est construite sur 2 niveaux et offre 3 belles suites, le séjour très lumineux donne directement sur le patio et son bassin. Mobilier de qualité inclus dans le prix de vente, la villa a été complètement rénovée il y a 3 ans.",https://www.barnes-marrakech.com/images/produits/b9fa74ca1664232c6a181ace92d4c387_07875a9cbe_3344-original.jpg,1,Professionnel,2026-09-30
86760339,barnes,CHARMANT RIAD TITRE DE 140 M² AVEC PISCINE CHAUFFEE ET VUE ATLAS,https://www.barnes-marrakech.com/fr/vente/marrakech/86760339,Vente,Riad,Marrakech,Mouassine,Prix Nous consulter,,300,5,1,Cheminée; Piscine; Meublé,"140 m² au sol – Vendu clé en main Situé dans le quartier prisé de Derb Snane, au cœur de Mouassine, à seulement 2 minutes à pied de Le Jardin Secret, ce riad d’exception offre un cadre rare alliant prestige, confort et calme absolu. Entièrement rénové avec des prestations de grande qualité, ce riad titré est une opportunité unique pour une résidence privée de standing ou un investissement locatif premium au cœur de la médina. Rez-de-chaussée Élégant salon avec espace salle à manger Cuisine équipée 1 suite avec salle de bain privative Magnifique piscine chauffée au centre du patio 1er étage 3 superbes suites, chacune avec salle de bain privative 2e étage 1 suite supplémentaire Rooftop aménagé avec bassin Espace détente avec bed Sur-terrasse offrant une vue panoramique exceptionnelle à 360° sur la médina et l’Atlas Les atouts majeurs Emplacement premium et recherché Calme absolu Deux piscines (patio & rooftop) Deux cuisines Vues imprenables Riad en parfait état Vendu entièrement meublé et équipé Un véritable coup de cœur pour les amateurs de biens rares à Marrakech. N'attendez plus et contactez-nous",https://www.barnes-marrakech.com/images/produits/a95b6e92d606bea90c715878c22c0d1b_abc42cfec2_3344-original.jpg,1,Professionnel,2026-09-30
86816836,barnes,"PROPRIETE D’EXCEPTION A MARRAKECH – VILLA DE PRESTIGE 9 SUITES, PISCINE CHAUFFEE ET COURT DE TENNIS",https://www.barnes-marrakech.com/fr/vente/marrakech/86816836,Vente,Villa,Marrakech,Route de Fès,Prix Nous consulter,,1400,9,9,Cheminée; Gardien; Piscine; Meublé,"Edifiée sur un terrain de 10 000 m², cette propriété d’exception développe environ 1 400 m² de surface couverte. Elle propose 9 suites réparties harmonieusement entre la maison principale, qui en accueille cinq, deux pavillons invités disposant chacun d’une suite, ainsi qu’une maison indépendante de 100 m² comprenant deux suites, une cuisine et des espaces de vie. La propriété offre des prestations de grande qualité : un court de tennis, un spa indépendant, une cave à vin, une piscine chauffée de 25 x 8 mètres, une salle de sport, un pool house, un garage couvert pour quatre véhicules, une maison pour le personnel, un terrain de pétanque, ainsi que de nombreux oliviers et arbres fruitiers qui participent au charme du domaine. Vous serez également séduit par la vue spectaculaire sur les montagnes de l’Atlas, le jardin paysager d’exception, la sérénité absolue des lieux, les oliviers centenaires et l’intimité remarquable qu’offre cette propriété, le tout dans un environnement préservé. À noter que la propriété bénéficie de l’agrément officiel de maison d’hôtes, offrant ainsi un potentiel d’exploitation touristique.",https://www.barnes-marrakech.com/images/produits/2b096b98b6645f936ab04e1ac238c659_e567edea8f_3344-original.jpg,1,Professionnel,2026-09-30
86743919,barnes,"SUPERBE RIAD 8 CHAMBRES AVEC VUE IMPRENABLE SUR LA KOUTOUBIA – MEDINA, QUARTIER ROYAL",https://www.barnes-marrakech.com/fr/vente/marrakech/86743919,Vente,Riad,Marrakech,La Kasbah,1 850 000 EUR,19980000,400,8,8,Cheminée; Gardien; Meublé,"Situé dans le quartier Royal de la médina de Marrakech, ce riad titré de 200 m² au sol et 400 m² habitables offre une vue panoramique rare sur la Mosquée Koutoubia, les jardins de La Mamounia et les montagnes de l’Atlas. Organisée autour d’un patio central lumineux, la propriété comprend plusieurs salons, une salle à manger, une cuisine équipée, un hammam traditionnel et une salle de massage. Elle dispose de 8 chambres avec salles de bains privatives, idéales pour une exploitation en maison d’hôtes de charme. La terrasse panoramique aménagée propose un espace repas couvert, une cheminée, un jacuzzi et un espace détente avec une vue spectaculaire sur Marrakech et l’Atlas. Actuellement exploitée en maison d’hôtes avec un excellent taux de remplissage, cette propriété constitue une opportunité d’investissement rare à Marrakech, au cœur de la médina, dans l’un des secteurs les plus recherchés pour l’immobilier de luxe.",https://www.barnes-marrakech.com/images/produits/5fef7832216c7af652d05f774ebebfbb_468eb9997a_3344-original.jpg,1,Professionnel,2026-09-30
86738999,barnes,MAGNIFIQUE RIAD TITRE AVEC ROOFTOP & SPA AU CŒUR DE RIAD ZITOUN,https://www.barnes-marrakech.com/fr/vente/marrakech/86738999,Vente,Riad,Marrakech,Riad Zitoun Kedim,950 000 EUR,10260000,320,4,4,Cheminée; Piscine; Meublé,"Idéalement situé dans le quartier recherché de Riad Zitoun, à seulement 4 minutes à pied de la place Jemaa El Fna, de la place des Ferblantiers et du Palais Badi, ce superbe riad bénéficie d’un emplacement premium au cœur de la Médina. Surface au sol : 184 m² Surface habitable : env. 320m² Le riad se compose de : • 4 chambres avec salles de bain (dont 2 grandes suites avec dressing à l’étage) • Patio lumineux avec salon, salle à manger et cheminée • Espace bien-être avec hammam et salle de massage double • Grande cuisine équipée professionnelle • Climatisation réversible dans toutes les pièces • Très belles hauteurs sous plafond Le rooftop aménagé offre un bassin et un espace solarium, dans un environnement agréable entouré de végétation. Style bohème chic, lumineux, volumes généreux et atmosphère chaleureuse. Bien titré. Actuellement sans autorisation d’exploitation en maison d’hôtes (possibilité envisageable sous certaines conditions). Idéal pour y vivre à l’année, en faire une résidence secondaire ou proposer de la location privative haut de gamme.",https://www.barnes-marrakech.com/images/produits/a84d90cb0dadb311e9acd1745a6be15a_8a51935f8d_3344-original.jpg,1,Professionnel,2026-09-30
86779184,barnes,Appartement d’exception au sein d’une résidence sécurisée avec prestations premium,https://www.barnes-marrakech.com/fr/vente/marrakech/86779184,Vente,Appartement,Marrakech,Route de Ouarzazate,190 000 EUR,2052000,90,2,2,Cheminée; Piscine; Meublé,"Situé dans une résidence fermée et parfaitement sécurisée, bénéficiant d’un environnement calme et verdoyant, cet élégant appartement offre un cadre de vie privilégié. La résidence propose des prestations de qualité : deux piscines, salle de sport entièrement équipée, restaurants, vastes espaces paysagers soigneusement entretenus ainsi qu’un parking sécurisé. L’appartement se compose de deux spacieuses chambres, deux salles de bains, un vaste espace de réception baigné de lumière, une grande terrasse offrant une agréable vue sur la piscine Ensoleillé et généreusement dimensionné, ce bien allie confort, élégance et fonctionnalité. Il conviendra parfaitement en résidence principale, pied-à-terre ou investissement locatif de qualité.",https://www.barnes-marrakech.com/images/produits/29fd31382fdc020ca64193cf6a18432b_553c275271_3344-original.jpg,1,Professionnel,2026-09-30
86757415,barnes,SUPERBE VILLA RIAD A VENDRE AU CŒUR DE LA PALMERAIE DE MARRAKECH,https://www.barnes-marrakech.com/fr/vente/marrakech/86757415,Vente,Villa,Marrakech,Golf Palace,539 000 EUR,5821200,300,4,4,Cheminée; Gardien; Meublé,"Villa de style riad conçue dans la plus pure tradition arabo-andalous au seins la résidence Dar Lamia, un superbe domaine de 5 hectares situé dans la Palmeraie à 5 min du golf de la Palmeraie et 15 min du centre-ville, la résidence est entièrement close et sécurisée 24h/24h Celle-ci propose un service de restauration, une grande piscine commune, un spa et un terrain de pétanque. La maison est construite sur 2 niveaux et offre 4 belles suites, le séjour très lumineux donne directement sur le patio et son bassin. Mobilier de qualité inclus dans le prix de vente, la villa a été complètement rénovée il y a 3 ans.",https://www.barnes-marrakech.com/images/produits/60bb631d1ca05812166a43c4552081db_32f85dff60_4096-original.jpg,1,Professionnel,2026-09-30
86782931,barnes,HIVERNAGE – MAGNIFIQUE APPARTEMENT A VENDRE DANS UN EMPLACEMENT PRESTIGIEUX,https://www.barnes-marrakech.com/fr/vente/marrakech/86782931,Vente,Appartement,Marrakech,Hivernage,510 000 EUR,5508000,112,2,2,Gardien; Piscine; Meublé,"Situé au cœur du très prisé quartier de Hivernage à Marrakech, découvrez ce superbe appartement de 112 m², niché au 4ᵉ étage d’une résidence prestigieuse, sécurisée 24h/24 avec ascenseur. L’appartement se compose de deux belles chambres, deux salles de bain, et d’un espace de vie lumineux, parfaitement agencé. Il est vendu entièrement meublé et décoré, avec goût et raffinement, prêt à vivre ou à louer immédiatement. Vous bénéficiez également d’une place de parking titrée en sous-sol, un véritable atout dans ce secteur recherché. , ce bien représente une opportunité rare au sein de l’Hivernage, à proximité immédiate des hôtels de luxe, restaurants et commodités. Un produit premium, idéal résidence principale, pied-à-terre ou investissement locatif.",https://www.barnes-marrakech.com/images/produits/5b6b4bdce84a8a5021de2ff2dcf8d71b_82cf97bf33_2048-original.jpg,1,Professionnel,2026-09-30
86757351,barnes,À VENDRE – ÉLEGANTE VILLA D’ARCHITECTE DE PLAIN-PIED SUR LA ROUTE D’AMIZMIZ,https://www.barnes-marrakech.com/fr/vente/marrakech/86757351,Vente,Villa,Marrakech,Route D'Amizmiz,1 285 000 EUR,13878000,1500,5,5,Cheminée; Gardien; Piscine; Meublé,"Superbe villa d’architecte de plain-pied, située au sein d’une copropriété confidentielle composée de six villas entièrement achevées, à seulement 15 minutes du centre-ville. Édifiée sur une généreuse parcelle de 1 500 m², la propriété bénéficie d’une vue dégagée et imprenable sur les montagnes de l’Atlas. De larges baies vitrées à galandage permettent d’ouvrir entièrement le vaste séjour de 80 m² sur l’extérieur, créant une parfaite continuité entre les espaces intérieurs et les terrasses. La villa propose cinq chambres, dont quatre avec salle de bain privative. La suite parentale offre de beaux volumes, tandis que la cinquième chambre est aménagée en bungalow indépendant en bord de piscine, idéal pour recevoir en toute intimité. Entièrement climatisée, la propriété est également équipée d’un système de chauffage et de rafraîchissement par le sol, garantissant un confort optimal en toute saison. La piscine, quant à elle, est chauffée.",https://www.barnes-marrakech.com/images/produits/8910f454b0e98ed4e0319ba6b2dad566_010bab5730_3344-original.jpg,1,Professionnel,2026-09-30
86704895,barnes,Vente en 1er ligne sur le golf d'Amelkis,https://www.barnes-marrakech.com/fr/vente/marrakech/86704895,Vente,Villa,Marrakech,Golf Amelkis,2 100 000 EUR,22680000,1112,,5,Golf; Cheminée; Ascenseur; Piscine,En première ligne sur le prestigieux Golf d’Amelkis à Marrakech. cette villa offre une atmosphère douce et élégante. pensée pour un art de vivre paisible et raffiné. Ici. les matériaux nobles. les tons naturels et les détails soignés créent une véritable maison de famille. accueillante et confortable. - Emplacement privilégié: panorama ouvert sur les fairways d’Amelkis. à quelques minutes des meilleures adresses de la ville et des autres golfs. - 5 suites: chacune avec salle de bains privative. rangements intégrés et accès à l’extérieur ou balcon. pour préserver l’intimité de chacun. - Confort absolu: chauffage au sol pour une douceur constante. ascenseur desservant tous les niveaux. climatisation et isolation soignée. - Espace bien-être: hammam traditionnel et zone de relaxation. - Espaces de réception: salons chaleureux ouvrant sur la terrasse et le jardin. coin cheminée convivial. salle à manger. cuisine équipée. - Extérieurs soignés: jardin délicatement paysagé. terrasses ombragées. belle piscine invitant à la détente. vues apaisantes sur le parcours. - Finitions et prestations: menuiseries de qualité. éclairages d’ambiance. nombreux espaces de rangement. circulation fluide et fonctionnelle. Une adresse rare sur Amelkis. où l’on vient pour se ressourcer. recevoir et profiter du meilleur de Marrakech dans une villa au style authentique et accueillant.,https://www.barnes-marrakech.com/images/produits/80f8e6c1872bd019d5114e808df3062b_1849a6ee4d_1280-original.jpg,1,Professionnel,2026-09-30
86700709,barnes,Superbe villa de campagne avec vue sur l'Atlas – À 35 minutes de la ville,https://www.barnes-marrakech.com/fr/vente/marrakech/86700709,Vente,Villa,Marrakech,Route de Sidi Abdellah Ghiat,1 300 000 EUR,14040000,475,4,4,Cheminée; Gardien; Piscine; Meublé,"À seulement 35 minutes de la ville, au cœur d’un environnement naturel rare et préservé, cette propriété de prestige bénéficie d’une VNA définitive. Située dans un environnement naturel privilégié, cette villa de campagne offre un cadre exceptionnel à seulement 35 minutes de la ville, avec une magnifique vue dégagée sur les montagnes de l’Atlas. Établie sur un terrain de 2,6 hectares, la propriété est embellie par 230 oliviers, conférant authenticité, charme et tranquillité. La villa principale, développant une surface habitable de 475 m², se compose de : 4 suites spacieuses, chacune avec salle de bain privative, un salon lumineux, une salle à manger conviviale, et une piscine parfaitement intégrée. La propriété comprend également une dépendance au charme berbère, offrant : 3 chambres et une piscine individuelle, permettant d’accueillir invités ou hôtes en toute intimité. Cette propriété allie calme absolu, vue exceptionnelle et potentiel touristique; idéale comme résidence principale, maison de vacances ou projet de maison d’hôtes.",https://www.barnes-marrakech.com/images/produits/81ad87d737da0829237c247429560fe6_8ab968b3a6_3344-original.jpg,1,Professionnel,2026-09-30
86722468,barnes,"MAGNIFIQUE RIAD A VENDRE DANS LA MEDINA (SIDI BEN SLIMANE) – 4 SUITES, PISCINE ET VUE ATLAS",https://www.barnes-marrakech.com/fr/vente/marrakech/86722468,Vente,Riad,Marrakech,Médina,Prix Nous consulter,,260,4,4,Cheminée; Meublé,"Au cœur du très prisé quartier de Sidi Ben Slimane, ce riad d’exception séduit par sa luminosité, son parfait état d’entretien et le respect de l’architecture traditionnelle marrakchie. Zelliges, tadelakt, portes en bois sculpté… chaque détail reflète l’authenticité du bâti noble tout en offrant un confort moderne. Édifié sur une parcelle de 188 m² au sol pour environ 260 m² habitables, ce riad titré, à trois façades libres, est harmonieusement réparti sur deux niveaux et possède une terrasse panoramique. Caractéristiques générales Riad titré Trois façades Entièrement meublé et équipé ◾ Rez-de-chaussée * Hall d’entrée avec rangements * Patio central lumineux avec piscine, entouré de : * Salon marocain élégant * Salle à manger * Bhou traditionnel * Hammam * Cuisine entièrement équipée * Espace buanderie * Deux WC invités ◾ 1er étage * 4 suites soigneusement agencées, chacune avec : Dressing avec placards et penderies, Salle de bain, Climatisation ◾ 2ème étage – Terrasse panoramique Superbe terrasse fleurie (palmiers, cactus, glycines…) Salle à manger sous pergola Salon d’extérieur Mezzanine avec transats et douche (solarium) Vue imprenable sur la Médina et les montagnes de l'Atlas 2 locaux techniques/utilitaires Ce riad rare, propriété privée depuis 17 ans, allie parfaitement authenticité, élégance et confort moderne dans un environnement calme et sécurisé au cœur de la Médina. Accès voiture et parking à proximité immédiate. Riad prêt à vivre – Il ne reste plus qu’à poser vos valises.",https://www.barnes-marrakech.com/images/produits/114cf384b27e558c4adf9b379928f1f4_7b16a80a8e_3344-original.jpg,1,Professionnel,2026-09-30
86689707,barnes,"Villa en résidence sécurisée – 420 m², terrain 1 000 m², réception 130 m², 5 suites",https://www.barnes-marrakech.com/fr/vente/marrakech/86689707,Vente,Villa,Marrakech,Route de l'Ourika,995 000 EUR,10746000,420,5,5,Cheminée; Piscine,"Dans une résidence moderne et sécurisée, cette villa se démarque par ses dimensions et la qualité de ses finitions. Elle est implantée sur un terrain paysagé d’environ 1 000 m² et développe 420 m² habitables sur deux niveaux. La pièce maîtresse est une vaste réception de plus de 130 m², largement ouverte sur le jardin et la piscine grâce à de grandes baies vitrées. La cuisine américaine, intégrée à l’espace, a été réalisée avec des matériaux et des équipements de qualité, au-delà des prestations initialement prévues. La distribution comprend cinq suites : deux au rez-de-chaussée et trois à l’étage, chacune avec salle de bain et rangements, permettant à chacun de préserver confort et intimité. À l’extérieur, le jardin aménagé entoure la piscine et compose un cadre agréable. L’ensemble bénéficie d’un environnement paisible, à quelques minutes des commodités et du centre-ville de Marrakech.",https://www.barnes-marrakech.com/images/produits/bcf22ae414de37afc32a25ccd263137c_81af178b26_2000-original.jpg,1,Professionnel,2026-09-30
86689715,barnes,VILLA CONTEMPORAINE DE PRESTIGE A AMELKIS 3,https://www.barnes-marrakech.com/fr/vente/marrakech/86689715,Vente,Villa,Marrakech,Golf Amelkis,1 400 000 EUR,15120000,550,5,5,Gardien; Piscine; Meublé,"Située au cœur du très prisé domaine d’Amelkis à Marrakech, cette magnifique villa contemporaine séduit par son architecture moderne, ses volumes généreux et son atmosphère raffinée. Édifiée sur un terrain de 1 200 m², elle développe une surface habitable de 550 m², offrant un cadre de vie aussi luxueux que confortable. La villa se compose de cinq superbes suites, chacune pensée comme un espace privé alliant élégance, confort et intimité. Les espaces de réception, baignés de lumière grâce aux larges baies vitrées, s’ouvrent harmonieusement sur le jardin, créant une continuité parfaite entre intérieur et extérieur. Le salon, aux lignes épurées et aux volumes impressionnants, invite à la convivialité, tandis que la décoration contemporaine, soignée dans les moindres détails, confère à l’ensemble une ambiance chaleureuse et sophistiquée. La villa est vendue entièrement meublée, avec un mobilier de qualité sélectionné avec goût. À l’extérieur, un jardin paysager entoure une magnifique piscine, véritable cœur de la propriété, idéale pour profiter pleinement du climat de Marrakech en toute tranquillité. L’ensemble offre un cadre paisible, sécurisé et recherché, à quelques minutes seulement du centre-ville et des golfs renommés. Un bien rare sur le marché, parfait pour une résidence principale, secondaire ou un investissement de prestige, au sein de l’un des domaines les plus exclusifs de Marrakech",https://www.barnes-marrakech.com/images/produits/a778e47d927202c28e457cefc7681885_85c7cb403c_3344-original.jpg,1,Professionnel,2026-09-30
86705127,barnes,SOMPTUEUSE VILLA CONTEMPORAINE AU CŒUR D’AMELKIS,https://www.barnes-marrakech.com/fr/vente/marrakech/86705127,Vente,Villa,Marrakech,Golf Amelkis,1 550 000 EUR,16740000,1200,5,5,Golf; Gardien; Piscine,"Très belle construction moderne sur le golf d'Amelkis construite sur 2 niveaux avec un surface couverte de 530m2 sur un terrain de 1200m2. De grandes baies vitrées avec de belles hauteurs sous plafond, villas très lumineuse. Les suites sont toutes de grande taille, les prestations de la villas sont dans leur ensemble de très bonne qualité et le mobilier en parfait état.",https://www.barnes-marrakech.com/images/produits/324449ca9218cd3db113a9e0d0810dac_ba4656b883_3860-original.jpg,1,Professionnel,2026-09-30
86686203,barnes,Appartement duplex neuf en Palmeraie,https://www.barnes-marrakech.com/fr/vente/marrakech/86686203,Vente,Appartement,Marrakech,Palmeraie,440 000 EUR,4752000,190,3,,Gardien; Cheminée,"Au seins d'un résidence neuve de 32 appartements nous vous proposons ce magnifique duplex de 3 chambres avec une chambre invités au rez de chaussée et 2 chambres à l'étage dont une chambre parentale. Résidence fermée et surveillée, située au cœur de la Palmeraie à Marrakech offrant une vue panoramique et imprenable sur les majestueuses montagnes de l’Atlas. De très beaux espaces de terrasse en rez de chaussée donnant sur le salon et sur une chambre et à l'étage une grande terrasse nons couverte donnannt sur les 2 chambres. La résidence propose une piscine collective sous forme de lagon. Excellent pour un investissement locatif!",https://www.barnes-marrakech.com/images/produits/0f42c4c621c7c3bc60e018e1a3add236_74cb5849fc_3344-original.jpg,1,Professionnel,2026-09-30
86662725,barnes,"Villa en résidence sécurisée, proximité Amelkis",https://www.barnes-marrakech.com/fr/vente/marrakech/86662725,Vente,Villa,Marrakech,Route de Fès,430 000 EUR,4644000,319,4,2,Gardien; Cheminée,"Située dans le secteur recherché des golfs, à proximité immédiate d’Amelkis, cette villa entièrement rénovée en 2023 prend place au sein d’un domaine sécurisé, gardienné et particulièrement bien entretenu. Édifiée sur un terrain d’environ 423 m², elle développe environ 319 m² construits répartis sur trois niveaux, avec des volumes confortables et une distribution fluide. Le rez-de-chaussée s’ouvre sur un hall d’entrée et comprend des toilettes invités, une cuisine, ainsi qu’un bel espace de réception composé d’un salon et d’un séjour avec cheminée, offrant un cadre de vie chaleureux et agréable au quotidien. À l’étage, l’espace nuit accueille quatre chambres et deux salles de bain, avec une organisation fonctionnelle et bien pensée. Le sous-sol comprend une grande pièce disposant déjà de sa salle d’eau, pouvant accueillir différents usages selon les besoins. La villa se distingue également par sa grande terrasse sur le toit, véritable prolongement des espaces de vie, offrant une très belle vue panoramique sur les montagnes de l’Atlas. Un garage box fermé complète l’ensemble. Le domaine, apprécié pour son calme et la qualité de son entretien, dispose également d’une grande piscine commune, apportant un confort de vie supplémentaire dans un environnement résidentiel de qualité. Cette villa constitue une belle opportunité, aussi bien pour une résidence principale que pour un pied-à-terre à Marrakech.",https://www.barnes-marrakech.com/images/produits/4bc6d0e9f17ab3a6ecbb4afbffc28859_7744c7d954_1600-original.jpg,1,Professionnel,2026-09-30
86667428,barnes,Villa d'architecte en construction à vendre route de l'Ourika,https://www.barnes-marrakech.com/fr/vente/marrakech/86667428,Vente,Villa,Marrakech,Route d'Ourika,690 000 EUR,7452000,450,4,1,Air conditionné; Cheminée; Abri de voiture; Arrosage; Barbecue; Éclairage extérieur; Fibre optique; Maison de gardien; Gardien; Service de sécurité; Vidéophone; Spa,"Véritable maison d'architecte de 450m2 dans un domaine sécurisé de 30 villas à 15 minutes du centre ville construite sur une parcelle de 750m2, pensée avec un  jeu de volumes en murs de pisé rappelant les kasbahs berbères,textures, matières et matériaux naturels pour une ambiance, sobre et élégante.
AU rez de chaussée: un garage couvert, des espaces salons, salle-à-manger, et séjour avec cheminée, une cuisine ouverte, une cuisine fermée, une salle d'eau invités, une suite avec salle de bain, et divers dépendances (rangement, buanderie, vestiaire personnel, local technique), et à l'extérieur, une terrasse couverte, une terrasse non couverte et une piscine à débordement.
A l'étage, trois chambres avec leurs salles de bain, dont une suite parentale, un solarium en rooftop avec accès également depuis le jardin.

Un club house, un mini-market, un espace de coworking et une salle de sport.",https://www.barnes-marrakech.com/images/produits/f2df2269f7ef8fcb406801ffae9fd73b_e375fb773b_3840-original.jpg,1,Professionnel,2026-09-30
86557283,barnes,Magnifique propriété de plain-pied avec vue imprenable sur l’Atlas,https://www.barnes-marrakech.com/fr/vente/marrakech/86557283,Vente,Villa,Marrakech,Route de Sidi Abdellah Ghiat,2 800 000 EUR,30240000,600,9,9,Cheminée; Gardien; Piscine; Meublé,"Nichée dans un environnement calme et privilégié, cette superbe propriété de plain-pied offre une vue exceptionnelle sur les montagnes de l’Atlas, au cœur d’un vaste terrain de 2,6 hectares. La propriété développe une surface habitable totale d’environ 600 m². La maison principale se compose de deux chambres confortables, d’un salon lumineux et d’une salle à manger conviviale, idéalement ouverte sur les espaces extérieurs. L’ensemble comprend également cinq bungalows indépendants, offrant un fort potentiel pour une activité de maison d’hôtes ou pour accueillir famille et invités en toute intimité. Un espace dédié au bien-être complète la propriété avec un hammam traditionnel et une salle de sport. Une maison authentique indépendante, disposant de deux chambres et de sa piscine individuelle, vient parfaire cet ensemble rare. Atout majeur : la propriété bénéficie de la VNA (Vocation Non Agricole), un élément devenu de plus en plus rare, offrant une grande sécurité juridique et de multiples possibilités de valorisation. Un bien d’exception, alliant volumes, authenticité et fort potentiel, dans un cadre naturel unique face à l’Atlas.",https://www.barnes-marrakech.com/images/produits/d4b28c395a387e5a0dcc97f97ba19842_a2dbc247f9_1920-original.jpg,1,Professionnel,2026-09-30
86663093,barnes,SUPERBE VILLA CONTEMPORAINE AVEC VUE ATLAS – ROUTE DE L’OURIKA,https://www.barnes-marrakech.com/fr/vente/marrakech/86663093,Vente,Villa,Marrakech,Route de l'Ourika,890 000 EUR,9612000,1350,5,5,Meublé; Cheminée,"Située dans une résidence calme et sécurisée à seulement 20mn du centre ville, avec une architecture moderne et du mobilier haut de gamme, confort optimale grasse à son chauffage au sol, cette villa de 350m2 construite sur un terrain de 1350m2 est idéale pour un investissement locatif, très bonne rentabilité garantie. La villa dispose de 5 suites dont un studio avec kitchenette à l'étage, la piscine est chauffée, jacuzzi intégré à la piscine, pool house, chauffage au sol dans toute la villa.",https://www.barnes-marrakech.com/images/produits/2866b6fcd638eb00029a5b18dc76350e_b6ad5f3452_3344-original.jpg,1,Professionnel,2026-09-30
86639507,barnes,ROUTE DE L’OURIKA – MAISON CONTEMPORAINE AVEC VNA A VENDRE,https://www.barnes-marrakech.com/fr/vente/marrakech/86639507,Vente,Villa,Marrakech,Route de l'Ourika,2 500 000 EUR,27000000,5600,6,6,Gardien; Piscine; Meublé; Cheminée,"Nichée au cœur d'un parc ornée d'une centaine d'arbres fruitiers, cette ravissante villa champêtre, achevée il y a six ans, bénéficie d'un agrément de VNA, la rendant ainsi accessible à tous les acheteurs étrangers. Elle se compose de six majestueuses chambres, de deux vastes salons ainsi que d'une véranda dotée d'une verrière rétractable par système électrique. Une grande terrasse couverte offre des espaces généreux, empreints de confort et de sérénité. La villa est également équipée d'une climatisation réversible intégrale, d'un système de chauffage central au gaz, d'une installation photovoltaïque qui assure notamment le chauffage de la piscine, ainsi que d'une solution solaire pour la production d'eau sanitaire.",https://www.barnes-marrakech.com/images/produits/cac5051bc81f618cf65ec9bb1f8d744c_66f2608176_2000-original.jpg,1,Professionnel,2026-09-30
86481282,barnes,À Vendre –oasis privée au cœur du désert avec vue panoramique sur l'Atlas,https://www.barnes-marrakech.com/fr/vente/marrakech/86481282,Vente,Villa,Marrakech,Route D'Amizmiz,Prix Nous consulter,,500,,2,Cheminée; Piscine,"Cette villa au charme authentique bénéficie d’un emplacement privilégié au cœur du désert, seulement 30 minutes de la médina de Marrakech et de l’aéroport, et à 5 minutes du village de Tameslohte. Conçue dans le respect total de l’environnement, cette demeure privée fonctionne entièrement à l’énergie solaire et dispose de son propre puits ainsi que d’un système d’eau filtrée. La maison principale comprend cinq chambres, chacune avec sa salle de bain attenante. Elle offre également des toilettes invités, deux salons, une salle à manger, un bureau, plusieurs terrasses ombragées, six cheminées, la climatisation, une buanderie, une cuisine entièrement équipée et une piscine. Deux suites bénéficient de leur propre terrasse, tandis que deux autres chambres disposent d’un balcon. Édifiée au sommet d’une colline, la propriété jouit d’une vue panoramique à 360° sur la chaîne de l’Atlas, avec un spectacle de couleurs saisissant, à l’abri du bruit et de l’agitation de la médina. Les deux hectares de terrain abritent des orangers, citronniers, oliviers, ainsi que des herbes aromatiques autour de la piscine, un palmier majestueux et un jardin de cactus, offrant un cadre paisible et authentique",https://www.barnes-marrakech.com/images/produits/cb8c4225fa1ac754b7d1e1444997eed5_1dcc68e92b_1920-original.jpg,1,Professionnel,2026-09-30
86484557,barnes,BELLE MAISON A VENDRE A AMELKIS 2 – MARRAKECH,https://www.barnes-marrakech.com/fr/vente/marrakech/86484557,Vente,Villa,Marrakech,Golf Amelkis,Prix Nous consulter,,1000,4,4,Cheminée; Piscine; Golf,"Située dans l'une des résidences golfiques les plus prestigieuses de Marrakech, la Villa de prestige est proposée à la vente par Barnes Marrakech Résolument moderne et spacieuse, récemment rénovée et baignée de lumière, cette propriété offre une magnifique décoration avec des équipements de grande qualité. Elle est entourée d’un beau jardin fleuri et d’une piscine chauffée à l’abris des regards. Son entrée dessert une vaste réception prolongée d’une cuisine entièrement équipée avec salle à manger été – hiver. La partie nuit se compose de 3 belles suites avec lits double et salle de bains et une 4eme chambre enfants (lits superposés) avec salle de douche . Tranquillité, golf , sécurité, sont les atouts de cette résidence",https://www.barnes-marrakech.com/images/produits/32d55bcd595f7ca2c8f2c75eed8e11a2_b720643e3d_1920-original.jpg,1,Professionnel,2026-09-30
86754224,barnes,"SUPERBE VILLA MODERNE A VENDRE SUR LE GOLF D’AMELKIS, MARRAKECH",https://www.barnes-marrakech.com/fr/vente/marrakech/86754224,Vente,Villa,Marrakech,Golf Amelkis,1 090 000 EUR,11772000,340,5,5,Golf; Cheminée; Gardien; Meublé,"Très belle villa moderne d'une superficie de 340 m² habitables sur deux niveaux , Terrain de 900 m² dont une jouissance de 400 m² environ. La Villa se compose de 5 Chambres dont 1 Master , chacune avec son balcon et sa Sdb privative, Salon de 90 m² , Salle à manger, Cheminée, Toilettes invités, Cuisine semi ouverte entièrement équipée et donnant sur le Salon, Arrière cuisine. La Villa est dotée d’une isolation thermique double cloison en agglo, double vitrage, Climatisation réversible Inverter , Portail électrique motorisé, Vidéophone, panneaux photovoltaïques 8 KW rendant la villa quasi autonome en journée !!! La Piscine est chauffée de 10 m x 3,5 m avec un salon d’extérieur décaissé, Jardin arboré.",https://www.barnes-marrakech.com/images/produits/95a4828cc9fa09381996f7c92ef3cbb0_ca5901de9e_3275-original.jpg,1,Professionnel,2026-09-30
87031145,barnes,Villa de luxe  meublée à vendre  sur sur golf à Amélkis,https://www.barnes-marrakech.com/fr/vente/marrakech/87031145,Vente,Villa,Marrakech,Route de Sidi Abdellah Ghiat,1 220 000 EUR,13176000,1100,4,4,Golf; Cheminée; Gardien; Piscine; Meublé,"Nichée au cœur du domaine golfique d'Amelkis, cette villa revisitée, meublée , incarne le luxe discret à la marrakchie. Posée sur un terrain de 1 100 m² dont 400 m² en jouissance privative , elle a été entièrement repensée avec un soin particulier porté aux matériaux et aux volumes. En bas, on entre dans un espace qui respire , hall d'entrée, cuisine équipée, et surtout une triple réception généreuse qui s'ouvre naturellement sur la terrasse et la piscine. Pas de cloisons inutiles, pas de décor surchargé , juste des pièces où l'on a envie de s'attarder. L'étage, desservi par un escalier baigné de lumière, abrite quatre suites indépendantes, chacune avec ses rangements intégrés et sa salle d'eau. Toutes donnent sur des terrasses d'où le regard se pose sur les fairways et les toits de la palmeraie. Au sommet, le rooftop s'impose comme l'atout maître de la maison un espace à ciel ouvert pensé pour profiter des couchers de soleil sur l'Atlas. En sous-sol, la villa réserve encore quelques belles surprises : sauna, buanderie, salle polyvalente et appartement de personnel, pour un confort du quotidien sans compromis. Rare sur le marché, cette propriété conjugue intimité préservée, finitions contemporaines et l'adresse incomparable d'Amelkis l'un des golfs les plus courus de Marrakech.",https://www.barnes-marrakech.com/images/produits/9746c5259af39809075dc4efc0a95127_662111e539_2000-original.jpg,1,Professionnel,2026-09-30
86491604,barnes,Très belle villa 6 chambres sur 2200m2 de terrain.,https://www.barnes-marrakech.com/fr/vente/marrakech/86491604,Vente,Villa,Marrakech,Route de Fès,1 200 000 EUR,12960000,2200,6,1,Cheminée; Piscine; Meublé,"Très belle villa de 6 chambres vendue complètement meublée et décorée la villa est édifiée sur un terrain de 2 200 m², située au sein d’un programme résidentiel haut de gamme composé de 23 villas entièrement achevées, sur la route de Fès. Construite sur trois niveaux, cette propriété se distingue par ses volumes généreux et ses prestations de grande qualité. Rez-de-chaussée • Un vaste séjour lumineux de 80 m², ouvrant sur le jardin et la piscine. • Trois chambres à coucher, dont une suite parentale. • Une cuisine moderne entièrement équipée. Étage • Deux chambres supplémentaires, chacune dotée de sa salle de bain privative. Sous-sol • Un grand espace polyvalent pouvant être aménagé en salle de sport, salle de jeux ou home cinéma. • Un hammam et une salle de massage. • Une sixième chambre, idéale pour le personnel ou pour accueillir des invités. Extérieur La villa dispose d’une piscine chauffée avec volet roulant électrique, parfaitement intégrée au jardin paysagé, un pool house avec un bar, une trentaine de panneaux photovoltaiques, un terrain de pétanque et une terrasse équipée pergola bioclimatique.",https://www.barnes-marrakech.com/images/produits/ec7288eb81bdf46f6adb973ecccc6152_b54b901f45_1920-original.jpg,1,Professionnel,2026-09-30
86463929,barnes,ARSET AZOUAL – SUPERBE RIAD D’EXCEPTION AU CŒUR DE MARRAKECH,https://www.barnes-marrakech.com/fr/vente/marrakech/86463929,Vente,Riad,Marrakech,Dar El Bacha,Prix Nous consulter,,,4,4,Cheminée; Meublé,"Livraison 6 mois après l’acte authentique Découvrez un bien rare alliant contemporain raffiné et authenticité marocaine, niché au cœur d’un quartier recherché, avec vue imprenable sur la Koutoubia, l’Atlas et les jardins du Dar El Bacha. Caractéristiques du Riad – 90 m² au sol Rez-de-chaussée * Entrée élégante * 1er salon – espace détente & télévision * 2e salon chaleureux * Cuisine intégrée totalement équipée (équipements européens haut de gamme) * Salle à manger * Toilettes invités * Le tout sublimé par un magnifique puits de lumière 1er Étage * 3 chambres, chacune avec salle de bain privative & dressing 1ère Terrasse * 1 chambre supplémentaire avec salle de bain * Cuisine d’été * Bar ouvert * Espace repas convivial 2e Terrasse – Rooftop * Solarium * Piscine chauffée avec nage à contre-courant * Vue dégagée exceptionnelle Prestations & Finitions * Style contemporain intégrant les marqueurs de l’architecture marocaine * Matériaux nobles & finitions haut de gamme * Climatisation (chambres & salon), arrosage intégré * Possibilité de personnalisation : couleurs, murs, zellige, sols, salles de bain, intérieur de la piscine… en collaboration avec un architecte d’intérieur 🛋️ Inclus Mobilier, linge de maison, vaisselle, luminaires, plantes : un bien livré clé en main. Une opportunité unique dans l’un des plus beaux quartiers de Marrakech",https://www.barnes-marrakech.com/images/produits/61e0e16c185a8271f4e4c13eab7bc169_a94e4a82a6_1280-original.jpg,1,Professionnel,2026-09-30
86472725,barnes,VILLA D'EXCEPTION A DEUX PAS DES GOLFS,https://www.barnes-marrakech.com/fr/vente/marrakech/86472725,Vente,Villa,Marrakech,Route de Ouarzazate,4 850 000 EUR,52380000,1500,7,7,Cheminée; Ascenseur; Gardien; Piscine; Meublé,"À seulement 15 minutes du centre de Marrakech, cette villa neuve d’exception de 2100 m² (1 500 m² habitables + 600 m² de terrasses) est implantée au coeur d’un parc paysagé d’un hectare, signé Valentina Iori, et dessinée par le studio d’architecture Osmooz. Située dans la Palmeraie Sud, dans le quartier des golfs (près du Golf Royal et d’Amelkis), en zone urbaine, elle ne nécessite pas d’AVNA. Offrant une vue panoramique sur l’Atlas depuis toutes les pièces, elle comprend 7 suites dont 2 masters, un salon de 110 m² ouvert sur le bassin et la piscine, ainsi qu’un patio-terrasse au nord avec arcades, fontaine et végétation. Les espaces extérieurs comprennent une grande terrasse couverte de 120 m² donnant sur un bassin décoratif et une piscine à débordement chauffée de 30 x 4 m (traitement au sel et pré-installation pour volet électrique). Construite pour un confort premium toute l’année, la villa dispose d’une isolation complète, d’un chauffage au sol indépendant dans chaque pièce via une chaudière biomasse écologique, chauffant également piscine, hammam et eau chaude sanitaire. Chaque pièce est équipée de climatisation réversible Inverter Carrier. Elle est alimentée par l’eau de la ville + un puits (traitement anti-calcaire et anti-bactérien), dotée de son propre poste électrique et de panneaux solaires photovoltaïques de dernière génération pour réduire considérablement les coûts énergétiques. Livrée entièrement meublée avec mobilier haut de gamme intérieur et extérieur, literie hôtelière, rideaux et luminaires sur mesure, elle bénéficie aussi d’une salle de sport équipée et d’une cuisine professionnelle complète. Construction aux normes parasismiques en vigueur avec garantie décennale. Rez-de-chaussée – Espaces de jour Hall d’entrée, bureau indépendant, 2 WC invités Salon 110 m² avec cheminée suspendue, grandes baies à galandage Salle à manger 4,5 m de hauteur + salle à manger extérieure (mobilier haut de gamme) + terrasse panoramique toit Bassin 60 m² + piscine chauffée 30 x 4 m Salon marocain avec cheminée Office + cuisine professionnelle équipée + cuisine extérieure barbecue Cellier, espace personnel (WC + salle de repas) Parking couvert (pré-installation borne électrique) Garage fermé 3 voitures (pré-installation borne électrique) Loge gardien (2 chambres + cuisine + SDD) Parking invités 4 places Rez-de-chaussée – Nuit Hall escalier monumental sur 3 niveaux + ascenseur Suite master avec dressing + baignoire 2 suites junior avec terrasses privées et literie hôtelière Étage – avec ascenseur Suite master + 2 suites junior avec terrasses privées et literie hôtelière Sous-sol noble – avec ascenseur Hall modulable (bar, billard, bibliothèque, salon cinéma…) SPA complet : hammam beldi, massage, gommage, salle de repos, douche & WC Salle de fitness équipée, accès jardin paysagé décaissé Chambre/junior suite avec SDB & WC Grande pièce transformable en cinéma ou espace jeux/stockage Sous-sol personnel Cour anglaise indépendante, buanderie Chambre personnel + SDB & WC + rangement Jardin Patio andalou avec banquettes & fontaine Espace barbecue + four à bois, pergola repas, terrain de pétanque Éclairage & arrosage automatique Installations techniques Poste électrique + pré-installation groupe électrogène Puits + réserve d’eau + micro-station d’épuration autonome Portail & portillon électriques + visiophone Ascenseur desservant 3 niveaux Caméras de sécurité avec accès à distance Wifi fibre & sonorisation intégrée (Bose extérieurs) Menuiseries aluminium Strugal + double vitrage anti-effraction dans les suites Chaudière biomasse + panneaux solaires et photovoltaïques (70 m²) Stockage eau potable sous pression Isolation haute performance murs/toiture Traitement de l’eau anti-calcaire + UV antibactérien Arrosage automatique programmable Une villa unique dans son secteur : architecture d’exception, autonomie énergétique, vues Atlas, 7 suites équipements hôteliers et prestations clés en main dans l’un des quartiers les plus recherchés de Marrakech",https://www.barnes-marrakech.com/images/produits/10de23b8b275a0a22a94145e7631ecb2_3fc7db1c12_1920-original.jpg,1,Professionnel,2026-09-30
86470551,barnes,DEMEURE D’EXCEPTION EN FRONT DE GOLF – OPPORTUNITE RARE A VENDRE,https://www.barnes-marrakech.com/fr/vente/marrakech/86470551,Vente,Villa,Marrakech,Golf Amelkis,3 900 000 EUR,42120000,2200,6,6,Piscine; Terrasse; Meublé; Hammam; Spa; Jacuzzi; Proximité Golf,"Impressionnante demeure moderne en première ligne du golf d'Amelkis construite sur un beau terrain de 2200m2 face à l'Atlas. La villa est construite sur 3 niveaux avec en sous sol en espace spa avec hammam, sauna, salle de sport, salle de fête, home cinéma. Au rez de chaussée, un vaste séjour de 200m2 ouvert en baie vitrée sur la piscine et le golf ainsi qu'une chambre d'ami. A l'étage 5 chambres d'amis avec meublées avec qualité, des terrasses, chaque chambre avec sa salle de bain. A l'extérieur, piscine à débordement chauffée avec jacuzzi intégré et vue superbe sur le golf et l'Atlas!! Villa vendue meublée. Présenté par BARNES MARRAKECH agence immobiliere marrakech - immobilier luxe marrakech - vente villa marrakech",https://www.barnes-marrakech.com/images/produits/4960e8d2d6b0114eb61c8fe15ba2fa2e_aebc9ede88_1276-original.jpg,1,Professionnel,2026-09-30
86479230,barnes,APPARTEMENT D’EXCEPTION A VENDRE AU CŒUR DE L’HIVERNAGE A MARRAKECH,https://www.barnes-marrakech.com/fr/vente/marrakech/86479230,Vente,Appartement,Marrakech,Hivernage,950 000 EUR,10260000,250,3,2,Ascenseur; Gardien; Meublé,"Situé dans le très recherché quartier de l’Hivernage, à deux pas de toutes les commodités, cet appartement de 250 m² au dernier étage avec ascenseur bénéficie d’une luminosité exceptionnelle et d’un cadre de vie agréable. Il se compose d’un vaste espace de vie s’ouvrant sur une terrasse avec une vue imprenable sur l'Atlas, de deux chambres élégantes, d’une suite parentale spacieuse avec dressing, ainsi que de deux salles de bain. Entièrement meublé avec goût et parfaitement agencé, il dispose également de deux places de parking titrées, un atout rare dans ce secteur prisé. Une adresse idéale pour profiter d’un style de vie mêlant confort, raffinement et emplacement privilégié.",https://www.barnes-marrakech.com/images/produits/653b72bf159e57d5c906cb62e5467ca5_6b94366310_1920-original.jpg,1,Professionnel,2026-09-30
86463609,barnes,Deux terrains à vendre – Quartier Hivernage – Emplacement exceptionnel,https://www.barnes-marrakech.com/fr/vente/marrakech/86463609,Vente,Terrain,Marrakech,Hivernage,6 900 000 EUR,74520000,1806,,,Calme absolu,"➡️ Vente uniquement si les deux terrains sont achetés ensemble,

À vendre deux terrains idéalement situés dans le prestigieux quartier de l’Hivernage :

Terrain 1 : 1 013 m²

Terrain 2 : 793 m²

Ces deux parcelles, disponibles exclusivement en vente groupée, bénéficient d’un emplacement stratégique au cœur d’un des quartiers les plus recherchés de Marrakech. Parfaits pour un projet résidentiel, touristique ou un investissement haut de gamme.

📍 Points forts :

Vente conjointe obligatoire

Quartier calme, sécurisé et haut standing

Accès facile

Rare opportunité dans la zone

📞 Pour plus d’informations, veuillez contacter l’agence Barnes Marrakech",https://www.barnes-marrakech.com/images/produits/4bc416ee9b65f467955e1b4cd0b0c3be_ce6c401c62_901-original.jpg,1,Professionnel,2026-09-30
86437297,barnes,Villa Coloniale de Prestige a vendre  : 1 Ha & Charme Marocain,https://www.barnes-marrakech.com/fr/vente/marrakech/86437297,Vente,Villa,Marrakech,Circuit Palmeraie,3 500 000 EUR,37800000,1200,10,10,Cheminée; Piscine,"Succombez au charme d’une propriété sublime fusionnant architecture coloniale et cachet marocain au cœur de la Palmeraie. Nichée sur un hectare de parc luxuriant, cette demeure de 6 chambres se distingue par une hauteur sous plafond remarquable et des salons baignés de lumière. Une alliance parfaite entre élégance historique et confort absolu dans le secteur le plus mythique de Marrakech...",https://www.barnes-marrakech.com/images/produits/4845c6eecf9e68bac6725d2757216c59_18235d688a_1920-original.jpg,1,Professionnel,2026-09-30
86439707,barnes,Terrain à vendre – Tahannaout (proche SD2),https://www.barnes-marrakech.com/fr/vente/marrakech/86439707,Vente,Terrain,Marrakech,Route D'Amizmiz,650 000 EUR,7020000,11000,,,,"Terrain à vendre – Tahannaout (proche SD2)

Superbe opportunité : 11 hectares idéalement situés, avec vue dégagée et accès facile.
👉 Autorisation possible pour 6 villas par hectare.

✅ Cadre exceptionnel, parfait pour un lotissement résidentiel haut de gamme, un complexe hôtelier ou un projet touristique de prestige.

💰 Prix : 650 000 euro / hectare",https://www.barnes-marrakech.com/images/produits/6063bd7873f2204e3f75499646a19097_2945e7ae95_901-original.jpg,1,Professionnel,2026-09-30
86449354,barnes,"RIAD TITRE D’EXCEPTION AVEC AUTORISATION D’EXPLOITATION – MAISON D’HOTES DE CHARME, 6 SUITES",https://www.barnes-marrakech.com/fr/vente/marrakech/86449354,Vente,Riad,Marrakech,Médina,880 000 EUR,9504000,147,6,2,Meublé,"Alliant tradition et élégance, ce superbe riad titré d’une superficie au sol de 147 m² dévoile un univers unique, où l’architecture marocaine traditionnelle dialogue harmonieusement avec une décoration contemporaine et raffinée. Dès l’entrée, le regard est captivé par le patio central, sublimé par une fontaine murale et une pluie de luminaires suspendus, créant une atmosphère à la fois chaleureuse et apaisante. Le salon, dans le prolongement, séduit par ses murs en tadelakt et son ambiance bistrot chic invitant à la détente. Le rez-de-chaussée comprend également une cuisine fermée entièrement équipée, un WC invités, un hammam traditionnel, ainsi que deux suites élégantes. À l’étage, quatre autres suites spacieuses s’articulent autour de trois coursives, menant à un rooftop aménagé comme un véritable lieu de vie. La terrasse propose un espace détente avec transats, une pergola en bois, un jacuzzi, ainsi qu’un bar et un espace restauration. Une chambre pour le personnel complète cet ensemble. Vendu meublé et entièrement équipé, ce riad bénéficie d’un emplacement idéal à Bab Yacout, facile d’accès, parfait pour poursuivre une activité de maison d’hôtes ou pour une résidence de charme prête à vivre.",https://www.barnes-marrakech.com/images/produits/ab228634970bfc8ad963c9483ff2fac8_f676e7d71c_1920-original.jpg,1,Professionnel,2026-09-30
86443523,barnes,RIAD AUTHENTIQUE D’EXCEPTION AU CŒUR DE RIAD EZZITOUN – MARRAKECH,https://www.barnes-marrakech.com/fr/vente/marrakech/86443523,Vente,Riad,Marrakech,Riad Zitoun Kedim,475 000 EUR,5130000,,3,3,Cheminée; Meublé,"Idéalement situé dans le quartier prisé de Riad Zitoun, entre la place Jemâa el-Fna et la place des Ferblantiers, ce riad titré bénéficie d’un emplacement exceptionnel. Niché dans une ruelle calme, à seulement cinq minutes à pied d’un accès voiture, il offre une véritable tranquillité tout en restant proche des principaux sites touristiques de la médina. Déjà en activité airbnb avec une belle rentabilité, ce bien représente une opportunité rare pour un investissement touristique clé en main, ou pour ceux qui souhaitent s’offrir une maison de charme au cœur de Marrakech. Ce riad atypique de 74 m² au sol séduit par son style Art Déco et son agencement original. Le patio, fermé par une verrière, inonde les espaces de lumière naturelle tout en préservant une agréable fraîcheur. Au rez-de-chaussée se trouvent l’entrée, des toilettes invités et trois chambres avec salles de bain privatives, offrant un confort optimal même pendant les fortes chaleurs. Le premier étage abrite un bel espace de vie ouvert comprenant une cuisine, une salle à manger et un salon avec cheminée. L’ensemble baigne dans une ambiance unique, sublimée par la présence de magnifiques arbres traversant le patio. Le deuxième étage s’ouvre sur une terrasse aménagée, comprenant un coin repas sous pergola, un solarium et une cuisine fermée, créant un véritable espace de détente à ciel ouvert. Le riad est vendu meublé, entièrement équipé et climatisé.",https://www.barnes-marrakech.com/images/produits/64f60825c6cad5d4301a2582c67a9b33_ce730021f6_1920-original.jpg,1,Professionnel,2026-09-30
86439933,barnes,SUPERBE RIAD DE LUXE AVEC ACCES VOITURE ET PISCINE CHAUFFEE – MEDINA DE MARRAKECH,https://www.barnes-marrakech.com/fr/vente/marrakech/86439933,Vente,Riad,Marrakech,Médina,880 000 EUR,9504000,300,5,5,Piscine; Meublé,"Découvrez un riad d’exception situé dans un quartier résidentiel calme, avec le privilège rare d'un accès voiture devant la porte. Entièrement conçu par une architecte d'intérieur, ce bien de 320 m² habitables offre un patio lumineux avec piscine chauffée et une toiture motorisée. À 7 minutes de la Médersa Ben Youssef, c'est l'alliance parfaite entre confort moderne et âme marocaine...",https://www.barnes-marrakech.com/images/produits/80d683ae29968cc07441af07f53c4f2c_f83e9ecd5c_1920-original.jpg,1,Professionnel,2026-09-30
86433894,barnes,Villa d'exception en front de golf Amelkis,https://www.barnes-marrakech.com/fr/vente/marrakech/86433894,Vente,Villa,Marrakech,Golf Amelkis,2 450 000 EUR,26460000,1500,6,6,Cheminée; Piscine; Meublé; Golf,"Cette superbe villa contemporaine bénéficie d’un emplacement privilégié en première ligne du Golf d’Amelkis, directement face au lac et aux montagnes de l’Atlas. La vue est dégagée, spectaculaire, et accompagne chaque espace de la maison. Construite sur un terrain de 1 500 m², la propriété développe 600 m² de surfaces élégantes et parfaitement agencées, avec une architecture moderne qui valorise les volumes, la lumière et les perspectives sur le paysage. La villa se compose de six suites, chacune dotée de sa salle d’eau, offrant un confort optimal pour une grande famille ou pour recevoir. Les espaces de réception sont généreux, ouverts par de larges baies vitrées vers le jardin et la piscine, créant une continuité naturelle entre intérieur et extérieur. La cuisine contemporaine, entièrement équipée, s’intègre harmonieusement à l’esprit moderne du lieu. À l’extérieur, le jardin paysager profite d’une exposition plein sud, idéale pour profiter du climat de Marrakech. Une grande piscine en couloir de nage s’étend face au golf, accompagnée d’un pool house aménagé, parfait pour les moments de détente ou les réceptions. La villa est proposée entièrement décorée et meublée, avec un mobilier de qualité, ce qui en fait un bien immédiatement prêt à vivre. Une propriété d’exception, réunissant implantation rare, vue imprenable, architecture contemporaine et prestations haut de gamme, au cœur de l’un des domaines golfiques les plus recherchés de Marrakech.",https://www.barnes-marrakech.com/images/produits/8ad73a2d36f1fe711e9252c3a220f202_cb7c976515_1920-original.jpg,1,Professionnel,2026-09-30
86404756,barnes,"RIAD DE PRESTIGE A BAB DOUKKALA – 9 SUITES, PISCINE & PARKING PRIVE",https://www.barnes-marrakech.com/fr/vente/marrakech/86404756,Vente,Riad,Marrakech,Dar El Bacha,Prix Nous consulter,,360,9,9,Cheminée; Meublé,"Saisissez une opportunité rare à Bab Doukkala : un riad d’exception de 360 m² au sol, titré et en activité. Avec ses 9 chambres, ses 2 patios et son accès voiture à 50m, cette maison d'hôtes réputée offre une rentabilité immédiate. Un produit clé en main, vendu meublé, situé à la croisée de la Médina et du Guéliz pour un investissement stratégique...",https://www.barnes-marrakech.com/images/produits/1b70994ad4ad82bd442273e5ff82507a_a40f38f382_1920-original.jpg,1,Professionnel,2026-09-30
86423730,barnes,"Villa Argan – Élégance, bien-être et modernité au cœur de Marrakech",https://www.barnes-marrakech.com/fr/vente/marrakech/86423730,Vente,Villa,Marrakech,Environs de Marrakech,750 000 EUR,8100000,590,5,5,Gardien; Piscine; Meublé,"Barnes Marrakech vous présente la Villa Argan, une propriété contemporaine d’exception alliant design, confort et espaces de détente, pensée pour une vie raffinée dans un cadre résidentiel privilégié. Développée sur 590 m² construits, la villa s’élève sur deux niveaux et s’implante sur un terrain de 294 m², agrémenté de 250 m² d’espace de jouissance privatif, offrant ainsi un équilibre parfait entre intérieur et extérieur. La Villa Argan propose cinq suites élégantes, chacune dotée de sa salle de bain privative et de finitions haut de gamme. Côté bien-être, elle se distingue par la présence d’un hammam beldi et d’un sauna, véritables sanctuaires de relaxation. Pour vos moments de convivialité, la villa dispose également d’une salle de cinéma privée, idéale pour des projections en toute intimité. Les espaces de vie, baignés de lumière naturelle, s’ouvrent sur de belles terrasses et un jardin paysager soigneusement aménagé. Entièrement vendue meublée dans un style Sketch, la Villa Argan séduit par son élégance sobre et ses finitions de grande qualité. Caractéristiques principales : Superficie construite : 590 m² Terrain : 294 m² + 250 m² de jouissance 5 suites avec salles de bain privatives Hammam beldi et sauna Salle de cinéma Vente meublée (Sketch)",https://www.barnes-marrakech.com/images/produits/69b8fdd4181dd6b2af21d92a9228bf5f_78119612be_1920-original.jpg,1,Professionnel,2026-09-30
86389699,barnes,À vendre : appartement 2 pièces de 56 m² avec terrasse – Guéliz centre Marrakech,https://www.barnes-marrakech.com/fr/vente/marrakech/86389699,Vente,Appartement,Marrakech,Guéliz,165 000 EUR,1782000,56,1,1,Terrasse,"Idéalement situé au cœur de Guéliz, côté Marché aux Fleurs, cet appartement de 56 m² bénéficie d’un emplacement recherché, à proximité immédiate des commerces, cafés et axes de transport. Il se compose d’une entrée desservant un salon confortable ouvrant sur une terrasse de 3 m², d’une chambre agréable, ainsi que d’une salle de bains équipée d’une baignoire avec WC. En annexe, une cave vient compléter le bien, pratique pour le stockage. Adresse parfaite pour un pied-à-terre citadin ou un investissement locatif grâce à sa localisation centrale et sa fonctionnalité. Tous services à pied.",https://www.barnes-marrakech.com/images/produits/96304a04a03725117aaa5d92f62a356d_7264071601_1920-original.jpg,1,Professionnel,2026-09-30
86517103,barnes,"appartement de deux chambres, jardin Majorelle",https://www.barnes-marrakech.com/fr/vente/marrakech/86517103,Vente,Appartement,Marrakech,Guéliz,220 000 EUR,2376000,93,2,1,Ascenseur; Gardien; Meublé,"appartement de prestige dans le fameux quartier Majorelle, et proche du Musée Yves Saint Laurent, avec un emplacement idéal cet appartement de 93 M², vous offre un séjour agréable, deux chambres, une salle de bain, une cuisine complétement repensée, fonctionnelle alliant un marbre et un noyer assez chic, l'appartement a ete refait entièrement a neuf, électricité, plomberie, les revêtements sols sont en pierre de taza, les salles de bain en carreaux de ciments et pierre de taza aussi",https://www.barnes-marrakech.com/images/produits/20d3118a1fe2255821ccff9ed0fb547d_9c0b633b95_1276-original.jpg,1,Professionnel,2026-09-30
86374768,barnes,Villa contemporaine,https://www.barnes-marrakech.com/fr/vente/marrakech/86374768,Vente,Villa,Marrakech,Route de Ouarzazate,1 390 000 EUR,15012000,4250,4,4,Cheminée; Gardien,"Villa contemporaine de 650 m2 construite au seins d'un domaine sécurisé à deux pas du centre ville et sur une beau terrain arboré de 4250 m2 exposé sud. La villa offre au rez de chaussée un très beau volume de réception chauffé par le sol ainsi que 2 grandes suites donnant directement sur la piscine à débordement de 17mx5m, également un hammam, et une cuisine moderne. A l'étage une troisième chambre d'amis et une grande master bed room avec 2 grands dressing et salle de bain. Divers: 4 places de parking couvertes, climatisation, chauffage central au gaz, grand sous sol de 100m2.",https://www.barnes-marrakech.com/images/produits/b2e13adbcc8046c38fc52533ab8d837e_50ea6126f0_1920-original.jpg,1,Professionnel,2026-09-30
86388920,barnes,"À VENDRE – SUPERBE RIAD TITRE DE 4 CHAMBRES A RIAD LAROUSSE, MARRAKECH",https://www.barnes-marrakech.com/fr/vente/marrakech/86388920,Vente,Riad,Marrakech,Ryad Laarouss,640 000 EUR,6912000,,4,4,Cheminée; Piscine; Meublé,"Nous vous proposons à la vente un magnifique riad de charme, titré, entièrement rénové avec des matériaux nobles et une attention portée au moindre détail. Idéalement situé entre Bab Doukkala et Riad Larousse, ce bien bénéficie d’un emplacement privilégié, à seulement 150 mètres d’un parking offrant un accès aisé. Sur une superficie au sol de 160 m², ce riad allie authenticité marocaine et confort contemporain. La rénovation, réalisée par la propriétaire avec goût et exigence, met en valeur des finitions haut de gamme et un mobilier de qualité choisi avec soin. Composition du bien : * Rez-de-chaussée : Une entrée accueillante, une chambre pour le personnel, une cuisine moderne et entièrement équipée, une salle à manger conviviale, deux chambres avec salles de bains privatives, ainsi qu’un grand patio arboré orné d’un bassin chauffé, idéal pour se détendre dans une atmosphère apaisante. * Étage : Deux chambres élégantes, chacune avec sa propre salle d’eau et toilettes, un salon chaleureux avec cheminée, ainsi qu’un petit balcon donnant sur le patio. * Toit-terrasse : Un vaste solarium baigné de soleil, une cuisine d’été, et la possibilité d’aménager une cinquième chambre ou un espace lounge avec vue dégagée sur la médina. Ce bien est comporte les atouts pour être transformé en maison d’hôtes. Atouts : * Emplacement central et accessible * Rénovation soignée, matériaux et mobilier de qualité * Bassin chauffé, cheminée, climatisation * Idéal pour résidence principale, secondaire ou projet touristique Prix de vente : 640 000 € Surface au sol : 160 m² Chambres / salles de bains : 4 Piscine : Oui (bassin chauffé)",https://www.barnes-marrakech.com/images/produits/9d219f5245f53fd1cbc77cecd87ad832_9a542c591c_1920-original.jpg,1,Professionnel,2026-09-30
86370192,barnes,MAISON D’HOTES DE CHARME A VENDRE DANS LA PALMERAIE – PRESTATIONS HAUT DE GAMME,https://www.barnes-marrakech.com/fr/vente/marrakech/86370192,Vente,Villa,Marrakech,Douar Abiad,2 700 000 EUR,29160000,,17,17,Cheminée; Gardien; Piscine,"Au cœur de la prestigieuse Palmeraie de Marrakech, cette élégante maison d’hôtes allie charme authentique et prestations haut de gamme. Édifiée sur un terrain paysager de 12 430 m², elle offre un cadre de vie paisible et raffiné. La propriété comprend une maison principale de 16 chambres, une maisonnette d’accueil, une tente caïdale pour les réceptions, ainsi qu’un hammam traditionnel. Les espaces de loisirs incluent un terrain de tennis, un terrain de pétanque et une vaste terrasse panoramique dominant la Palmeraie. Parfaitement équipée avec logement pour le personnel, buanderie et bureaux, cette propriété constitue un investissement idéal pour une activité touristique ou une résidence privée de prestige.",https://www.barnes-marrakech.com/images/produits/8bc720bdd0160c6e8241e8ef15055a15_1a70075377_1920-original.jpg,1,Professionnel,2026-09-30
86374399,barnes,VILLA AVEC VUE IMPRENABLE SUR L'ATLAS,https://www.barnes-marrakech.com/fr/vente/marrakech/86374399,Vente,Villa,Marrakech,Route de Ouarzazate,3 500 000 EUR,37800000,750,5,5,Puits; Piscine,"Cette villa, située à moins de 20 mns du centre ville de Marrakech, dispose d'un véritable panorama sur les montagnes de l'Atlas.

La villa comprend 5 suites, dont deux avec baignoire, d'une entrée spacieuse menant directement au salon et à la salle à manger, un bureau, une cuisine équipée.
Au sous-sol, un hammam et une salle de projection sont mis à disposition.
L'espace du personnel (chambres, douches, salle de repos) se trouve en annexe de la propriété.

Techniquement, la villa a été pensée pour optimiser le gain d'énergie tout en assurant un confort à l'européenne: chauffage au sol, une climatisation centralisée, système d'alarme incendie, panneaux photovoltaïques et pompe à chaleur à air, système de surveillance, piscine chauffée.

Le parc s'étend sur 3,2 ha. Il est paysagé et arboré de manière intelligente. Il dispose également d'un terrain de tennis.",https://www.barnes-marrakech.com/images/produits/442475d7bf7e88aab79a3f486e9f5fa2_6c48bbe89f_1920-original.jpg,1,Professionnel,2026-09-30
86351346,barnes,Villa d’Exception en Première Ligne du Golf d’Amelkis,https://www.barnes-marrakech.com/fr/vente/marrakech/86351346,Vente,Villa,Marrakech,Golf Amelkis,Prix Nous consulter,,700,5,3,Golf; Cheminée; Ascenseur; Gardien; Piscine,"Située sur le prestigieux domaine d’Amelkis à Marrakech, cette villa contemporaine marie avec élégance modernité et inspiration ethnique, grâce à sa façade et ses murets en pierre sèche. Conçue sur un terrain de 1 800 m² en front de golf et développant 700 m² couvert, elle bénéficie d’un aménagement paysager signé par un architecte de renom et de prestations haut de gamme. Rez-de-chaussée • 3 suites indépendantes, chacune avec terrasse privative et jardin clos de murs en pierre sèche devant la salle de bain • 1 vaste suite parentale • Salon avec cheminée ouvert sur terrasse couverte • Salle à manger indépendante et cuisine équipée avec office • Piscine de 22 x 4 m avec pool house Étage (accessible par ascenseur) • 1 seconde suite parentale avec terrasse privative • Salon avec cheminée offrant une vue panoramique sur la piscine à débordement et le golf • Grande terrasse aménagée comprenant : • Bar • Piscine à débordement 10 x 6 m avec double fond en verre transparent (6 m), créant un effet spectaculaire et une vue unique sur le lac et le golf • Salon de plein air et espace transats pour profiter de la vue et du climat Sous-sol • Salle de cinéma (pouvant être aménagée en spa) au choix • 2 chambres pour le personnel • Buanderie, cellier et local technique • Très grande cour anglaise apportant lumière naturelle • Accès différencié : escalier extérieur réservé au personnel et ascenseur reliant les niveaux principaux pour les habitants Confort & équipements • Chauffage au sol • Climatisation gainable inverter par pièce • Deux piscines chauffées Piscine avec vue exceptionnelle sur l’Atlas et le golf Une villa rare à Marrakech, conjuguant design contemporain, authenticité de la pierre sèche, confort ultime et emplacement golfique privilégié, pensée comme une véritable résidence de prestige.",https://www.barnes-marrakech.com/images/produits/47f65e04fbcbc4a07a2ad855793158ee_da5c789bd8_1536-original.jpg,1,Professionnel,2026-09-30
86343542,barnes,Villa d’Exception au Cœur de la Palmeraie,https://www.barnes-marrakech.com/fr/vente/marrakech/86343542,Vente,Villa,Marrakech,Circuit Palmeraie,3 000 000 EUR,32400000,700,6,5,Spa,"Dans le prestigieux circuit de la Palmeraie, cette propriété unique incarne le raffinement absolu de l’architecture marocaine. Édifiée sur près d’un hectare de terrain paysager, la villa déploie 700 m² habitables, conçus pour offrir luxe, espace et intimité. La demeure principale abrite 5 suites élégantes aux volumes généreux, chacune pensée comme un écrin de confort et de sérénité. Une dépendance raffinée complète l’ensemble avec 1 chambre supplémentaire, idéale pour accueillir vos invités dans une atmosphère d’exclusivité. L’architecture marocaine traditionnelle s’y exprime avec noblesse : arcades majestueuses, matériaux travaillés, subtils jeux de matières et de couleurs. Un havre de paix où le luxe se vit au quotidien, au cœur de la Palmeraie, l’adresse la plus prisée de Marrakech.",https://www.barnes-marrakech.com/images/produits/f2ed01b02ad64463568a4c29b15ee57a_37ec3cdfc1_960-original.jpg,1,Professionnel,2026-09-30
86337689,barnes,"À vendre – Villa de prestige de plain-pied sur 1 hectare, Route d'Ouarzazate – Marrakech",https://www.barnes-marrakech.com/fr/vente/marrakech/86337689,Vente,Villa,Marrakech,Route de Ouarzazate,2 270 000 EUR,24516000,650,5,5,Gardien; Piscine; Meublé,"Nichée sur un terrain d’un hectare magnifiquement planté de plus d’une cinquantaine d’oliviers, cette somptueuse villa de plain-pied séduit par ses volumes et son raffinement. Avec une surface habitable de 650 m², elle se compose de 5 suites élégantes, chacune disposant de sa propre salle de bain, d’un vaste salon, d’une salle à manger conviviale, ainsi que d’une bibliothèque qui apporte une touche de caractère à l’ensemble. Les hauteurs sous plafond exceptionnelles renforcent la sensation d’espace et de luminosité. La villa s’ouvre sur un splendide jardin paysager avec une piscine de 15 x 15 mètres, idéale pour profiter des journées ensoleillées dans un cadre paisible et verdoyant. La cuisine, entièrement équipée, répond aux plus hautes exigences de confort et de fonctionnalité. Une dépendance pour le gardien ainsi qu’un grand parking complètent ce bien d’exception. Un véritable havre de paix mariant élégance, espace et authenticité, à seulement quelques minutes de Marrakech",https://www.barnes-marrakech.com/images/produits/fb115139f200183ac8b76257d0c8e6c8_094904b16a_1920-original.jpg,1,Professionnel,2026-09-30
86457350,barnes,"Terrain d’un Hectare à Vendre – Route d’Ourika (Zone SD1, avec VNA)",https://www.barnes-marrakech.com/fr/vente/marrakech/86457350,Vente,Terrain,Marrakech,Route d'Ourika,1 000 000 EUR,10800000,10000,,,Calme absolu,"Rare opportunité !
À seulement quelques minutes de Marrakech, sur la prestigieuse Route d’Ourika, ce terrain d’une superficie d’un hectare est idéalement situé en zone SD1, offrant un potentiel exceptionnel pour un projet touristique, résidentiel ou de loisirs.

✔️ Superficie : 10 000 m² (1 hectare)
✔️ Localisation : Km 12, Route d’Ourika – accès rapide et zone très demandée
✔️ Zone SD1 : Autorisations adaptées pour projets touristiques / villas / maisons d’hôtes (selon réglementation)
✔️ VNA obtenue : Avantage administratif important
✔️ Environnement calme, proche des principaux axes et commodités

Ce terrain représente une occasion rare pour investisseurs ou particuliers recherchant un emplacement stratégique à fort potentiel.

📞 Contact : [Votre numéro]
💬 Plus d’informations ou visite sur demande",https://www.barnes-marrakech.com/images/produits/4bc416ee9b65f467955e1b4cd0b0c3be_ce6c401c62_901-original.jpg,1,Professionnel,2026-09-30
86379294,barnes,Marrakech — Domaine hôtelier classé (VNA main levée) — 4 ha — 5 194 m² bâtis — 96 lits — Spa & réception,https://www.barnes-marrakech.com/fr/vente/marrakech/86379294,Vente,Villa,Marrakech,Route de Ouarzazate,Prix Nous consulter,,40080,48,8,Cheminée; Gardien; Piscine,"POINTS CLÉS Capacité : 96 lits (riad 8 suites, 7 villas, 6 bungalows) Surfaces : 5 194 m² bâtis sur 4,0 ha titrés Cadre légal : VNA (vocation non agricole) – main levée, titres fonciers, classement Résidence Hôtelière – 1ʳᵉ catégorie Exploitation : spa, piscines, restaurant pro, salle de conférence (MICE / events) Accessibilité : 29 min centre, 37 min aéroport (proche route principale) Profil : buy-to-operate / privatisations / mariages / séminaires (fort potentiel) DESCRIPTIF OPÉRATIONNEL Aux portes de Marrakech, ce resort confidentiel conjugue authenticité marocaine et standards haut de gamme. L’architecture pavillonnaire (riad, villas, bungalows) permet une exploitation flexible — à l’unité ou en privatisation totale — autour d’espaces de bien-être et de réception conçus pour la performance. HÉBERGEMENT Riad de caractère : 8 suites (dont 2 supérieures avec terrasse), patio central 7 villas indépendantes avec espaces extérieurs privés 6 bungalows de plain-pied, esprit suite, ouverts sur les jardins Capacité agrégée : 96 lits (familles, groupes, retraites, événements) BIEN-ÊTRE & FONCTIONNEMENT Spa (hammams, salles de soins), plusieurs piscines, solariums, jardins paysagers. Restaurant avec cuisine professionnelle. Salle de conférence/réception modulable (MICE). Zones techniques et logistiques (back-of-house) structurées pour des flux d’exploitation fluides (hébergement, F&B, événementiel). Confort : climatisation et cheminées dans les espaces de vie. CONFORMITÉ & TITRES (VNA) VNA – main levée : changement d’affectation validé → usage touristique sécurisé, cession sans contrainte agricole Titres fonciers disponibles (domaine 4,0 ha) Classement : Résidence Hôtelière – 1ʳᵉ catégorie → Sécurisation juridique, due diligence facilitée, transfert de propriété clair OPPORTUNITÉ & UPSIDE Mise en exploitation immédiate (hôtellerie haut de gamme & événementiel). Mix produit adaptable : privatisations, corporate retreats, mariages, bien-être. . DONNÉES CLÉS Terrain : 4,0 ha (titré) Bâti total : 5 194 m² (surface de plancher cumulée) Capacité : 96 lits Statut : VNA main levée, RH 1ʳᵉ cat.",https://www.barnes-marrakech.com/images/produits/d9d28b7107cfcf7926ce09b5886840fa_9fa80d5d89_1000-original.jpg,1,Professionnel,2026-09-30
86280651,barnes,À vendre – Terrain exceptionnel de 1 hectare à Marrakech,https://www.barnes-marrakech.com/fr/vente/marrakech/86280651,Vente,Terrain,Marrakech,Route D'Amizmiz,980 000 EUR,10584000,10000,,,,"Situé à seulement 15 minutes de l’hôtel La Mamounia et du centre-ville de Marrakech, ce terrain de 1 hectare bénéficie d’un emplacement stratégique sur la route de Tahnaout. Son accessibilité et son environnement privilégié en font une véritable opportunité d’investissement.

Ce terrain offre de multiples possibilités d’aménagement : réalisation de 6 villas de standing, développement d’un hôtel ou encore d’une maison d’hôtes de charme. Grâce à sa superficie et à son emplacement, il se prête parfaitement à un projet haut de gamme, alliant confort, modernité et quiétude.

Un bien rare sur le marché, idéal pour les investisseurs ou les particuliers à la recherche d’un projet unique à Marrakech.",https://www.barnes-marrakech.com/images/produits/02fb230c115b3f00cb63a6aacf0b8c63_4c720777c1_1600-original.jpg,1,Professionnel,2026-09-30
86339260,barnes,"MAGNIFIQUE RIAD TITRE AVEC PISCINE ET ROOFTOP A BAB DOUKKALA, MARRAKECH",https://www.barnes-marrakech.com/fr/vente/marrakech/86339260,Vente,Riad,Marrakech,Médina,615 000 EUR,6642000,190,3,3,Air conditionné; Cheminée; Internet; Meublé; Clôture; Gardien; Vidéo surveillance; Piscine,"Superbe riad d’habitation « TITRÉ »avec piscine et rooftop – Bab Doukkala, Marrakech

Découvrez ce magnifique riad d’habitation, entièrement rénové, situé dans le quartier authentique de Bab Doukkala. 
Alliant charme traditionnel et confort moderne, il offre une ambiance chaleureuse et raffinée.
	•	Superficie au sol : 117 m²
	•	Superficie habitable : environ 190 m²
	•	Rooftop avec piscine et espaces de détente

Disposition :
	Rez-de-chaussée :
	•	Entrée donnant sur un patio central lumineux avec une fontaine murale élégante
	•	1 chambre avec salle de bain 
	•	1 Bhou (Salon ouvert sur le patio)
	•	Salle à manger conviviale et salon avec cuisine équipée ouverte et cheminée
	Étage :
	•	2 grandes suites confortables avec leurs salles de bain
	•	Coursive spacieuse avec espace détente
	
      Rooftop :
	•	Piscine avec solarium
	•	Cuisine d’été & bar
	•	Espace ombragé pour dîner en extérieur
	•	Nombreux espaces de rangement

Atouts supplémentaires :
	•	Chauffage et climatisation réversible dans toutes les chambres
	•	Vendu entièrement équipé et meublé
	•	Excellente rentabilité locative 

Ce riad est une véritable pépite, idéal pour une résidence principale, une maison de vacances ou un investissement locatif clé en main.

Localisation : Bab Doukkala, Marrakech – quartier central et facilement accessible.",https://www.barnes-marrakech.com/images/produits/3da1352fd4db0e2167367fc934aaea07_8620081a8d_1920-original.jpg,1,Professionnel,2026-09-30
86284461,barnes,RIAD D’EXCEPTION AVEC PISCINE CHAUFFEE ET VUE PANORAMIQUE SUR LA MAMOUNIA,https://www.barnes-marrakech.com/fr/vente/marrakech/86284461,Vente,Riad,Marrakech,Médina,Prix Nous consulter,,240,4,4,Cheminée; Piscine; Meublé,"Riad d’exception avec piscine chauffée et vue imprenable sur les jardins de la Mamounia – Médina de Marrakech Ce riad unique en son genre, au style art déco et architectural, offre une expérience de vie incomparable au cœur de la Médina de Marrakech. Son emplacement exceptionnel, ses volumes atypiques et sa vue imprenable sur les légendaires jardins de la Mamounia en font une opportunité rare et exclusive. Caractéristiques principales : • Superficie au sol : 120 m² • Surface habitable : 240 m² • Terrasse : 120 m² + surterrasse à venir avec vue panoramique 360° • Chambres : espaces nuit situés au rez-de-chaussée avec salles de bain et finitions haut de gamme • Confort : climatisation et chauffage réversible dans toutes les pièces, système de caméras, vendu meublé clé en main Rez-de-chaussée : • Espaces nuit raffinés intégrant des murs en pierre d’origine, mitoyens avec l’hôtel La Mamounia, classé parmi les plus prestigieux au monde • Deux patios lumineux, avec puits de lumière et un charmant jardin intérieur planté de bananiers et palmiers • Toilettes invités, rangements et couloir d’accueil élégant Étage : • Splendide espace loft ouvert, baigné de lumière • Cuisine équipée, salle à manger et salon au style contemporain chic • Ambiance luxueuse, mobilier et tapisseries signés Rooftop : • Piscine chauffée avec nage à contre-courant, un luxe rare en Médina • Cuisine d’été et espace déjeuner couvert • Solarium parfaitement aménagé pour se détendre • Vue directe et dégagée sur les jardins de la Mamounia et la Koutoubia Les atouts : • Adresse exclusive dans l’un des quartiers les plus prestigieux de la Médina • Voisinage d’exception : artistes, personnalités publiques et grands entrepreneurs internationaux • Un riad au charme intemporel, alliant authenticité et prestations de luxe ⸻ 👉 Ce bien rare est destiné aux amateurs de luxe et d’architecture d’exception, en quête d’une adresse exclusive à Marrakech.",https://www.barnes-marrakech.com/images/produits/e51a59612a09a3700441050242b33a11_f178884bb5_1920-original.jpg,1,Professionnel,2026-09-30
86284495,barnes,KASBAH – RIAD DE CHARME 4 CHAMBRES EN PLEIN CŒUR DE LA MEDINA,https://www.barnes-marrakech.com/fr/vente/marrakech/86284495,Vente,Riad,Marrakech,La Kasbah,465 000 EUR,5022000,140,4,4,Cheminée; Piscine; Meublé,"À vendre, ce riad en réquisition clé en main de 70 m² au sol, situé dans la Kasbah, le quartier le plus sécurisé et recherché de la Médina. Niché dans une ruelle très calme, ce riad combine authenticité et confort, idéal pour une résidence principale ou un investissement locatif. Disposition & atouts : * Rez-de-chaussée : bassin au patio, une chambre, une cuisine avec espace salle à manger, ainsi qu’un salon convivial * Premier étage : trois chambres lumineuses et bien agencées * Deuxième étage : grande terrasse aménagée avec un toit couvrant électrique, parfaite pour profiter de l’extérieur toute l’année 👉 Points forts : * 4 chambres pour accueillir famille et amis * Patio avec bassin, rare et apprécié * Toit couvrant électrique * Quartier calme, sûr et central * Aucun travaux à prévoir, il ne reste plus qu’à s’installer * Parking très proche Une belle opportunité pour ceux qui recherchent un riad pratique, agréable et bien situé dans la Médina pour y vivre ou pour un rendement locatif.",https://www.barnes-marrakech.com/images/produits/cf0d7061d20501f86d76c6212cf4f3f9_a305ab67c6_1920-original.jpg,1,Professionnel,2026-09-30
86201511,barnes,Villa de luxe de plain-pied  à vendre sur golf El Madden,https://www.barnes-marrakech.com/fr/vente/marrakech/86201511,Vente,Villa,Marrakech,Golf Al Maaden Marrakech,Prix Nous consulter,,2200,4,4,Piscine; Meublé; Golf; Cheminée,"Nichée au cœur d’un resort golfique de prestige, la villa séduit par son architecture contemporaine, son emplacement privilégié et l’élégance de ses prestations. Édifiée de plain-pied sur une parcelle de 2 200 m² en première ligne, cette propriété développe 420 m² habitables, baignés de lumière grâce à une double exposition est et sud. Dès l’entrée, les volumes s’imposent : un vaste double salon et une salle à manger ouvrent sur le jardin et la piscine, tandis qu’une cuisine parfaitement équipée, un espace dédié au personnel et une buanderie assurent confort et fonctionnalité. Côté nuit, trois chambres avec rangements et salles de bains attenantes accueillent famille et invités, complétées par une somptueuse suite parentale dotée de son dressing et de sa salle de bains. À l’extérieur, la villa prolonge son art de vivre par une terrasse-solarium, un jardin paysager et de larges terrasses ceinturant la piscine. Un dossier photographique complet est disponible sur demande. Nous restons à votre disposition pour toute information complémentaire.",https://www.barnes-marrakech.com/images/produits/3c1bb2a2445fdbb6f888fd3a7d0bc0d1_639fec8a0f_1920-original.jpg,1,Professionnel,2026-09-30
86224086,barnes,À VENDRE – MAGNIFIQUE APPARTEMENT HAUT STANDING A LA PALMERAIE DE MARRAKECH,https://www.barnes-marrakech.com/fr/vente/marrakech/86224086,Vente,Appartement,Marrakech,Marrakech,330 000 EUR,3564000,122,2,,Air conditionné; Cheminée; Internet; Meublé; Abri de voiture; Clôture; Ascenseur; Maison de gardien; Gardien; Interphone; Vidéo surveillance; Vidéophone; Piscine; Fenêtres coulissantes; Concierge,"Barnes Marrakech vous propose à la vente un superbe appartement au cœur de la Palmeraie.

D’une superficie de 122 m², ce bien lumineux séduit par son agencement harmonieux et ses prestations de qualité. Il se compose de deux chambres élégantes, chacune avec sa salle de bain, ainsi qu’un vaste séjour prolongé par une magnifique terrasse offrant un espace de vie convivial et ouvert sur l’extérieur.

Vendu entièrement meublé, l’appartement bénéficie également d’une climatisation réversible, garantissant confort en toute saison.

Situé dans une résidence fermée et sécurisée 24h/24, il allie calme, sécurité et proximité des charmes de Marrakech.


Un bien rare dans l’une des adresses les plus prisées de la Palmeraie.",https://www.barnes-marrakech.com/images/produits/c0f2743123a03795dd9682b0e92761b7_6f779b1055_1920-original.jpg,1,Professionnel,2026-09-30
86351289,barnes,Villa de Prestige à Al Maaden – Vue Panoramique sur Golf,https://www.barnes-marrakech.com/fr/vente/marrakech/86351289,Vente,Villa,Marrakech,Golf Al Maaden Marrakech,3 550 000 EUR,38340000,1000,6,5,Golf; Cheminée; Gardien; Piscine,"Située sur le prestigieux domaine golfique d’Al Maaden à Marrakech, cette propriété rare s’étend sur 2 800 m² en première ligne de golf, avec une surface construite de 1 000 m². Conçue avec des prestations réellement haut de gamme et un aménagement paysager signé par un paysagiste de renom, la villa offre une double orientation avec vue imprenable sur deux côtés du parcours ainsi qu’une terrasse panoramique 360° unique. Espaces intérieurs • 5 suites élégantes + 1 chambre supplémentaire • Double réception : grand salon et salon fumoir • Salle à manger conviviale • Cuisine moderne, office et buanderie Espaces extérieurs • Terrasse panoramique 360° avec vue sur golf et Atlas • Piscine chauffée 25 m x 4,5 m • Jardin paysager dessiné par un paysagiste reconnu . Pool house. • Parking pour 3 véhicules Les deux sous-sols distincts • Sous-sol 1 (technique & personnel) : 2 chambres pour le personnel, local technique, local chaudière. • Sous-sol 2 (loisirs & bien-être) : salle de cinéma privée, salle de sport équipée avec sauna et douche. Confort & équipements haut de gamme • Chauffage au sol • Climatisation gainable • Eau chaude solaire Cette villa d’exception représente l’un des plus beaux biens disponibles à Marrakech Al Maaden, idéale pour les amateurs de golf, d’élégance contemporaine et de confort absolu.",https://www.barnes-marrakech.com/images/produits/0139d09d81c40c1dc440a789f74bc418_c84fa69ca7_1600-original.jpg,1,Professionnel,2026-09-30
86230193,barnes,Riad rénové a vendre au cœur de la médina marrakech,https://www.barnes-marrakech.com/fr/vente/marrakech/86230193,Vente,Riad,Marrakech,Derb Dabachi,495 000 EUR,5346000,160,4,2,Piscine; Terrasse; Meublé; Parking; Spa; Cuisine équipée; Calme absolu,"Riad rénové, titré – 82 m² au sol, cœur de la médina Découvrez ce superbe riad titré fraîchement rénové, meublé, 4 chambres, idéalement situé au cœur de la médina, à Bab Ghmat ( limite à Dabachi). Très facile d’accès, proche du parking, il offre confort et praticité rare en médina. Caractéristiques principales : * Superficie : 82 m² au sol * Rez-de-chaussée : belle cuisine équipée, salon lumineux, salle à manger conviviale et piscine de 4,5 m x 2 m pour profiter de moments de détente. * 1er étage : 3 chambres élégantes et 2 salles de bain modernes. * Rooftop : une chambre supplémentaire, kitchenette, espace repas et grande surterrasse avec dalle renforcée, idéale pour recevoir ou se relaxer en toute tranquillité. Atouts : * Riad entièrement refait à neuf, clé en main * Électricité et plomberie neuves * 1 compteur par étage, pratique et fonctionnel * Luminosité remarquable et volumes optimisés * 10 minutes à pieds de la Place Jema El Fna * Très jolie ruelle et calme * Aménagé avec goût Un bien rare, alliant authenticité, confort moderne et emplacement privilégié.",https://www.barnes-marrakech.com/images/produits/8f3d272f40ffbc6b8f7520ddca5f0dea_35b56e82c6_1920-original.jpg,1,Professionnel,2026-09-30
86423688,barnes,NORIA MARRAKECH – ÉLEGANTE VILLA CONTEMPORAINE A VENDRE,https://www.barnes-marrakech.com/fr/vente/marrakech/86423688,Vente,Villa,Marrakech,Golf Noria,900 000 EUR,9720000,570,5,5,Gardien; Meublé,"Barnes Marrakech vous présente la Villa Noria, une propriété d’exception alliant confort moderne et charme marocain, idéalement située au sein d’une résidence sécurisée. Édifiée sur un terrain de 552 m², la villa déploie 570 m² habitables répartis sur deux niveaux, offrant des volumes généreux et une atmosphère lumineuse tout au long de la journée. Elle se compose de cinq superbes suites, chacune avec sa salle de bain privative et ses finitions haut de gamme, pensées pour un confort absolu. Un hammam beldi traditionnel vient compléter cet espace de bien-être, invitant à la détente dans la plus pure tradition marocaine. La pièce de vie principale séduit par ses volumes et son élégance, ouverte sur l’extérieur où trône une magnifique piscine à débordement entourée d’un jardin soigneusement aménagé. La villa est vendue entièrement meublée, dans un style Sketch chic et contemporain, alliant design épuré et matériaux nobles. Caractéristiques principales : Superficie construite : 570 m² Terrain : 552 m² 5 suites avec salles de bain privatives Hammam beldi Piscine à débordement Vente meublée (Sketch)",https://www.barnes-marrakech.com/images/produits/ff12a95f9a9eaaf12dc106cd41b43749_312d3460ce_1920-original.jpg,1,Professionnel,2026-09-30
86215975,barnes,À VENDRE – APPARTEMENT DE PRESTIGE AU CŒUR DE LA PALMERAIE DE MARRAKECH,https://www.barnes-marrakech.com/fr/vente/marrakech/86215975,Vente,Appartement,Marrakech,Palmeraie,350 000 EUR,3780000,133,2,2,Gardien; Piscine; Meublé; Cheminée; Ascenseur,"À vendre – Appartement de charme au cœur de la Palmeraie de Marrakech Idéalement situé dans l’une des résidences les plus prisées de la Palmeraie, cet appartement de 133 m² dont 53 de terrasses allie élégance, confort et sérénité. Niché au premier étage, il bénéficie d’une superbe terrasse offrant un cadre de vie privilégié, baigné de lumière et ouvert sur un environnement verdoyant. L’appartement se compose de deux chambres spacieuses, de deux salles de bain modernes entièrement équipées, ainsi qu’un séjour convivial qui se prolonge harmonieusement vers l’extérieur. Entièrement meublé avec goût, il dispose de la climatisation et de tout le confort nécessaire pour une installation immédiate. La résidence, fermée et sécurisée 24h/24, propose à ses résidents une magnifique piscine entourée de jardins luxuriants, invitant à la détente et au bien-être. Ce bien rare conjugue raffinement et tranquillité dans l’un des plus beaux quartiers de Marrakech, et représente une opportunité aussi bien pour une résidence principale que pour un investissement locatif haut de gamme.",https://www.barnes-marrakech.com/images/produits/89601551767c70b02e9d77ecaf7967f6_7db1f20ae6_1920-original.jpg,1,Professionnel,2026-09-30
86196030,barnes,Villa contemporaine en construction,https://www.barnes-marrakech.com/fr/vente/marrakech/86196030,Vente,Villa,Marrakech,Route D'Amizmiz,615 001 EUR,6642010,1150,3,3,Gardien,"Avec ses 230 m² habitables construite sur une parcelle de 1150m2, cette villa allie harmonieusement modernité et authenticité marocaine. Elle propose 3 suites généreuses, dont une suite parentale, dotées de salles de bains raffinées. La cuisine, parfaitement équipée, séduit par ses finitions haut de gamme. Le vaste salon s’ouvre, grâce à de larges baies vitrées, sur la piscine, le jardin paysager et les montagnes de l’Atlas. Chaque détail reflète un style beldi chic, subtil mariage de raffinement contemporain et de charme local. La résidence met à disposition de ses habitants des terrains de padel, une salle de fitness et un centre commercial.",https://www.barnes-marrakech.com/images/produits/6d39a175741aaa98ced1f4ae7b3b754f_653bfd2980_1920-original.jpg,1,Professionnel,2026-09-30
86161124,barnes,"MAGNIFIQUE VILLA DE LUXE AVEC 4 SUITES – À PROXIMITE DES TROIS GOLFS, MARRAKECH",https://www.barnes-marrakech.com/fr/vente/marrakech/86161124,Vente,Villa,Marrakech,Golf Amelkis,1 419 901 EUR,15334930,1060,4,4,Air conditionné; Cheminée; Domotique; Fenêtres coulissantes; Internet; Meublé; Volets roulants électriques; Éclairage extérieur; Gardien; Porte blindée; Piscine; Abri de voiture; Arrosage,"L'Art du Minimalisme au Cœur de Marrakech
cette villa de 500 m² impose son élégance sobre et intemporelle. Quatre suites, dont une au rez-de-chaussée, accueillent leurs hôtes dans un confort absolu. Les vastes espaces de réception s’ouvrent sur une piscine orientée plein sud de 17 m x 6 m, bordée d’un jardin méticuleusement dessiné. La cuisine italienne, pièce maîtresse, incarne le raffinement fonctionnel. Mobilier haut de gamme, finitions irréprochables, garage couvert : chaque détail répond à une exigence de perfection,Cet appartement lumineux se distingue par ses majestueuses baies vitrées de 5 mètres de hauteur, s’élevant jusqu’au plafond et offrant une vue imprenable tout en baignant l’espace de lumière naturelle.",https://www.barnes-marrakech.com/images/produits/a40ece6914dcd746f5c7427cac004436_11cf873e1f_1920-original.jpg,1,Professionnel,2026-09-30
86258708,barnes,PROPRIETE D’EXCEPTION A VENDRE A LA PALMERAIE DE MARRAKECH – PALAIS AVEC 3 HA DE PARC PAYSAGER,https://www.barnes-marrakech.com/fr/vente/marrakech/86258708,Vente,Villa,Marrakech,Circuit Palmeraie,Prix Nous consulter,,900,5,5,Cheminée; Gardien; Piscine; Meublé,"Plongez dans l'authenticité d'un palais marocain d'exception au cœur de la Palmeraie. Nichée sur 3 hectares de jardins luxuriants, cette demeure sublime les matériaux nobles : cèdre sculpté, marbre et tadelakt. Avec ses suites raffinées, son appartement de maître à l'étage et son hammam traditionnel, ce palais vendu meublé incarne le summum de l'art de vivre oriental PRESTATIONS Piscine : chauffée avec pompe à chaleur récente, volet de protection neuf Chauffage : par le sol avec système de régénération dans toute la maison, hammam avec banquettes et production de vapeur neuf Eau : présence de 3 forages et raccordement Radeema Electricité : raccordement triphasé et groupe électrogène en cas de coupures 2 logements pour gardien à l’entrée 1 maison en annexe comportant 2 chambre, cuisine , salle d’eau pour le personnel 1 abri pour jardiniers Garage avec une capacité de 4 véhicules et portes sectionnales automatiques le nombre de salariés employés sur la propriété (jardiniers, gouvernante, gardiens, etc.) ; SALARIES SOUS CONTRAT 2 Gardiens 3 Jardiniers 1 Gouvernante l’existence d’un ou de plusieurs puits ; le raccordement à la RADEEMA ; la présence de chambres pour le personnel, et leur nombre ; le montant approximatif des charges mensuelles.",https://www.barnes-marrakech.com/images/produits/415107c2c1aa662af02e7d72b018f699_3addb672b0_1920-original.jpg,1,Professionnel,2026-09-30
86073387,barnes,VILLA CONTEMPORAINE D’EXCEPTION A VENDRE – MARRAKECH,https://www.barnes-marrakech.com/fr/vente/marrakech/86073387,Vente,Villa,Marrakech,Environs de Marrakech,530 001 EUR,5724010,335,4,4,Adoucisseur d'eau; Air conditionné; Cheminée; Domotique; Fenêtre PVC; Fenêtres coulissantes; Internet; Meublé; Stores; Volets roulants électriques; Abri de voiture; Barbecue; Gardien; Piscine,"À seulement quelques minutes de Marrakech, sur la route de Tahnaout au kilomètre 12, cette somptueuse villa contemporaine se dresse au cœur d’un environnement paisible et verdoyant, offrant un cadre de vie aussi raffiné que serein. Conçue avec soin sur deux niveaux, elle déploie une surface habitable de 335 m² sur un terrain de 295 m2, parfaitement pensée pour conjuguer confort, élégance et fonctionnalité.
La villa se compose de quatre belles chambres, toutes spacieuses et baignées de lumière naturelle, ainsi qu’une chambre indépendante dédiée au personnel. Les volumes sont généreux, les matériaux choisis avec goût, et chaque espace reflète un esprit contemporain chic, dans un équilibre parfait entre modernité et douceur de vivre. Le mobilier, sélectionné avec soin, est inclus, permettant une installation immédiate sans compromis sur le style ou la qualité.
À l’extérieur, une piscine privée s’intègre harmonieusement au jardin. L’ambiance y est calme, intimiste, propice à la détente comme à la réception.",https://www.barnes-marrakech.com/images/produits/ef47532bde9102cf95c290589b119454_66164a4d7c_1920-original.jpg,1,Professionnel,2026-09-30
86096847,barnes,Villa contemporaine d’exception au cœur du Golf d’Amelkis – Marrakech,https://www.barnes-marrakech.com/fr/vente/marrakech/86096847,Vente,Villa,Marrakech,Amelkis,1 299 900 EUR,14038920,518,5,5,Piscine; Meublé; Spa; Proximité Golf; Calme absolu,"Nichée dans le prestigieux domaine sécurisé du Golf d’Amelkis, à seulement 15 minutes du centre-ville de Marrakech, cette villa contemporaine séduit dès les premiers instants par ses lignes épurées, son architecture résolument moderne et ses volumes généreux.

Édifiée sur une surface de 518 m², cette propriété d’exception offre un cadre de vie à la fois luxueux, confortable et raffiné. Elle se compose de cinq superbes suites, chacune disposant de sa propre salle de bain, garantissant intimité et bien-être à tous les résidents. Les espaces de vie, baignés de lumière naturelle, s’ouvrent harmonieusement sur l’extérieur, invitant à la détente et à la convivialité.

La villa dispose également d’un sous-sol aménagé, d’une belle piscine privée. Elle est vendue entièrement meublée, avec une décoration élégante et des finitions de très haute qualité, pensées dans les moindres détails pour offrir un confort absolu.

Située dans un environnement calme et sécurisé 24h/24, cette propriété rare bénéficie d’un emplacement privilégié au cœur d’un golf de renom, offrant un cadre de vie paisible tout en restant proche de l’effervescence de la ville.

Une opportunité unique pour les amateurs d’architecture contemporaine et de vie exclusive à Marrakech.",https://www.barnes-marrakech.com/images/produits/b83da7b2a566b43e0f9ed4642afe83ac_8172b1173d_1920-original.jpg,1,Professionnel,2026-09-30
86055551,barnes,"*À vendre : Riad titré à rénover de 100 m² dans le quartier prisé de Mouassine, à proximité du Jardin Secret !*",https://www.barnes-marrakech.com/fr/vente/marrakech/86055551,Vente,Riad,Marrakech,Médina,450 000 EUR,4860000,,,,Jardin; Spa,"Nous vous proposons une opportunité exceptionnelle avec ce riad de 100 m² au sol, situé dans le magnifique quartier de Mouassine, à quelques pas du réputé Jardin Secret. Ce bien à rénover offre un potentiel remarquable, tant pour une habitation personnelle que pour un projet de rendement locatif.

Avec son emplacement privilégié, ce riad bénéficie d'un cadre paisible tout en étant proche des attractions culturelles et des commodités locales. Transformez cet espace en un havre de paix ou en une maison d'hôtes attrayante, profitant ainsi de l'afflux de visiteurs dans l'un des quartiers les plus recherchés de la médina.

Ne manquez pas cette occasion de concrétiser votre projet immobilier dans un environnement enchanteur. Contactez-nous dès aujourd'hui pour plus d'informations et pour organiser une visite !",https://www.barnes-marrakech.com/images/produits/55ebc60fb319c7825a39a507567b180d_9db790bbec_1280-original.jpg,1,Professionnel,2026-09-30
86055867,barnes,OPPORTUNITE UNIQUE – RIAD A RENOVER EN REQUISITION A DERB DABACHI – FORT POTENTIEL,https://www.barnes-marrakech.com/fr/vente/marrakech/86055867,Vente,Riad,Marrakech,Derb Dabachi,450 000 EUR,4860000,,,,Calme absolu,"Idéalement situé dans le quartier très recherché de Derb Dabachi, à seulement 3 minutes à pied de la Place Jemaa El-Fna, découvrez ce riad d'une superficie au sol de 180 m².

Ce bien, actuellement en requisition, représente une magnifique opportunité pour un projet de maison d'hôtes ou une résidence privée de prestige. 

Le riad est niché dans un derb calme et charmant, offrant un cadre serein tout en bénéficiant de la proximité immédiate des attractions de Marrakech.
Malgré le besoin de rénovation complète, son emplacement exceptionnel et son potentiel en font un investissement de premier choix pour les porteurs de projets ambitieux.

N'hésitez pas à nous contacter pour plus d'informations.",https://www.barnes-marrakech.com/images/produits/55ebc60fb319c7825a39a507567b180d_9db790bbec_1280-original.jpg,1,Professionnel,2026-09-30
86050356,barnes,À VENDRE – SUPERBE RIAD BELDI CHIC DANS LA KASBAH DE MARRAKECH,https://www.barnes-marrakech.com/fr/vente/marrakech/86050356,Vente,Riad,Marrakech,La Kasbah,680 001 EUR,7344010,200,3,3,Air conditionné; Cheminée; Internet; Meublé; Piscine,"Plongé au cœur de la Kasbah, dans l’une des zones les plus recherchées de la Médina de Marrakech, ce riad au charme Beldi chic incarne l’élégance naturelle marocaine, subtilement réinterprétée dans un esprit contemporain.

Dès l’entrée, vous serez séduits par la fluidité des volumes et la lumière exceptionnelle qui inonde les lieux.

⸻

Rez-de-chaussée
	•	Hall d’entrée raffiné avec toilette invités
	•	Jolie cuisine équipée, spacieuse et fonctionnelle
	•	Magnifique patio lumineux avec une piscine élégante et un espace bronzage
	•	Salon-salle à manger chaleureux avec cheminée (le conduit chauffe aussi la chambre à l’étage)

⸻

Étage
	•	Trois superbes chambres, chacune avec sa propre salle de bain
	•	Belle coursive aménagée, véritable espace de lecture ou de détente
	•	L’ensemble est baigné de lumière, avec de jolies recettes architecturales traditionnelles

⸻

Terrasse aménagée

Un véritable espace de vie en plein air, parfaitement pensé :
	•	Cuisine d’été
	•	Espace déjeuner ombragé sous pergola
	•	Espace bronzage avec douche extérieure
	•	Buanderie discrète + terrasse privative pour le linge

⸻

Emplacement de choix, calme et accessible, dans la prestigieuse Kasbah
Bien titré, aucun travaux à prévoir – vendu entièrement meublé et équipé",https://www.barnes-marrakech.com/images/produits/a11aeb585ac8f0dd8fcb61c97861fea0_ce675dbb1a_1920-original.jpg,1,Professionnel,2026-09-30
86195878,barnes,Luxueuse villa proche des trois golfs,https://www.barnes-marrakech.com/fr/vente/marrakech/86195878,Vente,Villa,Marrakech,Golf Amelkis,1 090 001 EUR,11772010,1200,4,4,Gardien; Piscine; Meublé; Cheminée,"Découvrez cette somptueuse villa située sur le domaine Atlas nakhil à deux pas d'Amelkis, proche d'el maaden et le golf royal cette villa est une invitation au luxe et au confort. Avec une superficie de 420 m², elle offre un grand séjour, quatre chambres spacieuses et six pièces, toutes climatisées. Le mobilier élégant est complété par une cheminée chaleureuse, idéale pour les soirées douillettes. Les équipements modernes incluent des fenêtres à galandage, des volets électriques, et des panneaux solaires pour une efficience énergétique optimale. À l'extérieur, profitez d'un vaste jardin avec arrosage intégré, un espace barbecue, et un éclairage extérieur soigné. La piscine est chauffée La villa est dotée de la fibre optique pour une connectivité optimale, et une vidéosurveillance assure votre tranquillité d'esprit. Offrez-vous un havre de paix où chaque détail est pensé pour votre confort.",https://www.barnes-marrakech.com/images/produits/78cf320e4ff26cd4d22cb9b59cebc32b_473f7f8a59_1920-original.jpg,1,Professionnel,2026-09-30
86063039,barnes,"À VENDRE – APPARTEMENT MEUBLE A AGDAL, OPPORTUNITE D’INVESTISSEMENT",https://www.barnes-marrakech.com/fr/vente/marrakech/86063039,Vente,Appartement,Marrakech,Agdal,300 000 EUR,3240000,106,3,2,Air conditionné; Meublé; Ascenseur; Gardien; Cheminée; Double vitrage; Fenêtre aluminium; Fenêtres coulissantes; Internet; Concierge; Interphone,"À vendre, un bel appartement dans un quartier prisé de Marrakech, d’une superficie de 106 m² situé au deuxième étage d’une résidence fermée et parfaitement sécurisée. Il se compose de trois chambres lumineuses, de deux salles de bain, d’un salon chaleureux, ainsi que d’une cuisine entièrement équipée. Il est vendu entièrement meubler avec goût.
Idéalement situé à quelques minutes des principales attractions de la ville, des restaurants, centres commerciaux et zones touristiques, cet appartement représente une opportunité parfaite pour un investissement locatif.",https://www.barnes-marrakech.com/images/produits/cd67b58dca834d124b428abca64caac3_68cca2f933_1920-original.jpg,1,Professionnel,2026-09-30
86010916,barnes,MAGNIFIQUE VILLA CONTEMPORAINE DE PLAIN-PIED AVEC VUE IMPRENABLE SUR LE GOLF,https://www.barnes-marrakech.com/fr/vente/marrakech/86010916,Vente,Villa,Marrakech,Al Maaden,2 100 000 EUR,22680000,420,4,4,Adoucisseur d'eau; Air conditionné; Cheminée; Double vitrage; Fenêtre aluminium; Fenêtres coulissantes; Internet; Jacuzzi; --; Abri de voiture; Arrosage; Clôture; Éclairage extérieur; Fibre optique; Gardien; Interphone; Portail électrique; Golf; Piscine; Spa,"Située sur le prestigieux golf d'Al Maaden, cette villa de plain pied de 420m2 édifiée sur un beau terrain de 2070m2 face au golf, dispose de 4 belles suites orientées face à la piscine 14mx4m d'un salon salle à manger principal avec cheminée donnant sur une large terrasse équipée de brumisateurs, egalement  son propre hammam et son jacuzzi.
La villa est vendue avec sa cuisine toute équipée, le parking est couvert avec aussi sa chambre de personnel.
Le golf est accessible par voiturette directement par le fond du jardin,",https://www.barnes-marrakech.com/images/produits/d47f55cdf1b32d2dc5e05a650a710961_f0ad94ab62_1920-original.jpg,1,Professionnel,2026-09-30
85995337,barnes,Villa de luxe à vendre à deux pas des trois golfs,https://www.barnes-marrakech.com/fr/vente/marrakech/85995337,Vente,Villa,Marrakech,Amelkis,1 249 900 EUR,13498920,1260,4,4,Air conditionné; Cheminée; Double vitrage; Fenêtres coulissantes; Volets roulants électriques; Abri de voiture; Arrosage; Clôture; Éclairage extérieur; Piscine,"À vendre – Villa contemporaine de 400 m² construits à Atlas Nakhil, Marrakech

Située à seulement 200 m du golf Amelkis et à 500 m du golf Royal, cette somptueuse villa de 400 m² habitables sur un terrain de 1260 m² offre 4 suites spacieuses, un vaste salon avec cheminée, une cuisine moderne équipée, ainsi qu’un jardin paysager soigneusement entretenu.

À l’extérieur, une belle piscine avec pool house invite à la détente, dans un environnement paisible et élégant.

Possibilité d’achat en cours  d'achèvement  avec personnalisation des finitions selon vos goûts. Le promoteur propose également de visiter d’autres villas dans le quartier résidentiel d'atlas nakhil déjà livrées (5)afin de constater la qualité de construction.

📞 Contactez-nous pour plus d’informations ou organiser une visite.",https://www.barnes-marrakech.com/images/produits/bc59b3393330245fb826aca23b1f6f1c_648d614785_1280-original.jpg,1,Professionnel,2026-09-30
85995743,barnes,RIAD D’EXCEPTION A MARRAKECH – ZELLIGE DE FES & VUE IMPRENABLE SUR LA KOUTOUBIA,https://www.barnes-marrakech.com/fr/vente/marrakech/85995743,Vente,Riad,Marrakech,Riad Zitoun Kedim,1 199 901 EUR,12958930,,6,6,Air conditionné; Cheminée; Alarme; Piscine,"Découvrez un chef-d’œuvre d'authenticité de 250 m² au sol, où chaque détail rend hommage à l'artisanat marocain. Entre murs en zellige de Fès, portes anciennes sculptées et patio luxuriant avec fontaine, ce riad d'exception propose 6 suites raffinées. Un véritable joyau architectural offrant un hammam traditionnel et une vue imprenable sur la Koutoubia pour une expérience royale",https://www.barnes-marrakech.com/images/produits/12e75314e3153fa2cd02cdc04b31b4de_d0fc9395d5_1920-original.jpg,1,Professionnel,2026-09-30
86119832,barnes,À VENDRE – RESIDENCE DE PRESTIGE : SUPERBE APPARTEMENT AU CŒUR DE L’HIVERNAGE,https://www.barnes-marrakech.com/fr/vente/marrakech/86119832,Vente,Appartement,Marrakech,Hivernage,Prix Nous consulter,,246,3,3,Air conditionné; Internet; Ascenseur; Gardien; Piscine; --; Double vitrage; Fenêtre aluminium; Fenêtres coulissantes; Meublé; Concierge; Interphone; Portail électrique; Vidéo surveillance,"À vendre, un appartement de prestige situé au célèbre Four Seasons à Marrakech, l’une des résidences les plus réputées et sécurisées de la ville. Offrant une surface habitable de 206 m², cet appartement bénéficie en plus de deux magnifiques terrasses de 20 m² chacune, soit une superficie totale de 246 m².
Il se compose de trois spacieuses chambres, de trois salles de bain, d’un grand séjour lumineux, d’une cuisine entièrement équipée et de nombreux espaces de rangement. L’appartement est situé dans un immeuble avec ascenseur, et dispose de services haut de gamme incluant un service privé, une conciergerie disponible 24h/24 ainsi qu’un gardien présent en permanence.
La résidence, ultra sécurisée, offre également une belle piscine réservée aux résidents. Idéalement situé dans le quartier prisé de l’Hivernage, cet appartement conjugue confort, élégance et sécurité dans un environnement privilégié.",https://www.barnes-marrakech.com/images/produits/74ee6a00c453df37da2df47343207f93_85076e9123_1920-original.jpg,1,Professionnel,2026-09-30
86191635,barnes,Magnifique villa de luxe à Agdal,https://www.barnes-marrakech.com/fr/vente/marrakech/86191635,Vente,Villa,Marrakech,Agdal,1 430 243 EUR,15446624,550,4,3,Cheminée; Ascenseur,"Découvrez cette villa d'exception, alliant luxe et modernité, dans le quartier prisé d'Agdal. Avec une surface habitable de 550 m² sur un terrain de 560 m², cette résidence offre des prestations haut de gamme et une domotique intégrale pour un confort absolu. Un aménagement pensé pour le bien-être: Le rez-de-chaussée s'ouvre sur un vaste salon lumineux, une salle à manger élégante et une cuisine indépendante. L'extérieur, véritable havre de paix, vous invite à profiter d'une piscine privative dans un cadre intime et raffiné. Le premier étage abrite trois suites spacieuses, chacune avec son dressing sur mesure et sa salle de douche. Toutes les chambres s'ouvrent sur une terrasse, baignée de lumière naturelle. Le sous-sol est un espace de vie polyvalent et entièrement aménagé, comprenant une suite, un home cinéma avec un système son immersif, un bar, une pièce insonorisée, et une buanderie. Équipée d'un ascenseur intérieur et de larges baies vitrées, la villa se distingue par ses finitions soignées et ses matériaux de qualité. C'est le lieu idéal pour une vie de famille confortable et élégante.",https://www.barnes-marrakech.com/images/produits/f51902eb419831a8d2581bec1e54ea8c_11fa964ef1_1440-original.jpg,1,Professionnel,2026-09-30
85901396,barnes,SOMPTUEUSE MAISON D’HOTES DE CHARME A VENDRE AU CŒUR DE LA MEDINA,https://www.barnes-marrakech.com/fr/vente/marrakech/85901396,Vente,Riad,Marrakech,Médina,1 199 901 EUR,12958930,600,7,7,Air conditionné; Cheminée; Internet; Meublé; Moustiquaires; Alarme; Gardien; Interphone; Vidéo surveillance; Vidéophone; Piscine; Spa,"Saisissez une opportunité d'investissement exceptionnelle à Bab Doukkala. Cette maison d’hôtes de 247 m² au sol, d'une capacité de 20 personnes, affiche un excellent taux d'occupation prévisionnel. Avec son grand bassin chauffé, ses 7 chambres raffinées et son exploitation ""clés en main"", ce riad au style Beldi Chic est l'actif idéal pour un rendement immédiat dans un quartier prisé.",https://www.barnes-marrakech.com/images/produits/e2d4700442482224317661beccfd8c5e_347133b355_1920-original.jpg,1,Professionnel,2026-09-30
85956527,barnes,SUPERBE RIAD A VENDRE DANS LE QUARTIER BEN SALAH A MARRAKECH – CHARME AUTHENTIQUE,https://www.barnes-marrakech.com/fr/vente/marrakech/85956527,Vente,Riad,Marrakech,Derb Dabachi,730 000 EUR,7884000,,5,5,Cheminée; Internet; Meublé; Piscine,"Plongez dans l'élégance marocaine avec ce riad d'habitation, une perle architecturale entièrement rénovée, offrant un parfait équilibre entre modernité et tradition. 

Idéalement situé dans le quartier de Ben Salah à Marrakech avec une accessibilité facile, ce bien est proposé ""clé en main"".

Caractéristiques du bien :
 * Superficie au sol : 117m² optimisés.
 * Hébergement : 5 suites magnifiquement aménagées, chacune offrant intimité et confort.
 * Espaces de détente et bien-être :
   ]Un bassin rafraîchissant niché au cœur du patio, invitant à la sérénité.
   ]Un hammam traditionnel pour une expérience de relaxation authentique.
   ]Une salle de massage dédiée au bien-être.
 * Espaces de vie : Un salon convivial et deux cuisines entièrement équipées.
 * Extérieur : Un rooftop spectaculaire offrant une vue à 360 degrés sur la ville ocre et les montagnes de l'Atlas.

Ce riad a été conçu avec une attention particulière aux détails, mêlant harmonieusement des éléments modernes et le charme marocain. Admirez les luminaires en cuivre artisanaux, les salles de bain en tadelakt aux couleurs chaudes, et les finitions de qualité qui confèrent à chaque espace une atmosphère unique et raffinée.

Que ce soit pour une résidence principale, une maison de vacances ou un investissement locatif, ce riad représente une opportunité rare à Marrakech.",https://www.barnes-marrakech.com/images/produits/25444dbba6b95aa2720e824f2b106e3c_63b358076b_1920-original.jpg,1,Professionnel,2026-09-30
85997838,barnes,"Villa de charme à 20 minutes du centre-ville – Route de l’Ourika, km 12 Surface terrain : 488 m² | Surface habitable : 373 m²",https://www.barnes-marrakech.com/fr/vente/marrakech/85997838,Vente,Villa,Marrakech,Route d'Ourika,590 001 EUR,6372010,373,6,1,Jacuzzi; Abri de voiture; Arrosage; Éclairage extérieur; Portail électrique; Golf; Piscine,"Nichée sur la très prisée route de l’Ourika, à seulement 20 minutes du centre-ville de Marrakech (km 12), cette élégante villa indépendante offre un cadre de vie paisible, raffiné et tourné vers le confort absolu.

Le sous-sol aménagé propose :

Un vaste salon ouvert (salle de jeux, home cinéma ou espace détente)

Une chambre avec salle de bain privative

Une seconde chambre

Une cuisine équipée

Une buanderie

Un hammam beldi traditionnel

Des toilettes invités avec lave-mains

Au rez-de-chaussée, vous trouverez :

Un salon marocain lumineux

Un salon européen convivial

Une chambre d’amis (pouvant être transformée en cuisine)

Une salle d’eau

À l’étage, l’espace nuit comprend :

Deux chambres avec rangements

Une salle de bain

Une superbe suite parentale avec dressing, salle de bain privative, et terrasse couverte aménagée en salon extérieur

Les extérieurs complètent cette villa avec des prestations haut de gamme :

Piscine à système automatique

Jacuzzi

Jardin paysager avec arrosage automatique

Porte d’entrée motorisée télécommandée

Stationnement privatif sécurisé

Une belle opportunité pour vivre dans un cadre serein, tout en restant proche de la ville. Idéale comme résidence principale, secondaire ou investissement locatif.

Prix affiché non meublée.",https://www.barnes-marrakech.com/images/produits/a19404c5ba3a3b804e4292fea27658af_40ed68f386_1920-original.jpg,1,Professionnel,2026-09-30
86053623,barnes,À VENDRE – VILLA DE PRESTIGE EN FRONT DE GOLF A ARGAN.,https://www.barnes-marrakech.com/fr/vente/marrakech/86053623,Vente,Villa,Marrakech,Agdal,850 001 EUR,9180010,350,4,4,Air conditionné; Meublé; Vidéo surveillance; Golf; Piscine,"Située dans l’un des quartiers les plus prisés de Marrakech, cette élégante villa meublée bénéficie d’un emplacement exceptionnel en première ligne sur le golf, au cœur d’un environnement résidentiel calme et sécurisé.
Édifiée sur un terrain de 460 m² avec 500 m² de jouissance privative supplémentaires, la villa d’ une surface habitable de 350 m², parfaitement répartie sur deux niveaux. L’espace de vie, lumineux et ouvert sur l’extérieur, offre une belle perspective sur le jardin paysagé et la piscine chauffée. La cuisine est entièrement équipée.
La villa dispose de quatre chambres en suite, offrant à chacun confort, intimité et élégance. Les matériaux, le mobilier et les finitions ont été soigneusement sélectionnés pour créer une atmosphère chaleureuse et contemporaine.
Vendue entièrement meublée, la villa représente une opportunité rare, tant pour une résidence principale ou secondaire que pour un investissement locatif haut de gamme, avec une forte demande dans ce secteur très recherché.",https://www.barnes-marrakech.com/images/produits/60fc327f349d05f3cfd6dcc96a9bb0ee_bde17d4beb_1920-original.jpg,1,Professionnel,2026-09-30
85956866,barnes,Villa d’Exception à Vendre à Marrakech – Prestations Haut de Gamme,https://www.barnes-marrakech.com/fr/vente/marrakech/85956866,Vente,Villa,Marrakech,Route D'Amizmiz,2 750 000 EUR,29700000,740,5,3,Piscine; Jardin; Ascenseur; Hammam; Spa; Jacuzzi; Domotique,"Découvrez cette somptueuse villa contemporaine construite en 2022, située au cœur de Marrakech, offrant un cadre de vie luxueux, moderne et parfaitement équipé. D’une superficie de 736 m² construits sur un terrain titré de 748 m², avec jouissance de 3200 m², cette propriété est un véritable bijou alliant confort, design et technologie.

Caractéristiques principales :

5 chambres spacieuses, dont 3 suites à l’étage

Sous-sol aménagé : hammam traditionnel avec générateur vapeur et serpentin, salle de sport équipée Technogym, chambre indépendante avec salle de bain, buanderie et seconde cuisine

Piscine chauffée au sel avec douche extérieure à hydromassage

Rooftop avec bar, jacuzzi, toilettes et espace de rangement

Système domotique complet, caméras de surveillance, sonorisation professionnelle style club

Ascenseur Schindler 8 personnes

Chauffage au sol intégral, chauffe-eau solaire

Robinetterie Hansgrohe, double vitrage gaz argon planitherm, menuiserie aluminium à rupture thermique

Jardin paysagé éclairé avec arrosage automatique et fontaine

Exposition sud assurant une luminosité optimale toute la journée.

Détails financiers et pratiques :


Revenus locatifs : actuellement louée 10.500 Dhs/nuit, avec environ 20 nuitées par mois

Frais de syndic : 800 Dhs/mois

Entretien jardin : 1 fois par semaine, 2000 Dhs/mois

Une opportunité rare d’acquérir une villa d’exception à Marrakech, alliant luxe, confort et rentabilité. Idéale pour résidence principale, secondaire ou investissement locatif de prestige.",https://www.barnes-marrakech.com/images/produits/d8aef8600f38c018c6719644ce6e71d4_02c660999c_1242-original.jpg,1,Professionnel,2026-09-30
85860616,barnes,VILLA D'EXCEPTION ROUTE DE L'OURIKA,https://www.barnes-marrakech.com/fr/vente/marrakech/85860616,Vente,Villa,Marrakech,Route d'Ourika,3 300 000 EUR,35640000,700,4,4,Air conditionné; Cheminée; Domotique; Double vitrage; Fenêtre aluminium; Internet; Abri de voiture; Éclairage extérieur; Forage; Fibre optique; Télédistribution; Gardien; Interphone; Vidéo surveillance; Vidéophone,"Découvrez cette somptueuse villa à Marrakech, nichée sur un hectare de terrain luxuriant, offrant une surface habitable de 700 m², où chaque détail a été soigneusement pensé pour créer un cadre de vie exceptionnel.

Dès l'entrée, vous serez accueilli par un hall majestueux, doté de volumes généreux et de finitions de grande qualité, qui donne le ton à cette propriété d'exception. Le salon principal, baigné de lumière grâce à ses larges baies vitrées, vous invite à la détente et à la convivialité. Un espace salon télévision, intimiste et confortable, permet de profiter de moments de détente en toute tranquillité.

La salle à manger, ouverte sur l'extérieur, offre un accès direct à une terrasse entièrement aménagée, où trône une élégante fontaine andalouse, apportant une touche de raffinement et de sérénité. La cuisine, moderne et parfaitement équipée, est un véritable paradis pour les amateurs de gastronomie, avec des appareils haut de gamme et des espaces de travail ergonomiques.

Le sous-sol de la villa, astucieusement agencé, comprend des espaces de rangement spacieux, un local technique assurant le bon fonctionnement de l'ensemble des installations, ainsi qu'un atelier lumineux, qui peut être transformé en studio selon vos besoins ou vos envies créatives.

Cette villa est plus qu'une simple résidence, c'est un véritable havre de paix, où chaque espace a été pensé pour offrir un confort de vie optimal, dans un cadre alliant modernité et tradition marocaine.Le jardin de cette somptueuse villa est un véritable écrin de verdure, soigneusement aménagé avec une grande variété de plantations qui confèrent à la propriété un caractère unique et une atmosphère enchanteresse.

Chaque coin du jardin invite à la détente, que ce soit pour une promenade parmi les essences locales ou pour profiter de moments de calme à l'ombre des arbres majestueux. Cette diversité végétale, combinée à l'agencement harmonieux du jardin, fait de cette villa un lieu d'exception, où la nature s'intègre parfaitement à l'élégance de l'architecture.",https://www.barnes-marrakech.com/images/produits/2fbe7d287903becc56424a659d216375_d19b7253c4_1920-original.jpg,1,Professionnel,2026-09-30
85863013,barnes,À Vendre – Propriété d’Exception à Sidi Abdellah Ghiat,https://www.barnes-marrakech.com/fr/vente/marrakech/85863013,Vente,Villa,Marrakech,Route de Sidi Abdellah Ghiat,Prix Nous consulter,,2455,8,8,Air conditionné; Cheminée; Internet; Meublé; Abri de voiture; Clôture; Éclairage extérieur; Puits; Maison de gardien; Alarme; Gardien; Interphone; Vidéo surveillance; Vidéophone; Piscine; Tennis,"Située dans un environnement naturel préservé à Sidi Abdellah Ghiat, cette propriété de prestige s’étend sur un vaste terrain de 30 932 m², offrant calme, intimité et confort à seulement quelques kilomètres de Marrakech.

Avec une surface construite de 2 455 m², la demeure comprend 8 suites luxueuses, des locaux pour le personnel, ainsi que de nombreux espaces de vie spacieux et lumineux.

L’extérieur est un véritable lieu de détente et de loisirs, avec une piscine élégante, de magnifiques jardins paysagers, et un terrain de tennis privé, idéal pour les amateurs de sport en plein air.

Que ce soit pour une résidence principale, une maison secondaire de luxe ou un projet touristique de haut standing, cette propriété allie parfaitement confort, espace et sérénité.",https://www.barnes-marrakech.com/images/produits/6b68f21b1130bb8576bdcf6aa284b3c8_1cc0be53cd_1920-original.jpg,1,Professionnel,2026-09-30
85856040,barnes,À VENDRE - APPARTEMENT DE PRESTIGE AU CŒUR DE M AVENUE – MARRAKECH (BARNES),https://www.barnes-marrakech.com/fr/vente/marrakech/85856040,Vente,Appartement,Marrakech,Guéliz,Prix Nous consulter,,160,2,2,Cheminée; Internet; Meublé; Ascenseur; Concierge; Fibre optique; Service de sécurité; Vidéo surveillance; Piscine en copropriété; --; Spa,"Vivez l’expérience unique d’un art de vivre signé Four Seasons, dans un appartement d’exception situé au cœur du prestigieux quartier M Avenue à Marrakech.

Cet élégant appartement de 160 m², aux finitions raffinées et aux prestations hôtelières cinq étoiles, offre un cadre de vie exclusif alliant confort, sécurité et service haut de gamme. Il est vendu entièrement meublé, avec un mobilier sur mesure alliant élégance contemporaine et touches artisanales marocaines. Disponible à la vente comme à la location, il s’adapte parfaitement à vos projets de résidence principale, secondaire ou d’investissement locatif.

Caractéristiques principales :

Superficie : 160 m²

2 suites luxueuses avec salles de bains en marbre et dressings intégrés

Vaste pièce de vie lumineuse avec salon, espace repas et larges baies vitrées

Cuisine entièrement équipée avec électroménager haut de gamme

Terrasse privée avec vue sur les jardins paysagers ou la ville

Vendu meublé, prêt à emménager ou à exploiter

Prestations et services inclus :

Conciergerie privée 24h/24, service de ménage, room service

Accès à la piscine chauffée, au spa, au fitness center et aux espaces bien-être

Kids Club sécurisé, idéal pour les familles

Service de voiturier et sécurité renforcée

Accès direct aux boutiques, restaurants et galeries de M Avenue

Ce bien rare combine l’intimité d’un appartement privé avec le confort et les prestations d’un palace. Que ce soit pour une résidence principale, secondaire, une location longue durée ou un investissement locatif de prestige, cet appartement est une opportunité unique au cœur de l’un des emplacements les plus convoités de Marrakech.

Four Seasons Private Residences – M Avenue, Marrakech.",https://www.barnes-marrakech.com/images/produits/20bcfbc320a9c0de66b54c8570b347bb_1715721f65_1599-original.jpg,1,Professionnel,2026-09-30
85837857,barnes,"Terrain à vendre – Proche de chez Ali, Marrakech",https://www.barnes-marrakech.com/fr/vente/marrakech/85837857,Vente,Terrain,Marrakech,Sur. habitable,1 200 000 EUR,12960000,18648,,,Spa; Calme absolu,"À seulement quelques minutes de Marrakech, ce terrain spacieux se situe dans la région calme et appréciée de chez Ali. Avec une superficie généreuse de 18 648 m², il offre de nombreuses possibilités : projet agricole, résidence familiale, maison d’hôtes, ou investissement à long terme.",https://www.barnes-marrakech.com/images/produits/0a2755ed17fe62b0389e54889b676312_2bb2710d4c_660-original.jpg,1,Professionnel,2026-09-30
85798680,barnes,VILLA CIRCUIT DE LA PALMERAIE,https://www.barnes-marrakech.com/fr/vente/marrakech/85798680,Vente,Villa,Marrakech,Palmeraie,2 900 000 EUR,31320000,14000,10,1,Air conditionné; Double vitrage; Fenêtres coulissantes; Internet; Meublé; Panneaux solaires; Volets roulants électriques; Abri de voiture; Arrosage; Barbecue; Clôture; Éclairage extérieur; Puits; Maison de gardien; Gardien; Spa,"Située tout près du très prisé circuit de la Palmeraie, cette splendide villa vous séduira par son environnement paisible et ses volumes généreux.

D'une superficie totale d'environ 1400 m² habitable, construite sur un terrain de 14000 m², la villa s'étend sur 3 niveaux. 
Au rez-de-chaussée, vous pourrez profiter des nombreuses pièces à vivre alliant tradition et modernité et d'une suite et sa salle de bain.

L'étage dispose de trois suites dont la suite parentale exposée plein sud.

Le sous-sol a également été aménagé pour pouvoir accueillir également.

Le jardin est verdoyant et soigneusement entretenu. Il met parfaitement en valeur l'originalité de la piscine créée en forme de cercle. 

Enfin, un détail qui n'est pas des moindres, son emplacement prestigieux, calme et sécurisé promet des moments paisibles et sereins à seulement 15 mns du centre ville.",https://www.barnes-marrakech.com/images/produits/d9599ffa90e3d50e440385e464deccf4_b86bff3b23_1280-original.jpg,1,Professionnel,2026-09-30
85854371,barnes,PROPRIETE D’EXCEPTION EN PREMIERE LIGNE DE GOLF – BIEN RARE A LA VENTE,https://www.barnes-marrakech.com/fr/vente/marrakech/85854371,Vente,Villa,Marrakech,Amelkis,Prix Nous consulter,,800,9,9,Piscine; Jardin; Terrasse; Spa; Cheminée; Proximité Golf; Calme absolu,"Propriété d’exception au style mauresque signée Elie Mouyal – Golf d’Amelkis
Découvrez cette sublime villa de caractère, nichée sur un terrain de 3 300 m² (avec jouissance supplémentaire), offrant une vue panoramique imprenable sur le prestigieux golf d’Amelkis et les majestueuses montagnes de l’Atlas.
Œuvre du renommé architecte Elie Mouyal, cette propriété unique reflète toute la richesse du style arabo-mauresque et incarne avec finesse l’élégance de l’art de vivre marocain. Située dans l’un des quartiers les plus convoités de Marrakech, au cœur du domaine d’Amelkis, elle promet un cadre de vie exclusif et serein.
Un havre de paix aux volumes généreux
Conçue pour préserver une intimité totale, la villa propose de vastes espaces de vie ouverts sur l’extérieur, entourés d’un jardin luxuriant et de zones de détente idéales pour profiter pleinement du climat marocain.
Composition de la propriété :
La villa principale abrite trois salons indépendants avec cheminées, une salle à manger raffinée, une cuisine entièrement équipée, deux élégantes suites avec salles de bain en marbre, ainsi qu'une somptueuse master bedroom aux dimensions généreuses.
Un pavillon indépendant accueille les invités dans cinq chambres confortables, chacune avec sa salle de bain privative, garantissant confort et indépendance.
Un authentique borj traditionnel a été transformé en une charmante chambre d’amis avec salle d’eau, ajoutant une note d’originalité et de caractère à l’ensemble.
Un espace séparé est également prévu pour loger le personnel de maison.
Extérieurs soigneusement aménagés :
La piscine, bordant le parcours de golf, se fond harmonieusement dans le paysage et invite à la détente.
Le pool house attenant, ombragé et convivial, constitue l’endroit parfait pour partager des repas en plein air ou des soirées entre amis.
De nombreuses terrasses et coins repos répartis dans toute la propriété offrent des instants de calme, en parfaite communion avec la nature environnante.
Érigée dans un emplacement de choix, cette villa au style mauresque affirmé allie architecture exceptionnelle, intérieurs raffinés et extérieurs inspirants. Elle offre une qualité de vie rare, dans un cadre prestigieux et apaisant.
Une opportunité unique d’acquérir un joyau architectural dans l’un des environnements les plus prisés de Marrakech.",https://www.barnes-marrakech.com/images/produits/c290b3f2588b2f27caac4de4b09aa680_11cec54384_1920-original.jpg,1,Professionnel,2026-09-30
85963884,barnes,"À Vendre – Villa de Prestige en Front de Golf –Argane, Marrakech",https://www.barnes-marrakech.com/fr/vente/marrakech/85963884,Vente,Villa,Marrakech,Route D'Amizmiz,2 100 000 EUR,22680000,680,5,5,Air conditionné; Cheminée; Fenêtre aluminium; Internet; Meublé; Abri de voiture; Clôture; Alarme; Interphone; Vidéo surveillance; Vidéophone; Piscine,"Barnes Marrakech a le plaisir de vous présenter cette somptueuse villa située en front de golf dans le prestigieux quartier Argane, au sein du domaine très prisé du golf Argan. Véritable bijou architectural aux finitions raffinées, cette propriété d’exception offre un cadre de vie alliant confort, élégance et exclusivité.

Caractéristiques principales :
	•	Superficie terrain : 703 m²
	•	Surface habitable : 680 m²
	•	Nombre de suites : 5 luxueuses suites
	•	Cuisine entièrement équipée
	•	Deux toilettes invités
	•	Finitions haut de gamme : marbre, bois de noyer américain
	•	Mobilier de qualité : vendue entièrement meublée avec pack Soft TV
	•	Vue imprenable sur le golf – exposition idéale

Une vie de standing au cœur de Marrakech

Idéalement implantée en front de golf, cette villa vous séduira dès les premiers instants par sa luminosité, ses volumes généreux et son architecture élégante. Chaque suite a été pensée pour offrir un confort optimal avec des matériaux nobles et une décoration sobre et contemporaine.

La villa se distingue également par la qualité de ses prestations intérieures : marbre finement travaillé, boiseries en noyer américain, équipement électroménager haut de gamme et mobilier soigneusement sélectionné.

L’environnement est calme, sécurisé et particulièrement recherché, à quelques minutes seulement des principaux centres d’intérêt de Marrakech et de l’aéroport.


Cette villa représente une opportunité rare d’acquérir une propriété de prestige dans l’un des quartiers les plus exclusifs de Marrakech. Elle conviendra parfaitement à une résidence principale ou secondaire, ou encore comme investissement de standing à fort potentiel locatif.",https://www.barnes-marrakech.com/images/produits/56fb998e21e6695fdec956921e83eca7_7604434a31_1920-original.jpg,1,Professionnel,2026-09-30
85767366,barnes,"À VENDRE EN EXCLUSIVITE – MAGNIFIQUE APPARTEMENT REZ-DE-JARDIN MEUBLE A L’HIVERNAGE, MARRAKECH",https://www.barnes-marrakech.com/fr/vente/marrakech/85767366,Vente,Appartement,Marrakech,Hivernage,480 000 EUR,5184000,150,2,,Air conditionné; Double vitrage; Internet; Meublé; Clôture; Ascenseur; Alarme; Gardien; Interphone; Vidéo surveillance; Vidéophone; Piscine; Fenêtres coulissantes; Concierge,"Offrez-vous un cadre de vie exceptionnel au cœur du prestigieux quartier de l’Hivernage, l’un des plus prisés de Marrakech. Ce magnifique appartement entièrement rénové et meublé allie élégance, confort et modernité, dans une résidence haut de gamme.

 Caractéristiques :

 Superficie généreuse : environ 150 m², Disposition idéale : Rez-de-jardin avec 2 chambres spacieuses, Cuisine moderne : Entièrement équipée avec des finitions haut de gamme, Mobilier raffiné : Appartement vendu clés en main, meublé avec goût, Résidence de standing : Sécurisée 24h/24 avec gardien, Espaces de détente : Piscine collective pour des moments de bien-être, Pratique et sécurisé : Place de parking privée incluse

Profitez d’un cadre de vie unique, entre sérénité et dynamisme, à proximité immédiate des meilleurs restaurants, hôtels et lieux de divertissement de Marrakech.",https://www.barnes-marrakech.com/images/produits/15e24a81716cbfe0c033d4dcf9566af7_3ee00b5162_1920-original.jpg,1,Professionnel,2026-09-30
85798802,barnes,TERRAIN D'EXCEPTION EN PLEIN COEUR DE LA PALMERAIE,https://www.barnes-marrakech.com/fr/vente/marrakech/85798802,Vente,Terrain,Marrakech,Palmeraie,Prix Nous consulter,,13800,,,Calme absolu,"Dans le cadre unique et verdoyant de la Palmeraie de Marrakech, ce terrain offre une opportunité rare pour un projet de prestige.

📌 Caractéristiques principales :

Superficie : 13800 m²

Titré et constructible

Situé dans un secteur calme, sécurisé et très recherché

Vue dégagée sur la palmeraie, environnement naturel et apaisant

Ce terrain représente un cadre idéal pour bâtir une villa de luxe",https://www.barnes-marrakech.com/images/produits/731c12aad63a4556c0a505a18377d5af_9ad8aaf4bc_1280-original.jpg,1,Professionnel,2026-09-30
85840059,barnes,"À VENDRE – AUTHENTIQUE RIAD MAISON D’HOTES AU CŒUR DE BEN SALAH, MARRAKECH",https://www.barnes-marrakech.com/fr/vente/marrakech/85840059,Vente,Riad,Marrakech,Derb Dabachi,Prix Nous consulter,,,10,10,Air conditionné; Internet; Meublé; Alarme; Gardien; Interphone; Vidéo surveillance; Piscine,"Magnifique riad titré situé dans le quartier de Ben Salah, au cœur de la médina de Marrakech. D’une superficie de 200 m² au sol, ce riad est exploité en maison d’hôtes et bénéficie d’une excellente réputation.

Il se compose de 10 chambres, toutes équipées de leur salle de bain privative, offrant confort et intimité aux hôtes. Le patio central abrite une belle piscine, apportant fraîcheur et convivialité, parfaite pour les moments de détente.

Ce riad allie parfaitement l’architecture traditionnelle marocaine et le confort moderne, avec plusieurs espaces de vie chaleureux, une terrasse ensoleillée, et un accès facile.

Idéal pour une reprise d’activité clé en main dans le secteur touristique.",https://www.barnes-marrakech.com/images/produits/176541d7fef263768c1a1ac952a33eb0_a4137d7cd2_1920-original.jpg,1,Professionnel,2026-09-30
85771031,barnes,Maison d'élégance aux Portes de Marrakech,https://www.barnes-marrakech.com/fr/vente/marrakech/85771031,Vente,Villa,Marrakech,Route de Fès,1 689 900 EUR,18250920,4970,5,2,Adoucisseur d'eau; Air conditionné; Cheminée; Double vitrage; Fenêtre aluminium; Fenêtres coulissantes; Internet; Panneaux solaires; Stores; Stores électriques; Abri de voiture; Barbecue; Éclairage extérieur; Maison de gardien; Porte blindée; Piscine; Sauna; Terrain de jeux,"Idéalement située sur la route de Fès, à quelques minutes de l’effervescence de Marrakech, cette somptueuse propriété de caractère s’étend sur près de 4 900 m² de terrain, offrant un cadre enchanteur où luxe et nature se conjuguent à la perfection.

Dès l’entrée, l’architecture raffinée et les volumes généreux de cette villa à deux niveaux séduisent par leur harmonie et leur luminosité. Le rez-de-chaussée s’ouvre sur une majestueuse triple réception baignée de lumière, sublimée par de larges baies vitrées donnant sur une vaste terrasse et une piscine scintillante. Une salle à manger élégante et une cuisine entièrement équipée avec office viennent compléter cet espace de vie, pensé pour le confort et la convivialité.

Côté nuit, deux suites principales offrent un raffinement absolu, chacune disposant de sa salle de bain privative et d’un dressing. L’une d’elles se distingue par son sauna personnel, promesse de détente et de bien-être. À l’étage, trois superbes chambres avec salles de bain attenantes et terrasses privées dévoilent une vue imprenable sur la végétation luxuriante et les majestueuses montagnes de l’Atlas.

Véritable sanctuaire du bien-être, la villa abrite un espace spa d’exception comprenant une piscine intérieure chauffée, un jacuzzi, une salle de massage et un hammam, invitant à l’évasion et à la sérénité.

Le jardin, véritable écrin de verdure sans aucun vis-à-vis, est agrémenté d’arbres centenaires et d’essences fruitières, offrant une atmosphère paisible et intimiste. Un logement indépendant pour le personnel, composé de deux chambres et d’une buanderie, garantit un service discret et efficace.

Alliant charme intemporel et modernité, cette propriété bénéficie d’une autonomie énergétique optimale grâce à un puits de 120 mètres de profondeur et un dispositif performant de 43 panneaux photovoltaïques et solaires.

Un lieu rare, où élégance, confort et nature s’unissent pour une expérience de vie inégalée",https://www.barnes-marrakech.com/images/produits/69aa748d4b6d461b1a7badb090a6d6c6_7892bf765b_1920-original.jpg,1,Professionnel,2026-09-30
85687524,barnes,À VENDRE – ÉLEGANTE VILLA DE PRESTIGE EN PREMIERE LIGNE DE GOLF,https://www.barnes-marrakech.com/fr/vente/marrakech/85687524,Vente,Villa,Marrakech,Route D'Amizmiz,1 399 901 EUR,15118930,2135,5,1,Air conditionné; Cheminée; Fenêtres coulissantes; Abri de voiture; Arrosage; Éclairage extérieur; Internet; Meublé; Gardien; Interphone; Piscine,"Cette villa de prestige en première ligne du golf, offre une vue panoramique et un environnement paisible. Situé dans un domaine sécurisé à seulement 20 mns de la ville, vous garantit tranquillité et exclusivité.
La villa comprend au rdc une suite, un salon, une salle à manger, un espace lecture, une cuisine équipée, une chambre de personnel avec commodités, une terrasse couverte. Vous profitez à l'exterieur de la piscine à débordement.
L'étage est composé de 4 suites avec vue imprenable sur le golf.
Sur le toit un espace peut être aménagé.",https://www.barnes-marrakech.com/images/produits/76ae7aed923fce25231c048a6a663939_9332e9a9a4_1280-original.jpg,1,Professionnel,2026-09-30
85639094,barnes,AGDAL MARRAKECH – MAGNIFIQUE REZ-DE-JARDIN A VENDRE EN QUARTIER PRISE,https://www.barnes-marrakech.com/fr/vente/marrakech/85639094,Vente,Appartement,Marrakech,Agdal,255 000 EUR,2754000,77,2,,Air conditionné; Double vitrage; Fenêtre aluminium; Internet; Meublé; Ascenseur; Gardien; Interphone; Service de sécurité; Vidéo surveillance; Vidéophone; Golf; Piscine,"Barnes Marrakech vous propose ce magnifique appartement en rez-de-jardin, idéalement situé dans le prestigieux quartier d’Agdal. D’une superficie de 77 m², ce bien offre un cadre de vie exceptionnel avec un jardin privé de 15 m² et une vue imprenable sur l’Atlas.

Caractéristiques du bien :
	•	Superficie : 77 m² (+ 15 m² de jardin)
	•	Chambres : 2
	•	Salles de bain : 2
	•	Cuisine : entièrement équipée
	•	Climatisation : réversible
	•	Vendu meublé

cet appartement bénéficie d’un service de sécurité 24h/24 et d’un cadre unique au cœur d’un golf privé. Profitez également des piscines mises à disposition pour un confort absolu.

Une opportunité rare pour les amateurs de tranquillité et d’élégance à Marrakech. Contactez-nous dès maintenant pour organiser une visite !",https://www.barnes-marrakech.com/images/produits/bbf54269a7879a9fde7a8f78370e34a0_62f28218c5_1920-original.jpg,1,Professionnel,2026-09-30
85647204,barnes,À VENDRE – RIAD D’EXCEPTION AU CŒUR DE LA MEDINA DE MARRAKECH,https://www.barnes-marrakech.com/fr/vente/marrakech/85647204,Vente,Riad,Marrakech,Derb Dabachi,Prix Nous consulter,,320,4,4,Air conditionné; Cheminée; Meublé; Piscine,"Situé dans l’un des quartiers les plus prisés de la médina, le Riad  est une véritable perle alliant authenticité et modernité. Ancienne galerie d’art, ce riad a été entièrement rénové en 2023 avec des matériaux nobles et un savoir-faire traditionnel, offrant un cadre élégant et raffiné.

Caractéristiques du bien :
Superficie : 320 m²
4 suites spacieuses avec salles de bain privatives
Patio lumineux et salons décorés avec soin
Terrasse panoramique offrant une vue imprenable sur la médina
Finitions haut de gamme : zellige, tadelakt, boiseries sculptées
Idéal pour une résidence privée ou un projet touristique

Ne manquez pas cette opportunité unique d’acquérir un bien de prestige à Marrakech. Contactez-nous dès maintenant pour plus d’informations ou organiser une visite !",https://www.barnes-marrakech.com/images/produits/a7a3b06cd79397fbeb4fce8a454ef746_1c51eec9c8_1920-original.jpg,1,Professionnel,2026-09-30
85696054,barnes,Villa contemporaine de plain-pied sur 2000m2,https://www.barnes-marrakech.com/fr/vente/marrakech/85696054,Vente,Villa,Marrakech,Route de l'Ourika,1 150 000 EUR,12420000,2000,4,4,Adoucisseur d'eau; Air conditionné; Cheminée; Double vitrage; Fenêtre aluminium; Fenêtres coulissantes; Internet; Volets roulants électriques; Abri de voiture; Clôture; Éclairage extérieur; Forage; Fibre optique; Portail électrique; Vidéophone; Piscine,"Villa contemporaine de plain-pied de 475m2, construite  sur un terrain de 2000 m².

Large réception de 150m2  avec: salle à manger, salon TV, salon cheminée. Grande cuisine entièrement équipée, 4 suites, chacune avec sa salle de bain et dressing.

Piscine de 16x6m à débordement avec vue dégagée.

Arrosage automatique, parking couvert pour 2 places, portail électrique, caméras de surveillance.

Logement personnel.",https://www.barnes-marrakech.com/images/produits/e91378079784442d5f0729c672312820_332bc2691f_1920-original.jpg,1,Professionnel,2026-09-30
85798471,barnes,TERRAIN AVEC BATI A RENOVER OU DEMOLIR,https://www.barnes-marrakech.com/fr/vente/marrakech/85798471,Vente,Terrain,Marrakech,Palmeraie,Prix Nous consulter,,13000,,10,,"Ce terrain de 13000 m², est idéalement situé dans le triangle d'or de la Palmeraie de Marrakech.

Il comprend 3 villas (rare sur un même terrain dans la Palmeraie!). La villa principale comprend 10 suites.

Idéal pour grande rénovation ou reconstruction.

OPPORTUNITE A SAISIR!!!",https://www.barnes-marrakech.com/images/produits/26c7881351af26eeaa516c208d14458f_82315b8abc_1280-original.jpg,1,Professionnel,2026-09-30
85623564,barnes,À Vendre – Terrain de 28 000 m² à Côté de Fadela Atlas Golf marrakech,https://www.barnes-marrakech.com/fr/vente/marrakech/85623564,Vente,Terrain,Marrakech,Sur. habitable,2 800 000 EUR,30240000,28000,,,Proximité Golf,"Opportunité exceptionnelle pour un projet résidentiel de prestige ! Ce terrain de 28 000 m², situé dans une zone villa à proximité immédiate de Fadela Atlas Golf, offre un cadre idéal pour la construction de villas de standing.",https://www.barnes-marrakech.com/images/produits/6db48c03f08e8cddc3b98c16b715b4a7_e3ad8460dc_660-original.jpg,1,Professionnel,2026-09-30
85623092,barnes,"Superbe Terrain a vendre de 6,9 ha à Amelkis marrakech",https://www.barnes-marrakech.com/fr/vente/marrakech/85623092,Vente,Terrain,Marrakech,Amelkis,5 400 000 EUR,58320000,69000,,,Spa; Proximité Golf,"Situé dans l’une des zones les plus prisées de Marrakech, ce terrain exceptionnel de 6,9 hectares offre un cadre idéal pour un projet immobilier d’envergure. Classé en zone urbaine, il ne nécessite aucune autorisation VNA, offrant ainsi une grande flexibilité pour le développement.

Le terrain bénéficie d’un emplacement stratégique à Amelkis, à proximité des golfs et des résidences de prestige, tout en offrant un cadre naturel paisible. Il est agrémenté d’une magnifique oliveraie, ajoutant charme et authenticité à cet espace unique.",https://www.barnes-marrakech.com/images/produits/6db48c03f08e8cddc3b98c16b715b4a7_e3ad8460dc_660-original.jpg,1,Professionnel,2026-09-30
85865694,barnes,À VENDRE – SUPERBE APPARTEMENT AU CŒUR DE GUELIZ A MARRAKECH,https://www.barnes-marrakech.com/fr/vente/marrakech/85865694,Vente,Appartement,Marrakech,Guéliz,197 000 EUR,2127600,91,2,1,Fenêtres coulissantes; Meublé; Abri de voiture; Ascenseur; Concierge; Air conditionné; Gardien; Interphone,"Découvrez ce charmant appartement de 91 m² niché en plein cœur de Guéliz, l'un des quartiers les plus prisés de Marrakech. Son emplacement exceptionnel vous offre un accès immédiat à toutes les commodités : restaurants réputés, commerces, services et centre-ville. La célèbre médina se trouve à seulement 7 minutes (1,9 km).

Caractéristiques principales :

Superficie de 91 m²

2 chambres lumineuses

Salon spacieux et convivial

Terrasse agréable

1 salle de bain moderne avec toilettes

1 toilettes invitées séparées

Cet appartement est idéal pour une résidence principale, un pied-à-terre ou un investissement locatif. Sa situation centrale, son agencement fonctionnel et son environnement vivant en font un bien rare sur le marché.",https://www.barnes-marrakech.com/images/produits/3e7c740dcbfc290d63512a4c7f7cb29f_82ef464c16_1920-original.jpg,1,Professionnel,2026-09-30
85598223,barnes,Villa de luxe à vendre en front de golf,https://www.barnes-marrakech.com/fr/vente/marrakech/85598223,Vente,Villa,Marrakech,Amelkis,1 890 000 EUR,20412000,2100,4,4,Air conditionné; Baignoire balnéo; Cheminée; Domotique; Double vitrage; Fenêtres coulissantes; Éclairage extérieur; Fibre optique; Interphone; Golf; Piscine,"Prestige et raffinement en première ligne du Golf d’Amelkis 3

Découvrez cette somptueuse villa contemporaine, située en première ligne du renommé Golf d’Amelkis. Une adresse d’exception où l’élégance rencontre la modernité, dans un cadre enchanteur.

Nichée sur un terrain titré de 1 615 m², bénéficiant d’un supplément d’ensoleillement de 400 m², cette propriété d’une superficie habitable de 1 009 m² a été pensée pour offrir un confort absolu et des espaces généreux.

Dès l’entrée, vous serez charmé par un majestueux triple espace de réception baigné de lumière, sublimé par une cheminée design, idéal pour des instants de convivialité ou des réceptions d’exception. La salle à manger, élégamment intégrée, prolonge ces espaces avec fluidité, tandis qu’une cuisine moderne et fonctionnelle, accompagnée de son cellier, comblera les amateurs d’art culinaire.

Côté nuit, la villa dispose de 4 suites spacieuses, chacune dotée de sa salle de bains privative et de son dressing, garantissant intimité et sérénité. À l’extérieur, un jardin paysager soigneusement aménagé s’ouvre sur une vue imprenable sur le parcours de golf, offrant un cadre de détente idyllique.

Pensée dans les moindres détails, cette demeure est équipée de systèmes domotiques avancés pour le contrôle des lumières et des volets roulants, et dispose d’une préinstallation pour le chauffage de la piscine, ajoutant une touche de luxe et de praticité.

Proposée au prix de 19 500 000 MAD, cette propriété unique est une véritable invitation à un art de vivre prestigieux. Une opportunité rare à ne pas manquer.

Contactez-nous dès aujourd’hui pour organiser une visite privée et découvrir tout le charme de cette villa d’exception.",https://www.barnes-marrakech.com/images/produits/e56fcaa0fbf5d822dd95b6bc4c3719fe_ea89912876_1920-original.jpg,1,Professionnel,2026-09-30
85594041,barnes,À VENDRE – SUPERBE VILLA AU CŒUR DU PRESTIGIEUX DOMAINE ROYAL PALM,https://www.barnes-marrakech.com/fr/vente/marrakech/85594041,Vente,Villa,Marrakech,Royal Palm,Prix Nous consulter,,3100,5,5,Air conditionné; Cheminée; Vide sanitaire; Abri de voiture; Arrosage; Barbecue; Clôture; Éclairage extérieur; Alarme incendie; Concierge; Fibre optique; Télédistribution; Golf; Piscine; --; Spa,"Luxe et Élégance au Domaine Royal Palm

Découvrez deux somptueuses villas nichées au sein du prestigieux Domaine Royal Palm, véritable écrin de raffinement et de sérénité. Ces propriétés d’exception conjuguent harmonieusement luxe, confort et intimité, offrant un cadre de vie unique dans l’un des endroits les plus prisés de la région.

Première Villa : Charme et modularité sur 3 100 m²
Implantée sur un terrain de 3 100 m², cette villa élégante déploie 477 m² de surface construite, comprenant :


Locaux de service incluant buanderie, rangement et local technique.
À l’extérieur, une piscine non chauffée, des terrasses aménagées, un espace de jeux et un magnifique parc arboré créent une atmosphère paisible et conviviale.",https://www.barnes-marrakech.com/images/produits/b81a50e1f7715726959d699578600d01_cfb4f6d0af_1920-original.jpg,1,Professionnel,2026-09-30
85517063,barnes,VILLA CONTEMPORAINE NEUVE EN CONSTRUCTION – OPPORTUNITE A SAISIR,https://www.barnes-marrakech.com/fr/vente/marrakech/85517063,Vente,Villa,Marrakech,Route de l'Ourika,790 000 EUR,8532000,1350,4,4,Adoucisseur d'eau; Air conditionné; Cheminée; Double vitrage; Fenêtre aluminium; Fenêtres coulissantes; Internet; Abri de voiture; Arrosage; Éclairage extérieur; Puits; Fibre optique; Alarme; Gardien; Portail électrique; Service de sécurité; Vidéo surveillance; Vidéophone; Piscine,"Cette villa de 323 m²,  d’architecture moderne, avec des espaces de vie généreux et lumineux sur un beau terrain planté de 1350m2, dispose de 4 suites dont une Master avec salles de bain privées, toute orientées vers la piscine et d’une cuisine pourvue des installations les plus modernes. De la piscine ou dans le vaste salon, équipé de baies vitrées coulissantes à double vitrage donnant directement sur le jardin, vous profiterez d’une vue imprenable sur les majestueuses montagnes de l’Atlas. 
Les photos sont celles de la villa témoins, achèvement des travaux prévus au premier trimèstre 2026.",https://www.barnes-marrakech.com/images/produits/68a92ff9236e451e48894b7737fcf1dd_71bebaca72_3344-original.jpg,1,Professionnel,2026-09-30
85594332,barnes,Très belle maison à vendre Sur Amélkis 2,https://www.barnes-marrakech.com/fr/vente/marrakech/85594332,Vente,Villa,Marrakech,Amelkis,Prix Nous consulter,,857,5,5,Air conditionné; Cheminée; Double vitrage; Abri de voiture; Éclairage extérieur; Fibre optique; Golf; Sauna,"Nouveauté d’exception au cœur du golf Amelkis, Marrakech
Dans l’écrin luxuriant du légendaire golf Amelkis, découvrez une villa d’exception où modernité et traditions marocaines se conjuguent avec harmonie. Une adresse rare, pensée pour les amoureux du raffinement et de la quiétude.

Une intimité absolue, un cadre enchanteur
Sur un terrain de 850 m², cette propriété neuve, à l’abri des regards, s’élève avec élégance. Le jardin, véritable oasis de sérénité, s’organise autour d’une piscine chauffée, sublimée par des espaces extérieurs variés, propices à la détente ou à des moments de convivialité.

Des intérieurs à la fois lumineux et raffinés
Dès l’entrée, le rez-de-chaussée révèle une pièce de vie baignée de lumière naturelle, agrémentée d’un patio intérieur zen, prolongée par une cuisine contemporaine, idéale pour recevoir. Une première suite, élégante et intime, complète ce niveau.

Des chambres avec vue panoramique
À l’étage, quatre chambres somptueuses, chacune dotée de sa propre salle de bains, offrent un confort absolu. La suite parentale, avec sa terrasse privée, invite à savourer des instants précieux face à un panorama dégagé.

Un sous-sol dédié au bien-être
Astucieusement ouvert sur l’extérieur pour profiter de la lumière naturelle, le sous-sol abrite un espace détente complet : hammam traditionnel, salle de sport équipée et espaces de service, dont une chambre pour le personnel et une buanderie.

Le mariage parfait de l’authenticité et du design contemporain
Cette villa unique allie lignes modernes et codes marocains intemporels, offrant une harmonie rare entre esthétisme, fonctionnalité et luxe.

Une opportunité à saisir
Située au sein de l’un des quartiers les plus prisés de Marrakech, cette villa est un écrin de modernité et d’élégance pour une vie d’exception au cœur d’un cadre verdoyant et exclusif.",https://www.barnes-marrakech.com/images/produits/b29c69c0e4f17c4ff7642f3c7487615d_180638d14d_1920-original.jpg,1,Professionnel,2026-09-30
85512041,barnes,MAISON DE PRESTIGE AVEC 4 SUITES A PROXIMITE DES 3 GOLFS,https://www.barnes-marrakech.com/fr/vente/marrakech/85512041,Vente,Villa,Marrakech,Route de Ouarzazate,1 800 000 EUR,19440000,850,4,4,Cheminée; Fenêtre PVC; Fenêtres coulissantes; Thermostat connecté; Volets roulants électriques; Éclairage extérieur; Gardien; Piscine; Spa,"Barnes Marrakech vous proposent à la vente
Élégance et Modernité,
 Une Propriété d'Exception
Découvrez cette somptueuse demeure alliant technologie de pointe et raffinement, nichée sur un terrain de 1 011 m².

Espaces généreux et harmonie architecturale
Rez-de-chaussée,
298 m² d’espaces lumineux et fonctionnels.

Étage : 308 m², avec un parquet massif apportant chaleur et authenticité.
Sous-sol : 310 m², offrant un potentiel d’aménagement remarquable.

Équipements haut de gamme
Énergie solaire : Panneaux solaires de 22 kW, pour une efficacité énergétique optimale.
Système hydraulique : Chauffe-eau électrique de 1 000 litres et cuve de stockage d’eau de 13 m³. Eau filtrée et traitée grâce à un système UV de dernière génération.

Cuisine moderne : Équipée d’un réfrigérateur américain, d’une plaque à gaz, d’un four, d’un micro-ondes et d’un lave-vaisselle.
Espaces bien-être et loisirs
Salle de cinéma privée,
 Expérience immersive avec un écran 4K de 180 pouces et un système audio 7.1.
Hammam : Chauffage par serpentins et générateur de vapeur pour un moment de détente absolu.
Technologie et confort
Domotique avancée : Prises connectées pour la gestion des volets et de l’éclairage à distance.
Cette propriété rare sur le marché offre un cadre de vie exceptionnel où chaque détail a été pensé pour conjuguer confort, esthétique et modernité.

Contactez-nous pour une visite privée.",https://www.barnes-marrakech.com/images/produits/80eb9e997bf5cf2464f0dae282a8205d_db3126662f_1600-original.jpg,1,Professionnel,2026-09-30
85770979,barnes,"À VENDRE – SUPERBE VILLA MODERNE DE PRESTIGE – ROUTE DE L’OURIKA, MARRAKECH",https://www.barnes-marrakech.com/fr/vente/marrakech/85770979,Vente,Villa,Marrakech,Route d'Ourika,4 800 000 EUR,51840000,13000,5,5,Adoucisseur d'eau; Cheminée; Double vitrage; Fenêtres coulissantes; Internet; Arrosage; Barbecue; Éclairage extérieur; Puits; Maison de gardien; Coffre-fort; Gardien; Vidéo surveillance; Piscine; --; Spa,"À seulement 20 minutes de Marrakech, sur un hectare de terrain face aux majestueuses montagnes de l’Atlas, cette villa d’exception séduit par son architecture contemporaine et ses volumes raffinés.

D’une surface bâtie de 1 500 m², elle se compose d’un appartement indépendant de deux chambres avec salle de bain, dressing et terrasse privée, ainsi que d’une maison principale aux lignes épurées. Son vaste salon, sublimé par une baie vitrée de 15 mètres et une cheminée élégante, s’ouvre sur l’extérieur.

L’espace nuit comprend trois chambres, toutes dotées de salles de bain, dressings et terrasses, ainsi qu’une somptueuse suite parentale avec salon privé, dressing, salle de bain, patios et piscine privée.

Un espace bien-être exclusif complète ce bien : piscine intérieure chauffée, hammam, salle de massage, espace fitness et terrasse extérieure. À l’extérieur, une piscine principale avec jacuzzi et solarium offre un panorama exceptionnel sur l’Atlas.

Un cadre idyllique, alliance parfaite entre luxe, modernité et nature",https://www.barnes-marrakech.com/images/produits/3d77ef7f080b6de6c8630a184e8f0f6b_27621adb32_1920-original.jpg,1,Professionnel,2026-09-30
85498231,barnes,Villa d'architecte de plain-pied sur 2400m2 de terrain.,https://www.barnes-marrakech.com/fr/vente/marrakech/85498231,Vente,Villa,Marrakech,Route de Fès,1 050 000 EUR,11340000,2400,4,4,Adoucisseur d'eau; Air conditionné; Cheminée; Double vitrage; Fenêtre aluminium; Fenêtres coulissantes; Internet; Abri de voiture; Arrosage; Barbecue; Clôture; Éclairage extérieur; Puits; Fibre optique; Télédistribution; Portail électrique; Vidéo surveillance; Vidéophone; Piscine,"Villa d'architecte de plain-pied en construction sur un terrain de 2 400 m² et offrant une suprficie habitable de 450 m2.
Finitions haut de gamme, style bohémien chic, épuré, inspiré de Tulum et Bali, utilisation de matériaux nobles et locaux.
Celle-ci dispose de 4 suites dont 2 master bed room.
Cuisine indépendante avec chambre de service, un salon cheminée, salle à manger et un patio intérieur. 
À l'extérieur, un grand jardin paysagé sans vis à-
vis, une terasse couverte, et une piscine de 14 mètres.
Domotique : Gestion centralisée des lumières, de la climatisation et des systèmes de sécurité
(caméras, alarmes).
Isolation: Double cloison en agglos, avec isolation thermique et phonique renforcée en laine de roche ou mousse polyuréthane.",https://www.barnes-marrakech.com/images/produits/b71d6d37fd8adfcbfd3c806310f1e266_433d25a4e0_1920-original.jpg,1,Professionnel,2026-09-30
85467607,barnes,Riad de Luxe en vente Dar El Bacha : Maison d'Hôtes Boho Chic,https://www.barnes-marrakech.com/fr/vente/marrakech/85467607,Vente,Riad,Marrakech,Médina,Prix Nous consulter,,,6,6,Piscine,"Saisissez une opportunité d’investissement rare dans le quartier le plus exclusif de la Médina. Ce Riad de 6 chambres spacieuses se distingue par son design ""Boho Chic"" et son ambiance bohème raffinée. En activité et très bien référencée, cette maison d'hôtes articulée autour d'un patio luxuriant avec piscine chauffée garantit une rentabilité immédiate au cœur de Dar El Bacha",https://www.barnes-marrakech.com/images/produits/a6b6046b1e4d99a45bc6c516f7203af8_63f515b137_1920-original.jpg,1,Professionnel,2026-09-30
85588345,barnes,vente Riad Neuf 11 Suites & SPA : Investissement Bab Doukkala,https://www.barnes-marrakech.com/fr/vente/marrakech/85588345,Vente,Riad,Marrakech,Médina,Prix Nous consulter,,,11,11,Air conditionné; Cheminée; Fenêtre aluminium; Internet; Meublé; Vide sanitaire; Fibre optique; Alarme; Gardien; Interphone; Vidéo surveillance; Vidéophone; Spa,"Saisissez l'opportunité d'acquérir un riad intégralement reconstruit à neuf (livraison 2025) et classé Maison d'Hôtes. Avec 11 chambres, un SPA de 90m² en sous-sol et deux piscines chauffées, ce domaine de 320m² au sol est une machine à revenus prête à l'emploi. Situé stratégiquement à Bab Doukkala avec parking, il est idéal pour un projet hôtel-restaurant de luxe.",https://www.barnes-marrakech.com/images/produits/f4df908e7ebdb657617528b59ff85730_85015067b5_1920-original.jpg,1,Professionnel,2026-09-30
85497961,barnes,SUPERBE VILLA CONTEMPORAINE ÉCORESPONSABLE,https://www.barnes-marrakech.com/fr/vente/marrakech/85497961,Vente,Villa,Marrakech,Route de l'Ourika,870 001 EUR,9396010,1100,4,4,Adoucisseur d'eau; Air conditionné; Cheminée; Double vitrage; Fenêtre aluminium; Internet; Abri de voiture; Arrosage; Clôture; Éclairage extérieur; Puits; Accès handicapé; Fibre optique; Télédistribution; Digicode; Gardien; Portail électrique; Service de sécurité; Vidéophone; Golf; Piscine,"La villa incarne une parfaite harmonie entre architecture contemporaine et nature majestueuse, tout en répondant aux exigences actuelles en matière d’éco-building et de luxe.

Caractéristiques principales :
La villa se distingue par ses performances énergétiques surpassant les standards nationaux, ainsi que par son approche orientée vers le bien-être, grâce à des matériaux et technologies innovants tels que :
Fenêtres combinant isolation thermique et acoustique optimales.
Chape thermo-isolante en pierre ponce, améliorant l'efficacité énergétique des bâtiments.
Design bioclimatique, permettant une gestion naturelle des températures et de l’éclairage.
Espaces de vie disposant d’un éclairage naturel tout au long de la journée.

Équipements :
Piscine, solarium, climatisation centralisée, chauffage, domotique et aluminium double vitrage.
Masters et suites spacieux avec dressings intégrés.
Cuisines modernes avec buanderie et salle à manger.",https://www.barnes-marrakech.com/images/produits/157cc81f10c162553c6c67b7a097ba66_3955412282_1920-original.jpg,1,Professionnel,2026-09-30
85424346,barnes,"Magnifique propriété de 5 hectares à la route de l'Ourika, Marrakech",https://www.barnes-marrakech.com/fr/vente/marrakech/85424346,Vente,Villa,Marrakech,Route d'Ourika,1 851 000 EUR,19990800,650,4,4,Air conditionné; Abri de voiture; Arrosage; Éclairage extérieur; Piscine,"Située à seulement quelques minutes du cœur de Marrakech, Barnes vous présente cette somptueuse propriété offrant un cadre de vie paisible et raffiné, alliant luxe et nature. Elle s'étend sur 5 hectares et 300 m², dont 1 hectare est dédié à un jardin verdoyant, 1 hectare à des arbres fruitiers bio et 3 hectares d'oliviers bio, créant ainsi un environnement idyllique pour les amoureux de la nature.

La villa, d'une surface construite de 650 m², comprend :

4 chambres spacieuses, chacune avec sa salle de bain privée
4 salons élégants pour des moments de détente et de convivialité
Une chambre du personnel pour plus de confort et de praticité
Une piscine pour se rafraîchir et profiter du soleil toute l'année
Un hammam beldi traditionnel pour une expérience de bien-être authentique
L'ensemble de cette propriété est parfaitement entretenu, sans VNA, et bénéficie d'un accès direct et facile à la route de l'Ourika. Que ce soit pour un usage résidentiel ou comme investissement, ce bien unique est une véritable perle rare dans la région de Marrakech.

Prix: 19 500 000 dh (1 851 000 Euros)",https://www.barnes-marrakech.com/images/produits/876aabf425f05704101107a4cb3e06c0_a7ef519d44_1100-original.jpg,1,Professionnel,2026-09-30
85506104,barnes,MARRAKECH PALMERAIE – PALAIS DE LUXE 1800 M² AVEC PRESTATIONS HAUT STANDING,https://www.barnes-marrakech.com/fr/vente/marrakech/85506104,Vente,Villa,Marrakech,Palmeraie,8 000 000 EUR,86400000,1800,9,9,Cheminée; Double vitrage; Internet; Abri de voiture; Arrosage; Clôture; Éclairage extérieur; Forage; Puits; Alarme; Gardien; Interphone; Porte blindée; Service de sécurité; Vidéo surveillance; Vidéophone; Piscine; Air conditionné; Meublé,"Découvrez un palais majestueux au cœur de la Palmeraie, où l’architecture arabo-andalouse rencontre le luxe absolu. Sur 2 hectares de jardins luxuriants, cette demeure de 1800 m² propose 9 suites raffinées, un patio central avec fontaines et des salons grandioses. Entre son court de tennis et son parc aux mille roses, ce domaine unique incarne l'élégance intemporelle de Marrakech..",https://www.barnes-marrakech.com/images/produits/013f15250d454a16ae1a6d619e42d5f2_b9ab805b37_1920-original.jpg,1,Professionnel,2026-09-30
85339770,barnes,"Terrain de 9,5 Ha a vendre Plage Rouge, Route Ourika marrakech",https://www.barnes-marrakech.com/fr/vente/marrakech/85339770,Vente,Terrain,Marrakech,Route d'Ourika,4 900 000 EUR,52920000,95000,,,,"Terrain de 9,5 Ha - Projet de 10 Villas par Ha - Plage Rouge, Route Ourika, Zone SD1
À vendre : terrain de 5 hectares situé dans la zone SD1, près de la plage rouge et la route Ourika. Idéal pour un projet de développement résidentiel, avec la possibilité de construire jusqu'à 10 villas par hectare.

Caractéristiques :

Superficie : 9,5 Ha, permettant la construction de 50 villas.
Aménagement : Terrain plat et bien proportionné, facilement aménageable pour un projet de qualité.
Accès : Situé à proximité de la route Ourika, tout en offrant une certaine tranquillité.
Atouts :

Environnement naturel : Cadre paisible avec vues splendides sur les montagnes de l'Atlas.
Commodités : Proche des commerces, restaurants et activités de loisirs, rendant le site attrayant pour les futurs habitants.
Potentiel : Zone en pleine croissance, idéale pour un investissement stratégique.
Ce terrain représente une belle opportunité pour développer un ensemble résidentiel de villas. Pour plus d’informations ou pour organiser une visite, n’hésitez pas à nous contacter !",https://www.barnes-marrakech.com/images/produits/d6c756b237be5736c7c3335344da7707_4b27863a94_660-original.jpg,1,Professionnel,2026-09-30
85351916,barnes,Villa contemporaine en construction,https://www.barnes-marrakech.com/fr/vente/marrakech/85351916,Vente,Villa,Marrakech,Route D'Amizmiz,980 000 EUR,10584000,1395,4,4,Air conditionné; Cheminée; Double vitrage; Fenêtre aluminium; Fenêtres coulissantes; Internet; Abri de voiture; Accès handicapé; Fibre optique; Gardien; Portail électrique; Service de sécurité; Vidéophone,"Villa contemporaine de plain-pied au sein d'un ressort de 16 villas à seulement 5 km du centre édifié sur un beau terrain planté de 1395m2 et offrant un espace habitable de 375m2 avec 4 suites spacieuses et lumineuses dont une master suite. La villa est  composés de grands salons ouverts, de salles à manger, un salon TV et un salon avec cheminée, le tout donnant sur de grandes terrasses et jardins avec en arrière-plan la majestueuse chaîne de montagnes de l'Atlas.",https://www.barnes-marrakech.com/images/produits/a40c1b9580440c73f8e638fb0afb9da9_62994c3f38_1280-original.jpg,1,Professionnel,2026-09-30
85463249,barnes,villa de style a vendre amelkis marrakech,https://www.barnes-marrakech.com/fr/vente/marrakech/85463249,Vente,Villa,Marrakech,Amelkis,2 000 000 EUR,21600000,,6,1,Air conditionné; Cheminée; Double vitrage; Internet; Meublé; Maison de gardien; Alarme; Coffre-fort; Gardien; Interphone; Portail électrique; Vidéo surveillance; Vidéophone; Golf; Piscine; Spa,"Nichée sur un terrain spacieux de 1200 m² au cœur de la prestigieuse résidence d'Amelkis, cette villa incarne le raffinement et le confort moderne. 

*Niveau Sous-Sol :*  
Le sous-sol, lumineux grâce à ses cours anglaises, abrite une chambre de personnel, une salle de massage, une salle de sport et une salle avec hammam, offrant ainsi un espace de détente et de bien-être idéal. 

*Rez-de-Chaussée :*  
Au rez-de-chaussée, vous découvrirez trois chambres élégamment aménagées, chacune dotée d'une salle de bain privative. Un grand salon ouvert crée un espace convivial et chaleureux, parfait pour recevoir. La cuisine, moderne et fonctionnelle, est accompagnée d'une arrière-cuisine pour plus de praticité. Un garage fermé et un carport ajoutent encore à la commodité de cette villa. À l'extérieur, une grande piscine chauffée entourée d'une terrasse ombragée promet des moments de détente ensoleillés.

*Étage :*  
À l'étage, trois autres chambres, toutes équipées de salles de bain, offrent une intimité appréciable tout en maintenant le luxe et le confort présents dans toute la villa.

*Équipements et Confort :*  
Cette villa est équipée des dernières technologies pour assurer un confort optimal. Elle bénéficie de panneaux solaires et photovoltaïques, contribuant à la réduction des factures énergétiques. Le jardin paysager, soigneusement entretenu, ajoute une touche de verdure et de sérénité à l'ensemble.

Cette villa est un véritable havre de paix, alliant luxe, confort et modernité, idéalement située dans l'un des quartiers les plus prisés de Marrakech.",https://www.barnes-marrakech.com/images/produits/32f55f5e86a57ad6f6fcb21193be927f_4e8590cbba_1920-original.jpg,1,Professionnel,2026-09-30
85494617,barnes,"À Vendre – Superbe Appartement de Standing en Plein Centre de Guéliz, Marrakech",https://www.barnes-marrakech.com/fr/vente/marrakech/85494617,Vente,Appartement,Marrakech,Guéliz,230 000 EUR,2484000,67,2,,Adoucisseur d'eau; Air conditionné; Internet; Stores électriques; Volets roulants électriques; Accès handicapé; Ascenseur; Maison de gardien; Alarme; Gardien; Interphone; Vidéo surveillance; Vidéophone,"À VENDRE : Appartement de standing au cœur de gueliz

Situé au 5ᵉ et dernier étage d’une résidence sécurisée avec gardien 24h/24, cet appartement de 80 m² (dont 13 m² de terrasse) allie confort et praticité.

Caractéristiques principales :

	•	2 chambres lumineuses
	•	Cuisine ouverte sur un séjour spacieux
	•	Terrasse idéale pour vos moments de détente
	•	Vendu meublé : prêt à vivre ou à louer immédiatement
	•	Ascenseur desservant tous les niveaux
	•	Place de parking souterraine incluse

Cette résidence de standing, en plein cœur de l’Élysée, offre un cadre de vie exceptionnel. À proximité immédiate des commerces, écoles et transports.
Pour plus d’informations ou pour organiser une visite, contactez-nous dès maintenant !",https://www.barnes-marrakech.com/images/produits/b2198b4ef039458b6cad6b29b0ce9460_dd0b45f8db_1920-original.jpg,1,Professionnel,2026-09-30
85339741,barnes,"Terrain de 5 Ha - Projet de 10 Villas par Ha - Plage Rouge, Route Ourika, Zone SD1",https://www.barnes-marrakech.com/fr/vente/marrakech/85339741,Vente,Terrain,Marrakech,Route d'Ourika,2 600 000 EUR,28080000,50000,,,,"Terrain de 5 Ha - Projet de 10 Villas par Ha - Plage Rouge, Route Ourika, Zone SD1
À vendre : terrain de 5 hectares situé dans la zone SD1, près de la plage rouge et la route Ourika. Idéal pour un projet de développement résidentiel, avec la possibilité de construire jusqu'à 10 villas par hectare.

Caractéristiques :

Superficie : 5 Ha, permettant la construction de 50 villas.
Aménagement : Terrain plat et bien proportionné, facilement aménageable pour un projet de qualité.
Accès : Situé à proximité de la route Ourika, tout en offrant une certaine tranquillité.
Atouts :

Environnement naturel : Cadre paisible avec vues splendides sur les montagnes de l'Atlas.
Commodités : Proche des commerces, restaurants et activités de loisirs, rendant le site attrayant pour les futurs habitants.
Potentiel : Zone en pleine croissance, idéale pour un investissement stratégique.
Ce terrain représente une belle opportunité pour développer un ensemble résidentiel de villas. Pour plus d’informations ou pour organiser une visite, n’hésitez pas à nous contacter !",https://www.barnes-marrakech.com/images/produits/d6c756b237be5736c7c3335344da7707_4b27863a94_660-original.jpg,1,Professionnel,2026-09-30
85336909,barnes,Villa contemporaine à vendre sur le golf d' Elmaden à Marrakech,https://www.barnes-marrakech.com/fr/vente/marrakech/85336909,Vente,Villa,Marrakech,Al Maaden,1 589 900 EUR,17170920,1646,5,5,Air conditionné; Cheminée; Fenêtres coulissantes; Meublé; Abri de voiture; Éclairage extérieur; Golf; Piscine; Sauna; Gardien; Spa,"Magnifique villa entièrement rénovée, située en deuxième ligne du prestigieux Al Maaden Golf Resort.
Érigée sur un terrain de 1646m2, la villa propose une surface hors œuvre de 450 m2, parfaitement aménagée pour le confort et la détente.
Elle dispose de 5 suites spacieuses, chacune avec sa salle de bain privative, assurant un espace intime pour chaque occupant.
Les espaces de vie comprennent un double salon et une salle à manger lumineuse, idéaux pour recevoir, ainsi qu'une double cuisine, parfaitement équipée. Un office et une chambre de personnel sont également disponibles, garantissant un service optimal.
Côté bien-être, la villa propose une salle de sport privée et une magnifique piscine extérieure, entourée d'un jardin soigné. Un parking est à disposition pour vos véhicules.
Cette villa est une opportunité unique pour profiter du cadre exclusif d'Al Maaden, à quelques minutes du centre de Marrakech, dans une résidence sécurisée et parfaitement entretenue.",https://www.barnes-marrakech.com/images/produits/c9d9e6b46c2c6378fcfad35acebe5b9c_9f28e7267d_1920-original.jpg,1,Professionnel,2026-09-30
85409731,barnes,À VENDRE – APPARTEMENT DE CHARME DERNIER ETAGE – VUE IMPRENABLE SUR GOLF ET ENVIRONNEMENT EXCEPTIONNEL,https://www.barnes-marrakech.com/fr/vente/marrakech/85409731,Vente,Appartement,Marrakech,Agdal,510 000 EUR,5508000,,2,2,Air conditionné; Cheminée; Double vitrage; Fenêtres coulissantes; Internet; Moustiquaires; Abri de voiture; Clôture; Accès handicapé; Ascenseur; Maison de gardien; Alarme; Gardien; Interphone; Vidéo surveillance; Golf; Piscine,"Situé dans une complexe haut de gamme , cet appartement de 137 m² comprend deux suites spacieuses, un vaste séjour lumineux, et une cuisine équipée. Il dispose d’un rooftop privé de 71 m² avec vue dégagée, de terrasses et de 1 place de parking + box fermé. Emplacement calme et sécurisé à proximité des commerces et transports.",https://www.barnes-marrakech.com/images/produits/6e734387aff65853a320bf278721d386_6fcd6ed5c1_1920-original.jpg,1,Professionnel,2026-09-30
85321987,barnes,Villa contemporaine en construction,https://www.barnes-marrakech.com/fr/vente/marrakech/85321987,Vente,Villa,Marrakech,Route d'Ourika,735 000 EUR,7938000,735,4,4,Air conditionné; Cheminée; Double vitrage; Fenêtre aluminium; Fenêtres coulissantes; Volets roulants électriques; Abri de voiture; Arrosage; Éclairage extérieur; Puits; Maison de gardien; Portail électrique; Vidéophone; Piscine,"Villa livrable été 2025, à 20mn du centre ville sur la route de l'Ourika, alliant desing contemporain et ligne épuréés avec un jardin cloturé offrant une intimité totale.
La villa est construite sur un terrain de 750m2 avec une surface habitable de 380m2 dont 122m2 de terrasse couverte et garage.
Au rez de chaussée, un vaste espace de réception avec 2 salons, une  salle à manger et une cuisine équipée.
A l'étage, 4 suites dont une grande chambre parentale avec terrasse et dressing.

Isolation thermique avec laine de roche, aluminium de premier choix, revêtement marbre dans les pièces à vivre et parquet dans les chambres, porte de garage motorisée, volets roulants électriques, piscine chauffée et possibilité d'instalation de panneaux solaires en option.",https://www.barnes-marrakech.com/images/produits/f2a2510efae62f1eb61094e2c46111bb_96b7c2c341_1600-original.jpg,1,Professionnel,2026-09-30
85321787,barnes,Villa contemporaine de plain-pieds,https://www.barnes-marrakech.com/fr/vente/marrakech/85321787,Vente,Villa,Marrakech,Route d'Ourika,Prix Nous consulter,,1050,4,4,Adoucisseur d'eau; Air conditionné; Borne voiture électrique; Cheminée; Domotique; Double vitrage; Fenêtre aluminium; Fenêtres coulissantes; Internet; Volets roulants électriques; Abri de voiture; Arrosage; Éclairage extérieur; Accès handicapé; Fibre optique; Gardien; Portail électrique; Service de sécurité; Vidéo surveillance; Vidéophone; --; Tennis; Terrain de jeux,"Situé à 10 km du centre-ville de Marrakech sur la route de l'Ourika, ledomaine composé de 29 villas hauts gamme, dont 21 de plain-pied et 8 en R+1, chacune implantée sur des terrains dont la superficie débute à 1050 m² avec une surface bâtie de 400 m². 
La résidence est équipée d’espaces communs incluant une salle de sport haut de gamme, un terrain de paddle, un espace de jeux pour enfants, et un parking pour les invités. 
Le complexe est entièrement sécurisé grâce à un système de vidéosurveillance et une entrée unique surveillée.
L’aménagement extérieur des villas est composée d’un grand jardin paysager orienté plein sud sans vis-à-vis avec un système d’arrosage automatisé et éclairage nocturne, une piscine à débordement chauffée, dont la terrasse communique avec le grand salon et la cuisine principale, et d’un abris pour deux voiture.  

Chaque villa plain-pied dispose d’un grand double salon avec cheminée et vue sur piscine, une salle à manger, une cuisine italienne équipée, 4 suites avec dressing et salle de bain, dont une master, ainsi qu’une cuisine de service et chambre pour le personnel avec son accès indépendant. 
Conçues avec un souci de performance thermique, ces villas offrent une isolation optimale.",https://www.barnes-marrakech.com/images/produits/35dc804d3dcfa6512d97b8382f25c41e_f3493bcf09_1920-original.jpg,1,Professionnel,2026-09-30
85352082,barnes,Villa contemporaine en construction,https://www.barnes-marrakech.com/fr/vente/marrakech/85352082,Vente,Villa,Marrakech,Route D'Amizmiz,970 000 EUR,10476000,1515,4,4,Air conditionné; Cheminée; Double vitrage; Fenêtre aluminium; Fenêtres coulissantes; Internet; Abri de voiture; Arrosage; Accès handicapé; Gardien; Vidéophone; Piscine,"Villa contemporaine de plain-pied au sein d'un ressort de 16 villas à seulement 5 km du centre édifié sur un beau terrain planté de 1515m2 et offrant un espace habitable de 367m2 avec 4 suites spacieuses et lumineuses dont une master suite. La villa est  composés de grands salons ouverts, de salles à manger, un salon TV et un salon avec cheminée, le tout donnant sur de grandes terrasses et jardins avec en arrière-plan la majestueuse chaîne de montagnes de l'Atlas.",https://www.barnes-marrakech.com/images/produits/4897a921c6b9bd3d6f3b5d9b17037ba6_db0495d85f_1280-original.jpg,1,Professionnel,2026-09-30
85305987,barnes,"Terrain de 15 000 m² à vendre – Route de l’Ourika, Cité Plage Rouge",https://www.barnes-marrakech.com/fr/vente/marrakech/85305987,Vente,Terrain,Marrakech,Route d'Ourika,1 200 000 EUR,12960000,15000,,,,"Situé stratégiquement sur la route de l’Ourika, à proximité de la célèbre plage Rouge, ce terrain de 15 000 m² offre un potentiel exceptionnel pour les investisseurs et promoteurs immobiliers.

Caractéristiques principales :

	•	Surface : 15 000 m²
	•	Localisation : Route de l’Ourika, à quelques minutes de la plage Rouge, accès direct sur route goudronnée
	•	Zonage : Autorisé pour un développement résidentiel de 10 villas par hectare
	

Ce terrain est idéal pour un projet de villas de luxe ou de lotissement résidentiel, bénéficiant d’une localisation privilégiée et en plein essor sur la route de l’Ourika. Proche de toutes commodités et à quelques kilomètres de Marrakech, ce site constitue une excellente opportunité d’investissement.

Ne laissez pas passer cette occasion unique de réaliser un projet immobilier dans une zone prisée.",https://www.barnes-marrakech.com/images/produits/d6c756b237be5736c7c3335344da7707_4b27863a94_660-original.jpg,1,Professionnel,2026-09-30
85304872,barnes,Maison contemporaine  en cours de construction amelkis 1,https://www.barnes-marrakech.com/fr/vente/marrakech/85304872,Vente,Villa,Marrakech,Golf Amelkis,1 490 000 EUR,16092000,1335,4,4,Air conditionné; Cheminée; Arrosage; Barbecue; Piscine; Double vitrage; Ventilation simple flux; Abri de voiture; Clôture; Éclairage extérieur,"Villa contemporaine amelkis 1 en construction. travaux de finitions en cours. livraison dans 3 mois. superficie du terrain 1335m² arboré.
les photos de l'annonce correspondent à nue villa similaire déja livrée et habitée à Altas Nakhil. 

Villa d’architecte  de 405M2 avec 4 suites. salon cheminée. salle à manger. double cuisine totalement équipée. buanderie.

Une belle piscine à débordement de 15m.interphone.climatisation inverter chaud et froid gainable pour chaque pièce.

Ballon d'eau chaude solaire 300L dernière génération.
Fenêtres double vitrage total aluminium CEPALUMIC .

Jardin arboré avec système d'arrosage automatique et goutte à goutte.
 
Isolation du toit et des murs en double cloisons et laine de roche. pierre de taza et bois de chêne naturel. sanitaires Jacob Delafond.",https://www.barnes-marrakech.com/images/produits/149e2b1dedae7b484eac310847600b2e_2598b10845_1920-original.jpg,1,Professionnel,2026-09-30
85389729,barnes,"VILLA DE LUXE A VENDRE MARRAKECH – KASBAH CHIC & VUE ATLAS, PAR ÉLIE MOUYAL",https://www.barnes-marrakech.com/fr/vente/marrakech/85389729,Vente,Villa,Marrakech,Circuit Palmeraie,Prix Nous consulter,,,10,10,Air conditionné; Cheminée; Internet; Meublé; Abri de voiture; Barbecue; Clôture; Puits; Maison de gardien; Alarme; Coffre-fort; Gardien; Interphone; Portail électrique; Porte blindée; Vidéo surveillance; Vidéophone; Piscine; Tennis; Terrain de jeux,"Signée par le célèbre architecte Élie Mouyal, cette propriété de prestige réinvente le style Kasbah au cœur d’un parc de 2 hectares. Alliant briquettes traditionnelles et lignes contemporaines, cette villa de 10 chambres offre une vue imprenable sur l’Atlas depuis sa piscine. Un chef-d'œuvre architectural en Palmeraie qui marie authenticité, tadelakt et confort moderne pour une sérénité absolue.",https://www.barnes-marrakech.com/images/produits/7d1c67aaea00ac8849a4ffc5674b7a6a_9872249914_1920-original.jpg,1,Professionnel,2026-09-30
85297866,barnes,villa contemporaine à vendre en front de golf,https://www.barnes-marrakech.com/fr/vente/marrakech/85297866,Vente,Villa,Marrakech,Golf Al Maaden Marrakech,1 850 000 EUR,19980000,400,4,4,Cheminée; Double vitrage; Fenêtres coulissantes; Meublé; Arrosage; Barbecue; Éclairage extérieur; Vidéo surveillance; Vidéophone; Golf; Piscine; Spa,"Villa d’exception en première ligne de golf à AL MAADEN, Marrakech

Située à seulement 15 minutes du centre-ville de Marrakech, cette somptueuse villa de plain-pied, d'une superficie de 400 m², est édifiée sur un terrain paysagé de 3 000 m², offrant une vue imprenable sur le golf.

La propriété se compose de quatre suites élégantes, dont une suite parentale bénéficiant d'une vue panoramique sur le jardin et le parcours de golf. Un projet d'extension de 90 m² est également envisageable pour agrandir cet espace unique.

L'extérieur, véritable havre de paix, dévoile une piscine chauffée ainsi qu’un jardin parfaitement entretenu, idéal pour profiter du climat ensoleillé de la région.

Parmi ses nombreuses prestations haut de gamme, la villa dispose d’une cuisine entièrement équipée, d’une salle de massage, d’un hammam traditionnel beldi, ainsi que d’un garage couvert. Le confort moderne est assuré avec une climatisation réversible dans toutes les pièces et une cheminée dans le séjour.

La propriété est proposée entièrement meublée et décorée, prête à accueillir ses futurs propriétaires dans un cadre à la fois raffiné et contemporain.

Ce bien exceptionnel, rare sur le marché, constitue une opportunité unique d’acquérir une villa au cœur d’un cadre privilégié, au sein du prestigieux domaine d'AL MAADEN en front de golf.",https://www.barnes-marrakech.com/images/produits/d87d02881261f35d6c9d72d4be54bed6_a548d3c613_1920-original.jpg,1,Professionnel,2026-09-30
85321854,barnes,LUXUEUSE VILLA D’EXCEPTION DANS LA PALMERAIE DE MARRAKECH – PARC PRIVATIF DE 1 HECTARE,https://www.barnes-marrakech.com/fr/vente/marrakech/85321854,Vente,Villa,Marrakech,Palmeraie,3 000 000 EUR,32400000,10000,11,11,Air conditionné; Cheminée; Double vitrage; Internet; Meublé; Abri de voiture; Arrosage; Clôture; Maison de gardien; Alarme; Gardien; Interphone; Portail électrique; Vidéophone; Piscine; Spa; Fenêtre aluminium,"Nichée au cœur de la célèbre Palmeraie de Marrakech, cette villa d'exception s'étend sur un terrain de 1 hectare, offrant un cadre de vie luxueux et paisible.

Détails de la Villa :
Superficie : 1 hectare de jardins paysagers, offrant intimité et tranquillité.

Chambres : 11 chambres spacieuses, chacune conçue pour le confort et l'intimité, idéales pour accueillir famille et amis.

Espaces de Vie :
Salon : Grand salon lumineux, parfait pour se détendre ou recevoir des invités, avec une vue imprenable sur le jardin.

Spa : Un espace bien-être dédié, comprenant sauna, hammam et salles de massage, pour un moment de relaxation inégalé.

Extérieurs :
Jardin : Magnifique jardin luxuriant, agrémenté de plantes exotiques et d'arbres fruitiers, créant une oasis de paix.

Piscine : Grande piscine entourée de terrasses, idéale pour se rafraîchir et profiter du soleil marocain.

Abri Voiture : Espace sécurisé pour le stationnement de plusieurs véhicules, assurant confort et praticité.

Points Forts :
Localisation Prisée : Proche des meilleures commodités de la Palmeraie, des golfs de renommée et des restaurants raffinés.

Ambiance Élégante : Architecture marocaine traditionnelle mêlée à des touches modernes, créant un environnement chaleureux et accueillant.

Cette villa est une opportunité rare d'acquérir un bien d'exception dans l'une des zones les plus recherchées de Marrakech. Pour plus d'informations ou pour organiser une visite, n'hésitez pas à nous contacter !",https://www.barnes-marrakech.com/images/produits/cc48a167b4dd6650fc6bba9c3bbcea6b_4da7c5056a_1920-original.jpg,1,Professionnel,2026-09-30
85296190,barnes,Terrain à vendre - circuit Palmeraie  Marrakech,https://www.barnes-marrakech.com/fr/vente/marrakech/85296190,Vente,Terrain,Marrakech,Palmeraie,4 750 000 EUR,51300000,37900,,,Jardin; Spa; Calme absolu,"Terrain d'Exception de 37 900 m² au Cœur du Circuit de la Palmeraie Marrakech : Votre Projet de Rêve Commence Ici

Découvrez ce magnifique terrain à vendre de 37 900 m², situé au cœur du circuit de la Palmeraie. Cette parcelle unique, riche en caractéristiques, est idéale pour réaliser vos projets les plus ambitieux.

Caractéristiques principales :

Espaces verts luxuriants : Bordé de nombreux oliviers centenaires, ce terrain offre une atmosphère paisible et authentique, parfaite pour profiter de la nature.
Puit fonctionnel : Un puits sur la propriété garantit un approvisionnement en eau pour l'entretien de vos jardins ou projets agricoles.
Écurie : Une écurie bien entretenue, idéale pour les passionnés d’équitation, permet d'accueillir vos chevaux et de profiter de balades dans les magnifiques paysages environnants.
Opportunités :

Projets résidentiels : Créez votre villa de rêve dans un cadre idyllique, avec de vastes espaces verts pour les enfants et les animaux.
Activités équestres : Développez un centre équestre ou une pension pour chevaux, profitant de l’écurie déjà en place.
Agriculture et jardinage : Exploitez le potentiel agricole de ce terrain avec des jardins luxuriants ou des cultures d’oliviers.
Atouts :

Environnement calme et sécurisé : Idéal pour les familles ou les investisseurs à la recherche d'un cadre serein.
Proximité avec le centre-ville : Accès rapide aux commerces, écoles et autres commodités.
Ne manquez pas cette occasion exceptionnelle d'acquérir un terrain unique, combinant nature, potentiel de développement et équipements pratiques. Contactez nous dès aujourd'hui pour plus d'informations ou pour organiser une visite !",https://www.barnes-marrakech.com/images/produits/745919af1b7e8500511d386b53ddad9c_08ff98fd87_1280-original.jpg,1,Professionnel,2026-09-30
85280803,barnes,MAGNIFIQUE RIAD A VENDRE A SIDI MIMOUN – 5 CHAMBRES AVEC SALLES DE BAIN,https://www.barnes-marrakech.com/fr/vente/marrakech/85280803,Vente,Riad,Marrakech,Médina,Prix Nous consulter,,126,5,5,Air conditionné; Cheminée; Internet; Meublé; Stores,"Magnifique riad de 5 chambres avec sdb situé dans le quartier de Sidi Mimoun à la vente.

D’une superficie au sol de 126m2; il se compose au rez-de-chaussée d’une entrée avec les toilettes invités conduisant vers un splendide patio lumineux, un très beau bassin; une cuisine super équipée, un salon, une salle à manger, un bhou mais également une chambre avec sdb.

À l’étage, 3 très belles chambres avec sdb, un hammam.

Vous serez époustouflés par l’incroyable terrasse offrant une vue dégagée et absolument exceptionnelle sur la Koutoubia.

Un espace solarium, un espace dîner, divers espaces de détente, une superbe chambre avec sdb d’où, allongés dans votre lit, vous pourrez contempler la Koutoubia et les couchers de soleil de rêve.

Une surterrasse aussi qui vous permettra de profiter de la vue panoramique à 360 degrés sur toute la Medina.",https://www.barnes-marrakech.com/images/produits/e68f1d705dff433c77b5fbe5e2f26f4d_fa0edda3bd_1920-original.jpg,1,Professionnel,2026-09-30
85267814,barnes,Villa d'exception en vente sur le golf d'Amelkis,https://www.barnes-marrakech.com/fr/vente/marrakech/85267814,Vente,Villa,Marrakech,Amelkis,1 657 000 EUR,17895600,999,5,5,Air conditionné; Baignoire balnéo; Cheminée; Domotique; Double vitrage; Fenêtre aluminium; Fenêtres coulissantes; --; Panneaux solaires; Thermostat connecté; Arrosage; Éclairage extérieur; Alarme; Interphone; Portail électrique; Golf; Piscine; Spa,"Nichée sur un terrain titré de 999 m² sur le golf d.'amelkis. cette villa d'exception incarne l'élégance et le raffinement. offrant une jouissance inégalée grâce à une extension de jardin.  
La villa. avec une superficie construite totale de 915 m². se compose de plusieurs niveaux soigneusement agencés. créant un environnement de vie à la fois spacieux et chaleureux.

**Sous-sol : Un Espace de Détente et de Loisirs**

Le sous-sol de 170 m² est un véritable havre de paix. conçu pour le divertissement. Il abrite une pièce polyvalente pouvant servir de salle de jeux ou de sport. ainsi qu'une vaste salle dédiée au visionnage de films. Ce niveau comprend également des toilettes. une chambre avec dressing et salle de bain. une buanderie pratique. ainsi qu'un local technique équipé d'une bâche de stockage d'eau potable de 750 litres ainsi que d’un surpresseur permettant une pression d’eau même en cas de coupure de la part de la Radeema. Un hammam traditionnel. doté d'un système à vapeur et d'un serpentin en cuivre. ajoute une touche authentique à cet espace. Toutes les pièces. à l'exception de la buanderie. s'ouvrent sur une cour anglaise paysagée. apportant lumière et sérénité.

**Rez-de-Chaussée : Un Espace de Vie Lumineux et Chic**

Le rez-de-chaussée de 300 m². revêtu d'un marbre Nordic Grey. offre une vue imprenable sur la piscine de 20 mètres. dotée d'un système d’électrolyse au sel. et le jardin luxuriant. grâce à une baie vitrée de 17 mètres de long. Vous y trouverez des toilettes invités. un dressing à l'entrée. un salon marocain traditionnel. ainsi qu'un grand salon européen agrémenté d'un foyer fermé avec une impressionnante porte guillotine de plus de 2 mètres de large. La salle à manger. baignée de lumière. s'ouvre sur le jardin. créant une harmonie parfaite entre l'intérieur et l'extérieur. La cuisine. entièrement équipée. donne accès à une charmante petite terrasse. idéale pour des repas en plein air.



**Étage : Un Sanctuaire de Sérénité**

À l'étage. 345 m² de raffinement vous attendent. avec un sol en parquet de 8 mm posé sur carrelage pour une robustesse optimale. Cet espace abrite quatre chambres spacieuses. chacune dotée de sa propre salle de bain et dressing. ainsi qu'une master bedroom de près de 80 m². véritable suite parentale. Cette dernière se distingue par son immense dressing. sa salle de bain luxueuse équipée d'une baignoire et d'une douche. et sa terrasse offrant une vue imprenable sur l'Atlas.

**Extérieurs : Un Espace de Détente et de Loisirs**

À l'extérieur. une terrasse de 100 m² vous invite à la détente. tandis que la piscine de 20 m x 5 m. promet des moments de rafraîchissement inoubliables. L'extension de jardin. qui accompagne la villa. renforce ce cadre idyllique.

**Conception et Équipements de Pointe**

La villa est construite en double cloison avec des parpaings en pierre ponce. garantissant une isolation thermique et phonique exemplaire. Sa dalle en béton auto-portante permet d'éviter les poteaux porteurs. offrant des espaces ouverts et fluides. Un système d'alarme sophistiqué et une domotique intégrée assurent votre sécurité et votre confort au quotidien. Vous apprécierez également le système de sonorisation intérieur et extérieur. qui enveloppe la piscine d'une ambiance musicale raffinée.

**Écologie et Confort**

Enfin. la villa est équipée d’un système de climatisation réversible et de 10 kWc de panneaux photovoltaïques. alliant confort moderne et respect de l'environnement. Les charges de copropriété s’élèvent à 9 000 dirhams par an. tandis que l'entretien du jardin et de la piscine. au coût de 5 400 dirhams par mois. inclut tous les produits nécessaires tels que les engrais et insecticides. garantissant ainsi un espace extérieur toujours impeccable.

Cette villa représente l'essence même du luxe et du confort à Marrakech. un véritable chef-d'œuvre architectural où chaque détail a été pensé pour votre bien-être. Une opportunité rare à ne pas manquer.",https://www.barnes-marrakech.com/images/produits/5196c8fe7186ba4f707e8146e9ba5a8d_57bf03f809_1280-original.jpg,1,Professionnel,2026-09-30
85195072,barnes,Terrain à vendre de 2 hectares plage rouge Ourika Sd1 10 villas par hectares,https://www.barnes-marrakech.com/fr/vente/marrakech/85195072,Vente,Terrain,Marrakech,Route d'Ourika,1 205 000 EUR,13014000,20000,,,,Terrain à vendre km 12 route Ourika de 2 hectares en zone sd1 pour construire 10 villas par hectares.,https://www.barnes-marrakech.com/images/produits/d6c756b237be5736c7c3335344da7707_4b27863a94_660-original.jpg,1,Professionnel,2026-09-30
85293955,barnes,terrain a vendre  palmeraie marrakech,https://www.barnes-marrakech.com/fr/vente/marrakech/85293955,Vente,Terrain,Marrakech,Palmeraie,1 100 000 EUR,11880000,10000,,,Spa,"Situé au cœur de Marrakech, ce magnifique hectare de palmeraie, début de palmeraie à droit, offre une oasis de tranquillité et de beauté naturelle. Le terrain bénéficie d’un plan autorisé pour la construction d’un palais, permettant de réaliser votre projet immobilier ultime. Entouré de palmiers majestueux et de paysages pittoresques, cet espace est idéal pour un projet résidentiel ou touristique. Proche des commodités et facilement accessible, ce bien rare représente une opportunité unique d’investir dans l'une des régions les plus prisées du Maroc.",https://www.barnes-marrakech.com/images/produits/d6c756b237be5736c7c3335344da7707_4b27863a94_660-original.jpg,1,Professionnel,2026-09-30
85283923,barnes,À Vendre : Riad Maison d'hôte,https://www.barnes-marrakech.com/fr/vente/marrakech/85283923,Vente,Riad,Marrakech,Médina,Prix Nous consulter,,380,8,8,Air conditionné; Baignoire balnéo; Cheminée; Internet; Meublé; Vidéo surveillance; Piscine,"Saisissez l’opportunité d’acquérir un hôtel traditionnel au cœur de la médina de Marrakech,sur une superfice terrain de 190 m2 et habitable 380m2,dans le quartier historique de Sidi Bel Abbès. Anciennement une maison de diseuse de bonne aventure, ce riad a été transformé avec soin en un havre de paix.

Détails du Riad :
Chambres : 7 chambres et suites uniques, décorées avec des antiquités et des touches marocaines.
Salles de Bains : Salles de bains en marbre et tadelakt, avec baignoires ou douches à effet pluie.
Installations : Piscine, spa avec hammam et salle de massage.
Emplacement Idéal :
Situé à 20 minutes des souks et de la place Jemaa El Fnaa.
Proche des jardins Majorelle et du musée YSL.
Potentiel de Rentabilité :
Idéal pour une exploitation hôtelière, offrant un cadre idyllique pour les voyageurs en quête d’authenticité et de confort.

Ne manquez pas cette occasion unique d'investir dans un trésor marocain. Contactez-nous pour plus d’informations et planifiez votre visite dès aujourd’hui !",https://www.barnes-marrakech.com/images/produits/be62d0ad250955accb4cbddf76bfcf86_9680c0e10d_1500-original.jpg,1,Professionnel,2026-09-30
85068463,barnes,Superbe maison d’hôtes A VENDRE à 80 mètres de la Medersa Ben Youssef MARRAKECH,https://www.barnes-marrakech.com/fr/vente/marrakech/85068463,Vente,Riad,Marrakech,Médina,Prix Nous consulter,,,5,5,Piscine; Terrasse; Meublé,"Superbe maison d’hôtes située dans le quartier le plus ancien de la Médina, à 80 mètres de la Medersa Ben Youssef; site classé au patrimoine mondial protégé par l'UNESCO.

Ce riad, de style contemporain aux allures stylistiques de l'architecture mauresque a été démoli et complètement reconstruit avec des fondations et une structure en béton armé conformes à la réglementation antisismique.

Les blocs muraux sont en terre cuite avec d'excellentes performances bioclimatiques et isolantes pour les climats d'été et d'hiver.

Le toit plat de la terrasse est isolé avec des panneaux de liège pour améliorer l’isolation.

Le Riad dispose de : 
- Système photovoltaïque pour la production d'électricité 
- ⁠Système solaire-thermique pour la production d'eau chaude 
- ⁠Système anti-intrusion avec capteurs de présence et caméras de contrôle
- ⁠Piscine chauffée

Les sanitaires et la robinetterie sont d'excellente qualité et produits en Allemagne.

Les matériaux utilisés sont typiquement marocains et naturels.
- Le tadelakt respecte la formulation originale sans ajout de colorants synthétiques et a été créé avec les finitions originales cirées lisses pour l'intérieur et texturées pour l'extérieur.

- La Pierre de Taza aux couleurs chaudes des montagnes de l'Atlas a été choisie comme la plus typique et représentative du sud marocain pour tous les sols 
- Les bois utilisés pour les portes, armoires et meubles de salle de bain sont en cèdre du Liban et en noyer sans utilisation peinture chimique-synthétique
- les tapis marocains originaux ont été soigneusement sélectionnés et sont tous historiques
- L'éclairage moderne est soigneusement conçu pour mettre en valeur les volumes architecturaux à la recherche du juste équilibre entre lumière et ombre                                                                                                             
- ⁠Les sculptures et peintures ont été créées par des artistes confirmés de Marrakech avec la collaboration de l'architecte designer du riad.                                                              

Il convient de rappeler que la sculpture sur le mur donnant sur la piscine : « Ce n'est qu'avec ton cœur que tu peux toucher le ciel - Jalal al-Din Rumi Poète persan 1200 »

La maison d’hôtes est vendue complètement meublée et équipée.
Autorisation d’exploitation.",https://www.barnes-marrakech.com/images/produits/407fba87eaaf3f599d8786c9d79b39a4_2d35a688f7_1849-original.jpg,1,Professionnel,2026-09-30
85078011,barnes,Terrain à Vendre - Début Palmeraie  MARRAKECH,https://www.barnes-marrakech.com/fr/vente/marrakech/85078011,Vente,Terrain,Marrakech,Palmeraie,800 000 EUR,8640000,10000,,,Calme absolu,"Nous vous proposons un terrain exceptionnel d'un hectare, idéalement situé au début de la Palmeraie. Au tout début de la palmeraie idéal pour un Restaurant club équestre club de Padel ou terrain de mini foot, et bien situé offre une multitude de possibilités pour vos projets immobiliers, qu'ils soient résidentiels, commerciaux ou hôteliers.

Caractéristiques du terrain :

Superficie : 1 hectare
Emplacement : Début Palmeraie, à proximité des commodités et des principales voies d'accès
Terrain plat et facilement aménageable
Environnement calme et verdoyant
Ce terrain bénéficie d'un emplacement stratégique, offrant à la fois tranquillité et accessibilité. C'est une opportunité rare de posséder un terrain dans l'une des zones les plus prisées de la région.",https://www.barnes-marrakech.com/images/produits/d6c756b237be5736c7c3335344da7707_4b27863a94_660-original.jpg,1,Professionnel,2026-09-30
85149520,barnes,terrain a vendre palmeraie marrakech,https://www.barnes-marrakech.com/fr/vente/marrakech/85149520,Vente,Terrain,Marrakech,Palmeraie,1 024 000 EUR,11059200,10000,,,Proximité Golf,"Terrain exceptionnel à vendre, idéalement situé à proximité du Golf Palace, au sein du circuit de la Palmeraie. D'une superficie d'un hectare, ce terrain nu est bordé de palmiers et offre un titre de propriété clair. Parfait pour la réalisation d'un projet de construction de propriété de prestige. Ne manquez pas cette opportunité unique !",https://www.barnes-marrakech.com/images/produits/d6c756b237be5736c7c3335344da7707_4b27863a94_660-original.jpg,1,Professionnel,2026-09-30
85018691,barnes,"TERRAIN TITRÉ DE 11,200 M² À VENDRE AU CIRCUIT DE LA PALMERAIE, DOUAR ABIAD MARRAKECH",https://www.barnes-marrakech.com/fr/vente/marrakech/85018691,Vente,Terrain,Marrakech,Palmeraie,1 500 000 EUR,16200000,11200,,,,"Terrain À vendre de 11,200 m² au circuit de la Palmeraie Marrakech, Douar Abiad. Entouré de magnifiques résidences, idéal pour projet immobilier haut de gamme. Ne manquez pas cette opportunité exceptionnelle !",https://www.barnes-marrakech.com/images/produits/d6c756b237be5736c7c3335344da7707_4b27863a94_660-original.jpg,1,Professionnel,2026-09-30
85195304,barnes,Terrain à vendre km 12 route Ourika  marrakech de 5 hectares en zone sd1 pour construire 10 villas par hectares.,https://www.barnes-marrakech.com/fr/vente/marrakech/85195304,Vente,Terrain,Marrakech,Route d'Ourika,2 500 000 EUR,27000000,50000,,,,Terrain à vendre km 12 route Ourika de 5 hectares en zone sd1 pour construire 10 villas par hectares.,https://www.barnes-marrakech.com/images/produits/d6c756b237be5736c7c3335344da7707_4b27863a94_660-original.jpg,1,Professionnel,2026-09-30
84954058,barnes,"Terrain à Vendre - Circuit de la Palmeraie, Marrakech",https://www.barnes-marrakech.com/fr/vente/marrakech/84954058,Vente,Terrain,Marrakech,Palmeraie,1 400 000 EUR,15120000,10000,,,,"Terrain exceptionnel d'un hectare à vendre au cœur du Circuit de la Palmeraie à Marrakech. Emplacement de prestige, idéal pour projets résidentiels ou hôteliers.",https://www.barnes-marrakech.com/images/produits/d6c756b237be5736c7c3335344da7707_4b27863a94_660-original.jpg,1,Professionnel,2026-09-30
84954186,barnes,"À Vendre : Terrain de 10 Ha Face à Aménjana, Marrakech",https://www.barnes-marrakech.com/fr/vente/marrakech/84954186,Vente,Terrain,Marrakech,Route de Ouarzazate,Prix Nous consulter,,100000,,,,"terrain a vendre de 10 hectares, idéalement situé face à Aménjana, Marrakech. Excellente opportunité pour un projet immobilier ou hôtelleriere. Emplacement stratégique avec accès facile aux commodités et infrastructures. Pour plus d'informations, contactez-nous.",https://www.barnes-marrakech.com/images/produits/d6c756b237be5736c7c3335344da7707_4b27863a94_660-original.jpg,1,Professionnel,2026-09-30
84808314,barnes,Rare opportunité de pouvoir acquérir une Villa d’Architecte dans la Palmeraie et à quelques minutes de la ville!,https://www.barnes-marrakech.com/fr/vente/marrakech/84808314,Vente,Villa,Marrakech,Route de Fès,3 200 000 EUR,34560000,700,4,4,Air conditionné; Cheminée; Double vitrage; Internet; Meublé; Abri de voiture; Arrosage; Éclairage extérieur; Puits; Télédistribution; Gardien; Piscine; Clôture; Maison de gardien; Interphone; Portail électrique,"C’est dans la Palmeraie que Barnes Marrackech vous propose un des chefs d’œuvre de l’architecte Bill Willis sur un hectare de jardin arboré.
Idéalement placée à quelques minutes à peine du centre-ville, la villa de 700 M2 habitable se compose à l’étage d’une très grande suite des maîtres  avec dressing, très grande salle de bains et douches et sa terrasse panoramique, ainsi que 2 autres chambres chacune avec sa salle d’eau.

Au rez-de-chaussée, à l’entrée, possibilité de faire une 4e chambre avec sa salle de douche. 

Vous circulerai ensuite entre divers salons et salle à manger pour terminer sur la magnifique terrasse continuité naturel de la villa.

Superbe hauteur sous plafonds, escalier circulaire majestueux, possibilité d'ajouté un petit ascenseur.

Évidement la villa se compose d’une grande cuisine, arrière cuisine, piscine, maison de gardien, emplacements pour 3 voitures, puit....",https://www.barnes-marrakech.com/images/produits/99337be853b828490317bc1b9f8882da_d6cf838bbf_1276-original.jpg,1,Professionnel,2026-09-30
85149591,barnes,"terrain  a vendre  R+5 en plein cœur de Guéliz, Marrakech",https://www.barnes-marrakech.com/fr/vente/marrakech/85149591,Vente,Terrain,Marrakech,Guéliz,4 230 000 EUR,45684000,989,,,,"très beau terrain a vendre Situé dans l'un des quartiers les plus prisés de Marrakech, ce  terrain exceptionnel offre une superficie totale de 989 m². le terrain est proposé au prix attractif de 45 000 DH/m², soit un excellent rapport qualité prix pour une localisation centrale et dynamique.

Idéal pour divers projets immobiliers R+5 ou commerciaux, ce terrain est idéal pour investissement stratégique dans un quartier réputé pour son activité et son accessibilité. Ne manquez pas cette opportunité rare d'acquérir un bien de valeur dans le quartier animé de Guéliz.

Pour plus d'informations ou pour organiser une visite, veuillez nous contacter",https://www.barnes-marrakech.com/images/produits/32f390b34b0a95873dcb767e75987926_27cf48833d_825-original.jpg,1,Professionnel,2026-09-30
84772647,barnes,terrain à vendre a la palmeraie palmariva Dar tounsi marrakech,https://www.barnes-marrakech.com/fr/vente/marrakech/84772647,Vente,Terrain,Marrakech,Palmeraie,830 000 EUR,8964000,10100,,,,Terrain de 10 100 m de Deux façades  . Ce terrain à vendre a la palmeraie palmariva Dar tounsi marrakech est très bien placé au milieu de belles propriétés. Terrain à vendre au prix de 830 000  EUROS,https://www.barnes-marrakech.com/images/produits/d6c756b237be5736c7c3335344da7707_4b27863a94_660-original.jpg,1,Professionnel,2026-09-30
84830514,barnes,SUPERBE VILLA DE CHARME SUR LA ROUTE DE L’OURIKA,https://www.barnes-marrakech.com/fr/vente/marrakech/84830514,Vente,Villa,Marrakech,Route d'Ourika,Prix Nous consulter,,10000,10,5,Air conditionné; Cheminée; Fenêtres coulissantes; Internet; Meublé; --; Abri de voiture; Éclairage extérieur; Puits; Maison de gardien; Piscine; Arrosage; Alarme; Gardien; Interphone; Vidéophone,"A Moins de 20 mns du centre villa, cette magnifique villa de 1300 M² établie sur un hectare de terrain paysagé est composée de plusieurs espaces de réception, une salle à manger, un office, une cuisine principale. 
La maison principale dispose de 5 suites dont une décaissée au rez-de-chaussée, disposant toutes de leur salle de bain respective. Pour accéder à l'étage, vous avez le choix entre les escaliers ou l'ascenseur prévu à cette effet. L'Atlas est visible depuis plusieurs chambres.
A l'extérieur, se trouve un pavillon invités composé de deux chambres avec salle de bain, et d'une piscine d'intérieur chauffée dans la deuxième partie du bungalow.
Autour de la piscine, un parc très bien entretenu accueille plusieurs sujets magnifiques tels que palmiers et oliviers centenaires.",https://www.barnes-marrakech.com/images/produits/5c35a240d9e906501d8a0ba439dfc431_470477e05f_1920-original.jpg,1,Professionnel,2026-09-30
84772129,barnes,Terrain a vendre de 13000 m à vendre circuit de la palmeraie,https://www.barnes-marrakech.com/fr/vente/marrakech/84772129,Vente,Terrain,Marrakech,Palmeraie,1 500 000 EUR,16200000,13000,,,,Terrain de 13000 m à vendre circuit de la palmeraie sur la route des idéal pour projet touristique restauration ou station. Ce terrain à la palmeraie est à vendre à 1200 dh le m,https://www.barnes-marrakech.com/images/produits/d6c756b237be5736c7c3335344da7707_4b27863a94_660-original.jpg,1,Professionnel,2026-09-30
84772193,barnes,Terrain à vendre proche golf palace circuit de la palmeraie marrakech,https://www.barnes-marrakech.com/fr/vente/marrakech/84772193,Vente,Terrain,Marrakech,Circuit Palmeraie,720 000 EUR,7776000,,,,Proximité Golf,Terrain à vendre proche golf palace circuit de la palmeraie prix actualisé en mai 2024. Ce terrain est à vendre à la palmeraie au prix de 720 000 euros,https://www.barnes-marrakech.com/images/produits/d6c756b237be5736c7c3335344da7707_4b27863a94_660-original.jpg,1,Professionnel,2026-09-30
85304531,barnes,Appartement À Vendre de Standing à 15 min du Centre-Ville de Marrakech,https://www.barnes-marrakech.com/fr/vente/marrakech/85304531,Vente,Appartement,Marrakech,Route de Ouarzazate,320 000 EUR,3456000,140,2,,Adoucisseur d'eau; Double vitrage; Fenêtres coulissantes; Internet; Meublé; Abri de voiture; Clôture; Éclairage extérieur; Ascenseur; Fibre optique; Gardien; Interphone; Piscine,"Offrez-vous un cadre de vie unique dans cet appartement spacieux de 140 m², situé dans une résidence sécurisée de prestige avec piscine.

Ce bien d’exception, vendu entièrement meublé, se compose de deux grandes chambres lumineuses, d’un vaste salon, et d’une cuisine moderne équipée. La terrasse offre une vue dégagée, idéale pour profiter des magnifiques couchers de soleil sur Marrakech.

À seulement 15 minutes du centre-ville, vous profiterez de la tranquillité de la résidence tout en restant proche de toutes les commodités. Sécurité 24h/24, espaces verts soignés, et une belle piscine pour vous détendre au quotidien.

Prix : à découvrir sur demande

Une occasion rare à ne pas manquer ! Contactez-nous pour une visite.",https://www.barnes-marrakech.com/images/produits/e8a52af71e3959a3a38308a38b247802_f23d6706e0_1920-original.jpg,1,Professionnel,2026-09-30
84749363,barnes,"Marrakech Route d'Amizmiz, Villa Type 2",https://www.barnes-marrakech.com/fr/vente/marrakech/84749363,Vente,Villa,Marrakech,Route D'Amizmiz,Prix Nous consulter,,1200,,,Aspiration centralisée; Cheminée; Double vitrage; Fenêtre aluminium; Fenêtres coulissantes; Internet; Éclairage extérieur; Télédistribution; --; Ventilation double flux; Gardien; Spa; Tennis; Abri de voiture; Portail électrique; Vidéophone,"Plus besoin de vous décrire de la route D’amizmiz, sa notoriété est acquise, Barnes Marrakech vous propose un projet unique sur l’un des plus beaux terrains de la Route.

MB5 Luxury vous propose ce projet haut de gamme de 18 villas sur un terrain de 3,5 hectares.

L’architecte Said Malouli, a mis tout son savoir-faire à l’élaboration de ce projet ambitieux, élégant tout en jouant des matières, des textures et des couleurs pour sublimer chaque villa mais en privilégiant également des terrains en justesse avec la taille des villas.

Simplicité très bien étudiée fait de ses villas des biens d’exception.

Barnes Marrakech vous propose ici les villas type 2 en vente à partir de 980.000,00€ hors frais",https://www.barnes-marrakech.com/images/produits/4af5c9e9dea11b3ca8c1e05033aab630_180e294774_1920-original.jpg,1,Professionnel,2026-09-30
84772288,barnes,Terrain à vendre proche hôtel Tikida sur le circuit de la palmeraie,https://www.barnes-marrakech.com/fr/vente/marrakech/84772288,Vente,Terrain,Marrakech,Circuit Palmeraie,1 010 000 EUR,10908000,,,,,Terrain à vendre proche hôtel Tikida sur le circuit de la palmeraie arboré de beaux palmiers ce terrain très bien placé à la palmerzie est à vendre à 1 010 000 euros,https://www.barnes-marrakech.com/images/produits/d6c756b237be5736c7c3335344da7707_4b27863a94_660-original.jpg,1,Professionnel,2026-09-30
84772253,barnes,Beau terrain  à vendre douar abiad  dans le circuit de la palmeraie à marrakech.,https://www.barnes-marrakech.com/fr/vente/marrakech/84772253,Vente,Terrain,Marrakech,Palmeraie,1 460 000 EUR,15768000,16000,,,,Beau terrain. De 16000 m à vendre douar abiad  dans le circuit de la palmeraie à marrzkech. Ce terrain est à vendre.,https://www.barnes-marrakech.com/images/produits/d6c756b237be5736c7c3335344da7707_4b27863a94_660-original.jpg,1,Professionnel,2026-09-30
84699300,barnes,PROPRIETE D’EXCEPTION A MARRAKECH – FRONT DE GOLF ET PRESTATIONS HAUT DE GAMME,https://www.barnes-marrakech.com/fr/vente/marrakech/84699300,Vente,Villa,Marrakech,Agdal,870 000 EUR,9396000,45,4,4,Cheminée; Double vitrage; Gardien; Vidéo surveillance,"Maison en Front de Golf à Vendre à Marrakech,
Agence immobilière à Marrakech, Barnes-Marrakech , spécialiste de l'immobilier de luxe vous propose de découvrir cette maison moderne à vendre en front de Golf,Édifiée sur un terrain de 1100m2, d'une surface d'environ de 400m2 couverts, cette propriété résolument moderne se compose de 4 chambres et 4 salles de bain.
Vous apprécierez l'espace vert du jardin, la pergola confortablement aménagée, les baies vitrées technal, la menuiserie haut de gamme de chez Kim et Garo et bien d'autres commodités.

Agence immobilière de luxe à Marrakech, Barnes-Marrakech, reste à votre entière disposition afin de vous accompagner lors de votre projet achat villa à Marrakech.",https://www.barnes-marrakech.com/images/produits/2886ba3cc511b6d1b529780f7262d997_b7cb2bfa73_1920-original.jpg,1,Professionnel,2026-09-30
84757151,barnes,RIAD DE CHARME A VENDRE A MARRAKECH,https://www.barnes-marrakech.com/fr/vente/marrakech/84757151,Vente,Riad,Marrakech,Mouassine,Prix Nous consulter,,150,4,4,Air conditionné; Cheminée; Piscine,"Splendide et rare Riad de 4 superbes chambres à la vente situé au cœur de Mouassine, un des quartiers les plus prisés de la Médina de Marrakech, à proximité de la célèbre Place Jemaa El Fna.
Superficie au sol de 150m2.
Véritable riad d’exception avec cette particularité d’avoir un beau grand patio ensoleillé ouvert avec piscine.
Au rdc:
- un sas d’entrée qui donne sur ce magnifique patio lumineux avec piscine
- ⁠une cuisine équipée avec une arrière-cuisine, zone de stockage
- ⁠une buanderie 
- ⁠une toilette invitée 
- ⁠un salon/sàm avec cheminée
- ⁠une chambre avec sdb
À l’étage :
- 3 très belles chambres avec sdb
Une superbe terrasse avec vue panoramique, espace pour dîner sous pergola, pièce de rangements.
Ce riad est un petit bijou situé au calme, vous entendrez le chant des oiseaux… tout en étant au cœur des sites touristiques et à 2 minutes à pied des Jardins Secrets.
Vous serez séduits par la décoration soignée, les incroyables hauteurs sous plafonds, la luminosité, les volumes, les espaces, la localisation.
Mêlant architecture contemporaine avec la touche marocaine, le coup de cœur sera garanti lors de la visite !",https://www.barnes-marrakech.com/images/produits/c4c441e187fd400ae78592bcaed2f2fa_c6d0e31464_1920-original.jpg,1,Professionnel,2026-09-30
84202986,barnes,Terrain villa 458 m² à Argan Golf Resort marrakech,https://www.barnes-marrakech.com/fr/vente/marrakech/84202986,Vente,Terrain,Marrakech,Route d'Amizmiz,250 000 EUR,2700000,458,,,Proximité Golf,"Nous proposons à la vente un lot terrain constructible, zone villas , avec jouissance de terrain en face, titré et viabilisé de 458 m², destiné à la construction d'une villa au sein du prestigieux projet d'Argan Golf Resort sur la Route d'Amizmiz
Présenté par BARNES MARRAKECH  agence immobiliere marrakech - immobilier luxe marrakech-vente villa marrakech",https://www.barnes-marrakech.com/images/produits/23845ccbc77b8dbac9a5d29398ec112c_12c133db4d_901-original.jpg,1,Professionnel,2026-09-30
85060899,barnes,"RIAD D’EXCEPTION A VENDRE MEDINA MARRAKECH – 600 M², PISCINE & 6 SUITES",https://www.barnes-marrakech.com/fr/vente/marrakech/85060899,Vente,Riad,Marrakech,Marrakech,Prix Nous consulter,,600,6,6,Piscine; Jardin; Spa,"Découvrez un riad contemporain d'une rareté absolue, offrant une surface au sol monumentale de 600 m². Articulé autour de deux patios majestueux, ce domaine dispose d'une piscine centrale, d'un jardin luxuriant et de 6 suites de prestige. Un espace aux volumes hors normes, idéal pour une demeure privée de maître ou un projet touristique de haut vol au cœur de Marrakech...",https://www.barnes-marrakech.com/images/produits/c94f6c76bd4d9ed926fbb8334d782458_a0f9b4bf13_1845-original.jpg,1,Professionnel,2026-09-30
84672299,barnes,TERRAIN TITRE DE 590 M² A BAB AYLEN – PROJET MAISON D’HOTES 5★ AUTORISE,https://www.barnes-marrakech.com/fr/vente/marrakech/84672299,Vente,Riad,Marrakech,Médina,Prix Nous consulter,,590,,10,Piscine; Parking; Ascenseur; Hammam; Spa,"Opportunité rare au cœur de la médina de Marrakech.
Terrain titré de 590 m² situé à Bab Aylen, bénéficiant d’un accord de principe du Ministère du Tourisme pour la réalisation d’une maison d’hôtes de standing 5★. Projet idéal pour investisseurs souhaitant développer un établissement haut de gamme dans un secteur recherché et facilement accessible.
Caractéristiques du projet :
- Projet de maison d’hôtes 5★ (possibilité d’exploitation en 4★)
- 10 suites
- Sous-sol complet dédié au bien-être avec grand spa
- 2 hammams
- 2 saunas
- 2 salles de massage
- Piscine
- Ascenseur
- Patio central
- Bassin au rez-de-chaussée
Le projet respecte le cahier des charges des établissements 5★, avec respect des façades extérieures traditionnelles.
Accessibilité exceptionnelle :
- Accès voiture directement devant le derb
- Parking à seulement 2 minutes à pied
- Quartier authentique et recherché de la médina
Le projet n’est pas encore définitivement autorisé, mais dispose d’un accord de principe du Ministère du Tourisme, facilitant fortement l’obtention des autorisations finales.
Prix : 15 000 DHS / m²
Produit rare sur le marché, idéal pour investisseurs ou porteurs de projets hôteliers haut de gamme souhaitant développer une maison d’hôtes de prestige au cœur de Marrakech.
Dossier complet et informations supplémentaires disponibles sur demande.",https://www.barnes-marrakech.com/images/produits/d8a541e14d7e6bea53fbc37db6877092_06ed1a4aae_1600-original.jpg,1,Professionnel,2026-09-30
84149073,barnes,APPARTEMENT DE STYLE A VENDRE A GUELIZ – CHARME ET EMPLACEMENT CENTRAL,https://www.barnes-marrakech.com/fr/vente/marrakech/84149073,Vente,Appartement,Marrakech,Guéliz,280 000 EUR,3024000,116,2,2,Air conditionné; Double vitrage; Fenêtre aluminium; Internet; Meublé; Stores électriques; Ascenseur; Concierge; Fibre optique; Interphone; Vidéo surveillance,"Barnes Marrakech vous propose dans un immeuble neuf, un charmant appartement vendu meublé. Il se compose d'une cuisine entièrement équipée (frigo, four, lave vaisselle, micro onde, machine à laver) de marque Bosch, de deux chambres avec deux salles de bain, d'une terrasse et d'une place de parking. Des matériaux de qualité ont été utilisé lors de la construction. Résidence de 14 appartements avec caméra de surveillance.",https://www.barnes-marrakech.com/images/produits/ac08f3ba8afe7118ae9993f4ddb2cf77_35c9ed7e92_1920-original.jpg,1,Professionnel,2026-09-30
84706314,barnes,"VILLA D’EXCEPTION A VENDRE A LA PALMERAIE – LUXE, ÉLEGANCE ET EXCLUSIVITE",https://www.barnes-marrakech.com/fr/vente/marrakech/84706314,Vente,Villa,Marrakech,Bab Atlas,3 500 000 EUR,37800000,3148,5,5,Volets roulants électriques; Piscine; Spa,"Située dans un des domaines les plus prestigieux de Marrakech, cette propriété pensée avec goût, se compose de plusieurs pièces de réception, salle à manger, 5 suites avec salle de bain et dressing, salle de jeux, cinema, spa... le tout sur deux niveaux accessibles par ascenseur.
D'une surface de 1100 m² habitable, cette demeure non moins exceptionnelle, aux volumes généreux, ne vous laissera pas indifférent.",https://www.barnes-marrakech.com/images/produits/06d1f5f4f0e2185a6da6fc7db289c697_69bb4232c8_1920-original.jpg,1,Professionnel,2026-09-30
83635285,barnes,ÉLEGANTE MAISON CONTEMPORAINE AVEC VNA – ROUTE D’AMIZMIZ,https://www.barnes-marrakech.com/fr/vente/marrakech/83635285,Vente,Villa,Marrakech,Route D'Amizmiz,1 349 900 EUR,14578920,10000,4,4,Gardien; Piscine; Meublé,"Dans la prisée route d'Amizmiz, se dresse une maison contemporaine offrant un cadre de vie somptueux. Cette maison de prestige, vous accueille avec quatre suites luxueuses, chaque espace conçu pour allier confort et raffinement. Imprégnée d'une esthétique contemporaine, la propriété s'étend sur un vaste parc paysager d'un hectare, où la nature s'entrelace harmonieusement avec l'architecture moderne. des assises dans le parc avec un coin berbere, pool house couvert, Les lignes épurées de la maison se marient parfaitement avec les éléments naturels environnants, offrant une expérience de vie fusionnant intérieur et extérieur. Chaque suite, conçue avec soin, offre une vue panoramique sur les jardins luxuriants, créant une atmosphère de tranquillité et d'évasion. Les espaces de vie généreux, baignés de lumière naturelle, invitent à la détente et à la convivialité. la villa dispose de trois suites au rez-de-chaussée, une à l'étage avec une vue exceptionnelle, maison du gardien, la villa est à 25 minutes du centre ville, Présenté par BARNES MARRAKECH agence immobiliere marrakech - immobilier luxe marrakech-vente villa marrakech",https://www.barnes-marrakech.com/images/produits/b67c4334ecc27cf7dd99eb049d5bde89_c0620b6ede_1920-original.jpg,1,Professionnel,2026-09-30
83697561,barnes,SOMPTUEUSE VILLA DE 4 SUITES EN PREMIERE LIGNE DE GOLF AU STYLE MAROCAIN CONTEMPORAIN,https://www.barnes-marrakech.com/fr/vente/marrakech/83697561,Vente,Villa,Marrakech,Agdal,1 244 900 EUR,13444920,773,4,4,Air conditionné; Double vitrage; Meublé; Volets roulants électriques; Abri de voiture; Arrosage; Barbecue; Éclairage extérieur; Concierge; Golf; Piscine,"Découvrez l'élégance intemporelle de notre villa marocaine, idéalement nichée en bordure d'un golf prestigieux à Marrakech, au rez-de-jardin on y retrouve un séjour sobre et chic avec son coin cheminée, un salon marocain raffiné et soigné, un accès à la piscine à débordement,

 à l'étage vous avez ses 4 suites somptueuses, notre demeure offre un équilibre harmonieux entre le style marocain authentique et une sophistication épurée. 

Chaque suite captivante est un hymne à l'artisanat local, mettant en valeur des détails raffinés et des touches de modernité. 

la vue est imprenable sur le parcours de golf et l'Atlas , notre villa offre une expérience de luxe inoubliable, conjuguant intimité, confort et l'art de vivre marocain. 

 également au sous sol, un hammam, une cuisine professionnelle bien équipées, une chambre pour le personnel,
Présenté par BARNES MARRAKECH  agence immobiliere marrakech - immobilier luxe marrakech-vente villa marrakech",https://www.barnes-marrakech.com/images/produits/3e6911aef461de0dc215bbe344ee084f_3dc80b957c_1920-original.jpg,1,Professionnel,2026-09-30
82855338,barnes,VILLA NEUVE A VENDRE – PROGRAMME NEUF ROUTE D’AMIZMIZ – PRESTATIONS HAUT DE GAMME,https://www.barnes-marrakech.com/fr/vente/marrakech/82855338,Vente,Villa,Marrakech,Route D'Amizmiz,850 000 EUR,9180000,1685,4,5,Cheminée,"Emplacement exceptionnel sur la route d'Amizmiz, cette résidence de 28 villas à l'architecture moderne, dans un environnement calme et agréable se situe à 10 mns du centre ville. Elle est composée de plusieurs types de villas, de 3 à 5 suites, avec une surface habitable d'au moins 500 m² jusqu'à 1685 m². Chaque villa à l'architecture moderne et épurée dispose d'un jardin avec piscine privée, hammam, salle de cinéma, pièce à vivre spacieuse avec belle hauteur sous plafond. Contactez nous pour en savoir plus! A partir de 750 000 Euros Présenté par BARNES MARRAKECH agence immobiliere marrakech - immobilier luxe marrakech-vente villa marrakech",https://www.barnes-marrakech.com/images/produits/dbc6baddd5d48463422bb9ee87f91f9a_e74b8ca4f3_1920-original.jpg,1,Professionnel,2026-09-30
82508788,barnes,Villa front de golf à Amélkis,https://www.barnes-marrakech.com/fr/vente/marrakech/82508788,Vente,Villa,Marrakech,Golf Amelkis,Prix Nous consulter,,1050,5,7,Cheminée; Éclairage extérieur; Golf; Piscine,"Villa neuve en front de GOLF de 700m2 avec grande piscine et salon immergé.

La villa se trouve en front de golf Amelkis 3. Exposée Sud avec une belle vue sur l’Atlas.

Elle comporte 5 chambres , 7 salles de bain, 1 grand salon marocain, 1 grand salon contemporain, 1 salle à manger , 1 grande cuisine , 1 Hammam , 1 salle de jeu et 1 de massage. 

Toute la villa est climatisée.

Elle se situe à environ 10 minutes de l’aéroport, du centre ville de Marrakech et de la gare.
Présenté par BARNES MARRAKECH  agence immobiliere marrakech - immobilier luxe marrakech-vente villa marrakech",https://www.barnes-marrakech.com/images/produits/9b32719b09e835edcc65653f362c5702_d9aae36ece_1024-original.jpg,1,Professionnel,2026-09-30
85573313,barnes,À VENDRE – ÉLEGANTE VILLA DE PRESTIGE A AMELKIS 2,https://www.barnes-marrakech.com/fr/vente/marrakech/85573313,Vente,Villa,Marrakech,Amelkis,2 010 000 EUR,21708000,920,4,4,Adoucisseur d'eau; Baignoire balnéo; Cheminée; Domotique; Double vitrage; Fenêtre aluminium; Fenêtres coulissantes; Internet; Meublé; --; Panneaux solaires; Thermostat connecté; Volets roulants électriques; Abri de voiture; Arrosage; Éclairage extérieur; Accès handicapé; Coffre-fort; Gardien; Interphone; Vidéo surveillance; Vidéophone; Piscine; Sauna,"Barnes Marrakech,

Nous vous invitons à découvrir cette magnifique maison à vendre située à Amelkis, Marrakech, à seulement 15 minutes du centre-ville.

Érigée sur un terrain de 940 m², cette propriété d'une superficie d'environ 720 m² construits bénéficie d'une magnifique orientation sud-ouest, offrant une vue imprenable sur les majestueuses montagnes de l'Atlas depuis sa terrasse à l'étage.

La villa se compose de quatre suites élégantes, dont une suite au rez-de-chaussée et trois à l'étage. Au sous-sol, vous trouverez un espace de bien-être complet, incluant une salle de cinéma, une salle de sport, ainsi qu'un splendide hammam beldi et une salle de massage. De plus, un logement pour le personnel est également disponible à ce niveau.

Les caractéristiques de cette maison incluent le chauffage au sol, un système de domotique avancé, un parquet en chêne posé par des artisans qualifiés, ainsi qu'un carrelage Porcelanosa. La villa est également équipée de 30 panneaux solaires, d'un système de sonorisation à la piscine, et d'un chauffage/refroidissement de piscine grâce à une pompe à chaleur importée de France de grande qualité.

Les généreux volumes des espaces de vie, ainsi que la qualité des finitions, raviront les amateurs de luxe.

Enfin, le jardin est harmonieusement arboré et soigneusement aménagé, créant ainsi un cadre idyllique.

Vous êtes à la recherche d’une maison à vendre à Amelkis, Marrakech ? Si cette propriété correspond à vos attentes, n’hésitez pas à nous contacter pour obtenir plus d’informations.

Barnes-Marrakech , Votre agence immobilière de luxe à Marrakech.",https://www.barnes-marrakech.com/images/produits/fb87b46c7774a4567e80a68601e6b4ac_0d057ba522_1920-original.jpg,1,Professionnel,2026-09-30
83602696,barnes,tres beau Riad meublé de 160 m² à Bab La Ksour MARRAKECH,https://www.barnes-marrakech.com/fr/vente/marrakech/83602696,Vente,Riad,Marrakech,Mouassine,Prix Nous consulter,,160,5,5,Piscine; Terrasse; Meublé; Spa; Cuisine équipée,"À vendre : Riad meublé de 160 m² à Bab La Ksour. Salon spacieux, cuisine équipée, salle à manger, piscine, cinq chambres avec salles d'eau privatives. Belle terrasse ensoleillée. Charme authentique, opportunité unique. Proche des commodités. Contactez-nous pour une visite. #RiadAVendre #BabLaKsour #ImmobilierMaroc #CharmeAuthentique
Présenté par BARNES MARRAKECH  agence immobiliere marrakech - immobilier luxe marrakech-vente riad marrakech",https://www.barnes-marrakech.com/images/produits/4e47caf779f39a91ea9eb12d72f8e8ec_618287594e_1920-original.jpg,1,Professionnel,2026-09-30
84662742,barnes,"SUPERBE VILLA A VENDRE A TARGA – CONFORT, ESPACE ET ÉLEGANCE",https://www.barnes-marrakech.com/fr/vente/marrakech/84662742,Vente,Villa,Marrakech,Targa,650 000 EUR,7020000,1300,6,6,Air conditionné; Cheminée; Internet; Barbecue; Clôture; Éclairage extérieur; Puits,"Jolie villa à vendre dans le quartier de targa sur une belle parcelle de 1300m2 sans vis à vis, offrant une surface habitable de 300m2 avec aussi une grande piscine 6mx12m très ensoleillée.
La maison est principalement de plain pied avec un séjour salle à manger lumineux qui dessert 5 chambres dont 3 de 25m2 avec leur salle de bain, une cuisine entièrement équipée.
La maison propose aussi une dépendance de 50m2 avec kitchinette, chambre, salon et salle à manger. 
Possibilité d'ajouter 4 chambres sur le toit. 
La villa dispose de son propre puit.",https://www.barnes-marrakech.com/images/produits/3c27dac6edca6fa340fc74adbff8faad_0ac16b7179_1920-original.jpg,1,Professionnel,2026-09-30
82390896,barnes,Villa d’exception à l’architecture octogonale – Route d’Ourika,https://www.barnes-marrakech.com/fr/vente/marrakech/82390896,Vente,Villa,Marrakech,Route d'Ourika,2 690 000 EUR,29052000,10000,9,2,Adoucisseur d'eau; Air conditionné; Meublé; Barbecue; Éclairage extérieur; Gardien; Vidéo surveillance; Piscine; Spa,"Située dans l’axe de la route d’Ourika, à seulement 20 minutes du centre de Marrakech, cette remarquable villa à l’architecture octogonale bénéficie d’une vue imprenable sur les montagnes de l’Atlas. Elle offre également un fort potentiel pour une exploitation en maison d’hôtes.
La propriété se compose d’une maison principale comprenant sept chambres et deux suites, harmonieusement articulées autour d’un patio central sublimé par une hauteur sous plafond spectaculaire de 10 mètres, apportant volume et luminosité à l’ensemble.
Un pavillon indépendant de plain-pied complète l’ensemble. Il dispose de deux chambres, d’un séjour avec cuisine ouverte, ainsi que d’un hammam et d’une salle de massage.
À l’extérieur, une piscine de 16 mètres et un jacuzzi s’intègrent parfaitement dans un magnifique parc arboré, offrant un cadre paisible et raffiné.",https://www.barnes-marrakech.com/images/produits/a84ed522089510fa595d37ed8f72e025_26066074e0_1920-original.jpg,1,Professionnel,2026-09-30
83601554,barnes,riad a vendre,https://www.barnes-marrakech.com/fr/vente/marrakech/83601554,Vente,Riad,Marrakech,Médina,Prix Nous consulter,,,4,4,Piscine; Terrasse; Parking; Spa,"riad contemporain situé dans le quartier Riad Laarouss à Marrakech :

Ce riad moderne de 124 m² dispose de 4 chambres et d'une décoration atypique. Organisé sur deux niveaux autour d'un vaste patio avec piscine, il est lumineux et accueillant. Le rez-de-chaussée comprend un salon, une salle à manger et une cuisine donnant sur la piscine. Au premier étage, deux chambres spacieuses sont reliées par une coursive, tandis que deux autres chambres se trouvent sur la terrasse, offrant une vue sur les toits de la médina et sur les montagnes de l'Atlas. Chaque chambre dispose de sa propre salle de bain. Le riad bénéficie d'un accès voiture et d'un parking proche, renforçant son potentiel locatif. Son emplacement stratégique près de nombreux monuments de la médina en fait une opportunité attractive pour les investisseurs et les propriétaires. En somme, c'est une combinaison parfaite de modernité et de charme traditionnel, idéalement située dans l'un des quartiers les plus recherchés de Marrakech.",https://www.barnes-marrakech.com/images/produits/9c146359629186e1fe3406ee72fab2fe_b6edaadbbb_1920-original.jpg,1,Professionnel,2026-09-30
82422139,barnes,Charmant appartement meublé en centre ville,https://www.barnes-marrakech.com/fr/vente/marrakech/82422139,Vente,Appartement,Marrakech,Guéliz,231 000 EUR,2494800,,2,2,Gardien; Meublé; Ascenseur,"Barnes Marrakech vous propose dans un immeuble neuf, un charmant appartement de 100m2 vendu meublé. Il se compose d'une cuisine entièrement équipée (frigo, four, lave vaisselle, micro onde, machine à laver) de marque Bosch, de deux chambres avec deux salles de bain, d'une terrasse et d'une place de parking. Des matériaux de qualité ont été utilisé lors de la construction. Résidence de 14 appartements avec caméra de surveillance.",https://www.barnes-marrakech.com/images/produits/09203d3860ae79722ee643559d9ee54b_fb413fc044_1920-original.jpg,1,Professionnel,2026-09-30
84223851,barnes,MAGNIFIQUE RIAD D’HABITATION A VENDRE,https://www.barnes-marrakech.com/fr/vente/marrakech/84223851,Vente,Riad,Marrakech,Marrakech,890 100 EUR,9613080,510,4,4,Air conditionné; Cheminée; Piscine; --; Spa,"Magnifique riad d’habitation luxueux titré de 4 suites merveilleuses avec chacune leur sdb privative à la vente dans un charmant derb du célèbre quartier du « Moukef »; proche du parking. 
Vous serez agréablement surpris dès votre arrivée par la grandeur de cette maison familiale ; les volumes des pièces, les finitions luxueuses, les matériaux nobles, l’architecture marocaine, les espaces de rangements, le confort.. ce riad a été optimisé au maximum grâce à toutes les prestations que vous trouverez..
Il offre de multiples possibilités pour les futurs acquéreurs.. soit une habitation privative luxueuse et si vous souhaitez en faire une affaire rentable; vous pouvez également habiter dans la douiria et louer les 3 autres chambres.. Ou encore en faire de la location court séjour en exclusivité !
D’une superficie au sol de 170m2 + une douiria; il se compose comme suit :
Au rdc:
- un SAS d’entrée (double porte)
- ⁠un très beau hall d’entrée (une cage d’ascenseur est prévue)
- ⁠un grand patio lumineux qui accueille une piscine chauffée de 5m x 1,90m
- ⁠une suite parentale 
- ⁠un grand salon/sàm avec cheminée (système chauffant comme dans les châteaux)
- ⁠une cuisine équipée 
- ⁠un économat avec coffre-fort dans le mur
À l’étage:
Magnifiques coursives avec des incroyables arcades qui ont été sculptées à la main, de beaux espaces de détente, de nombreux placards de rangements…
- d’une part, 2 grandes suites avec sdb
- ⁠de l’autre; la douiria aménagée en « Suite Royale » avec un salon dans un style inspiré de l’orientalisme..  un écran géant, une cheminée également avec un système de chauffage comme dans les châteaux.. et une terrasse privative.
Le rooftop: 
Une très belle grande terrasse aménagée comme suit:
- une cuisine d’été
- ⁠une salle de sport
- ⁠une toilette invités 
- ⁠une buanderie 
- ⁠un SPA avec cheminée, hammam, salle de massage ..
- un espace sous pergola en cèdre 
- ⁠un espace salon
- ⁠une pièce de rangements
- ⁠une sur terrasse à usage de solarium avec une vue panoramique à 360 sur toute la Médina de Marrakech
Ce riad a été totalement reconstruit par le propriétaire et est techniquement parfait ; il est équipé d’un système de vidéo surveillance, de climatisations/chauffage réversibles dans toutes les pièces, finitions luxueuses..

Présenté par BARNES MARRAKECH  agence immobiliere marrakech - immobilier luxe marrakech - vente riad marrakech",https://www.barnes-marrakech.com/images/produits/73087cd51e6f83aba7a3f912d6efc73e_93f8e24ccd_1920-original.jpg,1,Professionnel,2026-09-30
8013864,barnes,UN VERITABLE HAVRE DE PAIX À VENDRE A  MARRAKECH BAB ATLAS,https://www.barnes-marrakech.com/fr/vente/marrakech/8013864,Vente,Villa,Marrakech,Palmeraie,990 000 EUR,10692000,1350,4,4,Adoucisseur d'eau; Air conditionné; Cheminée; Double vitrage; Internet; Jacuzzi; Meublé; Volets roulants électriques; Abri de voiture; Arrosage; Clôture; Éclairage extérieur; Puits; Fibre optique; Maison de gardien; Télédistribution; Interphone; Portail électrique; Vidéo surveillance; Piscine,"BARNES MARRAKECH vous présente une villa plain pied  exceptionnelle de 4 suites à vendre sur Bab Atlas dans la palmeraie sur un terrain de 1350 m2,superficie unique pour le quartier, voisinage de renomme, pas de AVNA, accessible uniquement à la clientèle Marocaine.
Conception :    
Une Portée de 9 mètres dans la réception permet d’avoir un
volume de 90m2 sans poteaux et ainsi un espace de vie très
aéré et agréable!
3.20m de Hauteur sous plafond
Baie vitrée à galandage avec une hauteur de 2m60.
Zone jour se composant d'une entrée, salle à manger, toilettes invités, cuisine US équipée , salon avec cheminée à Insert INVICTA à multipoint de sortie d’air chaud,système à la fois économique et écologique., piscine à débordement 17*4 avec Jacuzzi chauffé, magnifique jardin, loge gardien, puit de profondeur 70 mètre, Bâche à eau pour la Villa de 20 m3. Fosse septique encastrée au sol avec triple déversoir. 3 filtres et un adoucisseur pour limiter l’effet du calcaire
Zone nuit : 4 magnifiques suites
Excellent investissement locatif

Présenté par BARNES MARRAKECH  agence immobiliere marrakech - immobilier luxe marrakech-vente villa marrakech",https://www.barnes-marrakech.com/images/produits/a7a412c55d1ada6c7dab4570fbcc8242_4008d94605_1920-original.jpg,1,Professionnel,2026-09-30
7618883,barnes,très belle villa de plain-pied avec VNA,https://www.barnes-marrakech.com/fr/vente/marrakech/7618883,Vente,Villa,Marrakech,Route de Sidi Abdellah Ghiat,1 700 000 EUR,18360000,550,4,4,Cheminée; Internet; Piscine,"Très belle réalisation marocaine au pieds de l'Atlas, à 30mn de Marrakech, construite sur un parc ultra paysagé de 1 hectare 2 ( 12 000 M), d'une végétation luxuriante, la villa est construite de plain pied et dispose d'une surface construite de 750m2 environ. Villa vendue complètement meublée mise à part quelques objets de décoration. Autours du patio s'articulent 4 suites spacieuses, salle de sport, terrain de tennis . Piscine de 17 Mètres, fontaine,  cuisine très moderne tout équipée, buanderie, logement personnel x2. Maison à voir absolument pour les amoureux de l'Atlas!!!!
Présenté par BARNES MARRAKECH  agence immobiliere marrakech - immobilier luxe marrakech-vente villa marrakech",https://www.barnes-marrakech.com/images/produits/bad9977eb756c4e53378f2ab8fe71551_f4a2cc4689_1276-original.jpg,1,Professionnel,2026-09-30
7903371,barnes,RIAD DE PRESTIGE AU CŒUR DE LA MEDINA – 18 CHAMBRES & EXCELLENT RENDEMENT,https://www.barnes-marrakech.com/fr/vente/marrakech/7903371,Vente,Riad,Marrakech,Médina,2 490 000 EUR,26892000,,18,18,Spa,"Saisissez une opportunité d'investissement rare dans la Médina de Marrakech. Cette maison d’hôtes de grande renommée se compose de trois riads communicants offrant 18 chambres et suites de prestige. Avec son restaurant, son SPA et son référencement exceptionnel, ce domaine garantit une superbe rentabilité immédiate. Un produit ""clés en main"" pour investisseur exigeant.",https://www.barnes-marrakech.com/images/produits/dcf0b6c3af1ba0773c16e1e0803d08c3_e98e3bacc2_1276-original.jpg,1,Professionnel,2026-09-30
7643622,barnes,Superbe villa en première ligne de golf,https://www.barnes-marrakech.com/fr/vente/marrakech/7643622,Vente,Villa,Marrakech,Route D'Amizmiz,2 500 000 EUR,27000000,1200,5,5,Adoucisseur d'eau; Air conditionné; Borne voiture électrique; Cheminée; Domotique; Double vitrage; Fenêtre aluminium; Fenêtres coulissantes; Internet; Jacuzzi; Meublé; Panneaux solaires; Stores; Vide sanitaire; Volets roulants électriques; Abri de voiture; Arrosage; Éclairage extérieur; Alarme incendie; Ascenseur; Fibre optique; Maison de gardien; Alarme; Gardien; Portail électrique; Vidéo surveillance; Vidéophone; Golf; Piscine; Spa,"Villa d'exception jouissant d'une vue dégagée sur golf d'une superficie construite de 1200m2 sur 3 niveaux.
Piscine sous sol chauffée de 10m x 3m avec pompe à chaleur et piscine au rdc de 14m x 3,5m, hammam beldi et salle de repos, salle de CrossFit à l’air libre et chambre d'invités.

Au rez de chaussée un vaste séjour avec un double salon, salon marocain en zellige fassi, espace salle à manger, terrasse avec sa piscine à débordement et revêtement en pierre de Bali. 

A l'étage, 4 chambres à coucher dont une grande suite parentale avec dressing et jacuzzi donnant sur le golf.

Equipements: Chauffage au sol central, cuisine de finition au rdc, cuisine principal au sous sol, climatisation central avec lots séparés, domotique au niveau de l’éclairage, les volets roulants et système de sonorisation, 50 panneaux photovoltaïques, la maison ne consomme rien en électricité chauffage et climatisation, ascenseur démarrant du sous sol à la terrasse. 

La villa peut être vendue avec son mobilier importé de grande marque, valeur justifiée sur facture de 450 000€.
Présenté par BARNES MARRAKECH  agence immobiliere marrakech - immobilier luxe marrakech-vente villa marrakech",https://www.barnes-marrakech.com/images/produits/9277553f2ab5d1c1d3ab61a8c53acf90_e23e6740df_1920-original.jpg,1,Professionnel,2026-09-30
84148033,barnes,PENTHOUSE D’EXCEPTION A VENDRE AU CŒUR DU QUARTIER MAJORELLE,https://www.barnes-marrakech.com/fr/vente/marrakech/84148033,Vente,Appartement,Marrakech,Guéliz,1 745 000 EUR,18846000,400,3,,Accès handicapé; Ascenseur; Vidéophone,"Penthouse de 3 chambres dans le prestigieux quartier de Majorelle

Au cœur de l'emblématique quartier de Majorelle, ce penthouse exquis incarne le summum du luxe et du raffinement. Niché au sommet d'un édifice prestigieux, cet appartement offre une vue imprenable sur les jardins verdoyants et les ruelles animées de cette enclave prisée de la ville.

Élégance et confort se rencontrent dans cet espace somptueux, où chaque détail a été soigneusement pensé pour offrir une expérience de vie incomparable. Les trois chambres spacieuses sont aménagées avec goût, offrant des espaces de repos privilégiés pour se détendre après une journée bien remplie.

La pièce maîtresse de cet appartement est sans aucun doute le vaste salon, baigné de lumière naturelle et agrémenté de finitions haut de gamme. Les larges baies vitrées encadrent une vue à couper le souffle, tandis que la terrasse privée offre un espace idéal pour se divertir en plein air ou simplement profiter des magnifiques couchers de soleil sur la ville.

La cuisine entièrement équipée ravira les amateurs de gastronomie, offrant un cadre parfait pour préparer et savourer des repas mémorables en famille ou entre amis. De plus, les équipements modernes et les commodités haut de gamme assurent un mode de vie luxueux et pratique.",https://www.barnes-marrakech.com/images/produits/6d67b83107e166779d897405aa9b2b9e_17710da398_1920-original.jpg,1,Professionnel,2026-09-30
8205641,barnes,Riad en exploitation maison d’hôtes à vendre à deux minutes à pieds de la Place Jemaa El Fna,https://www.barnes-marrakech.com/fr/vente/marrakech/8205641,Vente,Riad,Marrakech,Derb Dabachi,680 100 EUR,7345080,200,5,5,Piscine; Climatisation; Spa; Solarium,"« Riad en exploitation maison d’hôtes à vendre à deux minutes à pieds de la Place Jemaa El Fna »

D’une superficie au sol de 200m2, il se compose comme suit :

Au rdc:

1 Entrée avec bureau de réception 
1 Cabinet de toilette visiteurs 
1 Beau grand patio lumineux avec piscine
1 Chambre avec sdb privative 
1 Grande cuisine 
1 Salle à manger 
1 Salon
1 Salle à manger 
1 Économat

Au 1er étage:

4 chambres & suites avec leur sdb privative 

Rooftop:

- 1 Buanderie
- 1 Cuisine d’été 
- 1 Espace dîner sous pergola 
- 1 Espace salon sous pergola 
- 1 Solarium 

Riad titré
Climatisation/Chauffage réversible dans toutes les pièces
Présenté par BARNES MARRAKECH  agence immobiliere marrakech - immobilier luxe marrakech-vente riad marrakech",https://www.barnes-marrakech.com/images/produits/6af02db234156d2f0bc7786a4df372c0_404edcfbdb_1920-original.jpg,1,Professionnel,2026-09-30
7975626,barnes,Splendide riad d’habitation luxueux,https://www.barnes-marrakech.com/fr/vente/marrakech/7975626,Vente,Riad,Marrakech,Dar El Bacha,590 100 EUR,6373080,108,4,2,Air conditionné; Cheminée,"Splendide riad d’habitation luxueux « titré » d’une superficie au sol de 108m2, 192m2 construits; sur 3 niveaux; 3 chambres (possibilité 4); à proximité de la Maison Arabe dans le quartier très prisé de Bab Doukkala, dans un très joli derb qui regorge de très belles maisons d’hôtes, à 2 pas de l’entrée de Dar El Bacha à la vente! 

Cette merveille se compose comme suit:

Au rdc:
- 1 hall d’entrée 
- 1 zone de réception composée d’un patio avec fontaine plate centrale
- 1 salon 
- 1 british lounge avec son bar
- 1 cuisine équipée 
- 1 salon avec cheminée 
- 1 salle à manger 
- 1 toilette visiteurs 

Au 1er étage:
- 2 suites avec sdb privative, cheminée
- 1 chambre avec sdb privative 
- 1 bureau 

Au 2ème étage:
Ce troisième niveau est dédié au Spa qui se compose comme suit:
- 1 salle de massage, douche 
- 1 salle de repos 
- 1 jacuzzi (210x140)
- 1 sauna + 1 autre douche
- 1 cabinet de toilette 
- 1 vestiaire 
- 1 petit jardin suspendu équipé d’un lit pour bain de soleil
- 1 zone de stockage, rangement (matériel de maintenance)
- 1 buanderie équipée, lave-linge, sèche-linge, placards de rangements 

Rooftop:
- 1 espace repas
- 1 espace salon, coin apéritif 
- 1 espace renferme également le « box » technique avec les pompes, la chaufferie, un réservoir d’eau.

Aspects techniques: 
- le riad est équipé en courant triphasé 380 volts et les trois phases sont réparties pour chaque étage
- chaque étage dispose d’un tableau électrique 
- le riad dispose de 8 climatiseurs réversibles (Split)
- une pompe de circulation (Booster)
- chaque étage dispose d’au moins un réfrigérateur 
- au rdc, le hall d’entrée dispose de deux pompes de relevage en duo avec auto-commutation (en cas de besoin), jamais utilisé 
- la kitchenette du rooftop dispose d’un four micro-ondes sensitif, d’un réfrigérateur, d’un congélateur, vaisselle en poly carbonate…
- le réservoir d’eau est installé au niveau du box technique et contient de l’eau potable (2.000L)
- le chauffe-eau thermodynamique (Steibel-Eltron); la cuve est protégée et ne nécessite pas d’entretien car elle dispose d’une anode à courant imposé; sécurité maximale et économie d’entretien.
Groupe de produits A+.

Acquérir cette superbe demeure sera aussi s’approprier d’une histoire magnifique.
Coup de cœur assuré lors de la visite!
Présenté par BARNES MARRAKECH  agence immobiliere marrakech - immobilier luxe marrakech-vente riad marrakech",https://www.barnes-marrakech.com/images/produits/e27cebe6b92761c2d7cb862081dc3324_24931f17cd_1276-original.jpg,1,Professionnel,2026-09-30
7208187,barnes,DOMAINE D’EXCEPTION DE 4 HECTARES AVEC VUE IMPRENABLE SUR L’ATLAS – OURIKA MARRAKECH,https://www.barnes-marrakech.com/fr/vente/marrakech/7208187,Vente,Villa,Marrakech,Route de l'Ourika,Prix Nous consulter,,2000,10,10,Gardien; Piscine; Meublé; Cheminée,"À seulement 20 minutes de l'agitation de Marrakech, découvrez un chef-d’œuvre de l’immobilier de luxe niché sur la route de l’Ourika. Ce domaine unique de 4 hectares offre un panorama frontal sur les cimes enneigées de l'Atlas. Entre un plan d’eau majestueux de 5 000 m² et un parc paysagé luxuriant, la villa principale s'impose par son architecture minimaliste et sa piscine de 50 mètres. Un refuge confidentiel alliant domotique de pointe et sérénité absolue...",https://www.barnes-marrakech.com/images/produits/da9c83f551556351b3342995f388a047_f6282084c3_1920-original.jpg,1,Professionnel,2026-09-30
7411838,barnes,SUPERBE APPARTEMENT DANS UNE RESIDENCE DE STANDING,https://www.barnes-marrakech.com/fr/vente/marrakech/7411838,Vente,Appartement,Marrakech,Route de Ouarzazate,370 000 EUR,3996000,133,2,2,Gardien; Meublé; Ascenseur,"Nous vous proposons un appartement de style dans une résidence à 20 min du centre. L'appartement de 133m2 vous propose deux chambres avec deux salles de bain, une cuisine entièrement équipée et fermée. Un grand séjour avec une belle terrasse offrant une vue sur les montagnes de l'Atlas. L'appartement est vendu meublé et avec un grand garage de 35m2 pouvant accueillir 2 véhicules. La résidence dispose d'une grande piscine, d'un restaurant sur site, elle est très bien arborée et sécurisée 24/7.",https://www.barnes-marrakech.com/images/produits/ac9b7bfed6048f140b58613d0936f582_75293e096f_1276-original.jpg,1,Professionnel,2026-09-30
6568752,barnes,PALAIS D’EXCEPTION DAR EL BACHA MARRAKECH – 12 CHAMBRES & SPA HAUT DE GAMME,https://www.barnes-marrakech.com/fr/vente/marrakech/6568752,Vente,Riad,Marrakech,Mouassine,Prix Nous consulter,,800,12,12,Piscine; Meublé; Cheminée,"Investissez dans l'adresse la plus prestigieuse de la Médina : Dar El Bacha. Ce palais d’hôtes titré de 800 m² allie tradition marocaine et rentabilité exceptionnelle. Avec ses 12 suites, son centre de spa complet et ses deux piscines, ce Riad d'exception bénéficie d'excellentes références. Une opportunité rare pour acquérir une maison d'hôtes opérationnelle dans le quartier le plus chic de Marrakech.",https://www.barnes-marrakech.com/images/produits/4a6d19c040e254cbbaf416d793551280_da11c8ecea_1280-original.jpg,1,Professionnel,2026-09-30
82390709,barnes,MAGNIFIQUE PROPRIETE FRONT GOLF A AMELKIS 1- MARRAKECH,https://www.barnes-marrakech.com/fr/vente/marrakech/82390709,Vente,Villa,Marrakech,Golf Amelkis,Prix Nous consulter,,3800,7,7,Air conditionné; Panneaux solaires; Abri de voiture; Éclairage extérieur; Ascenseur; Gardien; Golf; Piscine,"Cette propriété d exception, d environ 800 m2, s étend sur un terrain de 3800 m2, au cœur du domaine d Amelkis 1, connu pour son prestigieux golf, à 15 mns du centre ville.
Orientée plein sud, première ligne de golf, cette villa aux charmes mauresques vous accueille avec son patio arabo andalous qui vous mène aux différents espaces de réception, salle à manger, salon, salon-bibliothèque aux grandes baies vitrées avec vue sur le jardin.
A l'étage, la partie nuit. On y accède en empruntant l'ascenseur ou les escaliers. Vous y trouvez deux belles suites et cinq chambres, chacune disposant de sa salle de bain. Ce mélange d architecture moderne et orientale donne à la villa beaucoup de caractère. Parc luxuriant et verdoyant. Face à la piscine chauffée, un pavillon composé d un hammam et petit salon.

Côté technique….
Panneaux solaires, cuisine chambre froide, local technique, logement du personnel, chauffage central, parking privé
Présenté par BARNES MARRAKECH  agence immobiliere marrakech - immobilier luxe marrakech-vente villa marrakech",https://www.barnes-marrakech.com/images/produits/3b4582cd765ab9efe811a659d4fca6ac_aa06d9a018_1920-original.jpg,1,Professionnel,2026-09-30
6349070,barnes,SOMPTUEUSE PROPRIETE CONTEMPORAINE D’EXCEPTION – PALMERAIE DE BAB ATLAS,https://www.barnes-marrakech.com/fr/vente/marrakech/6349070,Vente,Villa,Marrakech,Bab Atlas,2 200 000 EUR,23760000,950,5,5,Piscine; Jardin; Terrasse; Climatisation; Hammam; Spa; Cheminée; Solarium,"Très belle propriété, située au cœur de la Palmeraie, dans le prestigieux quartier de Bab Atlas. Cette maison moderne, aux finitions impeccables, est édifiée sur un terrain de 5 000 m² et développe près de 950 m² habitables. Une attention toute particulière a été portée aux détails ainsi qu’à la qualité des matériaux, offrant des prestations haut de gamme et un confort absolu. La propriété comprend cinq superbes suites, ainsi qu’un vaste salon avec cheminée, élégamment habillé de bois, attenant à une salle à manger raffinée. La villa est vendue avec une cuisine entièrement équipée, de larges terrasses aménagées et un solarium. Une cheminée extérieure permet également de profiter pleinement des espaces extérieurs durant les mois d’hiver. Parmi les prestations premium : chauffage au sol, climatisation réversible chaud/froid, système de distribution audio, double vitrage, ainsi qu’un magnifique espace bien-être comprenant un spa, un hammam, un sauna et une salle de sport. Le jardin, entièrement paysagé, abrite une splendide piscine de plus de 300 m². Le sous-sol dispose de deux chambres pour le personnel, de locaux techniques, de celliers et d’une buanderie. Pour plus d’informations ou pour organiser une visite, merci de nous contacter. Présenté par BARNES MARRAKECH – Agence immobilière à Marrakech, spécialiste de l’immobilier de luxe et de la vente de villas à Marrakech.",https://www.barnes-marrakech.com/images/produits/dbb2d0107ab5b123f77aec69aa56a64c_ccb9dd8814_1276-original.jpg,1,Professionnel,2026-09-30
7201589,barnes,Maison d'Hôtes  à vendre au cœur de la palmeraie Bab Atlas 15 CHAMBRES ET SUITES,https://www.barnes-marrakech.com/fr/vente/marrakech/7201589,Vente,Villa,Marrakech,Bab Atlas,2 790 000 EUR,30132000,,15,4,Gardien; Piscine; Meublé; Cheminée,"Superbe Maison d'hôtes, sobre et élégante au service hôtelier enserrant une vaste piscine bleu azur , des palmiers, orangers, grenadiers, oliviers, lauriers, bougainvilliers sont ordonnés avec art et délicatesse créant ainsi un refuge végétal aux multiples espèces d'oiseaux dont les chants mélodieux sont une invitation à la détente et au repos. Le luxe discret de la Villa et de son mobilier néo colonial enchantera les amateurs de tranquillité et de sérénité. Le dépaysement dans cette atmosphère à la « Out of Africa » est assuré. Elle se compose de : 4 Suites dont 3 avec terrasses et 1 avec 1 menzeh, chacune avec dressing, Salle de bain et toilette séparée, climatisation réversible et chauffage central, tv écran plat, coffre-fort, sèche-cheveux 2 Chambres standard chacune avec dressing, salle de bain, wc, accès terrasse, , climatisation réversible, chauffage central, TV satellite, écran plat, coffre-fort, sèche-cheveux, volets et rideaux 3 Suites attenantes au bâtiment principal dont une aux normes pour handicapées de chacune avec dressing, salle de bain, wc,, climatisation réversible, chauffage central, tv écran plat, coffre-fort, sèche-cheveux (Salle de bain accessible par des personnes en fauteuil roulant) 4 Suites indépendantes aux décors ethniques au sein d'un oasis de verdure avec une piscine façon bassin : 2 Suites lit king size possibilité twins plus 1 lit supplémentaire, salle de douche et wc, sèche-cheveux, coffre-fort et climatisation réversible 2 Suites lit King size possibilité twins plus 2 lits supplémentaires, salle de douche, wc, sèche-cheveux, coffre-fort et climatisation réversible 4 Chambres chacune avec salles de bain autour d'une salle à manger sous verrière, salon, terrasses et piscine privative de 12 x 5 : 1 Chambre lit king size possibilité en twin avec salle de douche et wc, sèche-cheveux, climatisation réversible et chauffage central 1 Chambre lit king size avec salle de douche et wc, sèche-cheveux, climatisation réversible et chauffage central 2 Chambres lit king size possibilité twin avec salle de douche et wc commune, sèche-cheveux, climatisation réversible et chauffage central Cheminées dans les chambres et suites Bar Salons dont un avec cheminée Bibliothèque Salle à manger intérieure Cuisine équipée Autres : Piscine principale de 110 m2 chauffable en 2 jours Transats et parasols Jardin arboré Salle à manger extérieure Salons extérieurs TV satellite 5 Terrasses dont une couverte chauffée Accès internet Wi Fi gratuit Chauffage central + climatisation réversible Parking privé Sèche-cheveux Spa : Hammam double avec chambre tiède et chambre chaude Salle de massage Salle de fitness Visites sur rdv à prévoir plusieurs semaines à l'avance car souvent privatisée",https://www.barnes-marrakech.com/images/produits/cf9723c3f84739ef600d5378abb90aa6_05522e1e55_1200-original.jpg,1,Professionnel,2026-09-30
5259225,barnes,Maison à vendre front de golf,https://www.barnes-marrakech.com/fr/vente/marrakech/5259225,Vente,Villa,Marrakech,Agdal,750 000 EUR,8100000,430,4,4,Piscine; Meublé; Golf; Cheminée,"Situé sur un golf au porte du centre-ville cette belle villa moderne au beau espace avec son jardin privatif et sa piscine comprend: Une entrée sur patio , grande réception avec cheminée, salle à manger, grande cuisine équipée ouverte sur le séjour, toilette invitée, ,garage voiture. Au 1er étage: 1 master chambre avec salle de bain et grand dressing, une grande terrasse panoramique ,2 chambres avec salle d'eau. Climatisation réversible , matériaux de qualité . Présenté par BARNES MARRAKECH agence immobiliere marrakech - immobilier luxe marrakech-vente villa marrakech",https://www.barnes-marrakech.com/images/produits/6955da751e06d0162a0925dd31ceab5a_025b72b270_1276-original.jpg,1,Professionnel,2026-09-30
7615462,barnes,MAGNIFIQUE PROPRIÉTÉ A VENDRE A 5 MN DE L'AÉROPORT,https://www.barnes-marrakech.com/fr/vente/marrakech/7615462,Vente,Villa,Marrakech,Agdal,1 349 900 EUR,14578920,1700,5,5,Air conditionné; Cheminée; Double vitrage; Internet; Meublé; Volets roulants électriques; Abri de voiture; Arrosage; Barbecue; Clôture; Éclairage extérieur; Puits; Ascenseur; Fibre optique; Gardien; Interphone; Portail électrique; Golf; Piscine,"Magnifique propriété à vendre sur 1700 m2 de terrain et 700 m2 habitable, à proximité de l'atlas golf (9 troues), sur un étage. 
 Au rez de chaussée un très grand séjour avec sa cheminée donnant sur la piscine, grande veranda, salle à manger, cuisine équipée, grand jardin, parking pour au moins 5 voitures, loge gardien, loge femme de ménage, ascenseur pour accéder aux 5 suites, balcon communiquant, emplacement stratégique pour la location.

Présenté par BARNES MARRAKECH  agence immobiliere marrakech - immobilier luxe marrakech-vente villa marrakech",https://www.barnes-marrakech.com/images/produits/1e1f17ef8bdbf7bc607a980d3553dc06_d0caa20228_1276-original.jpg,1,Professionnel,2026-09-30
4930110,barnes,MAGNIFIQUE MAISON DE VILLE A AGDAL MARRAKECH,https://www.barnes-marrakech.com/fr/vente/marrakech/4930110,Vente,Villa,Marrakech,Agdal,1 579 900 EUR,17062920,2000,4,4,Piscine,"Très belle propriété dans le domaine résidentiel sécurisé ""des parcs de l'Agdal"" édifiée sur un terrain arboré de 2000 m2 avec 500 m² habitables. Composée d’un spacieux séjour avec cheminée et salle à manger d’environ 200 m2, toilette, 3 belles chambres avec salles de bains et une terrasse avec accès jardin. Cuisine équipée avec terrasse et espace personnel , chambre et salle de bain pour le personnel. Premier étage : Une grande chambre principale avec salle de bain complète, dressing et terrasse privée. Sortie sur une autre grande terrasse donnant sur l'atlas. Piscine privée, conciergerie et parking. Le domaine dispose d'une piscine commune, paddle, squash, espace enfants et d'une salle de sport. Présenté par BARNES MARRAKECH agence immobiliere marrakech - immobilier luxe marrakech-vente villa marrakech",https://www.barnes-marrakech.com/images/produits/70a36f171b7f0567e5fc005a2cc23379_9881e6e950_1276-original.jpg,1,Professionnel,2026-09-30
5307582,barnes,Palais oriental dans un beau secteur de la palmeraie Dar Tounsi de MARRAKECH à vendre .,https://www.barnes-marrakech.com/fr/vente/marrakech/5307582,Vente,Villa,Marrakech,Dar Tounsi,4 200 000 EUR,45360000,1500,9,3,Air conditionné; Baignoire balnéo; Cheminée; Internet; Jacuzzi; Maison de gardien; Abri de voiture; Arrosage; Barbecue; Éclairage extérieur; Forage; Puits; Gardien; Interphone; Portail électrique; Piscine; Sauna; Spa,"Cette élégante propriété de style Marocain moderne est implantée sur un parc paysagé d’un hectare .

Elle dispose d’une villa principale avec un beau patio , comprenant un salon de jeu, un salon cheminée, une salle à manger et un grand salon véranda ainsi que 3 suites juniors.
A l’étage deux jolies suites et une très grandes terrasse complètent cette villa .
Côté jardin , on trouve devant une superbe piscine un grand salon de réception et de fête, 3 suites indépendantes, un superbe spa avec hammam et salle massage, une salle de sport , un jacuzzi au milieu des palmiers. 
La propriété est doté de plusieurs cuisines et de logements du personnels ainsi que divers dépendances, elle correspond à un projet commercial type palais d’hôtes et familial .
Présenté par BARNES MARRAKECH  agence immobiliere marrakech - immobilier luxe marrakech-vente villa marrakech",https://www.barnes-marrakech.com/images/produits/2844102cdfc175ee190405c8f87ef99d_209888b9ae_1276-original.jpg,1,Professionnel,2026-09-30
4708305,barnes,SUPERBE MAISON D’HOTES A VENDRE A MARRAKECH – CHARME ET AUTHENTICITE,https://www.barnes-marrakech.com/fr/vente/marrakech/4708305,Vente,Riad,Marrakech,Ryad Laarouss,980 000 EUR,10584000,275,8,2,Piscine; Terrasse; Cheminée,Magnifique Maison d'hôtes située à Sidi Slimane dans la médina approximée de toutes commodités d'une superficie de 275 m2 Elle dispose au Rez-de-chaussée : -2 suites avec une cheminée -2 chambres avec deux salles de bains -cuisine -local technique(piscine) -WC -une piscine Etage: -deux suites avec une cheminée -une suite avec une cheminée -un salon -local technique Terrasse: -deux chambres / salles de bains Une grande terrasse aménagée. Présenté par BARNES MARRAKECH agence immobiliere marrakech - immobilier luxe marrakech-vente riad marrakech,https://www.barnes-marrakech.com/images/produits/c2ce23c80f08205e982d671439b59337_71d0322532_1276-original.jpg,1,Professionnel,2026-09-30
4661035,barnes,Impressionnante villa contemporaine,https://www.barnes-marrakech.com/fr/vente/marrakech/4661035,Vente,Villa,Marrakech,Route D'Amizmiz,2 300 000 EUR,24840000,2000,6,6,Gardien; Piscine; Meublé; Cheminée,"Impressionnante villa contemporaine de 750m², sur un terrain de 2000m², piscine chauffée de 30 mètres de long 6 chambres, une salle de cinéma, un hammam, la maison est chauffée avec un plancher chauffant, chaudière biomasse et système de climatisation brizzair qui réduit les coûts d'exploitation de plus de 60%. la propriété est située au km 7 de la route d'Amizmiz, 6 parcours de golf sont à moins de 7 minutes en voiture. La plupart des matériaux utilisés pour la construction proviennent d'Europe. Présenté par BARNES MARRAKECH agence immobiliere marrakech - immobilier luxe marrakech-vente villa marrakech",https://www.barnes-marrakech.com/images/produits/1297b932395bcfa250dd865421802e19_461372402f_1200-original.jpg,1,Professionnel,2026-09-30
3722396,barnes,Riad maison d’hôtes a vendre a marrakech,https://www.barnes-marrakech.com/fr/vente/marrakech/3722396,Vente,Riad,Marrakech,Ryad Laarouss,Prix Nous consulter,,141,6,6,Terrasse; Cheminée,"Situé à 5 min de Dar Bacha d''une superficie de 181m2 et 31m2 la petite douiria RDC: entrée hall ,un patio,un bhol,une bagagerie,un wc,une chambre salle de bains,un salon salle à manger cheminée,cuisine,un cellier avec monte plat,une cave Etage: quatre chambres salles de bains,un patio, Douiria :un wc,un hall ,une porte de sortie. Terrasse : une lingerie ,un chambre salle de bains,une terrasse,un bassin. Présenté par BARNES MARRAKECH agence immobiliere marrakech - immobilier luxe marrakech-vente riad marrakech",https://www.barnes-marrakech.com/images/produits/8d98f614fa25939b1dc57ef0cf91dee4_f4719cc979_1276-original.jpg,1,Professionnel,2026-09-30
3615073,barnes,Riad maison d’hôtes a vendre,https://www.barnes-marrakech.com/fr/vente/marrakech/3615073,Vente,Riad,Marrakech,Ryad Laarouss,1 049 900 EUR,11338920,472,9,1,Piscine,"Situé  à  Bab Doukkala à 100m du parking.
 
Deux riads communiquant mais différents exploités en maison d'Hôtes .
 
Premier riad style Rabat / Meknès :
 
RDC : salon ,salle à manger ,patio ,bureau / réception, cuisine ,salle de massage ,grand bassin jacuzzi, une chambre .
Etage :3 chambres , une suite 
Terrasse : Grande terrasse arborée (aménagée) . 
Un couloir communiquant : deux toilettes 
 
Deuxième riad style Tanger :
 
RDC : salon, patio ,une chambre ,piscine 
Etage : 3 chambres 
Terrasse : arborée (aménagée)
 
Toutes les chambres possèdent : salle de bain ,cheminée , climatisation réversible .

Présenté par BARNES MARRAKECH  agence immobiliere marrakech - immobilier luxe marrakech-vente riad marrakech",https://www.barnes-marrakech.com/images/produits/8b59887b4d751913213d67d6e285ad2f_d2db3a02b4_1276-original.jpg,1,Professionnel,2026-09-30
7524023,barnes,"idéalement situé au cœur historique de la ville, niché autour de la Place des Épices",https://www.barnes-marrakech.com/fr/vente/marrakech/7524023,Vente,Riad,Marrakech,Mouassine,750 000 EUR,8100000,186,5,3,Terrasse; Climatisation; Spa; Cuisine équipée; Solarium,"idéalement situé au cœur historique de la ville, niché autour de la Place des Épices, proche de la célèbre Place Jemaa El Fna, dans le quartier Rahba Lakdima, nous proposons ce riad de rêve à la vente d’une superficie de 186m2. Il se distingue par son architecture atypique, ses volumes et son beau patio très lumineux. Au rdc: - un patio avec bassin - deux chambres avec sdb privative - un bhou (salon ouvert sur patio) - une cuisine équipée - un cabinet de toilette pour les visiteurs Au premier étage: - 3 suites décorées avec goût avec chacune leur sdb La terrasse sur le toit dispose de divers espaces de détente; un espace solarium, un espace salon sous pergola, un espace à manger. Une vue panoramique sur la Medina et les montagnes de l’Atlas. Ce riad détient les licences d’exploitation et de de classification « Maison d’hôtes ». Bien titré. Chauffage/ Climatisation réversible dans toutes les pièces. Présenté par BARNES MARRAKECH agence immobiliere marrakech - immobilier luxe marrakech-vente riad marrakech",https://www.barnes-marrakech.com/images/produits/209411519a77fa8dab5df1d22fd69ed8_fd6826bac5_1276-original.jpg,1,Professionnel,2026-09-30
3783380,barnes,Riad maison d’hôtes a vendre a marrakech,https://www.barnes-marrakech.com/fr/vente/marrakech/3783380,Vente,Riad,Marrakech,Ryad Laarouss,Prix Nous consulter,,128,6,6,Piscine; Meublé; Cheminée,"Situé à 5 min de la place des épices et 5min de Dar Bacha d'une superficie de 128 M2 Maisons d'hôtes de 6 chambres . RDC: entrée, réception, un patio,2 chambres avec salle de bains, salon salle à manger, une cuisine équipée, un WC, une fontaine 1er étage: Trois chambres avec salle de bains, 1 bureau,un hammam, Terrasse aménagée :plusieurs fontaines, un bassin,une chambre salle de bains ,une cuisine . Riad vendu meublé. Riad équipé de climatisation réversible Très bon chiffres d'affaires Présenté par BARNES MARRAKECH agence immobiliere marrakech - immobilier luxe marrakech-vente riad marrakech",https://www.barnes-marrakech.com/images/produits/228e9a51ffac9ed44f3988151defe12b_cbaf264b86_1276-original.jpg,1,Professionnel,2026-09-30
3720603,barnes,Villa Moderne de plain-pied de 5 chambres,https://www.barnes-marrakech.com/fr/vente/marrakech/3720603,Vente,Villa,Marrakech,Route de l'Ourika,745 000 EUR,8046000,300,5,5,Gardien; Piscine,"Au style moderne, Cette villa épurée, de 5 Chambres et de plain-pied dans resort à taille humaine, vous propose des prestations haut de gamme, isolation phonique et thermique, marbre haut de gamme climatisation gainable, double vitrage, piscine chauffée, excellente rentabilité locative, à seulement 11 kms du centre de Marrakech. Présenté par BARNES MARRAKECH agence immobiliere marrakech - immobilier luxe marrakech-vente villa marrakech",https://www.barnes-marrakech.com/images/produits/1ce31f29bfb21f1483605968b62b4a29_b7534136fa_720-original.jpg,1,Professionnel,2026-09-30
5234855,barnes,Villa contemporaine de luxe avec piscine à débordement à vendre sur la route de l'Ourika à Marrakech - Agence immobilière,https://www.barnes-marrakech.com/fr/vente/marrakech/5234855,Vente,Villa,Marrakech,Route de l'Ourika,1 190 000 EUR,12852000,2350,4,4,Gardien; Piscine; Meublé; Cheminée,"À la recherche d'une villa contemporaine de luxe à Marrakech ? Ne cherchez pas plus loin que cette magnifique propriété située sur la route de l'Ourika, à seulement 15 minutes de la ville. Avec ses 450 mètres carrés de surface habitable et son terrain de 2350 mètres carrés, cette villa de luxe est idéale pour ceux qui cherchent à allier modernité et tradition dans un cadre tranquille et confortable. Cette villa exceptionnelle dispose de 4 chambres avec salle d'eau ou salle de bain individuelle et dressing, et d'un système d'air conditionné canalisé préinstallé. Le tout est meublé avec goût, en mariant subtilement matériaux nobles et touches berbères, pour offrir un espace de vie ouvert comprenant salons, salle à manger et cuisine moderne tout équipée. Le magnifique jardin paysagé par un architecte paysagiste de renom, avec une grande piscine à débordement de 15x4 mètres dotée d'un pool house abrité et de tonalités chromatiques exotiques générées par la pierre de Bali, est un véritable atout pour cette villa de luxe. En termes de spécificités techniques, la villa dispose d'un double vitrage en aluminium, de portes et menuiseries en chêne, d'une pré-installation chauffage au-sol, d'une pré-installation pompe à chaleur piscine, d'une isolation toit terrasse et mur en double cloison, ainsi que d'un chauffage au sol séjour et salon. Que vous soyez à la recherche d'une villa de luxe pour y habiter ou pour investir, cette propriété est idéale pour vous. En tant qu'agence immobilière spécialisée dans la vente de biens immobiliers de luxe à Marrakech, nous sommes là pour vous accompagner tout au long du processus d'achat. Ne manquez pas cette occasion unique d'acheter une villa contemporaine de luxe sur la route de l'Ourika à Marrakech. Contactez-nous dès maintenant pour planifier votre visite! Présenté par BARNES MARRAKECH agence immobiliere marrakech - immobilier luxe marrakech-vente villa marrakech",https://www.barnes-marrakech.com/images/produits/d98750eb4968c3e235bc1022823582b6_6a6851c274_1920-original.jpg,1,Professionnel,2026-09-30
2980867,barnes,BAB ATLAS – SUPERBE VILLA D’EXCEPTION A MARRAKECH AVEC DESIGN MODERNE ET MARBRE DE TAZA,https://www.barnes-marrakech.com/fr/vente/marrakech/2980867,Vente,Villa,Marrakech,Bab Atlas,4 100 000 EUR,44280000,10000,9,9,,"Cette villa spectaculaire de 1 400 m² réinvente le luxe contemporain à travers l'utilisation de matériaux nobles : marbre de Taza, noyer de l'Atlas et pierres de l'Ourika. Articulée autour d'un patio magistral, elle offre des volumes baignés de lumière grâce à d'immenses baies vitrées ouvrant sur les montagnes de l'Atlas. Un chef-d'œuvre architectural au cœur de Bab Atlas.",https://www.barnes-marrakech.com/images/produits/5519614d201b7ed3d396ee9e013d8116_7821bd837d_1521-original.jpg,1,Professionnel,2026-09-30
3021667,barnes,Propriété d’exception a vendre sur 3.36 ha paysagé avec vue panoramique sur l’Atlas,https://www.barnes-marrakech.com/fr/vente/marrakech/3021667,Vente,Villa,Marrakech,Route de l'Ourika,Prix Nous consulter,,1450,5,5,Gardien; Piscine; Meublé; Cheminée,"Magnifique villa nichée au milieu d’un vaste parc de plus de 3 ha de terrain comprenant oliviers, arbres fruités et jardins paysagés et offrant une vue imprenable sur l’Atlas. Située à proximité de l’un des golfs les plus récents et recherchés de Marrakech, cette propriété de style Marocain et art déco au confort Européen se présente comme suit : Entrée sur hall patio qui dessert un grand salon cheminée et une salle à manger avec cheminée le tout donnant sur un grand espace terrasse aménagé, grande cuisine équipée, autour d'un patio arborée. On trouve un salon télévision avec cheminée ainsi qu'un salon billard, 2 chambres avec salle de bain et dressing et une grande chambres de maître avec son bureau, grand dressing et salle de bain. Au 1er étage se trouve 2 belles chambres avec salle de bains et un salon ainsi qu'un ensemble de terrasse couverte ou non. La villa possède une belle piscine avec pool house, un grand garage ainsi que divers logements pour le personnel. Les matériaux sont de grandes qualités, chauffage central, climatisation et belles finitions . Présenté par BARNES MARRAKECH agence immobiliere marrakech - immobilier luxe marrakech-vente villa marrakech",https://www.barnes-marrakech.com/images/produits/b247fb9b21aeeb04c334151725edf2d9_7cf6e44f65_1276-original.jpg,1,Professionnel,2026-09-30
3324983,barnes,PALAIS DE LUXE A VENDRE BAB ATLAS PALMERAIE MARRAKECH – BIEN D’EXCEPTION AU MAROC,https://www.barnes-marrakech.com/fr/vente/marrakech/3324983,Vente,Villa,Marrakech,Bab Atlas,Prix Nous consulter,,13500,10,10,Gardien; Piscine; Cheminée,"Situé dans le domaine le plus sécurisé et exclusif du Maroc à Bab Atlas, ce chef-d'œuvre de 2 900 m² redéfinit le luxe absolu. Entre artisanat royal et domotique de pointe, ce palais privé dispose de suites monumentales avec piscines individuelles, d'une discothèque privée et d'une sécurité totale. L'adresse la plus convoitée de Marrakech pour une discrétion absolue...",https://www.barnes-marrakech.com/images/produits/d8f224d19aff957c330c5b7c43bd5bb4_4bffc558a9_1276-original.jpg,1,Professionnel,2026-09-30
2770305,barnes,Terrain A Vendre Au Circuit De La Palmeraie Marrakech,https://www.barnes-marrakech.com/fr/vente/marrakech/2770305,Vente,Terrain,Marrakech,Palmeraie,1 400 000 EUR,15120000,10000,,,Proximité Golf,Jolie terrain très bien place circuit de la palmeraie proche du golf palace 1 ha nu clôture palmiers titre     idéal pour projet construction d'une propriété de prestige,https://www.barnes-marrakech.com/images/produits/e21bc1f535d31423064f6994a5c61134_13981370c7_1600-original.jpg,1,Professionnel,2026-09-30
2769570,barnes,Maison duplex à deux pas de place Jemaa el fna et de la Koutoubia,https://www.barnes-marrakech.com/fr/vente/marrakech/2769570,Vente,Riad,Marrakech,Médina,Prix Nous consulter,,192,3,3,Terrasse; Meublé; Hammam; Cheminée,"Magnifique maison duplex à vendre aux portes de la médina de Marrakech, à deux pas de la place Jemaa El Fna, de la Koutoubia et du Palais Royal Mansour. 192 m² de surface habitable, répartis sur 2 niveaux. Cet appartement contemporain est composé : Entrée avec escalier vers le premier étage où nous découvrons un hall qui distribue les 3 chambres en suite (avec une belle décoration et des salles de douche finies en tadelak), et un hammam. Au deuxième étage on trouve une cuisine ouverte sur la salle à manger sur un grand salon avec cheminée donnant sur une première terrasse de 29 m², deuxième terrasse de 75 m² sur le toit, offrant une vue panoramique de 360° sur Marrakech, sans vis à vis. Meublé et accès en voiture. Présenté par BARNES MARRAKECH agence immobiliere marrakech - immobilier luxe marrakech-vente villa marrakech",https://www.barnes-marrakech.com/images/produits/b78a4726f6d940ad27e4a9c71b3c25d2_022a61d9da_1920-original.jpg,1,Professionnel,2026-09-30
3476292,barnes,SOMPTUEUSE VILLA DE PLAIN-PIED A MARRAKECH - 1 600 M² AVEC VUE PANORAMIQUE SUR L’ATLAS,https://www.barnes-marrakech.com/fr/vente/marrakech/3476292,Vente,Villa,Marrakech,Route de Ouarzazate,5 000 000 EUR,54000000,1600,6,6,Piscine; Cheminée,"Découvrez une propriété rarissime de 1 600 m² habitables, entièrement de plain-pied, nichée sur un parc d'un hectare. Cette villa d'exception se distingue par ses volumes magistraux, sa suite parentale monumentale et ses 5 chambres d'invités. Avec sa vue imprenable sur l'Atlas et ses prestations de haute volée, c'est une opportunité unique sur le marché contemporain de Marrakech...",https://www.barnes-marrakech.com/images/produits/276e78c19abd49c0fa9f2d8cb480bfe5_4d9cc3544b_1920-original.jpg,1,Professionnel,2026-09-30
2876981,barnes,APPARTEMENT CONTEMPORAIN D’EXCEPTION DANS UN RESORT VEGETALISE – À VENDRE,https://www.barnes-marrakech.com/fr/vente/marrakech/2876981,Vente,Appartement,Marrakech,Route de Ouarzazate,395 000 EUR,4266000,147,2,2,Piscine; Jardin; Terrasse; Climatisation; Cheminée,"Appartement : situé au 1er étage avec 3.30m de hauteur de plafond dans tout l’appartement Superficie : 147 m² indiqué sur le titre situé plein sud Nombre de pièces : 2 chambres + 2 salles de bain avec douche à l’italienne et marbre de carrare + salon de 60m² avec cheminée+ cuisine importée entièrement équipée (réfrigérateur, hotte, plaque induction, lave vaisselle, micro-ondes) + buanderie (lave linge, sèche linge, réfrigérateur combo)+ 18m² terrasse exposition sud vue sur la piscine et les montagnes de l’atlas Matériau au sol : marbre de carrare au sol dans tout l’appartement traité hydrofugé cristallisé Climatisation centralisée : Daikin salon + 2 chambres (chaque commande au mur est individuelle) Menuiserie Aluminium importée : Reynaers Dressing des chambres : éclairés importés Eau chaude par chauffage solaire chaffoteaux Tout à l’égout existant dans la résidence Fibre optique : branchement possible dans la résidence Eclairage public photovoltaïque dans toute la résidence 2 piscines : 1 pour les appartements résidentiels + 1 piscine commune aux lofts 1 salle de sport équipée 1 restaurant sur site (cuisine internationale, grillades, pizzas etc.) Résidence sécurisée H24 Beaux jardins communs",https://www.barnes-marrakech.com/images/produits/1247e3f52a64c464105948d02dec46db_aa9d2e7887_3344-original.jpg,1,Professionnel,2026-09-30
3363828,barnes,"BELLE VILLA A VENDRE SUR LE CIRCUIT DE LA PALMERAIE, AU CŒUR D’UNE OASIS DE VERDURE",https://www.barnes-marrakech.com/fr/vente/marrakech/3363828,Vente,Villa,Marrakech,Palmeraie,2 900 000 EUR,31320000,600,4,4,Piscine,"Palmeraie, dans un secteur calme et proche du centre ville, belle villa à rafraîchir implantée sur un très beau parc arboré de 1 hectare. Une entrée donnant sur un grand salon, salle à manger indépendante sur patio arboré, 3 belles chambres avec salle de bains et dressing, grande cuisine. A l'étage se trouve 1 grande suite avec terrasse et un beau bureau avec sanitaire. Une belle piscine avec salon d'été situé à l'écart de la villa complète le charme de cette propriété . elle possède le chauffage central et la climatisation réversible, logement personnel, pièce de rangement et espace voiture . Présenté par BARNES MARRAKECH agence immobiliere marrakech - immobilier luxe marrakech-vente villa marrakech",https://www.barnes-marrakech.com/images/produits/91bd0dc58667d86cb5bffc5ed73a4490_b482733ec0_1276-original.jpg,1,Professionnel,2026-09-30
6722462,barnes,"Palais d'Hôtes a vendre Marrakech : 27 Suites & 2,2 Ha en Palmeraie",https://www.barnes-marrakech.com/fr/vente/marrakech/6722462,Vente,Villa,Marrakech,Palmeraie,Prix Nous consulter,,3500,27,10,Piscine,"Saisissez une opportunité d'investissement unique : un domaine de 3 500 m² construits au cœur de la Palmeraie. Ce palais d'hôtes de prestige offre 10 suites de maître et 3 villas privées avec piscines individuelles. Avec ses équipements professionnels (cuisine, chambre froide, recyclage des eaux), ce joyau signé d'un architecte renommé garantit un fort potentiel de rendement sur 5 ans.",https://www.barnes-marrakech.com/images/produits/2e387d322ab570c4c19dcdb4455c3913_05f1661aaa_1276-original.jpg,1,Professionnel,2026-09-30
2769806,barnes,VILLA CONTEMPORAINE D’EXCEPTION SUR UN DOMAINE DE 3 HECTARES A 30 MINUTES DE MARRAKECH,https://www.barnes-marrakech.com/fr/vente/marrakech/2769806,Vente,Villa,Marrakech,Route de Ouarzazate,Prix Nous consulter,,35000,4,4,Piscine; Jardin; Garage; Gardien; Proximité Golf,"Située à 30 mn de la place jemaa el fna et de l'aéroport Marrakech menara, la villa est à 15 mn de quatre Golfs internationaux. Située dans un domaine de 10 hectares la propriété est clôture et arboré par des palmiers,orangers, oliviers et de nombreuses essences de marrakech. son jardin s'étend sur 3.5 hectares dont 1 hectare est dédié a la culture bio et aux animaux. la surface habitable de cett demeure est 1500 m², dont: 4 suites avec salle de bain dont 1 avec piscine privée. salon marocain ,salon francais, salle à manger design, cuisine entierment equipée. 2 chambres personnel avec un salon. 1 buanderie. 1 maison de gardien 1 garage en sous-sol de 200m2 avec atelier. 3 piscines dont 1 de 50 métres . Présenté par BARNES MARRAKECH agence immobiliere marrakech - immobilier luxe marrakech - vente villa marrakech",https://www.barnes-marrakech.com/images/produits/b958b96ef62d2790ef089fedd7859be1_ac21a404e5_1276-original.jpg,1,Professionnel,2026-09-30
2769859,barnes,Villa  à vendre à 5 mns du centre ville de Marrakech,https://www.barnes-marrakech.com/fr/vente/marrakech/2769859,Vente,Villa,Marrakech,Targa,650 000 EUR,7020000,700,6,4,Piscine; Jardin; Garage; Cuisine équipée,"Villa à vendre a 5 mns de centre ville. 700 m² de terrain, 550 m² habitable. RDC : Deux salons marocain, salon télé, une chambre avec salle de bain, wc. Etage : 4 suites avec dressing et salle de bain. Sous-sol : Cuisine équipée, un salon, une chambre avec salle de bain. Jardins avec piscine, puits, garage. Présenté par BARNES MARRAKECH agence immobiliere marrakech - immobilier luxe marrakech - vente villa marrakech",https://www.barnes-marrakech.com/images/produits/20fc3eef8cb800c65b8b2a57ff799920_49fa45d4ec_1276-original.jpg,1,Professionnel,2026-09-30
2770311,barnes,"RARE TERRAIN AU BORD DES REMPARTS DE LA MÉDINA, IDÉAL POUR PALAIS D'HÔTES .",https://www.barnes-marrakech.com/fr/vente/marrakech/2770311,Vente,Riad,Marrakech,Médina,2 599 000 EUR,28069200,1836,,13,Piscine; Parking; Spa,"Terrain au bord des remparts de la  médina de 1850m² pour projet  d'hôtels ou riad   Terrain rare(1836m² AU SOL) dans la médina de Marrakech très bien place dans un quartier proche de la place .  Accessible en voiture, parking en face.  Terrain avec projet autorise Maison d'hôtes de luxe.  13 Suites et 15 Chambres  5 Salons  Piscine   SPA  Restaurent...",https://www.barnes-marrakech.com/images/produits/e367fb029afbe3c9bd9920dc05683389_1c23414959_1024-original.jpg,1,Professionnel,2026-09-30
2769777,barnes,Villa Prestige Marrakech proche des golfs .,https://www.barnes-marrakech.com/fr/vente/marrakech/2769777,Vente,Villa,Marrakech,Route de Ouarzazate,Prix Nous consulter,,6000,9,1,Piscine,"Sur un parc superbement arboré jolie villa de style Marocain et Art déco, belle entrée voûtée en briquette qui donne sur un salon intime, grande véranda , salle à manger , bibliothèque. La propriété comprend 6 chambres avec salle de bains et terrasses qui s'articulent autour de patios et de fontaines . Deux autres belles chambres et une suite parentale avec terrasse et cheminée . On trouve un hammam et une salle de massage au 1 er étage . Présenté par BARNES MARRAKECH agence immobiliere marrakech - immobilier luxe marrakech - vente villa marrakech",https://www.barnes-marrakech.com/images/produits/f6ead55b39790ae88f274a34b5522658_fd212aaf24_1276-original.jpg,1,Professionnel,2026-09-30
2769836,barnes,VILLA CONTEMPORAINE A VENDRE SUR LA ROUTE D’OURIKA – MARRAKECH,https://www.barnes-marrakech.com/fr/vente/marrakech/2769836,Vente,Villa,Marrakech,Route de l'Ourika,Prix Nous consulter,,20000,5,1,Piscine; Terrasse; Climatisation; Cheminée; Cuisine équipée,"Face à l'Atlas à environ 15 minutes de Marrakech , très belle villa d'architecte dans une oliveraie de 2 hectares ,composé d'une grande réception avec cheminée, un salon Marocain, une salle à manger, le tout donnant sur de grandes terrasses ombragées , 1 suites parentales ainsi que 3 belles chambres avec salles de bain et un appartement , cuisine équipée, office , dépendance. Très belles piscine de 25 mètres ,terrain de tennis , Pavillon avec sauna, hamam et salle de sport . chauffage central et climatisation reversible Présenté par BARNES MARRAKECH agence immobiliere marrakech - immobilier luxe marrakech - vente villa marrakech",https://www.barnes-marrakech.com/images/produits/9378ec2104263f7a4091c661e0d3a5dc_669a387c30_1276-original.jpg,1,Professionnel,2026-09-30
2770043,barnes,Villa d'architecture marocaine dans une domaine privé,https://www.barnes-marrakech.com/fr/vente/marrakech/2770043,Vente,Villa,Marrakech,Route de Sidi Abdellah Ghiat,2 500 000 EUR,27000000,10000,5,5,Gardien; Piscine; Meublé; Golf; Cheminée,"Villa d'architecture marocaine dans une domaine privé de 6 villas, chacune construite sur une parcelle de 1 hectare, la villa dispose de 5 belle suites, très belle espace de réception, boiseries en cèdre massif, marbre au sol et mobilier de qualité. Surface construite 8002. Le domaine dispose d'une académie de golf professionnelle, d'une salle de sport et jardin bio de 6000m2. Vue dégagée sur l'Atlas, voisinage de qualité. Présenté par BARNES MARRAKECH agence immobiliere marrakech - immobilier luxe marrakech - vente villa marrakech Présenté par BARNES MARRAKECH agence immobiliere marrakech - immobilier luxe marrakech - vente villa marrakech",https://www.barnes-marrakech.com/images/produits/6924517498a6355281503228853f317a_16035ecbcb_1920-original.jpg,1,Professionnel,2026-09-30
2769946,barnes,"À VENDRE – VILLA DE LUXE CONTEMPORAINE SUR GOLF, BIEN D’EXCEPTION",https://www.barnes-marrakech.com/fr/vente/marrakech/2769946,Vente,Villa,Marrakech,Golf Amelkis,3 999 000 EUR,43189200,7000,8,8,Gardien; Piscine; Meublé; Cheminée,"Villa contemporaine proche du golf Amelkis, propriété de prestige sur un parc trés arboré de 7.000m² avec une belle piscine , matériaux hauts de gamme , chauffage et climatisation , 5 belles suites dont 1 master , 1100m² habitable. de nombreuses pièces de réception avec de trés grand volumes, le style est un mix entre le contemporain et l'art déco. Présenté par BARNES MARRAKECH agence immobiliere marrakech - immobilier luxe marrakech - vente villa marrakech",https://www.barnes-marrakech.com/images/produits/a791d0abca800edb76ae8129fbb62428_be29578037_1276-original.jpg,1,Professionnel,2026-09-30
2769668,barnes,DUPLEX D’EXCEPTION AVEC PISCINE PRIVEE CHAUFFEE A HIVERNAGE,https://www.barnes-marrakech.com/fr/vente/marrakech/2769668,Vente,Appartement,Marrakech,Hivernage,900 000 EUR,9720000,198,3,1,Gardien; Cheminée,"Situé à deux pas du Palace la Mamounia, dans le plus beau quartier de Marrakech, à l'hivernage. Superbe appartement duplex, en rez-de-jardin exposé plein sud avec une piscine privée, d'une superficie de 198 M² habitable plus 242 M² de jardin privatif. Dans un immeuble récent, haut de gamme il se compose de trois suites dont une suite parentale, un large et ensoleillé salon cheminée, une salle a manger, une salle d'eau invités, très belle cuisine équipée. Matériaux et finitions très haut de gamme ; marbre au sol, zellige, tadelakt aux murs, climatisation réversible chaud et froid dans toutes les pièces, deux places de parking et box de rangement. Une décoration raffinée alliant modernité et matériaux traditionnels.",https://www.barnes-marrakech.com/images/produits/50db7a8087ba281deb2c7a52d83e166b_77f3481aa5_1276-original.jpg,1,Professionnel,2026-09-30
2770308,barnes,TERRAIN À VENDRE A BAB ATLAS MARRAKECH,https://www.barnes-marrakech.com/fr/vente/marrakech/2770308,Vente,Terrain,Marrakech,Palmeraie,925 000 EUR,9990000,25000,,,,"Très beau Terrain de 2,5 ha à Bab Atlas derrière hotel  tigmiza  4 000 000 dh/ha",https://www.barnes-marrakech.com/images/produits/bf4ce032b874d67dfdcd35e2b7123c8c_14de170674_901-original.jpg,1,Professionnel,2026-09-30
2770021,barnes,"Superbe Palais Arabo- berbère , implanté sur une oasis d'un hectare . Circuit Palmeraie",https://www.barnes-marrakech.com/fr/vente/marrakech/2770021,Vente,Villa,Marrakech,Circuit Palmeraie,Prix Nous consulter,,900,6,6,Piscine,"Superbe Palais Arabo- berbère , implanté sur une oasis d'un hectare .    Très belle entrée qui dessert de nombreuses et différentes pièces de réceptions et une salle à manger, grande cuisine équipée avec office ;  4 belles suites de plein-pied avec salle de bain et une grande suite parentale à l'étage .    Belle piscine chauffé avec espace sport et coin jacuzzi , sauna , hamam .  Garage 3 voiture   logement personel   Finition et matériaux de qualités .  Chauffage central gaz et climatisation gainé .

Présenté par BARNES MARRAKECH  agence immobiliere marrakech - immobilier luxe marrakech - vente villa marrakech",https://www.barnes-marrakech.com/images/produits/48ac9f1a6cb066e0733179b101c59763_d6da2a41d3_1276-original.jpg,1,Professionnel,2026-09-30
2770179,barnes,PROPRIETE A VENDRE MARRAKECH PALMERAIE – PARC ARBORE 10 000 M² & 1500 M² HABITABLE RECEPTIONS GRAND VOLUME,https://www.barnes-marrakech.com/fr/vente/marrakech/2770179,Vente,Villa,Marrakech,Circuit Palmeraie,Prix Nous consulter,,10000,8,8,Piscine,"exceptionnelle propriété à la palmeraie, 10.000m² de terrain 1500m² habitable, un parc ancien et luxuriant. des plafonds de pus de 7m pour les réceptions, plusieurs réceptions, salle a manger avec cheminée donnant sur un tres grande cuisine. marbre au sol et zeliige, toute la menuiserie en noyer magnifiquement travaillé. chauffage central, climatisation gainable, salle de hamam. toutes les suites sont aux dimensions généreuses et aux salles de bains finement travaillés.perrotta la grande palemraie
Présenté par BARNES MARRAKECH  agence immobiliere marrakech - immobilier luxe marrakech - vente villa marrakech",https://www.barnes-marrakech.com/images/produits/95773589c0ac375cdba85d016a65843a_932a7178f6_1276-original.jpg,1,Professionnel,2026-09-30
2770144,barnes,Propriété d’exception à 20 minutes du centre-ville de Marrakech,https://www.barnes-marrakech.com/fr/vente/marrakech/2770144,Vente,Villa,Marrakech,Route de Ouarzazate,Prix Nous consulter,,15000,8,1,Piscine,"Édifiée sur un magnifique terrain de 15 000 m², cette somptueuse villa développe 1 500 m² de surface construite et offre des prestations de très grand standing dans un environnement paisible et verdoyant. Au rez-de-chaussée, un majestueux hall d’entrée d’inspiration arabo-andalouse, agrémenté d’une fontaine centrale, donne le ton. Il s’accompagne d’un vestiaire invités, d’un salon marocain, d’une salle de cinéma, d’un salon européen ainsi que de vastes terrasses ouvertes sur le jardin. Un espace bien-être complet vient enrichir la propriété, comprenant une piscine intérieure chauffée à débordement, un jacuzzi, un hammam, un sauna et des vestiaires. La villa dispose également d’une grande cuisine, d’un office, d’une buanderie, d’une lingerie et d’un emplacement prévu pour l’installation d’un ascenseur. Un pavillon invités totalement indépendant complète l’ensemble, avec deux chambres et un vaste salon doté d’une cheminée. À l’étage, vous trouverez une chambre d’amis ainsi qu’un appartement parental composé d’un salon privé, d’une chambre, d’une salle de bain et d’un grand dressing. Le jardin paysagé, magnifiquement entretenu, est agrémenté de palmiers, d’oliviers bicentenaires et de majestueux washingtonias. À l’extérieur, une spectaculaire piscine à débordement de 30 x 10 mètres avec plage immergée vient parfaire cette propriété d’exception.",https://www.barnes-marrakech.com/images/produits/bfa6bf9d4a7bca5e4514c2d1b77c2aff_0682b735d3_1276-original.jpg,1,Professionnel,2026-09-30
2770204,barnes,Très belle propriété au cœur de la Palmeraie – Opportunité rare,https://www.barnes-marrakech.com/fr/vente/marrakech/2770204,Vente,Villa,Marrakech,Palmeraie,2 799 000 EUR,30229200,10000,6,6,Piscine,"Située dans la prestigieuse Palmeraie, cette élégante propriété représente une véritable opportunité en termes de rapport qualité/prix.
Édifiée sur un magnifique hectare de terrain arboré, elle offre six chambres spacieuses et de beaux volumes de réception. Une grande piscine vient parfaire les extérieurs, dans un environnement calme et verdoyant.
La villa séduit par la qualité de ses matériaux nobles, mêlant marbre raffiné et superbes boiseries en cèdre, apportant charme et authenticité à l’ensemble.
Présenté par BARNES MARRAKECH  agence immobiliere marrakech - immobilier luxe marrakech - vente villa marrakech",https://www.barnes-marrakech.com/images/produits/5f523d010e240cbc92aa24eacb4873e3_5c6d7e6c75_1276-original.jpg,1,Professionnel,2026-09-30
87350519,barnes,VILLA LOCATION LONGUE DUREE GOLF,https://www.barnes-marrakech.com/fr/location/marrakech/87350519,Location,Villa,Marrakech,Golf Royal Palm marrakech,9 900 EUR /Mois,106920,365,4,4,Piscine; Golf; Cheminée,"Superbe villa contemporaine de 365 m² habitables, édifiée sur un terrain de 2 000 m², idéalement située en première ligne de golf, avec une vue imprenable sur le golf et les montagnes de l'Atlas. Sa triple exposition Est / Sud / Ouest lui assure un ensoleillement optimal tout au long de la journée. La villa se compose d'une entrée ouvrant sur un spacieux salon et une salle à manger, ainsi que d'une cuisine américaine entièrement équipée. Elle offre 4 suites, chacune dotée de sa salle de bain, de son dressing et de son WC, dont une suite parentale avec douche extérieure. La 4ᵉ chambre peut être indépendante, à la manière d'une guest house, ou communicante selon les besoins. Une cuisine et une buanderie dédiées au personnel complètent l'ensemble. Côté extérieurs, la propriété séduit par son gazebo aménagé et sa salle à manger extérieure avec cuisine d'été. Elle dispose également d'une piscine de 15 m x 4 m (profondeur maximale de 1,40 m), d'un jacuzzi, d'un jardin paysager, d'un parking et d'une voiturette de golf.",https://www.barnes-marrakech.com/images/produits/25330d89048dd2b1380be944191a733c_d68797d41f_2000-original.jpg,1,Professionnel,2026-09-30
2770133,barnes,Villa contemporaine d’exception – Bab Atlas,https://www.barnes-marrakech.com/fr/vente/marrakech/2770133,Vente,Villa,Marrakech,Bab Atlas,3 000 000 EUR,32400000,10000,8,1,Piscine,"Située au cœur de la Palmeraie, à Bab Atlas, cette propriété offre un environnement paisible avec une vue spectaculaire sur les sommets enneigés de l’Atlas et la chaîne des Jbilates. Le centre-ville de Marrakech et la célèbre place Jemaa El Fna sont accessibles en seulement 20 minutes.
Édifiée sur un hectare de terrain, cette villa minimaliste de 1 200 m² conjugue élégance contemporaine et matériaux nobles tels que la pierre naturelle et l’acier, dans un subtil dialogue entre modernité européenne et tradition locale.
La propriété se compose de deux bâtiments reliés par une galerie :
Le premier comprend une entrée avec perspective directe sur la piscine, un vaste espace de réception avec salon et salle à manger dotés d’une cheminée, un salon TV indépendant, une cuisine équipée avec office, des sanitaires invités ainsi qu’une suite parentale complète avec salon privé, dressing et salle de bains.
Le second bâtiment accueille cinq chambres avec terrasses privatives, dressings et salles de bains complètes.
Les extérieurs offrent de superbes espaces de vie : grande terrasse attenante au salon, piscine de 23 mètres, salon extérieur ouvert entouré de roses blanches et salle à manger d’été.
À l’entrée côté ville, une maison de gardien indépendante comprend salon, chambre, cuisine et salle de bain.

Présenté par BARNES MARRAKECH  agence immobiliere marrakech - immobilier luxe marrakech - vente villa marrakech",https://www.barnes-marrakech.com/images/produits/b0ec3d76ae42928adb6e664c3ba5e5e8_04d87f96e3_1024-original.jpg,1,Professionnel,2026-09-30
87313889,barnes,Charmante villa de plain-pied à louer à Amélkis,https://www.barnes-marrakech.com/fr/location/marrakech/87313889,Location,Villa,Marrakech,Amelkis,5 500 EUR /Mois,59400,300,3,2,Cheminée; Double vitrage; Fenêtres coulissantes; Internet; Meublé; Moustiquaires; Stores électriques; Volets roulants électriques; Arrosage; Éclairage extérieur; Piscine; Cafetière; Congélateur; Cuisinière; Four; Four à micro-ondes; Lave-linge; Lave-vaisselle; Réfrigérateur; Vaisselle,"Villa de plain-pied avec piscine et jardin
Au cœur du prestigieux domaine d'Amelkis, cette élégante villa de plain-pied conjugue sérénité et art de vivre marrakchi.
De vastes espaces de réception s'articulent autour de deux salons, d'une salle à manger et d'une cheminée, dans une atmosphère lumineuse et chaleureuse.
La suite parentale ouvre de plain-pied sur la piscine et se compose d'un dressing et de deux salles de bains distinctes, l'une avec baignoire, l'autre avec douche.
Plusieurs chambres indépendantes, disposées face au bassin, disposent chacune de leur salle de bains et de leurs rangements.
La cuisine entièrement équipée est prolongée d'une buanderie et d'une chambre de personnel.
À l'extérieur, un vaste jardin paysager, planté avec soin, entoure une belle piscine — un cadre privilégié pour profiter pleinement de la douceur du climat marrakchi.
Une adresse rare, idéale en résidence principale comme en villégiature.",https://www.barnes-marrakech.com/images/produits/8ca20d260d1ef9dd4b5f2c0fa9c67db1_7dddfab0fb_2000-original.jpg,1,Professionnel,2026-09-30
87265215,barnes,"À LOUER – APPARTEMENT 2 CHAMBRES AU CŒUR DE GUELIZ, MARRAKECH",https://www.barnes-marrakech.com/fr/location/marrakech/87265215,Location,Appartement,Marrakech,Guéliz,1 350 EUR /Mois,14580,72,2,1,Ascenseur; Gardien; Meublé,"À louer, en plein cœur de Guéliz à Marrakech, ce superbe appartement entièrement meublé bénéficie d’un emplacement privilégié, à proximité immédiate des commerces, restaurants, cafés et de toutes les commodités du centre-ville. Situé au sein d’une résidence fermée et sécurisée avec gardiennage, ce bien offre un cadre de vie agréable, calme et sécurisé. L’appartement se compose d’un lumineux séjour, d’une cuisine entièrement équipée, de deux chambres confortables et d’une salle de bain. Il est proposé entièrement meublé avec un mobilier soigné, prêt à accueillir ses futurs occupants. Une place de parking privative en sous-sol complète ce bien, offrant un véritable confort au quotidien. Cet appartement est idéal pour une résidence principale, un pied-à-terre ou pour toute personne souhaitant profiter pleinement de la vie au cœur de Guéliz dans un environnement sécurisé. Pour plus d’informations ou pour organiser une visite, n’hésitez pas à nous contacter.",https://www.barnes-marrakech.com/images/produits/0b960c8a303712f1c32c976ff86fed3d_e5e42ee2de_1280-original.jpg,1,Professionnel,2026-09-30
3705236,barnes,Propriété unique en front de golf!,https://www.barnes-marrakech.com/fr/vente/marrakech/3705236,Vente,Villa,Marrakech,Samanah Golf,2 499 000 EUR,26989200,1000,6,6,Adoucisseur d'eau; Air conditionné; Cheminée; Internet; Meublé; Abri de voiture; Arrosage; Éclairage extérieur; Gardien; Interphone; Golf; Piscine,"Villa d'exception de style riad face au golf de Samanah édifiée du un terrain de 4000m2 avec une végétation luxuriante! 
Le rez de chaussé de la villa s'articule autours d'un large patio qui dessert, la cuisine, la salle à manger, une chambre d'amis, un salon marocain et un salon européen. 
A l'étage, 5 belles chambres dont une chambre parentale.
La toi terrasse est aménagé en espace de réception pour profiter de la vue sur le golf et la chaîne de l'Atlas.
Dans le jardin, une superbe piscine à débordement de 15mx8m.
La villa est vendue avec une grosse partie du mobilier.

Présenté par BARNES MARRAKECH  agence immobiliere marrakech - immobilier luxe marrakech-vente riad marrakech",https://www.barnes-marrakech.com/images/produits/d7f8ba971b33a87cbdf6e26b03511b52_ba138e03c5_1276-original.jpg,1,Professionnel,2026-09-30
87153567,barnes,"LOCATION LONGUE DUREE – APPARTEMENT 2 SUITES – HIVERNAGE, MARRAKECH",https://www.barnes-marrakech.com/fr/location/marrakech/87153567,Location,Appartement,Marrakech,Hivernage,3 500 EUR /Mois,37800,140,3,1,Ascenseur; Gardien,"Dans un environnement résidentiel privilégié au cœur de l’Hivernage, cet appartement de standing d’environ 140 m², terrasses incluses, offre un cadre de vie élégant et confortable au sein d’une résidence sécurisée. Proposé à la location longue durée, ce bien séduit par ses volumes généreux, sa luminosité naturelle et son agencement parfaitement pensé. L’appartement se compose d’un vaste salon ouvrant sur une terrasse, créant un espace de vie agréable aussi bien pour recevoir que pour profiter d’un quotidien paisible à Marrakech L’espace nuit accueille deux suites raffinées avec salles de bains privatives. La première bénéficie d’un dressing, tandis que la suite principale dispose également d’un dressing, d’une salle de bains privative et d’un balcon offrant un espace extérieur supplémentaire. La cuisine entièrement équipée allie fonctionnalité et modernité. Un toilette invités complète harmonieusement ce bien. La résidence propose des prestations de qualité avec un service voiturier, un ascenseur pour véhicules, un parking sécurisé en sous-sol avec accès direct par ascenseur automobile, ainsi qu’une piscine commune accessible sur réservation. L’appartement est proposé non meublé avec cuisine équipée. Les conditions de location comprennent une caution de deux mois, un mois de loyer encaissé et une durée minimale d’engagement d’une année. Une adresse recherchée au cœur de l’Hivernage, idéale pour une clientèle souhaitant profiter d’un cadre exclusif, sécurisé et proche des meilleures adresses de Marrakech.",https://www.barnes-marrakech.com/images/produits/0d537458360f6be9885cd389a42ef684_9f9ad095fd_2000-original.jpg,1,Professionnel,2026-09-30
87153219,barnes,"Location longue durée – villa d’exception à Amelkis, Marrakech",https://www.barnes-marrakech.com/fr/location/marrakech/87153219,Location,Villa,Marrakech,Golf Amelkis,4 250 EUR /Mois,45900,198,3,3,Gardien; Piscine; Meublé; Golf; Cheminée,"Située au cœur de la prestigieuse résidence Amelkis 1 à Marrakech, cette élégante villa Boccara de trois chambres incarne un art de vivre exclusif, alliant raffinement, confort et sérénité dans un environnement sécurisé et recherché. Édifiée au sein d’un superbe jardin paysager aux essences matures, la propriété s’articule autour d’une piscine privée et offre une parfaite continuité entre les espaces intérieurs et extérieurs, invitant à une vie rythmée par la lumière et le climat privilégié de Marrakech. Dès l’entrée, les volumes généreux et la fluidité des espaces révèlent un double séjour lumineux ainsi qu’une élégante salle à manger, créant une atmosphère chaleureuse et contemporaine. La cuisine, spacieuse et entièrement équipée, se prolonge naturellement vers une cuisine d’été et un espace de réception en plein air, idéalement aménagé au bord de la piscine pour des moments de convivialité en toute intimité. Une chambre avec salle de bain privative ainsi que des toilettes invités complètent ce niveau. À l’étage, deux superbes suites offrent un cadre de vie intimiste et confortable, chacune disposant de sa propre salle de bain ainsi que d’un vaste dressing, répondant aux standards d’un bien d’exception. À l’abri des regards, les dépendances accueillent les espaces techniques ainsi que les logements du personnel, garantissant une organisation discrète et optimale.",https://www.barnes-marrakech.com/images/produits/0b895571abc086c2ef21ecee8d9f9821_be20f0e852_1600-original.jpg,1,Professionnel,2026-09-30
2770209,barnes,Villa Contemporaine d’exception – Bab Atlas,https://www.barnes-marrakech.com/fr/vente/marrakech/2770209,Vente,Villa,Marrakech,Bab Atlas,3 500 000 EUR,37800000,1000,6,6,Piscine; Jardin; Terrasse; Hammam; Spa,"Dans l'esprit du Maroc contemporain, la Villa B, à l'architecture résolument moderne, est l'œuvre de l'architecte Raymond Morel. Implantée sur un terrain d'1,3 hectare à quelques kilomètres seulement du centre-ville, elle déploie une surface habitable de 800 m². La Villa B se distingue par ses généreux volumes et propose 6 suites dotées de dressings et salles de bains privatives, 2 salons, une salle à manger, une cuisine, ainsi qu'un hammam traditionnel pour des instants de détente en toute intimité, complété par des espaces dédiés au personnel. À l'extérieur, un jardin mature et luxuriant enveloppe une piscine à la silhouette inattendue, dont l'îlot accueille un pool house, tandis que de larges terrasses invitent à savourer la douceur de vivre de la Ville Ocre. Soucieuse de son empreinte écologique, la propriété tend vers l'autosuffisance grâce à son potager biologique, son verger et une petite ferme lovée au fond du jardin. Pour toute information complémentaire, notre équipe reste à votre disposition.",https://www.barnes-marrakech.com/images/produits/73c0c82b45c81f7ad0eea8775aed404f_7c1c542313_4096-original.jpg,1,Professionnel,2026-09-30
87101113,barnes,APPARTEMENT MEUBLE DE CHARME A LOUER – LONGUE DUREE,https://www.barnes-marrakech.com/fr/location/marrakech/87101113,Location,Appartement,Marrakech,Agdal,900 EUR /Mois,9720,60,1,,Gardien; Piscine; Meublé,"Situé au bout du boulevard Mohammed VI, dans un environnement calme et privilégié, ce magnifique appartement de 60 m² en rez-de-jardin allie confort moderne et élégance dans un esprit beldi chic bohème. Composition : 1 chambre entièrement meublée Salon / salle à manger lumineux Cuisine équipée 2 agréables terrasses privatives Rez-de-jardin offrant un cadre de vie paisible et verdoyant Résidence haut de gamme sécurisée : Piscine Jardins paysagers Salle de sport Sécurité et tranquillité assurées Atouts : Excellent emplacement Quartier calme À proximité des principaux centres d’intérêt, commerces et commodités Disponible pour location longue durée. Idéal pour une personne seule ou un couple recherchant un cadre de vie confortable, élégant et serein",https://www.barnes-marrakech.com/images/produits/c912c46d06f5bbcf188a5795fba30e08_c796ca98e7_1600-original.jpg,1,Professionnel,2026-09-30
2770111,barnes,VILLA DE PRESTIGE AU CŒUR DE LA PALMERAIE DE MARRAKECH,https://www.barnes-marrakech.com/fr/vente/marrakech/2770111,Vente,Villa,Marrakech,Palmeraie,2 800 000 EUR,30240000,10000,7,1,Piscine; Jardin; Terrasse; Climatisation; Hammam; Spa; Cheminée; Solarium,"Située dans la prestigieuse Palmeraie de Marrakech, à proximité du Relais & Châteaux Ksar Char Bagh, cette élégante villa conjugue esprit familial chic et traditions architecturales marocaines.
Elle offre six grandes chambres et une suite, une magnifique piscine extérieure à débordement, ainsi qu’un espace bien-être complet comprenant une piscine intérieure chauffée, un hammam beldi et vapeur, et une salle de massage. Salle de projection TV-cinéma et espace billard intégré au salon complètent les lieux de réception.
Une architecture pensée autour de trois principes
Intégration naturelle :
Construite en pisé avec la terre de Marrakech, la villa s’intègre harmonieusement à son environnement. Sous son allure « beldi » se dissimulent des installations haut de gamme et des matériaux soigneusement sélectionnés.
Convivialité & fluidité des espaces :
Organisée autour d’un patio central rafraîchi par un bassin, la villa distribue harmonieusement les espaces de vie (salon, cuisine, spa, salon vidéo). Cette conception favorise la convivialité tout en préservant intimité et sérénité.
Performance énergétique :
Isolation naturelle en pisé, chauffage solaire de l’eau, récupération des eaux de pluie, filtration écologique et climatisation réversible par pompe à chaleur garantissent confort et efficacité énergétique toute l’année.
Distribution
Rez-de-jardin :
Patio central, vaste salon avec cheminée, salle à manger et billard ouvrant sur la terrasse et la piscine, salle de projection, terrasse couverte avec cheminée, spa, ainsi que quatre chambres avec salles de bains privatives et accès jardin.
Étage :
Deux chambres avec terrasses privatives et une vaste suite avec bureau, cheminée et grande terrasse panoramique.
Extérieurs
Grande piscine avec bassin enfant, pergola, solarium, putting-green, potager avec brumisateur et jardin aromatique.
Sous-sol & dépendances
Atelier, espace polyvalent (fitness ou salle de jeux), chaufferie, buanderie, chambre froide, nombreux rangements et appartement de service avec deux chambres.",https://www.barnes-marrakech.com/images/produits/74f3f838f87c747823e641364e69fda4_d32ceac2ab_1276-original.jpg,1,Professionnel,2026-09-30
87143992,barnes,"À LOUER – APPARTEMENT 3 CHAMBRES AU CŒUR DE GUELIZ, MARRAKECH",https://www.barnes-marrakech.com/fr/location/marrakech/87143992,Location,Appartement,Marrakech,Guéliz,2 000 EUR /Mois,21600,109,3,2,Ascenseur; Gardien; Meublé,"Situé en plein centre de Marrakech, dans le quartier prisé de Guéliz, cet appartement de 109 m² offre un cadre de vie confortable et pratique, à proximité immédiate des commerces, restaurants et toutes les commodités. Situé au 4ᵉ étage d’une résidence sécurisé , il se compose d’un bel espace de vie avec un salon agréable, de trois chambres, ainsi que de deux salles de bain. L’appartement bénéficie d’une distribution fonctionnelle, idéale aussi bien pour une famille que pour une résidence longue durée. Un bien rare par son emplacement stratégique au cœur de Guéliz",https://www.barnes-marrakech.com/images/produits/2dd07d884ae5beab0fe42058520c7f12_8efdc1b040_960-original.jpg,1,Professionnel,2026-09-30
7941660,barnes,RARISSIME APPARTEMENT À L'HIVERNAGE,https://www.barnes-marrakech.com/fr/location/marrakech/7941660,Location,Appartement,Marrakech,Hivernage,2 770 EUR /Mois,29916,250,3,1,Meublé; Gardien,"Barnes Marrakech vous propose à la location longue durée un appartement meublé, remarquable. Il se compose de trois chambres dont une suite parentale ouverte sur une jolie terrasse verdoyante, d'une spacieuse et splendide pièce à vivre, d'une cuisine et arrière cuisine, d'une salle de bain invité ainsi qu'une place de parking privée. Résidence  sécurisée, idéalement placé au cœur de l'hivernage. Possibilité de louer non meublé.",https://www.barnes-marrakech.com/images/produits/85009f76afa15a8a6bfffea1f964f7af_4fce95fc85_1276-original.jpg,1,Professionnel,2026-09-30
86893706,barnes,"Appartement meublé à Agdal Marrakech – 2 chambres, résidence avec piscine",https://www.barnes-marrakech.com/fr/location/marrakech/86893706,Location,Appartement,Marrakech,Agdal,1 100 EUR /Mois,11880,90,2,,Air conditionné; Double vitrage; Internet; Meublé; Interphone; Piscine; Cafetière; Fer à repasser; Four à micro-ondes; Réfrigérateur; Télévision; Vaisselle,"Situé dans le quartier prisé de Agdal à Marrakech, cet agréable appartement vous séduira par son cadre de vie moderne et son emplacement recherché, à proximité immédiate des commodités, restaurants et centres d’intérêt.

Au sein d’une résidence sécurisée avec piscine, ce bel appartement de deux chambres offre un environnement calme et confortable, idéal pour une vie quotidienne paisible ou un séjour longue durée. Entièrement meublé avec goût, il dispose d’un espace de vie chaleureux et fonctionnel, prêt à accueillir ses futurs occupants dans les meilleures conditions.

La résidence, parfaitement entretenue, propose des prestations appréciées telles qu’une piscine accessible aux résidents, garantissant un cadre de vie agréable tout au long de l’année",https://www.barnes-marrakech.com/images/produits/ee8cc5c5cdff8bed1210aca1c8396920_85eaca7d0d_3344-original.jpg,1,Professionnel,2026-09-30
86119882,barnes,À LOUER– APPARTEMENT DE PRESTIGE – Hivernage,https://www.barnes-marrakech.com/fr/location/marrakech/86119882,Location,Appartement,Marrakech,Hivernage,7 000 EUR /Mois,75600,246,3,3,Air conditionné; Internet; Ascenseur; Alarme; Gardien; Piscine; --,"À louer, un appartement de prestige situé au célèbre Four Seasons à Marrakech, l’une des résidences les plus réputées et sécurisées de la ville. Offrant une surface habitable de 206 m², cet appartement bénéficie en plus de deux magnifiques terrasses de 20 m² chacune, soit une superficie totale de 246 m².
Il se compose de trois spacieuses chambres, de trois salles de bain, d’un grand séjour lumineux, d’une cuisine entièrement équipée et de nombreux espaces de rangement. L’appartement est situé dans un immeuble avec ascenseur, et dispose de services haut de gamme incluant un service privé, une conciergerie disponible 24h/24 ainsi qu’un gardien présent en permanence.
La résidence, ultra sécurisée, offre également une belle piscine réservée aux résidents. Idéalement situé dans le quartier prisé de l’Hivernage, cet appartement conjugue confort, élégance et sécurité dans un environnement privilégié.",https://www.barnes-marrakech.com/images/produits/74ee6a00c453df37da2df47343207f93_85076e9123_1920-original.jpg,1,Professionnel,2026-09-30
86936156,barnes,LOCATION LONGUE DUREE – SPACIEUSE VILLA VIDE DE 450 M² AVEC PISCINE ET JARDIN A AMELKIS,https://www.barnes-marrakech.com/fr/location/marrakech/86936156,Location,Villa,Marrakech,Amelkis,3 200 EUR /Mois,34560,450,3,3,Air conditionné; Cheminée; Fenêtre aluminium; Fenêtres coulissantes; Abri de voiture; Arrosage; Piscine; Cuisinière; Four,"Située dans le prestigieux quartier d’Amelkis  à Marrakech, cette magnifique villa vide offre un cadre de vie calme, sécurisé et haut de gamme.
D’une superficie habitable de 450 m², la propriété se compose de plusieurs espaces lumineux et bien agencés. Elle dispose de  trois chambres spacieuses accompagnées de 3 salles de bain, idéales pour une vie familiale confortable.
La villa bénéficie également d’un beau jardin arboré ainsi que d’une piscine privée, parfaits pour profiter du climat ensoleillé de Marrakech.
Au sous-sol, vous trouverez une chambre dédiée au personnel, offrant praticité et indépendance.
Cette villa est proposée vide, vous laissant la liberté de l’aménager selon vos goûts.
Un bien rare dans un environnement prisé, à découvrir sans tarder.",https://www.barnes-marrakech.com/images/produits/ff473013e16dc230a6b8be79397834ba_4f0a941aac_3344-original.jpg,1,Professionnel,2026-09-30
2770164,barnes,"Riad, 6 suites, 6 salles de bains, salon, cheminée, salle à manger, grand bassin, jacuzzi, terrasse, sur-terrasse, ascenseur.",https://www.barnes-marrakech.com/fr/vente/marrakech/2770164,Vente,Riad,Marrakech,Riad Zitoun Jdid,750 000 EUR,8100000,390,6,6,Cheminée,"Riad titré, situé à Riad Zitoun et d'une superficie de 230 m² au sol. Le riad se compose d'un patio avec ses 4 jardinets et sa fontaine centrale, une piscine et un jaccuzi, un hammam, une cuisine équipée, un salon/salle à manger, 6 suites juniors avec salles de bains privatives, un bhou, une grande terrasse et une sur-terrasse. Les chambres sont toutes équipées d'un mini bar, d'un coffre fort et de tv. Le riad possède une surveillance vidéo et un ascenseur. Parking à 200 m. Présenté par BARNES MARRAKECH agence immobiliere marrakech - immobilier luxe marrakech - vente villa marrakech",https://www.barnes-marrakech.com/images/produits/5ed45e16dfbee313c76358b3f84b4a19_9234ef1f8d_1276-original.jpg,1,Professionnel,2026-09-30
84147794,barnes,Duplex à Majorelle de  2 chambres de 125 M2,https://www.barnes-marrakech.com/fr/location/marrakech/84147794,Location,Appartement,Marrakech,Sur. habitable,1 850 EUR /Mois,19980,125,2,,Baignoire balnéo; Double vitrage; Fenêtre aluminium; Fenêtres coulissantes; Meublé; Ascenseur,"Duplex à louer longue durée dans le quartier Majorelle ,
 finitions haut de gamme , vue magnifique sur les jardins, joliment meublés, avec terrasses ensoleillée de 25M2, box , pk",https://www.barnes-marrakech.com/images/produits/713860d4a3cea718ac2490cfebd6402c_966bf81ae1_1024-original.jpg,1,Professionnel,2026-09-30
86235179,barnes,Location Villa Golf Amelkis,https://www.barnes-marrakech.com/fr/location-saisonniere/marrakech/86235179,Location,Villa,Marrakech,Amelkis,2 000 EUR /Jour,21600,,6,6,Air conditionné; Cheminée; Double vitrage; Fenêtre aluminium; Meublé; Abri de voiture; Clôture; Fibre optique; Maison de gardien; Alarme; Gardien; Interphone; Portail électrique; Vidéo surveillance; Vidéophone; Piscine; --; Sauna,"Véritable maison d’architecte, dans un style contemporain à la décoration soignée, maison est une merveille architecturale. Sur le Golf d’Amelkis à 500 mètres du club house et plus précisément sur le trou 6 du parcours vert, elle affiche tout le confort d’une propriété de luxe avec un service d’excellence.

Avec ses 6 chambres et 6 salles bain, elle peut accueillir jusqu’à 16 personnes pour un séjour marocain idéal. Grâce à un ascenseur, accédez aux différents étages de la villa. L’étage principal, notamment celui par lequel vous entrez dans la demeure, propose un double salon avec une cheminée, donnant sur une terrasse et une belle piscine chauffée au carrelage bleu étincelant avec une vue dégagée à 180° sur les montagnes de l’Atlas. Puis, vous y trouverez un bar à cocktails, une cuisine, un coin repas, un coin lounge sur la terrasse couverte avec des fauteuils et des canapés ainsi que 2 chambres avec des lits king size donnant sur le golf, avec des salles de bain attenantes et de grandes terrasses privées. A l’étage supérieur, vous pourrez loger dans les 3 chambres avec des lits king size aux terrasses privées et salles de bain attenantes.

Mais le charme caché de cette incroyable villa réside tout particulièrement dans son étage inférieur avec un grand spa privé, accessible depuis l’extérieur. Au creux de cet antre de la relaxation, vous disposez d’une piscine intérieure, d’un hammam, d’un sauna, d’un salon de coiffure et de manucure et d’une salle de sport.

Par ailleurs, pour pleinement profiter de votre séjour, elle offre des prestations incroyables : une salle de cinéma avec des canapés et un bar, un ping pong, un baby foot, un terrain de pétanque, une seconde piscine extérieure chauffée et une voiturette de golf

Et, quoi de mieux qu’un personnel de maison pour passer des vacances idéales ? Toute l’équipe du domaine tâchera de répondre à vos besoins et vos demandes : une cuisinière, deux femmes de ménages, un intendant, des jardiniers et un gardien.
Prix de location à partir de 2 000 euros par nuit.",https://www.barnes-marrakech.com/images/produits/c2d95cc923053ea16d82cb8be18a9aa2_8c44f0e73c_1920-original.jpg,1,Professionnel,2026-09-30
2979213,barnes,VILLA a louer,https://www.barnes-marrakech.com/fr/location-saisonniere/marrakech/2979213,Location,Villa,Marrakech,Palmeraie,8 400 EUR /Jour,90720,,6,2,Piscine; Jardin; Terrasse; Climatisation; Hammam; Spa,"La villa se compose de 6 chambres pouvant accueillir 12 personnes 

Elle se trouve à 15 minutes du centre ville de Marrakech, au coeur de la Palmeraie.
Avec 600 m2 de terrasses dont une partie protégée par des pergolas, la maison est très agréable à vivre.  300m2 de piscine chauffée (avec participation) sont érigés autour d'un îlot ombragé par les orangers et palmiers. 

Un hammam marocain et salle de massage à disposition.

Le wifi est disponible dans l'ensemble de la Villa ainsi que dans le jardin.
Une hifi intégrée est disponible dans l'ensemble des pièces de vie ainsi que sur la terrasse de la piscine.

La maison comporte :
2 salons,
1 bar,
1 salle à manger 
1 salle de massage pour 2 pers,
1 hammam pour 2 pers, 
1 piscine de 28m x 15m,
1 bassin de 23m, 


Les 6 chambres et suites de la villa incluent toutes des lits king-size, le wifi, climatisation individuelle, salle de bain avec toilettes, baignoire, douche italienne dans les suites, et salle de bain avec toilettes, baignoire ou douche italienne dans les chambres. Sont inclus également produits d'accueil, peignoirs et serviettes, sèche cheveux, sèche serviette 

Suite 1 : 55 m2, terrasse de 80 m2 
Suite 2 : 45 m2, terrasse de 30 m2 
Chambre 3 : 45 m2 
Chambre 4 : 30 m2 
Chambre 5 : 30 m2 
Chambre 6 : 30 m2 

Un service hôtelier assuré par du personnel de qualité est proposé durant toute la durée de votre séjour.

Inclus dans le prix de location:
Service de conciergerie,
Draps et linge de maison,

Prestations avec participation
Soins du spa,
Piscine chauffée : 100 Eur Par Jour,
Petit-déjeuner : 5 Eur Par pers./jour,
Pension complète : 45 Sur  Par pers./jour,
Demi-pension : 25 Eur  Par pers./jour,",https://www.barnes-marrakech.com/images/produits/aa1eb681afc77aa12e7a62d2c28d9815_90c176c8d3_1276-original.jpg,1,Professionnel,2026-09-30
2769998,barnes,Location Villa Route de Ouarzazate,https://www.barnes-marrakech.com/fr/location-saisonniere/marrakech/2769998,Location,Villa,Marrakech,Route de Ouarzazate,Prix Nous consulter,,15000,8,8,Piscine; Jardin; Terrasse; Hammam; Spa; Jacuzzi; Cheminée,"Villa neuve a louer à 10mn du centre ville construite sur un terrain de 15 000 m² dont 1500 m² de surface construite.   Au rez de chaussé, hall d'entrée Arabo-andalous avec fontaine, vestiaire invités, salon marocain, salle de cinéma, salon européen et un grand espace de terrasse.   Espace spa avec: piscine chauffée à débordement, jacuzzi, hammam, sauna et vestiaire.   Cuisine, office, buanderie, lingerie.   Pavillon invités avec 2 chambres et un grand salon avec cheminée, complètement indépendant de la villa.   Premier étage: Une chambre d'amis et un appartement parents avec un salon, chambre, salle de bain et grand dressing.   Jardin paysagé avec palmiers et oliviers bicentenaires et washingtonias. Piscine à débordement 30mx10m avec plage immergée.",https://www.barnes-marrakech.com/images/produits/97f5cf15e55a5c88fdedf88d01f4a32f_992a9c1d98_1600-original.jpg,1,Professionnel,2026-09-30
2769741,barnes,Sublime villa de prestige en location saisonnière,https://www.barnes-marrakech.com/fr/location-saisonniere/marrakech/2769741,Location,Villa,Marrakech,Bab Atlas,Prix Nous consulter,,20000,6,6,Piscine; Terrasse,"Cette Villa , Magnifique et exclusive est située dans les domaines privés de Marrakech a louer. Composée de 6 suites de plain pied, dont 5 avec leur terrasse privée et la 6ème d'une terrasse, d'une piscine et d'un bureau. Un splendide parc arboré de 2 héctares, une piscine chauffée de 35x5 vous permettant de vivre à l'intérieur comme à l'extérieur... Idéale pour passer un séjour de rêve ou organiser un événement, tout est organisé avec un service de qualité. Les services inclus et en sus vous seront précisés par votre interlocuteur en agence.",https://www.barnes-marrakech.com/images/produits/b60a1781b954b8f34e339a0140ff85fc_1e125af07a_1276-original.jpg,1,Professionnel,2026-09-30
6274515,barnes,Villa de luxe avec belles finitions marocaine,https://www.barnes-marrakech.com/fr/vente/marrakech/6274515,Vente,Villa,Marrakech,Golf Amelkis,Prix Nous consulter,,700,4,4,Gardien; Piscine; Cheminée,"Très belle propriété à vendre à amelkis de style marocain mais décoré avec raffinement. Matériaux très haut de gammes. Sur un terrain de 2.000m² avec piscine. Parc superbement paysagé, grande maison avec plusieurs salons, salons cheminée, bureau, ascenseur,bibliothèque à l'étage. Pour plus d'informations nous contacter.",https://www.barnes-marrakech.com/images/produits/75eb3312dad4d3d41a69715419ab503e_0429712d65_1276-original.jpg,1,Professionnel,2026-09-30
86689665,barnes,"Hivernage – Dernier étage 250 m², terrasse vue Atlas, 3 suites, rooftop piscine",https://www.barnes-marrakech.com/fr/location/marrakech/86689665,Location,Appartement,Marrakech,Hivernage,3 200 EUR /Mois,34560,245,3,,Air conditionné; Cheminée; Internet; Volets roulants électriques; Ascenseur; Concierge; Gardien; Piscine en copropriété; Congélateur; Four; Lave-linge; Lave-vaisselle; Plaque de cuisson,"Au cœur de l’Hivernage, au dernier étage d’une résidence de grand standing, cet appartement de 250 m² s’ouvre sur une terrasse et profite d’une vue dégagée sur l’Atlas, sans vis-à-vis.

La réception d’environ 100 m² structure l’appartement autour d’un espace salon / salle à manger au style contemporain, prolongé naturellement vers l’extérieur. La cuisine entièrement équipée complète ce niveau de vie, pensé pour recevoir autant que pour le quotidien.

Côté nuit, trois chambres, chacune avec sa salle de bain privative, assurent confort et intimité. L’appartement bénéficie d’un accès par ascenseur, ajoutant une vraie facilité d’usage au quotidien.

La résidence est sécurisée et propose une piscine sur le toit, ainsi que deux places de parking en sous-sol et un box de rangement. Une adresse recherchée à Marrakech, avec des volumes, une terrasse et une vue rare dans le quartier.",https://www.barnes-marrakech.com/images/produits/d75c5aee974ab04dba655a760b98b97a_a146e2df99_2000-original.jpg,1,Professionnel,2026-09-30
902716,sarouty,Magnifique villa meublée sur un hectare,https://www.sarouty.ma/acheter/villa-marrakech-route-d-ourika-902716,Vente,Villa,Marrakech,Route d'Ourika,25 000 000 MAD,25000000,1400,5,7,Meublé; Calme absolu,"Magnifique villa de prestige sur un hectare – 1 400 m² habitables

Nichée au cœur d’un environnement calme et verdoyant, cette somptueuse villa de 1 400 m² h…",https://sarouty-prod.s3.eu-west-3.amazonaws.com/public_assets/property/902716/eebc0o.jpg,1,Professionnel,2026-09-30
901232,sarouty,"Villa rénovée plein sud, sans vis-à-vis — Golf d'Amelkis, Marrakech",https://www.sarouty.ma/acheter/villa-marrakech-amelkis-901232,Vente,Villa,Marrakech,Amelkis,13 000 000 MAD,13000000,1055,4,4,Proximité Golf,Rare opportunité sur le prestigieux golf d'Amelkis. Cette villa entièrement rénovée il y a moins d'un an  et jamais louée s'impose comme l'une des belles aff…,https://sarouty-prod.s3.eu-west-3.amazonaws.com/public_assets/property/901232/ee99do.jpg,1,Professionnel,2026-09-30
907915,sarouty,"Duplex neuf à Semlalia, Terrasse + Sans vis-à-vis, Marrakech : à vendre",https://www.sarouty.ma/acheter/appartement-marrakech-semlalia-907915,Vente,Appartement,Marrakech,Semlalia,1 762 000 MAD,1762000,118,2,,Terrasse,"L’Immobilier Sans Frontières vous propose ce duplex neuf à vendre à Semlalia, Marrakech, situé à proximité des pharmacies, écoles et supermarchés. D’une supe…",https://limmobiliersansfrontieres.com/wp-content/uploads/2024/04/0-image-a-la-une-91-scaled.jpg,1,Professionnel,2026-09-30
907351,sarouty,"Villa meublée à Amelkis, Piscine privée + Jardin privé, Marrakech : à louer",https://www.sarouty.ma/louer/villa-marrakech-amelkis-907351,Location,Villa,Marrakech,Amelkis,150 000 MAD,150000,600,5,,Piscine; Jardin; Meublé,"L’Immobilier Sans Frontières vous propose à la location cette villa meublée située à Amelkis, Marrakech, dans une résidence sécurisée. La surface habitable e…",https://limmobiliersansfrontieres.com/wp-content/uploads/2025/12/WhatsApp-Image-2025-12-12-at-14.13.57.jpeg,1,Professionnel,2026-09-30
902615,sarouty,Terrain titré  à vendre – 3000 m² à M’Hamid 9,https://www.sarouty.ma/acheter/terrain-marrakech-mhamid-902615,Vente,Terrain,Marrakech,Mhamid,12 000 000 MAD,12000000,3000,,,,"Nous proposons à la vente un terrain titré exceptionnel d’une superficie de 3000 m², idéalement situé dans le secteur recherché de M’Hamid 9. Ce bien rare bé…",https://sarouty-prod.s3.eu-west-3.amazonaws.com/public_assets/property/902615/fb7c3o.jpg,1,Professionnel,2026-09-30
907387,sarouty,"Villa à louer — Piscine privée – Amelkis, Marrakech",https://www.sarouty.ma/louer/villa-marrakech-amelkis-907387,Location,Villa,Marrakech,Amelkis,55 000 MAD,55000,1300,6,,Piscine; Meublé; Calme absolu,"L’Immobilier Sans Frontières vous propose à la location cette villa meublée située à Amelkis, Marrakech, dans un environnement calme, sécurisé et résidentiel…",https://limmobiliersansfrontieres.com/wp-content/uploads/2025/11/0-image-a-la-une-1-6.jpg,1,Professionnel,2026-09-30
906866,sarouty,Apartment for rent in Hivernage,https://www.sarouty.ma/louer/appartement-marrakech-hivernage-906866,Location,Appartement,Marrakech,Hivernage,8 000 MAD,8000,75,2,1,Parking,"Lovely unfurnished apartment for long-term rental, located in Hivernage on the 4th floor in a secure building with communal swimming pool and parking. The ap…",https://mluxury.ma/media/bien_photos/bien_9860/873b1f1e7cb34a4f98baaf62469aafe1.jpg,1,Professionnel,2026-09-30
905406,sarouty,Vente Maison à Marrakech,https://www.sarouty.ma/acheter/villa-marrakech-ancienne-medina-905406,Vente,Villa,Marrakech,Ancienne Médina,600 000 MAD,600000,36,2,,Calme absolu,"Amine HADDANI propose à la vente une petite maison traditionnelle de 36 m² située dans le quartier calme et recherché de la Zaouia Abbassia, au cœur de la Mé…",https://api.app.milkiya.ma/property_images/0a2a331a51768892aa17.jpeg?v2,1,Professionnel,2026-09-30
906978,sarouty,Land for sale Victor Hugo,https://www.sarouty.ma/acheter/terrain-marrakech-victor-hugo-906978,Vente,Terrain,Marrakech,Victor Hugo,8 900 000 MAD,8900000,546,,1,,"R+3 titled land plot of 546 m², very well located in Victor Hugo Selling price: 8,900,000 Dhs",https://mluxury.ma/media/bien_photos/bien_8873/e47b0e9424b94e369da1d2940f4a30da.jpg,1,Professionnel,2026-09-30
907891,sarouty,"Appartement vide à vendre à Semlalia, Marrakech – 1er étage – 82 m²",https://www.sarouty.ma/acheter/appartement-marrakech-semlalia-907891,Vente,Appartement,Marrakech,Semlalia,1 550 000 MAD,1550000,82,2,,Piscine; Ascenseur,"L’Immobilier Sans Frontières vous propose à la vente cet appartement vide situé à Semlalia, Marrakech, au 1er étage d’une résidence avec ascenseur, piscine c…",https://limmobiliersansfrontieres.com/wp-content/uploads/2026/08/0-image-a-la-une-Photo.jpg,1,Professionnel,2026-09-30
897207,sarouty,Belle villa moderne à louer - Marrakech,https://www.sarouty.ma/louer/villa-marrakech-route-d-ourika-897207,Location,Villa,Marrakech,Route d'Ourika,50 000 MAD,50000,300,4,4,Calme absolu,"Située sur la route d’Ourika, dans un environnement calme et prestigieux, cette villa contemporaine de plain-pied allie élégance, confort et modernité au cœu…",https://sarouty-prod.s3.eu-west-3.amazonaws.com/public_assets/property/897207/bb271o.jpg,1,Professionnel,2026-09-30
892974,sarouty,VILLA RIAD COEUR PALMERAIE A VENDRE,https://www.sarouty.ma/acheter/villa-marrakech-palmeraie-892974,Vente,Riad,Marrakech,Palmeraie,2 500 000 MAD,2500000,150,3,2,,"Notre agence LE COMPTOIR vous propose cette villa de style riad à la vente. Composée de trois chambres dont une master, le tout à l’étage. En rez de chaussé,…",https://sarouty-prod.s3.eu-west-3.amazonaws.com/public_assets/property/3444/83583f7e-24d5-11f0-8c27-8e30f5c06623.png,1,Professionnel,2026-09-30
906913,sarouty,Apartment for sale Victor Hugo,https://www.sarouty.ma/acheter/appartement-marrakech-victor-hugo-906913,Vente,Appartement,Marrakech,Victor Hugo,1 500 000 MAD,1500000,70,2,1,,"70 m² apartment for sale located in Victor Hugo on the 3rd floor in a secure building. Comprising a living room, a kitchen, two bedrooms, a small balcony, a …",https://mluxury.ma/media/bien_photos/bien_9799/4377eafb94914d9d8c42c720178e2d2c.jpg,1,Professionnel,2026-09-30
907021,sarouty,Villa for rent in Amelkis,https://www.sarouty.ma/louer/villa-marrakech-amelkis-907021,Location,Villa,Marrakech,Amelkis,4 200 MAD,4200,500,3,1,Proximité Golf,"Beautiful villa offered for short-term rental in Amelkis, located within a secure residence on the Golf, comprising a double living room with fireplace openi…",https://mluxury.ma/media/bien_photos/bien_9480/62eb1d5eb50b4dbeafca6c13fbe1d9a4.jpg,1,Professionnel,2026-09-30
896612,sarouty,Villa d’Exception domaine de golf,https://www.sarouty.ma/acheter/villa-marrakech-chrifia-896612,Vente,Villa,Marrakech,Chrifia,7 500 000 MAD,7500000,320,5,7,Proximité Golf,"Villa d’Exception – 5 Suites – Bien-être &amp; Divertissement Intégrés

Plongez dans l’univers du luxe avec cette villa prestigieuse, pensée pour offrir un c…",https://sarouty-prod.s3.eu-west-3.amazonaws.com/public_assets/property/10075/3cc32725-97e2-11f0-9b79-32f62b868b84.png,1,Professionnel,2026-09-30
908465,sarouty,شقه للكراء الشهري,https://www.sarouty.ma/louer/appartement-marrakech-majorelle-908465,Location,Appartement,Marrakech,Majorelle,7 500 MAD,7500,66,2,1,,شقه للكراء الشهري في حي مجوراي فقط تلاتة اشهر ارحب بكم,https://sarouty-prod.s3.eu-west-3.amazonaws.com/public_assets/property/908465/bf079o.jpg,1,Professionnel,2026-09-30
901334,sarouty,Appart  meublé à louer 65 m²  Charaf,https://www.sarouty.ma/louer/appartement-marrakech-hay-charaf-901334,Location,Appartement,Marrakech,Hay Charaf,6 000 MAD,6000,65,2,1,Meublé,"Nous vous proposons à la location un bel appartement meublé d’une superficie de 65 m², idéalement situé dans le quartier Charaf, sur le grand boulevard, à pr…",https://sarouty-prod.s3.eu-west-3.amazonaws.com/public_assets/property/901334/8978do.jpg,1,Professionnel,2026-09-30
908016,sarouty,Riad de luxe titré – 112 m² au sol – 4 chambres – Médina de Marrakech,https://www.sarouty.ma/acheter/riad-marrakech-ben-saleh-908016,Vente,Riad,Marrakech,Ben Saleh,6 750 000 MAD,6750000,112,4,4,,"Situé à la médina, à proximité de la Place Ben Saleh, ce superbe riad allie le charme de l'architecture traditionnelle marocaine et le confort moderne.

Édif…",https://sarouty-prod.s3.eu-west-3.amazonaws.com/public_assets/property/908016/57843o.jpg,1,Professionnel,2026-09-30
897361,sarouty,Sublime villa d’architecte à vendre - Marrakech,https://www.sarouty.ma/acheter/villa-marrakech-bab-atlas-897361,Vente,Villa,Marrakech,Bab Atlas,33 000 000 MAD,33000000,800,6,6,Calme absolu,"Située dans le secteur recherché de Bab Atlas, cette villa d’architecte contemporaine s’inscrit dans un environnement calme et privilégié, aux portes de Marr…",https://sarouty-prod.s3.eu-west-3.amazonaws.com/public_assets/property/897361/cd5b6o.jpg,1,Professionnel,2026-09-30
894787,sarouty,Plateau bureau à louer 85m² Route deSafi Marrakech,https://www.sarouty.ma/louer/bureaux-marrakech-semlalia-894787,Location,Commercial,Marrakech,Semlalia,10 000 MAD,10000,85,,,Meublé,Très beau plateau bureau à louer de 85m² situé en plein route de Safi Marrakech tout près de la facultés des sciences Semlalia dans un immeuble sécurisé   co…,https://sarouty-prod.s3.eu-west-3.amazonaws.com/public_assets/property/1320/ac5da09a-5b42-11f0-bf8b-12bf22d86e61.png,1,Professionnel,2026-09-30
771635,sarouty,Magnifique villa d’architecte à louer - Marrakech,https://www.sarouty.ma/louer/villa-marrakech-bab-atlas-771635,Location,Villa,Marrakech,Bab Atlas,120 000 MAD,120000,800,6,6,Calme absolu,"Située dans le secteur recherché de Bab Atlas, cette villa d’architecte contemporaine s’inscrit dans un environnement calme et privilégié, aux portes de Marr…",https://sarouty-prod.s3.eu-west-3.amazonaws.com/public_assets/property/771635/4bee6o.jpg,1,Professionnel,2026-09-30
873495,sarouty,Villa meublée  longue Marrakech,https://www.sarouty.ma/louer/villa-marrakech-palmeraie-873495,Location,Villa,Marrakech,Palmeraie,40 000 MAD,40000,2300,5,3,Piscine; Meublé,"Villa longue durée Marrakech meublée 
Disponible 

40000 dh ferme 
5 chambres 
2 salons 
Grand terrain 2300 m2 
Palmeraie 
Grande Piscine 
Cuisine au sous so…",https://sarouty-prod.s3.eu-west-3.amazonaws.com/public_assets/property/4492/f293296d-5493-11ee-91f7-e2635079c14e.png,1,Professionnel,2026-09-30
896277,sarouty,Villa avec piscine sur golf - Marrakech,https://www.sarouty.ma/louer/villa-marrakech-route-amizmiz-896277,Location,Villa,Marrakech,Route Amizmiz,17 000 MAD,17000,150,3,3,Piscine; Proximité Golf,"Villa de charme à louer au cœur d'un prestigieux parcours de Golf – Marrakech

Située dans l’environnement sécurisé et paisible d'un domaine golfique, sur la…",https://sarouty-prod.s3.eu-west-3.amazonaws.com/public_assets/property/2459/84a87dd2-8ef1-11f0-a1f6-92813151c81d.png,1,Professionnel,2026-09-30
908069,sarouty,"Villa à vendre Marrakech – 450 m², piscine, spa et hammam",https://www.sarouty.ma/acheter/villa-marrakech-mhamid-908069,Vente,Villa,Marrakech,Mhamid,3 800 000 MAD,3800000,450,3,4,Piscine; Hammam; Spa,"À vendre, superbe villa familiale à Marrakech, développant environ 450 m² habitables sur un terrain de 258 m².
Répartie sur sous-sol, rez-de-chaussée, étage …",https://sarouty-prod.s3.eu-west-3.amazonaws.com/public_assets/property/908069/a3daco.jpg,1,Professionnel,2026-09-30
902836,sarouty,Terrain Agricole Titré  47 Hectares Route d'Ourika,https://www.sarouty.ma/acheter/terrain-marrakech-route-d-ourika-902836,Vente,Terrain,Marrakech,Route d'Ourika,14 000 000 MAD,14000000,470000,,,,"Terrain agricole  Titré  à vendre  47 hectares sur la route d’Ourika, km 24 de Marrakech, avec accès direct sans piste. Ce magnifique terrain bénéficie d’un …",https://sarouty-prod.s3.eu-west-3.amazonaws.com/public_assets/property/902836/e9211o.jpg,1,Professionnel,2026-09-30
1,sarouty,Location Propriété Marrakech,https://www.sarouty.ma/louer/marrakech/quartier-iziki-1,Location,Villa,Marrakech,Iziki,,,,,,,,https://www.sarouty.ma/wp-content/uploads/2026/01/sarouty_logo.svg,1,Professionnel,2026-09-30
908115,sarouty,VENDRE - SOCIÉTÉ AVEC SALON DE COIFFURE FEMME,https://www.sarouty.ma/acheter/magasin-marrakech-gueliz-908115,Vente,Commercial,Marrakech,Guéliz,300 000 MAD,300000,64,,1,Meublé,"VENDRE - SOCIÉTÉ AVEC SALON DE COIFFURE FEMME
Opportunité à saisir !
Société à vendre avec salon de coiffure pour femmes entièrement aménagé, meublé et équip…",https://sarouty-prod.s3.eu-west-3.amazonaws.com/public_assets/property/908115/a5ea6o.jpg,1,Professionnel,2026-09-30
896611,sarouty,Villa de Prestige Meublée dans un Domaine de Golf,https://www.sarouty.ma/acheter/villa-marrakech-chrifia-896611,Vente,Villa,Marrakech,Chrifia,8 500 000 MAD,8500000,552,5,6,Meublé; Proximité Golf,"Découvrez cette somptueuse villa de haut standing, alliant élégance, confort et fonctionnalité, située sur un terrain de 552 m² avec une superficie construit…",https://sarouty-prod.s3.eu-west-3.amazonaws.com/public_assets/property/10075/fbadb7d6-97dd-11f0-9799-6ec9ab2d8988.png,1,Professionnel,2026-09-30
908338,sarouty,فيلا للكراء يومي,https://www.sarouty.ma/louer/villa-marrakech-targa-908338,Location,Villa,Marrakech,Targa,2 500 MAD,2500,500,3,3,,فيلا للكراء اليومي في حي تارجه نرحب بكم للعائلات بمزيد من المعلومات المرجو التواصل معنا,https://sarouty-prod.s3.eu-west-3.amazonaws.com/public_assets/property/908338/869c7o.jpg,1,Professionnel,2026-09-30
885202,sarouty,Villa Contemporaine Isolée Front Golf,https://www.sarouty.ma/acheter/villa-marrakech-chrifia-885202,Vente,Villa,Marrakech,Chrifia,11 000 000 MAD,11000000,854,5,6,Proximité Golf,"Somptueuse villas édifiées sur un domaine de Golf  dotées d’une superficie de 604 mètres carré situé dans une zone touristique prestigieuse.

Sobres et raffi…",https://sarouty-prod.s3.eu-west-3.amazonaws.com/public_assets/property/10075/26a9b83f-6c7a-11ef-ae0b-764defebf4d7.png,1,Professionnel,2026-09-30
906953,sarouty,Apartment for sale in Hivernage,https://www.sarouty.ma/acheter/appartement-marrakech-hivernage-906953,Vente,Appartement,Marrakech,Hivernage,11 000 000 MAD,11000000,147,2,1,Spa,"Luxurious 147 m² apartment located in Hivernage at the famous M Avenue, comprising a spacious living room with dining area opening onto a large terrace, a mo…",https://mluxury.ma/media/bien_photos/bien_9520/1.jpg,1,Professionnel,2026-09-30
896131,sarouty,Opportunité! Palmeraie 2 77 m2 2 chambres Étage,https://www.sarouty.ma/acheter/appartement-marrakech-palmeraie-896131,Vente,Appartement,Marrakech,Palmeraie,1 600 000 MAD,1600000,77,2,2,Piscine; Cheminée,"Opportunité magnifique 2 chambres a la palmeraie village 2 de Marrakech. 
Résidence avec piscines sur 44 ha. Le bien est composée de d'un salon avec cheminée…",https://sarouty-prod.s3.eu-west-3.amazonaws.com/public_assets/property/2241/f6f20f9d-898a-11f0-ac2b-161aed8d81b2.png,1,Professionnel,2026-09-30
907403,sarouty,"Riad Melkia à vendre dans la Médina, Marrakech – 104 m² avec terrasse",https://www.sarouty.ma/acheter/villa-marrakech-medina-907403,Vente,Riad,Marrakech,Médina,2 200 000 MAD,2200000,220,5,,Terrasse,"L’Immobilier Sans Frontières vous propose à la vente ce riad situé dans la Médina de Marrakech.

D’une superficie de 104 m², ce riad offre un beau potentiel …",https://limmobiliersansfrontieres.com/wp-content/uploads/2026/07/0-image-a-la-une-Photo.jpg,1,Professionnel,2026-09-30
908156,sarouty,"Villa meublée à Route d’Amizmiz km 17, plain-pied + piscine privée, Marrakech : à louer",https://www.sarouty.ma/louer/villa-marrakech-route-amizmiz-908156,Location,Villa,Marrakech,Route Amizmiz,16 000 MAD,16000,1000,3,,Piscine; Meublé,"L’Immobilier Sans Frontières vous propose à la location cette villa meublée de plain-pied située sur la Route d’Amizmiz Km 17, Marrakech. La superficie commu…",https://limmobiliersansfrontieres.com/wp-content/uploads/2025/10/0-image-a-la-une-1-2-scaled.jpg,1,Professionnel,2026-09-30
896282,sarouty,Terrain titré de 2538 m² en vente Rte de Casa,https://www.sarouty.ma/acheter/terrain-marrakech-route-de-casablanca-896282,Vente,Terrain,Marrakech,Route de Casablanca,1 400 000 MAD,1400000,2538,,,,"L&#39;agence Stone immobilier met à la vente un lot titré de 2538 m² à 15 km de Marrakech, juste après le grand stade vers route de Casablanca
Le lot est tit…",https://sarouty-prod.s3.eu-west-3.amazonaws.com/public_assets/property/3428/ceeddb6d-8f12-11f0-a1f6-92813151c81d.png,1,Professionnel,2026-09-30
891387,sarouty,Usine de 1150 m² au quartier Industriel,https://www.sarouty.ma/acheter/usine-marrakech-sidi-ghanem-891387,Vente,Villa,Marrakech,Sidi Ghanem,20 000 000 MAD,20000000,1150,,6,,"L&#39;agence Stone immobilier met à la vente une usine de 1150 m² &#34;Atelier de Pâtisserie&#34; au quartier industriel de Marrakech 
L&#39;atelier est cons…",https://sarouty-prod.s3.eu-west-3.amazonaws.com/public_assets/property/3428/acff29bf-0ab2-11f0-99be-729dcc2d7053.png,1,Professionnel,2026-09-30
907405,sarouty,"Riad vide Melkia à vendre dans la Médina, Marrakech – 120 m²",https://www.sarouty.ma/acheter/villa-marrakech-medina-907405,Vente,Riad,Marrakech,Médina,1 200 000 MAD,1200000,89,5,,,"L’Immobilier Sans Frontières vous propose à la vente ce riad vide situé dans la Médina de Marrakech.

D’une superficie de 120 m², ce riad offre un beau poten…",https://limmobiliersansfrontieres.com/wp-content/uploads/2026/07/0-image-a-la-une-Photo-1-24.jpg,1,Professionnel,2026-09-30
908320,sarouty,DUPLEX NEUF 3 CHAMBRES AU RDC LOUÉ MEUBLÉ - VICTOR HUGO,https://www.sarouty.ma/louer/appartement-marrakech-gueliz-908320,Location,Appartement,Marrakech,Guéliz,15 000 MAD,15000,110,3,,Meublé,"Duplex neuf de 110 m² au sol, situé au rez-de-chaussée dans le quartier prisé de Victor Hugo, offre un cadre de vie moderne et bien agencé sur deux niveaux. …",https://ma.immotech.app/uploads/media/property/0002/65/thumb_164263_property_big.jpeg,1,Professionnel,2026-09-30
908110,sarouty,Appartement à loué – Guéliz Marrakech,https://www.sarouty.ma/louer/appartement-marrakech-route-de-fes-908110,Location,Appartement,Marrakech,Route de Fès,8 500 MAD,8500,54,2,1,Meublé; Climatisation; Ascenseur,"Je propose à la location un appartement de haut standing à Marrakech, Route de Safi.
- Studio de 54 m²
- Meublé et en bon état
- Climatisation et ascenseur
-…",https://sarouty-prod.s3.eu-west-3.amazonaws.com/public_assets/property/908110/5cbdeo.jpg,1,Professionnel,2026-09-30
903785,sarouty,Beau Appartement centre Marrakech,https://www.sarouty.ma/acheter/appartement-marrakech-plaza-903785,Vente,Appartement,Marrakech,Plaza,2 500 000 MAD,2500000,92,2,2,,"Découvrez ce bel appartement T3 entièrement équipé tout est neuf et sous garantie, lumineux et bien agencé, offrant un cadre de vie agréable. Il se compose d…",https://sarouty-prod.s3.eu-west-3.amazonaws.com/public_assets/property/903785/7dabeo.jpg,1,Professionnel,2026-09-30
896357,sarouty,Joli Riad melkia au quartier Lakssour,https://www.sarouty.ma/acheter/riad-marrakech-laksour-896357,Vente,Riad,Marrakech,Laksour,3 200 000 MAD,3200000,90,,2,Jardin,"L&#39;agence Stone immobilier met à la vente une jolie maison Melkia de 90 m² au fameux quartier Laksour
La maison a une magnifique vue sur les fameux jardin…",https://sarouty-prod.s3.eu-west-3.amazonaws.com/public_assets/property/3428/bc7eb87a-8fe4-11f0-b39b-0a7c4b6dfef6.png,1,Professionnel,2026-09-30
897391,sarouty,RIAD QUARTIER KASBAH A RENOVER,https://www.sarouty.ma/acheter/riad-marrakech-kasbah-marrakech-897391,Vente,Riad,Marrakech,Kasbah Marrakech,2 600 000 MAD,2600000,126,1,1,,"Notre agence immobilière LE COMPTOIR vous propose ce riad à rénover à la vente dans le quartier authentique et recherché de la Kasbah de Marrakech.

Édifiée …",https://sarouty-prod.s3.eu-west-3.amazonaws.com/public_assets/property/897391/18d41o.jpg,1,Professionnel,2026-09-30
903305,sarouty,Villa à vendre 3200 m² km 19 Sidi Abdellah Ghiate,https://www.sarouty.ma/acheter/villa-marrakech-sidi-abdellah-ghiat-903305,Vente,Villa,Marrakech,Sidi Abdellah Ghiat,5 800 000 MAD,5800000,3200,3,4,Calme absolu,"Villa titrée à vendre, d’une superficie totale de 3 200 m², idéalement située à Sidi Abdellah Ghiate km 19, dans un environnement calme et naturel,
Cette pro…",https://sarouty-prod.s3.eu-west-3.amazonaws.com/public_assets/property/903305/6bbf9o.jpg,1,Professionnel,2026-09-30
908025,sarouty,"Appartement meublé à louer – 3ème étage – Victor Hugo, Marrakech",https://www.sarouty.ma/louer/appartement-marrakech-victor-hugo-908025,Location,Appartement,Marrakech,Victor Hugo,8 000 MAD,8000,74,2,,Meublé,"L’Immobilier Sans Frontières vous propose cet appartement meublé de 74 m², situé au 3ème étage à Victor Hugo, Marrakech, à proximité immédiate des commerces …",https://limmobiliersansfrontieres.com/wp-content/uploads/2024/06/0-image-a-la-une-17-scaled.jpg,1,Professionnel,2026-09-30
897442,sarouty,Villa aux Portes de Marrakech - Tamansourt,https://www.sarouty.ma/louer/appartement-marrakech-route-de-tamansourt-897442,Location,Appartement,Marrakech,Route de Tamansourt,10 000 MAD,10000,130,3,2,Calme absolu,"Située dans le calme résidentiel de Tamansourt, à 30 minutes du dynamisme du centre de Marrakech, cette villa de style classique offre un cadre de vie équili…",https://sarouty-prod.s3.eu-west-3.amazonaws.com/public_assets/property/897442/dd610o.jpg,1,Professionnel,2026-09-30
897249,sarouty,VILLA D'EXCEPTION EN FRONT DE GOLF AMELKIS,https://www.sarouty.ma/acheter/villa-marrakech-amelkis-897249,Vente,Villa,Marrakech,Amelkis,25 000 000 MAD,25000000,1150,5,5,Proximité Golf,"UNE SIGNATURE ARCHITECTURALE CONTEMPORAINE
Surplombant les fairways légendaires du golf d'Amelkis, cette villa d'architecte 2024 transcende l'art de vivre ma…",https://sarouty-prod.s3.eu-west-3.amazonaws.com/public_assets/property/897249/3df8do.jpg,1,Professionnel,2026-09-30
872580,sarouty,Luxueuse villa moderne 1000 m2 Amelkis,https://www.sarouty.ma/acheter/villa-marrakech-amelkis-872580,Vente,Villa,Marrakech,Amelkis,28 000 000 MAD,28000000,1000,5,5,,"Magnifique villa de plus de 1000 m2 habitable

Elles vous charmera par ces belles finitions et son architecture moderne épuré

Elle se compose de: 

5 somptu…",https://sarouty-prod.s3.eu-west-3.amazonaws.com/public_assets/property/4492/db1a9d35-458e-11ee-823a-0a9d449fbc58.jpg,1,Professionnel,2026-09-30
897034,sarouty,Bel appartement à louer - Marrakech,https://www.sarouty.ma/louer/appartement-marrakech-route-amizmiz-897034,Location,Appartement,Marrakech,Route Amizmiz,8 500 MAD,8500,43,1,1,Jardin; Meublé; Calme absolu,"Situé sur la route d’Amizmiz, dans une résidence calme et soignée, cet appartement meublé en rez-de-jardin offre un cadre de vie confortable et contemporain,…",https://sarouty-prod.s3.eu-west-3.amazonaws.com/public_assets/property/897034/c2e4bo.jpg,1,Professionnel,2026-09-30
907641,sarouty,"Villa meublée à Route D’Amizmiz Km 17, piscine privée + plain-pied, Marrakech : à louer",https://www.sarouty.ma/louer/villa-marrakech-route-amizmiz-907641,Location,Villa,Marrakech,Route Amizmiz,35 000 MAD,35000,10240,4,,Piscine; Meublé,L’Immobilier Sans Frontières vous propose cette villa meublée à louer sur la Route d’Amizmiz à 17 km de Marrakech. Villa de plain-pied sur un terrain d’1 hec…,https://limmobiliersansfrontieres.com/wp-content/uploads/2025/10/0-image-a-la-une-29-scaled.jpg,1,Professionnel,2026-09-30
897373,sarouty,REZ DE JARDIN DE 115 M² a la Palmeraie Village 2,https://www.sarouty.ma/acheter/appartement-marrakech-palmeraie-897373,Vente,Appartement,Marrakech,Palmeraie,2 100 000 MAD,2100000,115,2,2,Jardin,"Appartement d’Exception en Rez-de-Jardin – Palmeraie Village 2, Marrakech
Au cœur de la mythique Palmeraie de Marrakech, découvrez un appartement rare, conju…",https://sarouty-prod.s3.eu-west-3.amazonaws.com/public_assets/property/897373/98d69o.jpg,1,Professionnel,2026-09-30
907892,sarouty,"Appartement à louer à Semlalia, Marrakech — Piscine collective — 100 m²",https://www.sarouty.ma/louer/appartement-marrakech-semlalia-907892,Location,Appartement,Marrakech,Semlalia,8 000 MAD,8000,100,2,,Piscine,"L’Immobilier Sans Frontières vous propose cet appartement neuf et vide à louer à Semlalia, Marrakech, situé au 1er étage d’une résidence moderne. L’emplaceme…",https://limmobiliersansfrontieres.com/wp-content/uploads/2025/06/0-image-a-la-une-1-1-scaled.jpg,1,Professionnel,2026-09-30
907404,sarouty,"Riad Melkia à vendre dans la Médina, Marrakech – 130 m²",https://www.sarouty.ma/acheter/villa-marrakech-medina-907404,Vente,Riad,Marrakech,Médina,2 600 000 MAD,2600000,130,4,,,"L’Immobilier Sans Frontières vous propose à la vente ce riad situé dans la Médina de Marrakech.

D’une superficie de 130 m², ce riad offre un beau potentiel …",https://limmobiliersansfrontieres.com/wp-content/uploads/2026/08/IMG_3021.MOV.00_00_00_38.Still001-copy.jpg,1,Professionnel,2026-09-30
894983,sarouty,Villa marocaine avec piscine - Marrakech,https://www.sarouty.ma/louer/villa-marrakech-route-amizmiz-894983,Location,Villa,Marrakech,Route Amizmiz,39 000 MAD,39000,500,5,6,Piscine; Proximité Golf,"À louer – Villa marocaine contemporaine au cœur d'un prestigieux golf

Située sur la très prisée route d’Amizmiz, au sein d'un domaine golfique sécurisé, cet…",https://sarouty-prod.s3.eu-west-3.amazonaws.com/public_assets/property/2459/a9bdf5c0-6251-11f0-bfba-5edb7618b41d.png,1,Professionnel,2026-09-30
897551,sarouty,Terrain 508 m² sécurisé – Cherifia Marrakech,https://www.sarouty.ma/acheter/terrain-marrakech-chrifia-897551,Vente,Terrain,Marrakech,Chrifia,2 790 000 MAD,2790000,508,,,,"Best Kech Immo Marrakech vous propose à la vente un lot de terrain titré de 508 m² situé à Cherifia Marrakech, dans un lotissement sécurisé, à proximité immé…",https://sarouty-prod.s3.eu-west-3.amazonaws.com/public_assets/property/897551/1f0a2o.jpg,1,Professionnel,2026-09-30
897031,sarouty,Villa moderne sans vis-à-vis à louer - Marrakech,https://www.sarouty.ma/louer/villa-marrakech-route-d-ourika-897031,Location,Villa,Marrakech,Route d'Ourika,50 000 MAD,50000,1300,4,5,Proximité Golf,"Située sur la très prisée route d’Ourika, à quelques minutes seulement des plus beaux golfs de Marrakech, cette élégante villa de plain-pied s’étend sur un t…",https://sarouty-prod.s3.eu-west-3.amazonaws.com/public_assets/property/897031/90b30o.jpg,1,Professionnel,2026-09-30
891619,sarouty,Appartement En vente à Majorelle,https://www.sarouty.ma/acheter/appartement-marrakech-majorelle-891619,Vente,Appartement,Marrakech,Majorelle,1 500 000 MAD,1500000,108,2,2,Piscine; Jardin,"Appartement En vente à Majorelle , Dans une résidence de standing dotée d&#39;une piscine très bien située à quelques pas des jardins Majorelle , L&#39;agenc…",https://sarouty-prod.s3.eu-west-3.amazonaws.com/public_assets/property/2242/deb5d489-3497-11f0-b294-021896d9f865.png,1,Professionnel,2026-09-30
907920,sarouty,"Appartement meublé à louer à Route de Casablanca, 57 m², Marrakech",https://www.sarouty.ma/louer/appartement-marrakech-route-de-casablanca-907920,Location,Appartement,Marrakech,Route de Casablanca,5 500 MAD,5500,57,1,,Meublé,"L’Immobilier Sans Frontières vous propose à la location cet appartement meublé situé au 5ᵉ étage d’une résidence fermée, sécurisée et bien entretenue, idéale…",https://limmobiliersansfrontieres.com/wp-content/uploads/2026/04/LAM167-scaled.jpg,1,Professionnel,2026-09-30
807783,sarouty,Maison de 147 m² avec 8 appartements à Massira,https://www.sarouty.ma/acheter/maison-marrakech-massira-807783,Vente,Appartement,Marrakech,Massira,4 000 000 MAD,4000000,147,8,8,,"L&#39;agence Stone Immobilier met à la vente une maison R+3 de 147 m² au sol
La Maison est situé dans un rue semi commerciale, elle se compose de 8 apparteme…",https://sarouty-prod.s3.eu-west-3.amazonaws.com/public_assets/property/3428/vr1tXwFYSjZ6uk7T.jpeg,1,Professionnel,2026-09-30
904557,sarouty,Location Villa à Marrakech,https://www.sarouty.ma/louer/villa-marrakech-palmeraie-904557,Location,Villa,Marrakech,Palmeraie,15 000 MAD,15000,40000,5,,,"Belle propriété authentique de style marocain sur une superficie de 4 ha, située sur la route de Fès, à 20 minutes du centre ville.

Superficie du terrain:  …",https://api.app.milkiya.ma/property_images/160447266a2d5990c583.jpeg?v2,1,Professionnel,2026-09-30
906955,sarouty,Villa for rent on route de Fès,https://www.sarouty.ma/louer/villa-marrakech-route-de-fes-906955,Location,Villa,Marrakech,Route de Fès,25 000 MAD,25000,350,3,1,,"Lovely furnished villa offered for long-term rental, located on route de Fès, 15 minutes from Guéliz, within a secure residence. It comprises a living room w…",https://mluxury.ma/media/bien_photos/bien_9722/15.jpg,1,Professionnel,2026-09-30
907860,sarouty,"Appartement à louer – vue piscine – Route de Casablanca, Marrakech",https://www.sarouty.ma/louer/appartement-marrakech-route-de-casablanca-907860,Location,Appartement,Marrakech,Route de Casablanca,9 000 MAD,9000,92,2,,Piscine; Meublé,"L’Immobilier Sans Frontières vous propose cet appartement meublé à louer sur la route de Casablanca, Marrakech, au sein d’une résidence tranquille et sécuris…",https://limmobiliersansfrontieres.com/wp-content/uploads/2024/09/0-image-a-la-une-6-scaled.jpg,1,Professionnel,2026-09-30
906903,sarouty,Villa for rent on Route de Fès,https://www.sarouty.ma/louer/villa-marrakech-route-de-fes-906903,Location,Villa,Marrakech,Route de Fès,3 000 MAD,3000,220,4,1,,"Superb villa for short-term rental located 25 minutes from the airport on the Route de Fès. On the ground floor, it comprises a double living room with TV op…",https://mluxury.ma/media/bien_photos/bien_9810/e9eecd2431944c028ca0be8f69c0016d.jpg,1,Professionnel,2026-09-30
907735,sarouty,"Appartement à louer à Prestigia, Marrakech — Meublé — 80 m²",https://www.sarouty.ma/louer/appartement-marrakech-route-amizmiz-907735,Location,Appartement,Marrakech,Route Amizmiz,15 000 MAD,15000,80,2,,Meublé; Calme absolu,"L’Immobilier Sans Frontières vous propose cet appartement meublé à louer à Prestigia, Marrakech, situé au 2ᵉ étage dans une résidence calme et sécurisée. La …",https://limmobiliersansfrontieres.com/wp-content/uploads/2025/02/0-image-a-la-une-copy-2.jpg,1,Professionnel,2026-09-30
895696,sarouty,Riad Authentique au Cœur de la Médina de Marrakech,https://www.sarouty.ma/acheter/riad-marrakech-bab-taghazout-895696,Vente,Riad,Marrakech,Bab Taghazout,3 500 000 MAD,3500000,127,,3,,"Niché au sein des ruelles pittoresques de la médina de Marrakech, ce charmant riad de 127 m² au sol allie élégance traditionnelle et confort moderne.

Dès l’…",https://sarouty-prod.s3.eu-west-3.amazonaws.com/public_assets/property/3444/b4fb7a0f-7375-11f0-82bf-e63c5ea8d512.png,1,Professionnel,2026-09-30
901252,sarouty,Duplex meublé à vendre 200 m² à Marrakech,https://www.sarouty.ma/acheter/duplex-marrakech-hivernage-901252,Vente,Duplex,Marrakech,Hivernage,4 500 000 MAD,4500000,200,3,2,Meublé,"Magnifique duplex meublé de 200 m², idéalement situé dans le prestigieux quartier de l’Hivernage, au 1er étage d’une résidence bien entretenue. Bénéficiant d…",https://sarouty-prod.s3.eu-west-3.amazonaws.com/public_assets/property/901252/b2181o.jpg,1,Professionnel,2026-09-30
896278,sarouty,Magnifique appartement moderne - Marrakech,https://www.sarouty.ma/louer/appartement-marrakech-hivernage-896278,Location,Appartement,Marrakech,Hivernage,37 000 MAD,37000,140,2,2,,"Au sein du très recherché quartier de l’Hivernage, cet appartement moderne de 140 m² conjugue élégance et confort dans un environnement exclusif.

Il se comp…",https://sarouty-prod.s3.eu-west-3.amazonaws.com/public_assets/property/2459/875dbbb9-8ef2-11f0-b39b-0a7c4b6dfef6.png,1,Professionnel,2026-09-30
897095,sarouty,Magnifique villa à louer - Marrakech,https://www.sarouty.ma/louer/villa-marrakech-route-d-ourika-897095,Location,Villa,Marrakech,Route d'Ourika,50 000 MAD,50000,320,4,4,Calme absolu,"Située sur la route d’Ourika, dans un environnement calme et prestigieux, cette villa contemporaine de plain-pied allie élégance, confort et modernité au cœu…",https://sarouty-prod.s3.eu-west-3.amazonaws.com/public_assets/property/897095/4cfd7o.jpg,1,Professionnel,2026-09-30
892811,sarouty,APPARTEMENT COEUR GUELIZ,https://www.sarouty.ma/louer/appartement-marrakech-gueliz-892811,Location,Appartement,Marrakech,Guéliz,11 500 MAD,11500,76,2,1,Meublé,"Notre agence LE COMPTOIR vous propose cet appartement à la location longue durée, situé en plein coeur de Gueliz, a deux pas du plaza dans un nouvel immeuble…",https://sarouty-prod.s3.eu-west-3.amazonaws.com/public_assets/property/3444/3e718adc-201d-11f0-94d7-729d91c7db25.png,1,Professionnel,2026-09-30
905324,sarouty,Vente Villa à Marrakech,https://www.sarouty.ma/acheter/villa-marrakech-ancienne-medina-905324,Vente,Villa,Marrakech,Ancienne Médina,3 500 000 MAD,3500000,161,6,,,"Je mets en vente un riad semi-fini de 160 m² au sol, idéalement situé à la Médina (Zaouïa El Abbasiya).

La structure se compose comme suit :

Rez-de-chaussé…",https://api.app.milkiya.ma/property_images/7c8867ca1ee830c097eb.jpeg?v2,1,Professionnel,2026-09-30
908029,sarouty,"Appartement meublé de 84 m² à louer à Semlalia – 2 chambres, vue piscine et double parking en sous-sol",https://www.sarouty.ma/louer/appartement-marrakech-semlalia-908029,Location,Appartement,Marrakech,Semlalia,11 000 MAD,11000,84,2,,Piscine; Meublé; Parking,"L’Immobilier Sans Frontières vous propose à la location cet appartement meublé de 84 m² situé au 3ème étage à Semlalia. Il comprend deux chambres, un salon m…",https://limmobiliersansfrontieres.com/wp-content/uploads/2026/09/0-image-a-la-une-Photo-copy-2.jpg,1,Professionnel,2026-09-30
892700,sarouty,Terrain 30H à vendre Route Amezmiz KM12,https://www.sarouty.ma/acheter/terrain-marrakech-route-amizmiz-892700,Vente,Terrain,Marrakech,Route Amizmiz,75 000 000 MAD,75000000,300000,,,,"Terrain bien positionné mise en vente situé à une zone touristique route Amezmiz KM 12.
Zone hôtelière
Zone Villas
Zone R+2",https://sarouty-prod.s3.eu-west-3.amazonaws.com/public_assets/property/10075/98308ec0-1b91-11f0-b609-5aca9abdf668.png,1,Professionnel,2026-09-30
896291,sarouty,Villa à rénover – Quartier Semlalia – 445 m²,https://www.sarouty.ma/acheter/villa-marrakech-semlalia-896291,Vente,Villa,Marrakech,Semlalia,4 700 000 MAD,4700000,350,3,4,,"Emplacement exceptionnel au cœur du centre-ville
Située dans le très recherché quartier Semlalia, cette villa à fort potentiel est une opportunité rare pour …",https://sarouty-prod.s3.eu-west-3.amazonaws.com/public_assets/property/2241/181a8d4c-8f47-11f0-b39b-0a7c4b6dfef6.png,1,Professionnel,2026-09-30
907965,sarouty,"Appartement à Bd Abdelkrim El Khattabi, Piscine + Ascenseur, Marrakech : à vendre",https://www.sarouty.ma/acheter/appartement-marrakech-route-de-casablanca-907965,Vente,Appartement,Marrakech,Route de Casablanca,1 500 000 MAD,1500000,136,2,,Piscine; Ascenseur,"L’Immobilier Sans Frontières vous propose cet appartement à vendre situé au 1er étage sur l’Avenue Abdelkrim El Khattabi, Marrakech, avec un accès rapide au …",https://limmobiliersansfrontieres.com/wp-content/uploads/2025/03/0-image-a-la-une-2-scaled.jpg,1,Professionnel,2026-09-30
907949,sarouty,"Terrain RA à vendre à Sidi Abdellah Ghiat, 7 681 m², Marrakech",https://www.sarouty.ma/acheter/terrain-marrakech-sidi-abdellah-ghiat-907949,Vente,Terrain,Marrakech,Sidi Abdellah Ghiat,1 200 000 MAD,1200000,7681,,,,"L’Immobilier Sans Frontières vous propose à la vente ce terrain à vocation agricole (RA) de 7 681 m² situé à Sidi Abdellah Ghiat, à proximité de Marrakech.

…",https://limmobiliersansfrontieres.com/wp-content/uploads/2025/08/0-image-a-la-une-25-scaled.jpg,1,Professionnel,2026-09-30
907352,sarouty,Villa meublée de standing à louer à Amelkis avec piscine privée,https://www.sarouty.ma/louer/villa-marrakech-amelkis-907352,Location,Villa,Marrakech,Amelkis,50 000 MAD,50000,1000,5,,Piscine; Meublé,"L’Immobilier Sans Frontières vous propose à la location longue durée cette magnifique villa meublée située à Amelkis 1, Marrakech, au sein d’une résidence fe…",https://limmobiliersansfrontieres.com/wp-content/uploads/2026/08/0-image-a-la-une-Photo-1-38.jpg,1,Professionnel,2026-09-30
902565,sarouty,Villa  à vendre sur Marrakech,https://www.sarouty.ma/acheter/villa-marrakech-targa-902565,Vente,Villa,Marrakech,Targa,8 500 000 MAD,8500000,,5,5,,Opportunité à saisir villa de charme d une superficie de 760 mètres carrés au centre de Marrakech à vendre,https://sarouty-prod.s3.eu-west-3.amazonaws.com/public_assets/property/902565/1cd49o.jpg,1,Professionnel,2026-09-30
907272,sarouty,"Riad Melkia en ruine à vendre dans la Médina, Marrakech – 220 m²",https://www.sarouty.ma/acheter/villa-marrakech-medina-907272,Vente,Riad,Marrakech,Médina,5 300 000 MAD,5300000,220,,,,"L’Immobilier Sans Frontières vous propose à la vente ce riad en ruine, situé dans la Médina de Marrakech.

D’une superficie de 220 m², ce bien offre un fort …",https://limmobiliersansfrontieres.com/wp-content/uploads/2026/07/0-image-a-la-une-Photo-1-25.jpg,1,Professionnel,2026-09-30
908049,sarouty,Villa à vendre – Route de Fés,https://www.sarouty.ma/acheter/villa-marrakech-route-de-fes-908049,Vente,Villa,Marrakech,Route de Fès,5 500 000 MAD,5500000,2000,5,5,Piscine; Meublé; Garage,"Je vends une belle villa meublée située sur la Route de Fès à Marrakech.
- 1 étage
- Surface habitable 500 m²
- Surface totale 2000 m²
- Garage
- Piscine
- M…",https://sarouty-prod.s3.eu-west-3.amazonaws.com/public_assets/property/908049/50c79o.jpg,1,Professionnel,2026-09-30
904685,sarouty,Vente Appartement à Marrakech,https://www.sarouty.ma/acheter/appartement-marrakech-massira-904685,Vente,Appartement,Marrakech,Massira,720 000 MAD,720000,76,2,,,"Je mets en vente un appartement de 76 m² situé à Massira 1, Marrakech.

Situé au 4ème étage, il comprend 2 chambres, un salon, un séjour, une cuisine fonctio…",https://api.app.milkiya.ma/property_images/08b1a082c38dea41c464.jpeg?v2,1,Professionnel,2026-09-30
908114,sarouty,Espace Bureau à Louer à Guéliz,https://www.sarouty.ma/louer/bureaux-marrakech-gueliz-908114,Location,Commercial,Marrakech,Guéliz,5 500 MAD,5500,28,,1,Meublé; Spa,"Superbe espace de bureau disponible à la location au premier étage, situé à 15 mètres de l’hôtel DIOUANE. Parfaitement équipé (pour Espace de Bureau Meublé à…",https://sarouty-prod.s3.eu-west-3.amazonaws.com/public_assets/property/908114/a5c1bo.jpg,1,Professionnel,2026-09-30
897629,sarouty,Villa meublée de luxe à louer,https://www.sarouty.ma/louer/appartement-marrakech-route-de-tahanaoute-897629,Location,Appartement,Marrakech,Route de Tahanaoute,60 000 MAD,60000,1022,5,6,Meublé,"Chestertons Maroc vous propose une superbe villa de prestige à louer, offrant une parfaite harmonie entre luxe, confort et modernité. Cette propriété s’étend…",https://sarouty-prod.s3.eu-west-3.amazonaws.com/public_assets/property/897629/14be5o.jpg,1,Professionnel,2026-09-30
907448,sarouty,"Maison vide à vendre à Massira 1, 500 m², Marrakech",https://www.sarouty.ma/acheter/villa-marrakech-massira-907448,Vente,Villa,Marrakech,Massira,2 306 250 MAD,2306250,175,5,,,"L’Immobilier Sans Frontières vous propose à la vente cette maison vide située à Massira 1, Marrakech. D’une superficie communiquée de 175 m², elle est répart…",https://limmobiliersansfrontieres.com/wp-content/uploads/2026/06/0-image-a-la-une-Photo-1-3.jpg,1,Professionnel,2026-09-30
896188,sarouty,APPARTEMENT A LOUER LONGUE DUREE MAJORELLE,https://www.sarouty.ma/louer/appartement-marrakech-majorelle-896188,Location,Appartement,Marrakech,Majorelle,10 000 MAD,10000,100,2,2,Meublé,"Notre agence Immobilière le COMPTOIR à Marrakech vous présente ce bel appartement entièrement rénové, équipé et meublé avec soin pour votre confort, au sein …",https://sarouty-prod.s3.eu-west-3.amazonaws.com/public_assets/property/3444/8c2f3d3f-8cc0-11f0-ae30-5e544fca71db.png,1,Professionnel,2026-09-30
907326,sarouty,"Riad titré d’environ 130 m² dans la Médina de Marrakech – Terrasse, 2 salons et titre foncier",https://www.sarouty.ma/acheter/villa-marrakech-medina-907326,Vente,Riad,Marrakech,Médina,1 500 000 MAD,1500000,130,2,,Terrasse,L’Immobilier Sans Frontières vous propose à la vente ce riad titré d’environ 130 m² situé dans la Médina de Marrakech. Le bien dispose de son titre foncier e…,https://limmobiliersansfrontieres.com/wp-content/uploads/2026/08/0-image-a-la-une-Photo-1-46.jpg,1,Professionnel,2026-09-30
896150,sarouty,"Appartement de 116 m² en RJD– Palmeraie Village 2,",https://www.sarouty.ma/acheter/appartement-marrakech-palmeraie-896150,Vente,Appartement,Marrakech,Palmeraie,2 150 000 MAD,2150000,116,2,2,Jardin,"Appartement d’Exception en Rez-de-Jardin – Palmeraie Village 2, Marrakech
Au cœur de la mythique Palmeraie de Marrakech, découvrez un appartement rare, conju…",https://sarouty-prod.s3.eu-west-3.amazonaws.com/public_assets/property/2241/8c30f196-8a4d-11f0-82e5-9a999ac270dd.png,1,Professionnel,2026-09-30
887484,sarouty,BEL APPARTEMENT DE STANDING CENTRE VICTOR HUGO,https://www.sarouty.ma/acheter/appartement-marrakech-victor-hugo-887484,Vente,Appartement,Marrakech,Victor Hugo,2 200 000 MAD,2200000,86,2,2,Meublé,"Notre agence Le Comptoir de l’Immobilier vous présente cet appartement très bien meublé et équipé avec soin comprenant deux chambres et deux salles de bain, …",https://sarouty-prod.s3.eu-west-3.amazonaws.com/public_assets/property/3444/5fc4c4e4-a8e2-11ef-8b33-e2a307ef23d8.png,1,Professionnel,2026-09-30
907861,sarouty,Appartement meublé à louer à Route de Casablanca — 85 m²,https://www.sarouty.ma/louer/appartement-marrakech-semlalia-907861,Location,Appartement,Marrakech,Semlalia,9 000 MAD,9000,85,3,,Meublé,"L’Immobilier Sans Frontières vous propose à la location longue durée cet appartement meublé neuf situé à Route de Casablanca, Marrakech, au 4ᵉ étage d’un imm…",https://limmobiliersansfrontieres.com/wp-content/uploads/2026/08/0-image-a-la-une-Photo-1-6.jpg,1,Professionnel,2026-09-30
908318,sarouty,IMMEUBLE DE 4 APPARTEMENTS AVEC JARDIN ET TERRASSE À VENDRE - L.V.H,https://www.sarouty.ma/acheter/immeuble-marrakech-gueliz-908318,Vente,Appartement,Marrakech,Guéliz,4 500 000 MAD,4500000,308,1,,Jardin; Terrasse; Meublé,"Cet ensemble de 4 appartements indépendants situé au rez-de-chaussée à L.V.H, développant une surface totale de 398 m² au sol, offre une belle opportunité d&…",https://ma.immotech.app/uploads/media/property/0002/65/thumb_164231_property_big.jpeg,1,Professionnel,2026-09-30
905011,sarouty,Vente Villa à Marrakech,https://www.sarouty.ma/acheter/villa-marrakech-ancienne-medina-905011,Vente,Villa,Marrakech,Ancienne Médina,3 200 000 MAD,3200000,150,7,,,"Je mets en vente un charmant riad milkia d’une superficie de 150 m², situé dans le quartier authentique de Zaouia Abbassia, au cœur de l’ancienne médina de M…",https://api.app.milkiya.ma/property_images/16edb6817bf16d7bcd77.jpg?v2,1,Professionnel,2026-09-30
894696,sarouty,Appartement Standing de 74 m² à Bouaakkaz,https://www.sarouty.ma/acheter/appartement-marrakech-mhamid-894696,Vente,Appartement,Marrakech,Mhamid,860 000 MAD,860000,74,3,1,,"L&#39;agence Stone immobilier met à la vente un appartement de 74 m² de haut standing au quartier Bouaakkaz entre Mhamid et Chrifia à 5 mn de l&#39;Aéroport
…",https://sarouty-prod.s3.eu-west-3.amazonaws.com/public_assets/property/3428/9a6a146b-5750-11f0-bcce-467c9f93658b.png,1,Professionnel,2026-09-30
904891,sarouty,Vente Villa à Marrakech,https://www.sarouty.ma/acheter/villa-marrakech-ancienne-medina-904891,Vente,Villa,Marrakech,Ancienne Médina,2 100 000 MAD,2100000,150,8,,Spa,"Je mets en vente un Riad en milkiya, situé à Arset El Baraka, au cœur de Marrakech. D’une superficie de 150 m², ce bien spacieux et bien agencé offre de bell…",https://api.app.milkiya.ma/property_images/675fe4f3ab8a8c3d3747.jpeg?v2,1,Professionnel,2026-09-30
901324,sarouty,Villa Contemporaine | Résidence Privée D'exception,https://www.sarouty.ma/louer/villa-marrakech-amelkis-901324,Location,Villa,Marrakech,Amelkis,50 000 MAD,50000,1200,4,4,Proximité Golf,"Magnifique villa moderne édifiée sur un vaste terrain de 1 200 m², nichée à proximité immédiate du prestigieux Golf d'Amelkis.

Cette résidence d'exception o…",https://sarouty-prod.s3.eu-west-3.amazonaws.com/public_assets/property/901324/f2145o.jpg,1,Professionnel,2026-09-30
904893,sarouty,Vente Villa à Marrakech,https://www.sarouty.ma/acheter/villa-marrakech-daoudiate-904893,Vente,Villa,Marrakech,Daoudiate,6 200 000 MAD,6200000,270,6,,Calme absolu,"El Mahdi AIT EL HADJ vous propose en vente une villa titrée, actuellement exploitée en tant que maison d’hôtes, située dans un cadre agréable et calme. Vendu…",https://api.app.milkiya.ma/property_images/4083328a59e41a2cd8cb.jpeg?v2,1,Professionnel,2026-09-30
907838,sarouty,"Local commercial de 80 m² à Massira 3 – 4 salles, accueil, salle d’attente et équipements professionnels",https://www.sarouty.ma/louer/magasin-marrakech-massira-907838,Location,Commercial,Marrakech,Massira,15 000 MAD,15000,80,,,Spa,"L’Immobilier Sans Frontières vous propose à la location ce local commercial de 80 m² situé à Massira 3. Il est organisé en quatre salles, un espace d’accueil…",https://limmobiliersansfrontieres.com/wp-content/uploads/2026/09/0-image-a-la-une-Photo-1-1.jpg,1,Professionnel,2026-09-30
897205,sarouty,Villa Arabo-Andalouse sur Golf - Marrakech,https://www.sarouty.ma/louer/villa-marrakech-route-amizmiz-897205,Location,Villa,Marrakech,Route Amizmiz,25 000 MAD,25000,170,3,3,Proximité Golf,"Villa de charme à louer au cœur d'un prestigieux parcours de Golf – Marrakech

Située dans l’environnement sécurisé et paisible d'un domaine golfique, sur la…",https://sarouty-prod.s3.eu-west-3.amazonaws.com/public_assets/property/897205/ad894o.jpg,1,Professionnel,2026-09-30
907929,sarouty,"Local commercial à louer à Massira, Marrakech — Emplacement stratégique — 80 m²",https://www.sarouty.ma/louer/magasin-marrakech-massira-907929,Location,Commercial,Marrakech,Massira,7 000 MAD,7000,80,,,,"L’Immobilier Sans Frontières vous propose à la location ce local commercial de 80 m² situé à Massira, Marrakech. Il bénéficie d’un accès facile aux principal…",https://limmobiliersansfrontieres.com/wp-content/uploads/2026/03/0-image-a-la-une-1-1-scaled.jpg,1,Professionnel,2026-09-30
901168,sarouty,Magnifique villa non meublée à Amelkis - Marrakech,https://www.sarouty.ma/louer/villa-marrakech-amelkis-901168,Location,Villa,Marrakech,Amelkis,65 000 MAD,65000,600,4,4,Meublé,"Située au cœur du prestigieux domaine d'Amelkis, cette villa neuve à l’architecture résolument moderne offre une expérience de vie privilégiée, alliant sérén…",https://sarouty-prod.s3.eu-west-3.amazonaws.com/public_assets/property/901168/43071o.jpg,1,Professionnel,2026-09-30
907922,sarouty,"Duplex à louer – Terrasse – Route de Casablanca, Marrakech",https://www.sarouty.ma/louer/appartement-marrakech-route-de-casablanca-907922,Location,Appartement,Marrakech,Route de Casablanca,9 000 MAD,9000,85,1,,Terrasse; Meublé; Ascenseur,"L’Immobilier Sans Frontières vous propose à la location ce duplex meublé situé au rez-de-chaussée d’une résidence avec ascenseur, sur la Route de Casablanca …",https://limmobiliersansfrontieres.com/wp-content/uploads/2026/04/0-image-a-la-une-1-24-scaled.jpg,1,Professionnel,2026-09-30
888847,sarouty,Villa titrée semi finie de 2195 m² sur route de Fès,https://www.sarouty.ma/acheter/villa-marrakech-route-de-fes-888847,Vente,Villa,Marrakech,Route de Fès,5 500 000 MAD,5500000,2195,4,4,,"L&#39;agence Stone immobilier met à la vente une villa semi finie de 2195 m² titré à 15 km du centre ville sur la route de Fès
La villa à une superficie tota…",https://sarouty-prod.s3.eu-west-3.amazonaws.com/public_assets/property/3428/38a53a97-cea1-11ef-bf5c-52e691b92113.png,1,Professionnel,2026-09-30
887588,sarouty,APPARTEMENT PROCHE DES GOLFS – ROUTE DE FES – MARRAKECH,https://www.sarouty.ma/acheter/appartement-marrakech-route-de-fes-887588,Vente,Appartement,Marrakech,Route de Fès,1 600 000 MAD,1600000,65,1,1,Meublé; Proximité Golf,"Notre agence Le comptoir de l’immobilier Marrakech vous propose à la vente, cet bel appartement meublé et équipé.

D’environ 65m² habitables répartis entre l…",https://sarouty-prod.s3.eu-west-3.amazonaws.com/public_assets/property/3444/87a9826a-abf5-11ef-b313-aeb025e99518.png,1,Professionnel,2026-09-30
907943,sarouty,"Appartement meublé à louer à Massira, 170 m², Marrakech",https://www.sarouty.ma/louer/appartement-marrakech-massira-907943,Location,Appartement,Marrakech,Massira,9 000 MAD,9000,170,2,,Meublé,"L’Immobilier Sans Frontières vous propose à la location cet appartement meublé de 170 m² situé au 2ᵉ étage à Massira, Marrakech. Le bien comprend une terrass…",https://limmobiliersansfrontieres.com/wp-content/uploads/2025/10/0-image-a-la-une-1-1-scaled.jpg,1,Professionnel,2026-09-30
896589,sarouty,Magnifique propriété à vendre - Marrakech,https://www.sarouty.ma/acheter/villa-marrakech-bab-atlas-896589,Vente,Villa,Marrakech,Bab Atlas,37 000 000 MAD,37000000,800,6,7,,"Villa d’exception – Subtil équilibre entre modernité et tradition au cœur d’un parc de 1 hectare

Implantée sur un magnifique terrain arboré de 10 000 m², ce…",https://sarouty-prod.s3.eu-west-3.amazonaws.com/public_assets/property/2459/ae7720af-979d-11f0-9484-6ec8eebb445f.png,1,Professionnel,2026-09-30
897585,sarouty,Duplex signature dans l'hivernage - Marrakech,https://www.sarouty.ma/louer/duplex-marrakech-hivernage-897585,Location,Duplex,Marrakech,Hivernage,80 000 MAD,80000,900,4,4,Terrasse,"Situé au cœur de l'Hivernage, dans la résidences la plus sécurisées et exclusives de la ville, ce duplex neuf de 900 m² habitables avec terrasses redéfinit l…",https://sarouty-prod.s3.eu-west-3.amazonaws.com/public_assets/property/897585/52ef2o.jpg,1,Professionnel,2026-09-30
901241,sarouty,"APPARTEMENT CONTEMPORAIN D’EXCEPTION HIVERNAGE, MARRAKECH",https://www.sarouty.ma/acheter/appartement-marrakech-hivernage-901241,Vente,Appartement,Marrakech,Hivernage,2 600 000 MAD,2600000,82,2,2,,"Idéalement situé au cœur du très recherché Hivernage, à une minute à pied du célèbre Cappuccino Marrakech, cet élégant appartement de 82 m² incarne parfaitem…",https://sarouty-prod.s3.eu-west-3.amazonaws.com/public_assets/property/901241/d20b7o.jpg,1,Professionnel,2026-09-30
894122,sarouty,Lot à vendre 424 m² GUELIZ MARRAKECH,https://www.sarouty.ma/acheter/terrain-marrakech-gueliz-894122,Vente,Terrain,Marrakech,Guéliz,4 240 000 MAD,4240000,424,,,,Terrain pour villa de 424 m² à vendre situé en plein centre de Guéliz peut convenir pour la construction d&#39;un villa ou un projet commercial tel que une c…,https://sarouty-prod.s3.eu-west-3.amazonaws.com/public_assets/property/1320/ee0a032e-4538-11f0-9b9f-9aaea2f4e70a.png,1,Professionnel,2026-09-30
897202,sarouty,Appartement de luxe à vendre – Guéliz centre-ville,https://www.sarouty.ma/acheter/appartement-marrakech-gueliz-897202,Vente,Appartement,Marrakech,Guéliz,2 200 000 MAD,2200000,84,2,2,Meublé; Calme absolu,"Chestertons Maroc vous propose cet magnifique appartement de 84 m² idéalement situé au cœur de Guéliz, au 2ᵉ étage d’un immeuble calme et sécurisé avec ascen…",https://sarouty-prod.s3.eu-west-3.amazonaws.com/public_assets/property/897202/a232co.jpg,1,Professionnel,2026-09-30
580169365496529439,sarouty,"Propriétés à louer à Place des 7 Saints, Marrakech",https://www.sarouty.ma/louer/marrakech/place-des-7-saints,Location,Villa,Marrakech,Marrakech,,,,,,,,https://www.sarouty.ma/wp-content/uploads/2026/01/sarouty_logo.svg,1,Professionnel,2026-09-30
902511,sarouty,Residential for rent resident for rent,https://www.sarouty.ma/louer/appartement-marrakech-fassi-902511,Location,Appartement,Marrakech,Fassi,70 000 MAD,70000,400,3,2,,"Discover this stunning villa located in the heart of Marrakech, offering a perfect blend of traditional Moroccan charm and modern comfort. This beautifully d…",https://sarouty-prod.s3.eu-west-3.amazonaws.com/public_assets/property/902511/62e7do.jpg,1,Professionnel,2026-09-30
908171,sarouty,"Villa à vendre – Sidi Abdellah Ghiate, Marrakech",https://www.sarouty.ma/acheter/villa-marrakech-sidi-abdellah-ghiat-908171,Vente,Villa,Marrakech,Sidi Abdellah Ghiat,9 500 000 MAD,9500000,20800,5,5,Meublé; Calme absolu,"À vendre – Magnifique villa meublée à Sidi Abdellah Ghiate, Marrakech

Découvrez cette belle villa située à Sidi Abdellah Ghiate, dans un environnement calme…",https://sarouty-prod.s3.eu-west-3.amazonaws.com/public_assets/property/908171/96832o.jpg,1,Professionnel,2026-09-30
907257,sarouty,Appartement mhamid,https://www.sarouty.ma/louer/appartement-marrakech-mhamid-907257,Location,Appartement,Marrakech,Mhamid,4 500 MAD,4500,60,2,1,,Appartement à louer au mois. Bienvenue !,https://sarouty-prod.s3.eu-west-3.amazonaws.com/public_assets/property/907257/fb784o.jpg,1,Professionnel,2026-09-30
897443,sarouty,Villa meublée avec piscine privée – Tamansourt,https://www.sarouty.ma/louer/villa-marrakech-route-de-tamansourt-897443,Location,Villa,Marrakech,Route de Tamansourt,10 000 MAD,10000,130,3,2,Piscine; Meublé; Calme absolu,"Située dans le calme résidentiel de Tamansourt, à 30 minutes du dynamisme du centre de Marrakech, cette villa de style classique offre un cadre de vie équili…",https://sarouty-prod.s3.eu-west-3.amazonaws.com/public_assets/property/897443/5b5ado.jpg,1,Professionnel,2026-09-30
897372,sarouty,TERRAIN EXCEPTIONNEL 1700 M² VUE ATLAS - RTE DE LOURIKA,https://www.sarouty.ma/acheter/terrain-marrakech-route-d-ourika-897372,Vente,Terrain,Marrakech,Route d'Ourika,3 500 000 MAD,3500000,1700,,,Vue Atlas,"Découvrez ce terrain d'exception de 1700 m² idéalement situé sur la route de Lourika, à seulement 9 kilomètres du centre-ville de Marrakech, offrant le parfa…",https://sarouty-prod.s3.eu-west-3.amazonaws.com/public_assets/property/897372/0cdffo.jpg,1,Professionnel,2026-09-30
906943,sarouty,Land for sale in Hivernage,https://www.sarouty.ma/acheter/terrain-marrakech-hivernage-906943,Vente,Terrain,Marrakech,Hivernage,25 900 000 MAD,25900000,575,,1,,"Titled land of 575 m², R+5 zone, very well located in Hivernage, offered for sale at 45,000 DH/m².",https://mluxury.ma/media/bien_photos/bien_8501/bf1e1df7490a4bf49a22cfc5df4835c1.jpg,1,Professionnel,2026-09-30
905438,sarouty,Vente Villa à Marrakech,https://www.sarouty.ma/acheter/villa-marrakech-ancienne-medina-905438,Vente,Villa,Marrakech,Ancienne Médina,1 600 000 MAD,1600000,100,7,,,"Oulaya EL KHOUMMADI propose à la vente un Riad authentique de 100 m², situé dans le quartier historique de Bab Aylan à Marrakech.

Ce bien de caractère, répa…",https://api.app.milkiya.ma/property_images/c2150b22de2489ce393e.jpg?v2,1,Professionnel,2026-09-30
891697,sarouty,Appartement proposé en vente à Majorelle,https://www.sarouty.ma/acheter/appartement-marrakech-majorelle-891697,Vente,Appartement,Marrakech,Majorelle,1 250 000 MAD,1250000,56,2,2,,"Appartement proposé en vente à Majorelle , Dans une résidence sécurisée dans le quartier incontournable Majorelle , L&#39;agence immobilière Marrakesh Opport…",https://sarouty-prod.s3.eu-west-3.amazonaws.com/public_assets/property/2242/f87bcab3-3497-11f0-b294-021896d9f865.png,1,Professionnel,2026-09-30
896478,sarouty,LOCAL COMMERCIAL A SAISIR,https://www.sarouty.ma/louer/magasin-marrakech-victor-hugo-896478,Location,Commercial,Marrakech,Victor Hugo,27 000 MAD,27000,156,,2,Spa,"Notre agence LE COMPTOIR vous présente ce local commercial actuellement en activité, en reprise de fond de commerce, tout équipé. Composé d’un bel espace en …",https://sarouty-prod.s3.eu-west-3.amazonaws.com/public_assets/property/3444/b6889aad-93a2-11f0-94c7-423dbb7b1cba.png,1,Professionnel,2026-09-30
907048,sarouty,Guesthouse for Sale on the Route de Fès,https://www.sarouty.ma/acheter/hangar-marrakech-route-de-fes-907048,Vente,Villa,Marrakech,Route de Fès,16 000 000 MAD,16000000,10000,,1,,"Guesthouse offered for sale unfurnished, located 25 minutes from Bab Doukkala on the route de Fès, south-facing with an exceptional view over the Atlas mount…",https://mluxury.ma/media/bien_photos/bien_9427/1.jpg,1,Professionnel,2026-09-30
896185,sarouty,À vendre – Appartement moderne 2 chambres quartier Victor Hugo,https://www.sarouty.ma/acheter/appartement-marrakech-victor-hugo-896185,Vente,Appartement,Marrakech,Victor Hugo,1 550 000 MAD,1550000,89,2,2,,"Idéalement situé dans le très recherché quartier Victor Hugo, à deux pas du centre-ville et des commodités, cet appartement allie élégance, confort et pratic…",https://sarouty-prod.s3.eu-west-3.amazonaws.com/public_assets/property/2241/19f4094f-8cbb-11f0-ae30-5e544fca71db.png,1,Professionnel,2026-09-30
896339,sarouty,Villa d’inspiration balinaise – Marrakech,https://www.sarouty.ma/acheter/villa-marrakech-tamesloht-896339,Vente,Villa,Marrakech,Tamesloht,8 490 000 MAD,8490000,618,5,5,,"Nichée dans un environnement exclusif sur la route de Tamesloht, cette villa neuve de plain-pied conjugue modernité, élégance et sérénité. Édifiée sur un ter…",https://sarouty-prod.s3.eu-west-3.amazonaws.com/public_assets/property/2459/370d303c-8fb5-11f0-9c0e-767b81dcd41f.png,1,Professionnel,2026-09-30
903673,sarouty,APPARTEMENT CENTRE HIVERNAGE A LOUER,https://www.sarouty.ma/louer/appartement-marrakech-hivernage-903673,Location,Appartement,Marrakech,Hivernage,12 000 MAD,12000,100,2,1,Meublé; Spa,"Appartement composé de deux chambres spacieuses meublées de sommiers et matelas neufs, d’une salle de bain partagée avec WC, une cuisine semi équipée et toil…",https://sarouty-prod.s3.eu-west-3.amazonaws.com/public_assets/property/903673/12d25o.jpg,1,Professionnel,2026-09-30
902929,sarouty,"Riad titré à Vendre, à seulement 3 minutes de la place",https://www.sarouty.ma/acheter/riad-marrakech-medina-902929,Vente,Riad,Marrakech,Médina,5 150 000 MAD,5150000,117,8,3,Calme absolu,"Superbe riad titré situé à Deffa Rbaa, à seulement 5 minutes de la place Jemaa el-Fna, dans un endroit calme et très prisé.
Avec une superficie d'environ 117…",https://sarouty-prod.s3.eu-west-3.amazonaws.com/public_assets/property/902929/2d17co.jpg,1,Professionnel,2026-09-30
907830,sarouty,"Appartement meublé de 55 m² – 1 chambre, terrasse, vue piscine et parking titré en sous-sol",https://www.sarouty.ma/acheter/appartement-marrakech-gueliz-907830,Vente,Appartement,Marrakech,Guéliz,1 332 500 MAD,1332500,55,1,,Piscine; Terrasse; Meublé; Parking,"L’Immobilier Sans Frontières vous propose à la vente cet appartement meublé de 55 m² situé au 3ème étage. Il comprend une chambre, un salon européen, un séjo…",https://limmobiliersansfrontieres.com/wp-content/uploads/2026/09/0-image-a-la-une-Photo-1-16.jpg,1,Professionnel,2026-09-30
908254,sarouty,APPARTEMENT 2 CHAMBRES MEUBLÉ AVEC BALCON À LOUER - HIVERNAGE 2 MARRAKECH,https://www.sarouty.ma/louer/appartement-marrakech-gueliz-908254,Location,Appartement,Marrakech,Guéliz,12 000 MAD,12000,84,2,,Meublé,"À louer à Marrakech, cet appartement meublé de 2 chambres avec balcon, situé dans le quartier huppé d&#39;Hivernage 2, offre un cadre de vie élégant et confo…",https://ma.immotech.app/uploads/media/property/0002/64/thumb_163054_property_big.jpeg,1,Professionnel,2026-09-30
906979,sarouty,Land for sale Victor Hugo,https://www.sarouty.ma/acheter/terrain-marrakech-victor-hugo-906979,Vente,Terrain,Marrakech,Victor Hugo,9 055 000 MAD,9055000,628,,1,,"Titled land for R+5 for sale with a surface area of 628 m² located in Victor Hugo. Selling price: 9,055,000 Dhs.",https://mluxury.ma/media/bien_photos/bien_8874/52efe0ec65a64891a2f19e63cf6c2564.jpg,1,Professionnel,2026-09-30
908253,sarouty,APPARTEMENT 2 CHAMBRES 2ÈME ÉTAGE À LOUER - ROUTE DE CASABLANCA,https://www.sarouty.ma/louer/appartement-marrakech-route-de-casablanca-908253,Location,Appartement,Marrakech,Route de Casablanca,6 000 MAD,6000,71,2,,,"À louer à Marrakech, cet appartement de 71 m² au sol, situé à côté du Marjane, offre un cadre de vie pratique et fonctionnel. Une belle opportunité pour la l…",https://ma.immotech.app/uploads/media/property/0002/64/thumb_163033_property_big.jpeg,1,Professionnel,2026-09-30
908053,sarouty,Appartement à Vendre – Guéliz Marrakech,https://www.sarouty.ma/acheter/appartement-marrakech-gueliz-908053,Vente,Appartement,Marrakech,Guéliz,920 000 MAD,920000,83,2,1,Ascenseur,"Appartement à vendre – Guéliz, Marrakech

À vendre, bel appartement situé au 3ème étage d’une résidence bien entretenue avec ascenseur, dans le quartier rech…",https://sarouty-prod.s3.eu-west-3.amazonaws.com/public_assets/property/908053/cf69do.jpg,1,Professionnel,2026-09-30
884778,sarouty,Terrain à vendre 76 hectares Borrous Marrakech,https://www.sarouty.ma/acheter/terrain-marrakech-route-de-casablanca-884778,Vente,Terrain,Marrakech,Route de Casablanca,9 120 000 MAD,9120000,760000,,,,"Très beau terrain agricole de 76 hectares à vendre. Il est plat et titré, situé aux environs du Grand Stade de Marrakech à 22 km de la Route de Casa (14 km d…",https://sarouty-prod.s3.eu-west-3.amazonaws.com/public_assets/property/1320/51cabca9-4434-11ef-b153-526ef88f9fe6.png,1,Professionnel,2026-09-30
907054,sarouty,Villa for sale Route de Fès,https://www.sarouty.ma/acheter/villa-marrakech-route-de-fes-907054,Vente,Villa,Marrakech,Route de Fès,7 800 000 MAD,7800000,8900,5,1,,"Contemporary titled single-storey detached villa offered for sale unfurnished on the route de Fes, 15 minutes from the American school. It is built on a wood…",https://mluxury.ma/media/bien_photos/bien_8033/786b9c0e9ff047b9b4302c57eb2f6a2e.jpg,1,Professionnel,2026-09-30
903495,sarouty,Appart à vendre 106 m² Semlalia Marrakech,https://www.sarouty.ma/acheter/appartement-marrakech-semlalia-903495,Vente,Appartement,Marrakech,Semlalia,1 300 000 MAD,1300000,106,2,1,Spa,"À Vendre – Spacieux Appartement de 106 m² à Semlalia, Marrakech
Découvrez ce bel appartement de 106 m², idéalement situé dans le quartier très recherché de S…",https://sarouty-prod.s3.eu-west-3.amazonaws.com/public_assets/property/903495/044afo.jpg,1,Professionnel,2026-09-30
905019,sarouty,Vente Maison à Marrakech,https://www.sarouty.ma/acheter/villa-marrakech-daoudiate-905019,Vente,Villa,Marrakech,Daoudiate,4 600 000 MAD,4600000,243,6,,Meublé,"Je mets en vente un immeuble R+2 situé à Daoudiat, sur une surface de terrain de 243 m², bénéficiant d’un seul titre foncier. Ce bien représente une réelle o…",https://api.app.milkiya.ma/property_images/a7a1a0594cd22abef4f9.jpg?v2,1,Professionnel,2026-09-30
877495,sarouty,Villa de 7000 m² en location Rte de Fès,https://www.sarouty.ma/louer/villa-marrakech-route-de-fes-877495,Location,Villa,Marrakech,Route de Fès,35 000 MAD,35000,7000,6,4,Meublé,"L&#39;agence Stone immobilier met à la location une villa meublée d&#39;une superficie totale de 7000 m² à 20 km sur la route de Fès dont 1 km de piste 
La p…",https://sarouty-prod.s3.eu-west-3.amazonaws.com/public_assets/property/3428/745123c0-9d97-11ee-9c54-b6234713b398.png,1,Professionnel,2026-09-30
895436,sarouty,Terrain titré de 13500 à Bensasi,https://www.sarouty.ma/acheter/terrain-marrakech-route-de-fes-895436,Vente,Terrain,Marrakech,Route de Fès,1 200 000 MAD,1200000,13500,,,,"L&#39;agence Stone Immobilier met à la vente un terrain titré d&#39;un 1 h et 35 a à 22 km de Marrakech au Sebt Benssasi Ouidanes Marrakech 
Le terrain est d…",https://sarouty-prod.s3.eu-west-3.amazonaws.com/public_assets/property/3428/2ca0bf01-6c6a-11f0-8fd1-9287123934f5.png,1,Professionnel,2026-09-30
889285,sarouty,Lot commercial titré de 4182 m² sur Rte d&#39;Amezmiz,https://www.sarouty.ma/acheter/terrain-marrakech-route-amizmiz-889285,Vente,Terrain,Marrakech,Route Amizmiz,1 300 000 MAD,1300000,4182,,,,"L&#39;agence Stone immobilier met à la vente deux lots commerciales de 2662 m² et de 4182 m² titrés à 20 km sur la route d&#39;amizmiz 
les lots donnent dire…",https://sarouty-prod.s3.eu-west-3.amazonaws.com/public_assets/property/3428/59e4b81d-db3d-11ef-a292-727b8dc9b7e9.png,1,Professionnel,2026-09-30
897219,sarouty,"Villa d'Exception Plain-Pied - Route d'Amezmiz, Marrakech",https://www.sarouty.ma/acheter/villa-marrakech-route-amizmiz-897219,Vente,Villa,Marrakech,Route Amizmiz,6 200 000 MAD,6200000,1400,3,3,,"Un Havre de Paix aux Portes de la Ville Ocre
À seulement 15 minutes du Morocco Mall et proche du centre-ville de Marrakech, découvrez cette magnifique villa …",https://sarouty-prod.s3.eu-west-3.amazonaws.com/public_assets/property/897219/dcb21o.jpg,1,Professionnel,2026-09-30
893875,sarouty,Studio Duplex en vente meublé sur la route de casa,https://www.sarouty.ma/acheter/appartement-marrakech-route-de-casablanca-893875,Vente,Appartement,Marrakech,Route de Casablanca,1 400 000 MAD,1400000,54,2,1,Piscine; Jardin; Meublé,"Studio Duplex en vente meublé sur la route de casa , Dans une résidence de standing dotée d’une piscine et jardin , L’agence immobilière Marrakesh Opportunit…",https://sarouty-prod.s3.eu-west-3.amazonaws.com/public_assets/property/2242/dae16e78-3c9f-11f0-9545-8e4c5d9f3eda.png,1,Professionnel,2026-09-30
895557,sarouty,Vente Maison à Marrakech,https://www.sarouty.ma/acheter/villa-marrakech-ancienne-medina-895557,Vente,Villa,Marrakech,Ancienne Médina,7 500 000 MAD,7500000,146,,,,"Je mets en vente une maison de 146 m² située dans la grande rue d’Almassine, au cœur de l’ancienne médina de Marrakech, dans un quartier très animé et touris…",https://api.app.milkiya.ma/property_images/3589f57c57a6b2a60945.jpeg?v2,1,Professionnel,2026-09-30
907899,sarouty,"Duplex meublé à louer à Semlalia, 160 m², Marrakech",https://www.sarouty.ma/louer/appartement-marrakech-semlalia-907899,Location,Appartement,Marrakech,Semlalia,18 000 MAD,18000,160,4,,Meublé,"L’Immobilier Sans Frontières vous propose à la location ce duplex meublé situé à Semlalia, Marrakech, en rez-de-chaussée, offrant un cadre de vie agréable et…",https://limmobiliersansfrontieres.com/wp-content/uploads/2026/06/0-image-a-la-une-Photo-1-25.jpg,1,Professionnel,2026-09-30
858502,sarouty,villa moderne avec belle piscine,https://www.sarouty.ma/acheter/villa-marrakech-route-de-fes-858502,Vente,Villa,Marrakech,Route de Fès,9 350 000 MAD,9350000,450,5,5,Piscine,"Située sur la route de Fès, à 20 minutes de Marrakech, cette villa d’une surface habitable de 450 m² est un véritable oasis de quiétude. Edifiée sur un magni…",https://sarouty-prod.s3.eu-west-3.amazonaws.com/public_assets/property/3658/0ce4df02-a18c-11ed-965f-5205addfdbe2.jpg,1,Professionnel,2026-09-30
907353,sarouty,"Appartement meublé à louer à Guéliz, Marrakech – Terrasse et piscine – 89 m²",https://www.sarouty.ma/louer/appartement-marrakech-victor-hugo-907353,Location,Appartement,Marrakech,Victor Hugo,15 000 MAD,15000,89,2,,Piscine; Terrasse; Meublé,L’Immobilier Sans Frontières vous propose à la location cet appartement meublé situé au 3ᵉ étage d’un immeuble R+5 dans le quartier Guéliz à Marrakech. D’une…,https://limmobiliersansfrontieres.com/wp-content/uploads/2026/08/0-image-a-la-une-Photo-copy.jpg,1,Professionnel,2026-09-30
907923,sarouty,"Appartement meublé à louer à Route de Casablanca, 77 m², Marrakech",https://www.sarouty.ma/louer/appartement-marrakech-route-de-casablanca-907923,Location,Appartement,Marrakech,Route de Casablanca,10 000 MAD,10000,77,2,,Meublé,"L’Immobilier Sans Frontières vous propose à la location cet appartement neuf meublé de 77 m², situé au 3ᵉ étage sur la Route de Casablanca, Marrakech, au sei…",https://limmobiliersansfrontieres.com/wp-content/uploads/2026/04/0-image-a-la-une-1-23-scaled.jpg,1,Professionnel,2026-09-30
897535,sarouty,Belle villa au cœur du Noria golf club - Marrakech,https://www.sarouty.ma/louer/villa-marrakech-route-de-tahanaoute-897535,Location,Villa,Marrakech,Route de Tahanaoute,43 000 MAD,43000,320,4,4,Proximité Golf,"Située sur la prestigieuse Route de Tahanaoute, au sein du domaine sécurisé du Noria Golf Club, cette villa contemporaine offre un cadre de vie privilégié al…",https://sarouty-prod.s3.eu-west-3.amazonaws.com/public_assets/property/897535/cd6cdo.jpg,1,Professionnel,2026-09-30
907898,sarouty,"Local commercial neuf à louer à Semlalia, 78 m², Marrakech",https://www.sarouty.ma/louer/magasin-marrakech-semlalia-907898,Location,Commercial,Marrakech,Semlalia,12 000 MAD,12000,78,,,,"L’Immobilier Sans Frontières vous propose à la location ce local commercial neuf, très bien placé à Semlalia, à proximité de Majorelle, Marrakech. D’une supe…",https://limmobiliersansfrontieres.com/wp-content/uploads/2026/06/WhatsApp-Image-2026-05-22-at-12.35.54.jpeg,1,Professionnel,2026-09-30
897448,sarouty,MAGNIFIQUE RIAD EN ACTIVITE A LA VENTE QUARTIER BENSLIMANE,https://www.sarouty.ma/acheter/riad-marrakech-quartier-bab-doukkala-897448,Vente,Riad,Marrakech,Quartier Bab Doukkala,8 250 000 MAD,8250000,153,6,6,,"Notre agence Le Comptoir de l’Immobilier à Marrakech vous propose ce magnifique Riad entièrement rénové situé dans le quartier Ben Slimane, d’une superficie …",https://sarouty-prod.s3.eu-west-3.amazonaws.com/public_assets/property/897448/c2638o.jpg,1,Professionnel,2026-09-30
908446,sarouty,VILLA 4 CHAMBRES + 1 CHAMBRE DE PERSONNEL À VENDRE - DAOUDIATE,https://www.sarouty.ma/acheter/villa-marrakech-gueliz-908446,Vente,Villa,Marrakech,Guéliz,2 200 000 MAD,2200000,250,4,,,"Villa de 250 m² construits sur un terrain de 100 m², offre un cadre de vie authentique et en bon état général tant sur la structure que sur la propreté. Une …",https://ma.immotech.app/uploads/media/property/0002/67/thumb_166863_property_big.jpeg,1,Professionnel,2026-09-30
907295,sarouty,"Appartement meublé à Massira, Ascenseur + Parking en sous-sol, Marrakech : à vendre",https://www.sarouty.ma/acheter/appartement-marrakech-massira-907295,Vente,Appartement,Marrakech,Massira,850 000 MAD,850000,75,1,,Meublé; Parking; Ascenseur,"L’Immobilier Sans Frontières vous propose cet appartement meublé à vendre à Massira, Marrakech. Situé au 4ᵉ étage d’un immeuble, il est décrit comme pratique…",https://limmobiliersansfrontieres.com/wp-content/uploads/2025/12/0-image-a-la-une-1-32-scaled.jpg,1,Professionnel,2026-09-30
890936,sarouty,"APPARTEMENT À VENDRE – VICTOR HUGO, MARRAKECH",https://www.sarouty.ma/acheter/appartement-marrakech-victor-hugo-890936,Vente,Appartement,Marrakech,Victor Hugo,1 200 000 MAD,1200000,60,2,1,,"Découvrez cet appartement moderne et bien agencé, idéalement situé dans le quartier prisé de Victor Hugo, à seulement deux pas du lycée français.

/Caractéri…",https://sarouty-prod.s3.eu-west-3.amazonaws.com/public_assets/property/4492/416839e7-03af-11f0-95a6-8a216eba4a83.png,1,Professionnel,2026-09-30
907399,sarouty,Riad en Melkia à rénover à la Kasbah — 120 m²,https://www.sarouty.ma/acheter/villa-marrakech-medina-907399,Vente,Riad,Marrakech,Médina,1 200 000 MAD,1200000,120,2,,,"L’Immobilier Sans Frontières vous propose à la vente ce riad en Melkia, idéalement situé au cœur de Souika de la Kasbah à Marrakech, dans un quartier histori…",https://limmobiliersansfrontieres.com/wp-content/uploads/2026/08/0-image-a-la-une-Photo-1-11.jpg,1,Professionnel,2026-09-30
903786,sarouty,Terrain à Vendre avec plan autorisé villa,https://www.sarouty.ma/acheter/terrain-marrakech-chrifia-903786,Vente,Terrain,Marrakech,Chrifia,1 200 000 MAD,1200000,220,,,,"À vendre – Terrain de 220 m² avec projet de villa autorisé

Saisissez cette belle opportunité d'acquérir un terrain de 220 m², idéalement situé, vendu avec u…",https://sarouty-prod.s3.eu-west-3.amazonaws.com/public_assets/property/903786/e2ee7o.jpg,1,Professionnel,2026-09-30
902459,sarouty,Vente Villa à Marrakech,https://www.sarouty.ma/acheter/villa-marrakech-ancienne-medina-902459,Vente,Villa,Marrakech,Ancienne Médina,5 200 000 MAD,5200000,124,8,,,"Oulaya ELKHOUMMADI vous propose à la vente un Riad d&#39;exception, niché au cœur de la Médina de Marrakech dans le quartier très recherché de Derb Dabachi, …",https://api.app.milkiya.ma/property_images/56b2b9fff3b7a5dfc148.jpeg?v2,1,Professionnel,2026-09-30
907840,sarouty,"Appartement semi-fini de 186 m² à Semlalia – 3 chambres, grande terrasse, ascenseur et parking extérieur",https://www.sarouty.ma/acheter/appartement-marrakech-semlalia-907840,Vente,Appartement,Marrakech,Semlalia,3 000 000 MAD,3000000,186,3,,Terrasse; Parking; Ascenseur,"L’Immobilier Sans Frontières vous propose à la vente cet appartement semi-fini de 186 m² situé au 5ème étage à Semlalia. Il comprend trois chambres, un salon…",https://limmobiliersansfrontieres.com/wp-content/uploads/2026/09/0-image-a-la-une-Photo-1-6.jpg,1,Professionnel,2026-09-30
908058,sarouty,"Café à vendre – Massira 1, Marrakech",https://www.sarouty.ma/acheter/restaurant-marrakech-massira-908058,Vente,Villa,Marrakech,Massira,1 600 000 MAD,1600000,,,1,Spa,"Café à vendre – Massira 1, Marrakech

À vendre, café situé dans un emplacement intéressant à Massira 1, Marrakech. Le café bénéficie d’un espace agréable et …",https://sarouty-prod.s3.eu-west-3.amazonaws.com/public_assets/property/908058/6b142o.jpg,1,Professionnel,2026-09-30
3,sarouty,Location Propriété Marrakech,https://www.sarouty.ma/louer/marrakech/quartier-saada-3,Location,Villa,Marrakech,Saada,,,,,,,,https://www.sarouty.ma/wp-content/uploads/2026/01/sarouty_logo.svg,1,Professionnel,2026-09-30
13638532765934389,sarouty,"Propriétés à vendre à Place des 7 Saints, Marrakech",https://www.sarouty.ma/acheter/marrakech/place-des-7-saints,Vente,Villa,Marrakech,Marrakech,,,,,,,,https://www.sarouty.ma/wp-content/uploads/2026/01/sarouty_logo.svg,1,Professionnel,2026-09-30
902562,sarouty,villa à vendre meublé 680 m² Targa,https://www.sarouty.ma/acheter/villa-marrakech-targa-902562,Vente,Villa,Marrakech,Targa,11 000 000 MAD,11000000,680,8,3,Meublé,"Très belle Villa meublée à vendre à Targa, Marrakech
Située à proximité de The British Academy School, dans le quartier prisé de Targa à Marrakech, cette vil…",https://sarouty-prod.s3.eu-west-3.amazonaws.com/public_assets/property/902562/90bf5o.jpg,1,Professionnel,2026-09-30
907824,sarouty,"Appartement meublé de 75 m² à Massira 1 – 2 chambres, balcon, ascenseur et parking sous-sol",https://www.sarouty.ma/louer/appartement-marrakech-massira-907824,Location,Appartement,Marrakech,Massira,6 000 MAD,6000,78,2,,Meublé; Parking; Ascenseur,L’Immobilier Sans Frontières vous propose à la location cet appartement meublé de 75 m² situé au 5ème étage à Massira 1. Il comprend deux chambres avec placa…,https://limmobiliersansfrontieres.com/wp-content/uploads/2026/09/0-image-a-la-une-Photo-1-8.jpg,1,Professionnel,2026-09-30
895146,sarouty,Appartement Marrakech 64 m² en face de la gare - Meublé avec piscine,https://www.sarouty.ma/acheter/appartement-marrakech-hivernage-895146,Vente,Appartement,Marrakech,Hivernage,1 100 000 MAD,1100000,64,1,1,Piscine; Meublé; Parking,"À vendre, appartement meublé de 64 m² situé au 3ᵉ étage d’une résidence sécurisée avec piscine commune et parking collectif. Emplacement stratégique en face …",https://sarouty-prod.s3.eu-west-3.amazonaws.com/public_assets/property/4492/4d8a46f1-6757-11f0-ab14-b2b01050303f.png,1,Professionnel,2026-09-30
907940,sarouty,"Villa Semi Finie à vendre – Piscine privée – Sidi Abdellah Ghiat Km 20, Marrakech",https://www.sarouty.ma/acheter/villa-marrakech-sidi-abdellah-ghiat-907940,Vente,Villa,Marrakech,Sidi Abdellah Ghiat,9 000 000 MAD,9000000,27000,5,,Piscine,"L’Immobilier Sans Frontières vous propose à la vente cette villa semi-finie située à Sidi Abdellah Ghiat, à seulement 20 km de Marrakech. Édifiée sur un terr…",https://limmobiliersansfrontieres.com/wp-content/uploads/2025/11/IMG-20251119-WA0061.jpg,1,Professionnel,2026-09-30
893241,sarouty,Duplex au coeur de la Palmeraie,https://www.sarouty.ma/acheter/duplex-marrakech-palmeraie-893241,Vente,Duplex,Marrakech,Palmeraie,2 665 000 MAD,2665000,126,2,2,Meublé; Spa,"Chestertons Maroc vous propose un duplex spacieux de 126m² réparti sur deux niveaux, offrant une disposition fonctionnelle.
meublé, disposant de deux chambre…",https://sarouty-prod.s3.eu-west-3.amazonaws.com/public_assets/property/3658/98cd7e3a-2cf5-11f0-baf4-6e5ee8ba0fd1.png,1,Professionnel,2026-09-30
904760,sarouty,Vente Maison à Marrakech,https://www.sarouty.ma/acheter/villa-marrakech-ancienne-medina-904760,Vente,Villa,Marrakech,Ancienne Médina,1 600 000 MAD,1600000,70,6,,Spa,"Je mets en vente une maison de 70m² idéale pour une famille , situé à l&#39;ancienne médina sur Marrakech .

Le rez-de-chaussée se compose d&#39;un salon spa…",https://api.app.milkiya.ma/property_images/59a108d4d4a098ef518b.jpeg?v2,1,Professionnel,2026-09-30
788929,sarouty,Splendide villa sur golf - Marrakech,https://www.sarouty.ma/acheter/villa-marrakech-amelkis-788929,Vente,Villa,Marrakech,Amelkis,25 900 000 MAD,25900000,530,4,4,Piscine; Spa; Proximité Golf,"Villa d’architecte en première ligne de golf – 4 suites, piscine et espace bien-être

Située en première ligne sur l’un des golfs les plus prisés de Marrakec…",https://sarouty-prod.s3.eu-west-3.amazonaws.com/public_assets/property/2459/iOzmY7obHrI4gweo.jpeg,1,Professionnel,2026-09-30
903365,sarouty,Villa Haut standing à vendre 510 m² AMELKIS,https://www.sarouty.ma/acheter/villa-marrakech-amelkis-903365,Vente,Villa,Marrakech,Amelkis,8 250 000 MAD,8250000,510,5,5,Proximité Golf,Je vous propose une villa très haut standing neuve sur Marrakech dans une résidence golfique fermée et sécurisée à 10mn du centre-ville avec une vue panorami…,https://sarouty-prod.s3.eu-west-3.amazonaws.com/public_assets/property/903365/d11ado.jpg,1,Professionnel,2026-09-30
903513,sarouty,"Appartement 106 m² à louer Semlalia, Marrakech",https://www.sarouty.ma/louer/appartement-marrakech-semlalia-903513,Location,Appartement,Marrakech,Semlalia,7 000 MAD,7000,106,2,1,Piscine; Parking; Spa,Dans une belle résidence surveillée 24/24 avec piscine espaces verts et parking sous terrain un appartement spacieux de 106 m²à  louer idéalement situé dans …,https://sarouty-prod.s3.eu-west-3.amazonaws.com/public_assets/property/903513/2811fo.jpg,1,Professionnel,2026-09-30
886118,sarouty,vente terrain R4 de 10 hectares à kenitra,https://www.sarouty.ma/acheter/terrain-marrakech-indefini-886118,Vente,Terrain,Marrakech,indéfini,150 000 000 MAD,150000000,100000,,,,"Bonjour,
L'Agence immobilière Between Bonnes Affaires immo SARL, vous propose un terrain  de 10 hectares sur la ville de kenitra.
Ce terrain est destiné pour…",https://www.sarouty.ma/wp-content/uploads/2026/01/sarouty_logo.svg,1,Professionnel,2026-09-30
855232,sarouty,vente 5.5 hectares à sale,https://www.sarouty.ma/acheter/terrain-marrakech-indefini-855232,Vente,Terrain,Marrakech,indéfini,27 500 000 MAD,27500000,55000,,,,"Bonjour,
L'agence immobiliere between bonnes affaires immo SARL Hay Riad, mets en vente un terrain de 5.5 hectares à Salé.
ce terrain est destiné selon la no…",https://sarouty-prod.s3.eu-west-3.amazonaws.com/public_assets/property/4765/dec1a8ae-68c9-11ed-bcb2-0af8770ee886.jpg,1,Professionnel,2026-09-30
907709,sarouty,"Appartement neuf meublé à louer à Hivernage, 56 m², Marrakech",https://www.sarouty.ma/louer/appartement-marrakech-hivernage-907709,Location,Appartement,Marrakech,Hivernage,8 000 MAD,8000,56,2,,Meublé; Ascenseur,"L’Immobilier Sans Frontières vous propose cet appartement neuf meublé à louer à Hivernage, Marrakech, situé au 3ᵉ étage d’un immeuble moderne avec ascenseur.…",https://limmobiliersansfrontieres.com/wp-content/uploads/2025/05/0-image-a-la-une-1-2-scaled.jpg,1,Professionnel,2026-09-30
897206,sarouty,APPARTEMENT AGDAL A LOUER LONGUE DUREE,https://www.sarouty.ma/louer/appartement-marrakech-boulevard-mohammed-vi-897206,Location,Appartement,Marrakech,Boulevard Mohammed VI,12 000 MAD,12000,84,2,1,,"otre agence Le Comptoir de l’Immobilier, à Marrakech, vous propose à la location longue durée ce bel appartement récemment mis sur le marché. Situé dans une …",https://sarouty-prod.s3.eu-west-3.amazonaws.com/public_assets/property/897206/59fdao.jpg,1,Professionnel,2026-09-30
907935,sarouty,"Plateau de bureau à louer — Parking en sous-sol titré – Route de Casablanca, Marrakech",https://www.sarouty.ma/louer/bureaux-marrakech-route-de-casablanca-907935,Location,Commercial,Marrakech,Route de Casablanca,9 000 MAD,9000,63,,,Parking,"L’Immobilier Sans Frontières vous propose ce plateau de bureau neuf à louer sur la Route de Casablanca, Marrakech, dans un secteur annoncé dynamique et acces…",https://limmobiliersansfrontieres.com/wp-content/uploads/2026/01/0-image-a-la-une-1-19-scaled.jpg,1,Professionnel,2026-09-30
907826,sarouty,"Riad de 165 m² à vendre à la Kasbah – 3 chambres, terrasse et proximité du Palais Royal",https://www.sarouty.ma/acheter/villa-marrakech-medina-907826,Vente,Riad,Marrakech,Médina,3 000 000 MAD,3000000,165,3,,Terrasse,"L’Immobilier Sans Frontières vous propose à la vente ce riad de 165 m² situé dans la Médina de Marrakech, au quartier de la Kasbah. Il bénéficie d’un emplace…",https://limmobiliersansfrontieres.com/wp-content/uploads/2026/09/0-image-a-la-une-Photo-1-10.jpg,1,Professionnel,2026-09-30
903000,sarouty,Riad de charme meublé à vendre à Bab Ksiba.,https://www.sarouty.ma/acheter/riad-marrakech-ancienne-medina-903000,Vente,Riad,Marrakech,Ancienne Médina,4 920 000 MAD,4920000,92,4,4,Meublé,"Riad de charme meublé à vendre à Bab Ksiba.

Situé au cœur de Marrakech, dans le quartier recherché de Bab Ksiba, ce magnifique riad allie authenticité maroc…",https://sarouty-prod.s3.eu-west-3.amazonaws.com/public_assets/property/903000/9928co.jpg,1,Professionnel,2026-09-30
2,sarouty,Vente Propriété Marrakech,https://www.sarouty.ma/acheter/marrakech/agdal-2,Vente,Villa,Marrakech,Marrakech,,,,,,,,https://www.sarouty.ma/wp-content/uploads/2026/01/sarouty_logo.svg,1,Professionnel,2026-09-30
907939,sarouty,"Terrain à vendre à Samlalia, Marrakech — Immeuble R5 — 233 m²",https://www.sarouty.ma/acheter/terrain-marrakech-semlalia-907939,Vente,Terrain,Marrakech,Semlalia,5 359 000 MAD,5359000,233,,,Meublé,"L’Immobilier Sans Frontières vous propose à la vente ce terrain de 233 m² situé à Samlalia, Marrakech. Il est destiné à la construction d’un immeuble en R5, …",https://limmobiliersansfrontieres.com/wp-content/uploads/2025/12/0-image-a-la-une-1-11-scaled.jpg,1,Professionnel,2026-09-30
908384,sarouty,حدائق الشريفيه,https://www.sarouty.ma/louer/appartement-marrakech-mhamid-908384,Location,Appartement,Marrakech,Mhamid,5 500 MAD,5500,70,2,1,,شقه في حي حدائق الشريفيه  المحاميد 2 نوم نرحب بكم,https://sarouty-prod.s3.eu-west-3.amazonaws.com/public_assets/property/908384/714b5o.jpg,1,Professionnel,2026-09-30
896222,sarouty,Luxueux Appartement 3 Chambres à l’Hivernage de 240 m²,https://www.sarouty.ma/louer/appartement-marrakech-hivernage-896222,Location,Appartement,Marrakech,Hivernage,25 000 MAD,25000,240,3,2,Spa,"Offrez-vous un cadre de vie exceptionnel au cœur de l’Hivernage, l’un des quartiers les plus prestigieux de Marrakech.
Cet appartement raffiné allie espace, …",https://sarouty-prod.s3.eu-west-3.amazonaws.com/public_assets/property/2241/39fc24af-8d9b-11f0-b39b-0a7c4b6dfef6.png,1,Professionnel,2026-09-30
897222,sarouty,PROJET TOURISTIQUE SUR TERRAIN A ASNI,https://www.sarouty.ma/acheter/terrain-marrakech-asni-897222,Vente,Terrain,Marrakech,Asni,15 000 000 MAD,15000000,63697,,,,"LE TERRAIN à Asni, est situé à 47 km sur la route natinale N. 7 au sud ouest de Marrakech qui mène de Marrakech à Taroudante à travers le col de Tiz N'teste …",https://sarouty-prod.s3.eu-west-3.amazonaws.com/public_assets/property/897222/b38a5o.jpg,1,Professionnel,2026-09-30
896425,sarouty,Belle villa au Samanah Golf Club - Marrakech,https://www.sarouty.ma/acheter/villa-marrakech-route-amizmiz-896425,Vente,Villa,Marrakech,Route Amizmiz,6 690 000 MAD,6690000,170,3,3,Proximité Golf,"Située au cœur du prestigieux Samanah Golf Club, cette villa de 170 m² habitables sur un terrain de 1 800 m² allie le charme de l’architecture traditionnelle…",https://sarouty-prod.s3.eu-west-3.amazonaws.com/public_assets/property/2459/0177f278-925e-11f0-84aa-f2956b375068.png,1,Professionnel,2026-09-30
894467,sarouty,Terrains de 5 hectares en réquisition Rte Amizmiz,https://www.sarouty.ma/acheter/terrain-marrakech-route-amizmiz-894467,Vente,Terrain,Marrakech,Route Amizmiz,6 000 000 MAD,6000000,50000,,,,"L&#39;agence Stone immobilier met à la vente un terrain de 5 hectares total de 6 lots indépendants en réquisition 
Le terrain se trouve à Tameslouht sur la r…",https://sarouty-prod.s3.eu-west-3.amazonaws.com/public_assets/property/3428/bdab1efc-4de1-11f0-81d0-7ee1c7ec9968.png,1,Professionnel,2026-09-30
894396,sarouty,PROJET TOURISTIQUE SUR TERRAIN A ASNI,https://www.sarouty.ma/acheter/terrain-marrakech-asni-894396,Vente,Terrain,Marrakech,Asni,15 000 000 MAD,15000000,63697,,,,"LE TERRAIN à Asni, est situé à 47 km sur la route natinale N. 7 au sud ouest de Marrakech qui mène de Marrakech à Taroudante à travers le col de Tiz N'teste …",https://sarouty-prod.s3.eu-west-3.amazonaws.com/public_assets/property/894396/131ddo.jpg,1,Professionnel,2026-09-30
897680,sarouty,Lot de terrain R+5 à vendre 488 m²  Semlalia,https://www.sarouty.ma/acheter/terrain-marrakech-semlalia-897680,Vente,Terrain,Marrakech,Semlalia,11 224 000 MAD,11224000,488,,,,"Lot de terrain titrée R plus 5 résidentielle à vendre d'une superficie de 488 m² située à Semlalia, pour plus d'informations veuillez nous contacter.",https://sarouty-prod.s3.eu-west-3.amazonaws.com/public_assets/property/897680/8b24ao.jpg,1,Professionnel,2026-09-30
908104,sarouty,"Appartement meublé à louer — Ascenseur – Guéliz, Marrakech",https://www.sarouty.ma/louer/appartement-marrakech-gueliz-908104,Location,Appartement,Marrakech,Guéliz,6 000 MAD,6000,116,2,,Meublé; Ascenseur,"L’Immobilier Sans Frontières vous propose à la location cet appartement meublé à Guéliz, Marrakech, au 5ᵉ étage d’un immeuble bien entretenu, proche des comm…",https://limmobiliersansfrontieres.com/wp-content/uploads/2026/02/0-image-a-la-une-1-4-scaled.jpg,1,Professionnel,2026-09-30
906973,sarouty,Villa for rent in Amelkis,https://www.sarouty.ma/louer/villa-marrakech-amelkis-906973,Location,Villa,Marrakech,Amelkis,75 000 MAD,75000,1000,4,1,Proximité Golf,"Very lovely villa located in Amelkis, south facing, 1st line golf with Atlas view, It comprises four beautiful bedrooms including a master suite with bathroo…",https://mluxury.ma/media/bien_photos/bien_8280/7e46ccd8a1a14985b17ac9cafdc61a26.jpg,1,Professionnel,2026-09-30
1095661347775321075,sarouty,"Propriétés à vendre à Boulevard 18 Novembre, Marrakech",https://www.sarouty.ma/acheter/marrakech/boulevard-18-novembre,Vente,Villa,Marrakech,Marrakech,,,,,,,,https://www.sarouty.ma/wp-content/uploads/2026/01/sarouty_logo.svg,1,Professionnel,2026-09-30
893840,sarouty,Terrain titré de 180 hectares à Bouros,https://www.sarouty.ma/acheter/terrain-marrakech-route-de-casablanca-893840,Vente,Terrain,Marrakech,Route de Casablanca,45 000 000 MAD,45000000,1800000,,,,"L&#39;agence Stone immobilier met à la vente un vaste terrain de 180 hectares agricole à la commune de Bouros à 25 km du centre ville de Marrakech, la route …",https://sarouty-prod.s3.eu-west-3.amazonaws.com/public_assets/property/3428/65ca93c4-3bd8-11f0-b082-f2f3edcd1acd.png,1,Professionnel,2026-09-30
896423,sarouty,Villa avec vue sur l'Atlas - Marrakech,https://www.sarouty.ma/louer/villa-marrakech-bab-atlas-896423,Location,Villa,Marrakech,Bab Atlas,37 000 MAD,37000,250,4,4,,"Située dans le prestigieux quartier de Bab Atlas, à proximité du Palais Namaskar, cette villa de 250 m² habitables sur un terrain de 5 000 m² allie subtileme…",https://sarouty-prod.s3.eu-west-3.amazonaws.com/public_assets/property/2459/acb4c62e-9259-11f0-8e50-fa24d907baae.png,1,Professionnel,2026-09-30
804992,sarouty,Villa de 7000 m² sur la route de Fès,https://www.sarouty.ma/acheter/villa-marrakech-route-de-fes-804992,Vente,Villa,Marrakech,Route de Fès,5 600 000 MAD,5600000,7000,6,5,,"L&#39;agence Stone immobilier met à la vente une villa titrée d&#39;une superficie totale de 7000 m² à 20 km sur la route de Fès
La propriété contient une jo…",https://sarouty-prod.s3.eu-west-3.amazonaws.com/public_assets/property/3428/8032d3ea-e9f7-11ee-a974-7a8534e28a61.png,1,Professionnel,2026-09-30
906918,sarouty,Villa for rent Bab Atlas,https://www.sarouty.ma/louer/villa-marrakech-bab-atlas-906918,Location,Villa,Marrakech,Bab Atlas,27 000 MAD,27000,200,3,1,,"Sublime furnished villa for long-term rent located in Bab Atlas in the Palmeraie, within a secure residence with a shared swimming pool. The villa comprises …",https://mluxury.ma/media/bien_photos/bien_9792/5f5b1636b61745bf93932951dfa1930c.jpg,1,Professionnel,2026-09-30
866934,sarouty,Terrain Titré 328 m² Massira  R+2 Marrakech,https://www.sarouty.ma/acheter/terrain-marrakech-massira-866934,Vente,Terrain,Marrakech,Massira,5 000 000 MAD,5000000,328,,,,Terrain Titré 328 m² 3 Façades .A Hay IZIKI 200 Mètres du rond point LAHBASSE et Ste COSMOS . Note urbaine R+2 avec possibilité R+3 . Pour plus d&#39;informa…,https://sarouty-prod.s3.eu-west-3.amazonaws.com/public_assets/property/1320/673fc2a1-ef5d-11ed-beea-da7a224efde1.jpg,1,Professionnel,2026-09-30
901239,sarouty,VILLA RIAD AVEC VNA SUR 1HA RT DU BARRAGE (SD1),https://www.sarouty.ma/acheter/villa-marrakech-route-du-barrage-901239,Vente,Riad,Marrakech,Route du Barrage,19 000 000 MAD,19000000,10000,5,5,,"Sur la très prisée Route du Barrage, à quelques minutes seulement de l’emblématique Hôtel Selman Marrakech, ce domaine rare d’un hectare s’inscrit comme une …",https://sarouty-prod.s3.eu-west-3.amazonaws.com/public_assets/property/901239/573bfo.jpg,1,Professionnel,2026-09-30
885392,sarouty,Somptueux duplex à vendre à la Palmeraie 1,https://www.sarouty.ma/acheter/appartement-marrakech-palmeraie-885392,Vente,Appartement,Marrakech,Palmeraie,3 300 000 MAD,3300000,380,3,3,Calme absolu,"Ce duplex haut de gamme vous propose un cadre de vie exceptionnel. Situé dans un environnement calme et verdoyant, il offre de beaux volumes et des prestatio…",https://sarouty-prod.s3.eu-west-3.amazonaws.com/public_assets/property/2241/3f5049e7-da4e-11ef-b18d-02ecc993cc25.png,1,Professionnel,2026-09-30
896151,sarouty,"Duplex Haut Standing 220m² – Jardins de la Palmeraie 1, Marrakech",https://www.sarouty.ma/acheter/appartement-marrakech-palmeraie-896151,Vente,Appartement,Marrakech,Palmeraie,3 400 000 MAD,3400000,220,3,2,Jardin,"Au cœur de la prestigieuse Palmeraie de Marrakech, découvrez ce magnifique duplex de 220 m², niché au dernier étage d’une résidence sécurisée, élégante et ve…",https://sarouty-prod.s3.eu-west-3.amazonaws.com/public_assets/property/2241/d17a32b8-8a51-11f0-a307-0ed02d4c7e8f.png,1,Professionnel,2026-09-30
902927,sarouty,"VILLA D’EXCEPTION À VENDRE – TARGA, MARRAKECH",https://www.sarouty.ma/acheter/villa-marrakech-targa-902927,Vente,Villa,Marrakech,Targa,9 350 000 MAD,9350000,570,6,4,,"Située dans le prestigieux quartier de Targa, à seulement quelques minutes de Carrefour, cette somptueuse villa 4 façades allie élégance, confort et tranquil…",https://sarouty-prod.s3.eu-west-3.amazonaws.com/public_assets/property/902927/42d49o.jpg,1,Professionnel,2026-09-30
903788,sarouty,Somptueuse villa de plain-pied entièrement meublée,https://www.sarouty.ma/acheter/villa-marrakech-route-d-ourika-903788,Vente,Villa,Marrakech,Route d'Ourika,16 000 000 MAD,16000000,1650,6,7,Meublé,"Découvrez cette magnifique villa de plain-pied, entièrement meublée avec un mobilier raffiné et des finitions haut de gamme. Conçue pour offrir un confort ab…",https://sarouty-prod.s3.eu-west-3.amazonaws.com/public_assets/property/903788/90942o.jpg,1,Professionnel,2026-09-30
907095,sarouty,Villa indépendante de charme Route de Fès Marrakech.,https://www.sarouty.ma/acheter/maison-marrakech-route-de-fes-907095,Vente,Villa,Marrakech,Route de Fès,8 700 000 MAD,8700000,500,6,,,"Située à seulement 13 km du centre-ville de Marrakech, sur la très recherchée Route de Fès, cette élégante villa marocaine de plain-pied offre un cadre de vi…",https://media.apimo.pro/cache/275065d33dd339b3572ccb16d0a8d7bc_d163ad1537_1024-original.jpg,1,Professionnel,2026-09-30
904853,sarouty,Vente Villa à Marrakech,https://www.sarouty.ma/acheter/villa-marrakech-ancienne-medina-904853,Vente,Villa,Marrakech,Ancienne Médina,1 600 000 MAD,1600000,124,7,,,"Je mets en vente une Riad milkiya de 124m² situé dans le quartier de l&#39;Ancienne Médina, à Bab Ilane, Marrakech.

il se compose, au rez-de-chaussée, de tr…",https://api.app.milkiya.ma/property_images/f120381cf06d74b7e670.jpg?v2,1,Professionnel,2026-09-30
894953,sarouty,Villa à louer avec piscine sur golf - Marrakech,https://www.sarouty.ma/louer/villa-marrakech-route-amizmiz-894953,Location,Villa,Marrakech,Route Amizmiz,20 000 MAD,20000,150,3,3,Piscine; Proximité Golf,"Villa de charme à louer au cœur d'un prestigieux parcours de Golf – Marrakech

Située dans l’environnement sécurisé et paisible d'un domaine golfique, sur la…",https://sarouty-prod.s3.eu-west-3.amazonaws.com/public_assets/property/2459/8d8b8341-6187-11f0-b052-6a8526e6eb3a.png,1,Professionnel,2026-09-30
897388,sarouty,APPARTEMENT A DEUX PAS DU CENTRE VILLE,https://www.sarouty.ma/louer/appartement-marrakech-agdal-897388,Location,Appartement,Marrakech,Agdal,15 000 MAD,15000,70,1,1,Piscine,"Situé dans une résidence de standing avec piscine, au cœur du quartier prisé d’Agdal, ce bel appartement d’une chambre séduit par son style marocain chic et …",https://sarouty-prod.s3.eu-west-3.amazonaws.com/public_assets/property/897388/1aa31o.jpg,1,Professionnel,2026-09-30
907832,sarouty,"Appartement meublé de 48 m² à Guéliz – 1 chambre, vue piscine et parking titré en sous-sol",https://www.sarouty.ma/acheter/appartement-marrakech-gueliz-907832,Vente,Appartement,Marrakech,Guéliz,1 192 000 MAD,1192000,48,1,,Piscine; Meublé; Parking,"L’Immobilier Sans Frontières vous propose à la vente cet appartement meublé de 48 m² situé au 1er étage à Guéliz. Il comprend une chambre, un salon européen,…",https://limmobiliersansfrontieres.com/wp-content/uploads/2026/09/0-image-a-la-une-Photo-1-15.jpg,1,Professionnel,2026-09-30
897399,sarouty,RIAD A RENOVER QUARTIER BAB HMAR,https://www.sarouty.ma/acheter/riad-marrakech-kasbah-marrakech-897399,Vente,Riad,Marrakech,Kasbah Marrakech,2 400 000 MAD,2400000,137,6,2,Terrasse,"Détails :  Superficie : 137m2

MELKIA

RDC 2 grandes chambres    1 grande cuisine    1 SDB douche

1er ETG    4 pièces    1 WC

TERRASSE  1 pièce   1 débarras",https://sarouty-prod.s3.eu-west-3.amazonaws.com/public_assets/property/897399/8ce84o.jpg,1,Professionnel,2026-09-30
897209,sarouty,Domaine d’Exception de 4 Hectares avec 4 Villas Semi-Finies sur la Route de Fès,https://www.sarouty.ma/acheter/villa-marrakech-route-de-fes-897209,Vente,Villa,Marrakech,Route de Fès,13 000 000 MAD,13000000,40000,5,5,,"Chestertons Maroc vous propose ce domaine à vendre de 4 hectares situé sur la route de Fès, comprenant quatre villas semi-finies, chacune construite sur 1 he…",https://sarouty-prod.s3.eu-west-3.amazonaws.com/public_assets/property/897209/354b6o.jpg,1,Professionnel,2026-09-30
890050,sarouty,RIAD A RENOVER RIAD ZITOUN JDID MELKIA,https://www.sarouty.ma/acheter/riad-marrakech-mellah-890050,Vente,Riad,Marrakech,Mellah,3 600 000 MAD,3600000,176,,3,Terrasse,"Le Comptoir de l’Immobilier à Marrakech vous propose cette ancienne maison à rénover, grand patio principale de 60m² et terrasses constructibles pour un étag…",https://sarouty-prod.s3.eu-west-3.amazonaws.com/public_assets/property/3444/790eb7bf-eab8-11ef-8b29-72a47a622b99.png,1,Professionnel,2026-09-30
887004,sarouty,Magnifique Villa Isolée Résidence privée Marrakech,https://www.sarouty.ma/acheter/villa-marrakech-chrifia-887004,Vente,Villa,Marrakech,Chrifia,8 400 000 MAD,8400000,967,4,5,,"Une villa isolée de luxe située dans un environnement paisible et privé. Elle se distingue par son architecture élégante et moderne, combinée à des matériaux…",https://sarouty-prod.s3.eu-west-3.amazonaws.com/public_assets/property/10075/229ebc60-a141-11ef-8fdd-d6a78e615b87.png,1,Professionnel,2026-09-30
905319,sarouty,Location Villa à Marrakech,https://www.sarouty.ma/louer/villa-marrakech-sidi-abdellah-ghiat-905319,Location,Villa,Marrakech,Sidi Abdellah Ghiat,20 000 MAD,20000,1000,4,,,"Oulaya ELKHOUMMADI vous propose en location une superbe villa située à Tamazouzt, à seulement 35 km de Marrakech. Offrant un cadre paisible et verdoyant, cet…",https://api.app.milkiya.ma/property_images/2202c6436a9bc27d8598.png?v2,1,Professionnel,2026-09-30
879530,sarouty,Villa D exception à vendre à AMELKIS,https://www.sarouty.ma/acheter/villa-marrakech-amelkis-879530,Vente,Villa,Marrakech,Amelkis,16 500 000 MAD,16500000,440,4,4,Proximité Golf,"Offrez-vous l&#39;opportunité d&#39;habiter au cœur du prestigieux golf d&#39;Amelkis, à Marrakech, dans cette somptueuse villa qui allie élégance, confort e…",https://sarouty-prod.s3.eu-west-3.amazonaws.com/public_assets/property/2241/3baf7ff8-da4e-11ef-9b07-022b6184d945.png,1,Professionnel,2026-09-30
906997,sarouty,Villa for rent in Amelkis,https://www.sarouty.ma/louer/villa-marrakech-amelkis-906997,Location,Villa,Marrakech,Amelkis,5 900 MAD,5900,700,6,1,Proximité Golf,"Lovely fully furnished villa offered for short-term rental, located in the heart of the Amelkis golf course, comprising a triple living room with fireplace, …",https://mluxury.ma/media/bien_photos/bien_8865/5e4bbe4ad972418b93f5f103277b37a6.jpg,1,Professionnel,2026-09-30
896290,sarouty,Villa moderne à louer - Marrakech,https://www.sarouty.ma/louer/villa-marrakech-bab-atlas-896290,Location,Villa,Marrakech,Bab Atlas,42 000 MAD,42000,400,4,4,,"Nichée dans le prestigieux quartier de Bab Atlas, au sein d’une résidence privée composée de seulement 15 villas, cette propriété moderne offre une expérienc…",https://sarouty-prod.s3.eu-west-3.amazonaws.com/public_assets/property/2459/0286595d-8f39-11f0-a1f6-92813151c81d.png,1,Professionnel,2026-09-30
893930,sarouty,TERRAIN AVENDRE VICTOR HIGO MARRAKECH,https://www.sarouty.ma/acheter/terrain-marrakech-victor-hugo-893930,Vente,Terrain,Marrakech,Victor Hugo,15 000 000 MAD,15000000,500,,,,TRES BEAU TRRAIN R+5 A DEUX PAS L ECOLE VICTOR HIGO QUARTIER GELIZ PLUS D INFOS VEUILLEZ NOUS CONTACTEZ,https://sarouty-prod.s3.eu-west-3.amazonaws.com/public_assets/property/2947/cd1c715e-3db0-11f0-be87-6a1de0c3553d.png,1,Professionnel,2026-09-30
884865,sarouty,Ferme titrée d&#39;un hectare à  Bouros,https://www.sarouty.ma/acheter/ferme-marrakech-route-de-casablanca-884865,Vente,Villa,Marrakech,Route de Casablanca,1 600 000 MAD,1600000,10250,,,,"L&#39;agence Stone Immobilier met à la vente une ferme titrée de 10250m² à 25 km de Marrakech
La ferme se trouve à Bouros avec à 25 mn du centre ville avec l…",https://sarouty-prod.s3.eu-west-3.amazonaws.com/public_assets/property/3428/42d3a525-607b-11ef-8256-d68781dae2e3.png,1,Professionnel,2026-09-30
907400,sarouty,Appartement lumineux à louer à Hivernage — 87 m²,https://www.sarouty.ma/louer/appartement-marrakech-hivernage-907400,Location,Appartement,Marrakech,Hivernage,11 000 MAD,11000,87,2,,Meublé,"L’Immobilier Sans Frontières vous propose à la location cet appartement situé à Hivernage, Marrakech, au 1er étage d’un immeuble, dans un quartier recherché …",https://limmobiliersansfrontieres.com/wp-content/uploads/2026/08/0-image-a-la-une-Photo-1-7.jpg,1,Professionnel,2026-09-30
897408,sarouty,Villa arabo-andalouse avec piscine – Marrakech,https://www.sarouty.ma/louer/villa-marrakech-route-de-casablanca-897408,Location,Villa,Marrakech,Route de Casablanca,17 000 MAD,17000,130,3,2,Piscine,"Située sur la très recherchée route de Casablanca, cette villa de style arabo-andalou offre un cadre de vie harmonieux, alliant authenticité architecturale e…",https://sarouty-prod.s3.eu-west-3.amazonaws.com/public_assets/property/897408/67c45o.jpg,1,Professionnel,2026-09-30
895769,sarouty,Villa Art Deco à Amelkis,https://www.sarouty.ma/acheter/villa-marrakech-amelkis-895769,Vente,Villa,Marrakech,Amelkis,9 500 000 MAD,9500000,500,4,4,,"Chestertons Maroc vous propose cette somptueuse villa de 500 m² située à Amelkis, Marrakech. Dotée de quatre chambres et de six pièces, cette propriété offre…",https://sarouty-prod.s3.eu-west-3.amazonaws.com/public_assets/property/3658/cb4ab015-7780-11f0-8464-1e5541ab0444.png,1,Professionnel,2026-09-30
887006,sarouty,Villa de Standing Meublée Chrifia,https://www.sarouty.ma/acheter/villa-marrakech-chrifia-887006,Vente,Villa,Marrakech,Chrifia,4 700 000 MAD,4700000,283,4,5,Meublé; Calme absolu,"Découvrez l’élégance et le raffinement au cœur de Marrakech, une résidence  fermée et sécurisée, nichée dans un environnement calme et verdoyant.
Édifiée sur…",https://sarouty-prod.s3.eu-west-3.amazonaws.com/public_assets/property/887006/f42abo.jpg,1,Professionnel,2026-09-30
887003,sarouty,Villa contemporaine de Standing,https://www.sarouty.ma/acheter/villa-marrakech-chrifia-887003,Vente,Villa,Marrakech,Chrifia,9 000 000 MAD,9000000,440,4,5,Jardin,"située dans un cadre exceptionnel, cette magnifique villa de 440 m² + 700 m² de jouissance jardin vous offre le luxe, l'intimité et le confort au cœur d'un e…",https://sarouty-prod.s3.eu-west-3.amazonaws.com/public_assets/property/10075/a4b58bb9-a13c-11ef-a5d9-4e1f85ede1d1.png,1,Professionnel,2026-09-30
894952,sarouty,Villa de charme à louer sur golf - Marrakech,https://www.sarouty.ma/louer/villa-marrakech-route-amizmiz-894952,Location,Villa,Marrakech,Route Amizmiz,22 000 MAD,22000,150,3,3,Proximité Golf,"Villa de charme à louer au cœur d'un prestigieux parcours de Golf - Marrakech

Située dans l’environnement sécurisé et paisible d'un domaine golfique, sur la…",https://sarouty-prod.s3.eu-west-3.amazonaws.com/public_assets/property/2459/14b26e64-6186-11f0-b4d1-da3e9cc964af.png,1,Professionnel,2026-09-30
873504,sarouty,Appartement 3 chambres moyen standing,https://www.sarouty.ma/acheter/appartement-marrakech-mhamid-873504,Vente,Appartement,Marrakech,Mhamid,600 000 MAD,600000,84,3,1,Ascenseur,"Appartement moyen standing 84 m2

3 chambres
1 salon
1 salle de bain
1 façade
1 er étage (sans ascenseur)

Proche de toute commodité
5.1 km de l&#39;aéroport…",https://sarouty-prod.s3.eu-west-3.amazonaws.com/public_assets/property/4492/a4fb8f97-5562-11ee-a7b0-6ad0f78c1b4c.png,1,Professionnel,2026-09-30
906898,sarouty,For Sale: Guesthouse in Bab Atlas,https://www.sarouty.ma/acheter/hangar-marrakech-bab-atlas-906898,Vente,Villa,Marrakech,Bab Atlas,24 000 000 MAD,24000000,1163,,1,,"Magnificent guesthouse located in Bab Atlas, just 25 minutes from the city centre, set on a titled plot of 8,036 m², including 1,163 m² of built area, plus 3…",https://mluxury.ma/media/bien_photos/bien_9817/43b302be43d44a8fbb094af31805dc9e.jpg,1,Professionnel,2026-09-30
890556,sarouty,Terrain 10 hectares à vendre douar belaaguid MARRAKECH,https://www.sarouty.ma/acheter/terrain-marrakech-route-de-casablanca-890556,Vente,Terrain,Marrakech,Route de Casablanca,8 000 000 MAD,8000000,100000,,,,Terrain 10 hectares à vendre pour lotissement R+2  douar belaaguid Route de Casablanca pour plus d&#39;information veuillez nous contacter,https://sarouty-prod.s3.eu-west-3.amazonaws.com/public_assets/property/1320/2c33c66b-f69b-11ef-b65a-129a1efd794e.png,1,Professionnel,2026-09-30
897452,sarouty,Sublime villa et Panorama sur l’Atlas – Marrakech,https://www.sarouty.ma/acheter/villa-marrakech-amelkis-897452,Vente,Villa,Marrakech,Amelkis,21 900 000 MAD,21900000,450,4,4,,"Située au cœur du prestigieux domaine d’Amelkis, sur la route de Ouarzazate, cette villa d’architecte neuve de 450 m² habitables s'inscrit dans un environnem…",https://sarouty-prod.s3.eu-west-3.amazonaws.com/public_assets/property/897452/29f81o.jpg,1,Professionnel,2026-09-30
892543,sarouty,Appartement 2 chambres neuf avec piscine – Noria Marrakech,https://www.sarouty.ma/acheter/appartement-marrakech-chrifia-892543,Vente,Appartement,Marrakech,Chrifia,2 185 000 MAD,2185000,81,2,2,Piscine,"À vendre dans la résidence sécurisée de Noria à Marrakech, cet appartement neuf de 81 m² allie confort moderne et cadre de vie agréable, idéal pour familles …",https://sarouty-prod.s3.eu-west-3.amazonaws.com/public_assets/property/4492/6485a166-8a6b-11f0-b2d4-da2b5dfbc6a4.png,1,Professionnel,2026-09-30
907055,sarouty,Apartment for rent Victor Hugo,https://www.sarouty.ma/louer/appartement-marrakech-victor-hugo-907055,Location,Appartement,Marrakech,Victor Hugo,12 000 MAD,12000,180,3,1,,"Beautiful duplex available for unfurnished long-term rental on the ground floor, located in the Victor Hugo neighbourhood in a secure residence. It comprises…",https://mluxury.ma/media/bien_photos/bien_7985/2f0d45be7ebd47638fd8b556a620e234.jpg,1,Professionnel,2026-09-30
894280,sarouty,Villa à vendre 384 m² EL BADII MARRAKECH,https://www.sarouty.ma/acheter/villa-marrakech-daoudiate-894280,Vente,Villa,Marrakech,Daoudiate,3 500 000 MAD,3500000,384,5,2,Jardin,Villa à  vendre de 384 m² à  EL BADIAA   se compose de 3 étages  et un grand jardin d’une superficie de 160 m2 environ. Sous-sol de 165 m2  il se compose de …,https://sarouty-prod.s3.eu-west-3.amazonaws.com/public_assets/property/1320/9ba8f58f-4911-11f0-8296-a6f8dc66eb66.png,1,Professionnel,2026-09-30
906865,sarouty,Apartment for sale Hivernage,https://www.sarouty.ma/acheter/appartement-marrakech-hivernage-906865,Vente,Appartement,Marrakech,Hivernage,1 956 000 MAD,1956000,79,2,1,,"New apartment of 79 m² located on the 1st floor in a secure building in Hivernage. Comprising a living room, a semi-equipped kitchen, a master suite with sho…",https://mluxury.ma/media/bien_photos/bien_9861/f6dc2e07002b41b79cc7c6c172465735.jpg,1,Professionnel,2026-09-30
908257,sarouty,APPARTEMENT 3 CHAMBRES RÉNOVÉ EN 2025 AVEC TERRASSE À LOUER - HIVERNAGE MARRAKECH,https://www.sarouty.ma/louer/appartement-marrakech-gueliz-908257,Location,Appartement,Marrakech,Guéliz,23 800 MAD,23800,173,3,,Piscine; Terrasse,"Appartement de 173 m² au sol avec PISCINE collective, situé au 5ème étage dans le prestigieux quartier d&#39;Hivernage, offre un cadre de vie lumineux et raf…",https://ma.immotech.app/uploads/media/property/0002/64/thumb_163104_property_big.jpeg,1,Professionnel,2026-09-30
907398,sarouty,Maison titrée à vendre au cœur de la Médina de Marrakech — 100 m²,https://www.sarouty.ma/acheter/villa-marrakech-medina-907398,Vente,Villa,Marrakech,Médina,3 200 000 MAD,3200000,100,6,,,"L’Immobilier Sans Frontières vous propose à la vente cette maison entièrement titrée, située au cœur de la Médina de Marrakech, à Arset Darb Sbah, à seulemen…",https://limmobiliersansfrontieres.com/wp-content/uploads/2026/08/0-image-a-la-une-Photo-1-10.jpg,1,Professionnel,2026-09-30
906879,sarouty,"Apartment for rent, route de Fès",https://www.sarouty.ma/louer/appartement-marrakech-route-de-fes-906879,Location,Appartement,Marrakech,Route de Fès,10 000 MAD,10000,127,2,1,,"Lovely furnished apartment available for long-term rental, located on the 1st floor in a secure residence on the route de Fès, 15 minutes from Bab Doukkala. …",https://mluxury.ma/media/bien_photos/bien_9841/2628468abf1348539a3a736be8c03c0b.jpg,1,Professionnel,2026-09-30
897454,sarouty,Belle vIlla Arabo-Andalouse à Samanah - Marrakech,https://www.sarouty.ma/acheter/villa-marrakech-route-amizmiz-897454,Vente,Villa,Marrakech,Route Amizmiz,15 000 000 MAD,15000000,500,6,6,Proximité Golf,"Située sur la prisée Route d’Amizmiz, au sein du domaine sécurisé du Samanah Golf Club, cette demeure de caractère déploie ses 500 m² habitables sur une parc…",https://sarouty-prod.s3.eu-west-3.amazonaws.com/public_assets/property/897454/fd0c8o.jpg,1,Professionnel,2026-09-30
908368,sarouty,Villa location vacances,https://www.sarouty.ma/louer/villa-marrakech-route-de-fes-908368,Location,Villa,Marrakech,Route de Fès,1 300 MAD,1300,1000,3,3,,فيلا للكراء اليومي نرحب بالجميع بطريقه الصويره تبعد عن مراكش باربع كيلومتر,https://sarouty-prod.s3.eu-west-3.amazonaws.com/public_assets/property/908368/d82eco.jpg,1,Professionnel,2026-09-30
907947,sarouty,"Terrain à vendre — Autorisation de construire – Sidi Abdellah Ghiat, Marrakech",https://www.sarouty.ma/acheter/terrain-marrakech-sidi-abdellah-ghiat-907947,Vente,Terrain,Marrakech,Sidi Abdellah Ghiat,2 400 000 MAD,2400000,7643,,,,"L’Immobilier Sans Frontières vous propose à la vente ce terrain à vocation agricole (RA) de 7 643 m² situé à Sidi Abdellah Ghiat, à proximité de Marrakech. I…",https://limmobiliersansfrontieres.com/wp-content/uploads/2025/08/0-image-a-la-une-40-scaled.jpg,1,Professionnel,2026-09-30
907851,sarouty,Terrain titré et loti de 375 m² à Massira 3 – À proximité de Carrefour Targa,https://www.sarouty.ma/acheter/terrain-marrakech-massira-907851,Vente,Terrain,Marrakech,Massira,1 875 000 MAD,1875000,375,,,,"L’Immobilier Sans Frontières vous propose à la vente ce terrain titré de 375 m² situé à Massira 3, à proximité de Carrefour Targa. Le terrain est loti et dis…",https://limmobiliersansfrontieres.com/wp-content/uploads/2026/08/0-image-a-la-une-Photo-1-79.jpg,1,Professionnel,2026-09-30
907052,sarouty,Villa for rent Palmeraie,https://www.sarouty.ma/louer/villa-marrakech-palmeraie-907052,Location,Villa,Marrakech,Palmeraie,9 300 MAD,9300,10000,5,1,,Magnificent villa in the heart of the Palmeraie offered for short-term rental. Built on one hectare of land planted with palm and fruit trees. The property o…,https://mluxury.ma/media/bien_photos/bien_9177/b0355e32ce4046faab9451b2fabccf30.jpg,1,Professionnel,2026-09-30
891006,sarouty,Plateau Bureau en vente à Majorelle,https://www.sarouty.ma/acheter/villa-marrakech-majorelle-891006,Vente,Commercial,Marrakech,Majorelle,1 200 000 MAD,1200000,78,,1,Spa,"Si vous êtes à la recherche d&#39;un espace de bureau moderne et lumineux au cœur de Marrakech ,L&#39;agence immobilière Marrakech Opportunity, votre partena…",https://sarouty-prod.s3.eu-west-3.amazonaws.com/public_assets/property/2242/d6e70c6f-3497-11f0-a111-0ae91761d8a9.png,1,Professionnel,2026-09-30
897368,sarouty,Villa rénovée avec jardin et piscine - Marrakech,https://www.sarouty.ma/louer/villa-marrakech-route-de-casablanca-897368,Location,Villa,Marrakech,Route de Casablanca,28 000 MAD,28000,150,3,2,Piscine; Jardin,"Située route de Casablanca, au sein d’une résidence sécurisée 24h/24, Villa rénovée dans un esprit moderne aux accents marocains séduit par son équilibre ent…",https://sarouty-prod.s3.eu-west-3.amazonaws.com/public_assets/property/897368/db75co.jpg,1,Professionnel,2026-09-30
897227,sarouty,Projet Touristique Sur Terrain A Asni,https://www.sarouty.ma/acheter/terrain-marrakech-asni-897227,Vente,Terrain,Marrakech,Asni,15 000 000 MAD,15000000,63697,,,,"LE TERRAIN à Asni, est situé à 47 km sur la route natinale N. 7 au sud ouest de Marrakech qui mène de Marrakech à Taroudante à travers le col de Tiz N'teste …",https://sarouty-prod.s3.eu-west-3.amazonaws.com/public_assets/property/897227/b19d4o.jpg,1,Professionnel,2026-09-30
884535,sarouty,Terrain titré de 2.6 hectares à Bouros,https://www.sarouty.ma/acheter/terrain-marrakech-route-de-casablanca-884535,Vente,Terrain,Marrakech,Route de Casablanca,1 300 000 MAD,1300000,26000,,,,"L&#39;agence Stone immobilier met à la vente un terrain de 2.6 hectares à la commune de Bouros à 25 km dont 1.5 km de bonne piste 
Le terrain est titré de fo…",https://sarouty-prod.s3.eu-west-3.amazonaws.com/public_assets/property/3428/d727b7c6-54b1-11ef-a66c-9eb5b26fcd8b.png,1,Professionnel,2026-09-30
907852,sarouty,"Studio vide de 37 m² Route de Casablanca – Résidence neuve, piscine et parking titré",https://www.sarouty.ma/louer/appartement-marrakech-route-de-casablanca-907852,Location,Appartement,Marrakech,Route de Casablanca,6 500 MAD,6500,37,1,,Piscine; Parking,"L’Immobilier Sans Frontières vous propose à la location ce studio vide de 37 m² situé Route de Casablanca, Marrakech, au sein d’une résidence neuve aux finit…",https://limmobiliersansfrontieres.com/wp-content/uploads/2026/08/0-image-a-la-une-Photo-1-67.jpg,1,Professionnel,2026-09-30
891620,sarouty,Appartement Spacieux en vente à Majorelle,https://www.sarouty.ma/acheter/appartement-marrakech-majorelle-891620,Vente,Appartement,Marrakech,Majorelle,1 700 000 MAD,1700000,115,2,2,Meublé; Spa; Calme absolu,"Appartement Spacieux en vente à Majorelle , Dans un immeuble sécurisé et calme, L&#39;agence immobilière Marrakesh Opportunity vous propose en vente un appar…",https://sarouty-prod.s3.eu-west-3.amazonaws.com/public_assets/property/2242/df067634-3497-11f0-85d9-021896d9f865.png,1,Professionnel,2026-09-30
896568,sarouty,Belle villa contemporaine - Marrakech,https://www.sarouty.ma/acheter/villa-marrakech-route-amizmiz-896568,Vente,Villa,Marrakech,Route Amizmiz,9 390 000 MAD,9390000,525,5,5,Calme absolu,"Située au début de la route d’Amizmiz, dans un environnement calme et prestigieux, cette villa neuve de 520 m² habitables sur un terrain de 1 000 m² allie ar…",https://sarouty-prod.s3.eu-west-3.amazonaws.com/public_assets/property/2459/3ffda3c2-9598-11f0-b897-b6e12626ee8e.png,1,Professionnel,2026-09-30
907959,sarouty,"Terrain agricole RA à vendre à Sidi Abdellah Ghiat, 1 hectare, Marrakech",https://www.sarouty.ma/acheter/terrain-marrakech-sidi-abdellah-ghiat-907959,Vente,Terrain,Marrakech,Sidi Abdellah Ghiat,1 000 000 MAD,1000000,10000,,,,"L’Immobilier Sans Frontières vous propose à la vente ce terrain Melkia à vocation agricole (RA) d’une superficie de 1 hectare situé à Sidi Abdellah Ghiat, à …",https://limmobiliersansfrontieres.com/wp-content/uploads/2025/05/Reff-VT191-scaled.jpg,1,Professionnel,2026-09-30
906944,sarouty,Office for sale Semlalia,https://www.sarouty.ma/acheter/magasin-marrakech-semlalia-906944,Vente,Commercial,Marrakech,Semlalia,980 000 MAD,980000,74,,1,,"Office of 74 m² for sale on the 3rd floor located in a secure building in Semlalia, ideal for a medical practice or other activities.",https://mluxury.ma/media/bien_photos/bien_8882/1.jpg,1,Professionnel,2026-09-30
897546,sarouty,Terrain titré 567 m² – Résidence Aylin Garden,https://www.sarouty.ma/acheter/terrain-marrakech-chrifia-897546,Vente,Terrain,Marrakech,Chrifia,2 100 000 MAD,2100000,567,,,,"Best Kech Immo Marrakech vous propose à la vente un terrain titré de 567 m² situé au sein du projet résidentiel sécurisé Aylin Garden II à Marrakech, un prog…",https://sarouty-prod.s3.eu-west-3.amazonaws.com/public_assets/property/897546/6a5dco.jpg,1,Professionnel,2026-09-30
907843,sarouty,"Maison meublée à louer à Tamazouzt, proche de Marrakech",https://www.sarouty.ma/louer/villa-marrakech-sidi-abdellah-ghiat-907843,Location,Villa,Marrakech,Sidi Abdellah Ghiat,11 000 MAD,11000,2400,3,,Meublé; Calme absolu,"L’Immobilier Sans Frontières vous propose à la location cette maison meublée située à Tamazouzt, à proximité de Marrakech, offrant un cadre de vie calme et a…",https://limmobiliersansfrontieres.com/wp-content/uploads/2026/05/0-image-a-la-une-1-12-scaled.jpg,1,Professionnel,2026-09-30
907890,sarouty,Appartement meublé à louer à Semlalia avec piscine — 91 m²,https://www.sarouty.ma/louer/appartement-marrakech-semlalia-907890,Location,Appartement,Marrakech,Semlalia,13 000 MAD,13000,91,2,,Piscine; Meublé,"L’Immobilier Sans Frontières vous propose à la location cet appartement meublé moderne situé à Semlalia, Marrakech, dans un quartier recherché à proximité de…",https://limmobiliersansfrontieres.com/wp-content/uploads/2026/08/0-image-a-la-une-Photo-1-4.jpg,1,Professionnel,2026-09-30
899329,sarouty,Vente Local à Marrakech,https://www.sarouty.ma/acheter/magasin-marrakech-massira-899329,Vente,Commercial,Marrakech,Massira,1 750 000 MAD,1750000,155,,,,"Je mets en vente un local commercial de 155 m² idéalement situé à Hay Massira 2 – Lahbass, dans un quartier dynamique à fort potentiel. 

Ce bien propre et p…",https://api.app.milkiya.ma/property_images/d92c86b71d338636c1e9.jpeg?v2,1,Professionnel,2026-09-30
902717,sarouty,VILLA LUXUEUSE ET CONTEMPORAINE DOMAINE GOLF,https://www.sarouty.ma/acheter/villa-marrakech-chrifia-902717,Vente,Villa,Marrakech,Chrifia,6 300 000 MAD,6300000,376,4,5,Proximité Golf,"VILLA LUXUEUSE ET CONTEMPORAINE – NORIA GOLF, MARRAKECH

Située au cœur du prestigieux domaine du Noria Golf à Marrakech, cette superbe villa contemporaine o…",https://sarouty-prod.s3.eu-west-3.amazonaws.com/public_assets/property/902717/2002fo.jpg,1,Professionnel,2026-09-30
907661,sarouty,"Riad meublé à Médina, 8 chambres + 2 grands terrasses, Marrakech : à vendre",https://www.sarouty.ma/acheter/villa-marrakech-medina-907661,Vente,Riad,Marrakech,Médina,7 800 000 MAD,7800000,93,8,,Terrasse; Meublé,"L’Immobilier Sans Frontières vous propose ce riad meublé et titré à vendre au cœur de la Médina de Marrakech, présenté comme une maison d’hôtes. Le bien est …",https://limmobiliersansfrontieres.com/wp-content/uploads/2025/08/0-image-a-la-une-34-scaled.jpg,1,Professionnel,2026-09-30
907971,sarouty,"Plateau bureau à vendre à Route de Casablanca, Marrakech — ascenseur — 55 m²",https://www.sarouty.ma/acheter/bureaux-marrakech-route-de-casablanca-907971,Vente,Commercial,Marrakech,Route de Casablanca,825 000 MAD,825000,55,,,Ascenseur,"L’Immobilier Sans Frontières vous propose à la vente ce plateau de bureau situé sur la Route de Casablanca à Marrakech, dans un quartier dynamique et facilem…",https://limmobiliersansfrontieres.com/wp-content/uploads/2025/01/0-8.png,1,Professionnel,2026-09-30
901242,sarouty,"APPARTEMENT CONTEMPORAIN NEUF  GUÉLIZ, MARRAKECH",https://www.sarouty.ma/acheter/appartement-marrakech-avenue-yacoub-el-mansour-901242,Vente,Appartement,Marrakech,Avenue Yacoub El Mansour,1 500 000 MAD,1500000,83,2,2,,"Idéalement situé au cœur de Guéliz, le quartier le plus dynamique et central de Marrakech, cet appartement neuf allie modernité, confort et emplacement strat…",https://sarouty-prod.s3.eu-west-3.amazonaws.com/public_assets/property/901242/8e834o.jpg,1,Professionnel,2026-09-30
895697,sarouty,MAISON FAMILIALE MEDINA PORTE BAB AGHMAT TITREE,https://www.sarouty.ma/acheter/riad-marrakech-quartier-bab-ghmate-895697,Vente,Riad,Marrakech,Quartier Bab Ghmate,1 500 000 MAD,1500000,160,,3,Calme absolu,"Le COMPTOIR de l’Immobilier vous propose cette maison titrée, située dans un quartier très calme et facile d’accès, à deux pas du lycée M5 dans la partie sud…",https://sarouty-prod.s3.eu-west-3.amazonaws.com/public_assets/property/3444/936303fb-7376-11f0-bc63-fecf60f5808f.png,1,Professionnel,2026-09-30
908052,sarouty,Appartement à Vendre – Guéliz Marrakech,https://www.sarouty.ma/acheter/appartement-marrakech-gueliz-908052,Vente,Appartement,Marrakech,Guéliz,750 000 MAD,750000,54,2,1,Ascenseur,"Appartement à vendre – Guéliz, Marrakech

Bel appartement situé au 3ème étage d’une résidence avec ascenseur.

Il se compose de :

* 2 chambres
* Un salon
* …",https://sarouty-prod.s3.eu-west-3.amazonaws.com/public_assets/property/908052/defefo.jpg,1,Professionnel,2026-09-30
1833387676753640799,sarouty,"Propriétés à louer à Boulevard 18 Novembre, Marrakech",https://www.sarouty.ma/louer/marrakech/boulevard-18-novembre,Location,Villa,Marrakech,Marrakech,,,,,,,,https://www.sarouty.ma/wp-content/uploads/2026/01/sarouty_logo.svg,1,Professionnel,2026-09-30
906858,sarouty,Apartment for rent in Palmeraie,https://www.sarouty.ma/louer/appartement-marrakech-palmeraie-906858,Location,Appartement,Marrakech,Palmeraie,12 000 MAD,12000,120,2,1,,"Furnished garden-level apartment available for long-term rental, located in the heart of the Palmeraie within a secure complex with gardens and shared swimmi…",https://mluxury.ma/media/bien_photos/bien_9868/ec113e3b054e428c86b1236e7ad76d5e.jpg,1,Professionnel,2026-09-30
896232,sarouty,Villa 5 chambres avec piscine à Marrakech,https://www.sarouty.ma/acheter/villa-marrakech-tamesloht-896232,Vente,Villa,Marrakech,Tamesloht,3 950 000 MAD,3950000,226,5,4,Piscine,"À vendre, superbe villa neuve R+1 d’une surface habitable de 226 m² édifiée sur un terrain de 309 m², idéalement située à Tamesloht, à seulement quelques min…",https://sarouty-prod.s3.eu-west-3.amazonaws.com/public_assets/property/4492/3ecf59b0-8dd1-11f0-ae30-5e544fca71db.png,1,Professionnel,2026-09-30
906859,sarouty,Apartment for sale in Majorelle,https://www.sarouty.ma/acheter/appartement-marrakech-majorelle-906859,Vente,Appartement,Marrakech,Majorelle,2 900 000 MAD,2900000,130,3,1,,"Luxurious 130 m² apartment offered for sale unfurnished, located on the 2nd floor in Majorelle in a secure residence. The apartment comprises a living room o…",https://mluxury.ma/media/bien_photos/bien_9867/72d5125050d4453a81aa5000142f4a2a.jpg,1,Professionnel,2026-09-30
901167,sarouty,"Magnifique villa en première ligne de golf, Marrakech",https://www.sarouty.ma/louer/villa-marrakech-route-amizmiz-901167,Location,Villa,Marrakech,Route Amizmiz,27 500 MAD,27500,170,3,3,Proximité Golf,"Située dans l’environnement sécurisé et paisible d'un domaine golfique, sur la route d’Amizmiz, cette villa de 170 m² habitables offre un cadre de vie élégan…",https://sarouty-prod.s3.eu-west-3.amazonaws.com/public_assets/property/901167/88a09o.jpg,1,Professionnel,2026-09-30
887592,sarouty,APPARTEMENT CAMP EL GHOUL LOCATION,https://www.sarouty.ma/louer/appartement-marrakech-victor-hugo-887592,Location,Appartement,Marrakech,Victor Hugo,7 500 MAD,7500,80,2,1,Meublé,"Notre agence Le Comptoir de l’Immobilier à Marrakech vous présente cet appartement meublé à la location, situé au premier étage d’un immeuble R+2 ancien dans…",https://sarouty-prod.s3.eu-west-3.amazonaws.com/public_assets/property/3444/04f4f911-ac00-11ef-a865-2a860bce8091.png,1,Professionnel,2026-09-30
888771,sarouty,Lot de 280 m² R+5 à Massira,https://www.sarouty.ma/acheter/terrain-marrakech-massira-888771,Vente,Terrain,Marrakech,Massira,6 500 000 MAD,6500000,280,,,,"L&#39;agence Stone immobilier met à la vente un Lot R+5 au  quartier Massira 
Le Lot à une superficie de 281 m² et il a deux façades devant et derrière 
Prix…",https://sarouty-prod.s3.eu-west-3.amazonaws.com/public_assets/property/3428/b4cad362-cceb-11ef-b7d5-ee2c6d3c4e4c.png,1,Professionnel,2026-09-30
908121,sarouty,Appartement à Vendre – Mhamid Marrakech,https://www.sarouty.ma/acheter/appartement-marrakech-mhamid-908121,Vente,Appartement,Marrakech,Mhamid,720 000 MAD,720000,91,2,2,Meublé; Climatisation; Cuisine équipée,"Je vends un appartement de haut standing à M'Hamid, Marrakech, d'une surface de 91 m².
- Studio
- Meublé
- Climatisation
- Balcon
- Cuisine équipée
- Âge du …",https://sarouty-prod.s3.eu-west-3.amazonaws.com/public_assets/property/908121/56c82o.jpg,1,Professionnel,2026-09-30
907938,sarouty,"Terrain à vendre — Agricole – Sidi Abdellah Ghiat, Marrakech",https://www.sarouty.ma/acheter/terrain-marrakech-sidi-abdellah-ghiat-907938,Vente,Terrain,Marrakech,Sidi Abdellah Ghiat,1 400 000 MAD,1400000,10000,,,,"L’Immobilier Sans Frontières vous propose à la vente ce terrain agricole d’une superficie d’1 hectare situé à Sidi Abdellah Ghiat, Marrakech, avec un accès p…",https://limmobiliersansfrontieres.com/wp-content/uploads/2025/12/0-image-a-la-une-7-scaled.jpg,1,Professionnel,2026-09-30
906852,sarouty,Apartment for rent in Palmeraie,https://www.sarouty.ma/louer/appartement-marrakech-palmeraie-906852,Location,Appartement,Marrakech,Palmeraie,10 000 MAD,10000,122,2,1,,"Beautiful 1st floor apartment offered for long-term rental, furnished, located in Palmeraie within a secure residence with gardens and shared swimming pools.…",https://mluxury.ma/media/bien_photos/bien_9875/e29bc8a5a8c148a195b5760b71410910.jpg,1,Professionnel,2026-09-30
908270,sarouty,Vente Appartement à Marrakech,https://www.sarouty.ma/acheter/appartement-marrakech-route-de-casablanca-908270,Vente,Appartement,Marrakech,Route de Casablanca,1 400 000 MAD,1400000,59,1,,Calme absolu,"À vendre, bel appartement studio situé sur la Route de Casablanca à Marrakech, au sein d’une résidence sécurisée, calme et parfaitement entretenue, disposant…",https://api.app.milkiya.ma/property_images/8742cc0e94dedbbe38b2.jpeg?v2,1,Professionnel,2026-09-30
908325,sarouty,شقه للكراء الشهري,https://www.sarouty.ma/louer/appartement-marrakech-mhamid-908325,Location,Appartement,Marrakech,Mhamid,4 800 MAD,4800,60,2,1,,شقه للكراء الشهري للمدى الطويل في حي حدائق الليمون عين السنه نرحب بالجميع,https://sarouty-prod.s3.eu-west-3.amazonaws.com/public_assets/property/908325/cf901o.jpg,1,Professionnel,2026-09-30
907097,sarouty,"Magnifique villa contemporaine à Marrakech, Route de Fès",https://www.sarouty.ma/acheter/maison-marrakech-route-de-fes-907097,Vente,Villa,Marrakech,Route de Fès,9 500 000 MAD,9500000,503,4,4,,"Située sur la prestigieuse Route de Fès à Marrakech, cette villa d’exception de 503 m² offre un cadre de vie idyllique au cœur d’un environnement verdoyant. …",https://media.apimo.pro/cache/afe4877358af792af05ac73608ecdb7f_86faa815d7_1448-original.jpg,1,Professionnel,2026-09-30
885390,sarouty,Magnifique Villa meublée à Targa,https://www.sarouty.ma/acheter/villa-marrakech-targa-885390,Vente,Villa,Marrakech,Targa,8 500 000 MAD,8500000,1165,6,4,Meublé; Calme absolu,"Grande villa isolée située à Targa, au cœur d’un quartier résidentiel prestigieux

Édifiée dans un environnement calme et recherché, cette magnifique villa o…",https://sarouty-prod.s3.eu-west-3.amazonaws.com/public_assets/property/10075/68e224ae-72b3-11ef-91d4-dac444b7180f.png,1,Professionnel,2026-09-30
873685,sarouty,Très belle villa Moderne secteur Amelkis,https://www.sarouty.ma/acheter/villa-marrakech-amelkis-873685,Vente,Villa,Marrakech,Amelkis,9 100 000 MAD,9100000,1000,4,4,Jardin,"Découvrez cette somptueuse villa neuve, nichée au cœur d'une petite copropriété, offrant un cadre enchanteur sur un jardin luxuriant de 1000 mètres carrés. A…",https://sarouty-prod.s3.eu-west-3.amazonaws.com/public_assets/property/2241/3827a044-da4e-11ef-8fb8-022b6184d945.png,1,Professionnel,2026-09-30
901231,sarouty,"Villa d'exception en première ligne de golf — Amelkis, Marrakech",https://www.sarouty.ma/acheter/villa-marrakech-amelkis-901231,Vente,Villa,Marrakech,Amelkis,25 000 000 MAD,25000000,1200,5,5,Proximité Golf,"Implantée en première ligne du prestigieux golf d'Amelkis, cette villa d'exception bénéficie d'une vue dégagée sur les fairways et les sommets de l'Atlas, d'…",https://sarouty-prod.s3.eu-west-3.amazonaws.com/public_assets/property/901231/4fd0co.jpg,1,Professionnel,2026-09-30
907893,sarouty,"Appartement meublé à louer sur la route de Casablanca, Marrakech – 1er étage en résidence avec piscine",https://www.sarouty.ma/louer/appartement-marrakech-route-de-casablanca-907893,Location,Appartement,Marrakech,Route de Casablanca,9 500 MAD,9500,78,2,,Piscine; Meublé,"L’Immobilier Sans Frontières vous propose à la location cet appartement situé au 1er étage d’une résidence sur la route de Casablanca, à Marrakech. Ce bien o…",https://limmobiliersansfrontieres.com/wp-content/uploads/2026/07/0-image-a-la-une-Photo-1-1.jpg,1,Professionnel,2026-09-30
893229,sarouty,Local commercial Agdal - Al Mazar,https://www.sarouty.ma/louer/bureaux-marrakech-gueliz-893229,Location,Commercial,Marrakech,Guéliz,55 000 MAD,55000,77,,1,Spa,"Chestertons Maroc vous propose ce local commercial situé à Marrakech offre un cadre idéal pour développer votre activité. Avec ses deux pièces spacieuses, l&…",https://sarouty-prod.s3.eu-west-3.amazonaws.com/public_assets/property/3658/b099c4a3-2ce7-11f0-a9a1-92b15ef9d05c.png,1,Professionnel,2026-09-30
887485,sarouty,MAGNIFIQUE APPARTEMENT TROIS CHAMBRES A LA VENTE,https://www.sarouty.ma/acheter/appartement-marrakech-victor-hugo-887485,Vente,Appartement,Marrakech,Victor Hugo,6 300 000 MAD,6300000,270,3,3,Terrasse,"Notre agence LE COMPTOIR DE L’IMMOBILIER à Marrakech, vous présente ce très bel appartement de 350m2 dont 80m2 de terrasse . Composé de trois chambres avec d…",https://sarouty-prod.s3.eu-west-3.amazonaws.com/public_assets/property/3444/400a5584-a8e3-11ef-9722-fa6f3e598a11.png,1,Professionnel,2026-09-30
907003,sarouty,Villa for rent in Amelkis,https://www.sarouty.ma/louer/villa-marrakech-amelkis-907003,Location,Villa,Marrakech,Amelkis,40 000 MAD,40000,400,3,1,Proximité Golf,"Magnificent villa offered for short-term rental, fully furnished, located in the Amelkis area within a secure golf estate. Comprising three bedrooms, three b…",https://mluxury.ma/media/bien_photos/bien_8682/e411e1fb2cf7426584b73950ed7729d2.jpg,1,Professionnel,2026-09-30
907948,sarouty,"Terrain RA à vendre à Sidi Abdellah Ghiat, 4 226 m², Marrakech",https://www.sarouty.ma/acheter/terrain-marrakech-sidi-abdellah-ghiat-907948,Vente,Terrain,Marrakech,Sidi Abdellah Ghiat,1 200 000 MAD,1200000,4226,,,,"L’Immobilier Sans Frontières vous propose à la vente ce terrain à vocation agricole (RA) de 4 226 m² situé à Sidi Abdellah Ghiat, à proximité de Marrakech. I…",https://limmobiliersansfrontieres.com/wp-content/uploads/2025/08/0-image-a-la-une-24-scaled.jpg,1,Professionnel,2026-09-30
897203,sarouty,Exclusivité Palmeraie Village 2 - Appartement d'Exception,https://www.sarouty.ma/acheter/appartement-marrakech-palmeraie-897203,Vente,Appartement,Marrakech,Palmeraie,3 500 000 MAD,3500000,122,2,2,,"Un Refuge de Luxe au Cœur d'un Écrin de Verdure
Découvrez ce joyau immobilier niché dans la prestigieuse résidence Palmeraie Village 2, où l'élégance contemp…",https://sarouty-prod.s3.eu-west-3.amazonaws.com/public_assets/property/897203/16f16o.jpg,1,Professionnel,2026-09-30
906895,sarouty,Apartment for sale Victor Hugo,https://www.sarouty.ma/acheter/appartement-marrakech-victor-hugo-906895,Vente,Appartement,Marrakech,Victor Hugo,2 900 000 MAD,2900000,156,3,1,Spa,"Bright 156 m² apartment, complemented by 40 m² of outdoor space. Located on the 5th and top floor of a secure building, it enjoys a prime location just steps…",https://mluxury.ma/media/bien_photos/bien_9821/f970af79f74e491cbd82d9654bdbfa4f.jpg,1,Professionnel,2026-09-30
869411,sarouty,Ferme Titrée à Vendre 2 H 2500 m² Borrous Kms 25,https://www.sarouty.ma/acheter/ferme-marrakech-route-de-casablanca-869411,Vente,Villa,Marrakech,Route de Casablanca,1 650 000 MAD,1650000,22500,,1,,"Belle Ferme Titrée à Vendre de 2 Hectares et 2500 m².située à Bourrous, 25 km de la Route de Casa, en direction du Grand Stade de Marrakech sur la route prin…",https://sarouty-prod.s3.eu-west-3.amazonaws.com/public_assets/property/1320/9f1d3e64-12ae-11ee-a044-ea40540817eb.jpg,1,Professionnel,2026-09-30
896391,sarouty,Appartement de Standing à Louer 85 m² Exposition Sud,https://www.sarouty.ma/louer/appartement-marrakech-palmeraie-896391,Location,Appartement,Marrakech,Palmeraie,8 500 MAD,8500,85,2,1,,"Découvrez cet élégant appartement de 85 m², parfaitement exposé plein sud, idéal pour profiter d’une belle luminosité tout au long de la journée.
Caractérist…",https://sarouty-prod.s3.eu-west-3.amazonaws.com/public_assets/property/2241/7ddbce2e-9195-11f0-bee8-e22f82956e11.png,1,Professionnel,2026-09-30
908066,sarouty,"Bureau de 73 m² à louer à Guéliz – Espace ouvert, balcon, climatisation centrale et parking en sous-sol",https://www.sarouty.ma/louer/bureaux-marrakech-gueliz-908066,Location,Commercial,Marrakech,Guéliz,10 500 MAD,10500,73,,,Climatisation; Parking; Spa,"L’Immobilier Sans Frontières vous propose à la location ce bureau de 73 m² situé au 2ème étage à Guéliz. Il se compose d’un espace ouvert, d’une kitchenette,…",https://limmobiliersansfrontieres.com/wp-content/uploads/2026/09/0-image-a-la-une-Photo-1-22.jpg,1,Professionnel,2026-09-30
884813,sarouty,Villa Haut Standing 617 m² à Vendre AMELKIS 3 Rak,https://www.sarouty.ma/acheter/villa-marrakech-amelkis-884813,Vente,Villa,Marrakech,Amelkis,11 000 000 MAD,11000000,617,7,5,Meublé; Proximité Golf,"Très Belle Villa Contemporaine Neuve de 617 m² . Vendue Meublée neuve au Golf Amélkis 3. Bâtis en 3 niveaux de 190 m² chaque. CAVE : 2 Très Belle Chambres, C…",https://sarouty-prod.s3.eu-west-3.amazonaws.com/public_assets/property/1320/b458af09-1e6a-11ef-ae6d-b666a34f4ea6.png,1,Professionnel,2026-09-30
891019,sarouty,Vente duplex prestigieux au centre de Majorelle,https://www.sarouty.ma/acheter/villa-marrakech-majorelle-891019,Vente,Duplex,Marrakech,Majorelle,17 000 000 MAD,17000000,400,4,4,Jardin,"Vente prestigieux duplex avec une situation exceptionnelle au quartier Majorelle qui offre une vue à couper le souffle sur les merveilleux jardins, dans une …",https://sarouty-prod.s3.eu-west-3.amazonaws.com/public_assets/property/2242/d804332a-3497-11f0-b985-021896d9f865.png,1,Professionnel,2026-09-30
887005,sarouty,Luxueuse Villa Contemporaine,https://www.sarouty.ma/acheter/villa-marrakech-chrifia-887005,Vente,Villa,Marrakech,Chrifia,7 200 000 MAD,7200000,770,4,5,,"Une villa isolée de luxe située dans un environnement paisible et privé. Elle se distingue par son architecture élégante et moderne, combinée à des matériaux…",https://sarouty-prod.s3.eu-west-3.amazonaws.com/public_assets/property/10075/bf0df76b-a142-11ef-aaa7-9efec469347f.png,1,Professionnel,2026-09-30
894984,sarouty,Villa moderne sur golf - Marrakech,https://www.sarouty.ma/louer/villa-marrakech-amelkis-894984,Location,Villa,Marrakech,Amelkis,35 000 MAD,35000,250,4,4,Proximité Golf,"À louer - Villa moderne au sein du domaine sécurisé d’Amelkis

Idéalement située dans le prestigieux quartier résidentiel d’Amelkis, cette villa moderne sédu…",https://sarouty-prod.s3.eu-west-3.amazonaws.com/public_assets/property/894984/d8078o.jpg,1,Professionnel,2026-09-30
906954,sarouty,Shop for rent Medina,https://www.sarouty.ma/louer/magasin-marrakech-medina-906954,Location,Commercial,Marrakech,Médina,40 000 MAD,40000,280,,1,,"Commercial premises of 280 m² on the ground floor, very well located in the El Moukef neighbourhood in the Medina, ideal for a restaurant project",https://mluxury.ma/media/bien_photos/bien_9519/1.jpg,1,Professionnel,2026-09-30
905089,sarouty,Vente Appartement à Marrakech,https://www.sarouty.ma/acheter/appartement-marrakech-majorelle-905089,Vente,Appartement,Marrakech,Majorelle,1 200 000 MAD,1200000,87,2,,Ascenseur,"Je mets en vente un superbe appartement au 4ème et dernier étage avec ascenseur, d’une superficie totale de 87 m², situé dans le quartier Majorelle à Marrake…",https://api.app.milkiya.ma/property_images/83e9483399a0e4d2940a.jpeg?v2,1,Professionnel,2026-09-30
903132,sarouty,Beau Duplex en vente à Palmeraie,https://www.sarouty.ma/acheter/duplex-marrakech-palmeraie-903132,Vente,Duplex,Marrakech,Palmeraie,2 600 000 MAD,2600000,272,3,2,Piscine; Proximité Golf,Je mets en vente un joli duplex de 272 m2 situé au cœur de la palmeraie dans une résidence avec piscine et sécurisée avec une vue panoramique en face de GOLF…,https://sarouty-prod.s3.eu-west-3.amazonaws.com/public_assets/property/903132/04c91o.jpg,1,Professionnel,2026-09-30
908167,sarouty,"À LOUER – APPARTEMENT Au CŒUR DE GUÉLIZ, MARRAKECH",https://www.sarouty.ma/louer/appartement-marrakech-gueliz-908167,Location,Appartement,Marrakech,Guéliz,6 500 MAD,6500,98,2,2,,"Découvrez cet agréable appartement idéalement situé en plein cœur de Guéliz, dans un quartier recherché pour son emplacement central, son dynamisme et sa pro…",https://sarouty-prod.s3.eu-west-3.amazonaws.com/public_assets/property/908167/b44ddo.jpg,1,Professionnel,2026-09-30
897220,sarouty,VILLA D'EXCEPTION A Marrakech - Route de l'Amezmiz,https://www.sarouty.ma/acheter/villa-marrakech-route-amizmiz-897220,Vente,Villa,Marrakech,Route Amizmiz,8 800 000 MAD,8800000,1300,4,4,,"Une opportunité rare dans un écrin de verdure
Découvrez cette magnifique villa de plain-pied nichée dans une petite copropriété privilégiée, à seulement 10 m…",https://sarouty-prod.s3.eu-west-3.amazonaws.com/public_assets/property/897220/a17d5o.jpg,1,Professionnel,2026-09-30
895866,sarouty,CHARMANTE MAISON EN MEDINA A LOUER,https://www.sarouty.ma/louer/riad-marrakech-quartier-riad-zitoune-jdid-895866,Location,Riad,Marrakech,Quartier riad zitoune jdid,14 000 MAD,14000,72,2,2,Meublé,"Notre agence Le COMPTOIR vous propose à la location longue durée pour habitation privative, entièrement meublée et equipée, cette doueria de 72 m² au sol sur…",https://sarouty-prod.s3.eu-west-3.amazonaws.com/public_assets/property/3444/4e08c747-7dc5-11f0-8ed5-6e4b18c897ce.png,1,Professionnel,2026-09-30
899819,sarouty,Vente Local à Marrakech,https://www.sarouty.ma/acheter/magasin-marrakech-massira-899819,Vente,Commercial,Marrakech,Massira,650 000 MAD,650000,34,,,,"Je mets en vente un local commercial de 22 m² plus une mezzanine de 12 m², situé sur la route Al Massira à Marrakech. 

Ce bien bénéficie d&#39;une excellent…",https://api.app.milkiya.ma/property_images/ce190d939bf58ef2578a.jpeg?v2,1,Professionnel,2026-09-30
907273,sarouty,"Riad Melkia à rénover à vendre dans la Médina, Marrakech – 150 m²",https://www.sarouty.ma/acheter/villa-marrakech-medina-907273,Vente,Riad,Marrakech,Médina,2 400 000 MAD,2400000,150,3,,,"L’Immobilier Sans Frontières vous propose à la vente ce riad à rénover, situé dans la Médina de Marrakech.

D’une superficie de 150 m², ce bien offre un beau…",https://limmobiliersansfrontieres.com/wp-content/uploads/2026/08/0-image-a-la-une-Photo-1-3.jpg,1,Professionnel,2026-09-30
907001,sarouty,Villa for rent in Palmeraie,https://www.sarouty.ma/louer/villa-marrakech-palmeraie-907001,Location,Villa,Marrakech,Palmeraie,55 000 MAD,55000,3000,4,1,,"Sublime fully furnished villa offered for long-term rental, located in a secure residence in Palmeraie. It comprises a triple living room with fireplace open…",https://mluxury.ma/media/bien_photos/bien_8683/117ffb32cf954f21b75948e8c0b46fe0.jpg,1,Professionnel,2026-09-30
864518,sarouty,Villa Coup de Coeur de 800 m2 à Bab Atlas,https://www.sarouty.ma/acheter/villa-marrakech-bab-atlas-864518,Vente,Villa,Marrakech,Bab Atlas,33 000 000 MAD,33000000,800,6,8,,"Magnifique Villa de 800 m2 sur une propriété d'un Hectare avec terrain de Tennis, Rooftop, avec une vue imprenable et dégagée.",https://sarouty-prod.s3.eu-west-3.amazonaws.com/public_assets/property/3658/33b9ab32-bf57-11ed-bc95-9a3f4c5c2a68.jpeg,1,Professionnel,2026-09-30
906998,sarouty,Office for rent Majorelle,https://www.sarouty.ma/louer/magasin-marrakech-majorelle-906998,Location,Commercial,Marrakech,Majorelle,6 900 MAD,6900,61,,1,Parking; Spa,"61 m² office space for long-term rental, located on the 5th floor in Majorelle in a secure building with parking and elevator. Syndic fees included in the rent.",https://mluxury.ma/media/bien_photos/bien_9223/8b6c265e752142de9efb684c56bff547.jpg,1,Professionnel,2026-09-30
896571,sarouty,Maison 95 m² à vendre Mhamid 3 Marrakech,https://www.sarouty.ma/acheter/maison-marrakech-mhamid-896571,Vente,Villa,Marrakech,Mhamid,2 300 000 MAD,2300000,95,4,4,,"Très jolie maison de 95 m² à vendre à MHAMID 3 Marrakech à côté de L&#39;établissent Scolaire CHKILI. A 10 minutes de l&#39;aéroport. .
.récemment rénovée..s…",https://sarouty-prod.s3.eu-west-3.amazonaws.com/public_assets/property/1320/74e426d2-9612-11f0-9257-feffc866194e.png,1,Professionnel,2026-09-30
907976,sarouty,"Duplex meublé à vendre à Semlalia, 253m², Marrakech",https://www.sarouty.ma/acheter/appartement-marrakech-semlalia-907976,Vente,Appartement,Marrakech,Semlalia,2 650 000 MAD,2650000,253,4,,Meublé,"L’Immobilier Sans Frontières vous propose ce duplex meublé à vendre à Semlalia, Marrakech, indiqué au rez-de-chaussée. Le texte mentionne la proximité du cen…",https://limmobiliersansfrontieres.com/wp-content/uploads/2024/07/0-image-a-la-une-42-scaled.jpg,1,Professionnel,2026-09-30
906876,sarouty,Villa for rent Amelkis,https://www.sarouty.ma/louer/villa-marrakech-amelkis-906876,Location,Villa,Marrakech,Amelkis,55 000 MAD,55000,400,4,1,Proximité Golf,"Sublime villa located on the front line of the Amelkis 3 golf course, facing due south, enjoying a breathtaking view of the Atlas mountains and a beautiful s…",https://mluxury.ma/media/bien_photos/bien_9847/9ebbc205e1aa46f8952e0e9b8f9351cb.jpg,1,Professionnel,2026-09-30
893536,sarouty,Opportunité de terrain à la CGI targa,https://www.sarouty.ma/acheter/terrain-marrakech-targa-893536,Vente,Terrain,Marrakech,Targa,2 800 000 MAD,2800000,461,,,,"À Vendre – Terrain pour Villa de 461 m² – Emplacement Idéal
Opportunité rare ! Découvrez ce terrain de 461 m², parfaitement situé et idéalement exposé Sud-Ou…",https://sarouty-prod.s3.eu-west-3.amazonaws.com/public_assets/property/2241/b2b461df-35b6-11f0-91ac-9a0e854807fc.png,1,Professionnel,2026-09-30
907006,sarouty,Villa for rent Bab Atlas,https://www.sarouty.ma/louer/villa-marrakech-palmeraie-907006,Location,Villa,Marrakech,Palmeraie,12 000 MAD,12000,5000,7,1,,"Sublime property available for short-term rental located in Palmeraie Bab Atlas, set on 5000 m² of wooded grounds and garden with private swimming pool, spre…",https://mluxury.ma/media/bien_photos/bien_8859/ceab66e2e51043d9a85e3e06b38e1856.jpg,1,Professionnel,2026-09-30
887246,sarouty,Villa de 4000 m² en location Rte de Casa,https://www.sarouty.ma/louer/villa-marrakech-route-de-casablanca-887246,Location,Villa,Marrakech,Route de Casablanca,18 000 MAD,18000,4000,4,3,Meublé,"L&#39;agence Stone immobilier met à la location une jolie villa meublée de 4000 m² à 10 km de Marrakech sur la route de Casablanca
La villa est construite en…",https://sarouty-prod.s3.eu-west-3.amazonaws.com/public_assets/property/3428/5272ea88-a362-11ef-876b-9e8d82ede4ca.png,1,Professionnel,2026-09-30
908105,sarouty,"Appartement meublé à louer à Victor Hugo, 93 m², Marrakech",https://www.sarouty.ma/louer/appartement-marrakech-gueliz-908105,Location,Appartement,Marrakech,Guéliz,12 000 MAD,12000,93,3,,Meublé,"L’Immobilier Sans Frontières vous propose à la location cet appartement meublé situé à Victor Hugo, Marrakech, au 3ᵉ étage, offrant un cadre de vie agréable …",https://limmobiliersansfrontieres.com/wp-content/uploads/2026/06/0-image-a-la-une-Photo-1-34.jpg,1,Professionnel,2026-09-30
906884,sarouty,Villa for rent on Route de Fès,https://www.sarouty.ma/louer/villa-marrakech-route-de-fes-906884,Location,Villa,Marrakech,Route de Fès,15 000 MAD,15000,320,3,1,,"Superb unfurnished villa for long-term rental, located in a secure residence on the Route de Fès. It comprises a European-style living room with fireplace, a…",https://mluxury.ma/media/bien_photos/bien_9836/7f5f9dca8b3b4aacb3b9b7a998600d09.jpg,1,Professionnel,2026-09-30
896569,sarouty,Villa d’exception à louer - Marrakech,https://www.sarouty.ma/louer/villa-marrakech-palmeraie-896569,Location,Villa,Marrakech,Palmeraie,50 000 MAD,50000,450,4,4,,"Située au cœur de la prestigieuse Palmeraie, cette villa de caractère conjugue avec élégance une architecture contemporaine et des touches traditionnelles, d…",https://sarouty-prod.s3.eu-west-3.amazonaws.com/public_assets/property/2459/238c1e17-959b-11f0-a1fb-2a4b922dccda.png,1,Professionnel,2026-09-30
891312,sarouty,Terrain S1 route Tahnaout Titré,https://www.sarouty.ma/acheter/terrain-marrakech-route-de-tahanaoute-891312,Vente,Terrain,Marrakech,Route de Tahanaoute,23 800 000 MAD,23800000,35000,,,,Terrain S1 route Tahnaout Titré pour construction d'un groupement de villas,https://sarouty-prod.s3.eu-west-3.amazonaws.com/public_assets/property/10075/ab8e0332-9740-4325-a48b-961eaa1bd351.png,1,Professionnel,2026-09-30
897032,sarouty,Villa moderne sans vis-à-vis à louer - Marrakech,https://www.sarouty.ma/louer/villa-marrakech-route-d-ourika-897032,Location,Villa,Marrakech,Route d'Ourika,45 000 MAD,45000,1350,4,6,Calme absolu,"descriptif: Située sur la route d’Ourika, dans un environnement calme et prestigieux, cette villa contemporaine de plain-pied allie élégance, confort et mode…",https://sarouty-prod.s3.eu-west-3.amazonaws.com/public_assets/property/897032/2cc89o.jpg,1,Professionnel,2026-09-30
907876,sarouty,"Studio meublé à louer à Semlalia, Marrakech – 3ᵉ étage avec terrasse – 60 m²",https://www.sarouty.ma/louer/appartement-marrakech-semlalia-907876,Location,Appartement,Marrakech,Semlalia,7 500 MAD,7500,60,1,,Terrasse; Meublé,"L’Immobilier Sans Frontières vous propose à la location ce studio meublé situé à Semlalia, Marrakech, au 3ᵉ étage d’une résidence. 
 
D’une superficie de 60 …",https://limmobiliersansfrontieres.com/wp-content/uploads/2026/08/0-image-a-la-une-Photo-1-37.jpg,1,Professionnel,2026-09-30
901240,sarouty,Appartement d'Exception à l'Hivernage Vue Atlas,https://www.sarouty.ma/acheter/appartement-marrakech-hivernage-901240,Vente,Appartement,Marrakech,Hivernage,3 900 000 MAD,3900000,179,3,3,Vue Atlas,"RAFFINEMENT &amp; ART DE VIVRE MAROCAIN

Au cœur du quartier le plus exclusif de Marrakech, dans le très recherché Hivernage, ce somptueux appartement de 179…",https://sarouty-prod.s3.eu-west-3.amazonaws.com/public_assets/property/901240/a7c92o.jpg,1,Professionnel,2026-09-30
897035,sarouty,Belle villa Arabo-Andalouse à vendre - Marrakech,https://www.sarouty.ma/acheter/villa-marrakech-route-amizmiz-897035,Vente,Villa,Marrakech,Route Amizmiz,5 890 000 MAD,5890000,170,3,3,,"Située sur la route d’Amizmiz, cette élégante villa au style beldi mêlé à des touches contemporaines offre une atmosphère chaleureuse et raffinée au cœur d’u…",https://sarouty-prod.s3.eu-west-3.amazonaws.com/public_assets/property/897035/52984o.jpg,1,Professionnel,2026-09-30
907875,sarouty,"Duplex vide à louer à Semlalia, Marrakech – 99 m²",https://www.sarouty.ma/louer/appartement-marrakech-semlalia-907875,Location,Appartement,Marrakech,Semlalia,12 000 MAD,12000,99,3,,Parking; Ascenseur,"L’Immobilier Sans Frontières vous propose à la location ce duplex vide situé à Semlalia, Marrakech, dans une résidence avec ascenseur et parking. 
 
D’une su…",https://limmobiliersansfrontieres.com/wp-content/uploads/2026/08/0-image-a-la-une-Photo-1-34.jpg,1,Professionnel,2026-09-30
897371,sarouty,Duplex à Semlalia résidence avec piscine,https://www.sarouty.ma/acheter/duplex-marrakech-semlalia-897371,Vente,Duplex,Marrakech,Semlalia,1 521 000 MAD,1521000,117,3,2,Piscine; Spa,"Duplex de 117 m² situé à Semlalia, dans une résidence sécurisée et bien entretenue offrant une piscine, une aire de jeux pour enfants et de larges espaces ve…",https://sarouty-prod.s3.eu-west-3.amazonaws.com/public_assets/property/897371/4c944o.jpg,1,Professionnel,2026-09-30
907777,sarouty,"Terrain à vendre à Bab Atlas km 5, Marrakech — SA2 — 1 hectare et 8658 m²",https://www.sarouty.ma/acheter/terrain-marrakech-bab-atlas-907777,Vente,Terrain,Marrakech,Bab Atlas,6 000 000 MAD,6000000,18658,,,,"L’Immobilier Sans Frontières vous propose à la vente ce terrain à Bab Atlas km 5, commune d’Al Ouidane, d’une superficie de 1 hectare et 8658 m². Il présente…",https://limmobiliersansfrontieres.com/wp-content/uploads/2024/06/terrain-a-vendre-a-bab-atlas-1-hectare-8658M²-SA2-6-000-000-Dhs-scaled.jpg,1,Professionnel,2026-09-30
906905,sarouty,Apartment for rent in Hivernage,https://www.sarouty.ma/louer/appartement-marrakech-hivernage-906905,Location,Appartement,Marrakech,Hivernage,25 000 MAD,25000,110,2,1,,"Luxurious fully renovated apartment offered for long-term furnished rental, located in the heart of Hivernage on the 4th floor in a secure residence. The apa…",https://mluxury.ma/media/bien_photos/bien_9808/d3fbc4863bca454da4a9b9efe77168ad.jpg,1,Professionnel,2026-09-30
895805,sarouty,APPARTEMENT CENTRE GUELIZ TRIANGLE D’OR MEUBLE,https://www.sarouty.ma/louer/appartement-marrakech-hivernage-895805,Location,Appartement,Marrakech,Hivernage,10 000 MAD,10000,70,1,1,Meublé,"Notre agence LE COMPTOIR de l’Immobilier à Marrakech vous propose ce très bel appartement, entièrement rafraichit, SEMI meublé et équipé. Ensemble lit neuf c…",https://sarouty-prod.s3.eu-west-3.amazonaws.com/public_assets/property/3444/de5e546a-790a-11f0-86d0-66f34ce6408d.png,1,Professionnel,2026-09-30
908155,sarouty,"Local à louer à Sidi Ghanem, Marrakech — Hauteur 5 m — 200 m²",https://www.sarouty.ma/louer/magasin-marrakech-sidi-ghanem-908155,Location,Commercial,Marrakech,Sidi Ghanem,18 000 MAD,18000,200,,,,"L’Immobilier Sans Frontières vous propose à la location ce local situé à Sidi Ghanem, Marrakech. La superficie communiquée est de 200 m² et la hauteur est in…",https://limmobiliersansfrontieres.com/wp-content/uploads/2024/06/0-image-a-la-une-2-scaled.jpg,1,Professionnel,2026-09-30
907776,sarouty,"Appartement à Hivernage, piscine + jardin, Marrakech : à vendre",https://www.sarouty.ma/acheter/appartement-marrakech-hivernage-907776,Vente,Appartement,Marrakech,Hivernage,5 300 000 MAD,5300000,130,2,,Piscine; Jardin; Meublé,"L’Immobilier Sans Frontières vous propose cet appartement meublé à vendre à l’Hivernage, à Marrakech, situé au 2ème étage. Le texte mentionne une résidence a…",https://limmobiliersansfrontieres.com/wp-content/uploads/2024/07/0-image-a-la-une-13-scaled.jpg,1,Professionnel,2026-09-30
886393,sarouty,Plusieurs appartements neufs à vendre à Marrakech M&#39;hamid 9,https://www.sarouty.ma/acheter/appartement-marrakech-mhamid-886393,Vente,Appartement,Marrakech,Mhamid,480 000 MAD,480000,67,2,1,,"Vente d&#39;appartements modernes à M&#39;hamid 9

- 2 chambres
- Idéal pour pied-à-terre ou investissement

Prix des appartements :

- RDC 67 m² : 480 000 D…",https://sarouty-prod.s3.eu-west-3.amazonaws.com/public_assets/property/4492/da1d8921-9247-11ef-8bc6-3e12a275493e.png,1,Professionnel,2026-09-30
907015,sarouty,Land for sale on route de Fes,https://www.sarouty.ma/acheter/terrain-marrakech-route-de-fes-907015,Vente,Terrain,Marrakech,Route de Fès,3 200 000 MAD,3200000,40000,,1,,"Titled land of 4 hectares, single title deed, with building permit for 4 villas/hectare. Very well located on the route de Fes, 20 min from Bab Doukkala. Acc…",https://mluxury.ma/media/bien_photos/bien_9083/af270132e8ac4dec938c2df680b7a4c9.jpg,1,Professionnel,2026-09-30
897554,sarouty,Terrain 1 290 m² vue Atlas – Tameslouht Marrakech,https://www.sarouty.ma/acheter/terrain-marrakech-tamesloht-897554,Vente,Terrain,Marrakech,Tamesloht,1 550 000 MAD,1550000,1290,,,Vue Atlas,"Best Kech Immo Marrakech vous propose à la vente un superbe terrain de 1 290 m² situé à Tameslouht – Douar Shib, dans un secteur résidentiel très recherché, …",https://sarouty-prod.s3.eu-west-3.amazonaws.com/public_assets/property/897554/f749do.jpg,1,Professionnel,2026-09-30
907895,sarouty,"Appartement meublé à vendre à Semlalia, Marrakech – 1er étage – 80 m²",https://www.sarouty.ma/acheter/appartement-marrakech-semlalia-907895,Vente,Appartement,Marrakech,Semlalia,1 650 000 MAD,1650000,80,2,,Meublé,"L’Immobilier Sans Frontières vous propose à la vente cet appartement meublé situé au 1er étage d’un immeuble à Semlalia, Marrakech. D’une superficie de 80 m²…",https://limmobiliersansfrontieres.com/wp-content/uploads/2026/07/0-image-a-la-une-Photo-1-3.jpg,1,Professionnel,2026-09-30
896180,sarouty,"À Vendre – Élégant Appartement de 90m² à La Palmeraie 2, Marrakech",https://www.sarouty.ma/acheter/appartement-marrakech-palmeraie-896180,Vente,Appartement,Marrakech,Palmeraie,1 700 000 MAD,1700000,90,1,1,,"Dans le cadre idyllique de La Palmeraie, au cœur d’une résidence de prestige, découvrez ce somptueux appartement de 90m², alliant confort, élégance et art de…",https://sarouty-prod.s3.eu-west-3.amazonaws.com/public_assets/property/2241/b4d7c98c-8cad-11f0-a1f6-92813151c81d.png,1,Professionnel,2026-09-30
896687,sarouty,APPARTEMENT CENTRE VILLE ZONE MAJORELLE,https://www.sarouty.ma/acheter/appartement-marrakech-majorelle-896687,Vente,Appartement,Marrakech,Majorelle,1 500 000 MAD,1500000,93,2,1,Jardin,"A deux pas des Jardins Majorelle et moins de 5 min de Gueliz à pied, notre Agence Le Comptoir de l’Immobilier à Marrakech vous présente ce superbe appartemen…",https://sarouty-prod.s3.eu-west-3.amazonaws.com/public_assets/property/3444/cf5edddf-9939-11f0-8202-4e923e79becd.png,1,Professionnel,2026-09-30
907977,sarouty,"Villa moderne à Route de Sidi Abdellah Ghiyat, piscine + jardin, Marrakech : à louer",https://www.sarouty.ma/louer/villa-marrakech-sidi-abdellah-ghiat-907977,Location,Villa,Marrakech,Sidi Abdellah Ghiat,9 000 MAD,9000,4800,7,,Piscine; Jardin,"L’Immobilier Sans Frontières vous propose à la location cette villa moderne de plain-pied située sur la Route de Sidi Abdellah Ghiyat à Marrakech, à 4 km d’A…",https://limmobiliersansfrontieres.com/wp-content/uploads/2024/05/0-image-a-la-une-45-scaled.jpg,1,Professionnel,2026-09-30
902560,sarouty,Terrain à vendre 107 m² City Sport Marrakech,https://www.sarouty.ma/acheter/terrain-marrakech-route-de-casablanca-902560,Vente,Terrain,Marrakech,Route de Casablanca,750 000 MAD,750000,107,,,,Lot de terrain titré à vendre 107 m² au City Sport Marrakech Route de Casablanca en face de L’HOTEL Le Vizir Center . Les environs de Grand Stade de Marrakec…,https://sarouty-prod.s3.eu-west-3.amazonaws.com/public_assets/property/902560/518a5o.jpg,1,Professionnel,2026-09-30
907975,sarouty,"Terrain à vendre à Sidi Abdellah Ghiat km 5, Marrakech — RA — 1 hectare",https://www.sarouty.ma/acheter/terrain-marrakech-sidi-abdellah-ghiat-907975,Vente,Terrain,Marrakech,Sidi Abdellah Ghiat,1 500 000 MAD,1500000,10000,,,,"L’Immobilier Sans Frontières vous propose à la vente ce terrain RA de 1 hectare à Sidi Abdellah Ghiat km 5.

Caractéristiques du terrain :
Superficie : 1 hec…",https://limmobiliersansfrontieres.com/wp-content/uploads/2024/10/terraine-a-vendre-a-sidi-abdelah-ghiyat-1-500-000-Dhs-1-hectare-la-note-RA-scaled.jpg,1,Professionnel,2026-09-30
894123,sarouty,Villa titrée de 3300 m² à sidi Abdellah Ghiat,https://www.sarouty.ma/acheter/villa-marrakech-sidi-abdellah-ghiat-894123,Vente,Villa,Marrakech,Sidi Abdellah Ghiat,3 300 000 MAD,3300000,3300,5,2,Meublé,"L&#39;agence Stone immobilier met à la vente une belle villa meublée, titrée de 3300 m² et construite avec plan autorisé à 25 km de Marrakech dans une belle …",https://sarouty-prod.s3.eu-west-3.amazonaws.com/public_assets/property/3428/e0bb576f-4563-11f0-9e81-8a731b34700a.png,1,Professionnel,2026-09-30
888396,sarouty,APPARTEMENT DE STANDING A LA VENTE VUE SUR GOLF,https://www.sarouty.ma/acheter/appartement-marrakech-route-amizmiz-888396,Vente,Appartement,Marrakech,Route Amizmiz,2 250 000 MAD,2250000,78,2,2,Proximité Golf,"Le comptoir de l’immobilier vous présente un appartement d’exception de 78 m², situé dans une résidence golfique prisée, à seulement 20 minutes du centre-vil…",https://sarouty-prod.s3.eu-west-3.amazonaws.com/public_assets/property/3444/e2b8d7bf-bd3a-11ef-b7de-6a1df8f911c8.png,1,Professionnel,2026-09-30
906873,sarouty,Villa for rent in Amelkis,https://www.sarouty.ma/louer/villa-marrakech-amelkis-906873,Location,Villa,Marrakech,Amelkis,38 000 MAD,38000,560,3,1,Proximité Golf,"Very charming contemporary villa built on a 560 m² plot, located at Amelkis golf, south facing, comprising a double living room with fireplace opening onto t…",https://mluxury.ma/media/bien_photos/bien_9853/323bc527791a41f6b8cddf86466979a8.jpg,1,Professionnel,2026-09-30
897033,sarouty,Magnifique villa moderne à louer - Marrakech,https://www.sarouty.ma/louer/villa-marrakech-route-d-ourika-897033,Location,Villa,Marrakech,Route d'Ourika,60 000 MAD,60000,1350,7,7,,"Idéalement située sur la route d’Ourika, au cœur d’un environnement paisible et prestigieux, cette villa contemporaine de 650 m² incarne l’élégance et le con…",https://sarouty-prod.s3.eu-west-3.amazonaws.com/public_assets/property/897033/858a8o.jpg,1,Professionnel,2026-09-30
899497,sarouty,Vente Villa à Marrakech,https://www.sarouty.ma/acheter/villa-marrakech-ancienne-medina-899497,Vente,Villa,Marrakech,Ancienne Médina,5 400 000 MAD,5400000,62,7,,,"Oulaya EL KHOUMMADI propose à la vente un Riad d&#39;exception situé au cœur du quartier de Dar El Bacha, l&#39;adresse la plus prestigieuse de la médina de …",https://api.app.milkiya.ma/property_images/5b28d8f0f34fb368b3b3.jpg?v2,1,Professionnel,2026-09-30
886120,sarouty,TERRAIN 6 HECTARES POUR R2 et R3 à BERRECHID,https://www.sarouty.ma/acheter/terrain-marrakech-indefini-886120,Vente,Terrain,Marrakech,indéfini,54 000 000 MAD,54000000,60000,,,,"Bonjour,
L'Agence immobilière Between Bonnes Affaires immo SARL, vous propose un terrain  de 6 hectares sur la ville de Berrchid.
Ce terrain est destiné pour…",https://sarouty-prod.s3.eu-west-3.amazonaws.com/public_assets/property/4765/d53927a2-8ad9-11ef-b688-d2c630b88034.png,1,Professionnel,2026-09-30
908233,sarouty,Plateau Bureau neuf 64 m² à Louer à Guéliz,https://www.sarouty.ma/louer/bureaux-marrakech-gueliz-908233,Location,Commercial,Marrakech,Guéliz,13 000 MAD,13000,64,,1,Ascenseur,"Très Beau Plateau Neuf 64 m² à Louer en plein centre de Guéliz Vue directement sur  Boulevard Med 5.
Situé au 3ème étage avec ascenseur. Avec une  très belle…",https://sarouty-prod.s3.eu-west-3.amazonaws.com/public_assets/property/908233/afd56o.jpg,1,Professionnel,2026-09-30
902804,sarouty,Riad titré à vendre 162 m² Ancienne Médina,https://www.sarouty.ma/acheter/riad-marrakech-ancienne-medina-902804,Vente,Riad,Marrakech,Ancienne Médina,6 400 000 MAD,6400000,162,6,4,,"À seulement 5 minutes à pied de la mythique place Jemaa El-Fna, au cœur du quartier prisé de Derb Dabachi, découvrez ce magnifique Riad titré de 162 m², une …",https://sarouty-prod.s3.eu-west-3.amazonaws.com/public_assets/property/902804/579cdo.jpg,1,Professionnel,2026-09-30
906883,sarouty,Apartment for Sale in Hivernage,https://www.sarouty.ma/acheter/appartement-marrakech-hivernage-906883,Vente,Appartement,Marrakech,Hivernage,3 500 000 MAD,3500000,96,1,1,,"Very lovely 96 m² apartment for sale unfurnished, located in Hivernage on the 1st floor in a beautiful secure building with a shared rooftop swimming pool. C…",https://mluxury.ma/media/bien_photos/bien_9837/767eb9ddad854d4699a775b5cf7d9985.jpg,1,Professionnel,2026-09-30
907946,sarouty,"Maison d’hôtes meublée à vendre à Sidi Abdellah Ghiat km 11, 10 400 m², Marrakech",https://www.sarouty.ma/acheter/villa-marrakech-sidi-abdellah-ghiat-907946,Vente,Villa,Marrakech,Sidi Abdellah Ghiat,5 200 000 MAD,5200000,10400,5,,Meublé,"L’Immobilier Sans Frontières vous propose à la vente cette maison d’hôtes meublée, située à Sidi Abdellah Ghiat km 11, Marrakech. La superficie communiquée e…",https://limmobiliersansfrontieres.com/wp-content/uploads/2025/09/0-image-a-la-une-10-scaled.jpg,1,Professionnel,2026-09-30
896280,sarouty,Sublime appartement à louer - Marrakech,https://www.sarouty.ma/louer/appartement-marrakech-hivernage-896280,Location,Appartement,Marrakech,Hivernage,37 000 MAD,37000,140,2,2,,"Au sein du très recherché quartier de l’Hivernage, cet appartement moderne de 140 m² conjugue élégance et confort dans un environnement exclusif.

Il se comp…",https://sarouty-prod.s3.eu-west-3.amazonaws.com/public_assets/property/2459/5cf0c133-8ef5-11f0-ae30-5e544fca71db.png,1,Professionnel,2026-09-30
906961,sarouty,Villa for sale in Bab Atlas,https://www.sarouty.ma/acheter/villa-marrakech-bab-atlas-906961,Vente,Villa,Marrakech,Bab Atlas,17 890 000 MAD,17890000,4800,7,1,Spa,"Luxurious unfurnished villa for sale located in Bab Atlas, set on a 4800 m² plot including 1000 m² of living space, comprising a beautiful entrance with pati…",https://mluxury.ma/media/bien_photos/bien_8698/1.jpeg,1,Professionnel,2026-09-30
907496,sarouty,"Appartement meublé à louer à Majorelle, 87 m², Marrakech",https://www.sarouty.ma/louer/appartement-marrakech-majorelle-907496,Location,Appartement,Marrakech,Majorelle,11 000 MAD,11000,87,2,,Meublé; Ascenseur,"L’Immobilier Sans Frontières vous propose à la location cet appartement meublé de 87 m², situé au 1er étage d’un immeuble avec ascenseur, dans le quartier de…",https://limmobiliersansfrontieres.com/wp-content/uploads/2026/05/0-image-a-la-une-Photo-1-1.jpg,1,Professionnel,2026-09-30
894982,sarouty,Riad traditionnel à vendre – Bab Taghzout,https://www.sarouty.ma/acheter/riad-marrakech-bab-taghazout-894982,Vente,Riad,Marrakech,Bab Taghazout,4 125 000 MAD,4125000,70,,4,Calme absolu,"Chestertons Maroc vous propose un riad situé dans le quartier calme et authentique de Bab Taghzout, ce riad traditionnel allie charme marocain et confort mod…",https://sarouty-prod.s3.eu-west-3.amazonaws.com/public_assets/property/3658/fcb3687a-6246-11f0-bfba-5edb7618b41d.png,1,Professionnel,2026-09-30
897226,sarouty,Hivernage – Un appartement avec piscine &amp; terrasse,https://www.sarouty.ma/louer/appartement-marrakech-hivernage-897226,Location,Appartement,Marrakech,Hivernage,1 350 000 MAD,1350000,45,1,1,Piscine; Terrasse,"Best Kech Immo Marrakech vous propose à la vente un appartement d’une chambre idéalement situé dans le quartier très prisé de l’Hivernage, entre Menara Mall …",https://sarouty-prod.s3.eu-west-3.amazonaws.com/public_assets/property/897226/6e4c8o.jpg,1,Professionnel,2026-09-30
907945,sarouty,"Terrain à vendre — Agricole – Sidi Abdellah Ghiat, Marrakech",https://www.sarouty.ma/acheter/terrain-marrakech-sidi-abdellah-ghiat-907945,Vente,Terrain,Marrakech,Sidi Abdellah Ghiat,3 915 870 MAD,3915870,55941,,,,"L’Immobilier Sans Frontières vous propose à la vente ce terrain titré situé à Sidi Abdellah Ghiat, Marrakech, d’une superficie totale de 5 hectares 5941 m². …",https://limmobiliersansfrontieres.com/wp-content/uploads/2025/09/0-image-a-la-une-33-scaled.jpg,1,Professionnel,2026-09-30
908412,sarouty,شقه للكراء الشهري في حي الشريفيه,https://www.sarouty.ma/louer/appartement-marrakech-mhamid-908412,Location,Appartement,Marrakech,Mhamid,5 500 MAD,5500,70,2,1,,قليل كراء الشهري في حي الشريفيه غرفتي نوم في الطابق الثالث يرحب بالجميع,https://sarouty-prod.s3.eu-west-3.amazonaws.com/public_assets/property/908412/bb0bfo.jpg,1,Professionnel,2026-09-30
906990,sarouty,Apartment for rent in Semlalia,https://www.sarouty.ma/louer/appartement-marrakech-semlalia-906990,Location,Appartement,Marrakech,Semlalia,7 000 MAD,7000,56,1,1,,"Sublime furnished apartment located on the 1st floor in Semlalia in a beautiful secure building, comprising a living room with fitted open-plan kitchen, a be…",https://mluxury.ma/media/bien_photos/bien_9509/1.jpg,1,Professionnel,2026-09-30
897352,sarouty,APPARTEMENT TRIANGLE D’OR GUELIZ – HIVERNAGE,https://www.sarouty.ma/acheter/appartement-marrakech-hivernage-897352,Vente,Appartement,Marrakech,Hivernage,3 200 000 MAD,3200000,120,2,2,Spa,"LE COMPTOIR DE L’IMMOBILIER à Marrakech vous présente ce magnifique appartement à la vente, composé de deux chambres spacieuses avec rangements et deux salle…",https://sarouty-prod.s3.eu-west-3.amazonaws.com/public_assets/property/897352/11b4bo.jpg,1,Professionnel,2026-09-30
901488,sarouty,"Villa contemporaine avec piscine à Route Amizmiz, Marrakech",https://www.sarouty.ma/acheter/villa-marrakech-route-amizmiz-901488,Vente,Villa,Marrakech,Route Amizmiz,6 820 000 MAD,6820000,1023,3,3,Piscine,"Découvrez cette magnifique villa contemporaine de 186 m² située sur la Route d'Amizmiz à Marrakech, offrant un cadre de vie moderne et raffiné. Dotée de 3 ch…",https://sarouty-prod.s3.eu-west-3.amazonaws.com/public_assets/property/901488/cade3o.jpg,1,Professionnel,2026-09-30
893933,sarouty,Restaurant en vente à Guéliz,https://www.sarouty.ma/acheter/restaurant-marrakech-gueliz-893933,Vente,Villa,Marrakech,Guéliz,2 800 000 MAD,2800000,110,,2,,"L&#39;agence Stone immobilier met à la vente un restaurant en plein centre de Guéliz
Le restaurant est totalement équipée et en plein activité, il se compose…",https://sarouty-prod.s3.eu-west-3.amazonaws.com/public_assets/property/3428/5d1341a6-3e1c-11f0-9b9f-9aaea2f4e70a.png,1,Professionnel,2026-09-30
902567,sarouty,Lot de terrain R+5 à vendre Semlalia,https://www.sarouty.ma/acheter/terrain-marrakech-semlalia-902567,Vente,Terrain,Marrakech,Semlalia,5 750 000 MAD,5750000,230,,,Meublé,"Lot de terrain pour construire un immeuble résidentiel R5  deux façades à vendre d'une superficie de 230 m² à Semlalia tout près D'hôtel Ayoub.
Pour plus d'i…",https://sarouty-prod.s3.eu-west-3.amazonaws.com/public_assets/property/902567/0c142o.jpg,1,Professionnel,2026-09-30
907360,sarouty,Appartement meublé de 204 m² à louer à Hivernage — 3 chambres,https://www.sarouty.ma/louer/appartement-marrakech-hivernage-907360,Location,Appartement,Marrakech,Hivernage,19 500 MAD,19500,204,3,,Meublé; Spa,"L’Immobilier Sans Frontières vous propose à la location longue durée ce spacieux appartement meublé situé à Hivernage, Marrakech, au 3ᵉ étage d’une résidence…",https://limmobiliersansfrontieres.com/wp-content/uploads/2026/08/0-image-a-la-une-Photo-1-39.jpg,1,Professionnel,2026-09-30
882213,sarouty,"Appartement duplex de 220 m2 à louer au circuit de la palmeraie,",https://www.sarouty.ma/louer/appartement-marrakech-palmeraie-882213,Location,Appartement,Marrakech,Palmeraie,12 500 MAD,12500,220,5,2,Jardin,"A louer dans le complexe jardin de  la palmeraie à 100m de l'hôtel ROTANA :
-DUPLEX 220M2
-RDC 1living+s.a.m.
Salon marocain. 
Vestiaire. 
Cuisine avec chamb…",https://sarouty-prod.s3.eu-west-3.amazonaws.com/properties-recovered/95e368b4-ebe8-4894-aff7-e7de38d1e6e6.jpeg,1,Professionnel,2026-09-30
907346,sarouty,"Riad neuf titré de 86 m² dans la Médina – 3 suites, piscine et cuisine d’été",https://www.sarouty.ma/acheter/villa-marrakech-medina-907346,Vente,Riad,Marrakech,Médina,3 900 000 MAD,3900000,86,3,,Piscine,"L’Immobilier Sans Frontières vous propose un riad neuf titré de 86 m² à vendre dans la Médina. Réparti entre le rez-de-chaussée, le premier étage et la terra…",https://limmobiliersansfrontieres.com/wp-content/uploads/2026/08/0-image-a-la-une-Photo-1-54.jpg,1,Professionnel,2026-09-30
908276,sarouty,RIAD TRADITIONNEL 5 CHAMBRES POSSIBILITÉ 7 TITRÉ À VENDRE - DERB DABACHI,https://www.sarouty.ma/acheter/villa-marrakech-medina-908276,Vente,Riad,Marrakech,Médina,7 560 000 MAD,7560000,270,5,,,"Ce riad d&#39;habitation titré, de 270 m² habitables sur 162 m² au sol, situé à Derb Dabachi à seulement 5 minutes de la place Jemaa El Fna, offre un cadre d…",https://ma.immotech.app/uploads/media/property/0002/64/thumb_163367_property_big.jpeg,1,Professionnel,2026-09-30
901265,sarouty,Un appartement de prestige au coeur de la Palmeraie,https://www.sarouty.ma/acheter/appartement-marrakech-palmeraie-901265,Vente,Appartement,Marrakech,Palmeraie,1 490 000 MAD,1490000,75,2,1,,"Dans l'un des domaines les plus prisés de Marrakech, cet appartement raffiné s'inscrit dans un cadre naturel d'exception, au sein d'une résidence sécurisée d…",https://sarouty-prod.s3.eu-west-3.amazonaws.com/public_assets/property/901265/eef4eo.jpg,1,Professionnel,2026-09-30
908055,sarouty,"Villa à vendre – Targa, Marrakech",https://www.sarouty.ma/acheter/villa-marrakech-targa-908055,Vente,Villa,Marrakech,Targa,3 800 000 MAD,3800000,290,5,4,Garage,"e vends une villa en très bon état à Targa, Marrakech, disponible immédiatement.
- Surface habitable : 290 m²
- Surface totale : 290 m²
- Balcon
- Garage
- P…",https://sarouty-prod.s3.eu-west-3.amazonaws.com/public_assets/property/908055/664bfo.jpg,1,Professionnel,2026-09-30
893033,sarouty,Élégant appartement à La Palmeraie village 2,https://www.sarouty.ma/acheter/appartement-marrakech-palmeraie-893033,Vente,Appartement,Marrakech,Palmeraie,2 200 000 MAD,2200000,116,2,2,,"Au cœur d’un domaine prestigieux à La Palmeraie, cet appartement de charme séduit par son ambiance raffinée et ses prestations de qualité. Le vaste salon lum…",https://sarouty-prod.s3.eu-west-3.amazonaws.com/public_assets/property/2241/613c4bf4-2737-11f0-b709-aef09014c5fe.png,1,Professionnel,2026-09-30
907736,sarouty,"Duplex à vendre – Parking sous-sol titré – Hivernage, Marrakech",https://www.sarouty.ma/acheter/appartement-marrakech-hivernage-907736,Vente,Appartement,Marrakech,Hivernage,4 560 000 MAD,4560000,190,3,,Meublé; Parking,"L’Immobilier Sans Frontières vous propose ce duplex à vendre à l’Hivernage, Marrakech, situé au 3ème étage d’un immeuble moderne. Le texte indique une proxim…",https://limmobiliersansfrontieres.com/wp-content/uploads/2025/02/0-image-a-la-une-4-scaled.jpg,1,Professionnel,2026-09-30
905509,sarouty,Vente Bureau à Marrakech,https://www.sarouty.ma/acheter/bureaux-marrakech-massira-905509,Vente,Commercial,Marrakech,Massira,1 250 000 MAD,1250000,108,,,,"Mohamed OUZIRAR vous propose à la vente un bureau d’exception, idéalement situé sur un boulevard principal au cœur du quartier Massira 1. 

Niché au 3ᵉ étage…",https://api.app.milkiya.ma/property_images/c318555a9b27debbef9c.jpeg?v2,1,Professionnel,2026-09-30
896740,sarouty,Appartement de 2 Chambres - Guéliz,https://www.sarouty.ma/acheter/appartement-marrakech-gueliz-896740,Vente,Appartement,Marrakech,Guéliz,2 100 000 MAD,2100000,102,2,2,,"Chestertons Maroc vous propose cet élégant appartement de 102 m² au cœur de Marrakech. Doté de deux chambres confortables et de trois pièces bien aménagées, …",https://sarouty-prod.s3.eu-west-3.amazonaws.com/public_assets/property/3658/28db78bc-9d13-11f0-8921-367b5c6828bc.png,1,Professionnel,2026-09-30
908324,sarouty,Appartement à Vendre – Targa Marrakech,https://www.sarouty.ma/acheter/appartement-marrakech-targa-908324,Vente,Appartement,Marrakech,Targa,550 000 MAD,550000,54,2,1,,"Je vends un appartement de type studio à Targa, Marrakech, dans un bon état et disponible immédiatement.
- Surface habitable : 54 m²
- Frais de syndic mensue…",https://sarouty-prod.s3.eu-west-3.amazonaws.com/public_assets/property/908324/1bf19o.jpg,1,Professionnel,2026-09-30
897552,sarouty,Résidence neuve haut standing à Guéliz – Marrakech,https://www.sarouty.ma/acheter/appartement-marrakech-gueliz-897552,Vente,Appartement,Marrakech,Guéliz,1 450 000 MAD,1450000,58,1,1,,"Nouveau programme immobilier idéalement situé à Guéliz, l’un des quartiers les plus recherchés de Marrakech. Emplacement stratégique proche des commerces, re…",https://sarouty-prod.s3.eu-west-3.amazonaws.com/public_assets/property/897552/18ea6o.jpg,1,Professionnel,2026-09-30
907921,sarouty,"Appartement meublé à louer – Ascenseur – Semlalia, Marrakech",https://www.sarouty.ma/louer/appartement-marrakech-semlalia-907921,Location,Appartement,Marrakech,Semlalia,6 800 MAD,6800,80,2,,Meublé; Ascenseur,"L’Immobilier Sans Frontières vous propose cet appartement entièrement meublé à louer à Semlalia, Marrakech. Situé au 2ème étage, il se trouve dans un quartie…",https://limmobiliersansfrontieres.com/wp-content/uploads/2025/08/0-image-a-la-une-32-scaled.jpg,1,Professionnel,2026-09-30
907640,sarouty,"Appartement à louer – Jacuzzi – Route d’Amizmiz, Marrakech",https://www.sarouty.ma/louer/appartement-marrakech-route-amizmiz-907640,Location,Appartement,Marrakech,Route Amizmiz,9 000 MAD,9000,96,2,,Jardin; Meublé; Jacuzzi,L’Immobilier Sans Frontières vous propose à la location cet appartement meublé situé en rez-de-jardin d’une résidence sécurisée sur la Route d’Amizmiz à Marr…,https://limmobiliersansfrontieres.com/wp-content/uploads/2025/10/0-image-a-la-une-6-scaled.jpg,1,Professionnel,2026-09-30
897204,sarouty,APPARTEMENT DE PRESTIGE À L'HIVERNAGE,https://www.sarouty.ma/acheter/appartement-marrakech-hivernage-897204,Vente,Appartement,Marrakech,Hivernage,4 200 000 MAD,4200000,179,3,3,,"Au cœur du quartier le plus prisé de Marrakech, découvrez ce somptueux appartement de 179 m² alliant élégance et confort dans une résidence de standing avec …",https://sarouty-prod.s3.eu-west-3.amazonaws.com/public_assets/property/897204/fa53co.jpg,1,Professionnel,2026-09-30
896546,sarouty,Villa luxueuse 5 suites Résidence Misk – Marrakech,https://www.sarouty.ma/acheter/villa-marrakech-route-amizmiz-896546,Vente,Villa,Marrakech,Route Amizmiz,7 500 000 MAD,7500000,300,5,5,,"Best Kech Immo Marrakech vous propose à la vente une superbe villa contemporaine située dans la prestigieuse Résidence Misk, route d’Amizmiz, au sein d’un en…",https://sarouty-prod.s3.eu-west-3.amazonaws.com/public_assets/property/4492/e22f200e-9500-11f0-841f-9e5256e33ba7.png,1,Professionnel,2026-09-30
896532,sarouty,Villas à Vendre – Plain-Pied - Route de l’Ourika - Marrakech,https://www.sarouty.ma/acheter/villa-marrakech-route-d-ourika-896532,Vente,Villa,Marrakech,Route d'Ourika,4 100 000 MAD,4100000,200,5,5,,"Noble Homes &amp; Estates vous présente un projet de villas contemporaines de plain-pied à vendre, niché au cœur de la nature sur la route de l’Ourika, à Mar…",https://sarouty-prod.s3.eu-west-3.amazonaws.com/public_assets/property/3274/64883833-58da-11f0-b00e-ca39497feca7.png,1,Professionnel,2026-09-30
907967,sarouty,"Villa à louer à Souihla km16, Marrakech — Piscine privée — 1 hectare",https://www.sarouty.ma/louer/villa-marrakech-route-de-casablanca-907967,Location,Villa,Marrakech,Route de Casablanca,50 000 MAD,50000,10000,5,,Piscine; Jardin; Meublé,"L’Immobilier Sans Frontières vous propose cette villa meublée à louer sur la route d’Agadir (Souihla), avec jardin privé, piscine privée (3×8 mètres) et équi…",https://limmobiliersansfrontieres.com/wp-content/uploads/2025/02/0-image-a-la-une-copy-3-scaled.jpg,1,Professionnel,2026-09-30
907648,sarouty,"Appartement meublé à louer — Piscine collective – Prestigia, Marrakech",https://www.sarouty.ma/louer/appartement-marrakech-route-amizmiz-907648,Location,Appartement,Marrakech,Route Amizmiz,15 000 MAD,15000,93,2,,Piscine; Meublé; Calme absolu,"L’IMMOBILIER SANS FRONTIÈRES vous propose cet appartement meublé à louer à Prestigia, Marrakech, au 1er étage d’une résidence calme et sécurisée. Le texte me…",https://limmobiliersansfrontieres.com/wp-content/uploads/2025/09/0-image-a-la-une-21-scaled.jpg,1,Professionnel,2026-09-30
901243,sarouty,"VILLA DE CHARME ALLIANT PRESTIGE &amp; ART DE VIVRE À AMELKIS, MARRAKECH",https://www.sarouty.ma/acheter/villa-marrakech-amelkis-901243,Vente,Villa,Marrakech,Amelkis,14 000 000 MAD,14000000,1190,3,3,,"Au cœur du très recherché Amelkis, à Marrakech, cette élégante villa de caractère édifiée sur un terrain de 1 190 m² développe environ 400 m² habitables, dan…",https://sarouty-prod.s3.eu-west-3.amazonaws.com/public_assets/property/901243/dcc67o.jpg,1,Professionnel,2026-09-30
908008,sarouty,"Bureau de 73 m² à louer à Guéliz – Espace ouvert, balcon, climatisation centrale et parking en sous-sol",https://www.sarouty.ma/louer/bureaux-marrakech-gueliz-908008,Location,Commercial,Marrakech,Guéliz,10 500 MAD,10500,73,,,Climatisation; Parking; Spa,"L’Immobilier Sans Frontières vous propose à la location ce bureau de 73 m² situé au 1er étage à Guéliz. Il se compose d’un espace ouvert, d’une kitchenette, …",https://limmobiliersansfrontieres.com/wp-content/uploads/2026/09/0-image-a-la-une-Photo-1-11.jpg,1,Professionnel,2026-09-30
908331,sarouty,مراكش طريق امزميز,https://www.sarouty.ma/louer/appartement-marrakech-chrifia-908331,Location,Appartement,Marrakech,Chrifia,4 500 MAD,4500,70,2,1,,شقه للكراء الشهري للمدى الطويل نرحب بكم للعائلات لا تفوت الفرصه,https://sarouty-prod.s3.eu-west-3.amazonaws.com/public_assets/property/908331/6387bo.jpg,1,Professionnel,2026-09-30
